Date,Close,High,Low,Open,Volume
2018-05-16,14.608477592468262,14.63179535705545,14.583216835258511,14.612363577713381,6200
2018-05-17,14.670658111572266,14.748383376472502,14.58321695691994,14.592932846672031,57100
2018-05-18,14.557955741882324,14.617221185013927,14.5249220883869,14.602647350843906,47500
2018-05-21,14.588074684143066,14.675514910932547,14.505491475598921,14.670657892687213,31100
2018-05-22,14.524922370910645,14.68037289884832,14.524922370910645,14.68037289884832,27500
2018-05-23,14.59293270111084,14.600704671588392,14.388903651143304,14.447197135957893,13400
2018-05-24,14.631795883178711,14.660942626681624,14.5443547261117,14.65122673666123,29500
2018-05-25,14.602648735046387,14.670659041061707,14.58321788086937,14.602648735046387,23500
2018-05-29,14.447196960449219,14.573500744757435,14.398618439321716,14.534638113167079,43200
2018-05-30,14.62208080291748,14.653170540834543,14.534639641008047,14.55407049556663,17400
2018-05-31,14.579328536987305,14.680371556217294,14.573499559673952,14.651224816534228,20400
2018-06-01,14.80667781829834,14.811535763488182,14.660943168836305,14.670659059215987,37700
2018-06-04,15.005846977233887,15.005846977233887,14.855254402262375,14.962126402797288,47500
2018-06-05,15.119523048400879,15.156442691161336,15.020423003441667,15.049569748467912,44100
2018-06-06,15.214734077453613,15.214734077453613,15.117577965280592,15.175871447272767,23300
2018-06-07,15.069002151489258,15.28274619258164,14.98156098624312,15.28274619258164,19600
2018-06-08,15.10786247253418,15.137009214295094,14.990302619365053,15.030137210132933,16700
2018-06-11,15.185588836669922,15.212792587828204,15.107863568629604,15.166157056380701,40100
2018-06-12,15.195304870605469,15.282745103059549,15.195304870605469,15.224451614756829,36000
2018-06-13,15.235136032104492,15.389615511157627,15.224449110537117,15.292458477889749,43800
2018-06-14,15.350753784179688,15.409047266315458,15.311891153903108,15.350753784179688,52700
2018-06-15,15.302175521850586,15.350754042152229,15.156440887503864,15.350754042152229,28200
2018-06-18,15.302175521850586,15.311891411222556,15.156440887503864,15.292459632478614,22600
2018-06-19,15.195304870605469,15.21473572452028,14.982530951281499,15.15644223621756,22400
2018-06-20,15.23416805267334,15.302177433657599,15.23416805267334,15.28274565248591,17600
2018-06-21,15.054428100585938,15.282745974818845,15.010707518585841,15.282745974818845,19400
2018-06-22,14.971841812133789,15.166154955315125,14.918405350299615,15.166154955315125,14500
2018-06-25,14.548240661621094,14.89411837676025,14.438453699130172,14.89411837676025,28200
2018-06-26,14.636652946472168,14.684260437094647,14.55115570839392,14.66094267159757,11700
2018-06-27,14.291748046875,14.73866882387709,14.291748046875,14.709522078534741,33800
2018-06-28,14.520063400268555,14.543381163123481,14.269399765973503,14.28202968036099,11200
2018-06-29,14.55406665802002,14.651223684870004,14.538521793160282,14.58321432200986,8700
2018-07-02,14.57544231414795,14.583215210330334,14.34032355496797,14.34032355496797,14800
2018-07-03,14.62208080291748,14.758099564502533,14.565729378925111,14.643454650276091,5400
2018-07-05,14.767814636230469,14.767814636230469,14.58321735864683,14.651226735668445,8700
2018-07-06,14.975728988647461,14.981558893013771,14.74838310264239,14.767813955227558,7300
2018-07-09,15.098146438598633,15.098146438598633,14.913549173801902,15.030137066287976,10900
2018-07-10,15.146726608276367,15.214735987993352,15.098148082810674,15.214735987993352,147500
2018-07-11,15.04471206665039,15.081631710057344,14.895091426752911,15.030139157161242,14000
2018-07-12,15.331323623657227,15.331323623657227,15.10786370762501,15.10786370762501,10500
2018-07-13,15.339096069335938,15.341039062013849,15.282744648885238,15.282744648885238,5800
2018-07-16,15.302175521850586,15.389616673081902,15.253597001548941,15.389616673081902,5200
2018-07-17,15.318692207336426,15.321607159432803,15.117578117292236,15.117578117292236,9500
2018-07-18,15.34298324584961,15.350756143722963,15.2944047188974,15.350756143722963,4700
2018-07-19,15.23416805267334,15.311893324243442,15.21862225711266,15.311893324243442,5400
2018-07-20,15.195304870605469,15.26331424914474,15.195304870605469,15.205019834283728,4200
2018-07-23,15.195304870605469,15.195304870605469,15.067058084469537,15.195304870605469,6000
2018-07-24,15.11758041381836,15.34978427297088,15.093290686922346,15.282745923919556,5700
2018-07-25,15.350753784179688,15.350753784179688,15.156440632796793,15.214734114932565,275000
2018-07-26,15.219592094421387,15.292459410537216,15.122435055228152,15.243880890940599,6000
2018-07-27,14.91160774230957,15.234168651212839,14.836797420287642,15.234168651212839,7400
2018-07-30,14.59293270111084,14.816392603830494,14.534638289738014,14.816392603830494,16800
2018-07-31,14.60944938659668,14.695919511992123,14.563785814633802,14.59293348516539,6400
2018-08-01,14.602648735046387,14.66482913621779,14.57350199050171,14.612364625414047,6700
2018-08-02,14.708549499511719,14.708549499511719,14.45691387267153,14.534639141350548,6900
2018-08-03,14.738667488098145,14.758098341045898,14.631795480489892,14.690088965891395,14200
2018-08-06,14.771699905395508,14.77752888282414,14.699803624426707,14.738666253625423,3400
2018-08-07,14.902863502502441,14.952413989476124,14.835826079954234,14.835826079954234,3800
2018-08-08,14.894118309020996,14.961156652445421,14.894118309020996,14.903834198963894,2500
2018-08-09,14.942696571350098,15.004876968717705,14.86497130628015,14.86497130628015,3300
2018-08-10,14.845539093017578,14.88440172441717,14.767813830218394,14.88440172441717,4600
2018-08-13,14.816391944885254,14.95435460686665,14.806676055662182,14.921320954131485,6300
2018-08-14,14.859140396118164,14.864970300210874,14.767813262169959,14.767813262169959,5400
2018-08-15,14.655111312866211,14.728950587427873,14.573500068282172,14.728950587427873,6400
2018-08-16,14.717292785644531,14.834852643161067,14.699804925252918,14.834852643161067,7700
2018-08-17,14.767814636230469,14.81639315977088,14.602648212128035,14.81639315977088,200600
2018-08-20,14.8261079788208,14.8261079788208,14.719235049440252,14.719235049440252,2900
2018-08-21,14.908690452575684,14.949496073836624,14.898974563735033,14.949496073836624,1600
2018-08-22,14.903836250305176,14.97476058884537,14.903836250305176,14.903836250305176,7900
2018-08-23,14.991275787353516,15.107863690353337,14.93298137257446,14.93298137257446,75500
2018-08-24,15.225422859191895,15.267200446542349,15.19336116221286,15.19336116221286,12100
2018-08-27,15.370185852050781,15.447911118753172,15.321608255280488,15.321608255280488,19900
2018-08-28,15.415848731994629,15.447910426236023,15.389616942101611,15.399332831643422,5300
2018-08-29,15.583930969238281,15.583930969238281,15.4644271961195,15.468313181298605,11000
2018-08-30,15.42848014831543,15.583931607099213,15.389617515259049,15.583931607099213,73200
2018-08-31,15.379901885986328,15.457627153416238,15.379901885986328,15.39156076875664,13700
2018-09-04,15.409049987792969,15.409049987792969,15.326466768049986,15.389619132501984,7400
2018-09-05,15.156440734863281,15.447910000621338,15.07094257705577,15.447910000621338,5200
2018-09-06,14.969902038574219,15.156443252074036,14.955328202242587,15.156443252074036,3600
2018-09-07,15.053457260131836,15.083575039475374,15.010707710728598,15.010707710728598,3000
2018-09-10,15.11758041381836,15.11758041381836,15.05248505760705,15.059285995826267,2700
2018-09-11,15.18170166015625,15.2050184974924,15.10786238334352,15.10786238334352,2200
2018-09-12,15.256510734558105,15.256510734558105,15.039850866355378,15.195302304210497,3600
2018-09-13,15.350753784179688,15.39933230366496,15.350753784179688,15.36046967338838,3300
2018-09-14,15.436253547668457,15.447912431320267,15.36824416516486,15.447912431320267,2500
2018-09-17,15.166155815124512,15.457626009699807,15.166155815124512,15.457626009699807,23000
2018-09-18,15.292460441589355,15.350754854347276,15.292460441589355,15.294403434254908,173500
2018-09-19,15.22445011138916,15.243880963385234,15.17587159156168,15.17587159156168,3300
2018-09-20,15.364355087280273,15.364355087280273,15.283714877650661,15.302174695837659,7300
2018-09-21,15.365325927734375,15.515919423309613,15.331321243752273,15.515919423309613,9900
2018-09-24,15.331323623657227,15.331323623657227,15.20501983029012,15.282745099045526,4500
2018-09-25,15.399332046508789,15.418762898043502,15.360469416881184,15.418762898043502,11900
2018-09-26,15.44791030883789,15.47705797724181,15.428479456460162,15.47705797724181,3600
2018-09-27,15.44791030883789,15.467342087773837,15.389616825146488,15.467342087773837,4700
2018-09-28,15.382816314697266,15.447910737510949,15.370185472726757,15.370185472726757,1400
2018-10-01,15.414877891540527,15.496489140971493,15.387674141730205,15.467342398540183,5000
2018-10-02,15.18170166015625,15.360469947935385,15.18170166015625,15.360469947935385,8200
2018-10-03,15.292460441589355,15.302176331475385,15.253597808603493,15.277887533318568,5900
2018-10-04,14.96115779876709,15.273030847986965,14.88148953355934,15.273030847986965,8300
2018-10-05,14.874687194824219,15.049568577938023,14.712434800609824,14.923264790570236,26500
2018-10-08,14.699804306030273,14.864970719422832,14.524922003247985,14.806676309642665,241100
2018-10-09,14.568643569946289,14.679402492783652,14.524922991276712,14.622080038666498,7900
2018-10-10,13.893404006958008,14.612363143186716,13.893404006958008,14.612363143186716,16400
2018-10-11,13.773902893066406,13.874945931600088,13.621367302140557,13.835111336061813,9300
2018-10-12,14.160584449768066,14.160584449768066,13.980845129361779,14.048854501779488,17300
2018-10-15,14.04399585723877,14.136294948461947,13.914777129526321,14.136294948461947,4600
2018-10-16,14.398619651794434,14.398619651794434,14.164472809516571,14.164472809516571,3200
2018-10-17,14.437480926513672,14.534637967796948,14.320893032908668,14.534637967796948,54800
2018-10-18,14.02942180633545,14.369470499320714,13.990559177984974,14.369470499320714,700
2018-10-19,13.903120994567871,14.10520613564124,13.849684525303426,14.078002384469022,3600
2018-10-22,14.000275611877441,14.000275611877441,13.815678351664078,14.000275611877441,19700
2018-10-23,13.93032455444336,13.93032455444336,13.593190768660268,13.728238489586836,6600
2018-10-24,13.145296096801758,13.846767314381529,13.145296096801758,13.79624580571425,10700
2018-10-25,13.514492988586426,13.543639730883053,13.291033086715238,13.291033086715238,16700
2018-10-26,13.244399070739746,13.35904398696869,12.970417623425663,13.038427005406108,10000
2018-10-29,12.805252075195312,13.339613130479936,12.639113667833769,13.32018227423462,9500
2018-10-30,13.082146644592285,13.087004589606364,12.805250264697698,12.805250264697698,36600
2018-10-31,13.514492988586426,13.514492988586426,13.427051835138315,13.514492988586426,2900
2018-11-01,13.757387161254883,13.757387161254883,13.427054266873377,13.59222071406413,23000
2018-11-02,13.660228729248047,13.883688633999332,13.61359319972579,13.815679258911244,15600
2018-11-05,13.593191146850586,13.63982575242076,13.553356552610994,13.590276194452983,1200
2018-11-06,13.650513648986816,13.796248297548642,13.621366904586111,13.740868834596492,6000
2018-11-07,14.087715148925781,14.087715148925781,13.815676771003476,13.815676771003476,21100
2018-11-08,13.910892486572266,14.097433679478051,13.893404626151638,14.097433679478051,8800
2018-11-09,13.69909381866455,13.844828484722477,13.572790009020425,13.844828484722477,8100
2018-11-12,13.294919967651367,13.294919967651367,13.242455457359481,13.242455457359481,5600
2018-11-13,13.432881355285645,13.432881355285645,13.310463558648399,13.310463558648399,1100
2018-11-14,13.368757247924805,13.446482505344052,13.291031990505557,13.42899372016192,7100
2018-11-15,13.590276718139648,13.590276718139648,13.25217187685463,13.368759785110097,31900
2018-11-16,13.514492988586426,13.514492988586426,13.384303217999381,13.475630356671514,33400
2018-11-19,12.853827476501465,13.504777263947146,12.853827476501465,13.504777263947146,11300
2018-11-20,12.740153312683105,12.9218365418379,12.558470083528311,12.59150373485033,17100
2018-11-21,12.999563217163086,13.038425850073779,12.969444514509604,13.009279107030322,6100
2018-11-23,12.989845275878906,12.989845275878906,12.942238720229252,12.980129387546048,1300
2018-11-26,13.271601676940918,13.271601676940918,13.131696012840816,13.21330819072486,14900
2018-11-27,13.203590393066406,13.232737131963061,13.116149249818317,13.125865138303244,21300
2018-11-28,13.669943809509277,13.718522332084637,13.320180114771539,13.475630645766088,80300
2018-11-29,13.689375877380371,13.718522620915945,13.514493563050383,13.601934720215377,39400
2018-11-30,13.796247482299805,13.825394224978169,13.601934320180305,13.699091364519177,19300
2018-12-03,14.087715148925781,14.126577774343254,13.978899241822013,14.116861886349366,4000
2018-12-04,13.514492988586426,13.980845498123605,13.514492988586426,13.980845498123605,4200
2018-12-06,13.477574348449707,13.477574348449707,13.193877021782992,13.291034072052172,2200
2018-12-07,13.24245548248291,13.65537155428032,13.24245548248291,13.553356559338232,1400
2018-12-10,13.349327087402344,13.368758867390161,13.096719506910322,13.24245507714415,22900
2018-12-11,13.465913772583008,13.553354921521564,13.31532119749893,13.524208180728106,26400
2018-12-12,13.708806991577148,13.747669625883033,13.649541543752546,13.649541543752546,7600
2018-12-13,13.524209976196289,13.708807261139485,13.47563145071914,13.708807261139485,13500
2018-12-14,13.274517059326172,13.436768534180924,13.261886216749879,13.359043265668967,17000
2018-12-17,12.814964294433594,13.184159749578523,12.776101663710875,13.164728897496266,12200
2018-12-18,12.979158401489258,13.039394870942534,12.921835957299868,12.981101393851219,2400
2018-12-19,12.771246910095215,13.164731231751729,12.771246910095215,13.087005956524724,24000
2018-12-20,12.5234956741333,12.766387360335248,12.368044216655125,12.737239690869073,6800
2018-12-21,12.207736015319824,12.543898768879075,12.19316310681731,12.543898768879075,2100
2018-12-24,11.897807121276855,12.105722168489333,11.891977216523804,12.105722168489333,3400
2018-12-26,12.397192001342773,12.397192001342773,11.843398321595679,11.843398321595679,26600
2018-12-27,12.27088737487793,12.27088737487793,12.241740633687881,12.241740633687881,600
2018-12-28,12.539453506469727,12.752350238515353,12.490623673168823,12.58828333977063,8600
2018-12-31,12.55898380279541,12.694730150280156,12.549218582054854,12.694730150280156,7800
2019-01-02,12.705471992492676,12.783599338547011,12.392961676923907,12.392961676923907,8300
2019-01-03,12.373430252075195,12.568748616358455,12.373430252075195,12.549217245605842,2500
2019-01-04,12.871495246887207,12.930090301728736,12.50038981793497,12.519921192431612,10800
2019-01-07,13.115642547607422,13.184003750503466,12.89102570311086,12.93985553290155,10700
2019-01-08,13.242598533630371,13.291427427648898,13.047279232150451,13.223066230941798,9700
2019-01-09,13.374438285827637,13.428151188614569,13.362719090104097,13.362719090104097,8000
2019-01-10,13.44768238067627,13.457447600179359,13.242597869488895,13.398852557755198,11800
2019-01-11,13.467214584350586,13.486746887268186,13.340257409440579,13.389087235383114,22600
2019-01-14,13.350024223327637,13.410573247754883,13.271896870483486,13.359790375271034,11000
2019-01-15,13.555108070373535,13.574639441918917,13.379321069707778,13.379321069707778,10100
2019-01-16,13.545342445373535,13.628352873208454,13.520927997155058,13.545342445373535,13300
2019-01-17,13.643001556396484,13.711362753760815,13.437917032952033,13.447683184390213,50500
2019-01-18,13.848085403442383,13.945744118999727,13.72112823500156,13.72112823500156,15100
2019-01-22,13.594172477722168,13.838320688986789,13.535576497223994,13.838320688986789,9000
2019-01-23,13.613701820373535,13.789488804304847,13.49651080820312,13.711361462857903,22000
2019-01-24,13.750425338745117,13.764097577134761,13.633234324826148,13.74065918808069,10800
2019-01-25,14.004341125488281,14.053170952541256,13.838320272319057,13.848086423999948,14200
2019-01-28,13.8910551071167,13.906680389779968,13.800231579980943,13.906680389779968,13300
2019-01-29,13.701595306396484,13.848084770059499,13.682063936718906,13.838318619545023,12900
2019-01-30,14.023872375488281,14.075632233865502,13.774841097901064,13.779724173699027,12800
2019-01-31,14.209425926208496,14.277787126581217,14.033638917991212,14.033638917991212,13200
2019-02-01,14.304153442382812,14.346146212793956,14.304153442382812,14.336380993716578,8700
2019-02-04,14.464314460754395,14.512167294788055,14.307082789006701,14.307082789006701,4000
2019-02-05,14.63814926147461,14.639125317780778,14.531700448961654,14.541466600131967,4600
2019-02-06,14.629356384277344,14.697718498116416,14.578574456823013,14.697718498116416,3000
2019-02-07,14.344193458557129,14.512167337646837,14.258253940833063,14.512167337646837,102500
2019-02-08,14.386187553405762,14.386187553405762,14.307083221341394,14.31684937223357,1400
2019-02-11,14.521933555603027,14.521933555603027,14.474080721206176,14.50240218561205,1200
2019-02-12,14.697721481323242,14.697721481323242,14.590295679779523,14.590295679779523,10100
2019-02-13,14.663540840148926,14.766082634392976,14.663540840148926,14.766082634392976,5400
2019-02-14,14.68795394897461,14.727017619130738,14.629357978064737,14.649867266396713,9800
2019-02-15,14.729950904846191,14.7660845516021,14.71823170807506,14.736787025350054,2100
2019-02-19,14.879368782043457,14.879368782043457,14.658658960973746,14.658658960973746,2700
2019-02-20,14.834444999694824,14.94187080939007,14.795381322901513,14.912573284632966,19300
2019-02-21,14.814911842346191,14.873506884801946,14.76510596312366,14.85397551443383,4300
2019-02-22,14.95847225189209,15.008278134351775,14.941869980621705,14.966284428006528,7900
2019-02-25,15.137188911437988,15.234848567278188,15.088359083517886,15.215316263569548,67500
2019-02-26,15.137188911437988,15.137188911437988,15.060037615680958,15.078592931663566,4600
2019-02-27,15.088359832763672,15.088359832763672,14.951637425419941,15.078593680424392,26700
2019-02-28,15.039527893066406,15.078591565593147,15.002418195814709,15.019996522478746,5900
2019-03-01,15.098125457763672,15.186018963044202,15.088359305765499,15.117656830408503,7700
2019-03-04,14.971168518066406,15.234849038174184,14.785616283856568,15.234849038174184,10900
2019-03-05,15.039527893066406,15.078591565593147,14.961400548012925,15.068826345975026,123100
2019-03-06,14.912574768066406,15.029765810103958,14.912574768066406,15.029765810103958,16700
2019-03-07,14.68795394897461,14.912570750885868,14.668422579572226,14.912570750885868,17000
2019-03-08,14.580531120300293,14.629360016284966,14.521935141226596,14.560998816825231,19500
2019-03-11,15.019996643066406,15.019996643066406,14.687954958247614,14.687954958247614,7700
2019-03-12,15.039527893066406,15.117655238119887,14.990699000921545,15.117655238119887,6400
2019-03-13,15.195785522460938,15.283678098746464,15.146955692512396,15.146955692512396,19000
2019-03-14,15.142072677612305,15.204574748436992,15.13718960146255,15.195785583908053,7100
2019-03-15,15.195785522460938,15.273912877837988,15.137189540252379,15.137189540252379,10900
2019-03-18,15.186017036437988,15.303208051493835,15.107889693067424,15.283675749975496,102500
2019-03-19,15.365711212158203,15.391102647138428,15.29344299526019,15.352038972657425,37300
2019-03-20,15.332508087158203,15.43016774806461,15.225083205242397,15.43016774806461,20100
2019-03-21,15.654783248901367,15.654783248901367,15.391102745948192,15.391102745948192,18100
2019-03-22,15.30320930480957,15.654783310122026,15.30320930480957,15.654783310122026,31100
2019-03-25,15.227033615112305,15.234846721919679,15.12644487098107,15.146953228580115,18700
2019-03-26,15.273910522460938,15.469228880783682,15.273910522460938,15.332505564282062,37600
2019-03-27,15.145002365112305,15.352039946124945,15.060037959660882,15.352039946124945,6700
2019-03-28,15.156721115112305,15.20848004316589,15.111797375689829,15.142071887427509,5600
2019-03-29,15.37157154083252,15.391103845269258,15.293444185788637,15.293444185788637,53700
2019-04-01,15.654783248901367,15.664549400422183,15.478996246932585,15.498527618622743,21900
2019-04-02,15.635251998901367,15.70361320144829,15.576656017181483,15.70361320144829,14100
2019-04-03,15.79345989227295,15.859867115974481,15.771973613475799,15.859867115974481,20700
2019-04-04,15.645017623901367,15.879399680180043,15.537591816260015,15.879399680180043,53600
2019-04-05,15.77197265625,15.7915049584427,15.732909914567461,15.7915049584427,10200
2019-04-08,15.833498001098633,15.840334120712095,15.723144030967871,15.732910182230372,11300
2019-04-09,15.732908248901367,15.88916292449433,15.723142098838974,15.88916292449433,45500
2019-04-10,15.859865188598633,15.908695941109823,15.83056673709192,15.83056673709192,3700
2019-04-11,15.869634628295898,15.97706044338321,15.859868475769494,15.97706044338321,23200
2019-04-12,15.996591567993164,16.01612387387903,15.918464207152905,15.996591567993164,12100
2019-04-15,15.94288158416748,16.05518955644675,15.85401014527049,16.05518955644675,26200
2019-04-16,16.064945220947266,16.064945220947266,15.977051758689274,16.016114484858313,14600
2019-04-17,16.096202850341797,16.25050357372866,16.072764459255968,16.25050357372866,25800
2019-04-18,16.11280059814453,16.172371684123913,16.030767183725594,16.172371684123913,12900
2019-04-22,16.19190788269043,16.239760719297067,16.074715931927237,16.123546687538095,11800
2019-04-23,16.504417419433594,16.53371587306931,16.30909998330415,16.318864271813172,10500
2019-04-24,16.436059951782227,16.54348577677729,16.406761491500855,16.54348577677729,7700
2019-04-25,16.377466201782227,16.44582741852793,16.2309776140838,16.44582741852793,10400
2019-04-26,16.289569854736328,16.33058657767831,16.152847444929716,16.279803702221123,15900
2019-04-29,16.42336082458496,16.436057008036627,16.367695808993755,16.436057008036627,9100
2019-04-30,16.406755447387695,16.43702995304791,16.31886196162612,16.406755447387695,7200
2019-05-01,16.349140167236328,16.533717274188064,16.349140167236328,16.533717274188064,8800
2019-05-02,16.299333572387695,16.387227069191507,16.123546578780072,16.338396313910028,21000
2019-05-03,16.509300231933594,16.509300231933594,16.34816154264997,16.34816154264997,22600
2019-05-06,16.39699363708496,16.39699363708496,16.11378083736122,16.11378083736122,12100
2019-05-07,15.937994003295898,16.211440654528996,15.87939895756842,16.20167450312393,27200
2019-05-08,16.10401725769043,16.128431708499114,15.996591438888377,16.113783410554543,13100
2019-05-09,15.986824035644531,16.104014121787305,15.645992259058298,16.104014121787305,18400
2019-05-10,15.990731239318848,16.01612174343049,15.859867042534812,15.908697800754064,5200
2019-05-13,15.459464073181152,15.664549531427546,15.412587290570379,15.664549531427546,17200
2019-05-14,15.66454792022705,15.723142961112158,15.459462483075026,15.469228633673005,46100
2019-05-15,15.850099563598633,15.878421959804962,15.625483682708374,15.625483682708374,26600
2019-05-16,15.986824035644531,16.079599675732798,15.801270892765165,15.801270892765165,7900
2019-05-17,15.625486373901367,15.889166903509704,15.625486373901367,15.801273393640258,9800
2019-05-20,15.37157154083252,15.49852872561671,15.312976490225376,15.49852872561671,10200
2019-05-21,15.557125091552734,15.596188770038834,15.508295260607216,15.508295260607216,10400
2019-05-22,15.498526573181152,15.557122547002022,15.430165379849642,15.557122547002022,10900
2019-05-23,15.106914520263672,15.264146213509719,14.990700478863362,15.264146213509719,10700
2019-05-24,15.117654800415039,15.234846745953593,15.098123430392873,15.117654800415039,8700
2019-05-28,15.104961395263672,15.258286068104836,15.104961395263672,15.107891427098002,8100
2019-05-29,14.883275032043457,15.039529741353384,14.883275032043457,15.039529741353384,36000
2019-05-30,14.990697860717773,15.039526749148672,14.902804371379997,14.902804371379997,4400
2019-05-31,14.810029983520508,14.91940883316192,14.780732459885916,14.780732459885916,5000
2019-06-03,14.521933555603027,14.893038898945473,14.521933555603027,14.893038898945473,19100
2019-06-04,14.948705673217773,14.951635704852693,14.648891536634283,14.648891536634283,14000
2019-06-05,15.088359832763672,15.117657358429966,14.980934951086233,15.117657358429966,2300
2019-06-06,15.132306098937988,15.132306098937988,15.029764296737055,15.049295669434201,2600
2019-06-07,15.421377182006836,15.43993249726574,15.353015053044388,15.353015053044388,4000
2019-06-10,15.635251998901367,15.716309385550737,15.566889865002913,15.625485846722798,22800
2019-06-11,15.488762855529785,15.674315094300997,15.423331683448248,15.654784652211582,30300
2019-06-12,15.430166244506836,15.430166244506836,15.384266450504828,15.393055614232624,1700
2019-06-13,15.452627182006836,15.462393333121847,15.430165779523458,15.456533269912267,4200
2019-06-14,15.382314682006836,15.449698897075125,15.333484852262737,15.449698897075125,3400
2019-06-17,15.425285339355469,15.459465942746283,15.400870888748198,15.459465942746283,10000
2019-06-18,15.723140716552734,15.796384041527563,15.508290090825149,15.508290090825149,4500
2019-06-19,15.80127239227295,15.859867440904884,15.64501768745245,15.859867440904884,25800
2019-06-20,16.064945220947266,16.08838360172954,15.948729372947046,16.035646779293895,8700
2019-06-21,15.908698081970215,16.006355874729074,15.889165778337244,15.937994674716673,124500
2019-06-24,15.923347473144531,15.977060380476704,15.898933023276214,15.918463465548994,4000
2019-06-25,15.586421012878418,15.947760234511042,15.586421012878418,15.947760234511042,3900
2019-06-26,15.770018577575684,15.859864176136313,15.770018577575684,15.859864176136313,15700
2019-06-27,15.87389087677002,15.90132711046672,15.775903526873266,15.775903526873266,5200
2019-06-28,15.928764343261719,15.934642201598797,15.825876591492424,15.825876591492424,2500
2019-07-01,16.089460372924805,16.285435058364353,16.089460372924805,16.285435058364353,7700
2019-07-02,16.148250579833984,16.174707477712836,16.040466194585935,16.040466194585935,8400
2019-07-03,16.256032943725586,16.308944857867743,16.187442387086215,16.187442387086215,5300
2019-07-05,16.288372039794922,16.306011218171047,16.142373169654388,16.256037284011345,12800
2019-07-08,16.158050537109375,16.246238956396667,16.069862117822083,16.246238956396667,10400
2019-07-09,16.256032943725586,16.305025664481565,16.15804563326113,16.167844551202826,9900
2019-07-10,16.349124908447266,16.460830364728054,16.285434725590992,16.285434725590992,13100
2019-07-11,16.461807250976562,16.510801848534424,16.383417763836782,16.471606170488137,38400
2019-07-12,16.471603393554688,16.471603393554688,16.373616083911358,16.461804475695107,18900
2019-07-15,16.548038482666016,16.56469646043786,16.4716076511862,16.4716076511862,3100
2019-07-16,16.3834171295166,16.60878853165142,16.3834171295166,16.60878853165142,14500
2019-07-17,16.452011108398438,16.500024508388027,16.38341866803184,16.38341866803184,9800
2019-07-18,16.354022979736328,16.38341786950784,16.259954846980744,16.38341786950784,9800
2019-07-19,16.37361717224121,16.510800162441214,16.334423367150215,16.47160448839761,13300
2019-07-22,16.466707229614258,16.47650614887852,16.393216269608665,16.403015188872928,7100
2019-07-23,16.540197372436523,16.540197372436523,16.41281515180654,16.510802481727303,7900
2019-07-24,16.7116756439209,16.7116756439209,16.393217289357125,16.393217289357125,8700
2019-07-25,16.569595336914062,16.745972169805647,16.540198575114463,16.745972169805647,18100
2019-07-26,16.804763793945312,16.804763793945312,16.628386961373913,16.628386961373913,10600
2019-07-29,16.677379608154297,16.863553470517992,16.54999552448147,16.863553470517992,11100
2019-07-30,16.569595336914062,16.58429278333736,16.557837753566027,16.559796416314196,7100
2019-07-31,16.30502700805664,16.530398401381806,16.12865020847723,16.530398401381806,12000
2019-08-01,16.187442779541016,16.564692719156245,16.11885222123871,16.265832256022588,29100
2019-08-02,15.797457695007324,16.040466436292743,15.687712776467057,16.040466436292743,8000
2019-08-05,15.236969947814941,15.44274256717426,15.144862355207412,15.44274256717426,9900
2019-08-06,15.383952140808105,15.432945806454043,15.207576252749758,15.315361569589662,57600
2019-08-07,15.486838340759277,15.501535785758334,15.129185249334155,15.129185249334155,6900
2019-08-08,15.776878356933594,15.776878356933594,15.579924381832262,15.658313865593009,4300
2019-08-09,15.697510719299316,15.754341837745242,15.560328645190856,15.697510719299316,7400
2019-08-12,15.481938362121582,15.628918414045204,15.481938362121582,15.628918414045204,4000
2019-08-13,15.717107772827148,15.717107772827148,15.369253612280723,15.472139461858719,26500
2019-08-14,15.192878723144531,15.462342497565928,15.138985594469652,15.355536506064068,6500
2019-08-15,15.186016082763672,15.236969336349828,15.127223507673385,15.139962288308062,3600
2019-08-16,15.46234130859375,15.49173806805223,15.26636758458603,15.26636758458603,5400
2019-08-19,15.687713623046875,15.732787164315004,15.628921031744385,15.628921031744385,23500
2019-08-20,15.664193153381348,15.726903991057528,15.657334097105746,15.726903991057528,2500
2019-08-21,15.844488143920898,15.883681947746869,15.815091389337011,15.854287062115526,2500
2019-08-22,15.824892044067383,15.824892044067383,15.653415629225874,15.756301478130778,4100
2019-08-23,15.295762062072754,15.77589881168908,15.295762062072754,15.638716749730651,13600
2019-08-26,15.46234130859375,15.589724462817875,15.40452898992574,15.589724462817875,4700
2019-08-27,15.481938362121582,15.805294289458274,15.432944699988248,15.677912076178538,52300
2019-08-28,15.442743301391602,15.498596019005182,15.364353817382616,15.384930986849248,9100
2019-08-29,15.736703872680664,15.754341180046639,15.579924899945455,15.579924899945455,5500
2019-08-30,15.775897026062012,15.811171635149721,15.678889047642091,15.775897026062012,10800
2019-09-03,15.581886291503906,15.707309850405801,15.525053303340652,15.707309850405801,5000
2019-09-04,15.844488143920898,15.84938666854194,15.751401224500743,15.799414615387642,20500
2019-09-05,16.06985855102539,16.1776447882201,16.002247319981628,16.040463663756032,11300
2019-09-06,16.079660415649414,16.148250990447625,16.060062574577643,16.060062574577643,10400
2019-09-09,16.011066436767578,16.031643604832166,15.967951569366852,16.020865355220135,4800
2019-09-10,15.952274322509766,15.971870289881863,15.833709842384009,15.971870289881863,40400
2019-09-11,15.991470336914062,16.056141710563693,15.99147033691406,16.050261985062964,5500
2019-09-12,16.10905647277832,16.212921661801108,16.069860792348877,16.079659712456237,7300
2019-09-13,16.046344757080078,16.1090574758817,16.040466899811978,16.071822324736274,5200
2019-09-16,16.0600643157959,16.0600643157959,15.971875890364606,15.98167481196288,7800
2019-09-17,16.053203582763672,16.07966048142349,15.962077172417864,15.962077172417864,7600
2019-09-18,15.981669425964355,16.02870348620381,15.795495585199319,16.001267262556222,17100
2019-09-19,16.055164337158203,16.177648042627258,16.001271207719334,16.001271207719334,10900
2019-09-20,15.939538955688477,16.148250537282134,15.913082057879338,16.148250537282134,1800
2019-09-23,15.913079261779785,15.94247601739716,15.865065869204901,15.932677098858035,7100
2019-09-24,15.570127487182617,15.981671838497904,15.51133490300819,15.981671838497904,14400
2019-09-25,15.756302833557129,15.756302833557129,15.452543785870304,15.608342503968275,4500
2019-09-26,15.795498847961426,15.854290500928627,15.721028548691592,15.854290500928627,10700
2019-09-27,15.366314888000488,15.756302748517983,15.366314888000488,15.756302748517983,4800
2019-09-30,15.649496078491211,15.649496078491211,15.540730500219022,15.599523083532263,7400
2019-10-01,15.46234130859375,15.700450574720575,15.413347643972713,15.700450574720575,7600
2019-10-02,15.18797779083252,15.354555686522342,15.12134681945187,15.354555686522342,6300
2019-10-03,15.415308952331543,15.415308952331543,15.080193540324336,15.178179940027746,2000
2019-10-04,15.585805892944336,15.58874575590322,15.43294610175284,15.43294610175284,1800
2019-10-07,15.641655921936035,15.697508636149857,15.639696325126547,15.639696325126547,4000
2019-10-08,15.374151229858398,15.530931126517968,15.36435324557919,15.530931126517968,51300
2019-10-09,15.539751052856445,15.539751052856445,15.442743991971566,15.447643451750771,4500
2019-10-10,15.536810874938965,15.57992481185446,15.484878284390346,15.484878284390346,1300
2019-10-11,15.811172485351562,15.918958718513496,15.811172485351562,15.812151816503194,11000
2019-10-14,15.844488143920898,15.864085980310156,15.746500830927156,15.864085980310156,4500
2019-10-15,16.001270294189453,16.001270294189453,15.904264161900096,15.904264161900096,13300
2019-10-16,15.805294036865234,15.932678117061936,15.805294036865234,15.932678117061936,36500
2019-10-17,15.785697937011719,15.81509282531205,15.756301179758673,15.81509282531205,12400
2019-10-18,15.577964782714844,15.77589902348775,15.530931653150837,15.77589902348775,7300
2019-10-21,15.778841018676758,15.778841018676758,15.628920152904836,15.628920152904836,3600
2019-10-22,15.541711807250977,15.756303115387981,15.541711807250977,15.726906354523605,6900
2019-10-23,15.548568725585938,15.569145894674376,15.539750072330369,15.539750072330369,1200
2019-10-24,15.714167594909668,15.714167594909668,15.614220675555678,15.614220675555678,2100
2019-10-25,15.849387168884277,15.88074445567801,15.71710644146224,15.71710644146224,6000
2019-10-28,16.011066436767578,16.025763879970114,15.92287803964717,16.011066436767578,24400
2019-10-29,15.913079261779785,16.0404633338358,15.90328034324066,16.0404633338358,17400
2019-10-30,16.099254608154297,16.1149313822965,15.952274571332012,15.971870539009766,13100
2019-10-31,15.991470336914062,16.109055502164665,15.873887040616257,16.109055502164665,4500
2019-11-01,16.1678466796875,16.17078654235229,16.099256114018235,16.128651002760638,1700
2019-11-04,16.491207122802734,16.491207122802734,16.265837538348578,16.324629197564196,58100
2019-11-05,16.216840744018555,16.412815406906052,16.17764693281279,16.412815406906052,16800
2019-11-06,16.19038200378418,16.2217374193505,16.167844305964888,16.2217374193505,2400
2019-11-07,16.314828872680664,16.466709337287707,16.30502995216218,16.30502995216218,3900
2019-11-08,16.434370040893555,16.44515015997842,16.406933815483384,16.406933815483384,5800
2019-11-11,16.51080322265625,16.559795955338767,16.432413728992454,16.559795955338767,20700
2019-11-12,16.57939338684082,16.657782878570092,16.57939338684082,16.57939338684082,10200
2019-11-13,16.556854248046875,16.60878870689069,16.510801383487696,16.569593029948393,15400
2019-11-14,16.491207122802734,16.554899177175656,16.46181035871835,16.46181035871835,11500
2019-11-15,16.68227767944336,16.68227767944336,16.622506702168728,16.65778131600449,8700
2019-11-18,16.73617172241211,16.804762291400845,16.655821702195112,16.74597064211805,11000
2019-11-19,16.78516387939453,16.794962798766196,16.716573312745634,16.78516387939453,12700
2019-11-20,16.721473693847656,16.84395738246867,16.67737949118598,16.76556789650933,9000
2019-11-21,16.6724796295166,16.744991261335638,16.664641241356154,16.677380023831503,3200
2019-11-22,16.77046775817871,16.77046775817871,16.659743511551838,16.707756911994828,9100
2019-11-25,16.97134017944336,16.99387788165028,16.90274961049121,16.90274961049121,3900
2019-11-26,16.976242065429688,16.99191884316604,16.914508678995563,16.914508678995563,6200
2019-11-27,17.059526443481445,17.075205086822407,17.000734801619885,17.069325361950472,1800
2019-11-29,16.9635009765625,17.00563464719447,16.93214555639782,16.93214555639782,18600
2019-12-02,16.70090103149414,17.059532606039518,16.65582561646313,17.059532606039518,11700
2019-12-03,16.63328742980957,16.63328742980957,16.435354092452762,16.559796459595,10300
2019-12-04,16.745969772338867,16.755768691535856,16.689136788577443,16.706774095550923,3200
2019-12-05,16.73617172241211,16.77536740123586,16.69697791254119,16.77536740123586,4700
2019-12-06,16.87335205078125,16.90862853382058,16.85375608126245,16.892949889252794,2700
2019-12-09,16.78516387939453,16.960561358927656,16.78516387939453,16.892950123530095,8100
2019-12-10,16.790061950683594,16.89294778642288,16.790061950683594,16.85375398331137,7500
2019-12-11,16.843957901000977,16.853756820666646,16.75576949296279,16.804762222338304,18700
2019-12-12,17.010530471801758,17.03012643604522,16.90274425817765,16.90274425817765,8300
2019-12-13,17.16927146911621,17.205527280828974,16.990936010915682,16.990936010915682,8800
2019-12-16,17.23100471496582,17.324093516051313,17.216307270142973,17.304495676985653,13400
2019-12-17,17.29469871520996,17.343693318420296,17.26530382223677,17.26530382223677,9700
2019-12-18,17.34467124938965,17.410321956542546,17.30449623868681,17.373086808690264,18100
2019-12-19,17.479890823364258,17.479890823364258,17.392681759443775,17.392681759443775,5000
2019-12-20,17.587682723999023,17.631776940426334,17.53966931239314,17.53966931239314,9700
2019-12-23,17.66704750061035,17.686643469920966,17.611193848455112,17.637650743215346,9100
2019-12-24,17.64745330810547,17.72584280840045,17.583761255067945,17.72584280840045,7600
2019-12-26,17.711139678955078,17.76405159347831,17.69056251181507,17.70623928547269,4700
2019-12-27,17.716039657592773,17.8336248144387,17.70232154504014,17.8336248144387,4700
2019-12-30,17.514766693115234,17.771022554693758,17.46763879089083,17.771022554693758,11500
2019-12-31,17.574657440185547,17.574657440185547,17.461747852131186,17.515748497000995,5900
2020-01-02,17.96542739868164,17.977208440291726,17.63356944545907,17.63356944545907,13900
2020-01-03,17.85938835144043,17.916332854621277,17.721931646692422,17.721931646692422,9400
2020-01-06,17.898662567138672,17.917318223896874,17.643387938450232,17.67284335153493,20500
2020-01-07,18.00666046142578,18.05575093457676,17.908477642442307,17.967386584759787,20300
2020-01-08,18.09502410888672,18.16375151770305,17.983095811950932,18.026296700070386,9100
2020-01-09,18.306119918823242,18.34048362963773,18.163754903916484,18.163754903916484,40500
2020-01-10,18.271751403808594,18.40724176824612,18.271751403808594,18.301204935230047,26900
2020-01-13,18.448482513427734,18.505427013774316,18.271753810891965,18.271753810891965,24600
2020-01-14,18.46811866760254,18.49757407732129,18.340482304184597,18.49757407732129,26300
2020-01-15,18.433752059936523,18.546661637077044,18.416079565957535,18.487752699586633,13200
2020-01-16,18.639938354492188,18.674302061482148,18.56630076940994,18.57611923893301,7800
2020-01-17,18.635026931762695,18.703754341126523,18.576117991262482,18.703754341126523,37200
2020-01-21,18.571210861206055,18.664483512254556,18.536845281681266,18.664483512254556,43500
2020-01-22,18.75284767150879,18.831393553866334,18.75284767150879,18.75284767150879,16800
2020-01-23,18.767574310302734,18.782301077930615,18.620301015979315,18.723392134737555,15200
2020-01-24,18.68412208557129,18.988487175384137,18.60557619553308,18.87066740398595,18700
2020-01-27,18.25604248046875,18.374843515705304,18.104842184357537,18.26193393614829,18600
2020-01-28,18.509355545043945,18.536846512343644,18.31102731732992,18.32084578746291,43400
2020-01-29,18.487754821777344,18.576119174496895,18.38957199956878,18.56630070500788,31100
2020-01-30,18.379756927490234,18.379756927490234,18.14411923424212,18.320847972348684,38600
2020-01-31,18.1077880859375,18.448481270664402,18.10484235806947,18.448481270664402,14400
2020-02-03,18.458297729492188,18.492661433228193,18.271752444262834,18.271752444262834,24500
2020-02-04,18.900121688842773,18.92859394025502,18.684120972278528,18.684120972278528,11800
2020-02-05,18.944303512573242,19.17503286580137,18.851030860665627,19.17503286580137,28500
2020-02-06,19.00812530517578,19.067034258219238,18.880487055452804,18.92957941022389,23900
2020-02-07,18.851032257080078,18.968850155303357,18.841213786781186,18.968850155303357,33400
2020-02-10,19.027759552001953,19.027759552001953,18.703757515243897,18.703757515243897,24300
2020-02-11,19.21626853942871,19.35961481856595,19.165213623324426,19.194667158169754,25000
2020-02-12,19.513761520385742,19.513761520385742,19.37041523633854,19.410670399532943,19600
2020-02-13,19.410669326782227,19.4793967368858,19.243759099667198,19.381213919874348,86200
2020-02-14,19.37630844116211,19.48136214178873,19.35274448674333,19.479399571318183,9900
2020-02-18,19.400854110717773,19.430309522564386,19.279107322303258,19.37139869887116,29500
2020-02-19,19.558923721313477,19.60703290794388,19.52848702959281,19.587397842867205,11000
2020-02-20,19.400854110717773,19.56776436581833,19.17503490460578,19.508855414806895,10300
2020-02-21,18.960010528564453,19.312484730485203,18.892264409794908,19.312484730485203,22900
2020-02-24,18.281570434570312,18.379751372572333,18.006658939193137,18.24229656122442,30100
2020-02-25,17.746475219726562,18.491678765219667,17.67283764712437,18.36993201098505,55500
2020-02-26,17.783790588378906,18.131354728734337,17.71702573371018,17.82011687164111,25300
2020-02-27,17.116146087646484,17.57662161707849,17.09356342130481,17.456839289587613,57100
2020-02-28,16.838287353515625,17.08374344284583,16.494648453917073,16.592831264185424,51400
2020-03-02,17.72193145751953,17.72193145751953,17.034655431842378,17.28011155658742,18500
2020-03-03,17.2211971282959,17.886873432285494,17.12203117758468,17.702290754908862,42200
2020-03-04,17.79066276550293,17.79066276550293,17.415605794270377,17.604115565164747,14200
2020-03-05,17.24083709716797,17.67284038652269,17.13283767934045,17.417565800662242,19800
2020-03-06,16.583019256591797,16.931568462472374,16.514291824432323,16.82847544155109,14500
2020-03-09,15.738648414611816,16.207959312132637,15.463736862884009,15.483373803582081,25500
2020-03-10,16.489742279052734,16.50348776189906,15.81817431720403,16.31792374347366,24300
2020-03-11,15.571736335754395,16.157886622317815,15.51282738971621,16.08228459222888,16600
2020-03-12,14.187363624572754,14.906059492348072,14.08918173785238,14.717548809153316,21400
2020-03-13,15.179007530212402,15.179007530212402,14.185401006503161,14.805914090086407,21200
2020-03-16,13.686633110046387,13.89281629238005,12.518262367716167,12.655718134718878,82500
2020-03-17,14.040090560913086,14.187363861624785,13.286048751875812,13.647360198447204,12300
2020-03-18,13.323357582092285,13.716087926703565,12.724445000394564,13.107356875713888,42600
2020-03-19,13.756341934204102,14.07936263985815,13.169211337712229,13.254629959246094,63100
2020-03-20,13.627724647521973,14.354274578132966,13.627724647521973,14.138272918426159,27000
2020-03-23,13.735725402832031,13.882999648992026,13.303723007379292,13.549179147971747,10500
2020-03-24,14.6802396774292,14.707730643733045,14.373911098371476,14.373911098371476,26700
2020-03-25,14.880532264709473,15.344934833974602,14.65078512933825,14.972823632925246,33600
2020-03-26,15.641446113586426,15.641446113586426,14.953186918618785,14.953186918618785,32800
2020-03-27,15.326278686523438,15.395007031861164,14.932567076064966,15.041549645383487,7400
2020-03-30,15.414643287658691,15.49809840125046,15.171150687896564,15.247733060475154,6200
2020-03-31,15.306645393371582,15.675810897116682,15.306645393371582,15.404827289832328,8900
2020-04-01,14.589910507202148,14.968895354093492,14.589910507202148,14.855003549374965,15000
2020-04-02,14.78627872467041,14.923733567893995,14.551622333251728,14.737187307944462,18100
2020-04-03,14.668457984924316,15.384208153216685,14.373911376629225,14.766640811916568,29000
2020-04-06,15.701335906982422,15.747481587744934,15.080822897601548,15.09064136661674,13000
2020-04-07,15.70919132232666,16.249194024959024,15.70919132232666,16.239377428342323,11300
2020-04-08,16.02730369567871,16.08228563189296,15.709193119289798,15.836829489404057,8100
2020-04-09,15.993922233581543,16.26883189901338,15.993922233581543,16.200104482655423,8100
2020-04-13,16.180469512939453,16.180469512939453,15.905559814036721,15.915376412413071,7600
2020-04-14,16.88738250732422,16.88738250732422,16.41610531408844,16.41610531408844,117100
2020-04-15,16.504467010498047,16.592831352944106,16.37683066734338,16.5535593522355,7800
2020-04-16,16.79803466796875,16.887382180800458,16.632107585599055,16.632107585599055,10600
2020-04-17,17.093563079833984,17.13283695569903,16.938435764602584,17.04447260768415,11000
2020-04-20,17.04447364807129,17.260474360469217,16.916835416400378,16.926653885965955,38700
2020-04-21,16.378795623779297,16.76956248114583,16.24919481899987,16.76956248114583,11700
2020-04-22,16.975746154785156,17.024836629702975,16.71065309579314,16.75974357071096,35600
2020-04-23,16.907014846801758,17.08276224663717,16.872651143931375,16.977706695284272,7000
2020-04-24,17.103384017944336,17.103384017944336,16.73421852038908,16.867746346780446,15800
2020-04-27,17.23101806640625,17.369456045681584,17.23101806640625,17.280110411711668,25900
2020-04-28,17.172109603881836,17.505930070547432,17.034654778554195,17.505930070547432,27700
2020-04-29,17.673824310302734,17.761207389962262,17.329204036110795,17.40774993020362,14600
2020-04-30,17.52556610107422,17.731748328381688,17.4273832854929,17.609020277075402,38300
2020-05-01,16.96003532409668,17.201564417890264,16.887380900744017,17.142653603914233,8400
2020-05-04,17.2211971282959,17.2211971282959,16.81864748900646,16.81864748900646,6900
2020-05-05,17.50592803955078,17.553055937818744,17.270290420892287,17.270290420892287,8100
2020-05-06,17.574657440185547,17.672840260614155,17.4273841458834,17.47647461975694,34000
2020-05-07,17.908475875854492,18.016477153350642,17.721928725456053,17.721928725456053,33400
2020-05-08,18.17455291748047,18.26095470154407,18.006661393212973,18.045933399229654,11000
2020-05-11,18.399389266967773,18.448481611205484,18.15393316382357,18.19320703921374,15700
2020-05-12,18.08323860168457,18.48775084324639,18.026294112656846,18.48775084324639,66900
2020-05-13,17.737640380859375,18.12447832768332,17.54520362889936,17.987023504854736,25100
2020-05-14,17.829933166503906,17.859388576324015,17.358657845472127,17.545205028969495,59600
2020-05-15,17.9948787689209,18.002734668395423,17.653204258569083,17.653204258569083,8000
2020-05-18,18.576120376586914,18.585938846711297,18.365027950616927,18.45830060777602,14100
2020-05-19,18.62520980834961,18.723392631396813,18.517210388411115,18.517210388411115,16600
2020-05-20,18.867721557617188,18.963941817274666,18.713575506874967,18.713575506874967,12900
2020-05-21,18.749902725219727,18.988486110322416,18.65466562821354,18.939395634057664,23700
2020-05-22,18.67430305480957,18.76266741253593,18.52702974949286,18.595757167128546,18900
2020-05-26,18.713573455810547,19.292850029984734,18.674301451682247,19.292850029984734,29200
2020-05-27,18.761682510375977,18.801937672014827,18.183389098118592,18.65466438039015,25600
2020-05-28,18.801939010620117,19.10728724253157,18.674302648173388,18.7626670039756,9600
2020-05-29,19.136737823486328,19.17699298177334,18.80193610647533,18.85102844805023,11000
2020-06-01,19.302669525146484,19.37139694053509,19.104341305687477,19.22412364003356,19700
2020-06-02,19.391035079956055,19.41067202061988,19.17994264952427,19.361579668960317,8500
2020-06-03,19.73467445373535,19.862310825292482,19.597217738964094,19.597217738964094,13500
2020-06-04,19.56776237487793,19.87703761341359,19.548125435644835,19.793581558013734,45500
2020-06-05,19.872127532958984,20.029219302177506,19.76412623936565,19.76412623936565,9200
2020-06-08,19.989944458007812,19.989944458007812,19.770996173741217,19.783760369756862,19000
2020-06-09,19.996824264526367,20.09795096531891,19.79358583220821,19.950677634631923,17500
2020-06-10,20.30020523071289,20.419987572607067,20.10580401235708,20.18631247287914,23400
2020-06-11,19.194665908813477,19.852488319310687,19.1553939073487,19.783760912236282,30900
2020-06-12,19.375324249267578,19.685580781095762,19.009104499107398,19.636490304407403,13000
2020-06-15,19.599180221557617,19.63648965677566,19.027757653435717,19.027757653435717,27800
2020-06-16,19.932018280029297,20.127400756757293,19.83285417768222,20.127400756757293,17900
2020-06-17,19.999765396118164,20.166675631912195,19.97030998767866,20.088127876073525,13400
2020-06-18,20.134273529052734,20.176491260376444,19.95067209122276,19.95067209122276,25300
2020-06-19,20.156858444213867,20.43176811640453,20.048857145749427,20.43176811640453,13400
2020-06-22,20.38758087158203,20.41212797708415,20.097942629860537,20.097942629860537,14800
2020-06-23,20.43177032470703,20.662499715389004,20.43177032470703,20.529953163679053,18600
2020-06-24,20.142131805419922,20.52013451494804,19.950676301056223,20.52013451494804,24000
2020-06-25,20.2246036529541,20.235403407770747,19.94183809399118,20.019400820711443,6400
2020-06-26,19.940855026245117,20.23049332800742,19.89569156377073,20.225585029498262,9000
2020-06-29,19.95268440246582,19.95268440246582,19.637227238833635,19.923109588272926,13200
2020-06-30,20.370668411254883,20.370668411254883,19.992120509789387,19.992120509789387,9600
2020-07-01,20.59148597717285,20.652606130196666,20.337147093918308,20.337147093918308,13400
2020-07-02,20.75611686706543,20.92863192588417,20.711755583330167,20.839909358413642,22500
2020-07-06,21.342666625976562,21.382099707726052,21.145506858047593,21.224371141273746,40700
2020-07-07,21.08635711669922,21.36238304657304,21.051854110499093,21.165221399481336,23300
2020-07-08,21.544757843017578,21.57926085161198,21.155364597140228,21.155364597140228,22900
2020-07-09,21.796140670776367,21.81585533409726,21.441250407177083,21.766565855385398,16400
2020-07-10,21.782339096069336,21.875004593058254,21.62855344314183,21.815854963281712,9700
2020-07-13,21.155366897583008,22.09188206768427,21.155366897583008,21.93415347402326,31200
2020-07-14,21.268735885620117,21.268735885620117,20.711755736875567,21.037071193254842,16500
2020-07-15,21.33774185180664,21.48068397565609,21.13565197612309,21.362386591714756,12800
2020-07-16,21.106077194213867,21.165224946143656,20.879342578255404,21.096218922180046,20600
2020-07-17,21.155366897583008,21.253947738689426,20.98778191205719,21.17508344185892,16600
2020-07-20,21.7567081451416,21.7567081451416,21.204658072173054,21.253947552157104,16100
2020-07-21,21.68277359008789,22.11159807619628,21.648268698304516,21.9834424217812,562200
2020-07-22,21.65812873840332,21.82473035063527,21.579264437045104,21.618697527860842,25400
2020-07-23,21.303239822387695,21.835573373992133,21.273665004970088,21.72713613734067,20700
2020-07-24,21.1455078125,21.29337811518941,20.889198410377663,20.98777923892824,55900
2020-07-27,21.456035614013672,21.456035614013672,21.253945754732577,21.27366229716804,14600
2020-07-28,21.278589248657227,21.485609171580936,21.264788045813837,21.451106164472463,7100
2020-07-29,21.74684715270996,21.786280235982908,21.539829106345707,21.618693392618695,37300
2020-07-30,21.796140670776367,21.82571360589425,21.39196092846522,21.529972973076905,138100
2020-07-31,21.796140670776367,21.89471962820009,21.500398157685936,21.89471962820009,106900
2020-08-03,22.160886764526367,22.190461579168154,21.97358524594749,21.97358524594749,58400
2020-08-04,22.37776756286621,22.38762395527894,22.151031051635005,22.151031051635005,54100
2020-08-05,22.486202239990234,22.525635326241535,22.41226802367861,22.49606051155306,33400
2020-08-06,22.66364860534668,22.66364860534668,22.365935556872767,22.476345195969543,16300
2020-08-07,22.2397518157959,22.643931561665347,22.062306682434073,22.505919515838638,32000
2020-08-10,22.131315231323242,22.308758489589046,21.963728364955685,22.308758489589046,13500
2020-08-11,21.845430374145508,22.22003718519121,21.829656763053492,22.141171010004236,25700
2020-08-12,22.220035552978516,22.298899842099267,21.973584414442055,21.973584414442055,23200
2020-08-13,22.111597061157227,22.24468090527605,22.052449312750976,22.131313604050316,51700
2020-08-14,22.032732009887695,22.111596298466782,21.993298925461673,22.07216321404076,32600
2020-08-17,22.229894638061523,22.26932772753753,22.15596041570381,22.180605156489715,10800
2020-08-18,22.45170021057129,22.476344950418557,22.284113347227482,22.358049447042415,25900
2020-08-19,22.308759689331055,22.515779655517548,22.308759689331055,22.456631899581378,47300
2020-08-20,22.55521011352539,22.55521011352539,22.091882593649377,22.180605164730153,10300
2020-08-21,22.56999969482422,22.584786164054144,22.466490649668163,22.5354966797722,17900
2020-08-24,22.772090911865234,22.910102980091747,22.69815480087337,22.890386433124128,28100
2020-08-25,23.038251876831055,23.097399620058148,22.791800753066497,22.821373684543616,214600
2020-08-26,23.771690368652344,23.797320368445515,23.255128637805164,23.27484517935246,339000
2020-08-27,23.588333129882812,23.866329634585068,23.447363411135697,23.866329634585068,36800
2020-08-28,23.80027961730957,23.831824957715146,23.688884722692666,23.718457656703446,34300
2020-08-31,23.738174438476562,23.83182519757496,23.585374050215247,23.698743232640986,37400
2020-09-01,24.171932220458984,24.211363431573634,23.861403206735485,23.866331403022333,82300
2020-09-02,24.467668533325195,24.5169598887939,24.127566641819417,24.507101617700158,41200
2020-09-03,23.299489974975586,24.191643739377756,23.117116665884897,24.191643739377756,51600
2020-09-04,22.94953155517578,23.4128590360434,22.343261957348897,23.205840974466284,76100
2020-09-08,22.269325256347656,22.673504977259572,22.06230532011768,22.318614732449895,53700
2020-09-09,22.82926368713379,22.94953159170905,22.46648756698712,22.545351859181046,41600
2020-09-10,22.49409294128418,23.135850898089284,22.358051408222654,22.988965828965647,30600
2020-09-11,22.401424407958984,22.801659326377376,22.16088671929738,22.624216079707914,19500
2020-09-14,22.76222801208496,22.949531409662146,22.643930634595943,22.73265319764445,25000
2020-09-15,22.989948272705078,23.14669159546414,22.969246466323547,23.09740211749089,15600
2020-09-16,22.854894638061523,23.195983703107995,22.804618015107906,23.195983703107995,12700
2020-09-17,22.525636672973633,22.650832780733175,22.27918550998765,22.298902054292085,18300
2020-09-18,22.41719627380371,22.594641401819718,22.22989287420092,22.594641401819718,21400
2020-09-21,22.36199188232422,22.36199188232422,21.865146642596272,22.082022980810024,33300
2020-09-22,22.647876739501953,22.673506742594206,22.24961044612809,22.456630398476417,11700
2020-09-23,22.123428344726562,22.722797402006893,22.111599545825324,22.712941009725814,127000
2020-09-24,22.139198303222656,22.366918156744884,21.904575967805627,22.03273160958886,9400
2020-09-25,22.496061325073242,22.54535268466988,21.924294715664015,22.1806041447472,19400
2020-09-28,22.896297454833984,22.929815202302525,22.72772533468381,22.841092637955473,12300
2020-09-29,22.993892669677734,23.057968613829363,22.91502837818317,22.96924605086385,20600
2020-09-30,23.17034912109375,23.302447693747304,23.018535887074137,23.077683631718116,19900
2020-10-01,23.46904945373535,23.52129848169178,23.30442026517364,23.41285937343271,26700
2020-10-02,23.138805389404297,23.393142401280304,23.07768523424305,23.07768523424305,23300
2020-10-05,23.541015625,23.541015625,23.26006143334015,23.274849782561848,21800
2020-10-06,23.393142700195312,23.767749501043507,23.363569765578333,23.541013014099367,22400
2020-10-07,23.851545333862305,23.861403606874607,23.639597164781136,23.639597164781136,13100
2020-10-08,23.984628677368164,24.063492979477672,23.91069257152094,24.053634706679826,19100
2020-10-09,24.2310791015625,24.30008512872424,24.171931346891466,24.171931346891466,16200
2020-10-12,24.610610961914062,24.784113150915434,24.43809591622589,24.536674867891715,23700
2020-10-13,24.704265594482422,24.792988169121614,24.576111809044296,24.635259565379332,44400
2020-10-14,24.48935890197754,24.802845572078795,24.40359400020378,24.802845572078795,22800
2020-10-15,24.26952362060547,24.26952362060547,23.98462651939191,24.162071653241302,22600
2020-10-16,24.3227596282959,24.526820042396103,24.309943685880583,24.43809934948726,16300
2020-10-19,24.122638702392578,24.516962059970957,24.02898793911793,24.447954156203558,34500
2020-10-20,24.148271560668945,24.339517907945982,24.053633650184953,24.22122051984099,35900
2020-10-21,24.080249786376953,24.378948093423624,24.053632640136875,24.22121950275569,18900
2020-10-22,24.031944274902344,24.162070449204407,23.75789072236536,24.162070449204407,30000
2020-10-23,24.240938186645508,24.240938186645508,23.928438647334787,24.053634763589788,35100
2020-10-26,23.684940338134766,24.10785135275626,23.442434001660494,24.043773527452657,23200
2020-10-27,23.85647201538086,23.876186678326455,23.723388169064552,23.826897200552885,37500
2020-10-28,23.054027557373047,23.452293860062564,22.998822736861726,23.452293860062564,59600
2020-10-29,23.40300178527832,23.550872104322124,23.16640889875361,23.264989738207188,89100
2020-10-30,22.781944274902344,23.255130018493734,22.65378862750905,23.255130018493734,28500
2020-11-02,22.92981719970703,23.205843188417116,22.70308257341297,23.087545798891874,12800
2020-11-03,23.343854904174805,23.383286113262695,23.057970647126528,23.057970647126528,8400
2020-11-04,24.32965850830078,24.44795401065152,23.889988606511345,24.01420132833466,45700
2020-11-05,24.970428466796875,25.024648016349992,24.800871096840865,24.901422451101237,48100
2020-11-06,25.157733917236328,25.177450460559836,24.79298538684372,24.940855701223892,38300
2020-11-09,24.6746883392334,25.640776338191163,24.664830068190206,25.640776338191163,184000
2020-11-10,23.994482040405273,25.46333054180931,23.767747453269116,25.46333054180931,54300
2020-11-11,24.507108688354492,24.51696696229249,24.1374318769104,24.162076621618642,26600
2020-11-12,24.250795364379883,24.694406339660937,24.21136227487586,24.516963077712433,49000
2020-11-13,24.6352596282959,24.6737055759982,24.398666722078236,24.6352596282959,35100
2020-11-16,24.82650375366211,24.90142511594167,24.615540871439496,24.620470947529867,48200
2020-11-17,24.81270408630371,24.8817101136593,24.64511721403733,24.704264968874515,34900
2020-11-18,24.67764663696289,24.94085477139943,24.669758891763717,24.842275819003163,36200
2020-11-19,24.980289459228516,24.990147731155215,24.56625143967273,24.714121758026987,22700
2020-11-20,24.9605712890625,25.14787468291975,24.950713017778117,25.049293850348935,46200
2020-11-23,25.04436683654785,25.202095423994297,24.891566444839636,25.138017597758843,24000
2020-11-24,25.279972076416016,25.2957456869592,25.020706867574887,25.216881394789354,16300
2020-11-25,25.31546401977539,25.345036956259122,25.18730836076863,25.236599722030142,24500
2020-11-27,25.650636672973633,25.685139684264307,25.4633332686292,25.571772378555938,44400
2020-11-30,25.59148597717285,25.65063560572991,25.231667531345987,25.65063560572991,55400
2020-12-01,25.749221801757812,25.887233869917996,25.621066126803292,25.72950525479967,60300
2020-12-02,25.828081130981445,25.828081130981445,25.512622081275786,25.640777731528438,65800
2020-12-03,25.857654571533203,26.044957974652124,25.798506821175202,25.818223364718897,53300
2020-12-04,26.26183319091797,26.28154973361938,26.005523776618638,26.005523776618638,57800
2020-12-07,26.330839157104492,26.35055569976622,26.22240193301099,26.25197486673058,46400
2020-12-08,26.350557327270508,26.399848686969236,26.192828736780807,26.340699055330763,59400
2020-12-09,25.906944274902344,26.40970482150093,25.80836344375641,26.350555194649594,46300
2020-12-10,26.192829132080078,26.21254567625713,25.72950162555823,25.84779713007425,29400
2020-12-11,26.03510093688965,26.07453402584608,25.798508043970564,25.985811455967276,24800
2020-12-14,26.123825073242188,26.2125476484411,26.069605512812487,26.123825073242188,35800
2020-12-15,26.291410446166992,26.311126990699115,26.104107033658195,26.25197735710275,35800
2020-12-16,26.56743621826172,26.59700915455237,26.400834614749943,26.47871364884344,35400
2020-12-17,26.71530532836914,26.799097817754916,26.626582762976508,26.69558878488787,53900
2020-12-18,26.772480010986328,26.825712417004993,26.65615504787126,26.825712417004993,31800
2020-12-21,26.65615463256836,26.684742301265974,26.22240012527774,26.449134709437864,306500
2020-12-22,26.79416847229004,26.813885014925276,26.567433872803804,26.666012825433995,47400
2020-12-23,26.735021591186523,27.001187404297138,26.735021591186523,26.991329132659995,145200
2020-12-24,26.666015625,26.809943016856238,26.56743666202037,26.764596468252826,38800
2020-12-28,26.5625057220459,26.873034710100043,26.534903312465367,26.873034710100043,50900
2020-12-29,26.616724014282227,26.8730334341266,26.528001450479444,26.71530484964899,22500
2020-12-30,26.848861694335938,26.90813017648214,26.77773838529385,26.789593212189736,35900
2020-12-31,26.868623733520508,26.868623733520508,26.738231916852186,26.84886694090738,24200
2021-01-04,26.61178970336914,27.076063001059154,26.325321877652442,27.056306209469447,79500
2021-01-05,27.006912231445312,27.006912231445312,26.57227229952277,26.62166427139526,43500
2021-01-06,26.54263687133789,26.967396490701887,26.522880084173725,26.680930613265197,58800
2021-01-07,27.105695724487305,27.164964209757464,26.680934164476945,26.769837834437773,65000
2021-01-08,27.560091018676758,27.560091018676758,27.226209555998157,27.441554046271513,38200
2021-01-11,27.313135147094727,27.531443331125907,27.125449420645097,27.24398827001094,31600
2021-01-12,27.35264778137207,27.39413590619118,27.12544848493419,27.362526175487723,37200
2021-01-13,27.382280349731445,27.471184010291527,27.253864997872977,27.36252544613774,61300
2021-01-14,27.481063842773438,27.64899277883232,27.40203857192873,27.629235990093374,49600
2021-01-15,27.105695724487305,27.411918429846168,27.036548844320254,27.352649944576008,40600
2021-01-19,27.639116287231445,27.639116287231445,27.33289357714071,27.451432433623914,54700
2021-01-20,28.29107666015625,28.320711846742608,28.044122424270498,28.044122424270498,41100
2021-01-21,28.478761672973633,28.508396858796175,28.231807443452837,28.379979604343063,45400
2021-01-22,28.320709228515625,28.41949129055986,28.263415293389965,28.340466017746696,47000
2021-01-25,28.54790687561035,28.794861090596793,28.02238871308721,28.705957422472782,221100
2021-01-26,28.340465545654297,28.518272877549805,28.291073573399384,28.518272877549805,58400
2021-01-27,27.436613082885742,27.920643121248098,27.372404459029273,27.787287618212886,171900
2021-01-28,27.747774124145508,28.044118411157022,27.55021001006381,27.629235278874283,71000
2021-01-29,27.313135147094727,27.71813989925213,27.14520620955792,27.658871416624756,64100
2021-02-01,28.202171325683594,28.202171325683594,27.57984751686496,27.678629582231252,87700
2021-02-02,28.646684646606445,28.66644143303209,28.300948420601095,28.379973682192816,115400
2021-02-03,28.77510643005371,28.864010104755,28.651629313425396,28.844255198019038,112300
2021-02-04,28.903520584106445,28.913398978469772,28.651626238119302,28.725713253788715,82600
2021-02-05,29.14059829711914,29.170233482142006,28.913400864277442,29.041816231154126,69900
2021-02-08,29.427064895629883,29.427064895629883,29.219622377182336,29.338161228311094,61200
2021-02-09,29.619688034057617,29.723408348263156,29.446818959603988,29.446818959603988,53900
2021-02-10,29.79255485534668,29.959496514317422,29.438916633118662,29.851823336428364,42600
2021-02-11,30.059263229370117,30.10865331195303,29.8419423441392,29.970359573432173,47500
2021-02-12,30.128414154052734,30.128414154052734,29.822191455775776,29.970363607580037,40900
2021-02-16,30.246952056884766,30.385245809681262,30.030618423423,30.26176870636694,112900
2021-02-17,30.059263229370117,30.069141622708877,29.65425852303543,30.019749656015087,46400
2021-02-18,29.822189331054688,29.823176605217853,29.45076887760617,29.733285669483962,46900
2021-02-19,29.999996185302734,30.126435104207467,29.886395598540474,29.901214131311317,35000
2021-02-22,29.239381790161133,29.70168052488061,29.239381790161133,29.565361304877825,198400
2021-02-23,29.031936645507812,29.239379163937972,28.014486494895376,28.63681028196361,65800
2021-02-24,29.189983367919922,29.189983367919922,28.60717135148131,28.89363910510169,69100
2021-02-25,28.300952911376953,29.3381617539766,28.21698938191097,29.180111205713803,105300
2021-02-26,28.231807708740234,28.588409679810724,27.91570659344109,28.3799798710228,197800
2021-03-01,29.14059829711914,29.14059829711914,28.613103685201583,28.69607994233217,43900
2021-03-02,28.71583366394043,29.140595183324614,28.71583366394043,29.091205097675243,29500
2021-03-03,28.01448631286621,28.844252612973047,27.950277690422762,28.676323674044017,31900
2021-03-04,27.174842834472656,28.034242472547053,26.87355838195868,27.807045040330713,109500
2021-03-05,27.5996036529541,27.619358558270438,26.527821377902697,27.51069998464159,74800
2021-03-08,26.829105377197266,27.648993283724526,26.829105377197266,27.4415526505108,53000
2021-03-09,28.063875198364258,28.170559217048954,27.382281077329388,27.382281077329388,74900
2021-03-10,27.85643768310547,28.29107576799796,27.757655615043998,28.29107576799796,34300
2021-03-11,28.745473861694336,28.765230653045915,28.20217340419388,28.20217340419388,25500
2021-03-12,28.371089935302734,28.389857567159922,28.10339164501733,28.291075500034083,31000
2021-03-15,28.562726974487305,28.562726974487305,28.24168572377253,28.27132090947445,30900
2021-03-16,28.562726974487305,28.859071295061522,28.51531143100873,28.6862040887451,17100
2021-03-17,28.706947326660156,28.817582335516057,28.1132676600989,28.350345370663238,49700
2021-03-18,28.01152229309082,28.528149321304884,28.00460760540238,28.47875923327634,31900
2021-03-19,28.117218017578125,28.241682391439973,27.85643444332796,28.073753460499425,228900
2021-03-22,28.28119468688965,28.478758804249743,28.142900935204217,28.142900935204217,28100
2021-03-23,27.993743896484375,28.320710673260585,27.993743896484375,28.221928606177105,12000
2021-03-24,27.273624420166016,28.22192771226352,27.273624420166016,28.133024043115483,24400
2021-03-25,27.263744354248047,27.347707878790732,26.997033363151797,27.164962296348207,27800
2021-03-26,27.85643768310547,27.85643768310547,27.303258855605726,27.362529226909352,13400
2021-03-29,27.66874885559082,27.861372830561187,27.540331616203222,27.78728581675211,9500
2021-03-30,27.708261489868164,27.747775067672524,27.49094246427747,27.6687497961749,9000
2021-03-31,28.11326789855957,28.202171569747495,27.777411887985547,27.777411887985547,23800
2021-04-01,28.67632484436035,28.724727660695667,28.439249018098913,28.439249018098913,30800
2021-04-05,29.10799789428711,29.180110362510757,28.844252486129644,28.923277757977488,27500
2021-04-06,29.09120750427246,29.26901295778592,29.02205874088755,29.08132910950319,23400
2021-04-07,29.09120750427246,29.130719199238403,28.91340016664785,28.933156956186398,23700
2021-04-08,29.455713272094727,29.496214127967573,29.2887715929631,29.338163569921914,27300
2021-04-09,29.486331939697266,29.535722026191674,29.19986416251882,29.348036306113073,52000
2021-04-12,29.32630729675293,29.427065794317265,29.23938005934454,29.427065794317265,20900
2021-04-13,29.565359115600586,29.62462760003906,29.39743017293229,29.39743017293229,43600
2021-04-14,29.160350799560547,29.644380779097766,29.160350799560547,29.634502385542607,22500
2021-04-15,29.634506225585938,29.70859324479437,29.436942097104232,29.466577281609837,22700
2021-04-16,29.634506225585938,29.713531500156385,29.585116135521094,29.713531500156385,18400
2021-04-19,29.24530792236328,29.624628495164277,29.130720046993925,29.56536000893497,30900
2021-04-20,29.008230209350586,29.328284180034885,28.873887427978346,29.328284180034885,14800
2021-04-21,29.15047836303711,29.219625247942773,28.77510686767593,28.883767334877003,219500
2021-04-22,28.903520584106445,29.269011754994157,28.86400700665314,29.249256850378575,22600
2021-04-23,29.343095779418945,29.427061180892224,29.061568163151914,29.061568163151914,39200
2021-04-26,29.486331939697266,29.506088727939442,29.269011037255403,29.27888943137649,44000
2021-04-27,29.486331939697266,29.575235602676024,29.39940282507611,29.575235602676024,163700
2021-04-28,29.496213912963867,29.683897771705475,29.476457122324355,29.565360796090907,20500
2021-04-29,29.46657943725586,29.723412069426363,29.204808549362077,29.723412069426363,24000
2021-04-30,28.962791442871094,29.24925925058198,28.940072829671113,29.14059878777975,27000
2021-05-03,28.80967903137207,29.110961584797426,28.775103708603783,29.08132828544046,17100
2021-05-04,28.231807708740234,28.646690893598176,27.861376360978188,28.646690893598176,45500
2021-05-05,28.21599769592285,28.448135242187227,28.142899842030094,28.419489218768263,20300
2021-05-06,28.16858673095703,28.212049407311007,27.856436613697415,28.172537712070014,32900
2021-05-07,28.498516082763672,28.61705304792881,28.3700988390385,28.39973402238533,26600
2021-05-10,27.66874885559082,28.271317707845636,27.66874885559082,28.271317707845636,25000
2021-05-11,27.60948371887207,27.65788653702142,26.957524701191304,26.997036398326763,34700
2021-05-12,26.83898162841797,27.33289001180136,26.77971314996303,27.32301161804038,25300
2021-05-13,26.901216506958008,27.243001805688408,26.710568952203797,27.03654844251184,34900
2021-05-14,27.648990631103516,27.658869024705652,27.22422912676636,27.234107520368493,25000
2021-05-17,27.476125717163086,27.520577549979716,27.313135035465088,27.461307183483488,13600
2021-05-18,27.57984733581543,27.8030937846577,27.57984733581543,27.648994215884564,32500
2021-05-19,27.47118377685547,27.52057574569746,27.041484010540415,27.08593584044273,13900
2021-05-20,28.004606246948242,28.06288745236813,27.599601515604753,27.599601515604753,32000
2021-05-21,27.80704116821289,28.13302062072986,27.80704116821289,28.13302062072986,19200
2021-05-24,28.320709228515625,28.340466017746696,28.014486531878497,28.014486531878497,20300
2021-05-25,28.350343704223633,28.47875906279578,28.281194943642088,28.47875906279578,6200
2021-05-26,28.52814483642578,28.538023229300737,28.439243068772768,28.52814483642578,10100
2021-05-27,28.40961265563965,28.53802801633316,28.35034417255888,28.478759533252394,30600
2021-05-28,28.61705207824707,28.74448204344274,28.52814841533015,28.52814841533015,40900
2021-06-01,28.765226364135742,29.002302172672586,28.646687517811802,29.002302172672586,13000
2021-06-02,28.854129791259766,28.913400159861492,28.74547121704557,28.765228006579477,46900
2021-06-03,28.54790687561035,28.72571421185837,28.399734723440712,28.715835817165576,23800
2021-06-04,28.89364242553711,28.972667696977553,28.547906156443506,28.62693142788395,12900
2021-06-07,29.071447372436523,29.071447372436523,28.834371577563648,28.87388326798699,18500
2021-06-08,28.854129791259766,29.14059758716799,28.834374885837008,28.992425433885977,23500
2021-06-09,28.933156967163086,29.007242101794013,28.85412980897892,28.86400820375194,8000
2021-06-10,29.18010711669922,29.18010711669922,28.79485731069653,28.982543016999845,19400
2021-06-11,29.239381790161133,29.239381790161133,29.07145283505791,29.07145283505791,20700
2021-06-14,29.585115432739258,29.585115432739258,29.28876924705628,29.338161220059003,17700
2021-06-15,29.328283309936523,29.575237526696252,29.29864812564534,29.4665770684064,7900
2021-06-16,29.08132553100586,29.386560920605497,28.834371344495544,29.328279717516175,20800
2021-06-17,29.417186737060547,29.56535888907704,28.9924251862651,29.160354127646762,10900
2021-06-18,29.24925422668457,29.43693805041908,29.160350569500473,29.318401096914222,15700
2021-06-21,29.377674102783203,29.436942588672977,29.130719880112757,29.25913713100366,21700
2021-06-22,29.609811782836914,29.633519554101397,29.14059838123212,29.160355171304392,508400
2021-06-23,29.733287811279297,29.841946384495365,29.59499216992346,29.59499216992346,270400
2021-06-24,29.950605392456055,30.08889914300846,29.861701728783498,29.861701728783498,283900
2021-06-25,30.128414154052734,30.128414154052734,29.965423468190256,30.128414154052734,263400
2021-06-28,30.32597541809082,30.35955969586163,30.187679789891384,30.217314971100752,270400
2021-06-29,30.361581802368164,30.41004144358675,30.257737827719485,30.30224184933374,16800
2021-06-30,30.163785934448242,30.297298000189002,30.163785934448242,30.29235206090797,11800
2021-07-01,30.233015060424805,30.272575030776185,30.025330875049683,30.213235075249113,26800
2021-07-02,30.42091941833496,30.430809410360826,30.19345526070938,30.19345526070938,11800
2021-07-06,30.450590133666992,30.50992820093964,30.18356600145536,30.401140172337165,29000
2021-07-07,30.40114402770996,30.658278200264537,30.30224597883153,30.648388206744354,24600
2021-07-08,29.956104278564453,30.06489042970562,29.69897011767236,29.708860110743977,29800
2021-07-09,30.42091941833496,30.42091941833496,30.05499725867038,30.114337210825568,10200
2021-07-12,30.361581802368164,30.48025793579075,30.35169181019576,30.48025793579075,19900
2021-07-13,30.44070053100586,30.628604727494714,30.262684440586376,30.302242523833385,23700
2021-07-14,30.35169219970703,30.687944392591458,30.35169219970703,30.539596394424738,17900
2021-07-15,30.04214096069336,30.35169034407681,29.91654014112634,30.35169034407681,19900
2021-07-16,29.778085708618164,30.21323404977462,29.768195716365998,30.153895982584768,23800
2021-07-19,29.491281509399414,29.560509568646893,29.23414737053511,29.372605375353206,35200
2021-07-20,29.975879669189453,30.08466769682175,29.550619437161163,29.600069398049996,15100
2021-07-21,30.203346252441406,30.25279432788432,29.926432125520872,29.926432125520872,17400
2021-07-22,30.50003433227539,30.50003433227539,30.29234829373224,30.29234829373224,85100
2021-07-23,30.69783592224121,30.70772402871258,30.47036986061153,30.598937880618294,27900
2021-07-26,30.39124870300293,30.529706701673998,30.37146871943234,30.509926718103408,12900
2021-07-27,29.946212768554688,30.16378694613901,29.595124634428416,30.16378694613901,20500
2021-07-28,30.381362915039062,30.43081288080785,30.05500068625833,30.163788724626347,36900
2021-07-29,30.39124870300293,30.559374790706826,30.39124870300293,30.430808670144106,23200
2021-07-30,30.094554901123047,30.21817696240842,30.071807732589107,30.094554901123047,25900
2021-08-02,30.203346252441406,30.42092042524265,30.1677419027052,30.282464304943964,17900
2021-08-03,30.3022403717041,30.3022403717041,30.025328149672394,30.25279229957645,43000
2021-08-04,30.490148544311523,30.50003853668385,30.293342789174773,30.322022446628303,10500
2021-08-05,30.69783592224121,30.69783592224121,30.41103179016708,30.41103179016708,45600
2021-08-06,30.529706954956055,30.697833044054768,30.490146987486675,30.61871310911601,8800
2021-08-09,30.598936080932617,30.65827414788708,30.50003804512642,30.60882607314555,8900
2021-08-10,30.460479736328125,30.707723896156512,30.460479736328125,30.707723896156512,16800
2021-08-11,30.40114402770996,30.57421608482807,30.361585939952622,30.569270144906284,8500
2021-08-12,30.460479736328125,30.500039707335823,30.341803595951514,30.371471687884046,15300
2021-08-13,30.50003433227539,30.53959240998848,30.38135632649032,30.470364359248396,14400
2021-08-16,30.282461166381836,30.361579210684372,30.035217042146044,30.361579210684372,16700
2021-08-17,29.847314834594727,30.045109027736405,29.718746817045584,30.045109027736405,22900
2021-08-18,29.718746185302734,30.07477836624194,29.718746185302734,29.876982290981676,9800
2021-08-19,29.600069046020508,29.817643212374392,29.352824903486187,29.44183294570439,26200
2021-08-20,29.867095947265625,29.916544025836867,29.669299860334082,29.669299860334082,25500
2021-08-23,30.460479736328125,30.500039707335823,30.045109472363503,30.045109472363503,46300
2021-08-24,30.87584686279297,30.885736854539907,30.65827270332951,30.65827270332951,47200
2021-08-25,30.8956298828125,30.925299860969375,30.81156777418621,30.856071798259904,12100
2021-08-26,30.757171630859375,31.0044157727693,30.717611662718696,30.90551773874071,8400
2021-08-27,31.088478088378906,31.11221369216116,30.707721880872636,30.717611872975503,12400
2021-08-30,31.301109313964844,31.37033737481936,31.093425131401293,31.16265319225581,13200
2021-08-31,31.498905181884766,31.498905181884766,31.341657509657185,31.469235204719297,9200
2021-09-01,31.64725112915039,31.845047203236845,31.56813307678044,31.56813307678044,51600
2021-09-02,31.58791160583496,31.92811940398077,31.58791160583496,31.756037695163993,26200
2021-09-03,31.558246612548828,31.835158883639924,31.558246612548828,31.58791659287575,11100
2021-09-07,31.963720321655273,31.963720321655273,31.746144283431995,31.746144283431995,21100
2021-09-08,31.36044692993164,31.76592718307815,31.301108862387146,31.73625909246748,27500
2021-09-09,31.439563751220703,31.592853901039017,31.202207731930017,31.32088574157536,15500
2021-09-10,31.251659393310547,31.652195575598835,31.251659393310547,31.607689669021507,9600
2021-09-13,31.123090744018555,31.390114860041948,30.940130613997948,31.37033487670917,25700
2021-09-14,30.96485710144043,31.27144120840115,30.945079002864883,31.21210125370497,31200
2021-09-15,31.310997009277344,31.310997009277344,30.8066187490685,30.99452481926153,7500
2021-09-16,31.103317260742188,31.13298535381916,30.905521170720252,31.004419215731218,4600
2021-09-17,30.99452781677246,31.172543912453225,30.856071691831076,31.172543912453225,35300
2021-09-20,30.153892517089844,30.48025467861095,29.787972277429503,30.34179857563925,38200
2021-09-21,30.42091941833496,30.549485542025,30.33289980973094,30.450589394412557,8300
2021-09-22,30.757171630859375,30.863980903986857,30.529707473019787,30.59893553094287,12600
2021-09-23,31.271440505981445,31.271440505981445,30.95496641368001,30.98463639036165,17500
2021-09-24,31.088478088378906,31.123092117577375,30.895627958180835,30.96485601657777,12700
2021-09-27,30.87584686279297,30.96485490219235,30.719589520366686,30.925296821527652,12000
2021-09-28,30.183568954467773,30.539599279259065,29.956104769066023,30.539599279259065,21100
2021-09-29,29.728633880615234,30.134114105877128,29.718743888984086,30.094556025675566,10500
2021-09-30,29.99566078186035,30.025330759509714,29.759295052993075,29.956102697984406,8200
2021-10-01,29.916540145874023,30.045106265279113,29.57039798179765,29.936320129266512,39600
2021-10-04,29.283597946166992,29.906652378792103,29.075911877743167,29.837424318091887,20300
2021-10-05,29.738525390625,29.88687150002035,29.362715121068568,29.362715121068568,16000
2021-10-06,29.737539291381836,29.797865795927,29.273709375834635,29.333047446985542,221200
2021-10-07,30.3022403717041,30.4881676883034,30.134114285617834,30.134114285617834,16000
2021-10-08,30.242904663085938,30.440700739646207,30.193456587107466,30.40114076980488,13600
2021-10-11,30.104448318481445,30.42092052957708,30.104448318481445,30.242904439254993,13300
2021-10-12,30.173675537109375,30.173675537109375,29.965989475419725,30.144005560775675,27000
2021-10-13,30.42091941833496,30.519817452270505,30.21323335843801,30.21323335843801,15700
2021-10-14,31.02914047241211,31.053864509866532,30.73739230327435,30.73739230327435,35100
2021-10-15,31.192323684692383,31.320889816070455,31.058811613844068,31.142873721606037,248400
2021-10-18,31.400005340576172,31.409895332396538,31.103313131257433,31.103313131257433,37800
2021-10-19,31.71647834777832,31.746146437678014,31.49890418111377,31.49890418111377,35100
2021-10-20,31.66703224182129,31.795600260454098,31.58791418663311,31.775820275076246,20600
2021-10-21,31.686809539794922,31.73625761272256,31.49890346728837,31.49890346728837,25800
2021-10-22,31.28133201599121,31.568136162821684,31.231883935797228,31.5186880826277,22700
2021-10-25,31.439563751220703,31.50879180421258,31.202207731930017,31.350555715567438,35900
2021-10-26,31.330778121948242,31.597802249269225,31.241770079507916,31.578022265099573,37200
2021-10-27,30.984638214111328,31.29122044590778,30.984638214111328,31.18243429765157,18200
2021-10-28,31.36044692993164,31.36044692993164,31.063754705886005,31.083534690508557,20200
2021-10-29,31.36044692993164,31.370336922242917,31.113202781119227,31.113202781119227,20400
2021-11-01,31.627470016479492,31.627470016479492,31.400994293120284,31.41978584378664,46900
2021-11-02,31.568132400512695,31.637360459062972,31.498904341962422,31.578022392637468,19300
2021-11-03,31.924163818359375,31.968669727661894,31.62252753630301,31.676919665434916,15600
2021-11-04,32.379093170166016,32.428541242011576,32.14173714360284,32.151625248913525,21000
2021-11-05,32.31975555419922,32.5768878099515,32.290087463478734,32.52743973453526,25200
2021-11-08,32.63622283935547,32.68567090731019,32.52842325945632,32.55710291251131,25200
2021-11-09,32.5768928527832,32.76974301761178,32.468108579086426,32.70546088688456,23200
2021-11-10,31.943939208984375,32.47798740792703,31.77581502004641,32.35931128793283,38000
2021-11-11,32.29997253417969,32.43348270252184,32.25052446341022,32.25052446341022,32500
2021-11-12,32.745018005371094,32.745018005371094,32.30986585796369,32.31975773730291,37000
2021-11-15,32.62633514404297,32.834019295645156,32.57688330282223,32.834019295645156,26100
2021-11-16,33.051597595214844,33.08126945990179,32.695569172789945,32.695569172789945,17700
2021-11-17,32.794464111328125,33.05159636898076,32.73512415680227,33.04170826288296,19200
2021-11-18,32.70545196533203,32.784571894779965,32.428539757556024,32.784571894779965,32100
2021-11-19,32.68568420410156,32.9230403085466,32.670850154945114,32.784584152890034,16600
2021-11-22,32.20107650756836,32.96258887260314,32.20107650756836,32.8241289922501,38000
2021-11-23,31.80548667907715,32.19118694186213,31.60769060844104,32.042842718369734,24800
2021-11-24,32.072509765625,32.072509765625,31.548351515909747,31.657137653531354,14600
2021-11-26,31.4494571685791,31.815377478010078,31.350561011212864,31.716481320643837,17800
2021-11-29,31.904382705688477,32.00328262695029,31.597802381392476,31.785706572820548,31400
2021-11-30,31.271440505981445,32.03295104424554,31.19232245448687,31.854934956801966,40400
2021-12-01,30.64838218688965,31.785704809793994,30.608824106902176,31.736256738228896,32300
2021-12-02,31.063753128051758,31.197265187987707,30.687942870927763,30.697832862736693,18900
2021-12-03,30.44070053100586,31.132983021575523,30.074778357774345,31.132983021575523,22000
2021-12-06,30.618715286254883,30.68794523424888,30.015440830035708,30.490149155483873,78500
2021-12-07,31.775819778442383,31.845047839859653,31.281329583340764,31.281329583340764,23200
2021-12-08,31.864822387695312,31.894490473912775,31.63735637086512,31.736254393010046,29500
2021-12-09,31.439563751220703,31.943940104825245,31.380223803236547,31.765924033518715,14400
2021-12-10,31.607688903808594,31.89449300213103,31.45934280199352,31.716476925423727,34400
2021-12-13,31.23187828063965,31.731310590930697,31.152760234861177,31.61757851801933,38200
2021-12-14,30.69783592224121,30.940134143577946,30.44070176855093,30.786842084746265,16700
2021-12-15,31.439563751220703,31.46923183888981,30.440697262696375,30.727499465994587,25500
2021-12-16,30.846179962158203,31.587912394844665,30.66816387650175,31.587912394844665,39000
2021-12-17,30.56926727294922,30.79673144357318,30.32202311714321,30.361583087507313,20300
2021-12-20,30.153892517089844,30.268614904971766,29.936318371516748,30.173672499320922,32900
2021-12-21,31.034082412719727,31.04397240429286,30.32201999636117,30.500036072031563,25200
2021-12-22,31.29121971130371,31.301109703880865,30.935189410142122,30.935189410142122,23200
2021-12-23,31.548351287841797,31.61757934391592,31.291217160764294,31.330777127848396,40200
2021-12-27,31.83515167236328,31.869765698408923,31.53845948159408,31.53845948159408,24800
2021-12-28,31.657140731811523,31.90438489294692,31.57802456202438,31.90438489294692,26400
2021-12-29,31.58791160583496,31.597801597715854,31.380225548982356,31.578021613954068,14200
2021-12-30,31.65024185180664,31.91737281402654,31.590879625434567,31.590879625434567,29400
2021-12-31,31.462263107299805,31.709607948983265,31.412794893799667,31.660139735483128,23200
2022-01-03,31.551305770874023,31.571093810088094,31.284174789849203,31.511731579537166,29000
2022-01-04,31.05661392211914,31.57603953584252,30.735066799485452,31.551303545024336,34900
2022-01-05,29.988086700439453,30.8874328960228,29.96830054820269,30.769697270076062,23500
2022-01-06,29.978187561035156,30.250268337601156,29.70116260611846,29.9386133762289,33800
2022-01-07,29.859468460083008,30.30369919016435,29.691273898619063,30.047451061034785,86100
2022-01-10,29.790210723876953,29.849572952289833,28.98881214839259,29.463715636969283,49100
2022-01-11,30.393733978271484,30.413522018841146,29.68138150158632,29.790213837628055,25100
2022-01-12,30.561927795410156,30.81916665519918,30.38383920885688,30.670760128768574,38700
2022-01-13,29.582441329956055,30.59160869060117,29.582441329956055,30.59160869060117,31900
2022-01-14,29.710067749023438,29.780314714882437,29.354881350984087,29.39445553825149,27200
2022-01-18,28.92945098876953,29.37467243604275,28.879982777779745,29.18668983751725,72300
2022-01-19,28.66231918334961,29.24605315271507,28.61285097052529,29.087752607167626,40100
2022-01-20,28.523805618286133,29.37961850057992,28.48917749317706,29.05807135498262,17300
2022-01-21,27.58389663696289,28.256674925904424,27.514640381411514,28.118162414801674,63300
2022-01-24,27.57400131225586,27.578947378326458,26.08003837580409,26.94079729102024,75900
2022-01-25,27.019948959350586,27.45527639270151,26.812180205966406,27.18814352084358,25900
2022-01-26,26.940797805786133,27.751099691618258,26.668718876515467,27.60368201029369,28100
2022-01-27,26.525257110595703,27.316761641253418,26.485682921962955,27.168353244379926,63600
2022-01-28,27.247509002685547,27.306871237038255,26.253181670047763,26.624198937162163,30200
2022-01-31,28.484230041503906,28.489176107525516,27.484956754022846,27.484956754022846,38100
2022-02-01,28.761255264282227,28.761255264282227,28.18741535942856,28.632636788664687,19400
2022-02-02,28.573274612426758,28.97892187942081,28.38529389585129,28.969027859533995,19600
2022-02-03,27.376127243041992,27.959861222302017,27.356339202740305,27.752090573317087,17700
2022-02-04,27.95985984802246,28.197310658697376,27.425594108685424,27.54432045756853,29500
2022-02-07,27.702621459960938,28.098372817684968,27.702621459960938,27.949966294424872,15400
2022-02-08,28.095401763916016,28.098370158293058,27.542338751303,27.613574555078554,13400
2022-02-09,28.820615768432617,28.820615768432617,28.405076421700223,28.494120702220815,14500
2022-02-10,28.325929641723633,29.02838995361368,28.226993217509015,28.335823661563364,27200
2022-02-11,27.376127243041992,28.424868846843314,27.237614735112963,28.395188673482174,36900
2022-02-14,27.35633659362793,27.54431918438232,27.07931160419115,27.257398288647135,14400
2022-02-15,27.98954200744629,28.048904238555192,27.67293903831909,27.712515117119228,14800
2022-02-16,27.87081527709961,27.949965546526474,27.494851969094814,27.74219679694018,47400
2022-02-17,27.010055541992188,27.712515862867548,26.950693309285835,27.64325961019491,17800
2022-02-18,26.41345977783203,26.822073536072775,26.277913786602525,26.822073536072775,18400
2022-02-22,25.872268676757812,26.376852353213728,25.674393946265536,26.030569215988145,58900
2022-02-23,25.338003158569336,26.2383381237589,25.318215120696976,26.208656066950365,22200
2022-02-24,26.119611740112305,26.119611740112305,24.279367624144637,24.318941812732284,35700
2022-02-25,26.456003189086914,26.456003189086914,25.842589058212823,26.198764335558923,19000
2022-02-28,26.49557876586914,26.662782602173266,26.109719549348284,26.13940160818567,20100
2022-03-01,26.06024932861328,26.61726956890764,25.990993083758372,26.396638421129534,17500
2022-03-02,26.525257110595703,26.67366362037804,25.931629184375208,26.23833810996201,15900
2022-03-03,25.931631088256836,26.5846231760054,25.85347154101867,26.5846231760054,217800
2022-03-04,25.298431396484375,25.783227084473182,25.179706923188718,25.59524635390648,221500
2022-03-07,24.427776336669922,25.229173070524542,24.389189093275924,25.219279050712593,27100
2022-03-08,24.220003128051758,24.95214353272442,24.04191456449252,24.338729466121624,32500
2022-03-09,25.328109741210938,25.417154026660317,24.932358409819916,24.932358409819916,36900
2022-03-10,24.823528289794922,24.922466603198956,24.521767283103728,24.863102482901713,23300
2022-03-11,24.170536041259766,25.041188974779423,24.170536041259766,25.041188974779423,34500
2022-03-14,23.35924530029297,24.041915641736914,23.29988118505255,23.982553413587702,77900
2022-03-15,24.032024383544922,24.032024383544922,23.398820340925806,23.46807659080025,21800
2022-03-16,25.585350036621094,25.605136188999953,24.655332939527607,24.68501499873286,41900
2022-03-17,25.845556259155273,25.852481884491993,25.42705034422321,25.42705034422321,13000
2022-03-18,26.564836502075195,26.640029545663097,25.7436516992175,25.7436516992175,20800
2022-03-21,26.21855354309082,26.416430173724297,26.020676912457347,26.317491858407557,10600
2022-03-22,26.91111946105957,26.990269734711863,26.386747718681004,26.386747718681004,16000
2022-03-23,26.465896606445312,26.812179743200236,26.446108567295596,26.584622954252332,10200
2022-03-24,26.752819061279297,26.812181295073017,26.2541702587196,26.51536635192164,26000
2022-03-25,26.505474090576172,26.762711064801035,26.28780942256707,26.762711064801035,16400
2022-03-28,26.97047996520996,27.010054155952968,26.61430281306661,26.703347101102448,19000
2022-03-29,27.712512969970703,27.831237422989815,27.30686762915495,27.574000479084688,225700
2022-03-30,27.207931518554688,27.663045103606684,27.138675267532978,27.544320641024125,217500
2022-03-31,26.72313690185547,27.168356484296385,26.692466005639183,27.148570331166024,13500
2022-04-01,26.752819061279297,26.931896485639182,26.594516626010396,26.881437549014258,414100
2022-04-04,27.504743576049805,27.504743576049805,26.961574555833643,27.000161797526353,9000
2022-04-05,26.76270866394043,27.386018664660842,26.634090188366255,27.386018664660842,12400
2022-04-06,25.911846160888672,26.287809490184774,25.75354561307017,26.287809490184774,238100
2022-04-07,25.872268676757812,26.00088904431451,25.436941250328754,25.911844755111037,230200
2022-04-08,25.41715431213379,25.762446715757335,25.387472254286887,25.73375538080252,213700
2022-04-11,24.9620361328125,25.23906298117042,24.9620361328125,25.13023066804927,26600
2022-04-12,24.84331512451172,25.44485754986118,24.694906718060665,25.298428702160535,20200
2022-04-13,25.248958587646484,25.3053524191401,24.881898603787068,24.881898603787068,18200
2022-04-14,24.64543914794922,25.258855167563993,24.625651108295862,25.258855167563993,24900
2022-04-18,24.53660774230957,24.685016158215426,24.309050938987973,24.516821589001335,31600
2022-04-19,25.080764770507812,25.140126998082252,24.477242814378883,24.477242814378883,12900
2022-04-20,24.566287994384766,25.041189606466222,24.49703174517596,25.041189606466222,17200
2022-04-21,23.913297653198242,24.98182721709944,23.913297653198242,24.803738641934032,20800
2022-04-22,23.468076705932617,24.04191663396775,23.458182686317546,23.98255440336861,14200
2022-04-25,23.74510383605957,23.74510383605957,23.211828816879915,23.230626133376365,27700
2022-04-26,22.815088272094727,23.557122816776435,22.815088272094727,23.557122816776435,224900
2022-04-27,22.85466194152832,23.121794802322412,22.706255425673124,22.815085864184944,20100
2022-04-28,23.68574333190918,23.774787628754403,22.90413270117698,23.260309888557874,101900
2022-04-29,23.022855758666992,23.94891367116518,22.98327968259118,23.547225557033308,126400
2022-05-02,23.418607711791992,23.418607711791992,22.815085745094407,22.973386279459145,35200
2022-05-03,23.388927459716797,23.586804086495697,23.270202993322552,23.428503539909123,15200
2022-05-04,24.071598052978516,24.0814920723306,22.933812246766205,23.289989395076272,26200
2022-05-05,22.805192947387695,23.635282905011536,22.607318212378072,23.635282905011536,49000
2022-05-06,22.3896541595459,22.824981607752125,22.163086194786136,22.636999000353082,23000
2022-05-09,21.400272369384766,22.043370392224972,21.390380237514723,21.974112259496533,24600
2022-05-10,21.5981502532959,21.964221428171644,21.27165515660835,21.914751330436395,24600
2022-05-11,21.024311065673828,21.84648468179375,21.024311065673828,21.538788777594593,20200
2022-05-12,21.133142471313477,21.430944342568697,20.67802701160728,20.806647377496724,26800
2022-05-13,22.003795623779297,22.082945893080648,21.558576066618432,21.558576066618432,23200
2022-05-16,21.667407989501953,21.944434894550643,21.64761994905032,21.904858813647373,45100
2022-05-17,22.28082275390625,22.359973024074478,21.894963535631252,22.27092873424881,29300
2022-05-18,21.27165412902832,22.01368857538977,21.22218592077403,21.944432328997294,23600
2022-05-19,21.331018447875977,21.605076952978898,21.07377958813058,21.123249688326638,13000
2022-05-20,21.3438777923584,21.687192501259243,20.846219789812316,21.637724295270463,28000
2022-05-23,21.558576583862305,21.608044795703286,21.192505400128557,21.439850233516104,21200
2022-05-24,20.816539764404297,21.113352776563108,20.638451202272567,21.113352776563108,22500
2022-05-25,21.143035888671875,21.28748517191084,20.727496518639434,20.727496518639434,26300
2022-05-26,21.845497131347656,21.89298767479495,20.054720941238486,21.093568559009373,29900
2022-05-27,22.449016571044922,22.458910590374963,22.033477194639413,22.033477194639413,88200
2022-05-31,22.47869873046875,22.686469380597057,22.322377740244512,22.636999279570603,21400
2022-06-01,22.340185165405273,22.864556888941987,22.181884623788775,22.716148479971626,15200
2022-06-02,23.1712646484375,23.1712646484375,22.33029181640732,22.33029181640732,57000
2022-06-03,22.5875301361084,22.874451048980198,22.51827388461281,22.81508693019142,12400
2022-06-06,22.775510787963867,23.111899883932075,22.68646650449633,22.99317354361164,51400
2022-06-07,22.9832820892334,23.06243236258189,22.4688043689225,22.4688043689225,26200
2022-06-08,23.042644500732422,23.191051016368675,22.899184051211176,22.983280384804935,14400
2022-06-09,22.359973907470703,22.993176093833036,22.359973907470703,22.75572527394716,13600
2022-06-10,21.617937088012695,22.023582431386078,21.57638334048489,21.993900374398574,14600
2022-06-13,20.430683135986328,20.964948889114073,20.420789116066405,20.816542364497924,28700
2022-06-14,20.628557205200195,20.727495505053824,20.46036266157636,20.727495505053824,13300
2022-06-15,21.088621139526367,21.28154980870001,20.707709867553984,20.816542198715045,31300
2022-06-16,20.114078521728516,20.42078553712738,20.084396467170816,20.34163527873119,15000
2022-06-17,20.430683135986328,20.550398323798643,20.214009194886657,20.34163884379837,10400
2022-06-21,20.856115341186523,21.020352665517873,20.67802676719307,20.727496863908605,15900
2022-06-22,20.697813034057617,21.034202114561957,20.529618493805447,20.529618493805447,19400
2022-06-23,21.05200958251953,21.07377528991163,20.68791802253888,20.836324518675248,179900
2022-06-24,21.875179290771484,21.875179290771484,21.350807525753332,21.350807525753332,8500
2022-06-27,21.716876983642578,22.03347806636482,21.677300904756642,22.03347806636482,7700
2022-06-28,21.093568801879883,21.934541681091908,21.083674781290156,21.786135146428958,37200
2022-06-29,20.960641860961914,21.119361198958504,20.464649369398522,21.040000583929608,18300
2022-06-30,20.65312385559082,20.885249456158235,20.3356890127556,20.663043930937032,22100
2022-07-01,20.712644577026367,20.750340110451248,20.375371440364287,20.563847215427575,11000
2022-07-05,21.02016258239746,21.030082659398854,20.276173835844123,20.38529089873698,22200
2022-07-06,21.03999900817871,21.149117953609984,20.841603161648557,20.990400519561437,7400
2022-07-07,21.585590362548828,21.615350588914342,21.20863506349606,21.20863506349606,6200
2022-07-08,21.51615333557129,21.615352205480942,21.278077183024767,21.3475158243432,7600
2022-07-11,20.901119232177734,21.218554062393913,20.891199157225874,21.218554062393913,14900
2022-07-12,20.643203735351562,20.950720394232718,20.618404493070415,20.950720394232718,9100
2022-07-13,20.60352897644043,20.752326348550657,20.246413769726885,20.246413769726885,8500
2022-07-14,20.48448944091797,20.524169748273113,20.159119245675026,20.424970871946442,10800
2022-07-15,20.911043167114258,20.930883320680287,20.6928071540715,20.742405645925388,14000
2022-07-18,21.000322341918945,21.397115960034554,20.98048218799786,21.258238666709396,12200
2022-07-19,21.59551239013672,21.59551239013672,21.07472068005918,21.23839720971276,7700
2022-07-20,22.022066116333008,22.051824453197028,21.59551229537852,21.674871013784394,36100
2022-07-21,22.35934066772461,22.35934066772461,21.97246526815864,22.071664137074556,7400
2022-07-22,21.87326431274414,22.258154903551297,21.78398552844226,22.22045937480026,52200
2022-07-25,21.714550018310547,21.86334927492728,21.60543296006906,21.86334927492728,8500
2022-07-26,21.218555450439453,21.60543083062672,21.18879711569802,21.60543083062672,16100
2022-07-27,22.061742782592773,22.111343160207127,21.535990132246283,21.595510585383508,9600
2022-07-28,22.141103744506836,22.20062231163089,21.813748787232825,21.962546151073536,5500
2022-07-29,22.319660186767578,22.319660186767578,21.95262494230054,22.041903734412497,99300
2022-08-01,22.309741973876953,22.401996985705168,22.00718625223734,22.131184374741366,32600
2022-08-02,22.379175186157227,22.546821227674815,22.121258926922753,22.121258926922753,11500
2022-08-03,22.835491180419922,22.90492981560689,22.389097251273824,22.389097251273824,14800
2022-08-04,23.05373191833496,23.05373191833496,22.751176180822814,22.924774696672408,11500
2022-08-05,22.88509178161621,22.954530423225588,22.617255399356253,22.647015628072165,31800
2022-08-08,22.81565284729004,23.152927866832254,22.73629413046017,22.885091488008545,23400
2022-08-09,22.43869972229004,22.607337234367847,22.349420928127607,22.607337234367847,7000
2022-08-10,23.192607879638672,23.20252795643458,22.909892313169458,23.033890435026525,13800
2022-08-11,23.212446212768555,23.64495244525665,23.06860794860035,23.331485232922493,37700
2022-08-12,23.579483032226562,23.609241370207037,23.103330703927327,23.192607609929915,27000
2022-08-15,23.678680419921875,23.7282789081486,23.440602378662675,23.440602378662675,8000
2022-08-16,23.51995849609375,23.634038412119203,23.222363815495694,23.51995849609375,14100
2022-08-17,23.202526092529297,23.341405264454377,23.015041764712837,23.262046548523344,92000
2022-08-18,23.192607879638672,23.331487062720193,23.043810511822432,23.212448033230487,19700
2022-08-19,22.775970458984375,23.03388673809898,22.647013265457517,23.03388673809898,9200
2022-08-22,21.982383728027344,22.38909735782451,21.93278524324658,22.38909735782451,52400
2022-08-23,22.091503143310547,22.31965920553921,21.992304279540406,22.002224355123516,35700
2022-08-24,22.071666717529297,22.250224324041362,22.05182656301434,22.091506872044253,7100
2022-08-25,22.66685676574707,22.66685676574707,22.160944207953964,22.160944207953964,12700
2022-08-26,21.89310646057129,22.666855364430745,21.853428048406236,22.666855364430745,9400
2022-08-29,21.60542869567871,21.823664661148317,21.456629468431355,21.555828322576005,44200
2022-08-30,21.44671630859375,21.684792479060782,21.18879998423916,21.664952325173225,27200
2022-08-31,21.426876068115234,21.714550730077384,21.333629615694008,21.64511208381277,7000
2022-09-01,21.094558715820312,21.099519699973925,20.74240452335704,21.039999242497057,13900
2022-09-02,20.970561981201172,21.407035904456585,20.742405888704944,21.317757104425677,8500
2022-09-06,20.6580867767334,20.85152353397396,20.48448827998491,20.85152353397396,17000
2022-09-07,20.960641860961914,21.05984073768683,20.55392816924483,20.643206969091136,16300
2022-09-08,21.030080795288086,21.168958076875008,20.78208456841941,20.78208456841941,175000
2022-09-09,21.6947078704834,21.714546128025166,21.34751282068158,21.34751282068158,5600
2022-09-12,21.922868728637695,22.02206760637223,21.803829696944014,21.803829696944014,15500
2022-09-13,20.92095947265625,21.407031795036772,20.871360989743053,21.29791286215473,19000
2022-09-14,20.930879592895508,21.06975685900133,20.831680734793846,20.960637925883415,19400
2022-09-15,20.59360694885254,21.059839175188806,20.59360694885254,20.80192287166415,14900
2022-09-16,20.325769424438477,20.43488836380054,20.236490636244234,20.42496828821663,22000
2022-09-19,20.682886123657227,20.682886123657227,20.29601071520218,20.29601071520218,12200
2022-09-20,20.236492156982422,20.5043285416926,20.236492156982422,20.395209594130435,5900
2022-09-21,20.067852020263672,20.62336486972695,20.03809368722657,20.33568836996266,13400
2022-09-22,19.641300201416016,19.9636960497267,19.641300201416016,19.938896805716887,22500
2022-09-23,19.383384704589844,19.442903265282794,19.095708192462205,19.442903265282794,7200
2022-09-26,19.244504928588867,19.576820823689662,19.16018712795875,19.29410530430735,29400
2022-09-27,19.274267196655273,19.45282478404313,19.08578953307242,19.44290470784813,7300
2022-09-28,19.770259857177734,19.770259857177734,19.153245491173074,19.194908676383516,19300
2022-09-29,19.046110153198242,19.34370485569219,19.03619007750698,19.34370485569219,11400
2022-09-30,19.01634979248047,19.54210244805658,18.91715092832598,19.155227067060174,11400
2022-10-03,19.383384704589844,19.43794228152284,19.016349480851293,19.135388494298127,8000
2022-10-04,20.256330490112305,20.256330490112305,19.82977670656939,19.82977670656939,4900
2022-10-05,20.22161102294922,20.286090566792186,19.790098150900555,19.968653831290375,8000
2022-10-06,19.96865463256836,20.28609138080789,19.96865463256836,20.0579334223762,19400
2022-10-07,19.194910049438477,19.73058096336272,19.194910049438477,19.73058096336272,8200
2022-10-10,18.996511459350586,19.284188003725376,18.798115604114553,19.284188003725376,18300
2022-10-11,18.460838317871094,18.83779172129747,18.33187923023458,18.75843301046766,11900
2022-10-12,18.460838317871094,18.599715588808035,18.40727028933204,18.490596651894204,14700
2022-10-13,18.907230377197266,18.907230377197266,17.865647059922836,17.974765996954584,30600
2022-10-14,18.292203903198242,19.006432421018413,18.26244367209944,19.006432421018413,10300
2022-10-17,19.0957088470459,19.10562892284493,18.758433838122805,18.758433838122805,8300
2022-10-18,19.192922592163086,19.651219490207307,19.075868348747345,19.492502064429456,16200
2022-10-19,18.927072525024414,19.19490891214795,18.87747403499166,19.01635132073226,6200
2022-10-20,19.07586669921875,19.492500378873704,19.00642806795306,19.00642806795306,7600
2022-10-21,19.36354637145996,19.432985014130573,18.83977844724609,19.03619141882629,9700
2022-10-24,19.214746475219727,19.276247913429167,18.933022397492934,19.26434495856759,9500
2022-10-25,19.66114044189453,19.809937798683816,19.284187011890936,19.39330406443719,13100
2022-10-26,19.74049949645996,20.038096107197195,19.472663114414775,19.472663114414775,16300
2022-10-27,19.368505477905273,19.65915822937656,19.368505477905273,19.651221033021844,4300
2022-10-28,19.5817813873291,19.63138176677639,19.27426660299997,19.27426660299997,14600
2022-10-31,19.51234245300293,19.58475730304565,19.37346517677333,19.561940939638934,11000
2022-11-01,19.51234245300293,19.980559432360987,19.51234245300293,19.958736400970903,6900
2022-11-02,18.95683479309082,19.571864460712376,18.95683479309082,19.571864460712376,11300
2022-11-03,18.61955451965332,18.78819200562584,18.61955451965332,18.70883329999529,79800
2022-11-04,18.78819465637207,18.97667042629788,18.52035827755827,18.902272693556974,7000
2022-11-07,19.0957088470459,19.135389150242023,18.847712628253095,19.006430056915608,12800
2022-11-08,19.304027557373047,19.50242531795462,19.036193040267573,19.18499041467312,12200
2022-11-09,18.79315185546875,19.07586737394218,18.755456326868234,19.07586737394218,9300
2022-11-10,20.226573944091797,20.226573944091797,19.66114278565219,19.730581434294066,9800
2022-11-11,20.772165298461914,20.88128235591743,20.30394828287052,20.335691392456464,12600
2022-11-14,20.762243270874023,20.990399332912848,20.539046300592148,20.63328418046185,31300
2022-11-15,21.149120330810547,21.516155620841424,21.0499214503648,21.287997628197825,38000
2022-11-16,20.871362686157227,21.09951875339969,20.866401702226177,21.049918374394156,20100
2022-11-17,20.73248291015625,20.851521924224222,20.35552950105273,20.454728364099214,17500
2022-11-18,20.415048599243164,20.990399749579037,20.415048599243164,20.990399749579037,36800
2022-11-21,20.28609275817871,20.61840680453479,20.216652223121468,20.514248840040594,70100
2022-11-22,20.464651107788086,20.56384999293955,20.28609538498909,20.305933648370292,17200
2022-11-23,20.81184196472168,20.83168211606971,20.593605976076233,20.593605976076233,206300
2022-11-25,20.801925659179688,20.83168589159547,20.702728668583045,20.71264685399366,16100
2022-11-28,20.325769424438477,20.84160200243611,20.325769424438477,20.623366015772937,13900
2022-11-29,20.405132293701172,20.61345013927703,20.335693642529666,20.57376982885826,12700
2022-11-30,21.565752029418945,21.565752029418945,20.553926952435802,20.62336748647515,10800
2022-12-01,21.645111083984375,21.72446980348695,21.39711484903119,21.50623379787015,121800
2022-12-02,21.60542869567871,21.72446580700367,21.198715096540354,21.198715096540354,136600
2022-12-05,21.030080795288086,21.526073249025437,21.000320566921864,21.466552792292994,17100
2022-12-06,20.63328742980957,21.089601517808905,20.583688936185432,21.089601517808905,8600
2022-12-07,20.598567962646484,20.672967594626673,20.449770590747345,20.449770590747345,7100
2022-12-08,20.92095947265625,21.049916663467066,20.727522740409608,20.742401906871397,12100
2022-12-09,20.98048210144043,21.24831850208643,20.98048210144043,20.98048210144043,17400
2022-12-12,20.960641860961914,21.089600968322667,20.77216607645189,20.89120321487283,9700
2022-12-13,21.327674865722656,21.92286617062014,21.18879758833561,21.912946094798066,14000
2022-12-14,21.30783462524414,21.6748698608867,21.154078180795505,21.357435004147725,11600
2022-12-15,20.424968719482422,20.950721384165046,20.415048643689055,20.950721384165046,5700
2022-12-16,20.28609275817871,20.46464845785685,20.186893885872337,20.43489012060772,10000
2022-12-19,19.998414993286133,20.375370306558914,19.90913620288263,20.375370306558914,14500
2022-12-20,19.93889808654785,20.13729394343191,19.899217779934347,19.899217779934347,11400
2022-12-21,20.335691452026367,20.41505017225427,20.087695214806534,20.127375520951052,40500
2022-12-22,20.038097381591797,20.167054596670006,19.661142029096357,20.167054596670006,19800
2022-12-23,19.879379272460938,19.968656177113218,19.77026032268651,19.90913760999132,9700
2022-12-27,19.75041961669922,19.974608042241165,19.70082112749637,19.869458639671574,25900
2022-12-28,19.423065185546875,19.785139464135327,19.423065185546875,19.750420142357058,23000
2022-12-29,20.015981674194336,20.156251559206734,19.697634460594088,19.697634460594088,15600
2022-12-30,19.9960880279541,20.03588025051096,19.74738047013748,19.970221470427276,64300
2023-01-03,20.00603675842285,20.24479578862057,19.996088228311933,20.24479578862057,14600
2023-01-04,20.65267562866211,20.77205419266396,20.394019543340683,20.4835544150861,33000
2023-01-05,20.254743576049805,20.493502597492935,20.254743576049805,20.423864786758024,13900
2023-01-06,20.68252182006836,20.833734545703663,20.214950387909788,20.394020136609825,15800
2023-01-09,21.169986724853516,21.438589428969173,20.990916990451097,20.990916990451097,25400
2023-01-10,21.3789005279541,21.3789005279541,21.00086589113416,21.00086589113416,66400
2023-01-11,21.523151397705078,21.557970302571174,21.179935665101556,21.309262754963058,35200
2023-01-12,21.617660522460938,21.806678798156728,21.438590776800513,21.58781682984292,23300
2023-01-13,21.975797653198242,21.975797653198242,21.538071866101923,21.538071866101923,201600
2023-01-17,21.936004638671875,21.975798756536705,21.660438152158655,21.95590169760429,45500
2023-01-18,21.607711791992188,22.144921023990303,21.607711791992188,22.13497249404722,15300
2023-01-19,21.504249572753906,21.642530914616778,21.299315166842277,21.478384912633526,13200
2023-01-20,22.130992889404297,22.194661202408305,21.6276082927293,21.6773509411587,16800
2023-01-23,22.67218017578125,22.71197239534463,22.244402904919273,22.244402904919273,13800
2023-01-24,22.4433650970459,23.275043447958716,22.234451700129366,22.483159209308692,15700
2023-01-25,22.56772232055664,22.711973153450728,22.085230968875862,22.284195868309915,31400
2023-01-26,23.020370483398438,23.020370483398438,22.674169994886626,22.930835612578065,176100
2023-01-27,23.060165405273438,23.32877002708354,22.871147127241723,22.871147127241723,170100
2023-01-30,22.532901763916016,22.960679017698084,22.532901763916016,22.960679017698084,31000
2023-01-31,22.741819381713867,22.871146475108155,22.5528011090717,22.59259333108223,8800
2023-02-01,23.45411491394043,23.657060727200232,22.74181694900567,22.91093814380753,24600
2023-02-02,24.113689422607422,24.45292612452655,23.8759246871532,23.955511026877524,102400
2023-02-03,23.756546020507812,24.20422040115011,23.706805265986738,23.706805265986738,91600
2023-02-06,23.43819808959961,23.63716488103024,23.308871003411266,23.46804367756059,26600
2023-02-07,23.826183319091797,23.895821127360392,23.247191431793528,23.438198262685674,52000
2023-02-08,23.547632217407227,23.786391250966016,23.398408058618998,23.70680490644642,32600
2023-02-09,23.48794174194336,23.965459784838426,23.378509812221896,23.91571903359487,34800
2023-02-10,23.010419845581055,23.269075904534404,22.87114423594766,23.259127375633753,21500
2023-02-13,23.458097457885742,23.468045988185583,23.099957957043962,23.18949283225441,17700
2023-02-14,23.56752586364746,23.65706072544698,23.249180531688225,23.279024220629495,7000
2023-02-15,23.826183319091797,23.83115663504471,23.37850898381087,23.49788943904844,13300
2023-02-16,23.48794174194336,23.8062871038734,23.44814762295809,23.517785433694282,19100
2023-02-17,23.080060958862305,23.26907732706642,22.90099122267905,23.259128797557572,27800
2023-02-21,22.5229549407959,22.871145887510693,22.513006411176846,22.83135366652249,34800
2023-02-22,22.433422088623047,22.731872311563205,22.393629864057267,22.632388903916485,29400
2023-02-23,22.81145477294922,22.90098963483292,22.48316091187159,22.90098963483292,166400
2023-02-24,22.18471336364746,22.383680168585677,22.05538626867928,22.383680168585677,35200
2023-02-27,22.453317642211914,22.632387384456248,22.38168936581657,22.51300692379734,16000
2023-02-28,22.4433650970459,22.56274553634657,22.38367582613942,22.423469938402214,11700
2023-03-01,22.453317642211914,22.6821281361961,22.3140420193499,22.54285251333408,12300
2023-03-02,22.682126998901367,22.71197258694163,22.28419531247095,22.28419531247095,15300
2023-03-03,22.96068000793457,23.06215197075948,22.626416634087896,22.80150733419576,19400
2023-03-06,22.99052619934082,23.328768614286947,22.970629140229168,23.10990475903475,54300
2023-03-07,22.61248779296875,23.030316512260857,22.602539264237052,22.97062723735851,20600
2023-03-08,22.682126998901367,22.753755271705227,22.58264550040973,22.602540661615283,13600
2023-03-09,22.199636459350586,22.920888734337286,22.15486902442071,22.68212781638592,61800
2023-03-10,21.786781311035156,22.264299358444223,21.717143499640674,22.214558606730463,26700
2023-03-13,21.89621353149414,22.125024028385646,21.488333290083002,21.707195257002518,28600
2023-03-14,22.264297485351562,22.453315741440253,22.13497040328323,22.184711150812305,16800
2023-03-15,22.214557647705078,22.214557647705078,21.886263767098125,22.00564422254064,15700
2023-03-16,22.731870651245117,22.81543602446907,22.125023616663125,22.125023616663125,15700
2023-03-17,22.741819381713867,22.871146475108155,22.562749638946347,22.841300885484216,16000
2023-03-20,22.87114715576172,22.8801014021618,22.57269884059263,22.70202593783574,14400
2023-03-21,23.189489364624023,23.358610559455606,22.96067889440713,23.02036816979244,24100
2023-03-22,23.000476837158203,23.547632730465914,23.000476837158203,23.259131039366387,44900
2023-03-23,23.43819808959961,23.73664827674556,23.20441429177976,23.34866322320462,41800
2023-03-24,23.316829681396484,23.438198706317273,23.119853349642156,23.29892308714391,49500
2023-03-27,23.27902603149414,23.398406489009332,23.04026701395176,23.358612370674937,9500
2023-03-28,23.358612060546875,23.358612060546875,23.10990451672294,23.338715001643845,41600
2023-03-29,23.82518768310547,23.835136212726916,23.44018926394428,23.587422948370488,35600
2023-03-30,24.11468505859375,24.49272161659927,23.955512370219253,24.12463358880317,70400
2023-03-31,24.462873458862305,24.512614207201548,24.11468252802384,24.38328712302676,58800
2023-04-03,24.36338996887207,24.41313261450359,24.074890214160906,24.293752162475855,51500
2023-04-04,24.258934020996094,24.49271971908521,24.19426952838864,24.37333926330899,17200
2023-04-05,23.806285858154297,24.174371952066938,23.674968308355247,24.174371952066938,49400
2023-04-06,23.915719985961914,24.02515002255305,23.577477551069812,23.736650238373375,35700
2023-04-10,24.010225296020508,24.064941256496866,23.676956217431727,23.81623372523188,32500
2023-04-11,23.915719985961914,24.064944143122993,23.885874395534454,24.054995612980505,44600
2023-04-12,23.657060623168945,24.059965602037014,23.607317979335463,24.025146700097498,37300
2023-04-13,24.054996490478516,24.15646846565248,23.703820763841893,23.796340389802726,43200
2023-04-14,23.93561553955078,24.10473675975804,23.73665062591692,23.91572037642909,21400
2023-04-17,24.025150299072266,24.094788113383064,23.87592614019368,23.975409545275447,29900
2023-04-18,24.035097122192383,24.273856138937447,23.915718562563846,24.184321270472047,65600
2023-04-19,23.826183319091797,23.935613347447607,23.70680286385423,23.78638920151662,37700
2023-04-20,23.48794174194336,23.789374793053465,23.43819909321177,23.68690664440562,17500
2023-04-21,23.59737205505371,23.637166174512647,23.378510090493723,23.51778571362389,10900
2023-04-24,23.413328170776367,23.64213865713376,23.28499536577571,23.527733413955065,118500
2023-04-25,22.81145477294922,23.239232024729613,22.731868439884575,23.239232024729613,75500
2023-04-26,22.99052619934082,23.229285216216677,22.82140499186776,23.129801818146404,87100
2023-04-27,23.537681579589844,23.567527167670363,23.04026649650893,23.23923328873648,82600
2023-04-28,23.706806182861328,23.723718495449745,23.408357849215903,23.497892728807177,251400
2023-05-01,23.64711570739746,23.776442806148456,23.57747789287861,23.726702052203027,71900
2023-05-02,23.428251266479492,23.657063662534735,23.259130050693315,23.64711513248989,54500
2023-05-03,23.348663330078125,23.647113518590164,23.279025522005035,23.468043784980534,29300
2023-05-04,23.28897476196289,23.428250382358637,23.129802082228316,23.31882035097113,184200
2023-05-05,23.696855545043945,23.751571510761064,23.428250930153386,23.428250930153386,48900
2023-05-08,23.78639030456543,23.79633883442057,23.607320562149038,23.716752493067514,71800
2023-05-09,23.59737205505371,23.786390327507547,23.47799349165301,23.577476892812296,102200
2023-05-10,23.856027603149414,23.945562472432574,23.607320054582416,23.836130543866933,83400
2023-05-11,23.846078872680664,23.98535638899706,23.676957665179895,23.905770050025403,50000
2023-05-12,23.63716697692871,23.846080418715992,23.50087420039195,23.836131888513535,42600
2023-05-15,24.035097122192383,24.054994181293136,23.74659735518343,23.82618369409845,64500
2023-05-16,24.09478759765625,24.174373940520564,23.92566638188357,23.975409032103823,313400
2023-05-17,24.492717742919922,24.55240701724809,24.08483565879529,24.144526830611277,127900
2023-05-18,24.950340270996094,24.950340270996094,24.462873721582252,24.522562999727963,358100
2023-05-19,24.99013328552246,25.069719618701377,24.870752837010155,24.96028769902242,227600
2023-05-22,25.17915153503418,25.29853199252707,24.96028957669988,25.029927386284065,219700
2023-05-23,24.771270751953125,25.13935874823886,24.72153000265222,25.039875352149096,233700
2023-05-24,24.622047424316406,24.671788175269313,24.373339874575837,24.61209889462822,120200
2023-05-25,25.16920280456543,25.27863473160315,24.970237906982643,25.228893981579454,586000
2023-05-26,25.915327072143555,25.984966783046218,25.28858485392441,25.328377076952112,532000
2023-05-30,26.124242782592773,26.39284740744238,25.975018623505704,26.3132610627634,868600
2023-05-31,25.99491310119629,26.054604281247848,25.73625891092519,25.915326758615624,422900
2023-06-01,26.363000869750977,26.47143662007916,25.865585759000957,25.965069160648575,427900
2023-06-02,26.601760864257812,26.75894498613478,26.422691114266584,26.641554985361697,346500
2023-06-05,26.542070388793945,26.70124307108903,26.370958711708305,26.571914080794244,272300
2023-06-06,26.72113800048828,26.790775806254718,26.371952790510942,26.542068272810077,291600
2023-06-07,26.29336166381836,26.910155305853802,26.2137753262174,26.731087469367615,351700
2023-06-08,26.64155387878418,26.686321314422536,26.263517333951825,26.333155145503035,236500
2023-06-09,26.860414505004883,27.12901910545204,26.78082816755624,26.87036303437196,304000
2023-06-12,27.37772560119629,27.38269891694584,27.029534676603156,27.099172482024205,507600
2023-06-13,27.73586654663086,27.83435566739599,27.507056044432925,27.825401420967115,697700
2023-06-14,27.914936065673828,27.983579595266168,27.56674510139575,27.73586631847435,533400
2023-06-15,28.352659225463867,28.4322455614253,27.795554873733828,27.855244151332922,664600
2023-06-16,28.163644790649414,28.611319177157075,28.10395550494445,28.611319177157075,713400
2023-06-20,27.954727172851562,28.123848371700195,27.706019639102863,28.024364978703137,510100
2023-06-21,27.467262268066406,27.924883246587637,27.32798475059159,27.904986187307234,505000
2023-06-22,27.596588134765625,27.596588134765625,27.198656454242098,27.228502041839334,474600
2023-06-23,27.288192749023438,27.42547980267934,27.109123009035393,27.21855493846987,540400
2023-06-26,27.05938148498535,27.546848042424116,27.00963883780509,27.288191969550656,187500
2023-06-27,27.51700210571289,27.58663991339558,27.079276303508628,27.208605287051864,451900
2023-06-28,27.53689956665039,27.69607224296148,27.35782983142842,27.3777268903393,222300
2023-06-29,27.477144241333008,27.566776251507804,27.33771751419296,27.526938958298253,449900
2023-06-30,27.845630645751953,27.986054639645108,27.646449871620675,27.765957956190093,522900
2023-07-03,27.925302505493164,28.041822591627874,27.815751855722848,27.94521925127694,211000
2023-07-05,27.895427703857422,27.970119783004517,27.765958394060934,27.795836365447844,425900
2023-07-06,27.437307357788086,27.566776663105536,27.24509792386754,27.546858016203355,241500
2023-07-07,27.536897659301758,27.870528333978697,27.43730632807521,27.43730632807521,307600
2023-07-10,27.736080169677734,27.736080169677734,27.48710279274983,27.566775477384894,294700
2023-07-11,27.98505973815918,28.034854457625606,27.636491003253827,27.875509075876895,338200
2023-07-12,28.492971420288086,28.51288816664484,28.243994045135754,28.4830120973364,560100
2023-07-13,29.070598602294922,29.110433994209238,28.73198922306352,28.791743260708294,631900
2023-07-14,28.891338348388672,29.209033760797176,28.821624978809414,29.07060238419069,478900
2023-07-17,29.190109252929688,29.249865195393138,28.891337138799546,28.92121511003127,699700
2023-07-18,29.369375228881836,29.43709787501279,28.92121702796663,29.11043849300894,593000
2023-07-19,29.369375228881836,29.618352640350363,29.25584121012831,29.508801971449202,542800
2023-07-20,28.562686920166016,29.120395750395208,28.453136259040956,29.06064170775734,525700
2023-07-21,28.502931594848633,28.819629716169462,28.446163642282563,28.731990330941393,288100
2023-07-24,28.582603454589844,28.66227613873278,28.32366675623866,28.55272548570626,272500
2023-07-25,28.80170440673828,28.906274454122634,28.694146372350556,28.712072394824055,275700
2023-07-26,28.781784057617188,28.891334710044006,28.522847360683468,28.712070696817076,290600
2023-07-27,28.731990814208984,29.359412993091578,28.603518771362108,29.339494346258046,396000
2023-07-28,29.389291763305664,29.419169734369227,29.03076370872994,29.10047707499816,475700
2023-07-31,29.508800506591797,29.537683115794767,29.329538374852675,29.389292418765717,466500
2023-08-01,29.28969955444336,29.3295368480094,29.093504872678697,29.28969955444336,370500
2023-08-02,28.502931594848633,28.920216411576224,28.358524257054498,28.89133570383607,362700
2023-08-03,28.37346076965332,28.483011419969998,28.16432069128139,28.24399337345354,253200
2023-08-04,28.253955841064453,28.692154692013116,28.234037193417663,28.532809309932368,369600
2023-08-07,28.433216094970703,28.473053387635467,28.204157360788294,28.473053387635467,311500
2023-08-08,28.06970977783203,28.10456645967492,27.775916388337198,28.064731065945917,822100
2023-08-09,27.74604034423828,28.15436310296791,27.64146839906376,28.15436310296791,257300
2023-08-10,27.785877227783203,28.24399662771738,27.669357127641966,27.985059905936634,208300
2023-08-11,27.477144241333008,27.646448938380214,27.41240958964083,27.556816928205418,236700
2023-08-14,27.765958786010742,27.765958786010742,27.307841282225308,27.407432622040737,656400
2023-08-15,27.447265625,27.680309605784604,27.367592940004005,27.66636693339897,435800
2023-08-16,27.058860778808594,27.407429478408357,27.049896818430117,27.327756795603833,250500
2023-08-17,26.839763641357422,27.307840454898074,26.809885670453944,27.24808641263787,347200
2023-08-18,26.760089874267578,26.859679307508788,26.450361190211115,26.54098856222489,355300
2023-08-21,27.12857437133789,27.158452339975643,26.770046345871297,26.89951564375495,760600
2023-08-22,27.13853645324707,27.37755452800895,27.058863761659776,27.37755452800895,262800
2023-08-23,27.656410217285156,27.736082909791275,27.18833148670824,27.23812810674133,306100
2023-08-24,27.17837142944336,28.044811639070822,27.15845278335967,28.044811639070822,294900
2023-08-25,27.407428741455078,27.487101422117295,26.919433334955666,27.228164735078447,284800
2023-08-28,27.66636848449707,27.716163203081287,27.47017379810924,27.60661254273991,184000
2023-08-29,28.27387046813965,28.283829791215926,27.632505638310008,27.666366956860017,554500
2023-08-30,28.36350440979004,28.383423057300423,28.08465094283176,28.144404985816138,337400
2023-08-31,28.453136444091797,28.596548426811502,28.3834230773031,28.443177120329587,330400
2023-09-01,28.70211410522461,28.86145948780161,28.59256344237287,28.7718274726587,405400
2023-09-05,28.682193756103516,28.76087108020352,28.492972312734587,28.592561746277525,347000
2023-09-06,28.522850036621094,28.692154742825064,28.34358600657609,28.58260597966729,265700
2023-09-07,28.263912200927734,28.283830847824394,28.01294408839802,28.184239512887817,384400
2023-09-08,28.224079132080078,28.393383845557356,28.164325086013648,28.20416048354231,234000
2023-09-11,28.582603454589844,28.622438846888,28.333626079199853,28.502930770446913,381000
2023-09-12,28.114524841308594,28.473052870594334,28.104565518323255,28.343583571331536,257100
2023-09-13,28.14440155029297,28.263909621673644,28.004974833833334,28.164320195371932,394400
2023-09-14,28.303749084472656,28.373462448053782,28.09460709418258,28.33362705438458,349500
2023-09-15,27.86554718017578,28.234034528676247,27.805793142421813,28.16432116803885,248500
2023-09-18,27.756000518798828,27.87550860331098,27.706203900629802,27.74604119516502,351000
2023-09-19,27.6862850189209,27.736081636668256,27.487104246571676,27.69624434247037,268800
2023-09-20,27.347673416137695,27.843637431445654,27.30783802469155,27.76595547382846,223500
2023-09-21,26.75012969970703,27.04890178901555,26.730211053874033,26.989147751063168,293400
2023-09-22,26.839763641357422,27.098698457667226,26.79992634681945,27.08874103357949,337100
2023-09-25,26.81984519958496,26.899517889724613,26.610703200751644,26.670459143016462,214900
2023-09-26,26.42148208618164,26.73021352697069,26.35176681931604,26.710294879294803,354300
2023-09-27,26.550947189331055,26.66049784248014,26.25217509834744,26.56090651230339,310300
2023-09-28,26.710294723510742,26.849721457335164,26.30695255793386,26.39160396074247,269200
2023-09-29,26.799928665161133,27.178375397822588,26.750133942227905,27.04890607892112,218100
2023-10-02,26.959270477294922,27.038943163134178,26.740171066123633,26.780006459269927,228600
2023-10-03,26.461313247680664,26.90847598903315,26.336824568947094,26.740168571880602,521700
2023-10-04,26.730213165283203,26.80889049285561,26.471276447640758,26.580827108829,235900
2023-10-05,26.770048141479492,26.799926112121316,26.47525938275775,26.78996678857404,433300
2023-10-06,27.27796173095703,27.347675094927215,26.51111282773829,26.600742938880884,549800
2023-10-09,27.268003463745117,27.35763547790605,26.899517982902857,26.979190673318488,503000
2023-10-10,27.49706268310547,27.730104768095945,27.33771731054765,27.377552703913768,369500
2023-10-11,27.66636848449707,27.775917245291694,27.467185811066706,27.65640916087088,336900
2023-10-12,27.447265625,27.8057936572553,27.269994233304573,27.736080295327135,254800
2023-10-13,26.999109268188477,27.43730811484703,26.89055396925901,27.43730811484703,232200
2023-10-16,27.317800521850586,27.372575853557358,26.96923178334578,27.009069078967727,514200
2023-10-17,27.30784034729004,27.427350330886267,26.949312296048102,27.00906823761959,452700
2023-10-18,26.799928665161133,27.19032544748967,26.730215293235844,27.09870080185435,276800
2023-10-19,26.67045783996582,27.043923912913854,26.610701900620526,26.90947589870696,305600
2023-10-20,26.172502517700195,26.620660655949326,26.152583871676686,26.5907845864607,268200
2023-10-23,26.192420959472656,26.451357675897953,25.843854129233563,26.04303490372065,289100
2023-10-24,26.461313247680664,26.531026603844026,26.222295212457784,26.32188653535394,475100
2023-10-25,25.7442626953125,26.272093550285895,25.67454932952709,26.272093550285895,577200
2023-10-26,25.395694732666016,25.873730883507317,25.286144069101496,25.664590779844303,293700
2023-10-27,25.564998626708984,25.823935341728575,25.505244584641925,25.74426265245691,237500
2023-10-30,25.903606414794922,26.00319774505738,25.694464431289102,25.86376912287129,330500
2023-10-31,26.052993774414062,26.062953097897275,25.694465727205287,25.86377042732646,164100
2023-11-01,26.431440353393555,26.441397777286646,26.06693633377412,26.09283095462696,213500
2023-11-02,27.038942337036133,27.078779628511978,26.80988360968984,26.959269653631047,416300
2023-11-03,27.49706268310547,27.606611439522297,27.238125977812345,27.297880017634856,362900
2023-11-06,27.596654891967773,27.676329485807035,27.38751478178031,27.646451513117313,281700
2023-11-07,27.86554718017578,27.94521986369661,27.556815768975895,27.636488452496724,307100
2023-11-08,27.895427703857422,27.96514107088009,27.728113723456232,27.885468380061784,190100
2023-11-09,27.66636848449707,28.054772608184855,27.626531189992296,27.975099918722062,234000
2023-11-10,28.13444709777832,28.13444709777832,27.656410930415284,27.716164976448944,216300
2023-11-13,28.124486923217773,28.20117162822613,27.905387494687208,27.985060186838943,246200
2023-11-14,28.891338348388672,28.941133069646185,28.57762628573515,28.65232026716827,334300
2023-11-15,29.10047721862793,29.248867913079877,28.971009809140337,29.150273837312984,430300
2023-11-16,29.03076171875,29.10047508023956,28.82162163428132,28.93117038824493,352700
2023-11-17,29.130353927612305,29.180148644592965,28.96104923051269,29.060640564020705,255600
2023-11-20,29.528718948364258,29.578515567566654,29.14031481631951,29.180150212134635,444200
2023-11-21,29.339494705200195,29.468964011655387,29.219986621830348,29.389291322893246,348000
2023-11-22,29.459003448486328,29.65818611178348,29.349452793718232,29.50879816453729,618100
2023-11-24,29.439085006713867,29.449044329902563,29.349452997562285,29.39924961350576,167400
2023-11-27,29.488882064819336,29.608390145782263,29.340491376312126,29.419168700999847,467000
2023-11-28,29.47892189025879,29.517761920472875,29.30961719749451,29.399249205401873,380400
2023-11-29,29.578516006469727,29.81753408354755,29.562580708179144,29.678105447258705,459100
2023-11-30,29.608388900756836,29.757774945452194,29.409208141011895,29.737858199160332,447200
2023-12-01,29.777694702148438,29.797613348729985,29.36937194496021,29.488881924902792,352400
2023-12-04,29.439085006713867,29.54863566224284,29.224964307023605,29.498840945846037,337000
2023-12-05,29.42912483215332,29.468962123755624,29.201061466505994,29.2498627185828,313100
2023-12-06,29.249862670898438,29.678102157645377,29.2399033480141,29.678102157645377,466900
2023-12-07,29.598432540893555,29.623331800457592,29.3394958177114,29.409211085125172,418400
2023-12-08,29.767736434936523,29.79761440586883,29.468964323800478,29.498842294732786,283500
2023-12-11,29.996795654296875,30.016712401091937,29.707980980981805,29.77769434363119,414400
2023-12-12,30.046592712402344,30.06153074854956,29.797615312365714,29.90716597623681,424000
2023-12-13,30.335407257080078,30.395163204206646,29.85737107734908,30.066513093198218,433200
2023-12-14,30.415077209472656,30.505704579366622,30.15614051009944,30.43499395592703,502400
2023-12-15,30.514665603637695,30.673015604736438,30.395157530785237,30.4648708898736,420800
2023-12-18,30.674013137817383,30.743728401385784,30.48479169248611,30.55450505650781,430500
2023-12-19,30.913034439086914,30.92299186333861,30.713851762210826,30.75368715785797,394400
2023-12-20,30.464872360229492,31.022581159400193,30.425035067658253,30.883154434494184,577600
2023-12-21,30.96282958984375,30.9927075616554,30.683974218242138,30.82340285381635,503700
2023-12-22,30.883153915405273,30.982745245612758,30.74372719284277,30.972785922637346,404100
2023-12-26,31.122173309326172,31.19686728508724,30.98274658075534,31.11221398592158,402400
2023-12-27,31.23172378540039,31.241683108746997,31.1022544814412,31.201845815360567,369000
2023-12-28,31.240694046020508,31.34034576161754,31.205816230666304,31.34034576161754,407900
2023-12-29,31.071287155151367,31.260625227491165,30.921810529914016,31.250659865715555,424300
2024-01-02,30.333866119384766,30.762367152881893,30.16445877825098,30.762367152881893,478900
2024-01-03,29.955190658569336,30.11463264192672,29.895400389984907,29.9751213816636,376400
2024-01-04,29.795747756958008,30.014981902841765,29.696096045256144,29.895399468659868,341500
2024-01-05,29.765853881835938,30.03192123683354,29.69709421905738,29.785782703823806,288600
2024-01-08,30.438499450683594,30.443481180978832,29.853546237989523,29.865503531117085,554800
2024-01-09,30.32390022277832,30.433517294723536,30.074771896137943,30.11463144003729,552900
2024-01-10,30.533166885375977,30.602922512222214,30.26909146925857,30.3936556316835,367900
2024-01-11,30.722505569458008,30.822157281564866,30.31194142791295,30.71254020817749,610300
2024-01-12,30.762367248535156,30.931774590195705,30.692609719041013,30.81219215461836,351200
2024-01-16,30.5531005859375,30.682648391879166,30.383693232497336,30.563065947986743,566500
2024-01-17,30.284038543701172,30.323899987990178,29.905364326447,30.323899987990178,469200
2024-01-18,30.682645797729492,30.711544014740085,30.41358674724373,30.573028725154188,641400
2024-01-19,31.240694046020508,31.245675776486088,30.752402730363276,30.852052545261923,632900
2024-01-22,31.330381393432617,31.559579016084474,31.280554583704966,31.36027557857076,765600
2024-01-23,31.549612045288086,31.549612045288086,31.31144503882088,31.50975250023702,481700
2024-01-24,31.788772583007812,32.10267479179865,31.73894768033545,31.978110634419547,617800
2024-01-25,31.938251495361328,32.10566500508592,31.719019246812703,32.09769347625094,699500
2024-01-26,31.728984832763672,31.906365605834885,31.659229203218075,31.78877510084585,638000
2024-01-29,32.02793884277344,32.02793884277344,31.67517302143248,31.728985594487177,546800
2024-01-30,31.808704376220703,31.998042434012604,31.733965118995453,31.998042434012604,430200
2024-01-31,31.16097068786621,31.629331244705295,31.136058236032966,31.549610258419957,689100
2024-02-01,31.509750366210938,31.55558950515959,31.212789077864166,31.30048159159613,435000
2024-02-02,31.9980411529541,32.04786605531066,31.60939969191985,31.7190167579421,754200
2024-02-05,31.9980411529541,32.077760236445314,31.68912067610925,31.978110431732205,607500
2024-02-06,32.08773422241211,32.20731477340773,31.863518313422084,32.11762840981172,598100
2024-02-07,32.28703308105469,32.316927264200814,32.02793748913279,32.157485285093735,637200
2024-02-08,32.386680603027344,32.44647276648947,32.24218572570781,32.336855700840424,373200
2024-02-09,32.85504150390625,32.90486640375358,32.54612104261889,32.55608450202989,1115800
2024-02-12,32.745426177978516,33.07427357550739,32.67567055421795,32.91483160671234,602100
2024-02-13,32.01298904418945,32.28703171609908,31.79674660568787,32.027936135130616,991200
2024-02-14,32.745426177978516,32.765356899252446,32.36675007656662,32.43650570032718,679700
2024-02-15,32.924800872802734,32.93476433334817,32.68065237337844,32.865008705340266,646100
2024-02-16,32.496299743652344,32.974625677702655,32.4863324817407,32.96466221718762,599700
2024-02-20,32.167449951171875,32.436509013760094,31.888427427627107,32.3667533828739,637400
2024-02-21,32.017974853515625,32.0279383143555,31.738950432539816,31.958182684286143,537900
2024-02-22,32.95469284057617,33.019464833258986,32.745425970619664,32.87497375738166,1604200
2024-02-23,32.95469284057617,33.213788414100165,32.81617755978643,33.134065529509286,978500
2024-02-26,33.06431198120117,33.22375395899263,32.99455635350469,33.07427544170212,805100
2024-02-27,33.12410354614258,33.18389191085444,32.94473084921392,33.18389191085444,584600
2024-02-28,32.874977111816406,32.98957401836336,32.80521767998322,32.964663465434214,721100
2024-02-29,33.18389129638672,33.27357764319032,32.92479951750768,33.233716199856175,801700
2024-03-01,33.79176712036133,33.841592026953734,33.32340463531998,33.35330262039279,883400
2024-03-04,33.79176712036133,33.9761234562896,33.75190567452872,33.90138419570264,958200
2024-03-05,33.06431198120117,33.512743731676096,32.86999218956147,33.512743731676096,1167600
2024-03-06,33.413089752197266,33.66221807734374,33.20382287140941,33.54263754566447,690100
2024-03-07,33.90138626098633,33.99107261887506,33.472885195673165,33.6921193597116,1200800
2024-03-08,33.532676696777344,34.21030609806082,33.43302307811985,34.04089684704152,1074400
2024-03-11,33.43301773071289,33.522704072461416,33.218767236613424,33.48284263137402,938400
2024-03-12,34.100685119628906,34.11064857965714,33.52270560168435,33.80172809923197,748900
2024-03-13,33.841590881347656,34.05085776278967,33.79176597644192,34.04089430236715,752100
2024-03-14,33.56257247924805,33.91135065765888,33.358285402323816,33.87149300969553,755700
2024-03-15,33.03441619873047,33.34333287745767,32.97462403443016,33.26361379312035,801100
2024-03-18,33.353302001953125,33.511748015012614,33.2387012976585,33.46291907526191,647200
2024-03-19,33.34333801269531,33.353305275645305,32.855048567261704,33.163965293565454,645000
2024-03-20,33.841590881347656,33.86152160358926,33.363264951738806,33.47288202336936,857700
2024-03-21,33.951210021972656,34.235216178778956,33.951210021972656,34.19037490205013,842000
2024-03-22,33.891414642333984,33.98110098869579,33.76187065423083,33.831626279023745,530200
2024-03-25,33.851558685302734,33.971139219270896,33.682149444234255,33.682149444234255,533100
2024-03-26,33.851558685302734,34.161471347422086,33.83661159373129,34.09071975323906,537700
2024-03-27,33.891414642333984,34.080754596540274,33.64726995555879,34.080754596540274,602200
2024-03-28,33.841590881347656,34.03093084194464,33.83162742092514,33.921313770314086,946300
2024-04-01,34.05085754394531,34.26012822543892,33.871488647716795,34.085739158691375,1040100
2024-04-02,33.851558685302734,33.88145286844562,33.54263818770529,33.84159142332402,613100
2024-04-03,33.96117401123047,34.06580744824332,33.58249790485318,33.702078432668365,614900
2024-04-04,33.502777099609375,34.39964061741969,33.47786654719039,34.39964061741969,855100
2024-04-05,33.79176712036133,33.961176364451546,33.47786678757215,33.60243095475151,539500
2024-04-08,33.81169509887695,33.96117360791811,33.692114572481856,33.93127562527204,384800
2024-04-09,33.91135025024414,34.02096733396974,33.532677890060945,34.01100387244787,563300
2024-04-10,33.502777099609375,33.62236143624853,33.363265841593694,33.472882916147924,684800
2024-04-11,34.03092956542969,34.080754468466466,33.51274221077506,33.75190326591016,899600
2024-04-12,33.243682861328125,33.67218386594448,33.18389069740617,33.67218386594448,721200
2024-04-15,32.69560623168945,33.6323274651797,32.609903737080614,33.6323274651797,1267200
2024-04-16,32.67567443847656,32.845079887348135,32.45644027979868,32.61588226754709,614100
2024-04-17,32.30696487426758,32.85505032391144,32.22724577339033,32.85505032391144,880200
2024-04-18,32.13755798339844,32.5461283359377,32.067802347701274,32.426547789227854,939700
2024-04-19,31.350309371948242,31.968150391733833,31.23072883322065,31.958183129358407,789600
2024-04-22,31.6691951751709,31.828637160262517,31.31044975836557,31.549612736002995,594400
2024-04-23,32.2172737121582,32.2870293323312,31.814681146062743,31.858526449772572,473900
2024-04-24,32.346824645996094,32.615883725107345,32.117627015952515,32.55609155150584,327400
2024-04-25,32.077762603759766,32.137554771838076,31.479856128563306,31.6891230147424,465000
2024-04-26,32.536163330078125,32.6457766085448,32.28902691739648,32.48135479014636,451100
2024-04-29,32.645774841308594,32.67666879191982,32.44547545018561,32.675672825996344,263800
2024-04-30,31.978111267089844,32.56605425360722,31.948217085174267,32.46640444629097,419400
2024-05-01,31.858530044555664,32.491316228622956,31.75788236684966,31.88842612830234,318000
2024-05-02,32.595947265625,32.62584524786399,32.03790228244842,32.386680396933784,368800
2024-05-03,33.02444839477539,33.12410200030542,32.815181525256875,33.00451767366938,432100
2024-05-06,33.532676696777344,33.532676696777344,33.203825457302926,33.23371964220174,613000
2024-05-07,33.43301773071289,33.70207675595847,33.343331388964366,33.70207675595847,413700
2024-05-08,33.23371505737305,33.27357649933687,32.94472910662616,33.004517468175564,576900
2024-05-09,33.243682861328125,33.313438485205545,33.08623282397779,33.20382141871349,346700
2024-05-10,33.273582458496094,33.48284936419049,33.16396537416178,33.42306099193324,407900
2024-05-13,33.47288131713867,33.532673482601965,33.35330078760859,33.48284477735098,397000
2024-05-14,33.692115783691406,33.707062874853584,33.39315875486177,33.39315875486177,458000
2024-05-15,34.33985137939453,34.379712828342385,33.80572088824313,33.911350306697635,1032000
2024-05-16,34.250160217285156,34.419569450859875,34.19037185364411,34.379708007501534,551700
2024-05-17,34.18040466308594,34.27507464090947,34.01099923055589,34.150510481203334,437800
2024-05-20,34.409603118896484,34.429533841114086,34.15051133286084,34.210303499513635,594700
2024-05-21,34.33985137939453,34.34981864232999,34.15051519898774,34.200340109474055,452800
2024-05-22,34.240196228027344,34.409601657587764,34.07078699707051,34.36974401624181,529300
2024-05-23,34.040889739990234,34.68862482114088,33.8924110110757,34.68862482114088,836300
2024-05-24,34.280059814453125,34.349815442916174,34.0209642218218,34.12061783490948,521500
2024-05-28,34.449462890625,34.47935707180159,34.2401960195961,34.46939361187486,596000
2024-05-29,34.12062072753906,34.22027054767807,33.95619510305243,34.00103638169589,458500
2024-05-30,33.31344223022461,33.89141800752594,33.21379241388201,33.88145454645041,1110900
2024-05-31,33.243682861328125,33.48284391422315,32.61587844503498,33.48284391422315,783600
2024-06-03,33.43301773071289,33.61239041420995,33.04437818360136,33.61239041420995,530600
2024-06-04,33.532676696777344,33.572534342843475,33.27358108966474,33.43302307811985,366100
2024-06-05,34.319915771484375,34.319915771484375,33.751903509690386,33.78180149284554,703200
2024-06-06,34.33985137939453,34.41957427729023,34.22027083394798,34.379712828342385,652100
2024-06-07,34.16047668457031,34.34483302424259,34.075773961503366,34.18040740789138,367400
2024-06-10,34.389671325683594,34.409602047280494,34.050856661329234,34.080754644422804,385400
2024-06-11,34.449462890625,34.449462890625,34.09071751092037,34.35977654569884,454500
2024-06-12,35.077266693115234,35.216777938033786,34.87796328549031,34.93775544819668,665000
2024-06-13,35.12709426879883,35.54562803541627,34.98758301325968,35.53566457490488,689700
2024-06-14,35.246673583984375,35.25664084554796,35.03740670790678,35.137056515163785,568100
2024-06-17,35.66521453857422,35.744933631702544,35.166957851982446,35.30646911600465,583700
2024-06-18,35.82465362548828,35.864515069523264,35.65524438903787,35.69510583307285,734900
2024-06-20,35.54562759399414,36.0538515058858,35.39615287979985,36.04388424410158,1011600
2024-06-21,35.40611267089844,35.54562391024691,35.226739991337205,35.40611267089844,412900
2024-06-24,34.9975471496582,35.47587309277146,34.9776164268539,35.3263983738342,873800
2024-06-25,35.31643295288086,35.33636367672421,35.01747969802437,35.127096778464356,428700
2024-06-26,35.38618850708008,35.406119230879185,35.186888871882765,35.28653868948142,500100
2024-06-27,35.55879211425781,35.618656771832555,35.32931663589595,35.40913617932894,565500
2024-06-28,35.5488166809082,35.9379274412973,35.42908736539977,35.63861176453687,443400
2024-07-01,35.70845413208008,35.728409019210716,35.27943357378531,35.618659042995,731800
2024-07-02,36.01774215698242,36.01774215698242,35.53385045971928,35.62863140763412,435300
2024-07-03,36.44676208496094,36.46671696998864,36.06763068745012,36.10753665150036,344900
2024-07-05,36.75605773925781,36.75605773925781,36.446762724905504,36.566492037173944,492500
2024-07-08,36.69619369506836,36.7161485807792,36.5764681868086,36.676238809357514,539100
2024-07-09,36.656288146972656,36.82589896843785,36.54653817731621,36.69619411284337,557500
2024-07-10,36.94562530517578,36.97555953775562,36.606399848645715,36.73610470714394,644000
2024-07-11,36.42680740356445,37.095282734711205,36.327036783873375,37.055372964432706,1073800
2024-07-12,36.69619369506836,37.00548871457846,36.46671821840162,36.536558415386914,538100
2024-07-15,36.75605773925781,37.09528317867462,36.59741963560656,36.875783245521035,455500
2024-07-16,36.865806579589844,36.935646773276886,36.606396883605036,36.91569188850843,683700
2024-07-17,35.63861083984375,36.267172602930145,35.608676608740666,36.267172602930145,683800
2024-07-18,35.389183044433594,35.917974224821705,35.13975266787233,35.84813402386499,637100
2024-07-19,35.02002716064453,35.45902710704503,34.98610803591918,35.299391800901006,332400
2024-07-22,35.688499450683594,35.74237726564635,35.35426365283118,35.53883969934386,367200
2024-07-23,35.55879211425781,35.76731553336931,35.421106066039634,35.588722540042525,412200
2024-07-24,34.24180221557617,35.075895943661166,34.22184732848251,35.0399786692948,797700
2024-07-25,34.122074127197266,34.77558045473545,33.7130084876229,34.23680996183109,513600
2024-07-26,34.45132064819336,34.65086570053902,34.25177940185301,34.501209765783756,269900
2024-07-29,34.34156799316406,34.70074829809281,34.281707146345944,34.60097768272594,455200
2024-07-30,33.80280685424805,34.59100397859544,33.62321667249658,34.451323571901106,500300
2024-07-31,34.920249938964844,35.04995479013388,34.58601417441886,34.710729352772304,631400
2024-08-01,33.92252731323242,35.099838859760304,33.693051849892925,34.92024870479808,1022600
2024-08-02,32.695335388183594,32.99465108958359,32.356109911662095,32.93478642690134,940900
2024-08-05,31.777429580688477,32.171528119776426,30.77970809873909,30.87948062753457,1063800
2024-08-06,32.03683853149414,32.47583462897197,31.597840531013546,31.87720324095625,722100
2024-08-07,31.95701789855957,32.95473938205883,31.937063012168935,32.72526389757465,466800
2024-08-08,33.05451202392578,33.08943212171692,32.25633564155316,32.38603668706013,389100
2024-08-09,33.274009704589844,33.31391947707401,32.874923397764384,32.934784250485244,254400
2024-08-12,33.26403045654297,33.41967322347422,33.054509883364375,33.35382553162022,682400
2024-08-13,33.95246124267578,33.98239547559693,33.51346515522203,33.52344069552544,246100
2024-08-14,34.0123291015625,34.12207908524991,33.69305849774777,34.062214419782464,214700
2024-08-15,34.80052947998047,34.870369685505764,34.391463787901245,34.391463787901245,278400
2024-08-16,35.0998420715332,35.15970673066682,34.740661728742346,34.80052638787596,248900
2024-08-19,35.49893569946289,35.49893569946289,34.980120020321124,35.04996022655119,232700
2024-08-20,35.349273681640625,35.55580276658709,35.199613931562034,35.42908942394514,243100
2024-08-21,35.56877136230469,35.618656673810364,35.324326865717865,35.40913608188335,265200
2024-08-22,34.940208435058594,35.69847512316704,34.900298660419836,35.63861426721449,436500
2024-08-23,35.44904327392578,35.58872367337636,35.15970693478049,35.314352547599995,202100
2024-08-26,35.10981750488281,35.34927233468321,34.96016156651229,35.319341908210184,243000
2024-08-27,35.169681549072266,35.19961197502211,34.79054632768446,34.900296297507666,340800
2024-08-28,34.720706939697266,35.139751942796444,34.44134614163476,35.12977259657683,330000
2024-08-29,34.81050491333008,35.27943526841089,34.77558481067549,34.910279353775856,334800
2024-08-30,35.26945114135742,35.299385372437094,34.88034039136872,35.24950006197794,250200
2024-09-03,34.25178146362305,35.04995791504624,34.082166826817506,35.04995791504624,276300
2024-09-04,34.152008056640625,34.38148355545816,33.94248744546014,33.94248744546014,240300
2024-09-05,34.19191360473633,34.4213890751836,33.922528363949056,34.032278329381484,288100
2024-09-06,33.274009704589844,34.21685619499719,33.18421461950317,34.1819360955749,330100
2024-09-09,33.64316940307617,33.81677272683835,33.42366946034027,33.62321451682696,217400
2024-09-10,33.94248962402344,33.9524651654794,33.52344456876083,33.82276409652236,248600
2024-09-11,34.58102798461914,34.635902973102105,33.47754898019035,34.02230255915877,275300
2024-09-12,34.93022537231445,35.0100449131003,34.51617387400473,34.640889051978725,245600
2024-09-13,35.010047912597656,35.088866480772076,34.90029793761685,34.98011748524126,204800
2024-09-16,35.11979675292969,35.14972717931909,34.845421824342154,35.00007124136667,166100
2024-09-17,35.07988739013672,35.43906773502636,35.000071650164266,35.32931776230948,347400
2024-09-18,34.96015930175781,35.439065124329204,34.856396183233755,35.189634770531285,172000
2024-09-19,35.927947998046875,35.96785776977495,35.54083539150158,35.70845186555311,403300
2024-09-20,35.81820297241211,35.881059152177784,35.49893240045792,35.78826873966266,194000
2024-09-23,36.037696838378906,36.07261693604573,35.87905873583383,35.91797133295052,356100
2024-09-24,36.56649398803711,36.56649398803711,36.067633244986155,36.327039156730265,251000
2024-09-25,36.45674133300781,36.61637660679745,36.346991368651466,36.436786448033466,292900
2024-09-26,37.23496627807617,37.43451134036279,36.77601529902081,37.38462602629251,375800
2024-09-27,37.145172119140625,37.35469272707803,37.05537702916665,37.35469272707803,251900
2024-09-30,37.085304260253906,37.16512380268583,36.71614839151944,37.015464063628606,240400
2024-10-01,36.63633346557617,37.05637182799982,36.366948212916895,37.05537465459815,302000
2024-10-02,37.005489349365234,37.04539912147152,36.626354126366195,36.736104096655815,258100
2024-10-03,36.885765075683594,37.075330790535816,36.676240668103745,36.676240668103745,124700
2024-10-04,37.474422454833984,37.474422454833984,37.135196978611106,37.374648017118055,178600
2024-10-07,37.304805755615234,37.484395927590285,37.106261676624634,37.43451061448731,355400
2024-10-08,37.36467361450195,37.394604043725614,37.005493239795015,37.01546878086766,266200
2024-10-09,37.6440315246582,37.703896184480456,37.17510120439752,37.21501097761236,407400
2024-10-10,37.69391632080078,37.7936907524684,37.34970499806235,37.544260382307456,191800
2024-10-11,37.883487701416016,37.9383626900311,37.54426222907076,37.58416819769534,211800
2024-10-14,38.003211975097656,38.102982602401056,37.846568208105744,37.943347315112334,481100
2024-10-15,37.33473587036133,37.923391694471505,37.22498970485383,37.923391694471505,342600
2024-10-16,37.454463958740234,37.48439438416855,37.19605142505753,37.35468953063708,212400
2024-10-17,37.37464904785156,37.67895443076753,37.29981916900233,37.67396475724272,217600
2024-10-18,37.68394088745117,37.74480272004013,37.58516743492485,37.7138713140336,190600
2024-10-21,37.564212799072266,37.6530068993116,37.28484821477448,37.55423345355887,229700
2024-10-22,37.454463958740234,37.55423458083813,37.304804219588135,37.32475910520876,229800
2024-10-23,36.9256706237793,37.37464605491526,36.756059797575396,37.28485096868806,305500
2024-10-24,37.22499084472656,37.23496638516711,36.985536008092836,37.07533109607979,223600
2024-10-25,37.27487564086914,37.683941301345264,37.22499032734873,37.39460115451922,208600
2024-10-28,37.35468673706055,37.653005213669445,37.35468673706055,37.624071963785156,235900
2024-10-29,37.73382568359375,37.78371099588299,37.35469045938586,37.464440430025405,328400
2024-10-30,37.39460372924805,37.75378410093438,37.364673300276095,37.594148803074425,181100
2024-10-31,36.486671447753906,37.01546257406755,36.436786138744054,37.01546257406755,601700
2024-11-01,36.845855712890625,37.071338703953565,36.61638022203657,36.746085084173394,283700
2024-11-04,36.845855712890625,37.095286090689235,36.70218281049317,36.81592528547656,189800
2024-11-05,37.33473587036133,37.350702062985015,37.05537507451426,37.05537507451426,222300
2024-11-06,38.172821044921875,38.222710162281736,37.64303272036759,37.81364451956582,456400
2024-11-07,39.00093460083008,39.07077480316471,38.591868927439144,38.60184446805599,476700
2024-11-08,38.681663513183594,38.74152817412164,38.561937997313024,38.70161840016294,386500
2024-11-11,38.86125564575195,38.91114096270813,38.64175568393792,38.841300757768344,328800
2024-11-12,38.681663513183594,38.83331760942223,38.452188021929366,38.72157328714229,1521800
2024-11-13,38.66170883178711,38.87122943717611,38.54198331527991,38.691639259412526,282000
2024-11-14,38.282569885253906,38.72156974664873,38.20275415063996,38.68165997633917,292700
2024-11-15,37.6440315246582,38.03314229848921,37.504351124411734,37.93337167145758,513200
2024-11-18,37.79369354248047,37.93337395112124,37.60412401132026,37.803669083380946,289300
2024-11-19,38.06307601928711,38.083027099620644,37.44448596079628,37.45446530696845,289900
2024-11-20,38.10298538208008,38.11296472914171,37.67396480256783,38.11296472914171,487000
2024-11-21,38.41227722167969,38.57989370062125,38.01318710476656,38.342437022120706,440900
2024-11-22,38.60184097290039,38.65173008948419,38.292549763710156,38.37735517229424,399500
2024-11-25,38.751502990722656,39.08074910471772,38.621798130782565,38.911138277569904,290100
2024-11-26,38.83131790161133,38.973993625098075,38.716582063581306,38.80138747534356,354500
2024-11-27,38.492095947265625,38.86125182364068,38.24665427461219,38.85127247762751,326700
2024-11-29,38.731544494628906,38.74052286066325,38.37236418119412,38.37236418119412,148400
2024-12-02,39.03086471557617,39.107688937527975,38.76147944901554,38.84129899733227,290500
2024-12-03,39.060794830322266,39.060794830322266,38.73154493724277,38.73154493724277,323000
2024-12-04,39.77915573120117,39.839020392253886,39.43594157011335,39.49979492496625,501800
2024-12-05,39.63947296142578,39.888903325244975,39.594577322820875,39.87892778533454,378900
2024-12-06,40.16826629638672,40.16826629638672,39.71929466193223,39.84899571783861,441200
2024-12-09,40.15829086303711,40.55738099028938,40.01861046030047,40.5074918698787,444200
2024-12-10,39.699337005615234,40.011623542260175,39.55965661299517,39.82903805247373,461700
2024-12-11,40.248085021972656,40.2879947949774,39.91883510369164,40.008630189949606,490500
2024-12-12,39.968727111816406,40.15829283828227,39.93380700941465,40.0485428575894,435900
2024-12-13,40.04853820800781,40.24109923861244,39.77915296103851,40.13833329033091,461500
2024-12-16,40.47755813598633,40.513475407183876,40.06849250167018,40.18821800766375,594000
2024-12-17,40.40772247314453,40.52744799256857,40.26804206614889,40.32790292285808,549700
2024-12-18,38.911136627197266,40.46159661611846,38.79141111864122,40.39774326528893,598100
2024-12-19,38.88120651245117,39.42995255422653,38.831317394649055,39.310227044713166,790400
2024-12-20,39.16056823730469,39.57960943359834,38.472141783677074,38.59186729604592,607300
2024-12-23,39.40999984741211,39.42097636737678,38.90116354934113,39.200479242677325,612400
2024-12-24,39.85897445678711,39.85897445678711,39.44990879638176,39.44990879638176,203000
2024-12-26,39.839019775390625,39.928814862576544,39.58958940054145,39.739249147853144,505400
2024-12-27,39.3202018737793,39.62949689093602,38.98696327755493,39.62949689093602,437800
2024-12-30,38.802242279052734,39.019804793483786,38.47290044136395,38.66252288381555,480000
2024-12-31,38.562721252441406,38.95194066209968,38.44296231263918,38.93198020428797,399100
2025-01-02,38.383079528808594,38.88207953456139,38.15353998301046,38.782281056238,465300
2025-01-03,39.05174255371094,39.07170301131951,38.55772979380195,38.68247979855448,353400
2025-01-06,39.51082229614258,39.85014246683683,39.31721004198482,39.630581236661705,662200
2025-01-07,38.882080078125,39.660522686788006,38.70243976897722,39.550742074856814,709100
2025-01-08,38.842159271240234,38.99285825011206,38.56072557797727,38.89206231830602,705000
2025-01-10,38.12360382080078,38.69944953198994,37.894064259228564,38.40304262496379,774900
2025-01-13,37.92400360107422,37.94396405981771,37.56372550595092,37.67450357738294,364400
2025-01-14,38.023799896240234,38.38308051877963,37.82420293444547,38.35314173592402,363100
2025-01-15,38.89206314086914,38.98188329759206,38.55274297181232,38.70244069497182,723800
2025-01-16,38.802242279052734,39.10164152699927,38.772299689310486,39.071702744325016,314500
2025-01-17,39.38108444213867,39.56072477113522,39.26930891424186,39.534775792996776,356200
2025-01-21,39.99984359741211,40.04974283820661,39.490861442931305,39.85014206796057,719000
2025-01-22,40.558719635009766,40.73835994065653,40.474887999983665,40.62658442728839,1609700
2025-01-23,40.72838592529297,40.72838592529297,40.30423283220466,40.349144816902566,958200
2025-01-24,40.67848205566406,40.89804329406255,40.55073968860166,40.86810450957847,1042100
2025-01-27,39.580684661865234,40.03976380400616,39.231386142207654,39.53078541720963,1127100
2025-01-28,40.3192024230957,40.369101662796304,39.3511411832186,39.790259822479044,783700
2025-01-29,40.079681396484375,40.409023236603446,39.84015971211887,40.389062778983984,660900
2025-01-30,40.52878189086914,40.67847961136267,40.2194005105404,40.33915944834882,901700
2025-01-31,40.369102478027344,41.01780022137117,40.22938308121692,40.62858081395127,590000
2025-02-03,39.979881286621094,40.16949991567863,39.287269044422644,39.43097824211902,1054800
2025-02-04,40.848140716552734,40.88806163065166,40.30921979742099,40.31920192947967,873700
2025-02-05,40.937965393066406,40.9419552006764,40.488864577501154,40.65852657763395,909200
2025-02-06,41.07767868041992,41.1475383738693,40.76829731866712,40.93795929352116,1324900
2025-02-07,40.73836135864258,41.49185245538405,40.67847998565339,41.29724275200423,755900
2025-02-10,41.52678298950195,41.56271029106087,41.225385023006666,41.27728297520027,689700
2025-02-11,41.31720733642578,41.486865532905206,41.18746625219136,41.18746625219136,634800
2025-02-12,41.46689987182617,41.55472512188561,40.81820214616065,40.90802229981501,846900
2025-02-13,42.08565902709961,42.08565902709961,41.54674190952921,41.621592672462526,710300
2025-02-14,42.32518005371094,42.34014944465293,41.99085096578007,42.22538157605237,1101200
2025-02-18,42.68446350097656,42.69444182657833,42.32518286622288,42.634564258831475,1801200
2025-02-19,42.38506317138672,42.594642267347936,42.21540118389331,42.55472135181207,871500
2025-02-20,42.14554214477539,42.45492353441779,41.831173495914,42.34514291851022,884100
2025-02-21,41.15752410888672,42.314202766152036,41.05772181874436,42.29524356703287,679900
2025-02-24,40.22938537597656,41.08766226349375,40.019802461737896,41.08766226349375,882300
2025-02-25,39.68048095703125,40.20942358092396,39.334174812233414,40.20942358092396,1264000
2025-02-26,40.009822845458984,40.44894150447289,39.82319655878774,40.139563920171234,674000
2025-02-27,38.852142333984375,40.31920362887718,38.82220355068226,40.23936179731411,567800
2025-02-28,38.99186325073242,39.026793101634624,38.18348180647936,38.44296396209708,779000
2025-03-03,38.18347930908203,39.55074208541255,37.93397930265108,39.520799495834616,1311100
2025-03-04,38.21342086791992,38.88207903972635,37.305241021290556,37.9040394977461,1466600
2025-03-05,39.16152572631836,39.23637268840688,38.30324502839949,38.59266216496773,780600
2025-03-06,37.973899841308594,39.011820771478774,37.86411923043529,38.49286030639369,773500
2025-03-07,38.373104095458984,38.40803394621115,37.35015248375273,37.864121919278084,830500
2025-03-10,36.53678512573242,37.51482478978751,36.20744325762729,37.42500462640142,1238100
2025-03-11,36.76632308959961,37.23538434533534,36.32720442506219,36.61662155481258,1087500
2025-03-12,37.38507843017578,37.66452101407757,36.86611798243567,37.44495979966926,639000
2025-03-13,36.55674362182617,37.1256033570323,36.39307014846896,37.1156212243764,652300
2025-03-14,37.624603271484375,37.67450251339976,37.11063384632651,37.14556369637409,681100
2025-03-17,38.2234001159668,38.43597536956452,37.7224052009025,37.79425980155088,486500
2025-03-18,37.6146240234375,37.92899650504233,37.325206875306314,37.9240054383476,740700
2025-03-19,38.07370376586914,38.37310302209412,37.57470373647147,37.79426116060014,355900
2025-03-20,37.674503326416016,38.00084902020827,37.40504284577625,37.43498163015793,383200
2025-03-21,37.764320373535156,37.80424128746533,37.11561884690742,37.18547854275128,573800
2025-03-24,38.52280044555664,38.57270349376081,38.22140628800555,38.323203481012214,750900
2025-03-25,38.61262130737305,38.73238405676787,38.502844497696664,38.58268252355841,867000
2025-03-26,37.84416198730469,38.652543439334096,37.69446425645586,38.602644195717815,402500
2025-03-27,37.544761657714844,37.98388412609453,37.45494149891611,37.71442364969831,328000
2025-03-28,36.466922760009766,37.285282496877734,36.34716001285733,37.18548020758404,2059300
2025-03-31,36.30724334716797,36.35714258888957,35.285289211913536,35.67850224168508,854700
2025-04-01,36.64656448364258,36.71143311887825,35.957941985759646,36.29726216827738,652400
2025-04-02,36.91602325439453,37.175501590385274,36.03478598830124,36.09765971688211,472700
2025-04-03,34.76034164428711,35.548758746762424,34.74038118754411,35.3192192048197,1328600
2025-04-04,32.335201263427734,33.58270125342004,32.11564004692738,33.34817064617063,1628200
2025-04-07,32.10565948486328,33.6485689793842,30.538801628920407,30.868141566240173,2125000
2025-04-08,31.437000274658203,33.59268014120919,30.957960727321083,33.31324135702952,1032600
2025-04-09,35.26932144165039,35.40904083762736,31.39708023411089,31.446981378055526,1129600
2025-04-10,33.74238586425781,34.55076353539177,32.854162548029784,34.50086429015991,875700
2025-04-11,34.381103515625,34.43100275820877,33.330208030438584,33.792283316172906,400100
2025-04-14,34.66054153442383,35.269322178529556,34.31623029638119,35.259343853066156,450600
2025-04-15,34.790283203125,35.049761547362074,34.630603343501846,34.6805025858088,309800
2025-04-16,33.83220291137695,34.44097973842551,33.36314167386391,33.961940175612796,435100
2025-04-17,33.83220291137695,34.25136110118757,33.688489900412726,34.17152307758613,318100
2025-04-21,33.16353988647461,33.68250034869525,32.784298816569546,33.53279882431833,515100
2025-04-22,34.04178237915039,34.29128239212327,33.48290097954664,33.592681594385596,350600
2025-04-23,35.01982498168945,35.70844370610894,34.85016297861693,35.23938623022975,439800
2025-04-24,36.12760543823242,36.20245620933564,35.07970606399251,35.08968439017437,339100
2025-04-25,36.69646072387695,36.73538037900635,36.09765843527893,36.18747858821524,286500
2025-04-28,36.72639846801758,36.896060444133134,36.190473727980255,36.68647755515888,313700
2025-04-29,36.876102447509766,36.95594047148493,36.4689174847391,36.55674273747302,229000
2025-04-30,36.796260833740234,36.91602358101222,35.91402991508446,36.16752354236862,380900
2025-05-01,37.09566116333008,37.55973135302701,37.08568283763547,37.32520453205603,272600
2025-05-02,38.083683013916016,38.243362874908755,37.70444191640769,37.70444191640769,354800
2025-05-05,38.023799896240234,38.253343255026635,37.764321561666236,37.834181259708004,289100
2025-05-06,37.70444107055664,37.95394108570234,37.32520378862421,37.454941055410934,305000
2025-05-07,37.8142204284668,37.91302145656846,37.32520254700647,37.68447935892778,415400
2025-05-08,38.23338317871094,38.55274288924895,37.95394057668914,38.12360256438824,360000
2025-05-09,38.24335861206055,38.57270043012339,38.103639225149436,38.5128190612753,500100
2025-05-12,39.84016036987305,39.920002201669064,39.396050649944925,39.890063418279595,808900
2025-05-13,40.628578186035156,40.77827970554514,39.90003865902665,40.00981926572493,813200
2025-05-14,40.908023834228516,41.08766034120726,40.67848047189353,40.91800215964531,559100
2025-05-15,40.72838592529297,40.85812319871292,40.32918435782219,40.518803008483246,731900
2025-05-16,40.848140716552734,40.88806163065166,40.538759342887936,40.77828102041357,394300
2025-05-19,40.79824447631836,40.833174326955444,40.16950335778267,40.29924443460678,310300
2025-05-20,40.6385612487793,40.76829850778786,40.4688992689766,40.72838140112946,654400
2025-05-21,40.139564514160156,40.92798168552627,39.9798846533314,40.43896377733054,441400
2025-05-22,40.219398498535156,40.483867884537965,39.97788192430483,40.06970078553037,371700
2025-05-23,39.87010192871094,40.11960193601568,39.430979479331086,39.58068100654113,483300
2025-05-27,40.70842361450195,40.73836239822653,40.22938403956815,40.39904222343157,471400
2025-05-28,40.43896484375,40.77728758095243,40.37409620725735,40.70842532982977,357200
2025-05-29,40.369102478027344,40.91800173995459,40.18946216582307,40.898041282257665,529000
2025-05-30,40.219398498535156,40.33915743035254,39.570700794712145,40.299240324458616,715800
2025-06-02,40.64854049682617,40.64854049682617,39.979882308531046,40.1495404851189,421200
2025-06-03,40.878082275390625,40.957924109012026,40.52379270459901,40.648542714331334,417000
2025-06-04,41.26729965209961,41.33715934952316,40.878080250148955,41.127580257252504,687700
2025-06-05,41.11760330200195,41.74634440682982,40.86810328658576,41.38706377549961,879100
2025-06-06,41.53676223754883,41.63656452972709,41.33716146026048,41.39704283556743,383800
2025-06-09,41.81620407104492,41.95592347042835,41.53676146520995,41.60662116490167,739900
2025-06-10,41.995845794677734,42.045745037978065,41.57668377540483,41.89604350100884,468000
2025-06-11,42.02578353881836,42.405024631234895,41.88606413820915,42.12558202294833,548500
2025-06-12,42.105621337890625,42.2453445448153,41.916002696237875,42.00582285429825,685500
2025-06-13,41.51679992675781,41.906023138284795,41.357120073465204,41.47688281873566,749500
2025-06-16,42.2353630065918,42.355121950001624,41.82618312679573,41.916003286120144,587100
2025-06-17,41.84614181518555,42.325181375630436,41.766299984910724,42.035760451486226,683900
2025-06-18,41.79624557495117,42.17448542288453,41.68646495397719,42.00582468386424,427300
2025-06-20,41.4170036315918,42.075683537064506,41.297244687069906,41.92598200111099,640100
2025-06-23,41.87607955932617,41.90602214847055,41.087658636724065,41.38706168576035,750800
2025-06-24,43.01380157470703,43.05073013571596,42.40302601802821,42.534761997058304,778000
2025-06-25,42.99384307861328,43.25431886286609,42.88605736991006,43.10361988387103,851800
2025-06-26,43.393043518066406,43.41300397674298,42.94394271551404,43.22338532991785,719300
2025-06-27,43.332096099853516,43.636829852674644,43.102297563709676,43.51193909533364,1003000
2025-06-30,43.65181350708008,43.70676574191256,43.48696061394585,43.63183052974434,1310300
2025-07-01,43.1622428894043,43.511935456166825,42.882485024631144,43.50194587341495,982500
2025-07-02,43.45199203491211,43.46198161805435,42.99738786899303,43.09230605997905,851200
2025-07-03,43.961544036865234,44.46110703728416,43.68478570776047,43.741735097044675,786200
2025-07-07,43.501949310302734,43.72175445047792,43.25216779677738,43.63183295315425,1115300
2025-07-08,43.64182662963867,43.751731106117084,43.52692545567575,43.741737711148076,814100
2025-07-09,43.731746673583984,43.83165775177162,43.471971772114806,43.75172965149418,730000
2025-07-10,43.61185073852539,43.91658446864095,43.342086265405236,43.821666280497794,1220800
2025-07-11,43.24217224121094,43.51193671970273,43.19221670327466,43.461981181766454,886000
2025-07-14,43.47196960449219,43.53191853523356,43.08730778015033,43.20220894456385,746100
2025-07-15,43.75172805786133,44.05146509286981,43.71675880063306,43.98152657841327,1028500
2025-07-16,43.94156265258789,43.97153521406345,43.37206111637208,43.86163455153194,728500
2025-07-17,44.391170501708984,44.4261397608432,43.931573435555535,43.961545997281036,1035400
2025-07-18,44.321231842041016,44.54803464276697,44.22131695100247,44.53604409356967,1012800
2025-07-21,44.49108123779297,44.72087976909338,44.41414886829238,44.43113611480534,1332000
2025-07-22,44.141387939453125,44.441124983662206,43.741736006265484,44.40115902807078,899100
2025-07-23,44.730873107910156,44.74585938863832,44.30124860734026,44.49108118216935,1042200
2025-07-24,44.551029205322266,44.72987361592934,44.416148870163845,44.70089963226565,1200000
2025-07-25,44.70090103149414,44.74086317674843,44.41615026047906,44.511064643241816,1110300
2025-07-28,44.89073181152344,44.93069776654139,44.71588552252394,44.9007213945963,1222800
2025-07-29,44.84077835083008,45.25041988033401,44.715887594135424,45.09055986421939,1193800
2025-07-30,44.780826568603516,45.00562839181684,44.48108953386469,44.910714014490175,909300
2025-07-31,44.53104782104492,45.190470862737335,44.446123021374426,45.190470862737335,1553700
2025-08-01,43.432010650634766,43.84165217903391,43.15724946210217,43.82166920065304,1289500
2025-08-04,44.291259765625,44.3012493491566,43.87162484139272,43.88161442492433,885100
2025-08-05,44.13139343261719,44.61097726490058,43.98152681997143,44.571011310316436,900100
2025-08-06,44.60098648071289,44.60698175538769,44.05646461024934,44.201338345572786,1114800
2025-08-07,44.67092514038086,45.060583693199526,44.236307744404705,44.98065559046507,1179600
2025-08-08,44.870750427246094,44.905719686287654,44.67592115381979,44.760845952725944,982600
2025-08-11,44.64094924926758,45.06557702999746,44.55102775829487,44.85076479108284,1499400
2025-08-12,45.30037307739258,45.3253527519847,44.58100113640753,44.87874102036575,1104800
2025-08-13,45.55015563964844,45.72999862908689,45.400285211328615,45.590121595382165,1375900
2025-08-14,45.190467834472656,45.35032783958377,44.980652292394915,45.13951372035754,1281600
2025-08-15,45.18048095703125,45.34034097171478,45.04160249781187,45.34034097171478,946700
2025-08-18,45.260406494140625,45.280389471264215,44.97065904289338,45.060580534267935,1084100
2025-08-19,44.45111846923828,45.243424674211866,44.371186557891804,45.2304355480499,1158500
2025-08-20,44.10142135620117,44.311236903025055,43.41202578319558,44.2612813649284,1192900
2025-08-21,43.841651916503906,44.04147788775253,43.641825945255285,43.90659373733027,929600
2025-08-22,44.90072250366211,45.05059293299968,43.93157284439941,44.01150094504633,1363400
2025-08-25,44.730873107910156,44.95767590732298,44.66093459026979,44.835780884370706,728100
2025-08-26,44.94068908691406,44.97066164865457,44.7308735320037,44.7308735320037,1574400
2025-08-27,44.97066116333008,45.01062711946171,44.69090709313537,44.85076710629854,1167700
2025-08-28,45.49020767211914,45.530173628701625,45.05059358380205,45.10054912384845,1396500
2025-08-29,45.04060363769531,45.410279204698334,44.85076725113869,45.37031324843764,1003800
2025-09-02,44.58100128173828,44.605980956411834,43.971533808790596,44.161370189037854,936500
2025-09-03,44.84077835083008,44.95068282653952,44.61097981587553,44.80081239396057,625800
2025-09-04,45.0206184387207,45.07057397590061,44.440124958464146,44.8207924786379,744800
2025-09-05,45.42026901245117,45.653067088024514,44.9207059908148,45.54515976786026,708200
2025-09-08,46.0697021484375,46.09967470989337,45.80992724460881,45.859886595519725,1088500
2025-09-09,46.429386138916016,46.46934828202114,46.07169732574202,46.12964529176684,910200
2025-09-10,46.7890739440918,47.17473436690497,46.6641831899955,47.158749509035104,1321600
2025-09-11,47.158748626708984,47.32759964246995,46.96891224476185,47.16873820984992,1622100
2025-09-12,47.29862594604492,47.36356776526346,47.12377965479248,47.27364627099602,1426700
2025-09-15,47.91808319091797,47.923079888219135,47.57838019034168,47.57838019034168,1412800
2025-09-16,48.14788055419922,48.21781906927024,47.96803756934137,48.20782948627291,1494900
2025-09-17,48.19784164428711,48.35070780580182,47.59836373598542,48.18784824956557,1392500
2025-09-18,48.73736572265625,48.907219126873265,48.39266983969916,48.61747166820871,1332300
2025-09-19,49.09705352783203,49.161999160408385,48.74736093458787,48.837282431616856,1395800
2025-09-22,49.61659622192383,49.67154845596278,49.07207439000005,49.07207439000005,4395300
2025-09-23,49.186973571777344,49.79644105459519,49.08905964856156,49.77645807680537,4987800
2025-09-24,49.19696807861328,49.53667108599366,48.87724423811111,49.51668810775207,4757300
2025-09-25,48.87724304199219,49.04709644720744,48.24779639392087,48.69740386494559,2536500
2025-09-26,48.87724304199219,48.91720899749734,48.447622360083336,48.80730452553982,1528800
2025-09-29,49.296878814697266,49.506694367725856,49.20695731891882,49.31186509543311,2301600
2025-09-30,49.346832275390625,49.38779680706998,48.99214300458557,49.38679822991144,1400800
2025-10-01,49.846397399902344,49.896352939503515,49.15700180613412,49.17698478424726,1866500
2025-10-02,50.27602005004883,50.44587345207581,49.96628961774271,50.44587345207581,2456600
2025-10-03,50.166114807128906,50.62571184563922,49.906343727951,50.500821097476866,1949500
2025-10-06,51.015377044677734,51.345086656422396,50.90547257030839,51.1452606858748,2104100
2025-10-07,50.515811920166016,51.345084518061384,50.25603702586394,51.255163025628086,1958800
2025-10-08,51.50494384765625,51.53492021898161,50.65568828358,50.67567126067585,2277400
2025-10-09,51.22519302368164,51.49495751445477,50.90047629526787,51.49495751445477,1876500
2025-10-10,48.887237548828125,51.42301764492013,48.857264987198974,51.32510371965908,2760800
2025-10-13,50.39591598510742,50.44587533609859,49.831411145722875,50.17611084847242,2071400
2025-10-14,49.7664680480957,50.276020637403086,49.017123538820385,49.50169645327328,1483800
2025-10-15,50.505821228027344,50.84552423857688,49.901350423192504,50.55577676841569,1376600
2025-10-16,50.485836029052734,51.18522499781821,50.18609898854275,51.00538201123957,2220500
2025-10-17,50.45586395263672,50.60972868874185,49.8364068881227,50.1061713705796,1410300
2025-10-20,51.245174407958984,51.370065160282124,50.91546099237151,50.925454386920805,1064400
2025-10-21,50.97541046142578,51.2451749466431,50.78557788798989,51.07532153978923,1365800
2025-10-22,50.355953216552734,50.930447632202245,49.7564753143537,50.85551622937027,1476900
2025-10-23,51.03535842895508,51.070327686856515,50.17610945039047,50.2310616858589,1258100
2025-10-24,51.89460372924805,52.06445713332151,51.6198463625645,51.71476074204709,1726100
2025-10-27,53.043601989746094,53.053591573216586,52.58400492283545,52.58400492283545,1838000
2025-10-28,53.11354064941406,53.29937891791212,52.85876243955969,52.87874541791723,1552000
2025-10-29,53.42327117919922,53.62409572893391,52.943691131969786,53.5731378000665,3428600
2025-10-30,52.6539421081543,53.28339256903442,52.60398656933978,52.86375765799323,1858700
2025-10-31,53.03361129760742,53.2933823874071,52.653942340487895,53.24342684837216,1624600
2025-11-03,53.51319122314453,53.70302379563365,53.043600772179005,53.66305783994226,1755200
2025-11-04,51.51493835449219,52.51306197414948,51.47497239943731,52.044473919197934,2370400
2025-11-05,52.07444763183594,52.30924285877359,51.3750586483562,51.4949565161733,2171800
2025-11-06,51.05533981323242,52.03448669973756,50.755602759432044,51.934571807561824,2773200
2025-11-07,50.63570785522461,50.65069413596004,49.471725107503765,50.345960389795124,3587900
2025-11-10,52.05446243286133,52.10442178133517,51.484960924800674,51.77470837595102,1969400
2025-11-11,51.59486770629883,51.88461517043877,51.28014437816545,51.73474474102478,2072400
2025-11-12,51.5349235534668,51.99452062231937,51.3051212076771,51.99452062231937,1313600
2025-11-13,50.1561279296875,51.33509696084258,49.88636344174218,51.315113982695145,2443500
2025-11-14,50.106170654296875,50.710641429704964,48.96716380752909,49.09705125530636,3345400
2025-11-17,49.45673751831055,50.44587394567659,49.097051544722895,49.83140977223714,2741100
2025-11-18,48.757347106933594,49.256910097396776,48.22781155667883,48.90721752861781,4112800
2025-11-19,48.74736022949219,49.398790832081765,48.317735728941614,48.63745575567273,2377600
2025-11-20,47.28863525390625,49.93631685837921,47.228686322012685,49.84639536622046,3491300
2025-11-21,47.55839538574219,48.06795177271578,46.4393753491524,47.3186072835831,4667600
2025-11-24,49.06707763671875,49.14201284771909,48.008002722609795,48.087934630707,1599300
2025-11-25,49.20695495605469,49.276893470372514,48.10791789274899,48.782327173021265,1223900
2025-11-26,49.6265869140625,49.78645073401334,49.26690475326283,49.566641792944175,1187400
2025-11-28,50.09617614746094,50.10117284455459,49.66655167012209,49.706517624145036,549800
2025-12-01,50.08618927001953,50.29600482292839,49.56164657638403,49.57663285711132,933800
2025-12-02,50.39591598510742,50.70564642898117,50.10617233072083,50.31099118660382,1073200
2025-12-03,50.79556655883789,50.81554953642429,50.096177588766885,50.28601397015607,1302500
2025-12-04,50.90547180175781,50.94243821460338,50.52980096470902,50.89547840713145,1382800
2025-12-05,51.43500518798828,51.73074791226177,51.095302201046195,51.095302201046195,1594700
2025-12-08,51.474971771240234,51.81067664233248,51.20520729495687,51.609852103700305,955400
2025-12-09,51.624839782714844,51.66980243566204,51.16524272682857,51.22519166030373,857700
2025-12-10,52.02449035644531,52.209330037972414,51.35507776794099,51.63483182745167,1274500
2025-12-11,51.63483428955078,51.70077468756686,50.90547273436043,51.484963858316256,1591600
2025-12-12,50.47584533691406,51.50494388422038,50.16311917730016,51.36007015869499,1608400
2025-12-15,49.83640670776367,50.785577184522154,49.81642373009512,50.70564527384792,1108700
2025-12-16,49.826412200927734,49.981279321561,49.416770696275286,49.4867092108723,2283400
2025-12-17,48.92720413208008,50.25603980329648,48.90722115361684,50.16611830589361,1374900
2025-12-18,49.756473541259766,50.14613206755365,49.651565769670114,49.96628908443906,1064000
2025-12-19,50.68566131591797,50.801561059608794,50.00125863661851,50.09617682586762,2133200
2025-12-22,51.11528778076172,51.255164815796014,50.90547222821028,51.225192254392475,1028500
2025-12-23,51.255165100097656,51.26016179748041,50.80056473371463,50.97541102847733,758400
2025-12-24,51.405033111572266,51.42001939165191,51.21519673359493,51.28513905957192,407300
2025-12-26,51.52492904663086,51.594867563800676,51.3700657316639,51.549908721918655,737600
2025-12-29,51.44499969482422,51.52492779334699,51.08531372306365,51.25516331452656,942100
2025-12-30,51.36000061035156,51.689998626708984,51.34000015258789,51.5099983215332,980500
2025-12-31,50.86000061035156,51.39500045776367,50.86000061035156,51.38999938964844,911100
2026-01-02,51.43000030517578,52.04999923706055,51.1150016784668,51.79999923706055,1450700
2026-01-05,52.04999923706055,52.33000183105469,51.845001220703125,52.220001220703125,2440800
2026-01-06,52.650001525878906,52.650001525878906,52.05500030517578,52.209999084472656,2149500
2026-01-07,52.58000183105469,52.91999816894531,52.505001068115234,52.630001068115234,3026900
2026-01-08,52.13999938964844,52.52000045776367,51.939998626708984,52.5099983215332,2060900
2026-01-09,52.58000183105469,52.69599914550781,51.93000030517578,52.2400016784668,2116500
2026-01-12,53.150001525878906,53.25,52.209999084472656,52.209999084472656,2221600
2026-01-13,52.63999938964844,53.209999084472656,52.5099983215332,52.96500015258789,1912600
2026-01-14,52.279998779296875,52.61000061035156,51.834999084472656,52.5099983215332,2574300
2026-01-15,52.36000061035156,52.935001373291016,52.32500076293945,52.90999984741211,2458900
2026-01-16,52.34000015258789,52.790000915527344,52.09000015258789,52.70000076293945,2128100
2026-01-20,50.939998626708984,51.75,50.869998931884766,51.220001220703125,2061000
2026-01-21,51.900001525878906,52.255001068115234,51.2599983215332,51.40999984741211,2560700
2026-01-22,52.45000076293945,52.57500076293945,52.09000015258789,52.529998779296875,2682400
2026-01-23,52.5099983215332,52.685001373291016,52.099998474121094,52.25,973600
2026-01-26,52.43000030517578,52.685001373291016,52.310001373291016,52.45000076293945,1059600
2026-01-27,53.11000061035156,53.220001220703125,52.81999969482422,53.119998931884766,976200
2026-01-28,53.61000061035156,53.939998626708984,53.404998779296875,53.72999954223633,1472600
2026-01-29,53.029998779296875,53.66999816894531,51.95000076293945,53.650001525878906,1936600
2026-01-30,51.970001220703125,53.04800033569336,51.755001068115234,52.810001373291016,1182700
2026-02-02,52.380001068115234,52.724998474121094,51.77000045776367,51.8650016784668,2176300
2026-02-03,51.040000915527344,52.4900016784668,50.334999084472656,52.47999954223633,1728800
2026-02-04,49.380001068115234,50.52000045776367,48.82500076293945,50.52000045776367,2469000
2026-02-05,48.470001220703125,49.45000076293945,48.279998779296875,48.900001525878906,2152000
2026-02-06,50.08000183105469,50.18000030517578,49.0099983215332,49.130001068115234,1347100
2026-02-09,50.83000183105469,51.06999969482422,49.63999938964844,49.8650016784668,1329800
2026-02-10,50.77000045776367,51.34000015258789,50.7400016784668,51.0,2525400
2026-02-11,50.54999923706055,51.29499816894531,49.93000030517578,51.255001068115234,1065400
2026-02-12,49.209999084472656,50.650001525878906,48.90999984741211,50.599998474121094,1869500
2026-02-13,49.45000076293945,49.849998474121094,48.540000915527344,49.0099983215332,2204500
2026-02-17,48.970001220703125,49.2599983215332,48.268001556396484,48.880001068115234,1919400
2026-02-18,49.54999923706055,49.970001220703125,48.83000183105469,49.08000183105469,1337900
2026-02-19,49.40999984741211,49.540000915527344,49.0099983215332,49.209999084472656,1262100
2026-02-20,49.880001068115234,50.150001525878906,49.02000045776367,49.02000045776367,1501900
2026-02-23,48.529998779296875,49.5,48.34000015258789,49.5,2334600
2026-02-24,49.4900016784668,49.665000915527344,48.52899932861328,48.849998474121094,2365200
2026-02-25,50.54999923706055,50.59000015258789,50.0099983215332,50.060001373291016,1390400
2026-02-26,50.52000045776367,50.79999923706055,49.81999969482422,50.720001220703125,2613100
2026-02-27,50.2599983215332,50.290000915527344,49.560001373291016,49.7599983215332,1117100
2026-03-02,50.060001373291016,50.220001220703125,48.90999984741211,49.0099983215332,2842300
2026-03-03,48.810001373291016,49.1150016784668,47.369998931884766,48.0,4333600
2026-03-04,49.91999816894531,50.314998626708984,49.04999923706055,49.154998779296875,5030100
2026-03-05,49.650001525878906,50.2599983215332,48.97999954223633,49.345001220703125,5497600
2026-03-06,49.099998474121094,49.66999816894531,48.75,48.89500045776367,3026500
2026-03-09,49.83000183105469,50.0,48.04999923706055,48.505001068115234,4445400
2026-03-10,49.66999816894531,50.45500183105469,49.47999954223633,50.099998474121094,2666800
2026-03-11,49.91999816894531,50.369998931884766,49.54499816894531,49.900001525878906,1425700
2026-03-12,48.59000015258789,49.56999969482422,48.57500076293945,49.36000061035156,1694900
2026-03-13,48.349998474121094,49.40999984741211,48.22999954223633,49.0,2557100
2026-03-16,49.34000015258789,49.71500015258789,49.16999816894531,49.279998779296875,1161200
2026-03-17,49.58000183105469,49.91999816894531,49.439998626708984,49.47999954223633,744700
2026-03-18,48.869998931884766,49.72999954223633,48.849998474121094,49.439998626708984,976400
2026-03-19,48.79999923706055,49.06999969482422,47.84000015258789,48.0,1035300
2026-03-20,47.369998931884766,48.5,47.09000015258789,48.5,1058100
2026-03-23,48.52000045776367,49.04999923706055,48.029998779296875,48.29999923706055,2607200
2026-03-24,47.61000061035156,48.0,47.334999084472656,47.82500076293945,2062100
2026-03-25,47.900001525878906,48.38999938964844,47.650001525878906,48.064998626708984,1689200
2026-03-26,46.40999984741211,47.5099983215332,46.38999938964844,47.209999084472656,1843500
2026-03-27,45.470001220703125,46.15999984741211,45.34000015258789,46.15999984741211,1729800
2026-03-30,44.779998779296875,45.834999084472656,44.459999084472656,45.755001068115234,1657900
2026-03-31,46.66999816894531,46.72999954223633,45.16999816894531,45.33000183105469,3106700
2026-04-01,47.34000015258789,47.81999969482422,46.970001220703125,47.25,2164600
2026-04-02,47.27000045776367,47.400001525878906,45.73500061035156,45.94499969482422,1662300
2026-04-06,47.75,48.0099983215332,47.380001068115234,47.56999969482422,3127100
2026-04-07,47.849998474121094,47.849998474121094,46.790000915527344,47.58000183105469,1989700
2026-04-08,49.599998474121094,50.5,49.26499938964844,50.400001525878906,1615600
2026-04-09,49.349998474121094,49.400001525878906,48.63999938964844,49.290000915527344,1819000
2026-04-10,49.369998931884766,49.66999816894531,49.19499969482422,49.58000183105469,1174300
2026-04-13,50.58000183105469,50.60499954223633,49.20000076293945,49.2599983215332,2080900
2026-04-14,51.83000183105469,51.83000183105469,51.15999984741211,51.17499923706055,1675100
2026-04-15,52.720001220703125,52.7599983215332,51.93000030517578,51.93000030517578,1168800
2026-04-16,53.4900016784668,53.70000076293945,52.78499984741211,53.30500030517578,1018700
2026-04-17,54.099998474121094,54.5099983215332,53.91999816894531,54.2400016784668,1302300
2026-04-20,53.90999984741211,54.1150016784668,53.38999938964844,54.040000915527344,2056700
2026-04-21,53.689998626708984,54.54999923706055,53.54999923706055,54.20000076293945,1589800
2026-04-22,54.970001220703125,54.97999954223633,54.22999954223633,54.4900016784668,1374300
2026-04-23,53.5099983215332,54.29499816894531,52.88999938964844,54.18000030517578,1388000
2026-04-24,55.13999938964844,55.15999984741211,54.29999923706055,54.54999923706055,1619200
2026-04-27,55.380001068115234,55.435001373291016,55.064998626708984,55.380001068115234,1083400
2026-04-28,54.5,54.83000183105469,54.040000915527344,54.369998931884766,1433600
2026-04-29,55.040000915527344,55.09000015258789,54.45000076293945,54.75,1210800
2026-04-30,55.880001068115234,55.95500183105469,54.70000076293945,55.540000915527344,1017200
2026-05-01,56.81999969482422,56.98500061035156,56.0,56.0,1754200
2026-05-04,57.11000061035156,57.7599983215332,56.79999923706055,57.310001373291016,1590400
2026-05-05,58.43000030517578,58.599998474121094,57.75,57.91999816894531,1751600
2026-05-06,60.29999923706055,60.314998626708984,59.275001525878906,59.720001220703125,2276100
2026-05-07,59.9900016784668,60.9900016784668,59.619998931884766,60.43000030517578,2491900
2026-05-08,62.310001373291016,62.310001373291016,60.709999084472656,60.724998474121094,2382100
2026-05-11,62.849998474121094,63.03499984741211,62.189998626708984,62.54999923706055,2608600
2026-05-12,61.02000045776367,62.0099983215332,59.744998931884766,61.869998931884766,2361800
2026-05-13,62.11000061035156,62.31999969482422,60.89500045776367,61.834999084472656,1685200
2026-05-14,62.43000030517578,62.75,61.82500076293945,61.90999984741211,1572100
2026-05-15,61.040000915527344,61.67499923706055,60.45000076293945,60.81999969482422,1737200
2026-05-18,60.720001220703125,61.66999816894531,59.939998626708984,61.540000915527344,2906600
2026-05-19,60.400001525878906,61.08000183105469,59.4900016784668,60.16999816894531,2305800
2026-05-20,61.869998931884766,61.88999938964844,60.47999954223633,60.75,1505300
2026-05-21,62.61000061035156,62.821998596191406,61.470001220703125,61.55500030517578,1724400
2026-05-22,62.810001373291016,63.36000061035156,62.63999938964844,62.84000015258789,1987400
2026-05-26,65.19999694824219,65.30999755859375,64.12000274658203,64.36499786376953,2334500
2026-05-27,65.0999984741211,65.6500015258789,64.47000122070312,65.6500015258789,2333400
2026-05-28,66.33999633789062,66.5250015258789,64.84500122070312,65.19000244140625,2885500
2026-05-29,67.31999969482422,67.42500305175781,66.58999633789062,66.76000213623047,2437200
2026-06-01,69.44000244140625,69.83000183105469,67.70500183105469,68.02999877929688,3548200
2026-06-02,70.13999938964844,70.18000030517578,69.0999984741211,69.55999755859375,2836000
2026-06-03,69.16000366210938,70.26000213623047,68.6500015258789,70.20999908447266,3559600
2026-06-04,68.06999969482422,68.51000213623047,66.87000274658203,67.37000274658203,2542600
2026-06-05,62.52000045776367,66.19000244140625,62.33000183105469,66.13999938964844,4016000
2026-06-08,64.44000244140625,65.18499755859375,63.9900016784668,64.53500366210938,3333000
2026-06-09,63.15999984741211,65.55000305175781,60.54999923706055,65.37000274658203,5697200
2026-06-10,61.36000061035156,63.470001220703125,61.23400115966797,62.11000061035156,3259500
2026-06-11,63.95000076293945,64.0199966430664,61.16999816894531,61.810001373291016,4271600
2026-06-12,64.0,64.44999694824219,62.88999938964844,63.525001525878906,3381900
2026-06-15,66.55000305175781,66.66999816894531,65.91999816894531,66.08999633789062,2354100
2026-06-16,64.63999938964844,66.80999755859375,64.58000183105469,66.23500061035156,2058500
2026-06-17,64.33000183105469,66.02999877929688,64.26499938964844,65.43000030517578,2604500
2026-06-18,66.80000305175781,67.04000091552734,65.62999725341797,66.19999694824219,1761600
2026-06-22,67.08999633789062,67.76499938964844,66.5250015258789,67.41999816894531,1846800
2026-06-23,63.349998474121094,64.75,62.970001220703125,63.45000076293945,12367000
2026-06-24,63.38999938964844,64.16999816894531,62.439998626708984,63.849998474121094,3656900
2026-06-25,64.05500030517578,65.86000061035156,62.959999084472656,65.86000061035156,4223124
