Date,Close,High,Low,Open,Volume
1986-07-09,7.328202724456787,7.369840239936655,7.036740116097711,7.120015147057447,1116800
1986-07-10,7.2865705490112305,7.411483186994279,7.12002036503383,7.369845640999929,595600
1986-07-11,7.036745548248291,7.286570833984916,7.03674554824829,7.244933286362145,800400
1986-07-14,6.828559398651123,7.0783847425042135,6.745284284033427,7.0783847425042135,738000
1986-07-15,6.620367527008057,6.786917653473668,6.203992210844028,6.786917653473668,2059200
1986-07-16,6.745278835296631,6.9951039773446535,6.620366264272619,6.620366264272619,1160400
1986-07-17,6.786918640136719,6.82855617780627,6.662006027128068,6.745281102467168,1046000
1986-07-18,6.828559398651123,6.891015734614396,6.662009169415731,6.786921841342275,1420000
1986-07-21,6.828559398651123,6.870196955959972,6.786921841342275,6.828559398651123,322800
1986-07-22,6.786918640136719,6.849374946641045,6.786918640136719,6.82855617780627,390800
1986-07-23,6.70364236831665,6.828554959030625,6.6620048380786585,6.828554959030625,1004000
1986-07-24,6.620367527008057,6.745280121857265,6.5370924637752506,6.703642590240863,1071600
1986-07-25,6.70364236831665,6.745279898554642,6.578729777602676,6.6203673078406675,688400
1986-07-28,6.745278835296631,6.828553882645972,6.641185026109954,6.7036413116219595,414800
1986-07-29,6.786918640136719,6.786918640136719,6.662006027128068,6.662006027128068,278400
1986-07-30,6.745278835296631,6.745278835296631,6.578728740597948,6.7036413116219595,459200
1986-07-31,6.70364236831665,6.828554959030625,6.6620048380786585,6.745279898554642,1213600
1986-08-01,6.495454788208008,6.745279972369854,6.495454788208008,6.662004910982572,1118000
1986-08-04,6.495454788208008,6.5370923189016485,6.349723430780264,6.5370923189016485,892400
1986-08-05,6.370543003082275,6.49545561098585,6.328905467114418,6.49545561098585,868800
1986-08-06,6.079079627990723,6.412179881579255,6.079079627990723,6.370542349880688,550400
1986-08-07,5.579430103302002,6.037443022229779,5.412879950964629,5.995805484145435,7560000
1986-08-08,5.912527084350586,5.954164599029111,5.579426966922384,5.621064481600909,2802000
1986-08-11,6.079079627990723,6.079079627990723,5.912529501196456,5.995804564593589,1428000
1986-08-12,6.245628833770752,6.287266359329224,6.079078731536866,6.079078731536866,1155200
1986-08-13,6.453818321228027,6.7244623153440415,6.245630633446479,6.287268171002788,865600
1986-08-14,6.328907012939453,6.53709474362825,6.245631920663934,6.495457197490491,762000
1986-08-15,6.245628833770752,6.328903884887695,6.120716257095337,6.328903884887695,654400
1986-08-18,6.453818321228027,6.578730933896957,6.162355558333858,6.287268171002788,606800
1986-08-19,6.370543003082275,6.49545561098585,6.328905467114418,6.49545561098585,2744000
1986-08-20,6.328907012939453,6.370544559077213,6.245631920663934,6.370544559077213,500000
1986-08-21,6.287265777587891,6.3705408209996515,6.2872657775878915,6.3289032992937715,353200
1986-08-22,6.245628833770752,6.370541410446167,6.245628833770752,6.328903884887695,286000
1986-08-25,6.162353992462158,6.3289041003665405,6.079078938509967,6.3289041003665405,766400
1986-08-26,6.245628833770752,6.245628833770752,6.120716257095337,6.120716257095337,408800
1986-08-27,6.203990936279297,6.245628459341574,6.1207158901547425,6.245628459341574,686400
1986-08-28,6.120718479156494,6.203993560505562,6.07908093848196,6.203993560505562,286000
1986-08-29,6.079079627990723,6.162354691387856,6.037442096292156,6.079079627990723,1128800
1986-09-02,5.829253673553467,6.1207163572311405,5.787616147313799,6.1207163572311405,916800
1986-09-03,5.954168796539307,5.954168796539307,5.787618620412333,5.829256164444077,684400
1986-09-04,6.203990936279297,6.203990936279297,5.912528274843356,5.9958033209679105,576800
1986-09-05,5.9958038330078125,6.287266519334581,5.9958038330078125,6.203991466098361,961600
1986-09-08,5.829253673553467,6.079078830991473,5.745978621074132,6.079078830991473,1793200
1986-09-09,5.745978355407715,5.8292534040368125,5.662703306778618,5.787615879722264,388000
1986-09-10,5.662703990936279,5.745979049626519,5.662703990936279,5.745979049626519,802400
1986-09-11,5.287967681884766,5.704343089907189,5.163055059478039,5.704343089907189,6240000
1986-09-12,5.079780101776123,5.287967810865308,5.0381425599582865,5.246330269047472,2066800
1986-09-15,5.079780101776123,5.163055185411798,4.954867476322612,5.079780101776123,1746800
1986-09-16,4.954867362976074,5.07977998557211,4.871592281245384,5.038142444706765,1547200
1986-09-17,4.913228988647461,4.996504056251656,4.705041319636976,4.996504056251656,997600
1986-09-18,5.829253673553467,5.829253673553467,4.913228096280779,4.913228096280779,833200
1986-09-19,5.704341411590576,5.829253997245845,5.45451624028004,5.829253997245845,928000
1986-09-22,5.662703990936279,5.7876165789716385,5.57942893224604,5.7043415202814,464000
1986-09-23,5.496152877807617,5.7043404868154814,5.371240312402899,5.7043404868154814,436400
1986-09-24,5.662703990936279,5.7043415202814,5.412878814865562,5.496153873555801,649600
1986-09-25,5.537792205810547,5.662704811956649,5.537792205810547,5.662704811956649,305600
1986-09-26,5.537792205810547,5.621067276574615,5.4961546704285125,5.537792205810547,278400
1986-09-29,5.496152877807617,5.579427921410764,5.371240312402899,5.579427921410764,724800
1986-09-30,5.704341411590576,5.829253997245845,5.45451624028004,5.45451624028004,773200
1986-10-01,5.704341411590576,5.829253997245845,5.704341411590576,5.787616468694088,668400
1986-10-02,5.704341411590576,5.745978940142332,5.704341411590576,5.704341411590576,592000
1986-10-03,5.579430103302002,5.745980255639375,5.496155027133315,5.745980255639375,228000
1986-10-06,5.621067047119141,5.662704580801504,5.537791979754412,5.662704580801504,467600
1986-10-07,5.621067047119141,5.662704580801504,5.579429513436777,5.579429513436777,176000
1986-10-08,5.745978355407715,5.745978355407715,5.621065782464069,5.662703306778618,558800
1986-10-09,5.621067047119141,5.745979648166232,5.579429513436777,5.745979648166232,243200
1986-10-10,5.537792205810547,5.621067276574615,5.4961546704285125,5.621067276574615,238400
1986-10-13,5.371241092681885,5.579428731933121,5.371241092681885,5.579428731933121,362800
1986-10-14,5.662703990936279,5.745979049626519,5.3712412855204414,5.3712412855204414,612000
1986-10-15,5.829253673553467,5.870891199793134,5.662703568594797,5.704341094834464,606800
1986-10-16,5.7876176834106445,5.870892757992092,5.7876176834106445,5.829255220701368,269200
1986-10-17,5.662703990936279,5.829254108316759,5.62106646159116,5.829254108316759,216000
1986-10-20,5.537792205810547,5.662704811956649,5.37124206428241,5.621067276574615,595200
1986-10-21,5.45451545715332,5.537790502300699,5.45451545715332,5.537790502300699,327200
1986-10-22,5.496152877807617,5.53779039960919,5.454515356006045,5.53779039960919,396000
1986-10-23,5.516972064971924,5.537790827481252,5.496153302462596,5.537790827481252,1358400
1986-10-24,5.537792205810547,5.57942974119258,5.4961546704285125,5.537792205810547,809600
1986-10-27,5.537792205810547,5.57942974119258,5.4961546704285125,5.57942974119258,305200
1986-10-28,5.662703990936279,5.662703990936279,5.496153873555801,5.496153873555801,329200
1986-10-29,5.912527084350586,5.9958021137076365,5.662701996279434,5.662701996279434,835600
1986-10-30,6.037441730499268,6.120716788850982,5.870891613795839,5.912529142971696,973200
1986-10-31,5.9958038330078125,6.037441359625922,5.912528779771593,6.037441359625922,632400
1986-11-03,5.9958038330078125,6.037441359625922,5.912528779771593,5.912528779771593,408800
1986-11-04,5.954168796539307,6.037443884602793,5.954168796539307,5.954168796539307,283200
1986-11-05,5.912527084350586,5.9958021137076365,5.912527084350586,5.9958021137076365,231200
1986-11-06,5.870894908905029,5.954170013995881,5.704344698723326,5.912532461450455,434000
1986-11-07,5.850073337554932,5.954167169184023,5.8292545712291135,5.870892103880751,517200
1986-11-10,5.829253673553467,5.870891199793134,5.745978621074132,5.870891199793134,503200
1986-11-11,5.954168796539307,5.954168796539307,5.787618620412333,5.87089370847582,142000
1986-11-12,5.9749860763549805,6.016623609988116,5.912529775905276,5.954167309538412,669600
1986-11-13,5.579430103302002,5.995805484145435,5.579430103302002,5.954167946061092,578800
1986-11-14,5.579430103302002,5.621067641386345,5.454517489048972,5.537792565217659,806000
1986-11-17,5.579430103302002,5.621067641386345,5.496155027133315,5.579430103302002,734400
1986-11-18,5.496152877807617,5.621065443212336,5.454515356006045,5.621065443212336,605600
1986-11-19,5.537792205810547,5.57942974119258,5.454517135046478,5.537792205810547,495600
1986-11-20,5.662703990936279,5.662703990936279,5.53779140290092,5.53779140290092,828400
1986-11-21,5.954168796539307,5.99580634057105,5.662705988317103,5.7043435323488465,666800
1986-11-24,6.079079627990723,6.162354691387856,5.870891969497889,5.870891969497889,715600
1986-11-25,5.9958038330078125,6.079078886244032,5.954166306389703,5.9958038330078125,424000
1986-11-26,6.037441730499268,6.037441730499268,5.9541666721475535,5.9541666721475535,171600
1986-11-28,5.9958038330078125,6.037441359625922,5.912528779771593,6.037441359625922,236000
1986-12-01,5.912527084350586,6.037439628386161,5.870889569672061,5.9958021137076365,596000
1986-12-02,5.954168796539307,5.9749875685551785,5.891712480491692,5.954168796539307,845600
1986-12-03,6.037441730499268,6.037441730499268,5.912529142971696,5.912529142971696,1016800
1986-12-04,5.954168796539307,6.120718972666281,5.87089370847582,5.99580634057105,643200
1986-12-05,5.704341411590576,5.954166582901112,5.66270388303882,5.912529054349356,636400
1986-12-08,5.662703990936279,5.745979049626519,5.53779140290092,5.662703990936279,712000
1986-12-09,5.621067047119141,5.704342114483868,5.621067047119141,5.621067047119141,302400
1986-12-10,5.579430103302002,5.662705179470689,5.537792565217659,5.662705179470689,341200
1986-12-11,5.371241092681885,5.621066259783368,5.287966036981391,5.621066259783368,1172000
1986-12-12,5.371241092681885,5.454516148382379,5.371241092681885,5.454516148382379,332000
1986-12-15,5.745978355407715,5.745978355407715,5.3296031122622285,5.371240636576777,768400
1986-12-16,5.7876176834106445,5.7876176834106445,5.7043426088291955,5.7043426088291955,770000
1986-12-17,5.662703990936279,5.829254108316759,5.662703990936279,5.7876165789716385,345200
1986-12-18,5.621067047119141,5.745979648166232,5.537791979754412,5.662704580801504,349200
1986-12-19,5.579430103302002,5.662705179470689,5.579430103302002,5.621067641386345,883600
1986-12-22,5.662703990936279,5.745979049626519,5.57942893224604,5.62106646159116,371600
1986-12-23,5.579430103302002,5.745980255639375,5.537792565217659,5.704342717555032,282800
1986-12-24,5.537792205810547,5.57942974119258,5.537792205810547,5.57942974119258,189200
1986-12-26,5.579430103302002,5.579430103302002,5.496155027133315,5.537792565217659,180000
1986-12-29,5.579430103302002,5.579430103302002,5.412879950964629,5.537792565217659,462000
1986-12-30,5.45451545715332,5.579428024874389,5.4128779345796305,5.537790502300699,485200
1986-12-31,5.45451545715332,5.579428024874389,5.45451545715332,5.516971741013855,378400
1987-01-02,5.558609485626221,5.579428247744671,5.412878150797069,5.454515675033969,363600
1987-01-05,6.079079627990723,6.120717159689289,5.579429247607924,5.579429247607924,1222000
1987-01-06,5.912527084350586,6.079077143064686,5.870889569672061,6.079077143064686,1120000
1987-01-07,6.245628833770752,6.245628833770752,5.995803680419922,5.995803680419922,976800
1987-01-08,6.453818321228027,6.495455858784338,6.203993095890168,6.245630633446479,1178800
1987-01-09,6.495454788208008,6.578729849595289,6.4121797268207255,6.453817257514366,659600
1987-01-12,6.287265777587891,6.495453386117291,6.2872657775878915,6.453815864411411,1713600
1987-01-13,6.287265777587891,6.2872657775878915,6.120715690764371,6.2872657775878915,1000000
1987-01-14,6.245628833770752,6.328903884887695,6.162353782653809,6.287266359329224,1237600
1987-01-15,6.037441730499268,6.245629376378552,5.9541666721475535,6.203991847202696,2141600
1987-01-16,5.912527084350586,6.037439628386161,5.870889569672061,6.037439628386161,722400
1987-01-19,6.079079627990723,6.120717159689289,5.912529501196456,5.912529501196456,1030000
1987-01-20,6.203990936279297,6.245628459341574,6.079078367092465,6.1207158901547425,895200
1987-01-21,6.079079627990723,6.162354691387856,5.995804564593589,6.120717159689289,923200
1987-01-22,6.245628833770752,6.245628833770752,6.079078731536866,6.120716257095337,372800
1987-01-23,6.287265777587891,6.578728429529051,6.162353212470251,6.245628255882011,1741600
1987-01-26,6.162353992462158,6.3289041003665405,6.120716465486063,6.3289041003665405,456800
1987-01-27,6.453818321228027,6.453818321228027,6.162355558333858,6.162355558333858,666400
1987-01-28,6.620367527008057,6.620367527008057,6.370542337309639,6.453817400542445,937200
1987-01-29,6.453818321228027,6.703643546565886,6.412180783671718,6.662006009009577,712000
1987-01-30,6.474637985229492,6.4954567568861785,6.287269040319313,6.4954567568861785,445200
1987-02-02,6.453818321228027,6.537093396340647,6.412180783671718,6.495455858784338,483600
1987-02-03,6.287265777587891,6.453815864411411,6.2872657775878915,6.453815864411411,739200
1987-02-04,6.495454788208008,6.5370923189016485,6.287267134739802,6.328904665433443,1103600
1987-02-05,6.786918640136719,6.786918640136719,6.453818338780316,6.495455876449866,904000
1987-02-06,6.5370917320251465,6.828554420714166,6.5370917320251465,6.745279366803017,1008800
1987-02-09,6.370543003082275,6.578730682921566,6.328905467114418,6.578730682921566,663200
1987-02-10,6.370543003082275,6.453818075017992,6.328905467114418,6.453818075017992,423600
1987-02-11,6.5370917320251465,6.620366785936295,6.4121791511584245,6.4121791511584245,394000
1987-02-12,6.745278835296631,7.078379024693995,6.537091216923278,6.578728740597948,1348800
1987-02-13,6.828559398651123,6.870196955959972,6.5787340547980335,6.745284284033427,1257600
1987-02-17,7.036745548248291,7.078383095871062,6.828557810134436,6.870195357757207,1275200
1987-02-18,7.078381061553955,7.286568739834954,6.995105990241556,7.078381061553955,1346000
1987-02-19,7.24492883682251,7.244928836822509,7.078378748619693,7.078378748619693,432800
1987-02-20,7.2032904624938965,7.286565496742381,7.161652945369655,7.161652945369655,350000
1987-02-23,7.140834808349609,7.244928610220596,7.120016047975413,7.203291089472201,479200
1987-02-24,7.161656379699707,7.161656379699708,7.078381305517153,7.12001884260843,934800
1987-02-25,7.307386875152588,7.328205641178664,7.120017980917906,7.161655512970057,831600
1987-02-26,7.453115940093994,7.5363909785307985,7.3282033824387875,7.3282033824387875,720000
1987-02-27,7.369843006134033,7.4531180683502365,7.286567943917829,7.390661771688084,314000
1987-03-02,7.24492883682251,7.369841402974622,7.1616537927211015,7.369841402974622,560400
1987-03-03,7.2032904624938965,7.244927979618139,7.120015428245412,7.2032904624938965,411200
1987-03-04,7.390660285949707,7.411479047318579,7.120016388154365,7.120016388154365,508000
1987-03-05,7.453115940093994,7.5363909785307985,7.36984090165719,7.411478420875592,684400
1987-03-06,7.453115940093994,7.619666016967603,7.411478420875592,7.453115940093994,741200
1987-03-09,7.4114813804626465,7.494756452153238,7.349025076694703,7.453118916307942,481600
1987-03-10,7.494754791259766,7.536392317877875,7.411479738023545,7.411479738023545,206000
1987-03-11,7.619662761688232,7.661300263118223,7.494750257398262,7.494750257398262,837600
1987-03-12,7.578028678894043,7.619666199107746,7.494753638466635,7.619666199107746,597600
1987-03-13,8.077682495117188,8.410782804194186,7.578032031501692,7.578032031501692,3545200
1987-03-16,8.119318008422852,8.160955536671173,8.077680480174529,8.119318008422852,504000
1987-03-17,8.244231224060059,8.410781349798645,8.119318629756119,8.160956161190764,1909600
1987-03-18,8.244231224060059,8.369143818364,8.244231224060059,8.244231224060059,1048000
1987-03-19,8.244231224060059,8.285868755494706,8.160956161190764,8.244231224060059,594800
1987-03-20,8.327505111694336,8.41078016281128,8.16095500946045,8.285867586135865,1144000
1987-03-23,8.285868644714355,8.369143706470279,8.285868644714355,8.327506175592317,636800
1987-03-24,8.285868644714355,8.327506175592317,8.244231113836394,8.285868644714355,490400
1987-03-25,8.285868644714355,8.327506175592317,8.244231113836394,8.327506175592317,939600
1987-03-26,8.49405574798584,8.618968332515044,8.285868107103834,8.327505635280236,2110800
1987-03-27,8.49405574798584,8.618968332515044,8.49405574798584,8.577330804338644,810400
1987-03-30,7.827856063842773,8.4940565799145,7.619668402570359,8.4940565799145,1305600
1987-03-31,7.994406700134277,8.077681769927342,7.744581490755081,7.786219025651613,876400
1987-04-01,7.911128997802734,7.952766518843801,7.8278539557206,7.8278539557206,830000
1987-04-02,7.911128997802734,8.11931660300807,7.8694914767616675,7.994404039884868,566400
1987-04-03,8.036042213439941,8.036042213439941,7.869492115752067,7.952767164596004,264800
1987-04-06,8.160955429077148,8.160955429077148,8.03604284597903,8.03604284597903,297600
1987-04-07,7.911128997802734,8.24422916613127,7.911128997802734,8.160954124049136,304000
1987-04-08,7.994406700134277,8.03604423503081,7.911131630341211,7.911131630341211,507200
1987-04-09,7.994406700134277,8.03604423503081,7.911131630341211,7.994406700134277,310400
1987-04-10,7.911128997802734,7.952766518843801,7.911128997802734,7.952766518843801,442400
1987-04-13,7.661305904388428,7.9111310969228334,7.661305904388428,7.869493564833766,524000
1987-04-14,7.078381061553955,7.661306560740751,7.036743525897755,7.661306560740751,1610000
1987-04-15,7.2032904624938965,7.286565496742381,7.036740393996928,7.244927979618139,730400
1987-04-16,7.24492883682251,7.328203880923917,7.1616537927211015,7.203291314771805,970800
1987-04-20,7.24492883682251,7.328203880923917,7.1616537927211015,7.244928836822509,482800
1987-04-21,7.24492883682251,7.244928836822509,7.078378748619693,7.203291314771805,798800
1987-04-22,7.161656379699707,7.369844065156094,7.161656379699708,7.244931453882263,466800
1987-04-23,7.12001895904541,7.203294034589801,7.036743883501019,7.203294034589801,288400
1987-04-24,6.786918640136719,7.1200189414931225,6.745281102467168,7.078381403823572,686000
1987-04-27,6.620367527008057,6.786917653473668,6.495454932158848,6.786917653473668,927200
1987-04-28,6.70364236831665,6.786917428792634,6.6620048380786585,6.745279898554642,978800
1987-04-29,6.4121809005737305,6.745281207097041,6.4121809005737305,6.703643668781628,1031200
1987-04-30,7.078381061553955,7.203293668522554,6.32890541974236,6.453818026710959,1474800
1987-05-01,7.036745548248291,7.078383095871062,6.995108000625519,7.078383095871062,763600
1987-05-04,6.953469753265381,7.036744840130835,6.870194666399928,7.036744840130835,791600
1987-05-05,6.91182804107666,6.953465559396399,6.828553004437182,6.953465559396399,403600
1987-05-06,6.953469753265381,6.995107296698108,6.828557122967201,6.870194666399928,1174800
1987-05-07,6.953469753265381,7.036744840130835,6.870194666399928,6.995107296698108,630400
1987-05-08,7.12001895904541,7.1616564968176055,6.953468807956629,6.995106345728824,518800
1987-05-11,7.078381061553955,7.453118882459753,7.078381061553955,7.161656132866355,783600
1987-05-12,7.161656379699707,7.161656379699708,6.995106231334598,7.12001884260843,351200
1987-05-13,7.328202724456787,7.369840239936655,7.120015147057447,7.161652662537315,519200
1987-05-14,7.24492883682251,7.45311644707603,7.244928836822509,7.369841402974622,436400
1987-05-15,7.328202724456787,7.49475278637626,7.2449276934970515,7.28656520897692,1227600
1987-05-18,7.369843006134033,7.369843006134033,7.244930412809727,7.369843006134033,665200
1987-05-19,7.2032904624938965,7.3698405309908654,7.2032904624938965,7.286565496742381,691200
1987-05-20,7.161656379699707,7.28656899097354,7.12001884260843,7.28656899097354,1437200
1987-05-21,7.2865705490112305,7.369845640999929,7.28657054901123,7.28657054901123,426800
1987-05-22,7.2032904624938965,7.328203013866624,7.120015428245412,7.328203013866624,463600
1987-05-26,7.2032904624938965,7.2032904624938965,7.07837791112117,7.161652945369655,851200
1987-05-27,7.2865705490112305,7.369845640999929,7.16165791102818,7.20329545702253,642800
1987-05-28,7.328202724456787,7.328202724456787,7.203290178017183,7.28656520897692,269600
1987-05-29,7.2032904624938965,7.328203013866624,7.161652945369655,7.244927979618139,454000
1987-06-01,7.078381061553955,7.203293668522554,7.078381061553955,7.203293668522554,270000
1987-06-02,6.91182804107666,7.244928187634571,6.91182804107666,7.0783781143556155,1157200
1987-06-03,7.036745548248291,7.120020643493833,6.995108000625519,6.995108000625519,454400
1987-06-04,7.078381061553955,7.120018597210155,6.995105990241556,7.036743525897755,339600
1987-06-05,7.24492883682251,7.328203880923917,7.078378748619693,7.078378748619693,298800
1987-06-08,7.224113464355469,7.286569776727418,7.161657151983519,7.244932235146118,102000
1987-06-09,7.369843006134033,7.4531180683502365,7.244930412809727,7.286567943917829,553200
1987-06-10,7.744581699371338,7.911131843443839,7.369843875208208,7.453118947244459,1327600
1987-06-11,7.786217212677002,7.786217212677002,7.702942162274039,7.786217212677002,438000
1987-06-12,7.994406700134277,8.03604423503081,7.702943955858548,7.786219025651613,802000
1987-06-15,7.723762035369873,8.036043519279705,7.661305738587906,7.994405988091728,1014000
1987-06-16,7.827856063842773,7.869493596097256,7.702943467079325,7.744580999333808,950400
1987-06-17,7.827856063842773,7.869493596097256,7.744580999333808,7.786218531588291,305200
1987-06-18,7.911128997802734,8.160954124049136,7.661303871556332,7.744578913638466,716400
1987-06-19,7.744581699371338,8.036044451498215,7.702944163353211,7.952769379461965,1115200
1987-06-22,7.890312194824219,7.9527684918808745,7.744580835025355,7.827855897767562,1788800
1987-06-23,7.807038307189941,7.911132151285808,7.702944463094076,7.869494613647461,522000
1987-06-24,7.723762035369873,7.869493394527795,7.702943269775884,7.827855863339817,341200
1987-06-25,7.661305904388428,7.786218500655631,7.661305904388428,7.744580968566563,141200
1987-06-26,7.619662761688232,7.661300263118223,7.411475254538281,7.661300263118223,665600
1987-06-29,7.619662761688232,7.7029377645482136,7.578025260258242,7.661300263118223,174000
1987-06-30,7.473938465118408,7.661307395998814,7.41148215482494,7.578032315607523,658800
1987-07-01,7.494754791259766,7.494754791259766,7.411479738023545,7.47393602795071,284000
1987-07-02,7.661305904388428,7.661305904388428,7.4531182439430905,7.494755776032158,1198000
1987-07-06,7.578028678894043,7.66130371932145,7.578028678894043,7.578028678894043,557200
1987-07-07,7.911128997802734,7.952766518843801,7.5780288294741975,7.5780288294741975,1249200
1987-07-08,7.786217212677002,7.952767313482926,7.786217212677002,7.869492263079964,974800
1987-07-09,7.7653985023498535,7.827854790572507,7.7445797396089695,7.827854790572507,676000
1987-07-10,7.869498252868652,7.869498252868652,7.744585582188197,7.786223139081682,1556400
1987-07-13,8.077682495117188,8.160957572386437,7.786219724674815,7.786219724674815,1487200
1987-07-14,8.160955429077148,8.202592956776522,8.077680373678401,8.077680373678401,2787200
1987-07-15,7.994406700134277,8.20259437461694,7.911131630341211,8.160956839720408,836400
1987-07-16,7.952769756317139,7.994407294308328,7.744582066361193,7.952769756317139,608800
1987-07-17,7.827856063842773,7.994406192860705,7.827856063842773,7.994406192860705,574000
1987-07-20,7.786217212677002,7.869492263079964,7.74457968747552,7.827854737878483,333200
1987-07-21,7.786217212677002,7.952767313482926,7.702942162274039,7.786217212677002,506400
1987-07-22,7.744581699371338,7.827856771407588,7.744581699371337,7.744581699371337,419600
1987-07-23,7.598848342895508,7.786217206144986,7.536392055145681,7.786217206144986,607200
1987-07-24,7.702945232391357,7.702945232391357,7.578032607001227,7.661307690594647,157600
1987-07-27,7.536393165588379,7.702943290794752,7.536393165588379,7.661305759493159,364000
1987-07-28,7.578028678894043,7.66130371932145,7.578028678894043,7.619666199107746,281200
1987-07-29,7.702945232391357,7.744582774188067,7.578032607001227,7.578032607001227,695200
1987-07-30,7.952769756317139,7.952769756317139,7.744582066361193,7.827857142343571,636400
1987-07-31,7.952769756317139,7.952769756317139,7.8694946803347605,7.91113221832595,402000
1987-08-03,8.036042213439941,8.119317262283879,7.786217066908129,7.911129640174035,455200
1987-08-04,8.036042213439941,8.036042213439941,7.911129640174035,7.952767164596004,434400
1987-08-05,8.036042213439941,8.119317262283879,7.952767164596004,7.994404689017973,400800
1987-08-06,8.077682495117188,8.119320033751812,7.994407417847938,8.036044956482563,300800
1987-08-07,8.202593803405762,8.306687633398221,8.07768120741481,8.119318739411796,726800
1987-08-10,8.327505111694336,8.41078016281128,8.20259253501892,8.20259253501892,2041600
1987-08-11,8.577329635620117,8.660604680626138,8.327504500602055,8.327504500602055,2023600
1987-08-12,8.577329635620117,8.743879725632159,8.494054590614097,8.577329635620117,939600
1987-08-13,8.452420234680176,8.618970387087668,8.452420234680176,8.577332848985794,1182000
1987-08-14,8.452420234680176,8.49405777278205,8.369145158476432,8.452420234680176,324400
1987-08-17,8.369144439697266,8.494057043274836,8.16095676706798,8.410781974223122,548000
1987-08-18,8.160955429077148,8.369143067574015,8.03604284597903,8.369143067574015,503200
1987-08-19,8.119318008422852,8.160955536671173,8.077680480174529,8.160955536671173,449200
1987-08-20,8.369144439697266,8.45241950874898,8.077681698016265,8.16095676706798,536800
1987-08-21,8.577329635620117,8.577329635620117,8.410779545608076,8.452417068111085,403600
1987-08-24,8.452420234680176,8.577332848985794,8.452420234680176,8.49405777278205,344000
1987-08-25,8.49405574798584,8.535693276162242,8.45241821980944,8.45241821980944,244400
1987-08-26,8.49405574798584,8.577330804338644,8.45241821980944,8.45241821980944,475200
1987-08-27,8.49405574798584,8.535693276162242,8.410780691633038,8.49405574798584,652800
1987-08-28,8.327505111694336,8.494055213928222,8.244230060577392,8.494055213928222,486400
1987-08-31,8.327505111694336,8.369142637252807,8.244230060577392,8.285867586135865,378400
1987-09-01,8.119318008422852,8.327505649664463,8.077680480174529,8.28586812141614,633600
1987-09-02,8.119318008422852,8.160955536671173,7.994405423677884,8.119318008422852,476800
1987-09-03,8.036042213439941,8.244229835549785,7.93194840238502,8.119317262283879,445200
1987-09-04,7.952769756317139,8.077682370290706,7.952769756317139,8.077682370290706,405600
1987-09-08,7.619662761688232,8.036037775988136,7.494750257398262,7.952762773128155,1049200
1987-09-09,7.515573978424072,7.661305329806257,7.453117684974565,7.619667800839918,1743600
1987-09-10,7.744581699371338,7.744581699371337,7.557212787289773,7.598850323307898,691200
1987-09-11,7.744581699371338,7.786219235389463,7.702944163353211,7.744581699371337,207600
1987-09-14,7.744581699371338,7.827856771407588,7.744581699371337,7.786219235389463,589200
1987-09-15,7.557214736938477,7.827858790878422,7.557214736938477,7.827858790878422,787600
1987-09-16,7.328202724456787,7.578027817335996,7.2449276934970515,7.578027817335996,736800
1987-09-17,7.24492883682251,7.369841402974622,7.078378748619693,7.328203880923917,932000
1987-09-18,7.536393165588379,7.536393165588379,7.16165538387404,7.203292915175633,531200
1987-09-21,7.2865705490112305,7.786221100943428,7.28657054901123,7.536395824977329,1220800
1987-09-22,7.661305904388428,7.661305904388428,7.036742923052414,7.161655519319617,1428400
1987-09-23,7.702945232391357,7.786220315984777,7.619670148797937,7.661307690594647,1136400
1987-09-24,7.619662761688232,7.7029377645482136,7.619662761688232,7.619662761688232,267600
1987-09-25,7.869498252868652,7.869498252868652,7.619672911507743,7.661310468401227,391200
1987-09-28,7.911128997802734,8.077679081967002,7.8278539557206,7.911128997802734,432400
1987-09-29,7.827856063842773,7.952768660606222,7.786218531588291,7.952768660606222,264400
1987-09-30,7.702945232391357,7.786220315984777,7.619670148797937,7.786220315984777,539200
1987-10-01,7.869498252868652,7.869498252868652,7.661310468401227,7.702948025294712,1227200
1987-10-02,7.827856063842773,7.869493596097256,7.786218531588291,7.786218531588291,56800
1987-10-05,7.786217212677002,7.827854737878483,7.74457968747552,7.786217212677002,217600
1987-10-06,7.453115940093994,7.786216093841212,7.453115940093994,7.7445785746228095,829600
1987-10-07,7.2865705490112305,7.453120732988629,7.182476684025355,7.369845640999929,576800
1987-10-08,7.2032904624938965,7.3698405309908654,7.057559152559049,7.3698405309908654,429600
1987-10-09,6.786918640136719,7.203294016832223,6.724462333632394,7.1200189414931225,3379600
1987-10-12,6.5370917320251465,6.745279366803017,6.4121791511584245,6.745279366803017,1616400
1987-10-13,6.495454788208008,6.662004910982572,6.4121797268207255,6.578729849595289,2360400
1987-10-14,6.453818321228027,6.495455858784338,6.079080483221238,6.495455858784338,2875600
1987-10-15,6.245628833770752,6.537091512680054,6.20399130821228,6.45381646156311,1123200
1987-10-16,6.079079627990723,6.328904818182122,5.995804564593589,6.245629754784988,1344800
1987-10-19,5.329604148864746,5.995804667472839,5.28796661645174,5.995804667472839,1888800
1987-10-20,4.954867362976074,5.496155394225561,4.829954740380039,5.371242771629526,2169600
1987-10-21,5.45451545715332,5.496152979727009,4.913227663695357,4.954865186269046,3149200
1987-10-22,5.246328830718994,5.454516482731653,5.121416239511399,5.371241421926589,1898400
1987-10-23,5.038141250610352,5.20469137459747,4.9548661886167915,5.20469137459747,2797200
1987-10-26,4.580129623413086,5.038142585754395,4.538492081382058,5.038142585754395,1159600
1987-10-27,4.70504093170166,4.871591053177825,4.538490810225495,4.663403401332619,2040400
1987-10-28,4.621766567230225,4.7050416405136515,4.455216420663369,4.600947798909368,2135600
1987-10-29,4.954867362976074,4.996504903841419,4.705042117784004,4.746679658649349,2072000
1987-10-30,5.163055419921875,5.24633050733997,4.913230157667591,4.913230157667591,980400
1987-11-02,5.329604148864746,5.371241681277752,5.079778954386711,5.163054019212723,960400
1987-11-03,5.121416091918945,5.329603737931911,4.996503504311167,5.287966208729317,468400
1987-11-04,5.163055419921875,5.204692963630923,4.996505245085686,5.121417876212828,1114800
1987-11-05,5.121416091918945,5.267147444128021,5.038141033513759,5.079778562716353,1002400
1987-11-06,5.038141250610352,5.16305384360069,5.038141250610352,5.16305384360069,1094800
1987-11-09,5.121416091918945,5.121416091918945,4.746678329095608,4.954865975108573,1442800
1987-11-10,4.954867362976074,5.07977998557211,4.871592281245384,4.996504903841419,510800
1987-11-11,5.038141250610352,5.038141250610352,4.913228657620012,4.9548661886167915,510000
1987-11-12,4.871589660644531,5.163052289913862,4.871589660644531,5.03813973451272,563200
1987-11-13,4.829954624176025,4.954867243766785,4.7466795444488525,4.871592164039612,951200
1987-11-16,4.788315773010254,4.91322835839313,4.746678244549295,4.871590829932171,815200
1987-11-17,4.70504093170166,4.788315992439743,4.663403401332619,4.788315992439743,350400
1987-11-18,4.621766567230225,4.788316713797079,4.538491493946797,4.746679177155365,1465600
1987-11-19,4.496854782104492,4.6634049592194735,4.455217237825747,4.621767414940728,2077600
1987-11-20,4.538490295410156,4.580127821056121,4.330302667180332,4.455215244118227,1171200
1987-11-23,4.70504093170166,4.746678462070702,4.496853279856454,4.538490810225495,1280400
1987-11-24,4.871589660644531,4.996502216045673,4.705039586776342,4.746677105243389,1074000
1987-11-25,4.829954624176025,4.871592164039612,4.7466795444488525,4.871592164039612,408800
1987-11-27,4.663402080535889,4.829952154840742,4.663402080535889,4.746677117688315,267600
1987-11-30,4.496854782104492,4.6634049592194735,4.2886670607107655,4.6634049592194735,901200
1987-12-01,4.413578033447266,4.580128147916974,4.330302976212412,4.496853090682119,778000
1987-12-02,4.371941089630127,4.496853692190988,4.35112232253665,4.496853692190988,853600
1987-12-03,4.038841247558594,4.413579095270216,3.997203708923969,4.3719415566355915,2047200
1987-12-04,4.018021106719971,4.080477393352924,3.913927295665049,3.9972023445089864,2125200
1987-12-07,4.080477714538574,4.122115242237947,3.9555651314404545,4.0388401868392005,1709600
1987-12-08,4.496854782104492,4.5384923263832375,4.080479339317039,4.122116883595784,783600
1987-12-09,4.684222221374512,4.705040986802842,4.4552158016628685,4.4552158016628685,819600
1987-12-10,4.663402080535889,4.829952154840742,4.455214487654822,4.663402080535889,1622800
1987-12-11,4.663402080535889,4.746677117688315,4.580127043383462,4.642583321247782,678000
1987-12-14,4.663402080535889,4.746677117688315,4.621764561959675,4.621764561959675,485600
1987-12-15,4.642585754394531,4.725860835190845,4.621766984195452,4.705042064991767,830000
1987-12-16,4.9965033531188965,4.9965033531188965,4.5384905457496645,4.62176560163498,1090800
1987-12-17,4.913228988647461,5.079779123855849,4.913228988647461,4.996504056251656,572800
1987-12-18,5.371241092681885,5.412878620532132,4.871590758478919,4.871590758478919,1738400
1987-12-21,5.45451545715332,5.496152979727009,5.287965366858562,5.329602889432252,1043200
1987-12-22,5.246328830718994,5.51697277833545,5.204691300316463,5.454516482731653,864800
1987-12-23,5.433697700500488,5.537791526180574,5.2046912840043,5.246328814276334,754800
1987-12-24,5.41287899017334,5.496154051560622,5.41287899017334,5.41287899017334,136000
1987-12-28,5.163055419921875,5.454518225885207,5.163055419921875,5.4128806821761595,765200
1987-12-29,5.163055419921875,5.24633050733997,5.163055419921875,5.204692963630923,633200
1987-12-30,5.45451545715332,5.496152979727009,5.246327844284873,5.329602889432252,1693600
1987-12-31,5.45451545715332,5.496152979727009,5.329602889432252,5.45451545715332,376800
1988-01-04,5.579430103302002,5.704342717555032,5.412879950964629,5.412879950964629,1062000
1988-01-05,5.870894908905029,5.995807566541306,5.662707146177901,5.704344698723326,2014800
1988-01-06,5.829253673553467,5.870891199793134,5.787616147313799,5.829253673553467,1394000
1988-01-07,5.7876176834106445,5.829255220701368,5.7043426088291955,5.829255220701368,458800
1988-01-08,5.287967681884766,5.829255712313915,5.267148911483645,5.7876181715116735,730400
1988-01-11,5.537792205810547,5.57942974119258,5.163054387372239,5.204691922754273,963600
1988-01-12,5.371241092681885,5.579428731933121,5.204690981280897,5.537791204082874,607200
1988-01-13,5.41287899017334,5.496154051560622,5.246328867398775,5.41287899017334,508000
1988-01-14,5.329604148864746,5.537791810929775,5.329604148864746,5.454516746103764,258400
1988-01-15,5.579430103302002,5.662705179470689,5.454517489048972,5.496155027133315,706000
1988-01-18,5.7876176834106445,5.829255220701368,5.579429996957024,5.662705071538472,683600
1988-01-19,5.745978355407715,5.91252845266591,5.704340831093166,5.745978355407715,753600
1988-01-20,5.621067047119141,5.787617181848597,5.537791979754412,5.787617181848597,1011600
1988-01-21,5.579430103302002,5.662705179470689,5.537792565217659,5.621067641386345,303200
1988-01-22,5.537792205810547,5.621067276574615,5.454517135046478,5.57942974119258,354800
1988-01-25,5.537792205810547,5.662704811956649,5.454517135046478,5.537792205810547,366800
1988-01-26,5.6418867111206055,5.6418867111206055,5.496155320058449,5.537792860361923,350800
1988-01-27,5.745978355407715,5.745978355407715,5.5794282581495205,5.5794282581495205,154400
1988-01-28,5.808434963226318,5.829253726535373,5.745978673299153,5.787616199917263,299200
1988-01-29,5.933348655700684,5.933348655700684,5.766798517996804,5.829254819635759,760000
1988-02-01,5.9958038330078125,6.037441359625922,5.829253726535373,5.954166306389703,664000
1988-02-02,5.9958038330078125,6.016622596316867,5.954166306389703,5.954166306389703,554800
1988-02-03,5.954168796539307,6.037443884602793,5.912531252507564,5.99580634057105,929600
1988-02-04,6.037441730499268,6.079079259675124,5.912529142971696,5.912529142971696,969200
1988-02-05,6.162353992462158,6.2039915194382536,6.079078938509967,6.079078938509967,1072400
1988-02-08,6.099898338317871,6.162354635297235,6.079079572658083,6.162354635297235,482800
1988-02-09,6.079079627990723,6.162354691387856,6.037442096292156,6.120717159689289,802000
1988-02-10,6.162353992462158,6.24562904641435,6.079078938509967,6.120716465486063,1297200
1988-02-11,6.370543003082275,6.453818075017992,6.203992859210844,6.203992859210844,1812000
1988-02-12,6.453818321228027,6.453818321228027,6.328905708559098,6.328905708559098,587200
1988-02-16,6.578729629516602,6.578729629516602,6.370541983012911,6.412179512313649,638800
1988-02-17,6.662003517150879,6.745278561115264,6.537090951204299,6.537090951204299,2141600
1988-02-18,6.5370917320251465,6.703641839847443,6.4538166781139985,6.620366785936295,1182400
1988-02-19,6.620367527008057,6.620367527008057,6.370542337309639,6.495454932158848,977200
1988-02-22,6.662003517150879,6.662003517150879,6.578728473186493,6.620365995168686,856000
1988-02-23,6.620367527008057,6.66200505862446,6.495454932158848,6.66200505862446,858400
1988-02-24,6.662003517150879,6.745278561115264,6.537090951204299,6.537090951204299,1168400
1988-02-25,6.620367527008057,6.745280121857265,6.578729995391654,6.620367527008057,1423200
1988-02-26,6.599544048309326,6.6620003011324425,6.578725297368287,6.620362799250365,723600
1988-02-29,6.662003517150879,6.662003517150879,6.578728473186493,6.620365995168686,684400
1988-03-01,6.516271591186523,6.662002904727436,6.516271591186523,6.662002904727436,948800
1988-03-02,6.5370917320251465,6.578729258980721,6.5370917320251465,6.578729258980721,545200
1988-03-03,6.578729629516602,6.578729629516602,6.5162733355654945,6.5370921002158635,1142000
1988-03-04,6.4121809005737305,6.537093515519972,6.287268285627489,6.537093515519972,730400
1988-03-07,6.245628833770752,6.370541410446167,6.162353782653809,6.370541410446167,776400
1988-03-08,6.328907012939453,6.328907012939453,6.162356828388415,6.245631920663934,577200
1988-03-09,6.370543003082275,6.412180539050134,6.28726793114656,6.328905467114418,667600
1988-03-10,6.391362190246582,6.495456036993269,6.32890588219857,6.412180959595919,1422400
1988-03-11,6.328907012939453,6.453819651352732,6.2872694668016935,6.370544559077213,493200
1988-03-14,6.328907012939453,6.453819651352732,6.328907012939453,6.328907012939453,522400
1988-03-15,6.370543003082275,6.370543003082276,6.328905467114418,6.328905467114418,364800
1988-03-16,6.432998180389404,6.453816944727234,6.328904358700256,6.370541887375915,860000
1988-03-17,6.474637985229492,6.578731843512924,6.412181670259432,6.453819213572805,505200
1988-03-18,6.5370917320251465,6.578729258980721,6.4121791511584245,6.5370917320251465,978400
1988-03-21,6.453818321228027,6.537093396340647,6.370543246115408,6.537093396340647,438000
1988-03-22,6.4121809005737305,6.495455977204559,6.328905823942903,6.453818438889145,821600
1988-03-23,6.4121809005737305,6.453818438889145,6.370543362258317,6.370543362258317,907200
1988-03-24,6.18317174911499,6.412178110193323,6.16235298901696,6.412178110193323,724400
1988-03-25,6.162353992462158,6.287266573390445,6.120716465486063,6.2039915194382536,916400
1988-03-28,6.120718479156494,6.120718479156494,5.995805857132892,6.07908093848196,605600
1988-03-29,6.287265777587891,6.3913595818525915,6.120715690764371,6.120715690764371,1316000
1988-03-30,6.287265777587891,6.3705408209996515,6.245628255882011,6.3289032992937715,1020400
1988-03-31,6.245628833770752,6.328903884887695,6.20399130821228,6.245628833770752,700800
1988-04-04,6.037441730499268,6.203991847202696,6.037441730499268,6.162354318026838,897200
1988-04-05,6.079079627990723,6.162354691387856,5.995804564593589,6.079079627990723,816800
1988-04-06,6.099898338317871,6.120717103977659,6.037442041338507,6.079079572658083,1465600
1988-04-07,6.203990936279297,6.245628459341574,6.079078367092465,6.1207158901547425,569200
1988-04-08,6.2248125076293945,6.24563127855792,6.162356194843815,6.162356194843815,361200
1988-04-11,6.287265777587891,6.3705408209996515,6.245628255882011,6.245628255882011,1106000
1988-04-12,6.287265777587891,6.3705408209996515,6.203990734176131,6.245628255882011,654000
1988-04-13,6.287265777587891,6.3080845384408315,6.203990734176131,6.2872657775878915,743600
1988-04-14,6.120718479156494,6.203993560505562,6.07908093848196,6.162356019831027,934800
1988-04-15,5.9958038330078125,6.120716412862142,5.954166306389703,6.120716412862142,837200
1988-04-18,6.037441730499268,6.079079259675124,5.9541666721475535,5.99580420132341,406400
1988-04-19,6.120718479156494,6.245631101180096,6.037443397807426,6.037443397807426,271200
1988-04-20,6.120718479156494,6.162356019831027,6.07908093848196,6.120718479156494,571600
1988-04-21,6.120718479156494,6.245631101180096,6.120718479156494,6.120718479156494,636400
1988-04-22,6.2248125076293945,6.24563127855792,6.162356194843815,6.203993736700868,187200
1988-04-25,6.3080878257751465,6.328906597477374,6.245631510668462,6.245631510668462,106800
1988-04-26,6.453818321228027,6.453818321228027,6.287268171002788,6.308086939780943,507600
1988-04-27,6.453818321228027,6.495455858784338,6.412180783671718,6.412180783671718,495200
1988-04-28,6.453818321228027,6.495455858784338,6.412180783671718,6.495455858784338,267600
1988-04-29,6.328907012939453,6.453819651352732,6.328907012939453,6.453819651352732,448000
1988-05-02,6.328907012939453,6.370544559077213,6.328907012939453,6.370544559077213,231200
1988-05-03,6.370543003082275,6.412180539050134,6.328905467114418,6.328905467114418,493200
1988-05-04,6.4121809005737305,6.537093515519972,6.370543362258317,6.370543362258317,734000
1988-05-05,6.370543003082275,6.453818075017992,6.370543003082276,6.412180539050134,551600
1988-05-06,6.370543003082275,6.412180539050134,6.370543003082276,6.370543003082276,518000
1988-05-09,6.328907012939453,6.412182105214972,6.2872694668016935,6.328907012939453,647200
1988-05-10,6.4121809005737305,6.4121809005737305,6.328905823942903,6.370543362258317,367200
1988-05-11,6.287265777587891,6.3705408209996515,6.203990734176131,6.3497220601467115,548000
1988-05-12,6.328907012939453,6.328907012939453,6.245631920663934,6.245631920663934,545200
1988-05-13,6.328907012939453,6.328907012939453,6.2872694668016935,6.328907012939453,172400
1988-05-16,6.287265777587891,6.3289032992937715,6.203990734176131,6.2872657775878915,489200
1988-05-17,6.162353992462158,6.3289041003665405,6.162353992462158,6.287266573390445,972000
1988-05-18,6.016622543334961,6.2039914114665,5.9958037802092345,6.162353885215047,542800
1988-05-19,6.016622543334961,6.037441306460688,5.912528727706329,6.037441306460688,1054000
1988-05-20,5.9958038330078125,6.079078886244032,5.912528779771593,6.037441359625922,360800
1988-05-23,5.954168796539307,6.037443884602793,5.912531252507564,5.954168796539307,1054400
1988-05-24,6.079079627990723,6.079079627990723,5.954167032895023,5.995804564593589,430800
1988-05-25,5.9958038330078125,6.079078886244032,5.9958038330078125,6.037441359625922,245200
1988-05-26,6.099898338317871,6.141535869637448,5.995804510018932,5.995804510018932,602400
1988-05-27,5.9958038330078125,6.120716412862142,5.9958038330078125,6.079078886244032,222400
1988-05-31,6.037441730499268,6.079079259675124,5.99580420132341,6.037441730499268,994800
1988-06-01,6.328907012939453,6.412182105214972,6.037444189975136,6.120719282250655,1298400
1988-06-02,6.370543003082275,6.578730682921566,6.28726793114656,6.328905467114418,805200
1988-06-03,6.370543003082275,6.453818075017992,6.370543003082276,6.412180539050134,845200
1988-06-06,6.203990936279297,6.412178551590682,6.162353413217019,6.412178551590682,482800
1988-06-07,6.079079627990723,6.245629754784988,6.079079627990723,6.203992223086423,521200
1988-06-08,6.245628833770752,6.245628833770752,6.120716257095337,6.162353782653809,382400
1988-06-09,6.453818321228027,6.537093396340647,6.203993095890168,6.203993095890168,1342400
1988-06-10,6.620367527008057,6.620367527008057,6.412179868926042,6.495454932158848,717200
1988-06-13,6.620367527008057,6.66200505862446,6.578729995391654,6.620367527008057,426000
1988-06-14,6.5370917320251465,6.703641839847443,6.5370917320251465,6.578729258980721,746000
1988-06-15,6.495454788208008,6.557911084248469,6.4121797268207255,6.5370923189016485,1202800
1988-06-16,6.495454788208008,6.578729849595289,6.453817257514366,6.453817257514366,454800
1988-06-17,6.620367527008057,6.620367527008057,6.495454932158848,6.5370924637752506,662800
1988-06-20,6.620367527008057,6.66200505862446,6.5370924637752506,6.578729995391654,254000
1988-06-21,6.578729629516602,6.62036715881734,6.5370921002158635,6.578729629516602,828000
1988-06-22,6.620367527008057,6.66200505862446,6.5370924637752506,6.620367527008057,980400
1988-06-23,6.578729629516602,6.62036715881734,6.5162733355654945,6.578729629516602,158800
1988-06-24,6.474637985229492,6.578731843512924,6.453819213572805,6.537094300199551,899600
1988-06-27,6.245628833770752,6.495453987121582,6.245628833770752,6.45381646156311,591600
1988-06-28,6.4121809005737305,6.4121809005737305,6.162355670681247,6.245630747312076,316400
1988-06-29,6.328907012939453,6.453819651352732,6.2872694668016935,6.412182105214972,347200
1988-06-30,6.370543003082275,6.412180539050134,6.328905467114418,6.328905467114418,628800
1988-07-01,6.287265777587891,6.3705408209996515,6.245628255882011,6.3289032992937715,355200
1988-07-05,6.328907012939453,6.328907012939453,6.162356828388415,6.245631920663934,441600
1988-07-06,6.245628833770752,6.370541410446167,6.20399130821228,6.328903884887695,632800
1988-07-07,6.079079627990723,6.287267286483555,6.037442096292156,6.203992223086423,1738000
1988-07-08,6.037441730499268,6.120716788850982,6.037441730499268,6.079079259675124,350000
1988-07-11,6.079079627990723,6.120717159689289,6.037442096292156,6.037442096292156,445600
1988-07-12,6.037441730499268,6.120716788850982,5.99580420132341,6.120716788850982,446400
1988-07-13,6.120718479156494,6.120718479156494,6.037443397807426,6.120718479156494,275600
1988-07-14,5.9958038330078125,6.120716412862142,5.9958038330078125,6.120716412862142,1079600
1988-07-15,5.954168796539307,6.037443884602793,5.954168796539307,6.037443884602793,440000
1988-07-18,5.8917107582092285,5.995804587859569,5.8708919922791605,5.954167055999433,983600
1988-07-19,5.7667999267578125,5.912531332849165,5.745981154459048,5.912531332849165,334000
1988-07-20,5.870894908905029,5.870894908905029,5.745982251268752,5.829257356359603,1479600
1988-07-21,5.870894908905029,5.870894908905029,5.787619803814178,5.829257356359603,725600
1988-07-22,5.745978355407715,5.8292534040368125,5.704340831093166,5.787615879722264,1145600
1988-07-25,5.829253673553467,5.829253673553467,5.704341094834464,5.787616147313799,750800
1988-07-26,5.7876176834106445,5.870892757992092,5.7876176834106445,5.7876176834106445,1224400
1988-07-27,5.579430103302002,5.829255331808062,5.579430103302002,5.787617793723719,1560800
1988-07-28,5.704341411590576,5.745978940142332,5.579428825935308,5.579428825935308,1185600
1988-07-29,5.870894908905029,5.870894908905029,5.745982251268752,5.745982251268752,1997200
1988-08-01,5.870894908905029,5.912532461450455,5.829257356359603,5.870894908905029,370400
1988-08-02,5.808434963226318,5.8708912531534825,5.745978673299153,5.8708912531534825,220400
1988-08-03,5.954168796539307,5.954168796539307,5.787618620412333,5.829256164444077,881600
1988-08-04,6.037441730499268,6.120716788850982,5.912529142971696,5.9541666721475535,1024400
1988-08-05,6.037441730499268,6.079079259675124,5.99580420132341,6.037441730499268,291200
1988-08-08,6.037441730499268,6.120716788850982,5.9541666721475535,6.037441730499268,560800
1988-08-09,5.9749860763549805,6.120717444070955,5.954167309538412,6.037442376804684,984000
1988-08-10,5.912527084350586,5.9958021137076365,5.891708327011323,5.9958021137076365,737600
1988-08-11,5.7876176834106445,5.954167832573541,5.7876176834106445,5.912530295282816,454800
1988-08-12,5.7876176834106445,5.870892757992092,5.74598014611992,5.829255220701368,476800
1988-08-15,5.662703990936279,5.829254108316759,5.64188522626372,5.7876165789716385,575600
1988-08-16,5.870894908905029,5.912532461450455,5.621069593632475,5.662707146177901,752000
1988-08-17,5.954168796539307,6.037443884602793,5.87089370847582,5.87089370847582,398000
1988-08-18,6.099898338317871,6.162354635297235,5.954166978699355,6.037442041338507,329200
1988-08-19,6.058258533477783,6.141533564865794,6.03743977563078,6.0790772913247855,136000
1988-08-22,5.912527084350586,6.079077143064686,5.912527084350586,6.037439628386161,636000
1988-08-23,5.954168796539307,5.99580634057105,5.912531252507564,5.954168796539307,484400
1988-08-24,6.099898338317871,6.120717103977659,5.954166978699355,5.954166978699355,347200
1988-08-25,5.9958038330078125,6.079078886244032,5.954166306389703,6.037441359625922,217200
1988-08-26,6.079079627990723,6.079079627990723,5.995804564593589,5.995804564593589,174800
1988-08-29,6.162353992462158,6.2039915194382536,6.037441411533871,6.079078938509967,415600
1988-08-30,6.120718479156494,6.1831747901682945,6.120718479156494,6.14153724949376,269200
1988-08-31,6.141537189483643,6.203993499885171,6.1207184193498,6.203993499885171,408400
1988-09-01,5.9958038330078125,6.162353939480251,5.9333475430806475,6.120716412862142,363600
1988-09-02,6.079079627990723,6.120717159689289,5.995804564593589,6.079079627990723,710800
1988-09-06,6.120718479156494,6.120718479156494,6.037443397807426,6.120718479156494,126800
1988-09-07,6.203990936279297,6.245628459341574,6.079078367092465,6.079078367092465,612000
1988-09-08,6.328907012939453,6.328907012939453,6.162356828388415,6.162356828388415,708400
1988-09-09,6.453818321228027,6.495455858784338,6.287268171002788,6.328905708559098,1598000
1988-09-12,6.328907012939453,6.495457197490491,6.2872694668016935,6.453819651352732,525600
1988-09-13,6.328907012939453,6.328907012939453,6.245631920663934,6.245631920663934,620000
1988-09-14,6.287265777587891,6.3289032992937715,6.245628255882011,6.2872657775878915,1198800
1988-09-15,6.245628833770752,6.328903884887695,6.245628833770752,6.328903884887695,673200
1988-09-16,6.328907012939453,6.370544559077213,6.224813147595054,6.2872694668016935,859200
1988-09-19,6.370543003082275,6.412180539050134,6.28726793114656,6.370543003082276,306000
1988-09-20,6.4121809005737305,6.4121809005737305,6.328905823942903,6.370543362258317,646000
1988-09-21,6.5370917320251465,6.5370917320251465,6.37054162420285,6.4121791511584245,997600
1988-09-22,6.4121809005737305,6.537093515519972,6.4121809005737305,6.495455977204559,643600
1988-09-23,6.370543003082275,6.453818075017992,6.370543003082276,6.453818075017992,360000
1988-09-26,6.4121809005737305,6.432999669731438,6.370543362258317,6.370543362258317,237600
1988-09-27,6.4121809005737305,6.474637208046851,6.370543362258317,6.370543362258317,372800
1988-09-28,6.349720478057861,6.412176745055152,6.287264211060571,6.370539233723625,470400
1988-09-29,6.370543003082275,6.412180539050134,6.28726793114656,6.328905467114418,356000
1988-09-30,6.453818321228027,6.453818321228027,6.328905708559098,6.328905708559098,1102800
1988-10-03,6.370543003082275,6.453818075017992,6.328905467114418,6.412180539050134,676400
1988-10-04,6.391362190246582,6.412180959595919,6.370543420897245,6.370543420897245,438800
1988-10-05,6.453818321228027,6.537093396340647,6.370543246115408,6.370543246115408,1163600
1988-10-06,6.578729629516602,6.578729629516602,6.453817041614387,6.4954545709151255,1264000
1988-10-07,6.682823181152344,6.703641944956557,6.537091834522854,6.537091834522854,1537600
1988-10-10,6.662003517150879,6.703641039133071,6.578728473186493,6.662003517150879,404000
1988-10-11,6.5370917320251465,6.745279366803017,6.4954542050695725,6.662004312891869,552400
1988-10-12,6.4121809005737305,6.537093515519972,6.370543362258317,6.537093515519972,1670400
1988-10-13,6.5370917320251465,6.5370917320251465,6.4121791511584245,6.4538166781139985,574400
1988-10-14,6.620367527008057,6.703642590240863,6.5370924637752506,6.578729995391654,1806800
1988-10-17,6.682823181152344,6.703641944956557,6.620366889739705,6.662004417348131,1332000
1988-10-18,6.662003517150879,6.745278561115264,6.578728473186493,6.682822278141975,507600
1988-10-19,6.70364236831665,6.870192489268617,6.6620048380786585,6.6620048380786585,2214000
1988-10-20,6.91182804107666,6.995103077716138,6.786915486117443,6.786915486117443,1706400
1988-10-21,6.953469753265381,6.995107296698108,6.828557122967201,6.911832209832654,631600
1988-10-24,6.870190620422363,7.036740696068966,6.870190620422363,6.953465658245664,932000
1988-10-25,6.70364236831665,6.911830019506609,6.70364236831665,6.870192489268617,323200
1988-10-26,6.786918640136719,6.786918640136719,6.703643564797618,6.745281102467168,420400
1988-10-27,6.70364236831665,6.786917428792634,6.6620048380786585,6.786917428792634,399600
1988-10-28,6.745278835296631,6.870191406320642,6.7036413116219595,6.786916358971301,736800
1988-10-31,6.662003517150879,6.745278561115264,6.578728473186493,6.745278561115264,530800
1988-11-01,6.5370917320251465,6.662004312891869,6.4954542050695725,6.620366785936295,1245200
1988-11-02,6.5370917320251465,6.578729258980721,6.4121791511584245,6.4954542050695725,547200
1988-11-03,6.620367527008057,6.703642590240863,6.5370924637752506,6.5370924637752506,787200
1988-11-04,6.620367527008057,6.703642590240863,6.578729995391654,6.578729995391654,674400
1988-11-07,6.578729629516602,6.62036715881734,6.4954545709151255,6.578729629516602,297200
1988-11-08,6.662003517150879,6.703641039133071,6.578728473186493,6.578728473186493,243200
1988-11-09,6.578729629516602,6.662004688118078,6.4954545709151255,6.62036715881734,353600
1988-11-10,6.599544048309326,6.6620003011324425,6.537087795486209,6.537087795486209,322800
1988-11-11,6.370543003082275,6.578730682921566,6.370543003082276,6.578730682921566,391200
1988-11-14,6.328907012939453,6.412182105214972,6.2872694668016935,6.412182105214972,672800
1988-11-15,6.4121809005737305,6.4121809005737305,6.328905823942903,6.328905823942903,258000
1988-11-16,6.162353992462158,6.412179154318732,6.162353992462158,6.370541627342637,774400
1988-11-17,6.203990936279297,6.287265982403851,6.162353413217019,6.203990936279297,275600
1988-11-18,6.266448974609375,6.287267741966881,6.203992672536856,6.287267741966881,442000
1988-11-21,6.162353992462158,6.287266573390445,6.079078938509967,6.287266573390445,726000
1988-11-22,6.162353992462158,6.2039915194382536,6.120716465486063,6.120716465486063,502400
1988-11-23,6.370543003082275,6.370543003082276,6.162355323242986,6.203992859210844,431200
1988-11-25,6.2248125076293945,6.287268820414973,6.162356194843815,6.24563127855792,136000
1988-11-28,6.328907012939453,6.3497257860083325,6.162356828388415,6.162356828388415,368400
1988-11-29,6.495454788208008,6.5370923189016485,6.328904665433443,6.370542196127085,568000
1988-11-30,6.5370917320251465,6.620366785936295,6.4954542050695725,6.5370917320251465,382000
1988-12-01,6.516271591186523,6.578727868418343,6.49545283210925,6.537090350263797,399600
1988-12-02,6.5370917320251465,6.578729258980721,6.4121791511584245,6.4954542050695725,536800
1988-12-05,6.578729629516602,6.662004688118078,6.5370921002158635,6.578729629516602,359200
1988-12-06,6.599544048309326,6.620362799250365,6.537087795486209,6.578725297368287,380800
1988-12-07,6.620367527008057,6.66200505862446,6.578729995391654,6.620367527008057,764800
1988-12-08,6.641186237335205,6.745280065506603,6.620367471700925,6.620367471700925,510800
1988-12-09,6.578729629516602,6.662004688118078,6.5579108648662325,6.62036715881734,974000
1988-12-12,6.453818321228027,6.662006009009577,6.453818321228027,6.578730933896957,635200
1988-12-13,6.5370917320251465,6.620366785936295,6.4121791511584245,6.4538166781139985,587600
1988-12-14,6.620367527008057,6.66200505862446,6.578729995391654,6.578729995391654,304000
1988-12-15,6.682823181152344,6.745279472564983,6.620366889739705,6.620366889739705,1519200
1988-12-16,6.70364236831665,6.70364236831665,6.6203673078406675,6.70364236831665,972400
1988-12-19,6.662003517150879,6.703641039133071,6.620365995168686,6.703641039133071,465200
1988-12-20,6.495454788208008,6.786917503063495,6.453817257514366,6.662004910982572,1414800
1988-12-21,6.370543003082275,6.537093146953708,6.370543003082276,6.453818075017992,984800
1988-12-22,6.474637985229492,6.4954567568861785,6.37054412694606,6.453819213572805,1215200
1988-12-23,6.4121809005737305,6.495455977204559,6.4121809005737305,6.453818438889145,237200
1988-12-27,6.370543003082275,6.49545561098585,6.370543003082276,6.49545561098585,701600
1988-12-28,6.328907012939453,6.412182105214972,6.245631920663934,6.370544559077213,286800
1988-12-29,6.4121809005737305,6.4121809005737305,6.287268285627489,6.328905823942903,353200
1988-12-30,6.245628833770752,6.412178936004639,6.245628833770752,6.412178936004639,272400
1989-01-03,6.162353992462158,6.287266573390445,6.079078938509967,6.24562904641435,625200
1989-01-04,6.287265777587891,6.2872657775878915,6.162353212470251,6.162353212470251,291200
1989-01-05,6.4121809005737305,6.453818438889145,6.370543362258317,6.370543362258317,1929600
1989-01-06,6.432998180389404,6.537092002078554,6.412179416051575,6.412179416051575,1464000
1989-01-09,6.5370917320251465,6.578729258980721,6.4538166781139985,6.4954542050695725,888400
1989-01-10,6.495454788208008,6.5370923189016485,6.453817257514366,6.495454788208008,178000
1989-01-11,6.495454788208008,6.495454788208008,6.453817257514366,6.453817257514366,528000
1989-01-12,6.4121809005737305,6.495455977204559,6.328905823942903,6.474637208046851,1461200
1989-01-13,6.203990936279297,6.370541028528406,6.203990936279297,6.328903505466128,674000
1989-01-16,6.245628833770752,6.287266359329224,6.162353782653809,6.20399130821228,1195600
1989-01-17,6.370543003082275,6.412180539050134,6.2456303951787016,6.2456303951787016,1012800
1989-01-18,6.079079627990723,6.328904818182122,5.870891969497889,6.287267286483555,4593200
1989-01-19,6.162353992462158,6.224810282926302,6.079078938509967,6.120716465486063,5237600
1989-01-20,6.079079627990723,6.162354691387856,6.079079627990723,6.162354691387856,1235600
1989-01-23,6.037441730499268,6.120716788850982,5.912529142971696,6.079079259675124,2091200
1989-01-24,6.287265777587891,6.2872657775878915,6.037440647352611,6.037440647352611,1978000
1989-01-25,6.287265777587891,6.412178342705531,6.245628255882011,6.2872657775878915,828000
1989-01-26,6.287265777587891,6.3289032992937715,6.245628255882011,6.3289032992937715,637200
1989-01-27,6.328907012939453,6.328907012939453,6.245631920663934,6.245631920663934,836800
1989-01-30,6.287265777587891,6.3289032992937715,6.2872657775878915,6.2872657775878915,537600
1989-01-31,6.245628833770752,6.370541410446167,6.20399130821228,6.287266359329224,1057200
1989-02-01,6.120718479156494,6.245631101180096,6.037443397807426,6.203993560505562,2261600
1989-02-02,6.037441730499268,6.162354318026838,5.99580420132341,6.120716788850982,2148000
1989-02-03,6.120718479156494,6.120718479156494,5.995805857132892,6.037443397807426,1454800
1989-02-06,6.120718479156494,6.162356019831027,6.037443397807426,6.037443397807426,1843200
1989-02-07,6.203990936279297,6.287265982403851,6.079078367092465,6.079078367092465,2887600
1989-02-08,6.162353992462158,6.24562904641435,6.079078938509967,6.2039915194382536,1203600
1989-02-09,6.058258533477783,6.120714807018791,5.954164744242769,6.03743977563078,832000
1989-02-10,6.079079627990723,6.079079627990723,5.933348267045739,6.037442096292156,1826800
1989-02-13,6.016622543334961,6.079078832712141,5.9958037802092345,5.9958037802092345,840400
1989-02-14,6.058258533477783,6.162352322712796,5.995802259936775,6.0790772913247855,2119200
1989-02-15,6.016622543334961,6.079078832712141,5.954166253957782,6.079078832712141,758000
1989-02-16,5.9958038330078125,6.037441359625922,5.954166306389703,6.037441359625922,1321600
1989-02-17,6.037441730499268,6.079079259675124,5.9541666721475535,5.99580420132341,2524800
1989-02-21,6.037441730499268,6.079079259675124,5.99580420132341,5.99580420132341,1425200
1989-02-22,6.120718479156494,6.162356019831027,6.037443397807426,6.037443397807426,1284000
1989-02-23,6.162353992462158,6.24562904641435,6.120716465486063,6.120716465486063,1791200
1989-02-24,6.120718479156494,6.203993560505562,6.07908093848196,6.203993560505562,528400
1989-02-27,6.162353992462158,6.162353992462158,6.120716465486063,6.162353992462158,614400
1989-02-28,6.162353992462158,6.2039915194382536,6.120716465486063,6.120716465486063,1466400
1989-03-01,6.079079627990723,6.203992223086423,6.037442096292156,6.120717159689289,1537200
1989-03-02,6.162353992462158,6.308085336878493,6.079078938509967,6.079078938509967,2263600
1989-03-03,6.203990936279297,6.203990936279297,6.162353413217019,6.203990936279297,1136400
1989-03-06,6.162353992462158,6.2039915194382536,6.162353992462158,6.162353992462158,1976000
1989-03-07,6.120718479156494,6.203993560505562,6.120718479156494,6.203993560505562,1757600
1989-03-08,6.120718479156494,6.162356019831027,6.07908093848196,6.120718479156494,599200
1989-03-09,6.120718479156494,6.162356019831027,6.07908093848196,6.120718479156494,632800
1989-03-10,6.037441730499268,6.120716788850982,6.037441730499268,6.120716788850982,239600
1989-03-13,6.037441730499268,6.079079259675124,6.037441730499268,6.037441730499268,202400
1989-03-14,6.079079627990723,6.079079627990723,5.995804564593589,6.037442096292156,522400
1989-03-15,6.120718479156494,6.120718479156494,5.995805857132892,5.995805857132892,250800
1989-03-16,6.120718479156494,6.203993560505562,6.037443397807426,6.120718479156494,1344000
1989-03-17,6.079079627990723,6.203992223086423,5.995804564593589,6.162354691387856,2729200
1989-03-20,5.9958038330078125,6.120716412862142,5.912528779771593,6.120716412862142,890400
1989-03-21,6.037441730499268,6.120716788850982,5.99580420132341,5.99580420132341,201200
1989-03-22,5.954168796539307,6.037443884602793,5.954168796539307,6.037443884602793,1443200
1989-03-23,5.870894908905029,5.995807566541306,5.829257356359603,5.995807566541306,790000
1989-03-27,5.870894908905029,5.870894908905029,5.787619803814178,5.829257356359603,430800
1989-03-28,5.912527084350586,5.912527084350586,5.78761454031501,5.78761454031501,1478000
1989-03-29,5.954168796539307,5.99580634057105,5.87089370847582,5.912531252507564,620400
1989-03-30,5.954168796539307,5.99580634057105,5.912531252507564,5.912531252507564,735200
1989-03-31,6.037441730499268,6.037441730499268,5.9541666721475535,5.99580420132341,754400
1989-04-03,6.037441730499268,6.079079259675124,5.99580420132341,5.99580420132341,1197600
1989-04-04,5.9958038330078125,6.079078886244032,5.912528779771593,6.037441359625922,532000
1989-04-05,6.079079627990723,6.120717159689289,5.995804564593589,5.995804564593589,1739600
1989-04-06,6.079079627990723,6.120717159689289,6.037442096292156,6.058260862141439,794800
1989-04-07,6.037441730499268,6.120716788850982,6.037441730499268,6.079079259675124,574000
1989-04-10,6.162353992462158,6.162353992462158,6.079078938509967,6.120716465486063,378800
1989-04-11,6.370543003082275,6.370543003082276,6.120717787275128,6.141536555259057,2172800
1989-04-12,6.453818321228027,6.537093396340647,6.328905708559098,6.370543246115408,3228800
1989-04-13,6.495454788208008,6.495454788208008,6.4121797268207255,6.495454788208008,729200
1989-04-14,6.5370917320251465,6.578729258980721,6.4538166781139985,6.4954542050695725,895600
1989-04-17,6.620367527008057,6.66200505862446,6.495454932158848,6.5370924637752506,890000
1989-04-18,6.89100980758667,6.99510361132665,6.662003439358715,6.662003439358715,3035200
1989-04-19,6.91182804107666,6.995103077716138,6.87019052275692,6.87019052275692,1218400
1989-04-20,6.786918640136719,6.953468790814921,6.745281102467168,6.953468790814921,1084800
1989-04-21,6.828559398651123,6.828559398651123,6.662009169415731,6.745284284033427,1018000
1989-04-24,6.786918640136719,6.87019371547582,6.786918640136719,6.82855617780627,556000
1989-04-25,6.70364236831665,6.870192489268617,6.70364236831665,6.828554959030625,482800
1989-04-26,6.682823181152344,6.786917000173408,6.662004417348131,6.786917000173408,599600
1989-04-27,6.828559398651123,6.870196955959972,6.703646726724578,6.703646726724578,1080800
1989-04-28,6.786918640136719,6.82855617780627,6.745281102467168,6.786918640136719,489200
1989-05-01,6.786918640136719,6.786918640136719,6.745281102467168,6.745281102467168,983200
1989-05-02,6.745278835296631,6.786916358971301,6.745278835296631,6.745278835296631,557600
1989-05-03,6.828559398651123,6.91183451326882,6.745284284033427,6.745284284033427,1350400
1989-05-04,6.786918640136719,6.82855617780627,6.786918640136719,6.786918640136719,324400
1989-05-05,7.2032904624938965,7.244927979618139,6.786915291251475,6.828552808375717,3137200
1989-05-08,7.12001895904541,7.244931572361996,7.12001895904541,7.203294034589801,1471600
1989-05-09,7.161656379699707,7.203293916790985,7.12001884260843,7.161656379699708,1134400
1989-05-10,7.24492883682251,7.2865663588732135,7.1616537927211015,7.1616537927211015,332000
1989-05-11,7.328202724456787,7.369840239936655,7.2449276934970515,7.28656520897692,304800
1989-05-12,7.619662761688232,7.661300263118223,7.3282002516783,7.3282002516783,3988000
1989-05-15,7.827856063842773,7.911131128351739,7.578030870315876,7.619668402570359,1413600
1989-05-16,7.786217212677002,7.869492263079964,7.74457968747552,7.827854737878483,1528400
1989-05-17,7.786217212677002,7.952767313482926,7.74457968747552,7.74457968747552,1193200
1989-05-18,7.786217212677002,7.827854737878483,7.72376092487478,7.786217212677002,1341600
1989-05-19,7.890312194824219,7.91113096050977,7.786218366396459,7.827855897767562,1488800
1989-05-22,7.786217212677002,7.911129788281445,7.786217212677002,7.911129788281445,852400
1989-05-23,7.536393165588379,7.786218353397939,7.432299337334396,7.786218353397939,10332000
1989-05-24,7.432300090789795,7.473937626312427,7.369843787505848,7.453118858551111,451600
1989-05-25,7.4114813804626465,7.453118916307942,7.328206308772055,7.453118916307942,734400
1989-05-26,7.453115940093994,7.453115940093994,7.411478420875592,7.453115940093994,476000
1989-05-30,7.4114813804626465,7.494756452153238,7.369843844617351,7.453118916307942,1071600
1989-05-31,7.4114813804626465,7.494756452153238,7.369843844617351,7.4114813804626465,1681600
1989-06-01,7.578028678894043,7.619666199107746,7.411478598039229,7.411478598039229,727600
1989-06-02,7.848673343658447,7.848673343658448,7.578029435256433,7.578029435256433,947600
1989-06-05,7.702945232391357,7.911132941374907,7.702945232391357,7.8278578577814875,545600
1989-06-06,7.536393165588379,7.744580822096346,7.473936868635989,7.702943290794752,1190800
1989-06-07,7.661305904388428,7.702943436477495,7.494755776032158,7.557212074165759,588800
1989-06-08,7.682122230529785,7.702940989962116,7.619665952232795,7.702940989962116,832400
1989-06-09,7.640486717224121,7.66130548212119,7.578030422532916,7.619667952327053,322400
1989-06-12,7.619662761688232,7.619662761688232,7.536387758828252,7.619662761688232,276400
1989-06-13,7.515573978424072,7.619667800839918,7.494755213940903,7.57803027187358,205200
1989-06-14,7.557214736938477,7.619671057078464,7.49475841679849,7.49475841679849,440400
1989-06-15,7.619662761688232,7.619662761688232,7.494750257398262,7.536387758828252,1793600
1989-06-16,7.869498252868652,7.869498252868652,7.578035354614258,7.578035354614258,1165600
1989-06-19,7.911128997802734,7.952766518843801,7.786216434679533,7.8694914767616675,427200
1989-06-20,6.828559398651123,7.702948102136938,6.786921841342275,7.66131054482809,6996000
1989-06-21,6.91182804107666,7.036740596035877,6.828553004437182,6.87019052275692,3853200
1989-06-22,6.70364236831665,6.911830019506609,6.6620048380786585,6.911830019506609,3253200
1989-06-23,6.70364236831665,6.70364236831665,6.6203673078406675,6.70364236831665,2486800
1989-06-26,6.995102882385254,6.995102882385254,6.662002745128813,6.662002745128813,2170000
1989-06-27,7.036745548248291,7.120020643493833,6.9534704530027485,6.995108000625519,2090800
1989-06-28,6.995102882385254,7.0367403995423095,6.911827848071144,6.995102882385254,1169600
1989-06-29,6.786918640136719,6.9951063284844714,6.786918640136719,6.9951063284844714,856000
1989-06-30,6.662003517150879,6.828553605079651,6.537090951204299,6.828553605079651,2120000
1989-07-03,6.578729629516602,6.662004688118078,6.578729629516602,6.662004688118078,769200
1989-07-05,6.620367527008057,6.66200505862446,6.5370924637752506,6.620367527008057,491600
1989-07-06,6.828559398651123,6.828559398651123,6.662009169415731,6.662009169415731,1062000
1989-07-07,7.036745548248291,7.099201869682447,6.870195357757207,6.911832905379978,1504400
1989-07-10,7.078381061553955,7.120018597210155,6.995105990241556,7.015924758069656,375200
1989-07-11,6.995102882385254,7.120015433856419,6.995102882385254,7.078377916699364,572800
1989-07-12,7.12001895904541,7.12001895904541,7.036743883501019,7.036743883501019,256000
1989-07-13,7.099198818206787,7.161655112795117,7.078380053344011,7.161655112795117,245600
1989-07-14,7.161656379699707,7.161656379699708,7.036743768425875,7.078381305517153,396400
1989-07-17,7.036745548248291,7.1616581911166035,7.03674554824829,7.120020643493833,395600
1989-07-18,7.01592493057251,7.120018772272398,6.953468625552576,7.078381235592443,896400
1989-07-19,7.078381061553955,7.078381061553955,6.953468454585356,7.036743525897755,552000
1989-07-20,6.995102882385254,7.078377916699364,6.995102882385254,7.078377916699364,691200
1989-07-21,6.995102882385254,7.0367403995423095,6.953465365228199,6.953465365228199,496800
1989-07-24,6.91182804107666,7.036740596035877,6.91182804107666,6.995103077716138,148800
1989-07-25,6.995102882385254,7.0367403995423095,6.911827848071144,6.953465365228199,344400
1989-07-26,6.953469753265381,6.995107296698108,6.911832209832654,6.995107296698108,197200
1989-07-27,7.036745548248291,7.03674554824829,6.911832905379978,6.911832905379978,417200
1989-07-28,6.995102882385254,7.078377916699364,6.953465365228199,6.995102882385254,508800
1989-07-31,7.2865705490112305,7.3282080950055795,6.99510772705078,7.03674527304513,1876000
1989-08-01,7.161656379699707,7.411481602247372,7.12001884260843,7.328206528064817,921200
1989-08-02,7.2032904624938965,7.2032904624938965,7.07837791112117,7.120015428245412,418400
1989-08-03,7.2865705490112305,7.28657054901123,7.20329545702253,7.20329545702253,785200
1989-08-04,6.995102882385254,7.203290468170529,6.953465365228199,7.120015433856419,1121600
1989-08-07,7.036745548248291,7.078383095871062,6.911832905379978,6.995108000625519,842400
1989-08-08,7.078381061553955,7.120018597210155,6.953468454585356,6.995105990241556,1458800
1989-08-09,7.099198818206787,7.120017583069564,7.036742523618458,7.120017583069564,959200
1989-08-10,7.12001895904541,7.1616564968176055,7.015925114614921,7.078381421273215,2273200
1989-08-11,7.099198818206787,7.20329264252067,7.036742523618458,7.120017583069564,480800
1989-08-14,7.12001895904541,7.244931572361996,7.078381421273215,7.078381421273215,309600
1989-08-15,7.12001895904541,7.203294034589801,7.12001895904541,7.1616564968176055,487200
1989-08-16,7.182473182678223,7.203291945526566,7.120016894133195,7.120016894133195,90800
1989-08-17,7.2865705490112305,7.28657054901123,7.16165791102818,7.16165791102818,548000
1989-08-18,7.2032904624938965,7.244927979618139,7.161652945369655,7.244927979618139,496000
1989-08-21,7.12001895904541,7.244931572361996,7.12001895904541,7.1616564968176055,443200
1989-08-22,7.2032904624938965,7.2032904624938965,7.036740393996928,7.120015428245412,418000
1989-08-23,7.078381061553955,7.203293668522554,7.036743525897755,7.161656132866355,1354800
1989-08-24,7.12001895904541,7.203294034589801,7.078381421273215,7.12001895904541,1609200
1989-08-25,7.12001895904541,7.203294034589801,7.078381421273215,7.12001895904541,778800
1989-08-28,7.161656379699707,7.161656379699708,7.078381305517153,7.12001884260843,480800
1989-08-29,7.328202724456787,7.328202724456787,7.120015147057447,7.120015147057447,1412800
1989-08-30,7.328202724456787,7.369840239936655,7.28656520897692,7.328202724456787,1832800
1989-08-31,7.4114813804626465,7.4114813804626465,7.286568772926759,7.369843844617351,1110000
1989-09-01,7.369843006134033,7.411480537242134,7.328205475025931,7.369843006134033,369600
1989-09-05,7.369843006134033,7.411480537242134,7.328205475025931,7.411480537242134,414800
1989-09-06,7.307386875152588,7.411480705282966,7.286568109126512,7.411480705282966,540400
1989-09-07,7.328202724456787,7.328202724456787,7.28656520897692,7.328202724456787,308400
1989-09-08,7.328202724456787,7.328202724456787,7.28656520897692,7.28656520897692,281600
1989-09-11,7.328202724456787,7.328202724456787,7.28656520897692,7.28656520897692,466000
1989-09-12,7.369843006134033,7.369843006134033,7.286567943917829,7.286567943917829,264000
1989-09-13,7.328202724456787,7.369840239936655,7.28656520897692,7.369840239936655,775600
1989-09-14,7.328202724456787,7.432296513156458,7.28656520897692,7.28656520897692,1236400
1989-09-15,7.2865705490112305,7.369845640999929,7.28657054901123,7.369845640999929,858000
1989-09-18,7.369843006134033,7.369843006134033,7.286567943917829,7.286567943917829,748400
1989-09-19,7.349026679992676,7.453120542315518,7.328207907528108,7.328207907528108,2082800
1989-09-20,7.369843006134033,7.4531180683502365,7.328205475025931,7.369843006134033,907200
1989-09-21,7.099198818206787,7.369842761422882,7.078380053344011,7.328205231697329,1180800
1989-09-22,7.057561874389648,7.1200181741630075,7.036743107798528,7.036743107798528,586400
1989-09-25,7.036745548248291,7.078383095871062,6.995108000625519,6.995108000625519,204800
1989-09-26,7.078381061553955,7.161656132866355,6.953468454585356,6.995105990241556,604000
1989-09-27,7.161656379699707,7.328206528064817,7.036743768425875,7.12001884260843,1269600
1989-09-28,7.2032904624938965,7.2032904624938965,7.120015428245412,7.161652945369655,876800
1989-09-29,7.161656379699707,7.203293916790985,7.12001884260843,7.203293916790985,1080800
1989-10-02,7.078381061553955,7.161656132866355,7.036743525897755,7.078381061553955,514000
1989-10-03,6.995102882385254,7.0367403995423095,6.995102882385254,7.0367403995423095,464800
1989-10-04,7.036745548248291,7.078383095871062,6.995108000625519,6.995108000625519,648400
1989-10-05,7.161656379699707,7.161656379699708,7.036743768425875,7.057562536971514,1351200
1989-10-06,7.24492883682251,7.328203880923917,7.120016270670397,7.1616537927211015,1024000
1989-10-09,7.328202724456787,7.369840239936655,7.2449276934970515,7.2449276934970515,347600
1989-10-10,7.453115940093994,7.453115940093994,7.3282033824387875,7.411478420875592,804400
1989-10-11,7.432300090789795,7.453118858551111,7.369843787505848,7.41148132302848,431200
1989-10-12,7.494754791259766,7.536392317877875,7.411479738023545,7.453117264641656,1812400
1989-10-13,7.2865705490112305,7.536395824977329,7.265751776014055,7.494758278982979,718000
1989-10-16,6.953469753265381,7.203295013861742,6.870194666399928,7.120019926996289,5190800
1989-10-17,7.328202724456787,7.411477755416524,6.995102600617843,7.036740116097711,6692800
1989-10-18,7.536393165588379,7.536393165588379,7.203292915175633,7.244930446477227,1090000
1989-10-19,7.952769756317139,8.077682370290706,7.494756838414058,7.536394376405247,1981600
1989-10-20,7.869498252868652,7.952773366655622,7.744585582188197,7.911135809762137,1752400
1989-10-23,7.869498252868652,7.869498252868652,7.744585582188197,7.827860695975167,1640400
1989-10-24,7.911128997802734,7.952766518843801,7.786216434679533,7.8278539557206,1207600
1989-10-25,7.869498252868652,8.036048480442592,7.869498252868652,7.952773366655622,1382000
1989-10-26,7.619662761688232,7.869487770268175,7.619662761688232,7.869487770268175,1714800
1989-10-27,7.494754791259766,7.6613048977322045,7.411479738023545,7.6613048977322045,1342800
1989-10-30,7.453115940093994,7.5363909785307985,7.3282033824387875,7.494753459312396,482400
1989-10-31,7.349026679992676,7.494758087244655,7.328207907528108,7.453120542315518,748000
1989-11-01,7.369843006134033,7.4531180683502365,7.286567943917829,7.328205475025931,1126000
1989-11-02,7.369843006134033,7.411480537242134,7.286567943917829,7.369843006134033,321200
1989-11-03,7.369843006134033,7.411480537242134,7.328205475025931,7.328205475025931,934000
1989-11-06,7.24492883682251,7.369841402974622,7.244928836822509,7.328203880923917,672800
1989-11-07,7.099198818206787,7.2865677019717765,6.995104993892905,7.244930172246223,921600
1989-11-08,7.24492883682251,7.2865663588732135,7.078378748619693,7.120016270670397,1083200
1989-11-09,7.26575231552124,7.328208639150362,7.244933540978199,7.286571090064281,1431600
1989-11-10,7.369843006134033,7.4531180683502365,7.286567943917829,7.286567943917829,977600
1989-11-13,7.2865705490112305,7.369845640999929,7.28657054901123,7.369845640999929,275200
1989-11-14,7.2865705490112305,7.3282080950055795,7.24493300301688,7.3282080950055795,421200
1989-11-15,7.578028678894043,7.578028678894043,7.244928517184414,7.286566037398118,1626800
1989-11-16,7.911128997802734,7.911128997802734,7.5780288294741975,7.619666350515265,1394800
1989-11-17,8.202593803405762,8.244231335402745,7.869493547429894,7.869493547429894,2503200
1989-11-20,8.119318008422852,8.244230593167819,8.036042951926207,8.202593064919496,1131200
1989-11-21,8.077682495117188,8.160957572386437,8.036044956482563,8.077682495117188,1362800
1989-11-22,7.911128997802734,8.077679081967002,7.911128997802734,8.036041560925936,382800
1989-11-24,8.036042213439941,8.07767973786191,7.911129640174035,7.911129640174035,597200
1989-11-27,7.994406700134277,8.03604423503081,7.952769165237744,7.952769165237744,642400
1989-11-28,7.827856063842773,7.994406192860705,7.786218531588291,7.952768660606222,1402400
1989-11-29,7.786217212677002,7.911129788281445,7.74457968747552,7.827854737878483,750000
1989-11-30,7.786217212677002,7.786217212677002,7.661304637072558,7.74457968747552,474800
1989-12-01,7.952769756317139,8.036044832299517,7.786219604352382,7.827857142343571,903600
1989-12-04,7.994406700134277,7.994406700134277,7.952769165237744,7.994406700134277,413200
1989-12-05,7.994406700134277,8.03604423503081,7.952769165237744,7.952769165237744,747200
1989-12-06,7.661305904388428,7.952768629011901,7.61966837229936,7.952768629011901,1150400
1989-12-07,7.619662761688232,7.7029377645482136,7.578025260258242,7.661300263118223,974800
1989-12-08,7.536393165588379,7.702943290794752,7.536393165588379,7.702943290794752,1112000
1989-12-11,7.453115940093994,7.578028497749201,7.36984090165719,7.5363909785307985,515200
1989-12-12,7.369843006134033,7.494755599458339,7.328205475025931,7.4531180683502365,438000
1989-12-13,7.453115940093994,7.494753459312396,7.36984090165719,7.453115940093994,329200
1989-12-14,7.369843006134033,7.4531180683502365,7.286567943917829,7.349024240579982,319600
1989-12-15,7.328202724456787,7.453115270896392,7.328202724456787,7.369840239936655,688400
1989-12-18,7.078381061553955,7.411481346803553,7.036743525897755,7.411481346803553,1060800
1989-12-19,7.078381061553955,7.120018597210155,6.953468454585356,7.036743525897755,841200
1989-12-20,7.328202724456787,7.328202724456787,7.078377631577578,7.120015147057447,362400
1989-12-21,7.494754791259766,7.578029844495985,7.349023448096381,7.369842211405436,1112800
1989-12-22,7.578028678894043,7.7029412395351535,7.536391158680339,7.578028678894043,840000
1989-12-26,7.578028678894043,7.619666199107746,7.494753638466635,7.619666199107746,130800
1989-12-27,7.661305904388428,7.661305904388428,7.536393308121225,7.5780308402102925,510800
1989-12-28,7.702945232391357,7.744582774188067,7.619670148797937,7.661307690594647,677600
1989-12-29,7.702945232391357,7.786220315984777,7.619670148797937,7.702945232391357,520400
1990-01-02,7.744581699371338,7.744581699371337,7.5780315552988355,7.744581699371337,839200
1990-01-03,7.869498252868652,7.952773366655622,7.786223139081682,7.786223139081682,658000
1990-01-04,7.952769756317139,8.036044832299517,7.8694946803347605,7.8694946803347605,1148400
1990-01-05,7.994406700134277,8.03604423503081,7.911131630341211,7.952769165237744,414400
1990-01-08,7.848673343658447,7.994404678951841,7.786217057104136,7.911129630212759,770800
1990-01-09,7.786217212677002,7.911129788281445,7.786217212677002,7.827854737878483,602000
1990-01-10,7.619662761688232,7.869487770268175,7.619662761688232,7.786212767408194,738800
1990-01-11,7.328202724456787,7.744577879255469,7.328202724456787,7.702940363775601,4134800
1990-01-12,6.91182804107666,7.244928187634571,6.807734245277312,7.203290669314832,4424800
1990-01-15,6.828559398651123,6.953472070577669,6.786921841342275,6.953472070577669,1728800
1990-01-16,7.01592493057251,7.078381235592443,6.703643405472843,6.745280942152799,2256800
1990-01-17,6.807737350463867,7.120018880301659,6.786918581808014,7.078381342989953,672800
1990-01-18,6.70364236831665,6.786917428792634,6.6620048380786585,6.70364236831665,1188000
1990-01-19,6.724462509155273,6.828556356046223,6.7036437397770845,6.786918817289843,736000
1990-01-22,6.4121809005737305,6.745281207097041,6.370543362258317,6.745281207097041,1088000
1990-01-23,6.5370917320251465,6.578729258980721,6.37054162420285,6.4538166781139985,1053200
1990-01-24,6.578729629516602,6.662004688118078,6.287266924411435,6.370541983012911,1460000
1990-01-25,6.620367527008057,6.703642590240863,6.578729995391654,6.703642590240863,1076400
1990-01-26,6.662003517150879,6.662003517150879,6.578728473186493,6.620365995168686,1361200
1990-01-29,6.5370917320251465,6.703641839847443,6.5370917320251465,6.620366785936295,1201200
1990-01-30,6.495454788208008,6.578729849595289,6.4121797268207255,6.5370923189016485,1848000
1990-01-31,6.557909965515137,6.5787287273104225,6.495453680129278,6.53709120371985,738400
1990-02-01,6.495454788208008,6.620367380288931,6.453817257514366,6.578729849595289,3755600
1990-02-02,6.620367527008057,6.66200505862446,6.453817400542445,6.453817400542445,2730400
1990-02-05,6.495454788208008,6.620367380288931,6.495454788208008,6.620367380288931,1164000
1990-02-06,6.557909965515137,6.662003774491567,6.53709120371985,6.5787287273104225,2242000
1990-02-07,6.4121809005737305,6.578731053835386,6.370543362258317,6.537093515519972,2304000
1990-02-08,6.370543003082275,6.49545561098585,6.370543003082276,6.412180539050134,1482400
1990-02-09,6.4121809005737305,6.453818438889145,6.328905823942903,6.453818438889145,941600
1990-02-12,6.370543003082275,6.412180539050134,6.28726793114656,6.328905467114418,1024400
1990-02-13,6.162353992462158,6.370541627342637,6.120716465486063,6.3289041003665405,1512400
1990-02-14,6.245628833770752,6.287266359329224,6.162353782653809,6.162353782653809,3671200
1990-02-15,6.370543003082275,6.370543003082276,6.203992859210844,6.2456303951787016,877200
1990-02-16,6.370543003082275,6.453818075017992,6.328905467114418,6.370543003082276,661200
1990-02-20,6.328907012939453,6.412182105214972,6.245631920663934,6.370544559077213,715200
1990-02-21,6.453818321228027,6.537093396340647,6.162355558333858,6.245630633446479,988800
1990-02-22,6.370543003082275,6.49545561098585,6.370543003082276,6.432999307034063,1247200
1990-02-23,6.287265777587891,6.412178342705531,6.2872657775878915,6.3705408209996515,1093600
1990-02-26,6.370543003082275,6.412180539050134,6.328905467114418,6.328905467114418,987200
1990-02-27,6.453818321228027,6.495455858784338,6.370543246115408,6.412180783671718,914800
1990-02-28,6.370543003082275,6.49545561098585,6.370543003082276,6.49545561098585,1212000
1990-03-01,6.432998180389404,6.537092002078554,6.370541887375915,6.453816944727234,1227600
1990-03-02,6.5370917320251465,6.578729258980721,6.4121791511584245,6.4121791511584245,995200
1990-03-05,6.4121809005737305,6.537093515519972,6.370543362258317,6.495455977204559,887200
1990-03-06,6.641186237335205,6.662005002969485,6.412179815358129,6.453817346626688,1578800
1990-03-07,6.578729629516602,6.662004688118078,6.5370921002158635,6.662004688118078,544000
1990-03-08,6.745278835296631,6.786916358971301,6.578728740597948,6.620366264272619,1054800
1990-03-09,6.870190620422363,6.953465658245664,6.745278063687411,6.766096823143236,1955200
1990-03-12,6.91182804107666,6.953465559396399,6.828553004437182,6.87019052275692,703200
1990-03-13,6.786918640136719,6.911831253145371,6.786918640136719,6.87019371547582,1664000
1990-03-14,6.828559398651123,6.828559398651123,6.662009169415731,6.828559398651123,464000
1990-03-15,6.870190620422363,6.891009379878188,6.745278063687411,6.786915582599061,1423200
1990-03-16,6.828559398651123,6.91183451326882,6.745284284033427,6.870196955959972,2073600
1990-03-19,6.828559398651123,6.870196955959972,6.745284284033427,6.828559398651123,1077600
1990-03-20,6.828559398651123,6.870196955959972,6.703646726724578,6.870196955959972,2209200
1990-03-21,6.745278835296631,6.828553882645972,6.7036413116219595,6.745278835296631,1132000
1990-03-22,6.70364236831665,6.70364236831665,6.432998421769705,6.578729777602676,3020400
1990-03-23,6.662003517150879,6.828553605079651,6.662003517150879,6.662003517150879,2300000
1990-03-26,6.662003517150879,6.7869160830974575,6.662003517150879,6.7869160830974575,1417600
1990-03-27,6.745278835296631,6.786916358971301,6.620366264272619,6.620366264272619,1514000
1990-03-28,6.5370917320251465,6.786916893758592,6.4954542050695725,6.786916893758592,2724800
1990-03-29,6.578729629516602,6.578729629516602,6.412179512313649,6.4954545709151255,912800
1990-03-30,6.453818321228027,6.620368471453267,6.328905708559098,6.620368471453267,1996800
1990-04-02,6.370543003082275,6.412180539050134,6.203992859210844,6.28726793114656,1993600
1990-04-03,6.287265777587891,6.3705408209996515,6.245628255882011,6.3705408209996515,2556400
1990-04-04,6.266448974609375,6.328905276681893,6.203992672536856,6.328905276681893,1036800
1990-04-05,6.2248125076293945,6.3289063622720265,6.162356194843815,6.287268820414973,1163600
1990-04-06,6.203990936279297,6.245628459341574,6.162353413217019,6.203990936279297,745200
1990-04-09,5.9958038330078125,6.203991466098361,5.9958038330078125,6.162353939480251,1194800
1990-04-10,5.7876176834106445,6.037442907154988,5.74598014611992,6.037442907154988,3369600
1990-04-11,5.850073337554932,5.912529636532387,5.787617038577477,5.787617038577477,1415600
1990-04-12,6.079079627990723,6.079079627990723,5.829254437799323,5.912529501196456,2156400
1990-04-16,6.328907012939453,6.370544559077213,6.0790817361128955,6.0790817361128955,963600
1990-04-17,6.328907012939453,6.370544559077213,6.203994374526174,6.245631920663934,565600
1990-04-18,6.245628833770752,6.45381646156311,6.162353782653809,6.370541410446167,727600
1990-04-19,6.120718479156494,6.203993560505562,6.07908093848196,6.203993560505562,772800
1990-04-20,5.9958038330078125,6.203991466098361,5.9958038330078125,6.120716412862142,1165600
1990-04-23,5.7876176834106445,5.995805369864264,5.7043426088291955,5.995805369864264,2245200
1990-04-24,5.745978355407715,5.787615879722264,5.662703306778618,5.787615879722264,4610000
1990-04-25,5.912527084350586,5.954164599029111,5.537789452243858,5.745977025636485,4701600
1990-04-26,5.870894908905029,6.037445119086732,5.870894908905029,5.974988790268593,1812800
1990-04-27,5.662703990936279,5.954166696352117,5.57942893224604,5.954166696352117,942800
1990-04-30,5.704341411590576,5.787616468694088,5.621066354487064,5.621066354487064,1498800
1990-05-01,5.600246906280518,5.745978238414211,5.537790621080363,5.745978238414211,849600
1990-05-02,5.704341411590576,5.704341411590576,5.579428825935308,5.579428825935308,736000
1990-05-03,5.704341411590576,5.787616468694088,5.66270388303882,5.787616468694088,1423200
1990-05-04,5.579430103302002,5.704342717555032,5.412879950964629,5.704342717555032,4342400
1990-05-07,5.496152877807617,5.662702965013909,5.412877834204472,5.641884204113123,3678800
1990-05-08,5.537792205810547,5.57942974119258,5.454517135046478,5.4961546704285125,702400
1990-05-09,5.537792205810547,5.621067276574615,5.454517135046478,5.537792205810547,1294800
1990-05-10,5.537792205810547,5.537792205810547,5.454517135046478,5.537792205810547,1178800
1990-05-11,5.579430103302002,5.579430103302002,5.496155027133315,5.496155027133315,1576800
1990-05-14,5.621067047119141,5.704342114483868,5.537791979754412,5.579429513436777,3083200
1990-05-15,5.704341411590576,5.787616468694088,5.621066354487064,5.621066354487064,1602400
1990-05-16,5.933348655700684,5.974986190126653,5.6627046819318805,5.6627046819318805,2227600
1990-05-17,6.245628833770752,6.245628833770752,5.995803680419922,6.079078731536866,1682000
1990-05-18,6.245628833770752,6.287266359329224,6.120716257095337,6.245628833770752,1376800
1990-05-21,6.495454788208008,6.516273553554828,6.245629604046161,6.245629604046161,1322400
1990-05-22,6.4121809005737305,6.578731053835386,6.4121809005737305,6.495455977204559,1930800
1990-05-23,6.203990936279297,6.453816074652959,6.162353413217019,6.412178551590682,1668800
1990-05-24,6.037441730499268,6.203991847202696,5.99580420132341,6.203991847202696,2350800
1990-05-25,5.933348655700684,5.995804957339638,5.870892354061729,5.995804957339638,2991600
1990-05-29,6.120718479156494,6.120718479156494,5.912530775783824,5.954168316458357,1123200
1990-05-30,6.370543003082275,6.412180539050134,6.120717787275128,6.120717787275128,2590800
1990-05-31,6.391362190246582,6.495456036993269,6.287268343499895,6.370543420897245,1750800
1990-06-01,6.370543003082275,6.412180539050134,6.328905467114418,6.412180539050134,1045600
1990-06-04,6.5370917320251465,6.620366785936295,6.245629043336128,6.4121791511584245,2051600
1990-06-05,6.120718479156494,6.495456345227299,6.120718479156494,6.453818804552766,2615600
1990-06-06,6.245628833770752,6.287266359329224,6.120716257095337,6.120716257095337,899600
1990-06-07,6.203990936279297,6.328903505466128,6.14153465168588,6.287265982403851,713600
1990-06-08,6.162353992462158,6.2039915194382536,6.079078938509967,6.162353992462158,1420800
1990-06-11,6.203990936279297,6.203990936279297,6.037440844030188,6.079078367092465,439600
1990-06-12,6.18317174911499,6.245628029409081,6.16235298901696,6.20399050921302,1474400
1990-06-13,6.120718479156494,6.245631101180096,6.07908093848196,6.162356019831027,978000
1990-06-14,6.120718479156494,6.120718479156494,5.995805857132892,6.120718479156494,559600
1990-06-15,6.120718479156494,6.162356019831027,6.037443397807426,6.07908093848196,930400
1990-06-18,6.099898338317871,6.162354635297235,6.079079572658083,6.079079572658083,967600
1990-06-19,6.162353992462158,6.24562904641435,6.079078938509967,6.120716465486063,582400
1990-06-20,6.141537189483643,6.245631040152857,6.079080879082114,6.245631040152857,570400
1990-06-21,6.245628833770752,6.245628833770752,5.995803680419922,6.120716257095337,848800
1990-06-22,6.120718479156494,6.245631101180096,6.120718479156494,6.203993560505562,782800
1990-06-25,6.453818321228027,6.578730933896957,6.120718020777549,6.120718020777549,2943600
1990-06-26,6.70364236831665,6.745279898554642,6.495454717126693,6.537092247364684,3039600
1990-06-27,6.91182804107666,6.91182804107666,6.662002931158226,6.745277967797704,3430800
1990-06-28,6.91182804107666,6.953465559396399,6.87019052275692,6.87019052275692,2169200
1990-06-29,6.91182804107666,6.995103077716138,6.87019052275692,6.953465559396399,1334800
1990-07-02,6.828559398651123,6.91183451326882,6.828559398651123,6.870196955959972,1346800
1990-07-03,7.036745548248291,7.120020643493833,6.828557810134436,6.828557810134436,1550800
1990-07-05,7.078381061553955,7.244931204178754,7.036743525897755,7.036743525897755,1080400
1990-07-06,7.161656379699707,7.161656379699708,6.995106231334598,7.12001884260843,903600
1990-07-09,7.099198818206787,7.244930172246223,7.036742523618458,7.120017583069564,1184400
1990-07-10,6.995102882385254,7.161652951013474,6.953465365228199,7.161652951013474,727200
1990-07-11,6.953469753265381,7.036744840130835,6.953469753265381,7.036744840130835,718000
1990-07-12,7.078381061553955,7.120018597210155,6.995105990241556,6.995105990241556,560000
1990-07-13,7.182473182678223,7.203291945526566,7.036741842739824,7.036741842739824,1208400
1990-07-16,7.24492883682251,7.328203880923917,7.1616537927211015,7.203291314771805,455200
1990-07-17,7.078381061553955,7.244931204178754,7.036743525897755,7.203293668522554,1184000
1990-07-18,6.870190620422363,7.1200157338922665,6.786915582599061,7.078378214980616,1314000
1990-07-19,6.91182804107666,6.91182804107666,6.786915486117443,6.786915486117443,492000
1990-07-20,6.7660980224609375,6.911829364483173,6.703641733022836,6.911829364483173,1214000
1990-07-23,6.620367527008057,6.703642590240863,6.5370924637752506,6.66200505862446,1169200
1990-07-24,6.578729629516602,6.745279746719553,6.4954545709151255,6.662004688118078,1095600
1990-07-25,6.70364236831665,6.745279898554642,6.578729777602676,6.6203673078406675,508400
1990-07-26,6.453818321228027,6.703643546565886,6.453818321228027,6.662006009009577,1734800
1990-07-27,6.5370917320251465,6.578729258980721,6.4538166781139985,6.5370917320251465,715200
1990-07-30,6.495454788208008,6.495454788208008,6.370542196127085,6.453817257514366,989600
1990-07-31,6.662003517150879,6.703641039133071,6.453815907239914,6.453815907239914,906800
1990-08-01,6.620367527008057,6.703642590240863,6.5370924637752506,6.620367527008057,1316800
1990-08-02,6.328907012939453,6.453819651352732,6.2872694668016935,6.412182105214972,680000
1990-08-03,6.162353992462158,6.308085336878493,5.95416635758168,6.308085336878493,1550400
1990-08-06,5.954168796539307,6.120718972666281,5.87089370847582,6.120718972666281,793200
1990-08-07,5.704341411590576,6.120716697108136,5.683522647314698,6.0790791685563805,1817200
1990-08-08,5.8917107582092285,5.9125295241392966,5.704341864838617,5.704341864838617,680400
1990-08-09,6.245628833770752,6.245628833770752,5.870891103744507,5.912528629302979,1156400
1990-08-10,5.9958038330078125,6.203991466098361,5.912528779771593,6.203991466098361,383200
1990-08-13,5.8917107582092285,5.954167055999433,5.829254460419024,5.954167055999433,435200
1990-08-14,5.912527084350586,5.9958021137076365,5.912527084350586,5.954164599029111,142000
1990-08-15,5.579430103302002,6.037443022229779,5.579430103302002,5.995805484145435,1226800
1990-08-16,5.579430103302002,5.787617793723719,5.579430103302002,5.621067641386345,2365600
1990-08-17,5.433697700500488,5.621066586724643,5.329603874820402,5.579429056452609,1499200
1990-08-20,5.41287899017334,5.475335286213801,5.371241459479698,5.454516520866981,1374800
1990-08-21,5.163055419921875,5.371243138467112,5.038142788794733,5.329605594758065,1666800
1990-08-22,5.287967681884766,5.371242763489251,5.204692600280281,5.246330141082524,842800
1990-08-23,5.246328830718994,5.371241421926589,5.0381411787063355,5.163053769913931,979200
1990-08-24,5.433697700500488,5.579429056452609,5.371241405092436,5.49615399590854,1394400
1990-08-27,5.683522701263428,5.70434146573692,5.53779134994898,5.53779134994898,768800
1990-08-28,5.537792205810547,5.704342347338684,5.4961546704285125,5.57942974119258,440800
1990-08-29,5.558609485626221,5.579428247744671,5.412878150797069,5.49615319927087,336800
1990-08-30,5.496152877807617,5.579427921410764,5.412877834204472,5.579427921410764,551600
1990-08-31,5.537792205810547,5.621067276574615,5.37124206428241,5.4128795996644445,524800
1990-09-04,5.41287899017334,5.537791582254263,5.41287899017334,5.496154051560622,451200
1990-09-05,5.621067047119141,5.621067047119141,5.454516912389685,5.496154446072048,563600
1990-09-06,5.392058849334717,5.537790169587006,5.371240089298675,5.537790169587006,474400
1990-09-07,5.329604148864746,5.496154278516769,5.28796661645174,5.371241681277752,701600
1990-09-10,5.287967681884766,5.4545178450937355,5.287967681884766,5.371242763489251,350000
1990-09-11,5.246328830718994,5.371241421926589,5.246328830718994,5.287966361121526,478400
1990-09-12,5.287967681884766,5.329605222687008,5.246330141082524,5.329605222687008,1058000
1990-09-13,5.204691410064697,5.32960400390625,5.121416347503662,5.32960400390625,2843600
1990-09-14,5.246328830718994,5.308785126322792,5.121416239511399,5.121416239511399,1141600
1990-09-17,5.329604148864746,5.454516746103764,5.246329084038734,5.246329084038734,994800
1990-09-18,5.287967681884766,5.350423993088129,5.246330141082524,5.287967681884766,687200
1990-09-19,5.246328830718994,5.329603891524058,5.246328830718994,5.329603891524058,419600
1990-09-20,5.100597381591797,5.28796626499721,5.079778616768973,5.28796626499721,721600
1990-09-21,5.204691410064697,5.246328941345215,5.079778816223144,5.121416347503662,912800
1990-09-24,5.0173211097717285,5.204689947895984,4.892408551022225,5.1214149087296486,1526000
1990-09-25,4.913228988647461,5.079779123855849,4.7466788534390725,5.079779123855849,2187600
1990-09-26,4.871589660644531,4.954864697578626,4.705039586776342,4.954864697578626,548000
1990-09-27,4.746676921844482,4.97568326456505,4.705039404986198,4.913226989277622,1592800
1990-09-28,4.871589660644531,4.892408419878055,4.621764549842247,4.705039586776342,1839200
1990-10-01,5.163055419921875,5.163055419921875,4.829955070249496,4.913230157667591,1723200
1990-10-02,5.079780101776123,5.287967810865308,5.079780101776123,5.204692727229634,1316800
1990-10-03,5.038141250610352,5.24632890559425,5.038141250610352,5.079778781607131,287600
1990-10-04,5.079780101776123,5.163055185411798,4.954867476322612,5.0381425599582865,544800
1990-10-05,5.038141250610352,5.16305384360069,4.913228657620012,4.996503719613571,645600
1990-10-08,4.913228988647461,5.079779123855849,4.78831638724117,5.079779123855849,1914800
1990-10-09,4.788315773010254,4.91322835839313,4.746678244549295,4.788315773010254,2336800
1990-10-10,4.621766567230225,4.746679177155365,4.580129030588511,4.746679177155365,1397200
1990-10-11,4.538490295410156,4.66340287234805,4.413577718472262,4.66340287234805,2375200
1990-10-12,4.580129623413086,4.621767165444114,4.4968545393510295,4.621767165444114,1292800
1990-10-15,4.829954624176025,4.913229703903198,4.496854305267334,4.621766924858093,1785600
1990-10-16,4.663402080535889,4.954864710569382,4.663402080535889,4.913227191993168,860800
1990-10-17,4.871589660644531,4.913227179111578,4.663402068309295,4.746677105243389,539600
1990-10-18,5.100597381591797,5.12141614641462,4.871590968540737,4.871590968540737,940000
1990-10-19,5.329604148864746,5.371241681277752,5.163054019212723,5.163054019212723,1119600
1990-10-22,5.41287899017334,5.454516520866981,5.287966398092417,5.3296039287860575,373200
1990-10-23,5.371241092681885,5.412878620532132,5.287966036981391,5.329603564831638,426800
1990-10-24,5.371241092681885,5.412878620532132,5.287966036981391,5.371241092681885,253600
1990-10-25,5.41287899017334,5.41287899017334,5.287966398092417,5.371241459479698,354400
1990-10-26,5.204691410064697,5.371241535186768,5.16305387878418,5.32960400390625,1234000
1990-10-29,5.142234802246094,5.287966152917035,5.079778509101404,5.246328624153909,343200
1990-10-30,5.287967681884766,5.371242763489251,5.079779977873555,5.121417518675797,1440400
1990-10-31,5.204691410064697,5.371241535186768,5.16305387878418,5.371241535186768,644800
1990-11-01,5.246328830718994,5.246328830718994,5.163053769913931,5.204691300316463,82800
1990-11-02,5.41287899017334,5.41287899017334,5.163053806011493,5.163053806011493,443600
1990-11-05,5.579430103302002,5.621067641386345,5.371242412880285,5.371242412880285,370800
1990-11-06,5.662703990936279,5.850072872989318,5.62106646159116,5.7876165789716385,907200
1990-11-07,5.537792205810547,5.704342347338684,5.537792205810547,5.704342347338684,537200
1990-11-08,5.704341411590576,5.745978940142332,5.537791297383552,5.621066354487064,446400
1990-11-09,5.954168796539307,5.99580634057105,5.7043435323488465,5.7043435323488465,1208400
1990-11-12,6.037441730499268,6.0998980242630525,5.912529142971696,5.99580420132341,2207200
1990-11-13,5.9958038330078125,6.079078886244032,5.954166306389703,6.079078886244032,1122000
1990-11-14,5.912527084350586,5.9958021137076365,5.912527084350586,5.9958021137076365,358400
1990-11-15,5.912527084350586,5.9958021137076365,5.891708327011323,5.912527084350586,535600
1990-11-16,5.870894908905029,5.954170013995881,5.870894908905029,5.954170013995881,546800
1990-11-19,6.079079627990723,6.120717159689289,5.912529501196456,5.912529501196456,786000
1990-11-20,6.079079627990723,6.120717159689289,6.079079627990723,6.079079627990723,1387600
1990-11-21,6.287265777587891,6.2872657775878915,6.037440647352611,6.079078169058491,628800
1990-11-23,6.328907012939453,6.328907012939453,6.203994374526174,6.2872694668016935,416400
1990-11-26,6.370543003082275,6.412180539050134,6.2456303951787016,6.28726793114656,746800
1990-11-27,6.4121809005737305,6.5162747463622654,6.370543362258317,6.370543362258317,1016800
1990-11-28,6.245628833770752,6.537091512680054,6.245628833770752,6.45381646156311,758800
1990-11-29,6.245628833770752,6.370541410446167,6.162353782653809,6.20399130821228,840000
1990-11-30,6.370543003082275,6.453818075017992,6.203992859210844,6.203992859210844,546400
1990-12-03,6.4121809005737305,6.495455977204559,6.370543362258317,6.453818438889145,607200
1990-12-04,6.453818321228027,6.453818321228027,6.370543246115408,6.412180783671718,346800
1990-12-05,6.495454788208008,6.5370923189016485,6.370542196127085,6.370542196127085,683200
1990-12-06,6.328907012939453,6.703644928179289,6.308088239870573,6.57873228976601,1681200
1990-12-07,6.453818321228027,6.453818321228027,6.328905708559098,6.328905708559098,1243200
1990-12-10,6.370543003082275,6.453818075017992,6.370543003082276,6.412180539050134,506400
1990-12-11,6.287265777587891,6.412178342705531,6.2872657775878915,6.3705408209996515,904800
1990-12-12,6.4121809005737305,6.4121809005737305,6.07908059405042,6.203993208996661,1305600
1990-12-13,6.5370917320251465,6.578729258980721,6.37054162420285,6.37054162420285,1068400
1990-12-14,6.370543003082275,6.537093146953708,6.370543003082276,6.537093146953708,1064400
1990-12-17,6.141537189483643,6.328906120688228,6.079080879082114,6.328906120688228,778800
1990-12-18,6.203990936279297,6.245628459341574,6.1207158901547425,6.1207158901547425,492000
1990-12-19,6.453818321228027,6.453818321228027,6.162355558333858,6.245630633446479,2760800
1990-12-20,6.495454788208008,6.5370923189016485,6.370542196127085,6.370542196127085,2431600
1990-12-21,6.578729629516602,6.662004688118078,6.4954545709151255,6.578729629516602,1874400
1990-12-24,6.578729629516602,6.62036715881734,6.578729629516602,6.578729629516602,992000
1990-12-26,6.620367527008057,6.66200505862446,6.578729995391654,6.578729995391654,206400
1990-12-27,6.682823181152344,6.703641944956557,6.578729362131279,6.620366889739705,1447200
1990-12-28,6.578729629516602,6.703642217418815,6.578729629516602,6.703642217418815,712800
1990-12-31,6.5370917320251465,6.662004312891869,6.4121791511584245,6.662004312891869,2196000
1991-01-02,6.453818321228027,6.537093396340647,6.453818321228027,6.495455858784338,1078000
1991-01-03,6.370543003082275,6.537093146953708,6.370543003082276,6.453818075017992,1258800
1991-01-04,6.453818321228027,6.495455858784338,6.370543246115408,6.370543246115408,1152000
1991-01-07,6.287265777587891,6.453815864411411,6.2872657775878915,6.412178342705531,758000
1991-01-08,6.370543003082275,6.49545561098585,6.328905467114418,6.370543003082276,1502000
1991-01-09,6.4121809005737305,6.703643668781628,6.370543362258317,6.453818438889145,2530000
1991-01-10,6.453818321228027,6.453818321228027,6.391362014893563,6.412180783671718,2976800
1991-01-11,6.7660980224609375,6.828554311899039,6.537091627854568,6.578729154146635,8741600
1991-01-14,6.620367527008057,6.66200505862446,6.412179868926042,6.578729995391654,2934000
1991-01-15,6.578729629516602,6.62036715881734,6.453817041614387,6.4954545709151255,1492000
1991-01-16,6.786918640136719,6.87019371547582,6.537093414119417,6.537093414119417,3392400
1991-01-17,7.12001895904541,7.244931572361996,6.995106345728824,7.1616564968176055,5076400
1991-01-18,7.2865705490112305,7.28657054901123,6.9534701810564306,6.99510772705078,4522800
1991-01-21,7.24492883682251,7.307385119898566,7.1616537927211015,7.1616537927211015,2858400
1991-01-22,7.099198818206787,7.244930172246223,7.036742523618458,7.20329264252067,1250000
1991-01-23,7.328202724456787,7.411477755416524,7.078377631577578,7.078377631577578,1638000
1991-01-24,7.307386875152588,7.411480705282966,7.24493057707436,7.328205641178664,2341600
1991-01-25,7.2865705490112305,7.369845640999929,7.20329545702253,7.28657054901123,1043200
1991-01-28,6.995102882385254,7.286565502484639,6.995102882385254,7.203290468170529,1367200
1991-01-29,7.12001895904541,7.12001895904541,6.870193732412238,6.911831270184433,1682800
1991-01-30,7.2865705490112305,7.369845640999929,7.057564046042305,7.12002036503383,1676400
1991-01-31,7.4114813804626465,7.432300148385295,7.286568772926759,7.328206308772055,965200
1991-02-01,7.2865705490112305,7.411483186994279,7.24493300301688,7.369845640999929,999600
1991-02-04,7.453115940093994,7.494753459312396,7.286565863220385,7.3282033824387875,1159200
1991-02-05,7.619662761688232,7.786212767408194,7.411475254538281,7.494750257398262,2685600
1991-02-06,7.619662761688232,7.7029377645482136,7.536387758828252,7.536387758828252,3462800
1991-02-07,7.390660285949707,7.661304183745048,7.2449289563676,7.578029138269558,2093600
1991-02-08,7.26575231552124,7.411483737322525,7.244933540978199,7.328208639150362,2287200
1991-02-11,7.494754791259766,7.536392317877875,7.286567158169216,7.286567158169216,2105600
1991-02-12,7.578028678894043,7.66130371932145,7.369841077825525,7.453116118252932,1650400
1991-02-13,7.619662761688232,7.744575265978204,7.578025260258242,7.619662761688232,1320000
1991-02-14,7.26575231552124,7.702946580925096,7.120020893719954,7.619671482752933,4557200
1991-02-15,7.494754791259766,7.536392317877875,7.328204684787326,7.328204684787326,3922800
1991-02-19,7.536393165588379,7.536393165588379,7.453118102985193,7.494755634286786,2076000
1991-02-20,7.328202724456787,7.49475278637626,7.203290178017183,7.49475278637626,1284800
1991-02-21,7.2032904624938965,7.3698405309908654,7.07837791112117,7.3698405309908654,2341200
1991-02-22,6.995102882385254,7.2449279853275845,6.953465365228199,7.120015433856419,1220400
1991-02-25,6.828559398651123,7.0783847425042135,6.828559398651123,7.036747185195365,1708000
1991-02-26,6.682823181152344,6.87019205539026,6.578729362131279,6.828554527781834,2153200
1991-02-27,6.662003517150879,6.7869160830974575,6.620365995168686,6.620365995168686,4442400
1991-02-28,6.89100980758667,6.911828568334666,6.662003439358715,6.703640960854707,4698800
1991-03-01,7.078381061553955,7.120018597210155,6.786918311960557,6.828555847616757,1246400
1991-03-04,7.328202724456787,7.369840239936655,7.036740116097711,7.078377631577578,1836400
1991-03-05,7.328202724456787,7.49475278637626,7.28656520897692,7.369840239936655,1494800
1991-03-06,7.328202724456787,7.453115270896392,7.328202724456787,7.453115270896392,1279600
1991-03-07,7.2865705490112305,7.3282080950055795,7.16165791102818,7.28657054901123,1380000
1991-03-08,7.2032904624938965,7.45311556523935,7.2032904624938965,7.411478048115107,1466000
1991-03-11,7.036745548248291,7.244933286362145,6.9534704530027485,7.1616581911166035,939200
1991-03-12,6.91182804107666,7.036740596035877,6.87019052275692,7.036740596035877,703600
1991-03-13,7.161656379699707,7.161656379699708,6.911831157152044,6.953468694243321,468800
1991-03-14,7.01592493057251,7.286568918992221,6.911831088872621,7.244931382312265,967600
1991-03-15,7.099198818206787,7.120017583069564,6.953467464167352,7.036742523618458,1079600
1991-03-18,7.2032904624938965,7.286565496742381,7.036740393996928,7.07837791112117,595600
1991-03-19,7.078381061553955,7.203293668522554,7.036743525897755,7.120018597210155,480800
1991-03-20,7.328202724456787,7.328202724456787,7.078377631577578,7.078377631577578,1147200
1991-03-21,7.432300090789795,7.453118858551111,7.328206251983215,7.369843787505848,1394400
1991-03-22,7.494754791259766,7.536392317877875,7.328204684787326,7.369842211405436,1357600
1991-03-25,7.578028678894043,7.66130371932145,7.494753638466635,7.494753638466635,856800
1991-03-26,7.661305904388428,7.661305904388428,7.494755776032158,7.5780308402102925,1771600
1991-03-27,7.494754791259766,7.6613048977322045,7.453117264641656,7.6613048977322045,1204800
1991-03-28,7.786217212677002,7.869492263079964,7.453117011065151,7.5363920614681135,2252400
1991-04-01,7.702945232391357,7.8278578577814875,7.661307690594647,7.786220315984777,716000
1991-04-02,7.952769756317139,8.077682370290706,7.786219604352382,7.827857142343571,4176800
1991-04-03,8.077682495117188,8.223413880338374,7.994407417847938,8.077682495117188,5113200
1991-04-04,8.660603523254395,8.910428624886732,8.036040769173548,8.077678286112272,7562400
1991-04-05,8.827156066894531,8.993706181364239,8.618968423807395,8.618968423807395,4358000
1991-04-08,8.660603523254395,8.827153591009287,8.535690972438225,8.785516074070564,1390000
1991-04-09,8.49405574798584,8.743880917044248,8.49405574798584,8.618968332515044,976400
1991-04-10,8.743882179260254,8.785519713447208,8.494056974138532,8.494056974138532,2561600
1991-04-11,8.827156066894531,8.868793595511958,8.70224348104225,8.827156066894531,2491200
1991-04-12,8.868793487548828,8.993706071880501,8.868793487548828,8.910431015659386,1499200
1991-04-15,8.952066421508789,8.952066421508789,8.827153866790061,8.868791385029636,1507200
1991-04-16,9.368444442749023,9.410081973605685,8.868794072469075,8.910431603325737,2212800
1991-04-17,9.70154857635498,9.743186123892984,9.451723291126955,9.493360838664959,3950400
1991-04-18,9.368444442749023,9.659907158745659,9.368444442749023,9.618269627888997,1569600
1991-04-19,9.24353313446045,9.410083281027303,9.160258061177021,9.36844574438559,1804000
1991-04-22,8.993709564208984,9.243534829881456,8.952072019930238,9.243534829881456,1336800
1991-04-23,9.035344123840332,9.201894245938771,8.952069062791113,9.076981654364943,1083200
1991-04-24,9.076980590820312,9.201893167758206,8.952068013882418,8.9728867767054,617200
1991-04-25,8.827156066894531,9.076981238599092,8.785518538277104,8.993706181364239,1951600
1991-04-26,8.702247619628906,8.827160264886738,8.61897252279035,8.78552271646746,912800
1991-04-29,8.410778999328613,8.743879157717865,8.410778999328613,8.743879157717865,1165600
1991-04-30,8.49405574798584,8.82715597339705,8.327505635280236,8.369143163456636,2650000
1991-05-01,8.702247619628906,8.806341490677099,8.410784780693966,8.49405987753252,1908000
1991-05-02,8.660603523254395,8.785516074070564,8.577328489376947,8.702241040193117,988000
1991-05-03,8.743882179260254,8.785519713447208,8.452419439951578,8.57733204251244,1042800
1991-05-06,8.827156066894531,8.868793595511958,8.660605952424824,8.743881009659678,746800
1991-05-07,8.868793487548828,9.076981128101616,8.868793487548828,8.910431015659386,1471200
1991-05-08,8.827156066894531,8.910431124129385,8.743881009659678,8.910431124129385,716400
1991-05-09,9.056160926818848,9.160254730575385,8.785517037051848,8.827154558554463,851600
1991-05-10,8.868793487548828,9.285168768654406,8.743880903217153,9.243531240543849,1708400
1991-05-13,8.743882179260254,8.910432316008068,8.618969576699392,8.910432316008068,1212400
1991-05-14,8.660603523254395,8.74387855713184,8.618966006315672,8.660603523254395,1487200
1991-05-15,8.327505111694336,8.618967790603637,8.20259253501892,8.577330265045166,1374000
1991-05-16,8.348323822021484,8.452417635263647,8.285867534076186,8.285867534076186,2309200
1991-05-17,8.369144439697266,8.410781974223122,8.327506905171408,8.369144439697266,835600
1991-05-20,8.410778999328613,8.431597759227941,8.3275039597313,8.3275039597313,1030000
1991-05-21,8.660603523254395,8.702241040193117,8.410778421622057,8.410778421622057,679200
1991-05-22,9.181076049804688,9.243532349463223,8.66060688598356,8.66060688598356,3150000
1991-05-23,9.09780216217041,9.2018960084195,9.076983392920592,9.2018960084195,1751600
1991-05-24,9.181076049804688,9.201894816357532,9.118619750146152,9.118619750146152,1211600
1991-05-28,9.493353843688965,9.53499136054725,9.160253708822685,9.160253708822685,1344400
1991-05-29,9.576631546020508,9.743181659864343,9.53499401755955,9.618269074481466,2232000
1991-05-30,9.41008186340332,9.618269515248526,9.285169272296196,9.534994454510445,1587200
1991-05-31,9.24353313446045,9.410083281027303,9.056164219572738,9.36844574438559,1987200
1991-06-03,9.118619918823242,9.243532520450957,9.118619918823242,9.243532520450957,380800
1991-06-04,9.181076049804688,9.201894816357532,8.993707150829081,9.118619750146152,795200
1991-06-05,9.056160926818848,9.201892252078002,9.03534216606754,9.201892252078002,879200
1991-06-06,9.20189380645752,9.20189380645752,9.035343692313493,9.118618749385506,1767600
1991-06-07,8.910429000854492,9.160254113027982,8.910429000854492,9.160254113027982,840800
1991-06-10,8.785517692565918,8.993705315612504,8.785517692565918,8.993705315612504,765200
1991-06-11,8.910429000854492,8.910429000854492,8.827153963463328,8.910429000854492,824000
1991-06-12,8.785517692565918,8.827155217175235,8.702242643347283,8.7438801679566,974400
1991-06-13,8.72305965423584,8.743878412360509,8.660603379861836,8.743878412360509,643200
1991-06-14,8.952066421508789,8.952066421508789,8.702241312071333,8.74387883031091,2151200
1991-06-17,9.056160926818848,9.160254730575385,8.868792080057078,8.952067123062308,1907200
1991-06-18,9.035344123840332,9.076981654364943,8.910431532266504,8.952069062791113,864400
1991-06-19,9.118619918823242,9.118619918823242,8.86879471556781,8.910432249443716,968800
1991-06-20,9.20189380645752,9.20189380645752,8.993706163777485,9.035343692313493,1400400
1991-06-21,9.285171508789062,9.285171508789062,9.16025888759459,9.285171508789062,1638400
1991-06-24,8.910429000854492,9.201891631723564,8.910429000854492,9.201891631723564,856000
1991-06-25,8.660603523254395,9.035341175702902,8.577328489376947,8.952066141825457,1445600
1991-06-26,8.743882179260254,8.82715724763416,8.57733204251244,8.743882179260254,1321200
1991-06-27,9.056160926818848,9.11861720907277,8.827154558554463,8.868792080057078,846800
1991-06-28,8.993709564208984,9.11862219704522,8.910434475651494,9.035347108487729,764400
1991-07-01,8.993709564208984,9.035347108487729,8.910434475651494,8.952072019930238,782400
1991-07-02,8.993709564208984,9.11862219704522,8.952072019930238,9.035347108487729,569600
1991-07-03,8.952066421508789,8.993703939748364,8.868791385029636,8.952066421508789,483200
1991-07-05,8.972886085510254,8.993704846729536,8.868792279413848,8.868792279413848,110000
1991-07-08,9.285171508789062,9.368446589585377,8.86879610480749,8.952071185603804,1776800
1991-07-09,9.035344123840332,9.368444368037212,8.952069062791113,9.326806837512601,1626000
1991-07-10,9.076980590820312,9.243530693404171,8.993705539528383,9.118618116466276,1909600
1991-07-11,9.160259246826172,9.160259246826172,9.035346620733089,9.160259246826172,862000
1991-07-12,9.118619918823242,9.243532520450957,9.035344851071432,9.160257452699147,774400
1991-07-15,9.076980590820312,9.118618116466276,8.993705539528383,9.076980590820312,548000
1991-07-16,9.035344123840332,9.118619184889551,8.952069062791113,9.118619184889551,775600
1991-07-17,8.889610290527344,8.99370408784031,8.86879153106475,8.99370408784031,717200
1991-07-18,8.910429000854492,8.952066519550073,8.827153963463328,8.86879148215891,810000
1991-07-19,8.827156066894531,8.910431124129385,8.827156066894531,8.910431124129385,608000
1991-07-22,8.785517692565918,8.91043026639387,8.785517692565918,8.91043026639387,350400
1991-07-23,8.452420234680176,8.868795615698904,8.452420234680176,8.868795615698904,1600000
1991-07-24,8.410778999328613,8.535691558724583,8.3275039597313,8.494054038925926,1968800
1991-07-25,8.577329635620117,8.618967158123127,8.369142023105065,8.535692113117106,834800
1991-07-26,8.702247619628906,8.702247619628906,8.577334974371075,8.61897252279035,316000
1991-07-29,8.785517692565918,8.847973979479894,8.660605118737967,8.702242643347283,246000
1991-07-30,9.035344123840332,9.035344123840332,8.827156471217283,8.827156471217283,702800
1991-07-31,9.076980590820312,9.160255642112242,8.952068013882418,8.993705539528383,778400
1991-08-01,8.952066421508789,9.201891530946243,8.910428903269212,9.076978976227515,1013200
1991-08-02,8.72305965423584,9.076978542355194,8.660603379861836,9.076978542355194,1441200
1991-08-05,8.702247619628906,8.868797813306013,8.702247619628906,8.702247619628906,970400
1991-08-06,8.910429000854492,8.952066519550073,8.743878926072165,8.827153963463328,1080800
1991-08-07,8.743882179260254,8.993707384381976,8.743882179260254,8.952069850195022,1050800
1991-08-08,9.160259246826172,9.243534330888227,8.827158910577948,8.827158910577948,2648800
1991-08-09,9.326804161071777,9.326804161071777,9.076979049614497,9.160254086766924,1596400
1991-08-12,9.65990924835205,9.701546788215637,9.285171389579773,9.368446469306946,3940800
1991-08-13,9.993006706237793,10.159556818008424,9.659906482696535,9.701544010639191,3984000
1991-08-14,10.409382820129395,10.6592080078125,10.034645038604737,10.034645038604737,4947200
1991-08-15,10.24283218383789,10.451019829850857,10.076282067027519,10.451019829850857,2635600
1991-08-16,10.284469604492188,10.326107133255313,10.201194546965935,10.326107133255313,1662400
1991-08-19,10.034642219543457,10.15955477829296,9.743179582461282,9.99300469996029,1942800
1991-08-20,10.013827323913574,10.2428337699906,9.99300855608839,10.159558698689862,1143200
1991-08-21,10.32611083984375,10.367748383552799,10.159560665007561,10.159560665007561,1599200
1991-08-22,10.263651847839355,10.451020745670094,10.201195548562444,10.326108147116269,1716800
1991-08-23,10.284469604492188,10.36774466201844,10.159557018202808,10.201194546965935,968400
1991-08-26,10.367744445800781,10.409381973695563,10.201194334221652,10.305288153958609,899600
1991-08-27,10.430198669433594,10.451017429252822,10.32610487033745,10.367742389975907,708800
1991-08-28,10.617570877075195,10.700845942777747,10.367745679967545,10.367745679967545,2058400
1991-08-29,10.659208297729492,10.867395959794521,10.367745570838451,10.742483362555504,2010000
1991-08-30,10.575935363769531,10.700847986176258,10.575935363769531,10.617572904571775,556000
1991-09-03,10.659208297729492,10.78412089496851,10.57593323290348,10.680027063935995,2579600
1991-09-04,10.409382820129395,10.6592080078125,10.367745288848877,10.617570476531982,1282000
1991-09-05,10.388565063476562,10.534296437112506,10.32610876048973,10.534296437112506,1073600
1991-09-06,10.159560203552246,10.409385454459269,10.159560203552246,10.326110370823596,1257200
1991-09-09,10.24283218383789,10.284469713040485,10.117919596230111,10.159557125432706,261600
1991-09-10,9.909734725952148,10.242835052874911,9.784822103356113,10.117922430278876,2522400
1991-09-11,9.888911247253418,10.117917612979285,9.868092486732884,10.034642570897152,998000
1991-09-12,9.951367378234863,10.076279939467936,9.951367378234863,10.076279939467936,1320400
1991-09-13,9.743179321289062,9.993004432091347,9.743179321289062,9.993004432091347,1301200
1991-09-16,9.909734725952148,9.909734725952148,9.701547021625423,9.743184562490768,1657200
1991-09-17,9.70154857635498,9.909736314045002,9.576635933740969,9.868098766506996,1476800
1991-09-18,9.847277641296387,9.868096410094054,9.57663364692672,9.618271184522053,1543600
1991-09-19,9.65990924835205,9.90973448753357,9.65990924835205,9.90973448753357,1189600
1991-09-20,9.743179321289062,9.78481683975611,9.576629247420874,9.701541802822016,666000
1991-09-23,9.743179321289062,9.909729395157251,9.576629247420874,9.61826676588792,2355200
1991-09-24,9.784818649291992,9.86809370162639,9.618268544623191,9.784818649291992,1910800
1991-09-25,9.993006706237793,10.117919290065766,9.868094122409822,9.951369178295137,1412000
1991-09-26,9.868098258972168,9.951373349765182,9.826460713575662,9.951373349765182,1337200
1991-09-27,10.076282501220703,10.076282501220703,9.909732377233583,9.909732377233583,1355200
1991-09-30,10.034642219543457,10.076279739126626,9.909729660793953,10.076279739126626,878400
1991-10-01,10.034642219543457,10.076279739126626,9.951367180377122,10.034642219543457,904400
1991-10-02,9.868098258972168,10.034648440558197,9.868098258972168,9.99301089516169,347200
1991-10-03,9.639092445373535,9.909736509714477,9.618273671193464,9.868098961354333,1397200
1991-10-04,9.534991264343262,9.701541330095981,9.534991264343262,9.618266297219622,934000
1991-10-07,9.41008186340332,9.493356924141404,9.36844433303428,9.493356924141404,1158800
1991-10-08,9.534991264343262,9.57662878078144,9.32680368215236,9.36844119859054,1583200
1991-10-09,9.160259246826172,9.451722041043368,9.076984162764116,9.326809414950285,2309600
1991-10-10,9.41008186340332,9.493356924141404,9.160256681189074,9.201894211558114,2029600
1991-10-11,9.534991264343262,9.57662878078144,9.410078715028721,9.4517162314669,958000
1991-10-14,9.826457977294922,9.826457977294922,9.451720173076048,9.451720173076048,1496800
1991-10-15,10.034642219543457,10.076279739126626,9.826454621627619,9.909729660793953,1079200
1991-10-16,10.284469604492188,10.326107133255313,9.993006903150302,10.03464443191343,1173200
1991-10-17,9.951367378234863,10.242830021112034,9.909729857823839,10.242830021112034,1582000
1991-10-18,10.159560203552246,10.242835287187921,9.993010036280898,10.034647578098735,1434000
1991-10-21,10.076282501220703,10.201195094211041,10.034644970223923,10.201195094211041,1362400
1991-10-22,10.034642219543457,10.201192297876128,9.99300469996029,10.117917258709793,1974400
1991-10-23,9.61827278137207,10.076285770961217,9.534997692355862,9.993010681945009,3321200
1991-10-24,9.472536087036133,9.701542453975467,9.326804762620192,9.618267411452074,2081600
1991-10-25,9.451720237731934,9.534995305905783,9.326807635471159,9.534995305905783,1416800
1991-10-28,9.65990924835205,9.65990924835205,9.451721549034119,9.534996628761292,878400
1991-10-29,9.951367378234863,9.951367378234863,9.659904735357692,9.74317977617974,1192000
1991-10-30,10.055462837219238,10.097100364495509,9.784818909923482,9.993006546304834,3147200
1991-10-31,9.909734725952148,10.07628488941353,9.868097185086803,10.07628488941353,1407600
1991-11-01,9.61827278137207,9.993010681945009,9.534997692355862,9.993010681945009,1491200
1991-11-04,9.493353843688965,9.659903911122106,9.410078809972395,9.53499136054725,1796800
1991-11-05,9.41008186340332,9.534994454510445,9.326806802665239,9.534994454510445,1405200
1991-11-06,9.534991264343262,9.618266297219622,9.36844119859054,9.57662878078144,1659600
1991-11-07,9.868098258972168,9.909735804368676,9.57663544119662,9.618272986593126,2634000
1991-11-08,9.909734725952148,9.993009807682839,9.826459644221458,9.909734725952148,1055200
1991-11-11,9.909734725952148,9.993009807682839,9.868097185086803,9.909734725952148,386000
1991-11-12,10.013827323913574,10.076283627389126,9.909733484787653,9.909733484787653,1049200
1991-11-13,10.117913246154785,10.201188252295978,9.909725730801807,9.951363233872403,1390800
1991-11-14,9.993006706237793,10.284469401836397,9.868094122409822,10.159556818008424,1328000
1991-11-15,9.41008186340332,9.909732227831816,9.41008186340332,9.909732227831816,1455600
1991-11-18,9.493353843688965,9.493353843688965,9.36844129311411,9.410078809972395,1216800
1991-11-19,9.20189380645752,9.410081449137554,8.95206863524148,9.410081449137554,2702800
1991-11-20,9.451720237731934,9.451720237731934,9.16025749912346,9.201895033210384,2012800
1991-11-21,9.326804161071777,9.451716716800417,9.285166642495565,9.36844167964799,890800
1991-11-22,9.451720237731934,9.493357771818859,9.201895033210384,9.285170101384235,992000
1991-11-25,9.326804161071777,9.49335423537663,9.285166642495565,9.410079198224203,1871200
1991-11-26,9.285171508789062,9.45172167038169,9.035346266400119,9.45172167038169,1925600
1991-11-27,9.285171508789062,9.368446589585377,9.243533968390905,9.243533968390905,682400
1991-11-29,9.285171508789062,9.326809049187219,9.243533968390905,9.243533968390905,224800
1991-12-02,9.285171508789062,9.285171508789062,9.118621347196433,9.16025888759459,1998400
1991-12-03,9.24353313446045,9.326808207743877,9.160258061177021,9.24353313446045,1558000
1991-12-04,8.952066421508789,9.243529049185819,8.868791385029636,9.243529049185819,1899600
1991-12-05,8.702247619628906,8.952072910144569,8.660610071209629,8.827160264886738,2682800
1991-12-06,8.702247619628906,8.827160264886738,8.535697425951797,8.577334974371075,2930800
1991-12-09,8.660603523254395,8.86879110794801,8.618966006315672,8.74387855713184,2284000
1991-12-10,8.743882179260254,8.868794781821114,8.660607110886346,8.7022446450733,964400
1991-12-11,8.410778999328613,8.91042923691249,8.285866439932644,8.827154197315178,2558000
1991-12-12,8.49405574798584,8.577330804338644,8.45241821980944,8.49405574798584,2366400
1991-12-13,8.702247619628906,8.847979039096375,8.61897252279035,8.61897252279035,1577600
1991-12-16,8.702247619628906,8.827160264886738,8.660610071209629,8.702247619628906,1700800
1991-12-17,8.577329635620117,8.785517248135168,8.577329635620117,8.743879725632159,2436400
1991-12-18,8.077682495117188,8.577332958732685,7.952769879213314,8.577332958732685,4051600
1991-12-19,7.328202724456787,7.994402972134678,7.28656520897692,7.952765456654809,10818400
1991-12-20,7.661305904388428,7.744580968566563,7.4531182439430905,7.494755776032158,5289600
1991-12-23,7.702945232391357,7.744582774188067,7.536395065204517,7.702945232391357,2350400
1991-12-24,7.744581699371338,7.827856771407588,7.619669091316961,7.619669091316961,2021200
1991-12-26,7.827856063842773,7.827856063842773,7.619668402570359,7.827856063842773,1936400
1991-12-27,7.786217212677002,7.869492263079964,7.702942162274039,7.74457968747552,2367600
1991-12-30,8.244231224060059,8.285868755494706,7.827855909713591,7.869493441148238,5617600
1991-12-31,8.369144439697266,8.702244715904122,8.285869370645552,8.285869370645552,6741200
1992-01-02,8.327505111694336,8.327505111694336,8.119317483901977,8.20259253501892,2048400
1992-01-03,8.160955429077148,8.45241812297276,8.077680373678401,8.369143067574015,1314400
1992-01-06,8.18177318572998,8.327504514737893,8.036041856722067,8.202591947016826,1950400
1992-01-07,8.036042213439941,8.202592311127816,8.036042213439941,8.202592311127816,1724000
1992-01-08,7.952769756317139,8.077682370290706,7.827857142343571,8.077682370290706,2656000
1992-01-09,8.327505111694336,8.41078016281128,7.9111298561096195,7.952767381668091,2305600
1992-01-10,8.202593803405762,8.327506399396713,8.07768120741481,8.28586886739973,1602000
1992-01-13,8.119318008422852,8.160955536671173,7.91113036718124,8.119318008422852,2027600
1992-01-14,7.827856063842773,8.119318789624153,7.515574571934152,8.07768125736967,8113600
1992-01-15,7.994406700134277,8.03604423503081,7.744581490755081,7.911131630341211,5104800
1992-01-16,8.160955429077148,8.244230484475894,7.952767790580283,8.077680373678401,5572800
1992-01-17,8.077682495117188,8.202595111021061,8.036044956482563,8.160957572386437,1331200
1992-01-20,7.786217212677002,8.119317414288853,7.702942162274039,8.119317414288853,4028000
1992-01-21,7.453115940093994,7.827853613059614,7.453115940093994,7.702941055404407,4607200
1992-01-22,7.744581699371338,7.744581699371337,7.453118947244459,7.494756483262584,3228400
1992-01-23,7.619662761688232,7.827850268838184,7.578025260258242,7.786212767408194,1674000
1992-01-24,7.723762035369873,7.786218332151839,7.536393145023973,7.619668207399928,1743200
1992-01-27,7.827856063842773,7.911131128351739,7.661305934824842,7.661305934824842,830400
1992-01-28,7.869498252868652,7.994410923549107,7.869498252868652,7.994410923549107,1505600
1992-01-29,7.869498252868652,7.952773366655622,7.827860695975167,7.911135809762137,1638800
1992-01-30,7.827856063842773,7.911131128351739,7.786218531588291,7.869493596097256,567600
1992-01-31,7.619662761688232,7.869487770268175,7.453112755968271,7.869487770268175,2767600
1992-02-03,7.869498252868652,7.911135809762137,7.536397797720772,7.536397797720772,1260800
1992-02-04,8.036042213439941,8.036042213439941,7.869492115752067,7.952767164596004,2860400
1992-02-05,8.160955429077148,8.410780595273387,7.952767790580283,8.03604284597903,2790000
1992-02-06,8.202593803405762,8.28586886739973,8.119318739411796,8.18177503740727,1816800
1992-02-07,8.036042213439941,8.244229835549785,8.036042213439941,8.244229835549785,1269600
1992-02-10,7.911128997802734,8.077679081967002,7.786216434679533,8.036041560925936,1321200
1992-02-11,8.036042213439941,8.07767973786191,7.827854591330098,7.911129640174035,615600
1992-02-12,8.119318008422852,8.202593064919496,8.036042951926207,8.160955536671173,1020800
1992-02-13,8.202593803405762,8.327506399396713,8.07768120741481,8.119318739411796,2575200
1992-02-14,8.327505111694336,8.369142637252807,8.119317483901977,8.16095500946045,1480800
1992-02-18,8.452420234680176,8.66060792518954,8.327507620374558,8.369145158476432,3579200
1992-02-19,8.431602478027344,8.535696335780768,8.369146163375289,8.410783706476659,2376800
1992-02-20,8.53569507598877,8.577332612944812,8.41078246512064,8.452420002076684,2368400
1992-02-21,8.618968963623047,8.618968963623047,8.452418838722117,8.535693901172582,2600000
1992-02-24,8.452420234680176,8.618970387087668,8.452420234680176,8.535695310883922,1550400
1992-02-25,8.681428909301758,8.702247683664591,8.410784842584917,8.494059940036253,2115600
1992-02-26,8.785517692565918,8.785517692565918,8.702242643347283,8.702242643347283,750800
1992-02-27,9.035344123840332,9.076981654364943,8.827156471217283,8.827156471217283,2136400
1992-02-28,8.993709564208984,9.160259741323966,8.952072019930238,9.035347108487729,1675200
1992-03-02,8.952066421508789,8.993703939748364,8.868791385029636,8.993703939748364,1300000
1992-03-03,8.827156066894531,8.993706181364239,8.743881009659678,8.910431124129385,1672800
1992-03-04,8.72305965423584,8.868790961108516,8.702240896111173,8.82715344485918,1130400
1992-03-05,8.577329635620117,8.785517248135168,8.535692113117106,8.743879725632159,836400
1992-03-06,8.410778999328613,8.660604118120553,8.410778999328613,8.660604118120553,479200
1992-03-09,8.160955429077148,8.45241812297276,8.160955429077148,8.410780595273387,1243600
1992-03-10,8.119318008422852,8.28586812141614,8.036042951926207,8.244230593167819,2253200
1992-03-11,8.119318008422852,8.119318008422852,7.869492838932917,8.119318008422852,2708400
1992-03-12,8.202593803405762,8.369143931393696,8.036043675417828,8.07768120741481,1018000
1992-03-13,8.202593803405762,8.28586886739973,8.07768120741481,8.244231335402745,700800
1992-03-16,7.994406700134277,8.20259437461694,7.994406700134277,8.20259437461694,1374800
1992-03-17,8.202593803405762,8.28586886739973,8.07768120741481,8.160956271408779,588000
1992-03-18,8.14013671875,8.28586806665601,8.119317954763426,8.28586806665601,582400
1992-03-19,8.202593803405762,8.244231335402745,8.119318739411796,8.119318739411796,586800
1992-03-20,8.119318008422852,8.244230593167819,8.119318008422852,8.160955536671173,1272800
1992-03-23,7.994406700134277,8.119319304823875,7.994406700134277,8.119319304823875,1096400
1992-03-24,7.973591327667236,8.077685209229472,7.911134998729896,8.036047656604579,1284000
1992-03-25,7.994406700134277,8.077681769927342,7.952769165237744,7.952769165237744,1000400
1992-03-26,7.827856063842773,8.119318789624153,7.744580999333808,8.119318789624153,1084800
1992-03-27,7.786217212677002,7.911129788281445,7.74457968747552,7.869492263079964,1579200
1992-03-30,7.827856063842773,7.869493596097256,7.619668402570359,7.869493596097256,880400
1992-03-31,7.827856063842773,7.994406192860705,7.744580999333808,7.827856063842773,1110000
1992-04-01,7.619662761688232,7.744575265978204,7.619662761688232,7.7029377645482136,666400
1992-04-02,5.829253673553467,6.9742856451443265,5.745978621074132,6.495454093388148,21799200
1992-04-03,5.371241092681885,5.9958040104355925,5.204690981280897,5.954166482585346,20746000
1992-04-06,5.870894908905029,5.954170013995881,5.454519383450772,5.496156935996198,11365200
1992-04-07,5.829253673553467,6.079078830991473,5.745978621074132,5.995803778512137,5891600
1992-04-08,5.745978355407715,5.91252845266591,5.704340831093166,5.745978355407715,6052800
1992-04-09,5.745978355407715,5.8292534040368125,5.662703306778618,5.745978355407715,1914000
1992-04-10,5.704341411590576,5.829253997245845,5.704341411590576,5.829253997245845,2404400
1992-04-13,5.704341411590576,5.787616468694088,5.641885118762942,5.704341411590576,6010800
1992-04-14,5.496152877807617,5.745978008617055,5.329602790601326,5.662702965013909,7622800
1992-04-15,5.537792205810547,5.662704811956649,5.454517135046478,5.57942974119258,2473600
1992-04-16,5.41287899017334,5.621066643641545,5.392060224826519,5.537791582254263,1718000
1992-04-20,5.371241092681885,5.579428731933121,5.287966036981391,5.454516148382379,2146000
1992-04-21,5.246328830718994,5.454516482731653,5.204691300316463,5.371241421926589,3583200
1992-04-22,5.371241092681885,5.412878620532132,5.204690981280897,5.287966036981391,922400
1992-04-23,5.329604148864746,5.412879213690758,5.246329084038734,5.412879213690758,4074000
1992-04-24,5.163055419921875,5.329605594758065,5.121417876212828,5.329605594758065,1199200
1992-04-27,5.121416091918945,5.287966208729317,5.121416091918945,5.163053621121539,2874800
1992-04-28,4.9965033531188965,5.1630534648895265,4.954865825176239,5.121415936946869,2153200
1992-04-29,5.079780101776123,5.1214176435939605,4.913229934504775,4.996505018140449,3884400
1992-04-30,5.079780101776123,5.163055185411798,5.0381425599582865,5.1214176435939605,1725600
1992-05-01,5.038141250610352,5.16305384360069,4.996503719613571,5.121416312603911,1724400
1992-05-04,5.121416091918945,5.204691150324131,4.996503504311167,4.996503504311167,1758400
1992-05-05,5.350423812866211,5.4545176613655535,5.163054885567394,5.204692424967131,2644800
1992-05-06,5.537792205810547,5.621067276574615,5.37124206428241,5.454517135046478,1450000
1992-05-07,5.433697700500488,5.579429056452609,5.371241405092436,5.537791526180574,1706400
1992-05-08,5.433697700500488,5.49615399590854,5.371241405092436,5.454516465636505,1839200
1992-05-11,5.579430103302002,5.579430103302002,5.412879950964629,5.454517489048972,728400
1992-05-12,5.704341411590576,5.745978940142332,5.496153768831796,5.537791297383552,2922000
1992-05-13,5.662703990936279,5.7876165789716385,5.57942893224604,5.745979049626519,1870800
1992-05-14,5.579430103302002,5.662705179470689,5.496155027133315,5.662705179470689,1990000
1992-05-15,5.45451545715332,5.6627030700217675,5.45451545715332,5.579428024874389,1979200
1992-05-18,5.558609485626221,5.621065771981572,5.454515675033969,5.53779072350777,342000
1992-05-19,5.662703990936279,5.662703990936279,5.53779140290092,5.53779140290092,722000
1992-05-20,5.621067047119141,5.662704580801504,5.579429513436777,5.662704580801504,582800
1992-05-21,5.621067047119141,5.662704580801504,5.537791979754412,5.662704580801504,833600
1992-05-22,5.621067047119141,5.621067047119141,5.537791979754412,5.621067047119141,1651600
1992-05-26,5.6418867111206055,5.745980561879288,5.496155320058449,5.537792860361923,1586000
1992-05-27,5.537792205810547,5.704342347338684,5.537792205810547,5.57942974119258,678000
1992-05-28,5.683522701263428,5.70434146573692,5.53779134994898,5.579428878895966,1464400
1992-05-29,5.621067047119141,5.745979648166232,5.621067047119141,5.745979648166232,1071600
1992-06-01,5.621067047119141,5.662704580801504,5.537791979754412,5.662704580801504,1638800
1992-06-02,5.662703990936279,5.662703990936279,5.57942893224604,5.62106646159116,738800
1992-06-03,5.621067047119141,5.745979648166232,5.558610746595594,5.600248280277959,1038000
1992-06-04,5.662703990936279,5.808435343644199,5.57942893224604,5.662703990936279,1148000
1992-06-05,5.579430103302002,5.621067641386345,5.496155027133315,5.537792565217659,2387600
1992-06-08,5.537792205810547,5.57942974119258,5.4961546704285125,5.57942974119258,1283200
1992-06-09,5.433697700500488,5.621066586724643,5.412878935364471,5.579429056452609,4179200
1992-06-10,5.41287899017334,5.496154051560622,5.3296039287860575,5.496154051560622,1627600
1992-06-11,5.45451545715332,5.45451545715332,5.371240412005942,5.371240412005942,1448000
1992-06-12,5.537792205810547,5.537792205810547,5.4128795996644445,5.454517135046478,1840400
1992-06-15,5.537792205810547,5.537792205810547,5.454517135046478,5.537792205810547,357200
1992-06-16,5.45451545715332,5.537790502300699,5.45451545715332,5.45451545715332,510000
1992-06-17,5.496152877807617,5.53779039960919,5.412877834204472,5.496152877807617,1364000
1992-06-18,5.392058849334717,5.496152649514923,5.3296025692265925,5.496152649514923,2004400
1992-06-19,5.45451545715332,5.45451545715332,5.371240412005942,5.371240412005942,950800
1992-06-22,5.329604148864746,5.412879213690758,5.329604148864746,5.412879213690758,293200
1992-06-23,5.371241092681885,5.454516148382379,5.371241092681885,5.371241092681885,430000
1992-06-24,5.496152877807617,5.53779039960919,5.371240312402899,5.371240312402899,733600
1992-06-25,5.45451545715332,5.704340592595457,5.329602889432252,5.621065547448078,4956000
1992-06-26,5.433697700500488,5.454516465636505,5.371241405092436,5.454516465636505,1132400
1992-06-29,5.537792205810547,5.537792205810547,5.4128795996644445,5.4961546704285125,1178000
1992-06-30,5.496152877807617,5.579427921410764,5.454515356006045,5.496152877807617,1532000
1992-07-01,5.745978355407715,5.787615879722264,5.496153209520423,5.496153209520423,1140800
1992-07-02,5.7876176834106445,5.829255220701368,5.7043426088291955,5.7876176834106445,1125600
1992-07-06,5.662703990936279,5.7876165789716385,5.57942893224604,5.7876165789716385,864000
1992-07-07,5.496152877807617,5.7043404868154814,5.496152877807617,5.579427921410764,2408400
1992-07-08,5.537792205810547,5.57942974119258,5.454517135046478,5.4961546704285125,3123600
1992-07-09,5.537792205810547,5.537792205810547,5.454517135046478,5.454517135046478,412000
1992-07-10,5.475334167480469,5.704340539504367,5.4545154063873875,5.704340539504367,1689600
1992-07-13,5.496152877807617,5.579427921410764,5.454515356006045,5.454515356006045,2504000
1992-07-14,5.496152877807617,5.496152877807617,5.412877834204472,5.496152877807617,2159600
1992-07-15,5.371241092681885,5.496153676232627,5.371241092681885,5.496153676232627,1319200
1992-07-16,5.41287899017334,5.454516520866981,5.371241459479698,5.371241459479698,1514800
1992-07-17,5.371241092681885,5.412878620532132,5.329603564831638,5.329603564831638,2421200
1992-07-20,5.287967681884766,5.371242763489251,5.287967681884766,5.371242763489251,1688000
1992-07-21,5.475334167480469,5.496152928573551,5.287965317642734,5.371240362015061,924000
1992-07-22,5.45451545715332,5.45451545715332,5.371240412005942,5.4128779345796305,237200
1992-07-23,5.371241092681885,5.454516148382379,5.371241092681885,5.371241092681885,689200
1992-07-24,5.496152877807617,5.496152877807617,5.371240312402899,5.454515356006045,352400
1992-07-27,5.496152877807617,5.579427921410764,5.412877834204472,5.412877834204472,197600
1992-07-28,5.579430103302002,5.621067641386345,5.454517489048972,5.496155027133315,265600
1992-07-29,5.662703990936279,5.7043415202814,5.53779140290092,5.62106646159116,746800
1992-07-30,5.704341411590576,5.787616468694088,5.621066354487064,5.66270388303882,1293200
1992-07-31,5.662703990936279,5.7876165789716385,5.662703990936279,5.7043415202814,409200
1992-08-03,5.621067047119141,5.745979648166232,5.621067047119141,5.745979648166232,111200
1992-08-04,5.704341411590576,5.745978940142332,5.600247590211186,5.745978940142332,804000
1992-08-05,5.579430103302002,5.704342717555032,5.579430103302002,5.662705179470689,931200
1992-08-06,5.600246906280518,5.662703191480672,5.5794281445471325,5.5794281445471325,422000
1992-08-07,5.600246906280518,5.662703191480672,5.5794281445471325,5.621065668013903,216000
1992-08-10,5.662703990936279,5.662703990936279,5.57942893224604,5.57942893224604,1048000
1992-08-11,5.662703990936279,5.662703990936279,5.57942893224604,5.57942893224604,154400
1992-08-12,5.600246906280518,5.662703191480672,5.5794281445471325,5.5794281445471325,197600
1992-08-13,5.579430103302002,5.662705179470689,5.579430103302002,5.621067641386345,626000
1992-08-14,5.579430103302002,5.662705179470689,5.579430103302002,5.662705179470689,551600
1992-08-17,5.621067047119141,5.662704580801504,5.579429513436777,5.579429513436777,230000
1992-08-18,5.621067047119141,5.704342114483868,5.579429513436777,5.662704580801504,1176400
1992-08-19,5.579430103302002,5.704342717555032,5.579430103302002,5.621067641386345,454400
1992-08-20,5.621067047119141,5.662704580801504,5.579429513436777,5.579429513436777,1417600
1992-08-21,5.537792205810547,5.621067276574615,5.4961546704285125,5.57942974119258,1080800
1992-08-24,5.496152877807617,5.579427921410764,5.454515356006045,5.496152877807617,979600
1992-08-25,5.41287899017334,5.496154051560622,5.41287899017334,5.41287899017334,903600
1992-08-26,5.496152877807617,5.5586091605099766,5.412877834204472,5.496152877807617,397600
1992-08-27,5.537792205810547,5.558610973501564,5.454517135046478,5.537792205810547,568400
1992-08-28,5.496152877807617,5.579427921410764,5.412877834204472,5.496152877807617,798800
1992-08-31,5.121416091918945,5.496153854742283,5.079778562716353,5.412878796337097,1736000
1992-09-01,5.038141250610352,5.121416312603911,4.9548661886167915,5.038141250610352,4070400
1992-09-02,5.163055419921875,5.163055419921875,4.996505245085686,5.038142788794733,1774800
1992-09-03,5.079780101776123,5.204692727229634,5.079780101776123,5.1214176435939605,1646400
1992-09-04,5.121416091918945,5.163053621121539,5.038141033513759,5.079778562716353,1262800
1992-09-08,5.079780101776123,5.163055185411798,5.0381425599582865,5.163055185411798,1932800
1992-09-09,5.329604148864746,5.329604148864746,5.038141421973705,5.038141421973705,1028800
1992-09-10,5.371241092681885,5.371241092681885,5.204690981280897,5.329603564831638,660400
1992-09-11,5.267146587371826,5.371240393446368,5.2046903037271015,5.287965348586735,979200
1992-09-14,5.246328830718994,5.350422656725324,5.204691300316463,5.329603891524058,1020000
1992-09-15,5.163055419921875,5.24633050733997,5.121417876212828,5.204692963630923,1569600
1992-09-16,5.183872222900391,5.246328514742564,5.121415931058218,5.163053458953,1004400
1992-09-17,5.163055419921875,5.24633050733997,5.163055419921875,5.163055419921875,237200
1992-09-18,5.163055419921875,5.204692963630923,5.163055419921875,5.204692963630923,869600
1992-09-21,5.163055419921875,5.204692963630923,5.121417876212828,5.163055419921875,878400
1992-09-22,5.183872222900391,5.246328514742564,5.163053458953,5.246328514742564,520400
1992-09-23,5.183872222900391,5.2046909868477815,5.121415931058218,5.163053458953,535200
1992-09-24,5.163055419921875,5.204692963630923,5.163055419921875,5.163055419921875,372800
1992-09-25,5.079780101776123,5.204692727229634,5.0381425599582865,5.163055185411798,1564400
1992-09-28,5.121416091918945,5.121416091918945,5.038141033513759,5.079778562716353,1034000
1992-09-29,5.287967681884766,5.287967681884766,5.163055059478039,5.163055059478039,1548800
1992-09-30,5.329604148864746,5.329604148864746,5.204691551625729,5.204691551625729,1197600
1992-10-01,5.2255096435546875,5.329603461155378,5.2046908800345495,5.2463284070748255,1189600
1992-10-02,5.2255096435546875,5.287965934115102,5.163053352994273,5.287965934115102,508800
1992-10-05,5.2255096435546875,5.2463284070748255,5.163053352994273,5.163053352994273,1055200
1992-10-06,5.392058849334717,5.412877609370758,5.163052488938262,5.246327529082427,1066000
1992-10-07,5.41287899017334,5.537791582254263,5.371241459479698,5.371241459479698,1090000
1992-10-08,5.45451545715332,5.537790502300699,5.45451545715332,5.45451545715332,620400
1992-10-09,5.41287899017334,5.537791582254263,5.41287899017334,5.537791582254263,469200
1992-10-12,5.45451545715332,5.496152979727009,5.4128779345796305,5.4128779345796305,442000
1992-10-13,5.45451545715332,5.496152979727009,5.4128779345796305,5.45451545715332,693600
1992-10-14,5.45451545715332,5.496152979727009,5.4128779345796305,5.496152979727009,447600
1992-10-15,5.45451545715332,5.45451545715332,5.4128779345796305,5.4128779345796305,903200
1992-10-16,5.475334167480469,5.496152928573551,5.412877884201224,5.412877884201224,824800
1992-10-19,5.704341411590576,5.704341411590576,5.4128787117282835,5.4128787117282835,1004400
1992-10-20,5.9958038330078125,6.037441359625922,5.662703620062934,5.704341146681044,2258400
1992-10-21,6.037441730499268,6.162354318026838,6.037441730499268,6.079079259675124,1664400
1992-10-22,6.037441730499268,6.120716788850982,5.9541666721475535,6.120716788850982,881600
1992-10-23,5.954168796539307,6.037443884602793,5.954168796539307,5.954168796539307,495200
1992-10-26,5.9958038330078125,6.037441359625922,5.954166306389703,5.954166306389703,574400
1992-10-27,5.912527084350586,6.037439628386161,5.829252054993535,5.9958021137076365,1908400
1992-10-28,6.037441730499268,6.037441730499268,5.829254084619982,5.829254084619982,967200
1992-10-29,5.9749860763549805,6.037442376804684,5.912529775905276,6.037442376804684,608000
1992-10-30,5.870894908905029,5.954170013995881,5.829257356359603,5.912532461450455,997200
1992-11-02,5.912527084350586,5.912527084350586,5.78761454031501,5.829252054993535,1898400
1992-11-03,5.870894908905029,5.912532461450455,5.829257356359603,5.870894908905029,569200
1992-11-04,6.079079627990723,6.120717159689289,5.829254437799323,5.912529501196456,1852400
1992-11-05,6.203990936279297,6.370541028528406,6.037440844030188,6.079078367092465,3386800
1992-11-06,7.2865705490112305,7.494758278982979,6.203994353158133,6.2872694451468325,13580800
1992-11-09,6.91182804107666,7.411478260913527,6.745277967797704,7.3282032242740485,9688800
1992-11-10,6.828559398651123,6.91183451326882,6.662009169415731,6.91183451326882,3160000
1992-11-11,6.745278835296631,6.911828929995313,6.620366264272619,6.870191406320642,2178800
1992-11-12,6.70364236831665,6.911830019506609,6.6620048380786585,6.828554959030625,2219600
1992-11-13,6.5370917320251465,6.786916893758592,6.4954542050695725,6.786916893758592,2320400
1992-11-16,6.5370917320251465,6.578729258980721,6.37054162420285,6.4954542050695725,2288000
1992-11-17,6.745278835296631,6.786916358971301,6.537091216923278,6.578728740597948,5252800
1992-11-18,7.078381061553955,7.411481346803553,6.703643240648158,6.786918311960557,8175600
1992-11-19,6.91182804107666,7.120015632675354,6.87019052275692,7.036740596035877,2871200
1992-11-20,6.953469753265381,7.078382383563562,6.745282036101747,6.953469753265381,2700000
1992-11-23,6.870190620422363,6.953465658245664,6.745278063687411,6.953465658245664,835200
1992-11-24,6.807737350463867,6.870193656431425,6.662005969872897,6.786918581808014,1317600
1992-11-25,6.599544048309326,6.870187810542832,6.578725297368287,6.786912806778676,1614400
1992-11-27,6.682823181152344,6.745279472564983,6.578729362131279,6.578729362131279,1047200
1992-11-30,6.495454788208008,6.786917503063495,6.370542196127085,6.745279972369854,2768800
1992-12-01,6.4121809005737305,6.537093515519972,6.328905823942903,6.537093515519972,1541600
1992-12-02,6.745278835296631,6.786916358971301,6.370541122224595,6.453816169573937,6073600
1992-12-03,6.70364236831665,6.911830019506609,6.6203673078406675,6.786917428792634,2729200
1992-12-04,6.578729629516602,6.703642217418815,6.4954545709151255,6.703642217418815,2017200
1992-12-07,6.5370917320251465,6.578729258980721,6.4121791511584245,6.578729258980721,1752000
1992-12-08,6.578729629516602,6.62036715881734,6.453817041614387,6.5370921002158635,1163600
1992-12-09,6.453818321228027,6.745281084122197,6.453818321228027,6.578730933896957,1978400
1992-12-10,6.516271591186523,6.516271591186523,6.328902759491065,6.412177795800158,1931600
1992-12-11,6.620367527008057,6.66200505862446,6.412179868926042,6.495454932158848,1021200
1992-12-14,6.5370917320251465,6.662004312891869,6.4954542050695725,6.578729258980721,624000
1992-12-15,6.4121809005737305,6.578731053835386,6.328905823942903,6.537093515519972,1059200
1992-12-16,6.245628833770752,6.495453987121582,6.079078731536866,6.432997698783875,2858400
1992-12-17,6.162353992462158,6.287266573390445,6.037441411533871,6.287266573390445,2090000
1992-12-18,6.203990936279297,6.287265982403851,6.1207158901547425,6.203990936279297,1610000
1992-12-21,6.099898338317871,6.245629697936387,6.079079572658083,6.245629697936387,748400
1992-12-22,5.912527084350586,6.037439628386161,5.579426966922384,6.037439628386161,4305600
1992-12-23,5.870894908905029,5.954170013995881,5.787619803814178,5.912532461450455,1674400
1992-12-24,6.058258533477783,6.0790772913247855,5.870889712854758,5.954164744242769,726400
1992-12-28,5.912527084350586,6.079077143064686,5.891708327011323,6.079077143064686,939200
1992-12-29,5.9958038330078125,6.037441359625922,5.8708912531534825,5.954166306389703,1235600
1992-12-30,6.016622543334961,6.037441306460688,5.954166253957782,6.037441306460688,593600
1992-12-31,6.037441730499268,6.079079259675124,5.99580420132341,6.037441730499268,1016000
1993-01-04,6.016622543334961,6.2039914114665,5.9958037802092345,6.2039914114665,1037600
1993-01-05,5.954168796539307,6.037443884602793,5.912531252507564,6.037443884602793,898000
1993-01-06,5.954168796539307,6.037443884602793,5.912531252507564,5.99580634057105,1528400
1993-01-07,6.245628833770752,6.412178936004639,5.995803680419922,6.037441205978394,4434400
1993-01-08,6.4121809005737305,6.578731053835386,6.162355670681247,6.245630747312076,4591600
1993-01-11,6.4121809005737305,6.453818438889145,6.370543362258317,6.4121809005737305,785200
1993-01-12,6.328907012939453,6.412182105214972,6.203994374526174,6.370544559077213,1561600
1993-01-13,6.287265777587891,6.3289032992937715,6.203990734176131,6.3289032992937715,342400
1993-01-14,6.370543003082275,6.412180539050134,6.0790802513072695,6.412180539050134,2188000
1993-01-15,6.328907012939453,6.328907012939453,6.162356828388415,6.203994374526174,1088400
1993-01-18,6.287265777587891,6.3289032992937715,6.183171973323191,6.2872657775878915,535600
1993-01-19,6.349720478057861,6.412176745055152,6.245626699729044,6.245626699729044,1200000
1993-01-20,6.495454788208008,6.662004910982572,6.245629604046161,6.328904665433443,2924800
1993-01-21,6.245628833770752,6.620366563796997,6.245628833770752,6.495453987121582,2794800
1993-01-22,6.120718479156494,6.328906182529163,6.120718479156494,6.328906182529163,1222400
1993-01-25,6.18317174911499,6.245628029409081,6.037440428428778,6.120715468820899,1578400
1993-01-26,6.18317174911499,6.2872655496051415,6.16235298901696,6.16235298901696,861200
1993-01-27,6.18317174911499,6.245628029409081,6.120715468820899,6.20399050921302,1254000
1993-01-28,6.245628833770752,6.287266359329224,6.120716257095337,6.162353782653809,830000
1993-01-29,6.245628833770752,6.328903884887695,6.20399130821228,6.245628833770752,1076400
1993-02-01,6.162353992462158,6.370541627342637,6.162353992462158,6.287266573390445,582000
1993-02-02,6.162353992462158,6.2039915194382536,6.120716465486063,6.120716465486063,538400
1993-02-03,6.245628833770752,6.328903884887695,6.162353782653809,6.162353782653809,1141200
1993-02-04,6.245628833770752,6.412178936004639,6.245628833770752,6.287266359329224,914400
1993-02-05,6.162353992462158,6.3289041003665405,6.037441411533871,6.24562904641435,1661200
1993-02-08,6.162353992462158,6.183172755950206,6.037441411533871,6.162353992462158,2177600
1993-02-09,5.850073337554932,6.162354832442206,5.787617038577477,6.120717299790569,2810800
1993-02-10,5.912527084350586,5.912527084350586,5.78761454031501,5.912527084350586,845200
1993-02-11,5.8917107582092285,5.9125295241392966,5.787616928558889,5.9125295241392966,536000
1993-02-12,5.7876176834106445,5.912530295282816,5.7876176834106445,5.829255220701368,322400
1993-02-16,5.621067047119141,5.82925471553096,5.537791979754412,5.787617181848597,1305600
1993-02-17,5.558609485626221,5.621065771981572,5.49615319927087,5.579428247744671,1506400
1993-02-18,5.537792205810547,5.704342347338684,5.537792205810547,5.621067276574615,1286400
1993-02-19,5.579430103302002,5.662705179470689,5.537792565217659,5.621067641386345,646400
1993-02-22,5.579430103302002,5.6418864104285165,5.537792565217659,5.621067641386345,1277600
1993-02-23,5.558609485626221,5.662703296218472,5.53779072350777,5.579428247744671,1416400
1993-02-24,5.537792205810547,5.621067276574615,5.454517135046478,5.537792205810547,1779200
1993-02-25,5.537792205810547,5.662704811956649,5.4961546704285125,5.537792205810547,1576400
1993-02-26,5.579430103302002,5.662705179470689,5.579430103302002,5.621067641386345,1278000
1993-03-01,5.621067047119141,5.704342114483868,5.579429513436777,5.621067047119141,1358800
1993-03-02,5.72515869140625,5.745977450284092,5.621064897017046,5.662702414772728,1001600
1993-03-03,5.829253673553467,5.870891199793134,5.745978621074132,5.829253673553467,525200
1993-03-04,5.72515869140625,5.829252485795455,5.662702414772728,5.829252485795455,1229200
1993-03-05,5.829253673553467,5.870891199793134,5.662703568594797,5.704341094834464,1072800
1993-03-08,5.745978355407715,5.870890928351361,5.745978355407715,5.8292534040368125,834800
1993-03-09,5.7667999267578125,5.870893788251635,5.745981154459048,5.787618699056577,424400
1993-03-10,5.7876176834106445,5.829255220701368,5.662705071538472,5.829255220701368,948800
1993-03-11,5.662703990936279,5.7876165789716385,5.62106646159116,5.745979049626519,856800
1993-03-12,5.621067047119141,5.621067047119141,5.496154446072048,5.579429513436777,1069600
1993-03-15,5.662703990936279,5.7043415202814,5.57942893224604,5.57942893224604,353600
1993-03-16,5.579430103302002,5.662705179470689,5.537792565217659,5.662705179470689,273600
1993-03-17,5.496152877807617,5.579427921410764,5.454515356006045,5.53779039960919,446800
1993-03-18,5.496152877807617,5.579427921410764,5.454515356006045,5.454515356006045,1299600
1993-03-19,5.496152877807617,5.621065443212336,5.496152877807617,5.579427921410764,487200
1993-03-22,5.45451545715332,5.537790502300699,5.4128779345796305,5.45451545715332,274000
1993-03-23,5.45451545715332,5.537790502300699,5.433696695866476,5.45451545715332,598000
1993-03-24,5.433697700500488,5.537791526180574,5.412878935364471,5.49615399590854,588400
1993-03-25,5.662703990936279,5.745979049626519,5.412878814865562,5.412878814865562,1156800
1993-03-26,5.621067047119141,5.745979648166232,5.537791979754412,5.662704580801504,364400
1993-03-29,5.496152877807617,5.662702965013909,5.496152877807617,5.621065443212336,372000
1993-03-30,5.579430103302002,5.579430103302002,5.496155027133315,5.496155027133315,46400
1993-03-31,5.537792205810547,5.745979882720718,5.246329458136307,5.246329458136307,1856000
1993-04-01,5.287967681884766,5.53779292669822,5.204692600280281,5.53779292669822,1276400
1993-04-02,5.079780101776123,5.287967810865308,5.079780101776123,5.246330269047472,999200
1993-04-05,5.45451545715332,5.45451545715332,5.079777753990115,5.163052799137494,1478400
1993-04-06,5.246328830718994,5.454516482731653,5.204691300316463,5.454516482731653,4146400
1993-04-07,5.287967681884766,5.329605222687008,5.163055059478039,5.204692600280281,850000
1993-04-08,5.204691410064697,5.32960400390625,5.121416347503662,5.32960400390625,2125600
1993-04-12,5.204691410064697,5.287966472625732,5.16305387878418,5.204691410064697,250400
1993-04-13,5.121416091918945,5.287966208729317,5.121416091918945,5.204691150324131,549600
1993-04-14,4.913228988647461,5.204691725262141,4.850772687944316,5.121416657657947,2062000
1993-04-15,4.85077428817749,4.954868157022501,4.788317966870484,4.913230609484496,1944800
1993-04-16,4.829954624176025,4.954867243766785,4.829954624176025,4.913229703903198,863200
1993-04-19,4.871589660644531,4.913227179111578,4.829952142177484,4.829952142177484,765200
1993-04-20,4.746676921844482,4.913226989277622,4.746676921844482,4.829951955561053,855600
1993-04-21,4.829954624176025,4.954867243766785,4.7466795444488525,4.829954624176025,1222800
1993-04-22,4.829954624176025,4.954867243766785,4.788317084312439,4.829954624176025,2037200
1993-04-23,4.829954624176025,4.871592164039612,4.829954624176025,4.829954624176025,575200
1993-04-26,4.746676921844482,4.829951955561053,4.746676921844482,4.829951955561053,872000
1993-04-27,4.871589660644531,4.871589660644531,4.705039586776342,4.788314623710437,554000
1993-04-28,4.746676921844482,4.871589472419338,4.746676921844482,4.871589472419338,307600
1993-04-29,4.788315773010254,4.829953301471213,4.7050407160883365,4.788315773010254,490400
1993-04-30,4.829954624176025,4.871592164039612,4.7466795444488525,4.788317084312439,707200
1993-05-03,4.9965033531188965,4.9965033531188965,4.829953241348267,4.871590769290925,428400
1993-05-04,5.038141250610352,5.079778781607131,4.9548661886167915,5.038141250610352,1383600
1993-05-05,5.079780101776123,5.079780101776123,4.996505018140449,5.079780101776123,455600
1993-05-06,4.788315773010254,5.079778472236965,4.788315773010254,4.996503415315048,862800
1993-05-07,4.788315773010254,4.91322835839313,4.7050407160883365,4.788315773010254,1066400
1993-05-10,4.829954624176025,4.871592164039612,4.7466795444488525,4.788317084312439,1068800
1993-05-11,4.829954624176025,4.913229703903198,4.788317084312439,4.788317084312439,389600
1993-05-12,4.829954624176025,4.913229703903198,4.788317084312439,4.829954624176025,1674800
1993-05-13,4.829954624176025,4.871592164039612,4.788317084312439,4.871592164039612,669200
1993-05-14,4.829954624176025,4.871592164039612,4.7466795444488525,4.7466795444488525,172000
1993-05-17,4.788315773010254,4.871590829932171,4.746678244549295,4.871590829932171,330400
1993-05-18,4.871589660644531,4.892408419878055,4.788314623710437,4.871589660644531,486800
1993-05-19,4.954867362976074,4.954867362976074,4.746679658649349,4.829954740380039,850000
1993-05-20,4.9965033531188965,5.079778409004212,4.954865825176239,5.038140881061555,611600
1993-05-21,4.9965033531188965,5.038140881061555,4.913228297233582,4.9965033531188965,391200
1993-05-24,4.809136390686035,4.9548677964644,4.725861301669827,4.871592707448192,655200
1993-05-25,4.829954624176025,4.913229703903198,4.7466795444488525,4.7466795444488525,262400
1993-05-26,4.829954624176025,4.913229703903198,4.788317084312439,4.871592164039612,412400
1993-05-27,4.913228988647461,4.996504056251656,4.78831638724117,4.8715914548453645,703600
1993-05-28,4.871589660644531,4.954864697578626,4.788314623710437,4.913227179111578,324800
1993-06-01,4.913228988647461,4.954866522449558,4.829953921043267,4.954866522449558,553200
1993-06-02,4.892409324645996,4.913228087729595,4.788315509227996,4.913228087729595,744800
1993-06-03,4.913228988647461,4.913228988647461,4.78831638724117,4.829953921043267,320400
1993-06-04,4.871589660644531,4.913227179111578,4.829952142177484,4.913227179111578,444000
1993-06-07,4.913228988647461,4.996504056251656,4.8715914548453645,4.913228988647461,402800
1993-06-08,4.85077428817749,4.954868157022501,4.829955514408488,4.829955514408488,205200
1993-06-09,4.871589660644531,4.913227179111578,4.788314623710437,4.829952142177484,540800
1993-06-10,4.829954624176025,4.871592164039612,4.788317084312439,4.788317084312439,85600
1993-06-11,4.829954624176025,4.913229703903198,4.829954624176025,4.871592164039612,185200
1993-06-14,5.038141250610352,5.121416312603911,4.829953595626453,4.913228657620012,1287600
1993-06-15,5.371241092681885,5.412878620532132,5.079778397730155,5.163053453430649,2762000
1993-06-16,6.4121809005737305,6.495455977204559,5.662705210896282,5.745980287527109,18737600
1993-06-17,6.162353992462158,6.557910498735067,6.120716465486063,6.495454208270924,9848400
1993-06-18,5.829253673553467,6.245628935950143,5.829253673553467,6.245628935950143,4099200
1993-06-21,5.829253673553467,5.933347489152636,5.787616147313799,5.829253673553467,2466000
1993-06-22,5.558609485626221,5.829253393166074,5.53779072350777,5.829253393166074,2976400
1993-06-23,5.7876176834106445,5.829255220701368,5.454517385084852,5.579429996957024,1958400
1993-06-24,5.7876176834106445,5.870892757992092,5.7043426088291955,5.74598014611992,1015200
1993-06-25,5.912527084350586,5.912527084350586,5.745977025636485,5.78761454031501,742400
1993-06-28,5.7876176834106445,5.954167832573541,5.7876176834106445,5.912530295282816,783600
1993-06-29,5.745978355407715,5.8292534040368125,5.621065782464069,5.8292534040368125,1265600
1993-06-30,5.662703990936279,5.7043415202814,5.57942893224604,5.662703990936279,540800
1993-07-01,5.621067047119141,5.662704580801504,5.537791979754412,5.662704580801504,764000
1993-07-02,5.516972064971924,5.621065877518564,5.496153302462596,5.600247115009236,926400
1993-07-06,5.496152877807617,5.621065443212336,5.496152877807617,5.496152877807617,699600
1993-07-07,5.600246906280518,5.662703191480672,5.496153097613593,5.496153097613593,898000
1993-07-08,5.579430103302002,5.6418864104285165,5.537792565217659,5.579430103302002,540000
1993-07-09,5.600246906280518,5.662703191480672,5.537790621080363,5.621065668013903,764800
1993-07-12,5.537792205810547,5.662704811956649,5.537792205810547,5.621067276574615,1042000
1993-07-13,5.662703990936279,5.662703990936279,5.53779140290092,5.57942893224604,605200
1993-07-14,5.745978355407715,5.787615879722264,5.662703306778618,5.662703306778618,315600
1993-07-15,5.745978355407715,5.745978355407715,5.621065782464069,5.662703306778618,977600
1993-07-16,5.579430103302002,5.787617793723719,5.537792565217659,5.745980255639375,664400
1993-07-19,5.496152877807617,5.621065443212336,5.496152877807617,5.60024668231155,461200
1993-07-20,5.537792205810547,5.57942974119258,5.454517135046478,5.4961546704285125,414400
1993-07-21,5.45451545715332,5.537790502300699,5.45451545715332,5.496152979727009,260000
1993-07-22,5.246328830718994,5.537791543536716,5.246328830718994,5.454516482731653,1223200
1993-07-23,5.371241092681885,5.412878620532132,5.246328509131144,5.246328509131144,309600
1993-07-26,5.433697700500488,5.49615399590854,5.371241405092436,5.371241405092436,360000
1993-07-27,5.371241092681885,5.454516148382379,5.350422328756761,5.454516148382379,369600
1993-07-28,5.246328830718994,5.412878952329121,5.246328830718994,5.329603891524058,623600
1993-07-29,5.287967681884766,5.329605222687008,5.246330141082524,5.246330141082524,340400
1993-07-30,5.287967681884766,5.371242763489251,5.287967681884766,5.287967681884766,576000
1993-08-02,5.41287899017334,5.41287899017334,5.287966398092417,5.287966398092417,342400
1993-08-03,5.579430103302002,5.579430103302002,5.371242412880285,5.371242412880285,2094800
1993-08-04,5.621067047119141,5.745979648166232,5.579429513436777,5.621067047119141,780800
1993-08-05,5.621067047119141,5.662704580801504,5.537791979754412,5.6418858139603225,250400
1993-08-06,5.496152877807617,5.621065443212336,5.454515356006045,5.621065443212336,284800
1993-08-09,5.433697700500488,5.537791526180574,5.412878935364471,5.454516465636505,539200
1993-08-10,5.371241092681885,5.433697384457256,5.329603564831638,5.412878620532132,1880000
1993-08-11,5.329604148864746,5.412879213690758,5.28796661645174,5.412879213690758,1782400
1993-08-12,5.45451545715332,5.496152979727009,5.329602889432252,5.350421650719096,2080800
1993-08-13,5.45451545715332,5.496152979727009,5.45451545715332,5.45451545715332,582800
1993-08-16,5.537792205810547,5.537792205810547,5.454517135046478,5.454517135046478,312800
1993-08-17,5.537792205810547,5.57942974119258,5.4961546704285125,5.4961546704285125,326800
1993-08-18,5.745978355407715,5.745978355407715,5.537790733834972,5.537790733834972,730400
1993-08-19,5.829253673553467,5.912528726032802,5.662703568594797,5.745978621074132,962800
1993-08-20,5.912527084350586,5.912527084350586,5.829252054993535,5.829252054993535,531600
1993-08-23,5.808434963226318,5.9333475430806475,5.787616199917263,5.8708912531534825,799200
1993-08-24,5.870894908905029,5.891713685177742,5.745982251268752,5.787619803814178,1467600
1993-08-25,5.933348655700684,5.933348655700684,5.850073586848744,5.850073586848744,941200
1993-08-26,5.912527084350586,5.954164599029111,5.870889569672061,5.912527084350586,872000
1993-08-27,6.099898338317871,6.099898338317871,5.870891916060204,5.870891916060204,1522000
1993-08-30,6.18317174911499,6.18317174911499,6.079077948624839,6.079077948624839,1431200
1993-08-31,6.328907012939453,6.328907012939453,6.162356828388415,6.162356828388415,1866800
1993-09-01,6.328907012939453,6.391363332146092,6.2872694668016935,6.328907012939453,2320800
1993-09-02,6.141537189483643,6.391362431089757,6.079080879082114,6.3705436609559145,2008800
1993-09-03,6.18317174911499,6.22480926931105,6.14153422891893,6.14153422891893,461600
1993-09-07,6.141537189483643,6.203993499885171,6.079080879082114,6.203993499885171,382400
1993-09-08,5.912527084350586,6.099895900403949,5.912527084350586,6.079077143064686,1098400
1993-09-09,5.9958038330078125,5.9958038330078125,5.912528779771593,5.954166306389703,222400
1993-09-10,6.099898338317871,6.099898338317871,5.974985744359143,5.995804510018932,587600
1993-09-13,6.099898338317871,6.141535869637448,6.079079572658083,6.099898338317871,416000
1993-09-14,6.120718479156494,6.14153724949376,6.037443397807426,6.099899708819227,740400
1993-09-15,5.912527084350586,6.120714657743211,5.850070812332798,6.120714657743211,1580800
1993-09-16,5.9749860763549805,5.995804843171548,5.891711009088708,5.891711009088708,800800
1993-09-17,5.954168796539307,5.99580634057105,5.912531252507564,5.954168796539307,1927600
1993-09-20,5.954168796539307,5.99580634057105,5.912531252507564,5.954168796539307,1541600
1993-09-21,5.954168796539307,5.99580634057105,5.912531252507564,5.9749875685551785,1492800
1993-09-22,6.099898338317871,6.099898338317871,5.954166978699355,5.995804510018932,1186400
1993-09-23,6.266448974609375,6.3497240440394,6.079080068391819,6.079080068391819,2265200
1993-09-24,6.287265777587891,6.3289032992937715,6.245628255882011,6.245628255882011,994000
1993-09-27,6.287265777587891,6.3289032992937715,6.245628255882011,6.245628255882011,774400
1993-09-28,6.266448974609375,6.308086509324387,6.224811439894363,6.266448974609375,702800
1993-09-29,6.3080878257751465,6.3080878257751465,6.203993967264005,6.245631510668462,1512000
1993-09-30,6.3080878257751465,6.328906597477374,6.26645028237069,6.328906597477374,2830400
1993-10-01,6.266448974609375,6.287267741966881,6.224811439894363,6.266448974609375,860000
1993-10-04,6.266448974609375,6.266448974609375,6.224811439894363,6.224811439894363,2202800
1993-10-05,6.287265777587891,6.3289032992937715,6.245628255882011,6.266447016734951,1243600
1993-10-06,6.266448974609375,6.308086509324387,6.245630207251868,6.266448974609375,1960800
1993-10-07,6.349720478057861,6.349720478057861,6.245626699729044,6.245626699729044,1026800
1993-10-08,6.599544048309326,6.599544048309326,6.32890028607582,6.370537787957898,2290000
1993-10-11,6.620367527008057,6.745280121857265,6.578729995391654,6.641186292816258,2103200
1993-10-12,6.474637985229492,6.641188158482984,6.474637985229492,6.599550615169611,1126000
1993-10-13,6.662003517150879,6.682822278141975,6.47463466823101,6.47463466823101,1920000
1993-10-14,6.662003517150879,6.703641039133071,6.620365995168686,6.662003517150879,1114800
1993-10-15,6.641186237335205,6.662005002969485,6.620367471700925,6.641186237335205,2752000
1993-10-18,6.932647228240967,7.036741030466807,6.766097144679622,6.995103509576471,5619200
1993-10-19,6.641186237335205,6.93264895621512,6.599548706066646,6.89101142494656,2839600
1993-10-20,6.662003517150879,6.682822278141975,6.578728473186493,6.662003517150879,1466800
1993-10-21,6.786918640136719,6.786918640136719,6.641187258293293,6.662006027128068,4779200
1993-10-22,6.328907012939453,6.6203698359037695,6.328907012939453,6.495457197490491,3009800
1993-10-25,6.495454788208008,6.495454788208008,6.287267134739802,6.328904665433443,2359200
1993-10-26,6.287265777587891,6.495453386117291,6.2872657775878915,6.495453386117291,3016600
1993-10-27,6.079079627990723,6.245629754784988,6.037442096292156,6.245629754784988,2498800
1993-10-28,6.162353992462158,6.162353992462158,6.037441411533871,6.079078938509967,2174800
1993-10-29,5.912527084350586,6.120714657743211,5.829252054993535,6.120714657743211,2361800
1993-11-01,6.037441730499268,6.037441730499268,5.912529142971696,5.9541666721475535,2385400
1993-11-02,5.954168796539307,6.079081428634537,5.912531252507564,6.037443884602793,1336600
1993-11-03,5.954168796539307,6.120718972666281,5.912531252507564,6.037443884602793,2133200
1993-11-04,5.7876176834106445,6.037442907154988,5.74598014611992,5.954167832573541,2186000
1993-11-05,5.954168796539307,5.954168796539307,5.7043435323488465,5.829256164444077,1683800
1993-11-08,6.079079627990723,6.162354691387856,5.912529501196456,5.954167032895023,1447000
1993-11-09,5.9958038330078125,6.203991466098361,5.9958038330078125,6.079078886244032,1887600
1993-11-10,6.328907012939453,6.328907012939453,5.954169097699617,6.037444189975136,1657000
1993-11-11,6.245628833770752,6.370541410446167,6.20399130821228,6.287266359329224,2318200
1993-11-12,6.245628833770752,6.328903884887695,6.20399130821228,6.20399130821228,1721400
1993-11-15,6.328907012939453,6.328907012939453,6.245631920663934,6.328907012939453,2027600
1993-11-16,6.328907012939453,6.370544559077213,6.245631920663934,6.2872694668016935,2005400
1993-11-17,6.245628833770752,6.412178936004639,6.245628833770752,6.370541410446167,2182400
1993-11-18,6.120718479156494,6.28726864185463,6.07908093848196,6.28726864185463,2655000
1993-11-19,5.9958038330078125,6.162353939480251,5.954166306389703,6.162353939480251,2266800
1993-11-22,5.9958038330078125,6.037441359625922,5.8708912531534825,5.954166306389703,3035000
1993-11-23,6.203990936279297,6.203990936279297,5.954165797905634,5.954165797905634,3830000
1993-11-24,6.079079627990723,6.203992223086423,6.037442096292156,6.203992223086423,1146200
1993-11-26,6.079079627990723,6.120717159689289,6.037442096292156,6.120717159689289,105800
1993-11-29,6.037441730499268,6.120716788850982,6.037441730499268,6.037441730499268,855600
1993-11-30,6.370543003082275,6.370543003082276,6.037442715339412,6.120717787275128,2459400
1993-12-01,6.662003517150879,6.703641039133071,6.370540863275528,6.412178385257721,10498600
1993-12-02,6.786918640136719,6.87019371547582,6.662006027128068,6.662006027128068,6600600
1993-12-03,6.745278835296631,6.828553882645972,6.662003787947289,6.786916358971301,4146600
1993-12-06,6.995102882385254,7.0367403995423095,6.703640262285869,6.703640262285869,4477400
1993-12-07,6.70364236831665,7.1200176706965665,6.578729777602676,6.995105079982592,3963800
1993-12-08,6.745278835296631,6.786916358971301,6.578728740597948,6.662003787947289,1694800
1993-12-09,6.662003517150879,6.7869160830974575,6.620365995168686,6.745278561115264,2380400
1993-12-10,6.662003517150879,6.703641039133071,6.620365995168686,6.620365995168686,2254000
1993-12-13,6.5370917320251465,6.703641839847443,6.37054162420285,6.620366785936295,2571600
1993-12-14,6.370543003082275,6.537093146953708,6.370543003082276,6.453818075017992,1956600
1993-12-15,6.5370917320251465,6.5370917320251465,6.37054162420285,6.4538166781139985,1354200
1993-12-16,6.4121809005737305,6.537093515519972,6.370543362258317,6.537093515519972,2091400
1993-12-17,6.662003517150879,6.745278561115264,6.412178385257721,6.453815907239914,3609200
1993-12-20,6.578729629516602,6.662004688118078,6.4954545709151255,6.62036715881734,2084200
1993-12-21,6.495454788208008,6.620367380288931,6.495454788208008,6.578729849595289,2638400
1993-12-22,6.495454788208008,6.5370923189016485,6.328904665433443,6.453817257514366,1818400
1993-12-23,6.4121809005737305,6.537093515519972,6.4121809005737305,6.453818438889145,1386200
1993-12-27,6.495454788208008,6.495454788208008,6.4121797268207255,6.495454788208008,858400
1993-12-28,6.328907012939453,6.495457197490491,6.2872694668016935,6.495457197490491,1468800
1993-12-29,6.287265777587891,6.412178342705531,6.2872657775878915,6.3289032992937715,1999200
1993-12-30,6.453818321228027,6.537093396340647,6.328905708559098,6.328905708559098,2006600
1993-12-31,6.4121809005737305,6.662006130466214,6.4121809005737305,6.4121809005737305,2273600
1994-01-03,6.370543003082275,6.453818075017992,6.28726793114656,6.370543003082276,2238800
1994-01-04,6.328907012939453,6.412182105214972,6.2872694668016935,6.370544559077213,1571800
1994-01-05,6.287265777587891,6.3705408209996515,6.2872657775878915,6.2872657775878915,1316400
1994-01-06,6.079079627990723,6.328904818182122,6.079079627990723,6.328904818182122,1735600
1994-01-07,5.870894908905029,6.1207202241775835,5.870894908905029,6.079082671632158,3335600
1994-01-10,5.7876176834106445,5.954167832573541,5.7876176834106445,5.954167832573541,5029400
1994-01-11,5.7876176834106445,5.829255220701368,5.7043426088291955,5.74598014611992,2211000
1994-01-12,5.745978355407715,5.8292534040368125,5.621065782464069,5.787615879722264,5917000
1994-01-13,5.829253673553467,5.912528726032802,5.704341094834464,5.787616147313799,7286400
1994-01-14,5.912527084350586,5.9958021137076365,5.745977025636485,5.78761454031501,3920200
1994-01-17,6.162353992462158,6.2039915194382536,5.912528830605584,5.912528830605584,3952600
1994-01-18,6.120718479156494,6.120718479156494,5.912530775783824,6.07908093848196,5022600
1994-01-19,6.287265777587891,6.3705408209996515,6.162353212470251,6.203990734176131,4484400
1994-01-20,6.245628833770752,6.287266359329224,6.162353782653809,6.20399130821228,2909400
1994-01-21,6.203990936279297,6.287265982403851,6.1207158901547425,6.245628459341574,2884800
1994-01-24,6.162353992462158,6.2039915194382536,6.120716465486063,6.162353992462158,1349200
1994-01-25,6.120718479156494,6.162356019831027,5.995805857132892,6.07908093848196,1978600
1994-01-26,6.037441730499268,6.162354318026838,5.99580420132341,6.079079259675124,1930600
1994-01-27,5.954168796539307,6.037443884602793,5.912531252507564,5.954168796539307,1020400
1994-01-28,5.870894908905029,5.995807566541306,5.870894908905029,5.912532461450455,1238000
1994-01-31,5.912527084350586,5.954164599029111,5.829252054993535,5.954164599029111,1320800
1994-02-01,5.7876176834106445,5.870892757992092,5.74598014611992,5.829255220701368,2341800
1994-02-02,5.704341411590576,5.787616468694088,5.66270388303882,5.745978940142332,1806400
1994-02-03,5.9958038330078125,5.9958038330078125,5.662703620062934,5.662703620062934,3194200
1994-02-04,5.745978355407715,6.037441025609556,5.704340831093166,6.037441025609556,2111800
1994-02-07,5.704341411590576,5.787616468694088,5.66270388303882,5.704341411590576,1141400
1994-02-08,5.745978355407715,5.8292534040368125,5.662703306778618,5.745978355407715,2007200
1994-02-09,5.829253673553467,5.912528726032802,5.745978621074132,5.745978621074132,2439800
1994-02-10,5.912527084350586,5.954164599029111,5.829252054993535,5.829252054993535,2493000
1994-02-11,5.870894908905029,5.954170013995881,5.829257356359603,5.912532461450455,2049000
1994-02-14,5.829253673553467,5.912528726032802,5.745978621074132,5.829253673553467,3621600
1994-02-15,5.912527084350586,5.912527084350586,5.745977025636485,5.829252054993535,3001800
1994-02-16,6.287265777587891,6.2872657775878915,5.82925303882321,5.82925303882321,7317600
1994-02-17,6.245628833770752,6.45381646156311,6.20399130821228,6.245628833770752,5184600
1994-02-18,6.328907012939453,6.370544559077213,6.203994374526174,6.245631920663934,2882600
1994-02-22,6.287265777587891,6.3289032992937715,6.162353212470251,6.2872657775878915,1919200
1994-02-23,6.287265777587891,6.3705408209996515,6.245628255882011,6.245628255882011,1730400
1994-02-24,6.328907012939453,6.370544559077213,6.203994374526174,6.203994374526174,2290600
1994-02-25,6.620367527008057,6.66200505862446,6.287267274076834,6.287267274076834,4117800
1994-02-28,6.662003517150879,6.703641039133071,6.620365995168686,6.703641039133071,2410000
1994-03-01,6.578729629516602,6.662004688118078,6.453817041614387,6.62036715881734,1881200
1994-03-02,6.620367527008057,6.66200505862446,6.370542337309639,6.495454932158848,2528400
1994-03-03,7.036745548248291,7.203295738739374,6.620370072020581,6.620370072020581,11644800
1994-03-04,6.995102882385254,7.078377916699364,6.870190330914089,6.953465365228199,15955200
1994-03-07,6.91182804107666,7.0783781143556155,6.828553004437182,6.953465559396399,9923200
1994-03-08,6.786918640136719,6.82855617780627,6.703643564797618,6.82855617780627,2780000
1994-03-09,6.91182804107666,6.91182804107666,6.6203654128384875,6.786915486117443,3516000
1994-03-10,6.70364236831665,6.9534675497446,6.70364236831665,6.870192489268617,2167400
1994-03-11,6.745278835296631,6.786916358971301,6.662003787947289,6.662003787947289,1318200
1994-03-14,6.786918640136719,6.911831253145371,6.745281102467168,6.745281102467168,2971600
1994-03-15,6.870190620422363,6.953465658245664,6.745278063687411,6.745278063687411,1794000
1994-03-16,6.620367527008057,6.828555185090071,6.578729995391654,6.828555185090071,2897000
1994-03-17,6.745278835296631,6.745278835296631,6.578728740597948,6.662003787947289,1196000
1994-03-18,6.70364236831665,6.786917428792634,6.6620048380786585,6.745279898554642,3922000
1994-03-21,6.662003517150879,6.745278561115264,6.578728473186493,6.703641039133071,4691000
1994-03-22,6.495454788208008,6.703642441676213,6.453817257514366,6.5370923189016485,4537800
1994-03-23,6.453818321228027,6.578730933896957,6.453818321228027,6.453818321228027,4070400
1994-03-24,6.370543003082275,6.537093146953708,6.28726793114656,6.49545561098585,5704400
1994-03-25,6.203990936279297,6.412178551590682,6.203990936279297,6.328903505466128,2458600
1994-03-28,5.9958038330078125,6.245628992716471,5.8708912531534825,6.203991466098361,5464800
1994-03-29,5.870894908905029,6.079082671632158,5.829257356359603,6.037445119086732,2672200
1994-03-30,5.912527084350586,5.954164599029111,5.829252054993535,5.829252054993535,1209000
1994-03-31,6.037441730499268,6.037441730499268,5.787616555444125,5.870891613795839,3402200
1994-04-04,5.829253673553467,5.995803778512137,5.787616147313799,5.954166252272469,1410800
1994-04-05,5.9958038330078125,6.079078886244032,5.829253726535373,5.8708912531534825,1925400
1994-04-06,5.745978355407715,5.995803501295007,5.704340831093166,5.995803501295007,1502400
1994-04-07,5.745978355407715,5.8292534040368125,5.662703306778618,5.8292534040368125,1961800
1994-04-08,5.621067047119141,5.745979648166232,5.579429513436777,5.704342114483868,3335000
1994-04-11,5.662703990936279,5.7043415202814,5.62106646159116,5.7043415202814,1106000
1994-04-12,5.621067047119141,5.704342114483868,5.579429513436777,5.704342114483868,2144000
1994-04-13,5.329604148864746,5.579429343342781,5.28796661645174,5.579429343342781,2391800
1994-04-14,5.204691410064697,5.32960400390625,5.204691410064697,5.32960400390625,2166600
1994-04-15,5.267146587371826,5.329602871016552,5.163052781297284,5.2046903037271015,1910000
1994-04-18,5.079780101776123,5.287967810865308,5.0381425599582865,5.246330269047472,2056600
1994-04-19,4.788315773010254,5.1214160006979235,4.7050407160883365,5.1214160006979235,4898000
1994-04-20,4.684222221374512,4.871591110229492,4.66340345594618,4.871591110229492,8254200
1994-04-21,4.954867362976074,4.954867362976074,4.6634045769186585,4.746679658649349,2826800
1994-04-22,4.913228988647461,5.038141590053753,4.913228988647461,4.996504056251656,1759800
1994-04-25,4.892409324645996,4.996503140063996,4.829953035395196,4.996503140063996,1451400
1994-04-26,4.871589660644531,4.996502216045673,4.829952142177484,4.954864697578626,2042800
1994-04-28,4.746676921844482,4.913226989277622,4.705039404986198,4.871589472419338,2363200
1994-04-29,5.038141250610352,5.079778781607131,4.746678533632893,4.788316064629672,2135000
1994-05-02,5.183872222900391,5.246328514742564,5.0381408752686525,5.121415931058218,1981200
1994-05-03,5.121416091918945,5.246328679526725,4.996503504311167,5.163053621121539,1654600
1994-05-04,5.038141250610352,5.16305384360069,4.996503719613571,5.16305384360069,1821400
1994-05-05,5.038141250610352,5.079778781607131,4.913228657620012,5.079778781607131,1425800
1994-05-06,4.788315773010254,5.038140943776006,4.746678244549295,4.91322835839313,1320400
1994-05-09,4.663402080535889,4.829952154840742,4.663402080535889,4.829952154840742,2706400
1994-05-10,4.913228988647461,4.913228988647461,4.705041319636976,4.705041319636976,4280800
1994-05-11,4.663402080535889,4.871589673416955,4.663402080535889,4.871589673416955,3064200
1994-05-12,4.70504093170166,4.788315992439743,4.663403401332619,4.70504093170166,1696000
1994-05-13,4.663402080535889,4.7050395991121015,4.5384895248072485,4.7050395991121015,3317000
1994-05-16,4.663402080535889,4.746677117688315,4.621764561959675,4.7050395991121015,1033800
1994-05-17,4.538490295410156,4.66340287234805,4.455215244118227,4.621765346702086,2698600
1994-05-18,4.496854782104492,4.55931109852261,4.4135796935470015,4.5384923263832375,3717200
1994-05-19,4.455214500427246,4.53848953781841,4.371939463036083,4.455214500427246,6232600
1994-05-20,4.684222221374512,4.746678517659505,4.4552158016628685,4.4552158016628685,3365600
1994-05-23,4.580129623413086,4.70504224950617,4.538492081382058,4.70504224950617,1988800
1994-05-24,4.580129623413086,4.621767165444114,4.538492081382058,4.580129623413086,1572200
1994-05-25,4.496854782104492,4.580129870661983,4.496854782104492,4.580129870661983,2161800
1994-05-26,4.496854782104492,4.6634049592194735,4.455217237825747,4.580129870661983,1321800
1994-05-27,4.60094690322876,4.6217656674967635,4.455215553352736,4.538490610424749,947200
1994-05-31,4.413578033447266,4.621765676534401,4.371940504829839,4.580128147916974,3200200
1994-06-01,4.371941089630127,4.41357862381708,4.330303555443173,4.41357862381708,8747400
1994-06-02,4.538490295410156,4.580127821056121,4.3719401928262975,4.413577718472262,2841600
1994-06-03,4.663402080535889,4.663402080535889,4.496852006231036,4.496852006231036,2909800
1994-06-06,4.580129623413086,4.746679791537198,4.580129623413086,4.70504224950617,3789000
1994-06-07,4.559309959411621,4.663403794101384,4.496853658597763,4.6217662602254785,1881800
1994-06-08,4.663402080535889,4.7050395991121015,4.621764561959675,4.621764561959675,4598000
1994-06-09,4.809136390686035,4.913230251956296,4.621767440399567,4.663404984907671,6156200
1994-06-10,5.0173211097717285,5.038139869563313,4.871589791230641,5.038139869563313,3757000
1994-06-13,4.913228988647461,5.038141590053753,4.8715914548453645,5.038141590053753,2064800
1994-06-14,5.246328830718994,5.246328830718994,4.996503648303804,5.0381411787063355,4900000
1994-06-15,5.163055419921875,5.24633050733997,5.0797803325037805,5.24633050733997,3184200
1994-06-16,5.204691410064697,5.204691410064697,5.079778816223144,5.121416347503662,2040800
1994-06-17,5.0173211097717285,5.204689947895984,4.996502349980145,5.204689947895984,2229800
1994-06-20,4.975683689117432,5.038139969733968,4.9132274085008945,4.9548649289119195,1323000
1994-06-21,4.829954624176025,4.954867243766785,4.788317084312439,4.954867243766785,1419800
1994-06-22,4.9965033531188965,4.9965033531188965,4.829953241348267,4.871590769290925,1505400
1994-06-23,4.788315773010254,4.996503415315048,4.788315773010254,4.954865886854089,1001000
1994-06-24,4.621766567230225,4.788316713797079,4.580129030588511,4.788316713797079,1747400
1994-06-27,4.746676921844482,4.913226989277622,4.496851820694773,4.621764371269628,1428200
1994-06-28,4.788315773010254,4.91322835839313,4.7050407160883365,4.829953301471213,1463000
1994-06-29,4.871589660644531,4.996502216045673,4.746677105243389,4.746677105243389,2252800
1994-06-30,4.975683689117432,4.996502449322944,4.829952367678846,4.9132274085008945,1516000
1994-07-01,4.9965033531188965,5.038140881061555,4.913228297233582,4.954865825176239,616600
1994-07-05,4.9965033531188965,4.9965033531188965,4.913228297233582,4.913228297233582,955000
1994-07-06,4.954867362976074,4.954867362976074,4.829954740380039,4.954867362976074,2325600
1994-07-07,4.663402080535889,4.954864710569382,4.663402080535889,4.913227191993168,1710200
1994-07-08,4.788315773010254,4.829953301471213,4.621765659166419,4.7050407160883365,990600
1994-07-11,4.70504093170166,4.8299535228087835,4.580128340594537,4.788315992439743,1405600
1994-07-12,4.809136390686035,4.829955162940087,4.580129895891463,4.705042529415775,1646400
1994-07-13,4.9965033531188965,5.079778409004212,4.746678185462952,4.746678185462952,1850600
1994-07-14,4.913228988647461,5.079779123855849,4.8715914548453645,4.996504056251656,1365200
1994-07-15,4.892409324645996,4.9548656138967955,4.871590561562396,4.9548656138967955,524200
1994-07-18,5.204691410064697,5.287966472625732,5.038141284942627,5.038141284942627,4829200
1994-07-19,5.121416091918945,5.163053621121539,5.038141033513759,5.163053621121539,4102200
1994-07-20,5.0173211097717285,5.1214149087296486,4.913227310813809,5.1214149087296486,2092200
1994-07-21,5.038141250610352,5.038141250610352,4.9548661886167915,5.038141250610352,1632200
1994-07-22,4.9965033531188965,5.079778409004212,4.954865825176239,5.038140881061555,2288800
1994-07-25,5.204691410064697,5.204691410064697,4.954866222381592,4.954866222381592,2334800
1994-07-26,5.038141250610352,5.20469137459747,4.996503719613571,5.16305384360069,1068200
1994-07-27,5.038141250610352,5.079778781607131,4.9548661886167915,5.038141250610352,2176600
1994-07-28,5.163055419921875,5.163055419921875,5.038142788794733,5.0797803325037805,1393800
1994-07-29,4.9965033531188965,5.1630534648895265,4.954865825176239,5.1630534648895265,1413200
1994-08-01,5.204691410064697,5.204691410064697,4.954866222381592,4.996503753662109,1739400
1994-08-02,5.079780101776123,5.204692727229634,4.954867476322612,5.204692727229634,1438400
1994-08-03,4.954867362976074,5.07977998557211,4.954867362976074,4.996504903841419,1318600
1994-08-04,4.913228988647461,4.996504056251656,4.913228988647461,4.996504056251656,820200
1994-08-05,4.975683689117432,5.038139969733968,4.829952367678846,4.9132274085008945,837400
1994-08-08,5.079780101776123,5.1214176435939605,4.954867476322612,5.0381425599582865,488600
1994-08-09,5.038141250610352,5.079778781607131,4.9548661886167915,4.996503719613571,786600
1994-08-10,5.058956623077393,5.121412877683286,5.038137871542095,5.038137871542095,1649800
1994-08-11,4.913228988647461,5.079779123855849,4.7466788534390725,5.038141590053753,1906200
1994-08-12,4.975683689117432,4.996502449322944,4.829952367678846,4.9132274085008945,900000
1994-08-15,4.954867362976074,4.996504903841419,4.913229822110729,4.954867362976074,1086600
1994-08-16,4.954867362976074,4.996504903841419,4.829954740380039,4.954867362976074,1168200
1994-08-17,4.934049129486084,4.954867902184338,4.746680175201803,4.871592811391324,1533400
1994-08-18,4.871589660644531,4.913227179111578,4.788314623710437,4.871589660644531,1705600
1994-08-19,4.788315773010254,4.91322835839313,4.746678244549295,4.91322835839313,1696800
1994-08-22,4.788315773010254,4.871590829932171,4.7050407160883365,4.850772065701692,1555200
1994-08-23,4.829954624176025,4.871592164039612,4.7466795444488525,4.829954624176025,1433200
1994-08-24,4.913228988647461,4.954866522449558,4.829953921043267,4.829953921043267,1249000
1994-08-25,4.9965033531188965,5.079778409004212,4.913228297233582,4.954865825176239,1734000
1994-08-26,4.954867362976074,5.07977998557211,4.954867362976074,4.996504903841419,1555000
1994-08-29,4.9965033531188965,5.038140881061555,4.954865825176239,4.9965033531188965,1280400
1994-08-30,5.163055419921875,5.225511735485447,5.038142788794733,5.038142788794733,4587000
1994-08-31,5.2255096435546875,5.329603461155378,5.121415825953997,5.163053352994273,3369200
1994-09-01,5.121416091918945,5.204691150324131,5.079778562716353,5.163053621121539,1721000
1994-09-02,5.121416091918945,5.204691150324131,5.079778562716353,5.079778562716353,960600
1994-09-06,5.079780101776123,5.204692727229634,5.079780101776123,5.1214176435939605,832400
1994-09-07,5.183872222900391,5.2046909868477815,5.079778403163435,5.079778403163435,983000
1994-09-08,5.204691410064697,5.246328941345215,5.16305387878418,5.16305387878418,2197400
1994-09-09,5.100597381591797,5.204691205705915,5.079778616768973,5.163053676060268,1886400
1994-09-12,5.204691410064697,5.246328941345215,5.079778816223144,5.16305387878418,1320600
1994-09-13,5.038141250610352,5.28796643659103,5.038141250610352,5.24632890559425,2806000
1994-09-14,5.204691410064697,5.204691410064697,5.038141284942627,5.038141284942627,2595600
1994-09-15,5.287967681884766,5.371242763489251,5.163055059478039,5.163055059478039,2107400
1994-09-16,5.246328830718994,5.287966361121526,5.204691300316463,5.287966361121526,2361200
1994-09-19,5.246328830718994,5.287966361121526,5.204691300316463,5.246328830718994,1866200
1994-09-20,5.2255096435546875,5.287965934115102,5.163053352994273,5.163053352994273,875200
1994-09-21,5.079780101776123,5.287967810865308,5.079780101776123,5.204692727229634,1234800
1994-09-22,5.038141250610352,5.16305384360069,4.9548661886167915,5.121416312603911,1951000
1994-09-23,4.913228988647461,5.038141590053753,4.8715914548453645,4.996504056251656,2171200
1994-09-26,4.829954624176025,4.954867243766785,4.7466795444488525,4.871592164039612,1007600
1994-09-27,5.079780101776123,5.1214176435939605,4.8299548508691,4.8299548508691,1734400
1994-09-28,5.204691410064697,5.204691410064697,5.038141284942627,5.038141284942627,1877600
1994-09-29,5.329604148864746,5.329604148864746,5.121416486799717,5.163054019212723,2114000
1994-09-30,5.350423812866211,5.4961552007652905,5.287967503766605,5.287967503766605,3613000
1994-10-03,5.287967681884766,5.371242763489251,5.246330141082524,5.329605222687008,694000
1994-10-04,5.163055419921875,5.371243138467112,5.121417876212828,5.329605594758065,2782200
1994-10-05,5.329604148864746,5.371241681277752,5.079778954386711,5.163054019212723,2093000
1994-10-06,5.287967681884766,5.371242763489251,5.287967681884766,5.329605222687008,1658400
1994-10-07,5.41287899017334,5.579429112947904,5.246328867398775,5.371241459479698,2172000
1994-10-10,5.41287899017334,5.496154051560622,5.371241459479698,5.454516520866981,782600
1994-10-11,5.537792205810547,5.537792205810547,5.246329458136307,5.454517135046478,2663000
1994-10-12,5.45451545715332,5.537790502300699,5.45451545715332,5.496152979727009,2181000
1994-10-13,5.45451545715332,5.537790502300699,5.371240412005942,5.537790502300699,1201200
1994-10-14,5.496152877807617,5.53779039960919,5.329602790601326,5.371240312402899,1010000
1994-10-17,5.45451545715332,5.537790502300699,5.4128779345796305,5.4128779345796305,641800
1994-10-18,5.287967681884766,5.496155385895977,5.287967681884766,5.4545178450937355,881000
1994-10-19,5.371241092681885,5.412878620532132,5.287966036981391,5.287966036981391,817200
1994-10-20,5.287967681884766,5.371242763489251,5.287967681884766,5.329605222687008,1192400
1994-10-21,5.287967681884766,5.308786452285887,5.204692600280281,5.246330141082524,1049800
1994-10-24,5.079780101776123,5.329605352683146,5.0381425599582865,5.246330269047472,1617000
1994-10-25,5.2255096435546875,5.2463284070748255,4.996503244833168,5.07977829891372,1139000
1994-10-26,5.121416091918945,5.287966208729317,5.079778562716353,5.204691150324131,1036200
1994-10-27,5.079780101776123,5.163055185411798,4.954867476322612,5.0381425599582865,2254800
1994-10-28,5.163055419921875,5.163055419921875,4.996505245085686,4.996505245085686,1782600
1994-10-31,5.246328830718994,5.287966361121526,5.121416239511399,5.121416239511399,1287400
1994-11-01,5.287967681884766,5.329605222687008,5.204692600280281,5.246330141082524,2531000
1994-11-02,5.163055419921875,5.329605594758065,5.163055419921875,5.329605594758065,1812200
1994-11-03,5.45451545715332,5.496152979727009,5.163052799137494,5.163052799137494,2350400
1994-11-04,5.329604148864746,5.496154278516769,5.329604148864746,5.412879213690758,820400
1994-11-07,5.267146587371826,5.329602871016552,5.2046903037271015,5.287965348586735,774800
1994-11-08,5.41287899017334,5.41287899017334,5.246328867398775,5.246328867398775,941800
1994-11-09,5.246328830718994,5.412878952329121,5.204691300316463,5.371241421926589,1139000
1994-11-10,5.163055419921875,5.329605594758065,5.0797803325037805,5.24633050733997,1077600
1994-11-11,5.121416091918945,5.163053621121539,4.996503504311167,5.163053621121539,1496000
1994-11-14,5.163055419921875,5.204692963630923,5.121417876212828,5.121417876212828,673400
1994-11-15,5.121416091918945,5.204691150324131,5.121416091918945,5.121416091918945,1191000
1994-11-16,5.038141250610352,5.16305384360069,5.038141250610352,5.121416312603911,1273400
1994-11-17,4.954867362976074,5.1214175264374555,4.913229822110729,5.038142444706765,2454000
1994-11-18,4.954867362976074,4.996504903841419,4.913229822110729,4.996504903841419,1656200
1994-11-21,4.871589660644531,4.996502216045673,4.829952142177484,4.913227179111578,746400
1994-11-22,4.954867362976074,5.038142444706765,4.705042117784004,4.829954740380039,2892000
1994-11-23,4.913228988647461,4.996504056251656,4.8715914548453645,4.996504056251656,2574000
1994-11-25,4.913228988647461,4.996504056251656,4.829953921043267,4.8715914548453645,949000
1994-11-28,4.913228988647461,5.038141590053753,4.913228988647461,4.913228988647461,3943800
1994-11-29,4.9965033531188965,5.038140881061555,4.913228297233582,4.9965033531188965,1299800
1994-11-30,5.121416091918945,5.204691150324131,4.91322844590598,4.91322844590598,1594600
1994-12-01,4.954867362976074,5.1214175264374555,4.954867362976074,5.07977998557211,2386000
1994-12-02,4.9965033531188965,5.038140881061555,4.871590769290925,4.954865825176239,1579600
1994-12-05,4.954867362976074,5.038142444706765,4.913229822110729,4.954867362976074,1130200
1994-12-06,4.871589660644531,4.996502216045673,4.871589660644531,4.913227179111578,1307800
1994-12-07,4.746676921844482,4.913226989277622,4.663401888127913,4.871589472419338,1776000
1994-12-08,4.621766567230225,4.829954250438793,4.580129030588511,4.746679177155365,2855600
1994-12-09,4.517672061920166,4.6634034187563005,4.413578235608641,4.621765888231691,2392200
1994-12-12,4.455214500427246,4.53848953781841,4.288664425644919,4.455214500427246,2225400
1994-12-13,4.413578033447266,4.496853090682119,4.20539039036013,4.371940504829839,3176000
1994-12-14,4.371941089630127,4.496853692190988,4.28866602125622,4.455216158004034,4714800
1994-12-15,4.580129623413086,4.6425859364596285,4.371941913257945,4.413579455288974,2147600
1994-12-16,4.455214500427246,4.621764575209573,4.455214500427246,4.580127056513991,1788200
1994-12-19,4.455214500427246,4.53848953781841,4.413576981731664,4.455214500427246,1991000
1994-12-20,4.330301761627197,4.455214312443366,4.2053892108110285,4.455214312443366,2712200
1994-12-21,4.309484481811523,4.371940778649371,4.205390653748443,4.33030324742414,4840200
1994-12-22,4.371941089630127,4.371941089630127,4.247028487069266,4.28866602125622,3937600
1994-12-23,4.309484481811523,4.4135783098746035,4.288665716198907,4.33030324742414,1368000
1994-12-27,4.288664817810059,4.371939862816079,4.205389772804038,4.330302340313069,2015000
1994-12-28,4.205389499664307,4.288664539261619,4.16375197986565,4.205389499664307,3320000
1994-12-29,4.371941089630127,4.371941089630127,4.205390952882312,4.205390952882312,2860800
1994-12-30,4.288664817810059,4.455214907822099,4.288664817810059,4.330302340313069,2961000
1995-01-03,4.288664817810059,4.371939862816079,4.247027295307048,4.288664817810059,1007200
1995-01-04,4.371941089630127,4.371941089630127,4.205390952882312,4.28866602125622,2068600
1995-01-05,4.163752555847168,4.413577709197998,4.163752555847168,4.413577709197998,2233400
1995-01-06,4.163752555847168,4.330302658081055,4.080477504730225,4.20539008140564,3450600
1995-01-09,4.163752555847168,4.20539008140564,4.080477504730225,4.163752555847168,2344800
1995-01-10,4.163752555847168,4.247027606964111,4.122115030288696,4.163752555847168,1291600
1995-01-11,4.080477714538574,4.2053902976366935,4.0388401868392005,4.122115242237947,3387400
1995-01-12,4.080477714538574,4.122115242237947,3.9972026591398278,4.122115242237947,3765800
1995-01-13,4.080477714538574,4.122115242237947,4.0388401868392005,4.080477714538574,3483200
1995-01-16,4.142934322357178,4.288665680430043,4.080478026040235,4.080478026040235,5411200
1995-01-17,4.413578033447266,4.496853090682119,4.247027918977557,4.288665447594984,5422800
1995-01-18,4.580129623413086,4.621767165444114,4.413579455288974,4.455216997320002,4684000
1995-01-19,4.580129623413086,4.621767165444114,4.455216997320002,4.621767165444114,2845200
1995-01-20,4.496854782104492,4.6634049592194735,4.496854782104492,4.621767414940728,2469600
1995-01-23,4.621766567230225,4.621766567230225,4.413578884021656,4.496853957305083,2642000
1995-01-24,4.70504093170166,4.70504093170166,4.580128340594537,4.621765870963578,2011800
1995-01-25,4.663402080535889,4.7050395991121015,4.5384895248072485,4.580127043383462,2256800
1995-01-26,4.684222221374512,4.746678517659505,4.66340345594618,4.66340345594618,2933800
1995-01-27,4.746676921844482,4.746676921844482,4.663401888127913,4.663401888127913,869000
1995-01-30,4.538490295410156,4.74667792363998,4.538490295410156,4.66340287234805,1766800
1995-01-31,4.580129623413086,4.621767165444114,4.538492081382058,4.580129623413086,2167800
1995-02-01,4.70504093170166,4.746678462070702,4.538490810225495,4.580128340594537,3503400
1995-02-02,4.60094690322876,4.705040724568777,4.580128138960757,4.66340319603277,1976800
1995-02-03,4.580129623413086,4.621767165444114,4.538492081382058,4.580129623413086,2416400
1995-02-06,4.580129623413086,4.663404707475142,4.4968545393510295,4.538492081382058,1478200
1995-02-07,4.580129623413086,4.663404707475142,4.538492081382058,4.580129623413086,694600
1995-02-08,4.580129623413086,4.580129623413086,4.4968545393510295,4.538492081382058,983000
1995-02-09,4.538490295410156,4.621765346702086,4.455215244118227,4.538490295410156,2646000
1995-02-10,4.663402080535889,4.663402080535889,4.5384895248072485,4.621764561959675,1389800
1995-02-13,4.580129623413086,4.70504224950617,4.580129623413086,4.621767165444114,1315600
1995-02-14,4.580129623413086,4.663404707475142,4.580129623413086,4.580129623413086,2686600
1995-02-15,4.580129623413086,4.9548675016923385,4.4968545393510295,4.663404707475142,2289200
1995-02-16,4.621766567230225,4.6634041038719385,4.330303810738228,4.538491493946797,2253000
1995-02-17,4.538490295410156,4.621765346702086,4.538490295410156,4.580127821056121,1415600
1995-02-21,4.559309959411621,4.6217662602254785,4.538491192473669,4.538491192473669,1643600
1995-02-22,4.517672061920166,4.621765888231691,4.496853296657862,4.538490827182471,1354000
1995-02-23,4.392758846282959,4.621765231634203,4.3719400839783,4.538490182415569,1787000
1995-02-24,4.455214500427246,4.496852019122827,4.371939463036083,4.413576981731664,804200
1995-02-27,4.371941089630127,4.455216158004034,4.371941089630127,4.41357862381708,1229400
1995-02-28,4.538490295410156,4.580127821056121,4.3719401928262975,4.3719401928262975,1547200
1995-03-01,4.413578033447266,4.538490619299546,4.371940504829839,4.496853090682119,1128400
1995-03-02,4.434396743774414,4.4968530359402505,4.371940451608577,4.455215507829693,1623800
1995-03-03,4.434396743774414,4.4968530359402505,4.413577979719134,4.455215507829693,1179000
1995-03-06,4.455214500427246,4.455214500427246,4.371939463036083,4.413576981731664,653600
1995-03-07,4.205389499664307,4.455214618456245,4.205389499664307,4.455214618456245,2051000
1995-03-08,4.163752555847168,4.247027606964111,4.080477504730225,4.247027606964111,1791200
1995-03-09,4.163752555847168,4.20539008140564,3.9972024536132813,4.080477504730225,4040200
1995-03-10,4.330301761627197,4.37193927856592,4.163751693872305,4.2053892108110285,1605200
1995-03-13,4.205389499664307,4.330302059060276,4.16375197986565,4.330302059060276,758000
1995-03-14,4.371941089630127,4.41357862381708,4.28866602125622,4.28866602125622,2855600
1995-03-15,4.205389499664307,4.371939578858933,4.205389499664307,4.371939578858933,1381600
1995-03-16,4.413578033447266,4.413578033447266,4.20539039036013,4.20539039036013,2245600
1995-03-17,4.413578033447266,4.4552155620646925,4.371940504829839,4.413578033447266,1995800
1995-03-20,4.455214500427246,4.455214500427246,4.288664425644919,4.413576981731664,1737000
1995-03-21,4.4760332107543945,4.538489488113758,4.4135769333950305,4.455214451634606,2045200
1995-03-22,4.455214500427246,4.53848953781841,4.371939463036083,4.53848953781841,1134200
1995-03-23,4.559309959411621,4.580128726349574,4.371941056970048,4.413578590845953,2635200
1995-03-24,4.829954624176025,4.829954624176025,4.580129384994507,4.580129384994507,5103200
1995-03-27,4.829954624176025,4.829954624176025,4.66340446472168,4.829954624176025,2168800
1995-03-28,4.9965033531188965,4.9965033531188965,4.746678185462952,4.746678185462952,3129600
1995-03-29,4.975683689117432,5.038139969733968,4.829952367678846,4.9548649289119195,2782200
1995-03-30,4.954867362976074,4.996504903841419,4.871592281245384,4.996504903841419,1260200
1995-03-31,4.913228988647461,4.954866522449558,4.829953921043267,4.913228988647461,900800
1995-04-03,4.9965033531188965,4.9965033531188965,4.746678185462952,4.871590769290925,1228200
1995-04-04,4.871589660644531,4.996502216045673,4.871589660644531,4.913227179111578,664800
1995-04-05,4.954867362976074,4.996504903841419,4.871592281245384,4.871592281245384,541800
1995-04-06,4.871589660644531,4.954864697578626,4.829952142177484,4.913227179111578,1266800
1995-04-07,4.913228988647461,4.954866522449558,4.8715914548453645,4.8715914548453645,1559000
1995-04-10,4.871589660644531,4.913227179111578,4.829952142177484,4.871589660644531,478200
1995-04-11,4.892409324645996,4.913228087729595,4.788315509227996,4.892409324645996,1146400
1995-04-12,5.079780101776123,5.1214176435939605,4.8299548508691,4.8299548508691,2172400
1995-04-13,5.038141250610352,5.121416312603911,4.996503719613571,5.121416312603911,1561400
1995-04-17,4.871589660644531,5.121414771446815,4.871589660644531,5.03813973451272,1353000
1995-04-18,4.829954624176025,4.954867243766785,4.829954624176025,4.871592164039612,557200
1995-04-19,4.829954624176025,4.913229703903198,4.7466795444488525,4.913229703903198,891000
1995-04-20,4.9965033531188965,4.9965033531188965,4.788315713405609,4.788315713405609,933000
1995-04-21,5.038141250610352,5.079778781607131,4.9548661886167915,5.079778781607131,1577400
1995-04-24,4.913228988647461,5.038141590053753,4.913228988647461,4.996504056251656,939600
1995-04-25,4.871589660644531,4.954864697578626,4.788314623710437,4.913227179111578,785800
1995-04-26,4.871589660644531,4.871589660644531,4.746677105243389,4.829952142177484,609400
1995-04-27,4.788315773010254,4.871590829932171,4.788315773010254,4.829953301471213,960800
1995-04-28,4.871589660644531,4.934045938345102,4.746677105243389,4.788314623710437,1687400
1995-05-01,4.746676921844482,4.913226989277622,4.746676921844482,4.829951955561053,1008600
1995-05-02,4.871589660644531,4.871589660644531,4.746677105243389,4.746677105243389,676200
1995-05-03,4.85077428817749,4.871593061946492,4.788317966870484,4.829955514408488,2186200
1995-05-04,4.746676921844482,4.913226989277622,4.746676921844482,4.829951955561053,2291000
1995-05-05,4.663402080535889,4.829952154840742,4.663402080535889,4.788314636264529,1746200
1995-05-08,4.788315773010254,4.788315773010254,4.621765659166419,4.663403187627377,2070600
1995-05-09,4.684222221374512,4.871591110229492,4.621765925089518,4.705040986802842,2338000
1995-05-10,4.621766567230225,4.7050416405136515,4.538491493946797,4.7050416405136515,988400
1995-05-11,4.70504093170166,4.70504093170166,4.538490810225495,4.580128340594537,1312400
1995-05-12,4.829954624176025,4.871592164039612,4.66340446472168,4.66340446472168,2156200
1995-05-15,4.746676921844482,4.829951955561053,4.746676921844482,4.829951955561053,2279600
1995-05-16,4.725860118865967,4.829953954083279,4.705041351822504,4.829953954083279,1959800
1995-05-17,4.580129623413086,4.746679791537198,4.538492081382058,4.746679791537198,1128600
1995-05-18,4.663402080535889,4.7050395991121015,4.580127043383462,4.580127043383462,1998800
1995-05-19,4.621766567230225,4.746679177155365,4.621766567230225,4.7050416405136515,2025800
1995-05-22,4.70504093170166,4.70504093170166,4.621765870963578,4.621765870963578,837800
1995-05-23,4.580129623413086,4.70504224950617,4.580129623413086,4.70504224950617,1955200
1995-05-24,4.580129623413086,4.70504224950617,4.580129623413086,4.663404707475142,1330000
1995-05-25,4.538490295410156,4.621765346702086,4.455215244118227,4.580127821056121,1845800
1995-05-26,4.434396743774414,4.538490564050808,4.371940451608577,4.538490564050808,1303000
1995-05-30,4.559309959411621,4.580128726349574,4.413578590845953,4.413578590845953,1115000
1995-05-31,4.70504093170166,4.70504093170166,4.496853279856454,4.496853279856454,1345000
1995-06-01,4.663402080535889,4.7050395991121015,4.580127043383462,4.663402080535889,1310800
1995-06-02,4.621766567230225,4.7050416405136515,4.621766567230225,4.621766567230225,1174200
1995-06-05,4.663402080535889,4.746677117688315,4.621764561959675,4.621764561959675,1932000
1995-06-06,4.746676921844482,4.913226989277622,4.746676921844482,4.746676921844482,2138400
1995-06-07,4.746676921844482,4.829951955561053,4.705039404986198,4.746676921844482,2000800
1995-06-08,4.829954624176025,4.871592164039612,4.7466795444488525,4.788317084312439,1699600
1995-06-09,4.788315773010254,4.829953301471213,4.788315773010254,4.788315773010254,920000
1995-06-12,4.9965033531188965,4.9965033531188965,4.788315713405609,4.788315713405609,1992400
1995-06-13,4.9965033531188965,4.9965033531188965,4.954865825176239,4.954865825176239,2214800
1995-06-14,4.9965033531188965,4.9965033531188965,4.871590769290925,4.954865825176239,1794600
1995-06-15,4.954867362976074,4.996504903841419,4.871592281245384,4.871592281245384,1905600
1995-06-16,5.038141250610352,5.079778781607131,4.913228657620012,4.9548661886167915,3008200
1995-06-19,5.163055419921875,5.163055419921875,5.038142788794733,5.038142788794733,4943200
1995-06-20,5.142234802246094,5.1630535666276565,5.0381409803382775,5.079778509101404,2565600
1995-06-21,5.183872222900391,5.2046909868477815,5.079778403163435,5.121415931058218,2084800
1995-06-22,5.246328830718994,5.246328830718994,5.163053769913931,5.163053769913931,2929200
1995-06-23,5.163055419921875,5.24633050733997,5.121417876212828,5.204692963630923,1519200
1995-06-26,5.121416091918945,5.246328679526725,5.121416091918945,5.163053621121539,1254400
1995-06-27,5.246328830718994,5.246328830718994,5.121416239511399,5.163053769913931,1398600
1995-06-28,5.329604148864746,5.371241681277752,5.204691551625729,5.246329084038734,2022200
1995-06-29,5.204691410064697,5.32960400390625,5.204691410064697,5.246328941345215,771600
1995-06-30,5.41287899017334,5.537791582254263,5.204691336705134,5.204691336705134,3881600
1995-07-03,5.41287899017334,5.496154051560622,5.41287899017334,5.41287899017334,615400
1995-07-05,5.537792205810547,5.57942974119258,5.454517135046478,5.4961546704285125,2317000
1995-07-06,5.829253673553467,5.870891199793134,5.537790989875793,5.537790989875793,5572800
1995-07-07,5.745978355407715,5.870890928351361,5.704340831093166,5.870890928351361,3987000
1995-07-10,5.704341411590576,5.8708915257976,5.621066354487064,5.704341411590576,1389400
1995-07-11,5.704341411590576,5.787616468694088,5.579428825935308,5.66270388303882,3082800
1995-07-12,5.621067047119141,5.787617181848597,5.579429513436777,5.787617181848597,1980600
1995-07-13,5.72515869140625,5.787614968039773,5.5794273792613645,5.662702414772728,4481000
1995-07-14,5.912527084350586,5.912527084350586,5.7043395109579595,5.745977025636485,4984200
1995-07-17,5.912527084350586,5.912527084350586,5.829252054993535,5.870889569672061,1613200
1995-07-18,5.933348655700684,5.9541674229136685,5.870892354061729,5.870892354061729,3068400
1995-07-19,5.850073337554932,5.912529636532387,5.808435804903295,5.870892103880751,4028400
1995-07-20,6.162353992462158,6.162353992462158,5.829253776653393,5.829253776653393,4588600
1995-07-21,6.037441730499268,6.245629376378552,6.037441730499268,6.162354318026838,3036400
1995-07-24,5.9749860763549805,6.120717444070955,5.954167309538412,6.037442376804684,1246400
1995-07-25,5.9958038330078125,5.9958038330078125,5.912528779771593,5.954166306389703,1962600
1995-07-26,5.8917107582092285,5.995804587859569,5.8708919922791605,5.995804587859569,2117800
1995-07-27,6.016622543334961,6.037441306460688,5.870891201454875,5.870891201454875,2160200
1995-07-28,5.933348655700684,6.079080026191577,5.933348655700684,5.995804957339638,1872600
1995-07-31,5.9749860763549805,6.120717444070955,5.870892242272141,5.912529775905276,1829000
1995-08-01,6.162353992462158,6.162353992462158,5.995803884557776,6.037441411533871,3326200
1995-08-02,6.037441730499268,6.203991847202696,5.99580420132341,6.120716788850982,4853600
1995-08-03,5.8917107582092285,6.037442119719704,5.8708919922791605,5.995804587859569,812800
1995-08-04,5.7667999267578125,5.912531332849165,5.745981154459048,5.912531332849165,679800
1995-08-07,5.808434963226318,5.912528779771593,5.745978673299153,5.745978673299153,639000
1995-08-08,5.704341411590576,5.829253997245845,5.66270388303882,5.787616468694088,500600
1995-08-09,5.745978355407715,5.787615879722264,5.704340831093166,5.745978355407715,725600
1995-08-10,5.829253673553467,5.870891199793134,5.704341094834464,5.787616147313799,1014200
1995-08-11,5.829253673553467,5.870891199793134,5.745978621074132,5.829253673553467,577000
1995-08-14,5.912527084350586,5.954164599029111,5.745977025636485,5.745977025636485,690400
1995-08-15,5.954168796539307,5.99580634057105,5.87089370847582,5.87089370847582,613600
1995-08-16,5.829253673553467,5.995803778512137,5.745978621074132,5.995803778512137,2463200
1995-08-17,5.7667999267578125,5.829256243654106,5.745981154459048,5.787618699056577,732400
1995-08-18,5.745978355407715,5.8292534040368125,5.745978355407715,5.8292534040368125,645000
1995-08-21,5.72515869140625,5.829252485795455,5.662702414772728,5.787614968039773,900000
1995-08-22,5.7667999267578125,5.787618699056577,5.57943097606893,5.745981154459048,2679800
1995-08-23,5.745978355407715,5.8292534040368125,5.704340831093166,5.745978355407715,2116200
1995-08-24,5.745978355407715,5.787615879722264,5.704340831093166,5.745978355407715,1066600
1995-08-25,5.7876176834106445,5.829255220701368,5.7043426088291955,5.7043426088291955,865200
1995-08-28,5.6418867111206055,5.829255642486234,5.579430400665395,5.787618102182761,1605400
1995-08-29,5.621067047119141,5.662704580801504,5.579429513436777,5.621067047119141,1614600
1995-08-30,5.704341411590576,5.745978940142332,5.579428825935308,5.579428825935308,1146600
1995-08-31,5.621067047119141,5.745979648166232,5.621067047119141,5.621067047119141,791800
1995-09-01,5.808434963226318,5.8708912531534825,5.5794285668267145,5.621066093444824,1982000
1995-09-05,5.9749860763549805,5.995804843171548,5.787617175005869,5.787617175005869,1502800
1995-09-06,5.954168796539307,6.037443884602793,5.928145966857969,5.99580634057105,1759200
1995-09-07,5.954168796539307,6.037443884602793,5.954168796539307,5.954168796539307,1245200
1995-09-08,6.037441730499268,6.079079259675124,5.9541666721475535,5.9541666721475535,1197400
1995-09-11,5.9958038330078125,6.079078886244032,5.954166306389703,5.9958038330078125,1483200
1995-09-12,6.016622543334961,6.037441306460688,5.9958037802092345,5.9958037802092345,875200
1995-09-13,6.016622543334961,6.037441306460688,5.954166253957782,5.9958037802092345,1085000
1995-09-14,6.079079627990723,6.120717159689289,5.912529501196456,5.995804564593589,1901000
1995-09-15,6.079079627990723,6.203992223086423,6.037442096292156,6.203992223086423,1986200
1995-09-18,6.099898338317871,6.162354635297235,6.037442041338507,6.079079572658083,771800
1995-09-19,6.058258533477783,6.120714807018791,6.03743977563078,6.0790772913247855,624600
1995-09-20,5.9749860763549805,6.0790799104378195,5.954167309538412,6.037442376804684,750600
1995-09-21,5.933348655700684,5.995804957339638,5.870892354061729,5.9541674229136685,1259600
1995-09-22,5.7876176834106445,5.954167832573541,5.662705071538472,5.954167832573541,1494200
1995-09-25,5.621067047119141,5.766798415007415,5.579429513436777,5.745979648166232,1806200
1995-09-26,5.45451545715332,5.704340592595457,5.45451545715332,5.704340592595457,1357800
1995-09-27,5.621067047119141,5.662704580801504,5.454516912389685,5.496154446072048,2426200
1995-09-28,5.7876176834106445,5.829255220701368,5.579429996957024,5.579429996957024,1479800
1995-09-29,5.704341411590576,5.829253997245845,5.704341411590576,5.745978940142332,1603400
1995-10-02,5.704341411590576,5.745978940142332,5.66270388303882,5.704341411590576,1082600
1995-10-03,5.704341411590576,5.745978940142332,5.579428825935308,5.704341411590576,1000600
1995-10-04,5.621067047119141,5.704342114483868,5.621067047119141,5.704342114483868,1087400
1995-10-05,5.7876176834106445,5.829255220701368,5.662705071538472,5.662705071538472,1914400
1995-10-06,5.808434963226318,5.912528779771593,5.745978673299153,5.745978673299153,979200
1995-10-09,5.704341411590576,5.829253997245845,5.66270388303882,5.745978940142332,703000
1995-10-10,5.704341411590576,5.745978940142332,5.579428825935308,5.66270388303882,1042000
1995-10-11,5.829253673553467,5.829253673553467,5.662703568594797,5.704341094834464,1526200
1995-10-12,5.7876176834106445,5.829255220701368,5.74598014611992,5.7876176834106445,607200
1995-10-13,5.745978355407715,5.870890928351361,5.745978355407715,5.787615879722264,1367000
1995-10-16,5.7876176834106445,5.829255220701368,5.74598014611992,5.7876176834106445,998000
1995-10-17,5.870894908905029,5.870894908905029,5.745982251268752,5.745982251268752,1153200
1995-10-18,5.7876176834106445,5.912530295282816,5.7876176834106445,5.829255220701368,1607600
1995-10-19,5.912527084350586,5.954164599029111,5.78761454031501,5.78761454031501,1240800
1995-10-20,5.912527084350586,6.037439628386161,5.912527084350586,5.954164599029111,1364200
1995-10-23,5.7876176834106445,5.954167832573541,5.74598014611992,5.912530295282816,784000
1995-10-24,5.704341411590576,5.829253997245845,5.621066354487064,5.745978940142332,1720600
1995-10-25,5.621067047119141,5.704342114483868,5.621067047119141,5.704342114483868,924400
1995-10-26,5.496152877807617,5.621065443212336,5.454515356006045,5.621065443212336,3032200
1995-10-27,5.662703990936279,5.662703990936279,5.454516344210681,5.53779140290092,1323600
1995-10-30,5.745978355407715,5.8292534040368125,5.5794282581495205,5.5794282581495205,1347400
1995-10-31,5.662703990936279,5.829254108316759,5.662703990936279,5.745979049626519,1134200
1995-11-01,5.704341411590576,5.787616468694088,5.66270388303882,5.66270388303882,926400
1995-11-02,5.683522701263428,5.745978994683905,5.662703936789935,5.662703936789935,2030800
1995-11-03,5.662703990936279,5.7043415202814,5.57942893224604,5.662703990936279,2231200
1995-11-06,5.537792205810547,5.662704811956649,5.454517135046478,5.57942974119258,1635600
1995-11-07,5.579430103302002,5.621067641386345,5.496155027133315,5.496155027133315,2343400
1995-11-08,5.579430103302002,5.621067641386345,5.537792565217659,5.579430103302002,815600
1995-11-09,5.621067047119141,5.621067047119141,5.537791979754412,5.537791979754412,560600
1995-11-10,5.704341411590576,5.787616468694088,5.579428825935308,5.579428825935308,1008600
1995-11-13,5.6418867111206055,5.787618102182761,5.621067940968869,5.704343021575815,938800
1995-11-14,5.45451545715332,5.6627030700217675,5.45451545715332,5.621065547448078,1679800
1995-11-15,5.371241092681885,5.537791204082874,5.287966036981391,5.496153676232627,1959200
1995-11-16,5.329604148864746,5.454516746103764,5.267147850245237,5.329604148864746,2778600
1995-11-17,5.371241092681885,5.454516148382379,5.287966036981391,5.329603564831638,1552400
1995-11-20,5.246328830718994,5.371241421926589,5.246328830718994,5.329603891524058,1198400
1995-11-21,5.329604148864746,5.329604148864746,5.246329084038734,5.246329084038734,2172200
1995-11-22,5.329604148864746,5.412879213690758,5.28796661645174,5.28796661645174,989000
1995-11-24,5.496152877807617,5.496152877807617,5.329602790601326,5.329602790601326,1011600
1995-11-27,5.41287899017334,5.621066643641545,5.371241459479698,5.496154051560622,2474400
1995-11-28,5.496152877807617,5.496152877807617,5.371240312402899,5.371240312402899,1640000
1995-11-29,5.537792205810547,5.57942974119258,5.454517135046478,5.454517135046478,1061000
1995-11-30,5.537792205810547,5.662704811956649,5.4961546704285125,5.4961546704285125,1679200
1995-12-01,5.579430103302002,5.662705179470689,5.537792565217659,5.537792565217659,1692800
1995-12-04,5.704341411590576,5.745978940142332,5.579428825935308,5.579428825935308,3344800
1995-12-05,5.621067047119141,5.787617181848597,5.621067047119141,5.704342114483868,1064400
1995-12-06,5.683522701263428,5.70434146573692,5.62106640784295,5.62106640784295,5040000
1995-12-07,5.600246906280518,5.704340714947442,5.5794281445471325,5.662703191480672,2117200
1995-12-08,5.621067047119141,5.621067047119141,5.579429513436777,5.579429513436777,965200
1995-12-11,5.579430103302002,5.621067641386345,5.537792565217659,5.579430103302002,1058200
1995-12-12,5.662703990936279,5.662703990936279,5.57942893224604,5.62106646159116,1306600
1995-12-13,5.621067047119141,5.704342114483868,5.579429513436777,5.621067047119141,1223600
1995-12-14,5.41287899017334,5.621066643641545,5.41287899017334,5.621066643641545,1103200
1995-12-15,5.371241092681885,5.537791204082874,5.329603564831638,5.412878620532132,3007000
1995-12-18,5.41287899017334,5.496154051560622,5.3296039287860575,5.371241459479698,1434600
1995-12-19,4.871589660644531,5.371239882249099,4.538489512908153,5.371239882249099,8164600
1995-12-20,4.788315773010254,5.038140943776006,4.746678244549295,4.996503415315048,14253000
1995-12-21,4.954867362976074,4.996504903841419,4.788317199514694,4.871592281245384,3020000
1995-12-22,5.038141250610352,5.038141250610352,4.913228657620012,4.913228657620012,1211800
1995-12-26,4.9965033531188965,5.038140881061555,4.913228297233582,4.9965033531188965,769000
1995-12-27,4.871589660644531,4.954864697578626,4.829952142177484,4.954864697578626,1299400
1995-12-28,4.913228988647461,4.996504056251656,4.8715914548453645,4.8715914548453645,1682800
1995-12-29,5.079780101776123,5.163055185411798,4.871592392686938,4.954867476322612,2655000
1996-01-02,5.121416091918945,5.163053621121539,4.996503504311167,5.079778562716353,1247200
1996-01-03,5.079780101776123,5.204692727229634,5.079780101776123,5.079780101776123,2239800
1996-01-04,5.329604148864746,5.496154278516769,5.079778954386711,5.121416486799717,3860000
1996-01-05,5.433697700500488,5.454516465636505,5.329603874820402,5.329603874820402,2828600
1996-01-08,5.45451545715332,5.45451545715332,5.329602889432252,5.45451545715332,333400
1996-01-09,5.371241092681885,5.454516148382379,5.371241092681885,5.454516148382379,1278200
1996-01-10,5.371241092681885,5.412878620532132,5.308784800906515,5.329603564831638,1423200
1996-01-11,5.41287899017334,5.41287899017334,5.3296039287860575,5.371241459479698,596000
1996-01-12,5.329604148864746,5.412879213690758,5.329604148864746,5.371241681277752,879200
1996-01-15,5.267146587371826,5.4128779158761855,5.246327826156918,5.4128779158761855,860000
1996-01-16,5.329604148864746,5.329604148864746,5.204691551625729,5.246329084038734,1308000
1996-01-17,5.038141250610352,5.3296039675878095,4.913228657620012,5.3296039675878095,4298800
1996-01-18,4.9965033531188965,5.121415936946869,4.954865825176239,5.038140881061555,2764800
1996-01-19,4.913228988647461,4.996504056251656,4.8715914548453645,4.996504056251656,3011600
1996-01-22,4.954867362976074,4.954867362976074,4.871592281245384,4.913229822110729,1396400
1996-01-23,5.038141250610352,5.038141250610352,4.913228657620012,4.913228657620012,2453600
1996-01-24,5.038141250610352,5.079778781607131,4.996503719613571,4.996503719613571,2666800
1996-01-25,4.954867362976074,5.038142444706765,4.954867362976074,5.038142444706765,1388400
1996-01-26,5.038141250610352,5.038141250610352,4.9548661886167915,4.9548661886167915,2062800
1996-01-29,5.038141250610352,5.079778781607131,4.980889963158931,5.038141250610352,1350200
1996-01-30,5.142234802246094,5.1630535666276565,4.996503451575151,4.996503451575151,2009600
1996-01-31,5.204691410064697,5.204691410064697,5.121416347503662,5.16305387878418,1121800
1996-02-01,5.371241092681885,5.371241092681885,5.163053453430649,5.204690981280897,1692600
1996-02-02,5.329604148864746,5.454516746103764,5.329604148864746,5.329604148864746,760800
1996-02-05,5.41287899017334,5.41287899017334,5.3296039287860575,5.3296039287860575,2048200
1996-02-06,5.371241092681885,5.454516148382379,5.329603564831638,5.371241092681885,1694800
1996-02-07,5.371241092681885,5.412878620532132,5.329603564831638,5.412878620532132,1621400
1996-02-08,5.496152877807617,5.53779039960919,5.412877834204472,5.454515356006045,3779400
1996-02-09,5.45451545715332,5.537790502300699,5.4128779345796305,5.496152979727009,2810600
1996-02-12,5.683522701263428,5.70434146573692,5.454516292055011,5.454516292055011,4076400
1996-02-13,5.745978355407715,5.8292534040368125,5.621065782464069,5.662703306778618,3070400
1996-02-14,5.829253673553467,5.870891199793134,5.745978621074132,5.745978621074132,6181600
1996-02-15,5.954168796539307,5.954168796539307,5.787618620412333,5.829256164444077,4284600
1996-02-16,5.912527084350586,5.954164599029111,5.78761454031501,5.954164599029111,2549800
1996-02-20,5.9958038330078125,6.016622596316867,5.745978673299153,5.829253726535373,2736000
1996-02-21,5.954168796539307,6.037443884602793,5.912531252507564,5.99580634057105,2190400
1996-02-22,5.9958038330078125,6.037441359625922,5.912528779771593,5.912528779771593,2792000
1996-02-23,5.933348655700684,6.037442491765607,5.891711121274714,5.995804957339638,1772000
1996-02-26,5.7876176834106445,5.912530295282816,5.7876176834106445,5.870892757992092,1666800
1996-02-27,5.662703990936279,5.829254108316759,5.662703990936279,5.7876165789716385,2100800
1996-02-28,5.704341411590576,5.787616468694088,5.66270388303882,5.745978940142332,1440800
1996-02-29,5.745978355407715,5.787615879722264,5.621065782464069,5.704340831093166,1839800
1996-03-01,5.870894908905029,5.870894908905029,5.745982251268752,5.745982251268752,1650600
1996-03-04,5.9958038330078125,6.079078886244032,5.8708912531534825,5.8708912531534825,3724400
1996-03-05,5.9958038330078125,6.079078886244032,5.954166306389703,5.9958038330078125,3376800
1996-03-06,6.079079627990723,6.120717159689289,5.995804564593589,6.037442096292156,5416200
1996-03-07,5.9958038330078125,6.079078886244032,5.912528779771593,6.037441359625922,1743200
1996-03-08,5.829253673553467,5.954166252272469,5.787616147313799,5.912528726032802,1935800
1996-03-11,5.7876176834106445,5.870892757992092,5.7043426088291955,5.870892757992092,1335800
1996-03-12,5.912527084350586,5.954164599029111,5.78761454031501,5.78761454031501,1126200
1996-03-13,6.162353992462158,6.162353992462158,5.912528830605584,5.95416635758168,2587600
1996-03-14,6.287265777587891,6.495453386117291,6.079078169058491,6.079078169058491,4573000
1996-03-15,6.287265777587891,6.3705408209996515,6.203990734176131,6.2872657775878915,2749400
1996-03-18,6.495454788208008,6.495454788208008,6.245629604046161,6.245629604046161,3123200
1996-03-19,6.453818321228027,6.620368471453267,6.412180783671718,6.453818321228027,4666200
1996-03-20,6.245628833770752,6.45381646156311,6.20399130821228,6.370541410446167,1271000
1996-03-21,6.287265777587891,6.412178342705531,6.2872657775878915,6.3289032992937715,3550000
1996-03-22,6.245628833770752,6.370541410446167,6.20399130821228,6.287266359329224,2220200
1996-03-25,6.120718479156494,6.245631101180096,6.120718479156494,6.203993560505562,804600
1996-03-26,6.120718479156494,6.203993560505562,6.07908093848196,6.120718479156494,714000
1996-03-27,6.245628833770752,6.287266359329224,6.120716257095337,6.120716257095337,1069600
1996-03-28,6.203990936279297,6.370541028528406,6.162353413217019,6.245628459341574,3033800
1996-03-29,6.245628833770752,6.287266359329224,6.20399130821228,6.287266359329224,2335000
1996-04-01,6.18317174911499,6.2872655496051415,6.16235298901696,6.2872655496051415,1444400
1996-04-02,6.037441730499268,6.245629376378552,6.037441730499268,6.245629376378552,1233200
1996-04-03,6.079079627990723,6.203992223086423,5.995804564593589,6.037442096292156,4121600
1996-04-04,6.079079627990723,6.162354691387856,6.037442096292156,6.162354691387856,2347600
1996-04-08,5.912527084350586,5.9958021137076365,5.7043395109579595,5.954164599029111,4293800
1996-04-09,5.870894908905029,6.037445119086732,5.829257356359603,5.995807566541306,1519200
1996-04-10,5.829253673553467,6.079078830991473,5.829253673553467,5.870891199793134,1698400
1996-04-11,6.037441730499268,6.162354318026838,5.912529142971696,5.912529142971696,2627400
1996-04-12,6.203990936279297,6.203990936279297,6.037440844030188,6.037440844030188,2159400
1996-04-15,6.287265777587891,6.2872657775878915,6.162353212470251,6.203990734176131,1457400
1996-04-16,6.203990936279297,6.287265982403851,6.1207158901547425,6.203990936279297,2166000
1996-04-17,6.203990936279297,6.203990936279297,6.1207158901547425,6.203990936279297,808400
1996-04-18,6.245628833770752,6.245628833770752,6.120716257095337,6.120716257095337,1492800
1996-04-19,6.245628833770752,6.328903884887695,6.162353782653809,6.245628833770752,2122800
1996-04-22,6.287265777587891,6.3289032992937715,6.245628255882011,6.3289032992937715,806200
1996-04-23,6.370543003082275,6.370543003082276,6.203992859210844,6.28726793114656,1690000
1996-04-24,6.287265777587891,6.3705408209996515,6.245628255882011,6.3289032992937715,1282200
1996-04-25,6.328907012939453,6.370544559077213,6.245631920663934,6.245631920663934,1308600
1996-04-26,6.287265777587891,6.3705408209996515,6.2872657775878915,6.2872657775878915,1342000
1996-04-29,6.245628833770752,6.328903884887695,6.162353782653809,6.287266359329224,1602800
1996-04-30,6.328907012939453,6.328907012939453,6.120719282250655,6.162356828388415,1443800
1996-05-01,6.453818321228027,6.453818321228027,6.245630633446479,6.328905708559098,2614000
1996-05-02,6.162353992462158,6.453816681294827,6.162353992462158,6.453816681294827,2008400
1996-05-03,6.328907012939453,6.370544559077213,6.162356828388415,6.203994374526174,2616400
1996-05-06,6.3080878257751465,6.4121816842862875,6.287269054072918,6.287269054072918,1176400
1996-05-07,6.079079627990723,6.328904818182122,6.079079627990723,6.328904818182122,1538800
1996-05-08,6.162353992462158,6.162353992462158,5.995803884557776,6.079078938509967,2002600
1996-05-09,6.4121809005737305,6.495455977204559,6.162355670681247,6.162355670681247,3168200
1996-05-10,6.620367527008057,6.620367527008057,6.370542337309639,6.412179868926042,3469000
1996-05-13,6.91182804107666,6.91182804107666,6.578727894518749,6.6203654128384875,3716000
1996-05-14,6.932647228240967,7.036741030466807,6.8701909469054625,6.911828467795798,3739000
1996-05-15,6.70364236831665,6.911830019506609,6.6620048380786585,6.870192489268617,4272200
1996-05-16,6.786918640136719,6.786918640136719,6.578730951788967,6.662006027128068,1974400
1996-05-17,6.745278835296631,6.828553882645972,6.662003787947289,6.828553882645972,1931600
1996-05-20,6.745278835296631,6.828553882645972,6.7036413116219595,6.745278835296631,843400
1996-05-21,6.786918640136719,6.87019371547582,6.703643564797618,6.703643564797618,1330400
1996-05-22,6.953469753265381,6.953469753265381,6.745282036101747,6.745282036101747,2201600
1996-05-23,6.620367527008057,6.995105311555682,6.578729995391654,6.953467779939279,2515600
1996-05-24,6.578729629516602,6.745279746719553,6.578729629516602,6.578729629516602,1279800
1996-05-28,6.578729629516602,6.703642217418815,6.578729629516602,6.662004688118078,2552800
1996-05-29,6.578729629516602,6.662004688118078,6.578729629516602,6.662004688118078,1438200
1996-05-30,6.620367527008057,6.620367527008057,6.5370924637752506,6.578729995391654,506600
1996-05-31,6.662003517150879,6.662003517150879,6.578728473186493,6.578728473186493,925800
1996-06-03,6.786918640136719,6.82855617780627,6.537093414119417,6.662006027128068,2223800
1996-06-04,6.745278835296631,6.870191406320642,6.662003787947289,6.786916358971301,1437200
1996-06-05,6.974283695220947,6.995102452520115,6.786914879528444,6.870189908725113,5190400
1996-06-06,6.91182804107666,7.0783781143556155,6.91182804107666,6.953465559396399,4661000
1996-06-07,6.870190620422363,6.953465658245664,6.745278063687411,6.953465658245664,2291200
1996-06-10,6.745278835296631,6.870191406320642,6.745278835296631,6.870191406320642,1725200
1996-06-11,6.828559398651123,6.828559398651123,6.703646726724578,6.786921841342275,1549600
1996-06-12,6.828559398651123,6.870196955959972,6.745284284033427,6.786921841342275,3316000
1996-06-13,6.745278835296631,6.828553882645972,6.662003787947289,6.745278835296631,1579600
1996-06-14,6.745278835296631,6.828553882645972,6.662003787947289,6.745278835296631,864400
1996-06-17,6.578729629516602,6.911829863922505,6.5370921002158635,6.745279746719553,1217000
1996-06-18,6.620367527008057,6.66200505862446,6.5370924637752506,6.5370924637752506,1133000
1996-06-19,6.786918640136719,6.87019371547582,6.495455876449866,6.578730951788967,14339200
1996-06-20,6.91182804107666,6.995103077716138,6.745277967797704,6.786915486117443,5163200
1996-06-21,6.91182804107666,7.0783781143556155,6.91182804107666,6.91182804107666,5867400
1996-06-24,6.89100980758667,6.99510361132665,6.870191046838674,6.953466089830658,4768800
1996-06-25,6.91182804107666,6.953465559396399,6.87019052275692,6.87019052275692,2551800
1996-06-26,6.7660980224609375,6.911829364483173,6.537091627854568,6.870191838191106,4776200
1996-06-27,7.036745548248291,7.03674554824829,6.703645167266123,6.703645167266123,3954200
1996-06-28,7.2032904624938965,7.286565496742381,6.995102876872686,7.036740393996928,4156800
1996-07-01,6.995102882385254,7.203290468170529,6.953465365228199,7.120015433856419,1858600
1996-07-02,7.036745548248291,7.078383095871062,6.786920262511665,6.9534704530027485,2064400
1996-07-03,7.078381061553955,7.244931204178754,7.036743525897755,7.036743525897755,2668600
1996-07-05,6.828559398651123,7.036747185195365,6.828559398651123,6.995109627886516,733800
1996-07-08,6.745278835296631,6.870191406320642,6.7036413116219595,6.786916358971301,4206200
1996-07-09,6.745278835296631,6.870191406320642,6.7036413116219595,6.828553882645972,3310200
1996-07-10,6.662003517150879,6.7869160830974575,6.620365995168686,6.745278561115264,3285200
1996-07-11,6.70364236831665,6.828554959030625,6.6620048380786585,6.70364236831665,3923800
1996-07-12,6.91182804107666,6.91182804107666,6.745277967797704,6.745277967797704,1817200
1996-07-15,6.786918640136719,6.9951063284844714,6.786918640136719,6.87019371547582,3120600
1996-07-16,6.620367527008057,6.828555185090071,6.308086039885035,6.786917653473668,3808200
1996-07-17,6.995102882385254,7.0367403995423095,6.578727710814703,6.662002745128813,3298600
1996-07-18,6.953469753265381,7.078382383563562,6.870194666399928,7.036744840130835,3242800
1996-07-19,6.870190620422363,6.953465658245664,6.786915582599061,6.9118281393340135,3065600
1996-07-22,6.995102882385254,6.995102882385254,6.786915296599979,6.870190330914089,1943400
1996-07-23,6.870190620422363,6.995103177157315,6.745278063687411,6.995103177157315,2182000
1996-07-24,6.786918640136719,6.87019371547582,6.745281102467168,6.745281102467168,3131200
1996-07-25,6.70364236831665,6.828554959030625,6.70364236831665,6.786917428792634,3294200
1996-07-26,6.70364236831665,6.745279898554642,6.6620048380786585,6.70364236831665,3888200
1996-07-29,6.578729629516602,6.745279746719553,6.578729629516602,6.662004688118078,2505800
1996-07-30,6.745278835296631,6.745278835296631,6.578728740597948,6.662003787947289,1905800
1996-07-31,6.828559398651123,6.870196955959972,6.703646726724578,6.703646726724578,3251400
1996-08-01,6.953469753265381,6.974288524981745,6.786919579534474,6.786919579534474,2257600
1996-08-02,7.036745548248291,7.078383095871062,6.870195357757207,6.9534704530027485,3788600
1996-08-05,7.12001895904541,7.244931572361996,7.036743883501019,7.036743883501019,2848600
1996-08-06,7.036745548248291,7.120020643493833,6.870195357757207,7.078383095871062,1716600
1996-08-07,7.036745548248291,7.120020643493833,6.9534704530027485,6.995108000625519,2436000
1996-08-08,6.953469753265381,7.078382383563562,6.932650981549018,6.953469753265381,2107400
1996-08-09,6.995102882385254,6.995102882385254,6.953465365228199,6.953465365228199,1239000
1996-08-12,7.036745548248291,7.03674554824829,6.9534704530027485,6.9534704530027485,3291800
1996-08-13,7.036745548248291,7.03674554824829,6.9534704530027485,6.995108000625519,1667000
1996-08-14,6.870190620422363,7.036740696068966,6.870190620422363,6.953465658245664,1706800
1996-08-15,6.786918640136719,6.953468790814921,6.745281102467168,6.87019371547582,1378400
1996-08-16,6.870190620422363,6.9118281393340135,6.7036405447757605,6.828553101510712,1125000
1996-08-19,6.91182804107666,6.953465559396399,6.87019052275692,6.87019052275692,1132800
1996-08-20,6.870190620422363,6.9118281393340135,6.786915582599061,6.870190620422363,731600
1996-08-21,6.828559398651123,6.870196955959972,6.745284284033427,6.828559398651123,735000
1996-08-22,6.870190620422363,6.870190620422363,6.786915582599061,6.828553101510712,2064400
1996-08-23,6.828559398651123,6.953472070577669,6.828559398651123,6.828559398651123,1297400
1996-08-26,6.870190620422363,6.9118281393340135,6.786915582599061,6.828553101510712,771800
1996-08-27,6.953469753265381,6.953469753265381,6.870194666399928,6.870194666399928,1215600
1996-08-28,6.953469753265381,6.995107296698108,6.870194666399928,6.953469753265381,1480000
1996-08-29,6.745278835296631,6.953466453669983,6.745278835296631,6.870191406320642,812600
1996-08-30,6.620367527008057,6.786917653473668,6.620367527008057,6.745280121857265,1275200
1996-09-03,6.870190620422363,6.9118281393340135,6.578727988040808,6.620365506952458,1438000
1996-09-04,7.036745548248291,7.03674554824829,6.786920262511665,6.870195357757207,1893600
1996-09-05,7.036745548248291,7.286570833984916,6.9534704530027485,6.9534704530027485,4677000
1996-09-06,7.12001895904541,7.244931572361996,7.036743883501019,7.036743883501019,2299000
1996-09-09,7.369843006134033,7.369843006134033,7.120017819485422,7.120017819485422,2165000
1996-09-10,7.161656379699707,7.369844065156094,7.161656379699708,7.369844065156094,1713000
1996-09-11,7.078381061553955,7.120018597210155,6.870193383272957,6.911830918929156,4778600
1996-09-12,6.995102882385254,7.078377916699364,6.911827848071144,7.0367403995423095,2824000
1996-09-13,7.12001895904541,7.12001895904541,6.953468807956629,6.953468807956629,2935000
1996-09-16,6.870190620422363,7.1200157338922665,6.828553101510712,7.1200157338922665,2657600
1996-09-17,6.745278835296631,6.870191406320642,6.578728740597948,6.870191406320642,3949800
1996-09-18,6.620367527008057,6.745280121857265,6.620367527008057,6.66200505862446,2765000
1996-09-19,6.70364236831665,6.745279898554642,6.578729777602676,6.6620048380786585,1539200
1996-09-20,6.662003517150879,6.703641039133071,6.620365995168686,6.703641039133071,2463000
1996-09-23,6.620367527008057,6.703642590240863,6.5370924637752506,6.578729995391654,1570600
1996-09-24,6.70364236831665,6.70364236831665,6.6203673078406675,6.6203673078406675,3138400
1996-09-25,6.620367527008057,6.745280121857265,6.620367527008057,6.703642590240863,2014400
1996-09-26,6.620367527008057,6.66200505862446,6.5370924637752506,6.66200505862446,3339400
1996-09-27,6.786918640136719,6.786918640136719,6.578730951788967,6.578730951788967,2295200
1996-09-30,6.828559398651123,6.91183451326882,6.703646726724578,6.745284284033427,1422200
1996-10-01,6.870190620422363,6.870190620422363,6.7036405447757605,6.828553101510712,2954400
1996-10-02,6.786918640136719,6.87019371547582,6.703643564797618,6.87019371547582,2732800
1996-10-03,6.70364236831665,6.828554959030625,6.70364236831665,6.745279898554642,3587000
1996-10-04,6.70364236831665,6.786917428792634,6.6620048380786585,6.745279898554642,1786000
1996-10-07,6.828559398651123,6.828559398651123,6.662009169415731,6.662009169415731,2998000
1996-10-08,6.932647228240967,6.953465988686134,6.828553426015127,6.8701909469054625,3743000
1996-10-09,6.91182804107666,6.953465559396399,6.828553004437182,6.91182804107666,747600
1996-10-10,7.036745548248291,7.120020643493833,6.870195357757207,6.870195357757207,3638000
1996-10-11,7.2865705490112305,7.28657054901123,7.07838281903948,7.07838281903948,3588000
1996-10-14,7.328202724456787,7.328202724456787,7.161652662537315,7.328202724456787,1368600
1996-10-15,7.2032904624938965,7.328203013866624,7.120015428245412,7.307384255304502,2114600
1996-10-16,7.12001895904541,7.203294034589801,7.036743883501019,7.12001895904541,2446000
1996-10-17,6.995102882385254,7.120015433856419,6.995102882385254,7.078377916699364,1909400
1996-10-18,6.828559398651123,7.036747185195365,6.786921841342275,6.995109627886516,2794000
1996-10-21,6.828559398651123,6.91183451326882,6.828559398651123,6.828559398651123,2088400
1996-10-22,6.70364236831665,6.870192489268617,6.70364236831665,6.828554959030625,774600
1996-10-23,6.70364236831665,6.745279898554642,6.537092247364684,6.70364236831665,2062200
1996-10-24,6.786918640136719,6.82855617780627,6.662006027128068,6.662006027128068,1067200
1996-10-25,6.745278835296631,6.870191406320642,6.745278835296631,6.786916358971301,1047600
1996-10-28,6.7660980224609375,6.870191838191106,6.745279259314904,6.786916785606971,1580600
1996-10-29,6.70364236831665,6.786917428792634,6.495454717126693,6.786917428792634,4466200
1996-10-30,6.370543003082275,6.745280826792998,6.370543003082276,6.745280826792998,9439000
1996-10-31,6.620367527008057,6.703642590240863,6.287267274076834,6.412179868926042,8249800
1996-11-01,6.620367527008057,6.703642590240863,6.495454932158848,6.620367527008057,2531200
1996-11-04,6.70364236831665,6.70364236831665,6.578729777602676,6.578729777602676,1137000
1996-11-05,6.870190620422363,6.870190620422363,6.662003025864109,6.7036405447757605,5133200
1996-11-06,7.12001895904541,7.12001895904541,6.828556194640043,6.828556194640043,2960400
1996-11-07,7.2032904624938965,7.2032904624938965,7.036740393996928,7.161652945369655,4453000
1996-11-08,7.4114813804626465,7.4114813804626465,7.1200186295455765,7.161656165390872,5337800
1996-11-11,7.2865705490112305,7.411483186994279,7.24493300301688,7.369845640999929,2726800
1996-11-12,7.328202724456787,7.369840239936655,7.2449276934970515,7.328202724456787,3087000
1996-11-13,7.161656379699707,7.369844065156094,6.953468694243321,7.328206528064817,3282000
1996-11-14,7.12001895904541,7.1616564968176055,7.078381421273215,7.1616564968176055,717000
1996-11-15,6.91182804107666,7.203290669314832,6.828553004437182,7.0783781143556155,1982600
1996-11-18,6.870190620422363,6.953465658245664,6.828553101510712,6.828553101510712,1383200
1996-11-19,7.036745548248291,7.03674554824829,6.870195357757207,6.911832905379978,1700200
1996-11-20,7.328202724456787,7.49475278637626,7.161652662537315,7.411477755416524,5257400
1996-11-21,7.2865705490112305,7.369845640999929,7.28657054901123,7.28657054901123,4135800
1996-11-22,7.4114813804626465,7.453118916307942,7.286568772926759,7.286568772926759,4826000
1996-11-25,7.619662761688232,7.619662761688232,7.369837753108291,7.411475254538281,5463800
1996-11-26,7.786217212677002,7.786217212677002,7.5780295866695955,7.5780295866695955,6004400
1996-11-27,7.744581699371338,7.786219235389463,7.702944163353211,7.744581699371337,2199200
1996-11-29,7.744581699371338,7.786219235389463,7.744581699371337,7.744581699371337,109600
1996-12-02,7.869498252868652,7.890317031315394,7.744585582188197,7.786223139081682,8606000
1996-12-03,7.827856063842773,7.911131128351739,7.786218531588291,7.827856063842773,8173200
1996-12-04,7.744581699371338,7.827856771407588,7.744581699371337,7.786219235389463,5465400
1996-12-05,7.661305904388428,7.827856032744698,7.61966837229936,7.786218500655631,2360800
1996-12-06,7.702945232391357,7.744582774188067,7.494757523407807,7.578032607001227,3495600
1996-12-09,7.827856063842773,7.911131128351739,7.702943467079325,7.744580999333808,2116200
1996-12-10,7.827856063842773,7.911131128351739,7.786218531588291,7.827856063842773,3892000
1996-12-11,7.827856063842773,7.911131128351739,7.744580999333808,7.744580999333808,3786200
1996-12-12,7.786217212677002,7.869492263079964,7.74457968747552,7.786217212677002,3295600
1996-12-13,7.827856063842773,7.827856063842773,7.744580999333808,7.827856063842773,1575400
1996-12-16,7.702945232391357,7.8278578577814875,7.619670148797937,7.786220315984777,2535800
1996-12-17,8.036042213439941,8.119317262283879,7.786217066908129,7.911129640174035,6423400
1996-12-18,8.077682495117188,8.160957572386437,8.036044956482563,8.036044956482563,4773800
1996-12-19,8.285868644714355,8.327506175592317,8.056862224885567,8.119318521202509,5666600
1996-12-20,8.202593803405762,8.41078146339068,8.202593803405762,8.327506399396713,5823000
1996-12-23,8.202593803405762,8.244231335402745,8.119318739411796,8.202593803405762,3050800
1996-12-24,8.452420234680176,8.452420234680176,8.20259500606894,8.20259500606894,2451200
1996-12-26,8.53569507598877,8.660607686856897,8.41078246512064,8.494057539032726,2316600
1996-12-27,8.452420234680176,8.535695310883922,8.452420234680176,8.49405777278205,3472200
1996-12-30,8.410778999328613,8.494054038925926,8.369141479529956,8.494054038925926,1921400
1996-12-31,8.369144439697266,8.45241950874898,8.327506905171408,8.45241950874898,1790800
1997-01-02,8.119318008422852,8.410780706161107,8.036042951926207,8.410780706161107,2793200
1997-01-03,8.036042213439941,8.07767973786191,7.911129640174035,8.07767973786191,6383600
1997-01-06,8.223409652709961,8.244228411324416,8.03604082517986,8.03604082517986,4786000
1997-01-07,8.410778999328613,8.410778999328613,8.160953880536674,8.244228920133986,5733200
1997-01-08,8.49405574798584,8.535693276162242,8.369143163456636,8.410780691633038,4754800
1997-01-09,8.868793487548828,8.868793487548828,8.535693262664365,8.577330790774923,10407400
1997-01-10,8.785517692565918,8.868792741784553,8.702242643347283,8.785517692565918,5776600
1997-01-13,8.577329635620117,8.785517248135168,8.452417068111085,8.785517248135168,3376600
1997-01-14,8.827156066894531,8.868793595511958,8.494055837955115,8.577330895189968,3968200
1997-01-15,8.910429000854492,9.035341556941237,8.785516444767746,8.827153963463328,5313800
1997-01-16,8.972886085510254,9.07697989160666,8.868792279413848,8.868792279413848,6889400
1997-01-17,8.889610290527344,8.99370408784031,8.827154012139564,8.952066568915123,3261000
1997-01-20,8.952066421508789,9.03534145798794,8.868791385029636,8.910428903269212,2857200
1997-01-21,9.20189380645752,9.32680639206554,8.95206863524148,8.95206863524148,4781200
1997-01-22,9.20189380645752,9.285168863529535,9.076981220849499,9.160256277921514,3338200
1997-01-23,8.452420234680176,9.285170996717632,8.452420234680176,9.201895920513886,2712000
1997-01-24,8.785517692565918,8.827155217175235,8.410779971082064,8.452417495691382,5053200
1997-01-27,8.952066421508789,9.076978976227515,8.660603793831758,8.785516348550486,5611600
1997-01-28,8.702247619628906,8.993710458563845,8.61897252279035,8.952072910144569,4357200
1997-01-29,8.327505111694336,8.702242841720581,8.285867586135865,8.702242841720581,5337200
1997-01-30,8.452420234680176,8.49405777278205,8.285870082272686,8.410782696578304,4254200
1997-01-31,8.868793487548828,8.910431015659386,8.41078067833269,8.41078067833269,3737800
1997-02-03,8.556511878967285,8.910430861795616,8.535693115271501,8.868793334404048,2817800
1997-02-04,8.577329635620117,8.660604680626138,8.285866978099046,8.535692113117106,2407200
1997-02-05,8.827156066894531,8.868793595511958,8.577330895189968,8.618968423807395,3844400
1997-02-06,8.702247619628906,8.827160264886738,8.535697425951797,8.78552271646746,3763600
1997-02-07,8.743882179260254,8.743882179260254,8.535694508325486,8.7022446450733,2018400
1997-02-10,8.53569507598877,8.743882760768983,8.53569507598877,8.743882760768983,1358600
1997-02-11,8.827156066894531,8.910431124129385,8.452418309337688,8.535693366572541,3243600
1997-02-12,8.785517692565918,8.785517692565918,8.535692544910015,8.7438801679566,3866400
1997-02-13,9.076980590820312,9.076980590820312,8.743880385652595,8.743880385652595,2382200
1997-02-14,8.952066421508789,9.076978976227515,8.910428903269212,8.993703939748364,2037400
1997-02-18,8.993709564208984,9.076984652766475,8.910434475651494,8.993709564208984,2975000
1997-02-19,8.868793487548828,8.993706071880501,8.827155959438269,8.993706071880501,1334400
1997-02-20,8.598150253295898,8.910431739493086,8.577331487549419,8.868794208000129,2827400
1997-02-21,8.49405574798584,8.618968332515044,8.45241821980944,8.577330804338644,2783400
1997-02-24,8.327505111694336,8.494055213928222,8.119317483901977,8.452417688369751,4254800
1997-02-25,8.369144439697266,8.410781974223122,8.202594301593837,8.369144439697266,4436800
1997-02-26,8.577329635620117,8.577329635620117,8.285866978099046,8.327504500602055,5173600
1997-02-27,8.660603523254395,8.74387855713184,8.535690972438225,8.577328489376947,5591400
1997-02-28,8.53569507598877,8.660607686856897,8.494057539032726,8.577332612944812,4198200
1997-03-03,8.660603523254395,8.702241040193117,8.494053455499502,8.535690972438225,2873800
1997-03-04,8.702247619628906,8.78552271646746,8.577334974371075,8.743885168048182,1902600
1997-03-05,8.910429000854492,8.993704038245655,8.660603888681,8.702241407376583,7570400
1997-03-06,8.806337356567383,9.118618823112326,8.660606005513076,8.95206870762169,4054000
1997-03-07,8.931248664855957,9.03534247213866,8.785517334660172,8.827154857573253,4373000
1997-03-10,9.181076049804688,9.201894816357532,8.910432084617701,8.910432084617701,4756000
1997-03-11,9.826457977294922,9.86809551109702,9.326807571669757,9.368445105471855,9820800
1997-03-12,9.784818649291992,9.909731227793591,9.618268544623191,9.784818649291992,5831200
1997-03-13,9.61827278137207,10.117923315469321,9.576635236863966,9.868098048420697,15093400
1997-03-14,9.784818649291992,9.82645617545919,9.576631018455991,9.701543596957592,3894800
1997-03-17,9.993006706237793,10.034644234180451,9.618268954753876,9.784819066524506,10080200
1997-03-18,9.868098258972168,10.034648440558197,9.868098258972168,10.034648440558197,4265000
1997-03-19,9.784818649291992,9.909731227793591,9.618268544623191,9.86809370162639,5550400
1997-03-20,9.951367378234863,9.993004898645887,9.701542255768716,9.784817296590765,6280200
1997-03-21,9.951367378234863,10.034642419056912,9.868092337412813,10.034642419056912,3170000
1997-03-24,9.70154857635498,9.909736314045002,9.659911028816976,9.909736314045002,2448600
1997-03-25,9.70154857635498,9.784823671430988,9.659911028816976,9.743186123892984,2019800
1997-03-26,9.70154857635498,9.826461218968992,9.618273481278973,9.743186123892984,5234600
1997-03-27,9.285171508789062,9.743184453168793,9.285171508789062,9.701546912770635,1774600
1997-03-31,9.20189380645752,9.701544148889603,9.20189380645752,9.32680639206554,4485600
1997-04-01,9.368444442749023,9.576632097032334,9.076981726752386,9.160256788465711,2998000
1997-04-02,8.952066421508789,9.451716640383697,8.827153866790061,9.368441603904547,2928200
1997-04-03,9.576631546020508,9.659906602942426,8.868793562184209,8.952068619106127,2832600
1997-04-04,9.743179321289062,9.826454358223156,9.451716692019732,9.451716692019732,4409600
1997-04-07,9.70154857635498,9.868098766506996,9.618273481278973,9.743186123892984,1917000
1997-04-08,9.826457977294922,9.86809551109702,9.659907842086534,9.659907842086534,2377800
1997-04-09,9.826457977294922,9.86809551109702,9.659907842086534,9.86809551109702,3329000
1997-04-10,9.743179321289062,9.909729395157251,9.743179321289062,9.868091876690205,1524600
1997-04-11,9.326804161071777,9.74317934683391,9.326804161071777,9.74317934683391,1732200
1997-04-14,9.076980590820312,9.368443270342066,8.952068013882418,9.3268057446961,3091800
1997-04-15,9.118619918823242,9.243532520450957,8.95206978331962,9.118619918823242,4507400
1997-04-16,9.534991264343262,9.618266297219622,9.07697858352328,9.07697858352328,2629000
1997-04-17,9.368444442749023,9.618269627888997,9.32680691189236,9.49335703531901,4472800
1997-04-18,9.326804161071777,9.451716716800417,9.24352912391935,9.451716716800417,2497600
1997-04-21,9.493353843688965,9.576628877405534,9.28516625939754,9.326803776255826,2902200
1997-04-22,9.784818649291992,9.784818649291992,9.451718439954393,9.534993492288791,4821200
1997-04-23,9.743179321289062,9.826454358223156,9.61826676588792,9.78481683975611,4599000
1997-04-24,9.784818649291992,9.84727493854279,9.701543596957592,9.784818649291992,2951800
1997-04-25,9.868098258972168,9.951373349765182,9.784823168179155,9.784823168179155,2162000
1997-04-28,9.743179321289062,9.909729395157251,9.61826676588792,9.826454358223156,1568000
1997-04-29,9.576631546020508,9.86809424524722,9.410081432176673,9.82645671678626,2602000
1997-04-30,9.61827278137207,9.826460503912593,9.41008505883155,9.493360147847758,3788800
1997-05-01,9.285171508789062,9.61827183197432,9.16025888759459,9.61827183197432,3896800
1997-05-02,9.41008186340332,9.41008186340332,9.118619150820031,9.243531741927155,3460200
1997-05-05,9.993006706237793,10.013825470209122,9.326806259155275,9.368443787097931,4750800
1997-05-06,9.70154857635498,10.117924051735022,9.659911028816976,9.909736314045002,4209200
1997-05-07,9.826457977294922,9.86809551109702,9.493357706878145,9.659907842086534,2629400
1997-05-08,10.617570877075195,10.700845942777747,9.78482022004969,9.78482022004969,7532000
1997-05-09,10.659208297729492,10.825758427381516,10.492658168077469,10.617570765316486,5106000
1997-05-12,10.617570877075195,10.700845942777747,10.409383212818819,10.659208409926471,2561800
1997-05-13,10.284469604492188,10.617569834597198,10.284469604492188,10.617569834597198,2348600
1997-05-14,10.263651847839355,10.451020745670094,10.034645417157343,10.367745679967545,2529600
1997-05-15,10.575935363769531,10.617572904571775,10.117922414944868,10.242835037351593,1981000
1997-05-16,10.700847625732422,10.784122704531896,10.492659928733737,10.534297468133474,2414200
1997-05-19,11.117218971252441,11.200494019726243,10.700843728883436,10.700843728883436,4491200
1997-05-20,11.4503173828125,11.533592418323865,11.075579723011364,11.117217240767046,9394600
1997-05-21,10.992305755615234,11.408680973630963,10.950668233813662,11.36704345182939,5485600
1997-05-22,10.763304710388184,10.992311193587932,10.700848396788253,10.992311193587932,3855600
1997-05-23,10.617570877075195,10.867396074182848,10.367745679967545,10.825758541331572,5248800
1997-05-27,10.617570877075195,10.700845942777747,10.451020745670094,10.57593334422392,3018000
1997-05-28,10.492657661437988,10.659207783048116,10.367745070230393,10.659207783048116,2831400
1997-05-29,11.033944129943848,11.075581654962503,10.7008439297946,10.90903155488788,7320800
1997-05-30,11.242134094238281,11.408684228967736,10.90903382477937,10.950671358461733,5657600
1997-06-02,10.971487045288086,11.28376846023936,10.950668284291334,11.28376846023936,2509200
1997-06-03,10.992305755615234,11.07558079921838,10.784118146607371,10.992305755615234,2244000
1997-06-04,11.242134094238281,11.367046695285373,10.950671358461733,10.950671358461733,3289800
1997-06-05,11.013128280639648,11.367047336917294,10.992309512623317,11.262953496835632,2385800
1997-06-06,11.075584411621094,11.075584411621094,10.53429645165465,11.033946876239058,3585600
1997-06-09,11.138043403625488,11.200499721776659,11.033949540040203,11.075587085474316,1226000
1997-06-10,11.242134094238281,11.304590394761826,11.117221493191188,11.117221493191188,2751400
1997-06-11,11.346229553222656,11.367048323045083,11.158860624820814,11.221316934288094,3714600
1997-06-12,11.502368927001953,11.616872147089756,11.325409405048077,11.36704693962546,7332600
1997-06-13,11.575235366821289,11.762604284629546,11.450322754949116,11.512779060885203,4377200
1997-06-16,11.596047401428223,11.72095994076138,11.450316105539537,11.533591131761643,2136600
1997-06-17,11.47114086151123,11.554415931286266,11.387865791736195,11.533597163842508,2674400
1997-06-18,11.387866020202637,11.533597395232652,11.325409716618344,11.408684788064066,2458000
1997-06-19,11.720965385437012,11.741784151663365,11.40868389204171,11.40868389204171,5578200
1997-06-20,11.200493812561035,11.720962855895655,11.158856289094265,11.679325332428887,4517800
1997-06-23,10.992305755615234,11.221312125523886,10.950668233813662,11.2004933646231,3003400
1997-06-24,10.90903091430664,11.054762243314553,10.575930733717124,11.013124720740864,5017200
1997-06-25,10.784117698669434,10.909030258885682,10.659205138453185,10.88821149884964,3608600
1997-06-26,11.200493812561035,11.283768859494574,10.74248105442657,10.784118577893338,4136400
1997-06-27,11.325407981872559,11.491958099253038,11.2004953938372,11.24213292318232,3332400
1997-06-30,10.950668334960938,11.450318601194898,10.950668334960938,11.283768512450244,3367400
1997-07-01,10.82575798034668,11.033945633814884,10.700845388265757,10.971489337774424,2572000
1997-07-02,10.471839904785156,10.846577714499137,10.326108534340829,10.825758947292805,7226000
1997-07-03,10.617570877075195,10.742483475629022,10.471839512095732,10.471839512095732,4824200
1997-07-07,10.680024147033691,10.867392991718493,10.659205386513158,10.867392991718493,5483600
1997-07-08,10.888219833374023,10.950676161290126,10.659213297681644,10.700850849625713,4404200
1997-07-09,10.617570877075195,10.992308672736673,10.57593334422392,10.950671139885397,4766200
1997-07-10,10.680024147033691,10.846574231197959,10.61756786547209,10.61756786547209,4596400
1997-07-11,11.158860206604004,11.200497744688347,10.659209749591884,10.700847287676227,2646800
1997-07-14,10.929855346679688,11.367049560546876,10.784123942057292,11.200499383835567,2296000
1997-07-15,11.013128280639648,11.075584584688643,10.888215672541655,10.950671976590652,2425800
1997-07-16,11.283773422241211,11.325410962544684,11.013129410268636,11.075585720723845,2838200
1997-07-17,11.158860206604004,11.408685435110064,11.096403899477489,11.346229127983548,2177000
1997-07-18,11.013128280639648,11.158859656753972,10.784121832459995,11.158859656753972,1680200
1997-07-21,10.763304710388184,11.033948735987888,10.752895324788195,10.992311193587932,1588800
1997-07-22,10.784117698669434,10.825755218741516,10.534292578236936,10.74248017859735,2439600
1997-07-23,10.659208297729492,10.909033492207527,10.57593323290348,10.78412089496851,3288600
1997-07-24,10.659208297729492,10.825758427381516,10.617570765316486,10.63838953152299,3616200
1997-07-25,11.262951850891113,11.325408145812874,10.534295076803888,10.700845196595253,4897000
1997-07-28,11.346229553222656,11.45032340233479,11.158860624820814,11.283773243755375,2116600
1997-07-29,12.054069519042969,12.324713566966214,11.346231239859097,11.346231239859097,8920000
1997-07-30,12.324707984924316,12.407983038876507,11.949970242139456,12.074882823067743,5332000
1997-07-31,12.616175651550293,12.949275998785945,12.199800217505729,12.366350391123554,6124800
1997-08-01,12.449625015258789,12.657812724544053,12.199799764116472,12.657812724544053,2933000
1997-08-04,12.283074378967285,12.574537160841086,12.116524217896544,12.5328996205734,4042600
1997-08-05,12.345525741577148,12.40798202694769,12.116519361885162,12.283069456206608,4003800
1997-08-06,12.345525741577148,12.36634450336733,12.199794409045884,12.36634450336733,4771200
1997-08-07,12.803540229797363,12.949271582006439,12.449621231575323,12.491258760777916,7649400
1997-08-08,12.53289794921875,12.949273296368874,12.491260414503737,12.657810553363786,3363000
1997-08-11,12.199796676635742,12.574534458511925,11.866696426079136,12.553715692852137,2999000
1997-08-12,12.158159255981445,12.616172104665678,12.158159255981445,12.303890616926427,2973000
1997-08-13,11.720965385437012,12.241434541095849,11.65850908675795,12.199797008643142,6158800
1997-08-14,11.720965385437012,11.783421684116071,11.65850908675795,11.679327852984304,6441400
1997-08-15,11.4503173828125,11.741780007102273,11.450317382812502,11.720961248224432,3391000
1997-08-18,11.512774467468262,11.57523074848527,11.242130583061233,11.57523074848527,3215400
1997-08-19,11.825054168701172,11.866691683379697,11.533591565951495,11.57522908063002,4512000
1997-08-20,12.158159255981445,12.178978021830728,11.720965173146496,11.825059002392912,3197800
1997-08-21,12.054069519042969,12.283076021131867,12.012431973208622,12.178982156546004,2950800
1997-08-22,11.720965385437012,12.033246878832314,11.616871554305243,11.908334281474193,2594000
1997-08-25,11.991607666015625,11.991607666015625,11.575232399834526,11.741782506306965,2588200
1997-08-26,11.908337593078613,12.137344085253202,11.658512328888154,11.949975137110357,2884200
1997-08-27,12.074883460998535,12.116520990174392,11.825058285943392,11.908333344295107,4297400
1997-08-28,11.991607666015625,12.074882719251844,11.825057559543186,12.01242642932468,4388200
1997-08-29,12.012428283691406,12.033247050214268,11.94997198412282,12.033247050214268,2088600
1997-09-02,12.657814025878906,12.699451572016665,12.012432060743633,12.012432060743633,4624400
1997-09-03,12.033245086669922,12.616170454190264,12.012426323544195,12.616170454190264,3427200
1997-09-04,12.324707984924316,12.366345511900413,12.19979540399603,12.324707984924316,3919600
1997-09-05,12.116517066955566,12.366342161119599,12.033242035567556,12.366342161119599,2974600
1997-09-08,12.283074378967285,12.366349459502658,12.116524217896544,12.199799298431914,2242000
1997-09-09,12.158159255981445,12.283071851077144,12.074884192584312,12.241434319378579,4203400
1997-09-10,12.178974151611328,12.283067947778946,12.158155392377804,12.220611670078375,3202000
1997-09-11,12.283074378967285,12.345530689368815,11.991611597093486,12.199799298431914,2300000
1997-09-12,12.428803443908691,12.532897275097207,12.283072080244771,12.283072080244771,1773000
1997-09-15,12.63698673248291,12.657805491515006,12.407980383129841,12.49125541925823,3051400
1997-09-16,13.032543182373047,13.094999459604868,12.741080555291223,12.741080555291223,4421000
1997-09-17,12.928455352783203,13.115824270939482,12.782723971994987,13.09500550225545,2290800
1997-09-18,12.907636642456055,13.282374480462844,12.907636642456055,12.907636642456055,1997000
1997-09-19,13.032543182373047,13.094999459604868,12.78271807344577,12.907630627909409,4455800
1997-09-22,12.99611759185791,13.07418798187708,12.907637816502849,13.07418798187708,2912600
1997-09-23,12.74108600616455,12.9909112219717,12.657810934228836,12.9909112219717,1476600
1997-09-24,12.699440956115723,12.86599100144183,12.574528422121142,12.699440956115723,2500400
1997-09-25,12.616175651550293,12.782725825168118,12.574538108145836,12.699450738359205,1336200
1997-09-26,12.657814025878906,12.782726664292184,12.449626295190107,12.616176479741146,2164600
1997-09-29,12.574531555175781,12.699444120293423,12.532894033469901,12.657806598587543,1703800
1997-09-30,12.53289794921875,12.616173018648775,12.491260414503737,12.574535483933762,4320400
1997-10-01,13.0845947265625,13.365648073911098,12.470441115689638,12.491259882159905,5188000
1997-10-02,12.803540229797363,13.053365405012922,12.574533819183102,13.053365405012922,3607200
1997-10-03,12.84518051147461,13.032549433035827,12.699449128038106,13.011730663973468,2304000
1997-10-06,12.793130874633789,13.074184197347469,12.69944643372923,12.865996550892891,3862000
1997-10-07,12.678631782531738,12.782725639531177,12.532900382732523,12.782725639531177,2475600
1997-10-08,12.865996360778809,12.94927141813013,12.616171188724852,12.74108377475183,2794000
1997-10-09,12.990909576416016,13.13664093384376,12.532896738785963,12.824359453641451,2244800
1997-10-10,13.011727333068848,13.074183624267578,12.782720932006836,12.949271041870118,1789400
1997-10-13,13.199088096618652,13.324000602264885,13.032538089090341,13.032538089090341,1891000
1997-10-14,13.178278923034668,13.740385606955577,13.157460156963523,13.407285349817261,4702800
1997-10-15,12.990909576416016,13.115822168496939,12.907634515028732,13.115822168496939,3580600
1997-10-16,12.699440956115723,13.032541046767939,12.699440956115723,13.032541046767939,4204400
1997-10-17,12.657814025878906,12.782726664292184,12.24143856450131,12.678632798947785,4426200
1997-10-20,12.782724380493164,12.928455765938525,12.532899148301114,12.678630533746476,2599200
1997-10-21,12.803540229797363,12.949271582006439,12.720265171392178,12.76190270059477,1682600
1997-10-22,12.657814025878906,12.866001756567703,12.491263841327868,12.741089118154425,2178800
1997-10-23,12.657814025878906,12.824364210429945,12.32471365677683,12.32471365677683,2077600
1997-10-24,12.36634349822998,12.824356220386646,12.28306845783786,12.782718700190586,2300000
1997-10-27,11.700146675109863,12.491259795490958,11.700146675109865,12.34552843121023,3008200
1997-10-28,12.13733959197998,12.241433413523549,11.283770255322725,11.866695655966705,8927400
1997-10-29,12.36634349822998,12.616168619406343,12.116518377053618,12.32470597803392,5225800
1997-10-30,12.324707984924316,12.741083254685273,12.19979540399603,12.241432930972126,3810000
1997-10-31,12.824361801147461,12.824361801147461,12.449623956308736,12.491261494624151,2234000
1997-11-03,13.240735054016113,13.240735054016113,12.90763480108489,13.032547395934099,6246800
1997-11-04,13.053370475769043,13.199101884589432,12.990914157703163,13.199101884589432,3306800
1997-11-05,12.949275970458984,13.157463687025848,12.90763842714561,13.115826143712475,2006800
1997-11-06,13.67793083190918,13.740387137077715,13.032549011834316,13.032549011834316,9601400
1997-11-07,13.28237247467041,13.657110256087442,13.28237247467041,13.28237247467041,3809000
1997-11-10,13.532196044921875,13.61547109750601,13.282370887169472,13.365645939753605,4032600
1997-11-11,14.011026382446289,14.115120189150943,13.490557348923025,13.573832394286747,4101200
1997-11-12,13.709159851074219,14.073488320920536,13.615475387399453,13.865300623865497,3469600
1997-11-13,13.698747634887695,13.906935288913346,13.282372326836398,13.740385165692825,2570400
1997-11-14,13.78201961517334,13.906932179661316,13.573832007693381,13.782019615173342,1588800
1997-11-17,13.82365608215332,14.073481192071753,13.782018563833581,13.906931118792798,2902800
1997-11-18,13.553016662597656,13.823660620529713,13.365647768644694,13.782023088540166,3679200
1997-11-19,13.927753448486328,14.031847270971276,13.407284336061576,13.573834452037497,3654800
1997-11-20,13.906939506530762,14.07348968026167,13.782026876232582,13.865301963098036,3696400
1997-11-21,14.593957901000977,14.822964373056626,13.990213565581536,14.03185110595529,9821400
1997-11-24,14.573141098022461,14.927060238974434,14.57314109802246,14.57314109802246,5964200
1997-11-25,14.323312759399414,14.906238278677298,14.2608564537625,14.739688130312189,7584400
1997-11-26,14.86460018157959,14.96869402038617,14.281674684262743,14.40658729083064,4337800
1997-11-28,14.760501861572266,14.947870714540038,14.739683100131403,14.822958145894857,1579400
1997-12-01,14.968688011169434,14.989506770573007,14.573131582501535,14.739681657730124,4478200
1997-12-02,14.448226928710938,15.01033374005848,14.364951845548338,14.947877427686532,3969200
1997-12-03,14.448226928710938,14.656414636617434,14.28167676238574,14.489864470292236,4850400
1997-12-04,14.24003791809082,14.531500682496187,14.031850229229843,14.531500682496187,4048200
1997-12-05,14.219215393066406,14.57313437063907,14.11512157613327,14.11512157613327,4201800
1997-12-08,14.281669616699219,14.281669616699219,13.90693192996367,14.240032095950825,4306400
1997-12-09,14.17758560180664,14.531504772483164,14.07349172807825,14.198404376552318,3248200
1997-12-10,14.22962474822998,14.364946709990763,14.073484023121384,14.11512154981701,1616200
1997-12-11,13.990205764770508,14.240030867712838,13.948568247613453,14.031843281927562,1732000
1997-12-12,13.511377334594727,14.07348394173503,13.282370939093122,14.07348394173503,4296400
1997-12-15,14.073491096496582,14.07349109649658,13.448927882155017,13.532202977400559,4634200
1997-12-16,14.281669616699219,14.406582178944403,14.115119533705643,14.156757054454037,3521200
1997-12-17,13.979798316955566,14.448220449690488,13.865295128953695,14.323307880961176,1833200
1997-12-18,13.698747634887695,14.489860720185161,13.532197511667176,14.240035535354384,4673200
1997-12-19,14.15676212310791,14.19839965876411,13.324011409983916,13.324011409983916,4232600
1997-12-22,13.719566345214844,14.281673008827592,13.719566345214846,14.19839794755163,2966600
1997-12-23,14.083897590637207,14.198400823081412,13.782025432375212,13.823662971445833,2757400
1997-12-24,13.740381240844727,14.240031467784533,13.740381240844727,14.198393948872884,997600
1997-12-26,13.906939506530762,14.01103336511258,13.657114245934402,13.657114245934402,441200
1997-12-29,14.17758560180664,14.198404376552318,13.906941530112828,13.990216629095539,2158000
1997-12-30,14.448226928710938,14.531502011873537,14.198401679223139,14.240039220804439,1628800
1997-12-31,14.86460018157959,15.051969091431435,14.323312219785375,14.448224826353272,3650400
1998-01-02,14.656405448913574,14.906230541792784,14.489855386994103,14.864593026312916,3451800
1998-01-05,14.947876930236816,14.989514470432463,14.53150152828036,14.593957838573829,2167600
1998-01-06,14.614773750305176,14.947874006722387,14.614773750305176,14.906236474670235,3376400
1998-01-07,14.469036102294922,14.78131745702071,14.156754747569131,14.614767401166956,2829600
1998-01-08,14.927055358886719,15.07278672222313,14.469042502686568,14.469042502686568,7284400
1998-01-09,14.48985767364502,14.989507938253468,14.240032541340794,14.968689177228116,4340600
1998-01-12,14.573141098022461,14.614778644016809,14.07349054609026,14.260859503064836,4072400
1998-01-13,14.510674476623535,14.656405784136252,14.448218201975227,14.656405784136252,2474200
1998-01-14,14.427403450012207,14.698047381974916,14.427403450012205,14.61477232598639,4113400
1998-01-15,14.323312759399414,14.489862907764525,14.156762611034306,14.489862907764525,1270600
1998-01-16,14.822962760925293,14.822962760925293,14.406587402472335,14.552318777930871,2358400
1998-01-20,15.156057357788086,15.156057357788086,14.698044635437347,14.781319675864754,2417200
1998-01-21,14.822962760925293,15.197700583532955,14.698050153389406,15.031150440151771,5779800
1998-01-22,14.86460018157959,14.906237717102222,14.573137432921166,14.698050039489063,1418000
1998-01-23,14.448226928710938,14.98951496926783,14.364951845548338,14.968696198477181,2570400
1998-01-26,14.03184986114502,14.614775374664397,13.990212324465064,14.448225227944574,3044400
1998-01-27,14.510674476623535,14.739680817000664,13.990205521220968,14.052661795869277,3599200
1998-01-28,14.406580924987793,14.656406027733247,14.15675582224234,14.635587269171126,2538200
1998-01-29,14.469036102294922,14.48985485927664,14.323304803422886,14.323304803422886,2970400
1998-01-30,14.448226928710938,14.614777095036136,14.406589387129637,14.531502011873537,1617000
1998-02-02,14.698053359985352,14.8646035397019,14.448228090410531,14.489865635339667,1986800
1998-02-03,14.885427474975586,14.989521373401988,14.614783339066939,14.698058457808061,1204200
1998-02-04,15.280973434448242,15.405886023830654,14.739685547124463,14.843779371609806,1974000
1998-02-05,15.156057357788086,15.697345120566231,14.947869756719568,15.364244958856602,4180800
1998-02-06,15.530797004699707,15.572434530181477,15.15605927536379,15.239334326327327,2274800
1998-02-09,14.885427474975586,15.42671574679288,14.822971135919744,15.4058969671076,2657000
1998-02-10,14.989509582519531,15.385066085391573,14.843778239356146,14.94787205590142,2819000
1998-02-11,14.906231880187988,15.30178831276281,14.906231880187988,15.031144437843196,2092400
1998-02-12,15.114429473876953,15.364254754436903,14.781329099797022,14.947879286836988,2025200
1998-02-13,15.156057357788086,15.301788678536047,14.906232236505865,15.072782317360678,927800
1998-02-17,15.239325523376465,15.385056778381431,15.21850677266147,15.239325523376465,1721200
1998-02-18,15.593254089355469,15.634891616963895,15.156060049466998,15.197697577075424,2296800
1998-02-19,15.239325523376465,15.614063036246378,15.156050520516484,15.614063036246378,1593800
1998-02-20,15.489163398742676,15.572438470778925,14.906237894488918,15.30179448666111,2647000
1998-02-23,16.2802734375,16.405186021419436,15.447522878037084,15.572435461956522,5521600
1998-02-24,16.446819305419922,16.7382819260223,16.155356684817544,16.238631719275364,5228600
1998-02-25,16.57173728942871,16.634193585745653,16.259455807844,16.488462227672787,4810200
1998-02-26,16.821557998657227,16.904833038254537,16.259451481375365,16.467639080368645,3993800
1998-02-27,16.2802734375,16.904836357097185,16.2802734375,16.904836357097185,5778400
1998-03-02,16.57173728942871,16.655012351184634,15.988811857137248,16.363549635038904,2247000
1998-03-03,16.488462448120117,16.67583133957603,16.405187385250823,16.530099979554766,1486000
1998-03-04,16.94647789001465,17.09220927236121,16.613377587508218,16.696652663134824,5358800
1998-03-05,16.94647789001465,17.19630311689447,16.571740049694913,16.65501512532152,3186200
1998-03-06,17.529401779174805,17.571039313092083,16.946476304332887,16.967295071291527,3760000
1998-03-09,18.112321853637695,18.23723441814554,17.404483988093233,17.50857779184977,4770400
1998-03-10,18.42461395263672,18.50788904394807,18.049876041735633,18.237244997186174,3352800
1998-03-11,18.27887725830078,18.65361506086276,17.820864388502812,18.61197752724476,3683800
1998-03-12,17.945772171020508,18.570335007598946,17.820859603704818,18.528697485160386,3795800
1998-03-13,18.258060455322266,18.362154300563557,17.945778919598396,17.945778919598396,3319600
1998-03-16,18.611970901489258,18.632789660886896,17.904133081969533,18.11232067594592,5249400
1998-03-17,18.632795333862305,18.799345459751578,18.36215137929224,18.611976568126146,3311600
1998-03-18,18.445425033569336,18.54951885430054,18.23723739210693,18.54951885430054,2265800
1998-03-19,18.840986251831055,18.945080098526255,18.07069178628658,18.403792095711218,3840800
1998-03-20,19.382274627685547,19.569643555343085,18.799349074973197,18.799349074973197,5344400
1998-03-23,18.50787925720215,19.319810968148026,18.362147924468275,19.2989922063289,4132600
1998-03-24,18.695255279541016,18.77853035873719,18.52870512114867,18.611980200344842,1503400
1998-03-25,18.19560432434082,18.736892324836084,17.90414155484337,18.736892324836084,2978400
1998-03-26,17.904132843017578,18.507876857491425,17.904132843017578,18.195595470694606,2752200
1998-03-27,17.737586975097656,18.153962256203233,17.654311918876537,18.112324728092677,2608400
1998-03-30,17.362857818603516,17.9666022751257,17.27958272115218,17.69595820840886,3344600
1998-03-31,17.779220581054688,17.904133137830247,17.321207872877633,17.446120429653195,3316800
1998-04-01,18.070688247680664,18.112325778205275,17.779225534008397,17.820863064533008,2456600
1998-04-02,17.862497329711914,18.27887255884273,17.84167856825537,18.02904742136424,3175000
1998-04-03,17.654312133789062,17.945774834111052,17.612674605171634,17.904137305493624,2228400
1998-04-06,17.11302375793457,17.8624992509828,17.11302375793457,17.820861723591232,3225200
1998-04-07,17.675134658813477,17.737590965028364,17.029752827926295,17.029752827926295,5318600
1998-04-08,18.216421127319336,18.36215249633789,17.841683321271624,17.841683321271624,6530200
1998-04-09,18.882631301879883,18.903450079500477,18.23724919564143,18.299705528503214,4128200
1998-04-13,18.549524307250977,18.778530780180002,18.362155374854503,18.695255699114902,4902800
1998-04-14,18.445425033569336,18.611975146739262,18.320512448691893,18.466243797715578,1939000
1998-04-15,18.695255279541016,18.7368928191391,18.445430041952495,18.570342660746753,2070200
1998-04-16,18.46624183654785,18.65361069396491,18.362148026871708,18.61197317009445,1962400
1998-04-17,18.570343017578125,18.61198055797628,18.237242694392865,18.403792855985497,1678400
1998-04-20,18.965896606445312,18.986715373302005,18.528702502454806,18.570340036168187,2744400
1998-04-21,19.007530212402344,19.028348974957,18.69524877408248,18.965892687293028,2096600
1998-04-22,18.924259185791016,19.194903156544903,18.75770904994247,18.965896719753154,1643000
1998-04-23,19.04917335510254,19.174085967267146,18.611979212526414,18.86180443685563,3249600
1998-04-24,18.67442512512207,19.15325653858674,18.653606368014913,18.986706481729463,3056200
1998-04-27,18.153961181640625,18.487061386808342,18.049867367525714,18.40378633551641,2889600
1998-04-28,18.19560432434082,18.445429555338634,17.8208664778441,18.27887940134009,3258400
1998-04-29,17.904132843017578,18.23723298893418,17.77922028829885,18.23723298893418,2323400
1998-04-30,18.611970901489258,18.611970901489258,18.09150191654828,18.1539581947412,2396000
1998-05-01,18.528696060180664,18.82015869483519,18.40378350247158,18.632789858271565,1678200
1998-05-04,18.549524307250977,19.028356023375302,18.487067996452154,18.73689323964745,1529600
1998-05-05,18.26846694946289,18.52870152139256,18.07068867479634,18.52870152139256,2068800
1998-05-06,18.382972717285156,18.487066560531392,18.23724133674043,18.23724133674043,1504400
1998-05-07,18.362152099609375,18.903440029983347,18.362152099609375,18.528702232032135,1844400
1998-05-08,18.903440475463867,18.94507800955079,18.278877464159994,18.32051499824692,1528600
1998-05-11,18.840986251831055,19.007536406543373,18.736892405135855,18.945080098526255,1477200
1998-05-12,18.799339294433594,18.882614330067852,18.34132659844518,18.82015805334216,1670000
1998-05-13,18.653608322143555,18.903433433600835,18.528695766414913,18.778520877872193,1648200
1998-05-14,18.382972717285156,18.611979172426874,18.258060105389674,18.611979172426874,1959400
1998-05-15,18.445425033569336,18.611975146739262,18.341331212838135,18.445425033569336,3608800
1998-05-18,18.445425033569336,18.5287000901543,18.320512448691893,18.424606269423098,2236600
1998-05-19,18.0290584564209,18.487071488801107,17.737595617633495,18.466252714602007,3852800
1998-05-20,18.112321853637695,18.32050946115077,18.07068433213508,18.112321853637695,3466400
1998-05-21,17.779220581054688,18.153958251381365,17.36284539180282,18.133139491918772,4473600
1998-05-22,17.862497329711914,18.07068494427732,17.862497329711914,17.945772375538077,3442000
1998-05-26,18.133140563964844,18.403784452979245,17.987409239110935,17.987409239110935,3102000
1998-05-27,18.320518493652344,18.362156035683373,17.945780615373092,17.987418157404118,2823000
1998-05-28,18.903440475463867,19.028353077724642,18.195602395986146,18.48706513459462,4760400
1998-05-29,19.27818489074707,19.61128527762823,18.94508450386591,18.986722052226057,5766000
1998-06-01,18.861801147460938,19.278176448729393,18.736888557080402,19.215720153539124,3371200
1998-06-02,19.153263092041016,19.278175677423892,19.02835050665814,19.0699880351191,4468400
1998-06-03,19.257352828979492,19.86109686361777,19.069983990643475,19.23653406916438,4936000
1998-06-04,19.507184982299805,19.694553888213036,19.319816076386573,19.36145361103396,4059800
1998-06-05,19.465538024902344,19.590450568377655,19.36144423867292,19.48635678214823,1997400
1998-06-08,20.090106964111328,20.194200782578225,19.403087762229802,19.403087762229802,3648000
1998-06-09,19.944374084472656,20.235836753765575,19.694548939364438,20.215017991673225,3365800
1998-06-10,19.944374084472656,20.40238685050439,19.486361318440924,19.86109903610325,3860400
1998-06-11,19.944374084472656,20.40238685050439,19.86109903610325,19.944374084472656,3252200
1998-06-12,19.986013412475586,20.027650940418244,19.736188244819644,19.986013412475586,3749400
1998-06-15,19.71537208557129,19.923559752789572,19.652915785405806,19.69455331884946,1573600
1998-06-16,19.486358642578125,19.881915068015072,19.153258494841747,19.86109630878155,6504000
1998-06-17,19.902734756469727,20.006828557497286,19.361446991126407,19.507178312564992,5789000
1998-06-18,20.673036575317383,20.943680558680047,19.81946708932744,19.861104625229387,5113800
1998-06-19,20.61058235168457,21.026957752728702,20.36075711105809,20.693857431893395,2875800
1998-06-22,20.71467399597168,20.73549276380683,20.31911740710388,20.610580156795944,2115000
1998-06-23,20.90203857421875,21.193501263500686,20.693850939017366,20.693850939017366,2727600
1998-06-24,20.61058235168457,20.985320212624288,20.485669731371328,20.943682672519873,2476400
1998-06-25,20.797950744628906,20.943682131227906,20.54812551045919,20.63140058851576,1753800
1998-06-26,21.006134033203125,21.214321684671937,20.73549008629367,20.818765146881194,2688400
1998-06-29,21.058176040649414,21.35484337488496,20.943672859014644,21.026947900203567,2434400
1998-06-30,21.006134033203125,21.11022785893753,20.652215025706145,20.90204020746872,4041600
1998-07-01,20.506479263305664,21.068585801487647,20.402385459938632,21.00612951946743,3903800
1998-07-02,20.48566436767578,20.902039659701714,20.44402683847319,20.818764601296525,1764000
1998-07-06,21.006134033203125,21.006134033203125,20.464846139384214,20.673033790853026,2786600
1998-07-07,21.089406967163086,21.380869649828714,21.047769441067995,21.15186325630572,2060000
1998-07-08,21.29759407043457,21.318412832966764,20.964493869919465,21.151862732709212,2039600
1998-07-09,21.068586349487305,21.651511663504742,21.068586349487305,21.318411484066207,2267400
1998-07-10,21.131044387817383,21.52660088374697,20.568937788338495,21.110225624873717,3948600
1998-07-13,21.110227584838867,21.23514017409827,20.69385228730753,21.110227584838867,1220600
1998-07-14,21.58905601501465,21.60987477684205,20.81876182740082,21.110224492984432,2470200
1998-07-15,21.25595474243164,21.609873675459397,21.047767134768257,21.484961110861367,1630800
1998-07-16,21.214319229125977,21.27677551733734,20.777125211646442,21.25595675460022,2829400
1998-07-17,21.380870819091797,21.401689583277864,21.15186441304505,21.297595762347527,3402000
1998-07-20,21.609880447387695,21.672336749258758,21.27678017074203,21.401692774484154,2462600
1998-07-21,21.48496437072754,21.88052088530489,21.3600517871768,21.65151448212853,1975200
1998-07-22,21.65151596069336,21.901341144855206,21.443328307225155,21.484965837918793,1894800
1998-07-23,21.23514175415039,21.69315461551442,21.23514175415039,21.69315461551442,3180200
1998-07-24,20.69385528564453,20.985318036146566,20.152567320426463,20.985318036146566,6686600
1998-07-27,20.360748291015625,20.568935901353207,19.65291041586784,20.444023335150657,3734200
1998-07-28,19.673728942871094,20.485660613529266,19.673728942871094,20.319110527240408,2906600
1998-07-29,19.194902420043945,20.110928132063396,19.194902420043945,19.944378002605315,3113000
1998-07-30,19.809053421020508,19.902737856537684,19.31981247998637,19.528000114468984,3803600
1998-07-31,18.903440475463867,20.027653895810836,18.903440475463867,19.819466225376214,2828400
1998-08-03,18.549524307250977,18.98671848284275,18.278880293789403,18.882624631511376,5344800
1998-08-04,17.779220581054688,18.73688351633398,17.446120429653195,18.695245997408794,6594600
1998-08-05,18.19560432434082,18.216423093590638,17.279578477348835,17.695953862345192,7090600
1998-08-06,18.164371490478516,18.32051221962303,17.48776166418562,18.112324580763676,4307600
1998-08-07,19.11162567138672,19.278175786170046,18.341331390513833,18.44542521225341,6028800
1998-08-10,19.527997970581055,19.694548059882383,18.945072658026394,19.09080398616506,4448800
1998-08-11,19.23654556274414,19.444733285284663,18.945082751187414,18.986720295695516,5186600
1998-08-12,19.069982528686523,19.403082660191963,18.86179494649562,19.29898886909651,5657000
1998-08-13,18.882631301879883,19.153275410947618,18.736899858535715,19.028362745224047,4101000
1998-08-14,18.40378761291504,19.3614507692432,18.382968848647035,19.02835054095514,3628800
1998-08-17,18.40378761291504,18.52870019852306,18.237237498771012,18.424606377183043,3244400
1998-08-18,19.777822494506836,19.881916297109502,18.466240581713222,18.487059342233756,3876000
1998-08-19,19.569637298583984,19.965193797172383,19.319812141580783,19.819462455587182,4143600
1998-08-20,19.465538024902344,19.590450568377655,18.96588785100111,19.590450568377655,3453600
1998-08-21,19.069982528686523,19.236532594439243,18.63278860608563,19.194895078001064,3185400
1998-08-24,19.153263092041016,19.40308826280677,18.861800392814306,19.236538148962932,2543200
1998-08-25,18.67442512512207,19.382262866765494,18.611968853800594,19.23653156701538,3974000
1998-08-26,19.153263092041016,19.298994441654372,18.40378757974376,18.591156457818073,4843000
1998-08-27,18.42461395263672,19.153271001611053,18.362157634153203,18.73689554505429,6469600
1998-08-28,17.675134658813477,18.611979252036807,17.633497121336884,18.445429102130436,4988600
1998-08-31,15.676536560058594,17.945782888141444,15.655717786406457,17.820870246228626,6459400
1998-09-01,16.57173728942871,16.82156247469648,15.73898667186948,15.73898667186948,10547000
1998-09-02,15.010324478149414,16.90483145111973,14.989505720204685,16.779918903451357,26038800
1998-09-03,16.63419532775879,16.77992670109335,15.530800643939996,15.655713249655332,20460000
1998-09-04,16.57173728942871,17.425306672426924,15.863899264503363,16.904837536452405,7448000
1998-09-08,18.445425033569336,18.5287000901543,17.071386599917446,17.362849297964818,9867600
1998-09-09,18.049875259399414,18.903444908344486,17.77923122436805,18.2788817505798,6526800
1998-09-10,17.196300506591797,17.529400758535463,16.655012597183337,17.529400758535463,6643000
1998-09-11,17.258760452270508,17.258760452270508,16.655016117993252,17.237941682123015,3732600
1998-09-14,17.425304412841797,18.278873685155435,17.237935548187586,17.654310802974724,4163600
1998-09-15,17.487764358520508,17.695952029455274,17.25875792049226,17.446126824333554,3352400
1998-09-16,18.362152099609375,18.653614831349206,17.57103897060126,17.73758910302402,5793000
1998-09-17,17.737586975097656,18.195599784313792,17.737586975097656,17.82086203131877,2974800
1998-09-18,17.69594955444336,18.153962366440716,17.69594955444336,18.008231017168832,3480400
1998-09-21,17.779220581054688,17.86249561890506,17.237932835027262,17.48775794857838,2756400
1998-09-22,17.27957534790039,18.070688436117518,17.27957534790039,18.070688436117518,3656600
1998-09-23,17.904132843017578,17.904132843017578,17.154657514705214,17.48775766062182,5786000
1998-09-24,16.759098052978516,18.070679639733356,16.405179212108163,17.633485777481745,8148200
1998-09-25,16.53009796142578,16.675829303654975,16.051266408386997,16.592554250952578,8211000
1998-09-28,16.63419532775879,17.342033426812357,16.613376560139567,16.821564236331792,5160200
1998-09-29,16.155364990234375,16.90484068565762,16.072089912965126,16.863203147022997,6019200
1998-09-30,15.780624389648438,16.155362171988372,15.364249075937396,16.155362171988372,6409600
1998-10-01,14.822962760925293,15.364250726914138,14.323312330781745,15.364250726914138,10325800
1998-10-02,14.781320571899414,15.072783231063628,13.906932594406772,14.906233140112647,9697000
1998-10-05,14.760501861572266,14.822958145894857,13.74038255096995,14.822958145894857,5512600
1998-10-06,15.322611808776855,15.489161937133126,14.698048827440843,15.23933674459872,5215000
1998-10-07,15.343422889709473,15.697341735198023,15.156054089156711,15.197691600390659,4888000
1998-10-08,14.947876930236816,15.447527412584565,13.94857596554132,14.82296430964988,6532200
1998-10-09,15.655712127685547,15.71816842606727,14.573136289068993,15.072786676122787,4730200
1998-10-12,16.030454635620117,16.42601130844711,15.905542002095805,16.05127340787417,3556400
1998-10-13,15.530797004699707,16.11372236144447,15.499568860588381,15.822259683072089,3829000
1998-10-14,15.634892463684082,15.884717642864121,15.447523579299054,15.447523579299054,5970400
1998-10-15,16.759098052978516,16.779916808323833,15.322603934151786,15.614066508986195,5620200
1998-10-16,17.300390243530273,17.654309177513444,16.863196266256946,16.904833787902025,7051200
1998-10-19,18.258060455322266,18.362154300563557,17.80004753626059,17.820866305308847,9703600
1998-10-20,18.757705688476562,19.236537243232345,18.528699292723797,18.528699292723797,8023600
1998-10-21,18.77852439880371,18.965893267527914,18.195599029439514,18.716068109228974,3813000
1998-10-22,19.3198184967041,19.38227480649948,18.487067699432373,18.945080637931824,3160000
1998-10-23,19.028343200683594,19.59044961908453,18.98670568820945,19.19489325058017,2492400
1998-10-26,18.50787925720215,19.153260873595023,18.3829666862874,19.153260873595023,3180400
1998-10-27,18.174774169921875,18.778518099965098,18.174774169921875,18.653605562714777,3772600
1998-10-28,18.549524307250977,18.570343077517254,17.987417510061555,18.070692591126654,3382000
1998-10-29,18.7160701751709,18.924257830067127,18.4454262238058,18.611976347722784,2985000
1998-10-30,18.903440475463867,19.44472841859389,18.695252805029245,18.820165407290016,2838400
1998-11-02,19.569637298583984,19.590456061667584,19.236537089246383,19.278174615413583,2067800
1998-11-03,18.965896606445312,19.65291591271611,18.945077839588624,19.65291591271611,2120600
1998-11-04,19.902734756469727,19.94437227688075,19.27817195030436,19.319809470715384,2591800
1998-11-05,20.90203857421875,21.068588682379854,19.48636265484935,19.673731526530595,5939000
1998-11-06,20.6522216796875,20.943684485650834,20.319121330015122,20.943684485650834,4363200
1998-11-09,19.986013412475586,20.610576331615448,19.861100828647615,20.610576331615448,3275400
1998-11-10,19.3198184967041,19.861106514930725,19.069993257522583,19.81946897506714,5462000
1998-11-11,19.132444381713867,19.528000903207406,18.820162917376862,19.48636337462914,4566800
1998-11-12,18.965896606445312,19.236540575582293,18.90344030587524,19.111627974442147,3960200
1998-11-13,19.486358642578125,19.52799616104517,18.82015834710537,19.04916469867413,3607400
1998-11-16,20.090106964111328,20.11092572780471,19.632094162856976,19.632094162856976,5209400
1998-11-17,20.048473358154297,20.152567196981682,19.777829377203098,20.02765459038882,3288600
1998-11-18,20.215017318725586,20.319111125722113,19.673729522343645,20.048467227531145,1974800
1998-11-19,20.61058235168457,20.65221989178898,20.256663260797055,20.319119570953674,2823600
1998-11-20,20.54811668395996,20.86039809253078,20.4856604022458,20.86039809253078,1537000
1998-11-23,20.735488891601562,20.922857767128082,20.610576307917217,20.652213835812,2012600
1998-11-24,20.152565002441406,20.777127967393103,20.131746236943016,20.777127967393103,3029600
1998-11-25,20.568939208984375,20.69385179527375,20.110926392589985,20.19420145011624,1713400
1998-11-27,21.23514175415039,21.23514175415039,20.652216294232538,20.693853827083814,1861800
1998-11-30,20.90203857421875,21.60987653390345,20.90203857421875,21.318413844621514,5392400
1998-12-01,20.860397338867188,21.110222456697933,20.527297181759526,20.6522097406749,3030000
1998-12-02,20.215017318725586,20.881217683503362,20.11092351172906,20.881217683503362,4227400
1998-12-03,19.11162567138672,20.44402658965333,19.11162567138672,20.360751532261666,5327200
1998-12-04,20.152565002441406,20.277477595431744,19.52800203748971,19.673733395978438,4254400
1998-12-07,20.735488891601562,20.735488891601562,20.27747608475896,20.381569904495915,2501400
1998-12-08,21.734790802001953,22.56754140744264,20.589758719521008,20.735490075473127,7152000
1998-12-09,22.2552547454834,22.38016730719799,21.568235656053133,21.797242019196556,4511400
1998-12-10,22.067888259887695,22.484263510074257,21.901338159813072,22.151163309925007,3231200
1998-12-11,22.296892166137695,22.567536048639834,21.901335722480724,21.94297324286567,4094800
1998-12-14,21.7972469329834,22.27607852749975,21.484965458298824,22.255259762520776,5983000
1998-12-15,21.96379852294922,21.984617289321683,21.401691830892698,21.90134222383183,3960400
1998-12-16,22.567546844482422,22.775734545999786,21.942983739930323,22.15117144144769,4215000
1998-12-17,22.40098762512207,22.650812765922687,22.19280000778822,22.650812765922687,2571800
1998-12-18,21.755611419677734,22.234443058579732,21.255961013866955,22.234443058579732,6485800
1998-12-21,21.65151596069336,22.276078921097973,21.568240899306076,21.693153491387,4074000
1998-12-22,22.463441848754883,22.48426060857764,21.443322617439787,21.672328975490114,4005800
1998-12-23,22.858999252319336,22.900636773726113,22.35934899543804,22.505080320361753,2937600
1998-12-24,22.900634765625,23.06718483664773,22.567534623579547,22.713265935724433,1115800
1998-12-28,23.400293350219727,23.525205948174637,22.90064295840009,23.067193089006636,2236200
1998-12-29,24.940874099731445,24.940874099731445,23.400285883220487,23.421104642903067,4308600
1998-12-30,23.733394622802734,25.35725846541555,23.733394622802734,24.899245586729887,3728000
1998-12-31,24.045665740966797,24.399584630660684,23.233734170492596,23.941571949880363,2095600
1999-01-04,23.816675186157227,24.1289567663953,23.317024657776308,24.1289567663953,4260000
1999-01-05,24.27467918395996,24.44122929842967,23.566841197463702,23.608478726081128,2852000
1999-01-06,25.190698623657227,25.232336142043437,24.48286081109165,24.48286081109165,3897800
1999-01-07,25.02414321899414,25.232330766573128,24.48285559528878,25.06578072850994,3449200
1999-01-08,24.545305252075195,25.10741147922196,24.149749018157106,25.06577398091479,6172800
1999-01-11,24.14976692199707,24.482867155403927,23.98321680529364,24.462048390815998,2071000
1999-01-12,24.087305068969727,24.337130186366128,23.837479951573325,23.962392510271524,4284800
1999-01-13,24.31631851196289,24.31631851196289,23.067192561005893,23.31701775119729,2904800
1999-01-14,24.12895393371582,24.399597938149213,23.275384381272033,24.399597938149213,3176000
1999-01-15,24.75350570678711,24.77432446684328,23.81666150425942,24.399586785832206,2741400
1999-01-19,24.940874099731445,25.003330378779186,24.149761231793384,24.81596154163596,2782000
1999-01-20,24.73268699645996,25.190699718616628,24.399586834891476,24.920055837342233,3243000
1999-01-21,24.024856567382812,25.044976127003054,23.775031369108465,24.566144496977223,3639200
1999-01-22,23.85829734802246,24.14975996832989,23.06718452147372,23.56683472771503,1888200
1999-01-25,23.733394622802734,23.962401062145567,23.608482019524825,23.920763527719597,1729600
1999-01-26,24.545305252075195,24.857586489378953,23.691736536778265,23.691736536778265,3311400
1999-01-27,25.669530868530273,26.12754358475709,24.878417995047588,24.89923675487608,4772200
1999-01-28,27.147674560546875,27.230949635885978,25.48217305376486,25.898548430460362,5107400
1999-01-29,27.605680465698242,27.751411810539786,26.68965486955139,27.37667406666153,4867800
1999-02-01,26.471065521240234,27.688963541682668,26.31492474938864,27.688963541682668,4845600
1999-02-02,25.83608627319336,26.814568186843715,25.565442339630497,26.481467960920188,4435600
1999-02-03,26.252473831176758,26.31493015274181,25.815279580221393,26.0651048664816,4787600
1999-02-04,25.731992721557617,26.60638082374647,25.69035519288196,26.46064947338166,4441000
1999-02-05,25.62789535522461,25.981814300016502,25.482164025016186,25.711170401058,3194200
1999-02-08,25.69036102294922,25.981823789822222,25.211529334514992,25.898548713572794,2400800
1999-02-09,24.58696937561035,25.669545503918343,24.46205674542097,25.607089188823654,3107600
1999-02-10,25.586261749267578,25.648718043203953,24.482867223058317,24.524504752349234,3258000
1999-02-11,27.022754669189453,27.022754669189453,25.31561608454112,25.731991349089494,3819400
1999-02-12,26.065086364746094,26.772924173373386,25.56543614689154,26.75210541429611,4508000
1999-02-16,27.29339599609375,27.439127324829567,26.25245793369506,26.273276694943032,5425400
1999-02-17,27.16848373413086,27.522402679326436,26.564739651150177,27.106027449684582,3623600
1999-02-18,27.917966842651367,28.438436023163135,26.897847248848297,27.168491222714415,3997000
1999-02-19,27.189298629760742,28.126142763251735,26.981111044540523,28.06368648768567,3232600
1999-02-22,27.314237594604492,27.564062938457585,27.064412250751403,27.230962479986797,2545000
1999-02-23,28.06369972229004,28.188612332329903,26.814573621891373,27.39749913541075,2891800
1999-02-24,27.730588912963867,28.646614372551262,27.730588912963867,28.022051559196218,3872200
1999-02-25,27.022754669189453,27.730592618921687,26.648016931095917,27.730592618921687,2762000
1999-02-26,26.75211524963379,27.522409618689395,26.231646081352977,27.126853050795976,2634600
1999-03-01,28.105344772338867,28.126163546244303,26.772943242390948,26.856218338012695,3020000
1999-03-02,27.418319702148438,28.396801878307116,27.001944308038365,28.188614181252078,4249800
1999-03-03,27.855506896972656,27.876325661469643,27.189306433068975,27.480769136026833,7303200
1999-03-04,28.896453857421875,28.896453857421875,27.897152859470683,28.06370302579588,8938000
1999-03-05,30.1663875579834,30.2496626099033,28.313517652765647,29.396093327724333,6031600
1999-03-08,30.06229591369629,30.103933442662626,28.917263867121985,29.95820209128044,6388800
1999-03-09,30.145572662353516,30.49949167841706,29.75001611498838,29.77083488063918,3617400
1999-03-10,30.187198638916016,30.47866124646417,29.87491727368585,30.27047366964406,3296600
1999-03-11,30.145572662353516,31.061598350988568,29.937385005845552,30.187210193655112,4850800
1999-03-12,29.50019073486328,30.353760120981413,29.229546783167287,30.228847527890956,4392200
1999-03-15,30.353761672973633,30.47867427245089,29.35446087715557,29.62510484268963,3375400
1999-03-16,29.854110717773438,30.312123573973587,29.56264799110061,30.29130480778267,2240800
1999-03-17,30.1663875579834,30.312118898843224,29.562643431564133,29.72919353540393,2048000
1999-03-18,30.37457275390625,30.43702903784163,29.72919115324066,30.145566379476524,1489400
1999-03-19,29.29199981689453,30.60358189824802,29.271181053698445,30.520306845463672,4792600
1999-03-22,29.645925521850586,29.979025808612953,28.667443429486134,29.354462770933516,3157000
1999-03-23,29.458545684814453,30.103927251054202,28.938076679782395,29.62509576642471,3290200
1999-03-24,29.31281089782715,29.812461083585568,28.604973134669393,29.396085928786885,3973800
1999-03-25,30.1663875579834,30.187206320963377,29.29199951282446,29.312818275804435,2536600
1999-03-26,30.312114715576172,30.52030231664469,29.81246447301173,30.020652074080246,2876400
1999-03-29,30.582765579223633,30.81177199268276,30.31212163604466,30.437034225204187,2271200
1999-03-30,29.979019165039062,30.43703195783827,29.979019165039062,30.332938141292995,3287600
1999-03-31,30.499492645263672,31.061599335654194,30.166392384291505,30.187211150602266,3299000
1999-04-01,29.958206176757812,30.853413171615763,29.645924666923648,30.624406731070707,3752200
1999-04-05,30.06229591369629,30.208027265078474,29.77083321093192,29.95820209128044,2940200
1999-04-06,30.81178092956543,31.18651880573582,29.937392551834517,30.14558026081807,4052600
1999-04-07,30.270488739013672,31.228152069133774,29.708382001769262,31.144876996949417,5019000
1999-04-08,29.7500057220459,30.603574815540565,29.47936186313295,30.54111854040681,4689200
1999-04-09,29.937376022338867,30.12474485697103,29.583457112478115,29.77082594711028,2770400
1999-04-12,29.91657257080078,29.999847651025696,29.479378399619975,29.854116260632093,3289000
1999-04-13,29.583465576171875,29.937384587287234,29.422120144633993,29.937384587287234,2603200
1999-04-14,28.646625518798828,29.72920148317204,28.604987981707552,29.562651334806933,5972800
1999-04-15,27.730588912963867,28.854801977002943,27.37666998539601,28.750708174777102,8755400
1999-04-16,27.210134506225586,27.855516426419157,26.772940302223493,27.855516426419157,5563600
1999-04-19,25.98181915283203,27.52240778849675,25.461350019161518,27.314220135028545,6986000
1999-04-20,27.39749526977539,27.93878317024208,26.02345675320611,26.106731814816367,5248200
1999-04-21,28.022052764892578,28.72989065048422,27.39748992466466,27.564040015392106,4205800
1999-04-22,28.958879470825195,29.083791963150826,28.04285452710391,28.063673275824847,5326200
1999-04-23,29.02134895324707,29.312811568272505,28.188598624602964,28.917255162166555,3002200
1999-04-26,29.645925521850586,29.645925521850586,28.792356037022024,29.187912627552333,2253200
1999-04-27,29.22954750061035,29.979023077549076,29.104634904453896,29.729197885236168,3420000
1999-04-28,28.500886917114258,29.54182508063194,28.480068153843902,29.271181158117344,3640400
1999-04-29,27.022754669189453,28.625799437700692,26.89784208982494,28.563343148018436,5267000
1999-04-30,26.960304260253906,27.522410990004374,26.543928904883188,27.459954686698765,5427200
1999-05-03,28.06369972229004,28.06369972229004,26.73129854853146,26.960305000271216,4124600
1999-05-04,27.480762481689453,28.8339818463181,27.480762481689453,28.063687746452562,3811000
1999-05-05,27.27259063720703,27.68896606678271,26.231652063267834,27.647328523825145,10701600
1999-05-06,26.37736701965332,27.522398737159975,25.94017309115078,27.16847984265792,7035800
1999-05-07,26.294105529785156,27.314225221756235,25.69036122229207,26.981124914173844,9041400
1999-05-10,26.981115341186523,27.064390388535863,25.815264678295748,26.356552486066462,4303400
1999-05-11,27.439132690429688,27.855507996809504,26.981119853411894,27.293401333196755,5204200
1999-05-12,27.085203170776367,27.564034587323526,26.856196841123378,27.564034587323526,3537800
1999-05-13,27.751405715942383,28.126143377523,27.168480464594758,27.189299223571457,3866200
1999-05-14,27.022754669189453,27.938780251195876,26.856204563370103,27.647317566012013,3302000
1999-05-17,26.314918518066406,26.523106164570095,25.981818283660502,26.398193576667882,4232400
1999-05-18,25.83608627319336,26.43983043267975,25.69035492435182,26.39819290443931,4864800
1999-05-19,25.565448760986328,25.981824147973075,25.21152968204759,25.85691153187705,4282800
1999-05-20,25.4821720123291,26.190010123782688,25.273984332489814,25.648722156200535,2011600
1999-05-21,24.982515335083008,25.77362832069397,24.899240283966066,25.586259455680846,3579400
1999-05-24,25.89855194091797,26.29410860239501,24.524513011576662,25.06580107465051,5835600
1999-05-25,24.670251846313477,26.148385079299345,24.628614290454717,25.7111907427824,3683400
1999-05-26,24.482873916625977,24.691061619998646,23.775035725158897,24.670242849661378,4629400
1999-05-27,23.69175148010254,25.73199018401295,23.52520138182414,24.815964643481745,13214800
1999-05-28,24.14976692199707,24.462048390815998,23.691754101062642,23.899941746941927,8023800
1999-06-01,24.21223258972168,24.857614541812282,23.983226090592755,24.27468890766593,4024600
1999-06-02,24.795154571533203,24.920067189022035,23.733397322878126,24.2746853319964,2335200
1999-06-03,24.441232681274414,25.398895972022814,24.274682543752952,24.524507750035145,3412000
1999-06-04,25.607080459594727,25.690355517999915,24.52450470032731,24.52450470032731,2999000
1999-06-07,25.4405460357666,25.6279150327567,25.253177038776503,25.6279150327567,2454400
1999-06-08,25.10742950439453,25.336435909492657,25.003335683895383,25.336435909492657,2297400
1999-06-09,24.940874099731445,25.12824293687467,24.60777394481016,25.08660541750951,2401200
1999-06-10,24.628589630126953,25.0657835288866,24.149758217199714,24.878414715132465,3041400
1999-06-11,24.14976692199707,24.83678615339871,23.98321680529364,24.69105480128321,2176000
1999-06-14,23.899944305419922,24.462051009467253,23.525206502721698,24.19140704085187,2517200
1999-06-15,23.79585075378418,24.191407327994064,23.587663083147397,23.79585075378418,3134000
1999-06-16,25.471763610839844,25.523810532807232,23.899946567424717,23.94158410499863,4924800
1999-06-17,25.27397346496582,25.940173753992923,25.21151718786953,25.3988860191584,3652800
1999-06-18,24.75350570678711,25.06578710762967,24.586955626337744,24.73268694673094,4985800
1999-06-21,25.669530868530273,25.77362466767273,24.64941163693418,24.691049156591163,2411200
1999-06-22,25.232351303100586,25.64872673714515,24.774338325651566,25.41972024842064,2924400
1999-06-23,24.691051483154297,25.273976813279358,24.316313770931046,25.149064242538273,3320800
1999-06-24,24.233034133911133,24.732684322239198,24.233034133911133,24.732684322239198,2526400
1999-06-25,24.420408248901367,24.815964733751432,24.27467691237766,24.399589486540837,1753800
1999-06-28,25.502986907958984,25.52380567278181,24.35795484270368,24.39959237234933,3632200
1999-06-29,26.356557846069336,26.356557846069336,25.02415681751607,25.523807203223544,3925800
1999-06-30,26.668842315673828,26.710479852466452,25.565447590669372,26.231648179351307,5475000
1999-07-01,27.189298629760742,27.210117388282764,26.189998220703686,26.43982332296795,4624600
1999-07-02,27.251758575439453,27.43912742737143,26.772927064946632,27.210121052787905,1966200
1999-07-06,27.106033325195312,27.876327667001938,26.939483197237124,27.2725834531535,3887800
1999-07-07,27.45996856689453,27.56406245835357,26.731311326681254,27.106049335933797,3214800
1999-07-08,28.8339900970459,28.854808862458928,27.647320468503217,27.688957999329276,6527600
1999-07-09,28.62579917907715,28.93808062466708,28.313517733487217,28.896443098588424,2047800
1999-07-12,28.167795181274414,28.688264419657163,28.001245024991935,28.688264419657163,2335200
1999-07-13,27.93877410888672,28.29269300594415,27.77222403968322,27.980411626187593,2525800
1999-07-14,28.00124740600586,28.146978805144922,27.64732829381099,28.0637037199226,2035400
1999-07-15,27.980411529541016,28.584155528318316,27.647311392284575,28.10532408101218,3194000
1999-07-16,28.521711349487305,28.646623953937613,27.938785862052526,28.063698466502835,1913800
1999-07-19,28.60498046875,29.021355730303856,28.500886653361533,28.60498046875,1746400
1999-07-20,27.376684188842773,28.563354149880066,27.31422787510397,28.542535378633797,2597200
1999-07-21,26.648014068603516,27.730589640140533,26.481463980674743,27.43912698626518,3244800
1999-07-22,25.96099090576172,26.73128494225986,25.731984570586597,26.606372395800705,3882400
1999-07-23,25.669530868530273,26.294093663385024,25.502980789902338,26.12754358475709,2690800
1999-07-26,25.648723602294922,25.961005139660525,25.378079603244732,25.565448525664095,2689600
1999-07-27,25.669530868530273,26.106724824928598,25.565437069387812,25.960993506129157,3054200
1999-07-28,25.607080459594727,25.815268105607693,25.440530342784356,25.815268105607693,2422600
1999-07-29,24.795154571533203,25.648724124373555,24.607785645299952,25.60708658521061,5352000
1999-07-30,24.899250030517578,25.232350365374,24.295505673590313,25.024162656088734,6167800
1999-08-02,24.545305252075195,25.5654239606008,24.191386516464274,24.982498984300456,3896800
1999-08-03,24.524511337280273,24.940886741987917,24.21222978374954,24.899249201517154,3237200
1999-08-04,24.347557067871094,25.128261120923824,24.337147680497058,24.607791752222003,4803800
1999-08-05,24.56614875793457,24.56614875793457,23.941585653919287,24.441236137131515,6231200
1999-08-06,23.899944305419922,24.6910574444495,23.816669238153647,24.37877594220098,2885400
1999-08-09,23.87911605834961,23.983209851106146,23.65010971428523,23.96239109255484,4772200
1999-08-10,24.024856567382812,24.23304423261143,23.81666890215419,23.858306435199914,6839200
1999-08-11,25.0657958984375,25.10743343315251,24.149770134707225,24.316320273567275,3248000
1999-08-12,24.982515335083008,25.60707821846008,24.857602758407594,25.357253065109255,6217600
1999-08-13,24.920061111450195,25.398892695045312,24.878423582441922,25.35725516603704,3092600
1999-08-16,25.211530685424805,25.357262076670036,24.815974052044893,24.982524213468015,2430800
1999-08-17,26.314918518066406,26.314918518066406,25.315617814848693,25.39889287345017,4235600
1999-08-18,26.21082878112793,26.7312979785292,26.148372477439775,26.314922620608183,3983600
1999-08-19,25.586261749267578,26.148368394694938,25.523805455331207,26.148368394694938,2032800
1999-08-20,26.148366928100586,26.19000445505616,25.523804023766974,25.69035413158927,2530800
1999-08-23,26.668842315673828,26.772936157655383,26.065098032180824,26.148373105766066,1903600
1999-08-24,27.12685203552246,27.210127099330666,26.27328263148837,26.502289056960933,2878400
1999-08-25,26.148366928100586,26.89784241330092,25.39889144290025,26.89784241330092,6632000
1999-08-26,26.148366928100586,26.648017251567477,25.815266712455994,26.148366928100586,3258600
1999-08-27,25.669530868530273,26.23163738389955,25.39888699075988,26.106724824928598,2396600
1999-08-30,25.33642578125,25.77361965257806,25.190694490807314,25.56543209480279,1961600
1999-08-31,24.899250030517578,25.482175616516315,24.399599528232944,25.273987907231053,3982000
1999-09-01,24.58696937561035,24.982526037876735,24.44123797372274,24.940888494480273,4230800
1999-09-02,24.024856567382812,24.39959436479433,23.62930000344843,24.39959436479433,6671800
1999-09-03,24.670251846313477,24.691070624242855,24.19141995393777,24.274695065655283,4323600
1999-09-07,24.19140625,24.96170059703098,24.149768717728055,24.649419104991395,2387400
1999-09-08,23.962383270263672,24.191389539571144,23.691739497445752,24.149752036060693,4148000
1999-09-09,23.83749008178711,24.06649653672131,23.650121164113674,24.035268383775737,2886400
1999-09-10,23.275375366210938,24.02485078050753,23.233737843194458,23.98321325749105,9282600
1999-09-13,22.921457290649414,23.192101200529923,22.81736347915691,23.150463675932922,5822800
1999-09-14,22.505088806152344,22.754914028792335,21.77643190678571,22.734095260239002,9291800
1999-09-15,22.338531494140625,23.10882568359375,22.317712732263512,22.796544255437077,7194800
1999-09-16,22.213623046875,22.671635893202318,21.818066497774133,22.46344823578081,4296400
1999-09-17,22.484268188476562,22.650818323206018,21.963799017447013,22.296899286905923,7142400
1999-09-20,22.026256561279297,22.400994385573274,21.901343953181303,22.317719313507943,5946800
1999-09-21,22.234437942504883,22.276075466741784,21.901337748609677,21.98461279708348,12887800
1999-09-22,22.79654884338379,22.879823907651858,21.90134190250205,22.27607969170836,7955800
1999-09-23,23.42111587524414,23.81667249891493,22.983921712239585,22.983921712239585,11141400
1999-09-24,24.087305068969727,24.64941158311163,23.15046087873322,23.358648476563555,11556800
1999-09-27,24.12895393371582,24.52451055558001,24.02486008585682,24.316322859862016,3626400
1999-09-28,24.12895393371582,24.462054246864614,23.754216081423426,23.879128698854224,3820000
1999-09-29,23.441930770874023,24.233043887475453,23.441930770874023,24.128950056343687,4991200
1999-09-30,23.98321533203125,24.087309148576523,23.275377379523384,23.629296355777317,5967800
1999-10-01,24.31631851196289,24.586962468003573,23.483567877991558,23.983218258374357,10459200
1999-10-04,25.731992721557617,25.731992721557617,24.37877303959868,24.399591803936513,9530200
1999-10-05,26.419021606445312,26.793759501572193,25.898552307657972,25.94018985156096,8899000
1999-10-06,26.231639862060547,26.37737119462755,25.960995958721828,26.37737119462755,7703600
1999-10-07,26.023454666137695,26.856205215454104,25.815267028808595,26.35655488586426,4167600
1999-10-08,27.51198959350586,27.56403649020186,25.940173313286646,26.044267106678646,5562200
1999-10-11,27.959596633911133,28.10532796409533,26.897839799711974,27.293396267354797,4517200
1999-10-12,26.897850036621094,27.95960727490877,26.392994879199996,27.95960727490877,4566600
1999-10-13,25.711162567138672,26.689644057547998,25.39888124041229,26.648006547317813,6480400
1999-10-14,26.294105529785156,26.439836914352455,25.273985837814077,25.877730145307165,4384000
1999-10-15,24.815963745117188,25.94017686779867,24.58695736827466,25.94017686779867,5915600
1999-10-18,24.628589630126953,24.98250850055143,24.31630827387006,24.98250850055143,3820800
1999-10-19,24.75350570678711,25.149062147854355,24.711868186674767,24.899237027180305,4917600
1999-10-20,25.27397346496582,25.27397346496582,24.815960766259682,24.940873320452265,2938600
1999-10-21,24.482873916625977,25.107437026743984,24.44123637595144,25.107437026743984,5504200
1999-10-22,24.836782455444336,25.190701400744047,24.649413602050373,24.774326170979684,5250600
1999-10-25,24.649415969848633,24.815966077753014,24.316315754039866,24.815966077753014,4052600
1999-10-26,23.98321533203125,24.8367846277025,23.94157780541314,24.8367846277025,7368000
1999-10-27,23.98321533203125,24.045671621958412,23.504383775922985,24.035262240303886,5450600
1999-10-28,26.085912704467773,26.106731469595044,24.191405077886316,24.274680138395393,5336800
1999-10-29,26.75211524963379,27.480772085226928,26.314921148277907,26.35655868174037,6750600
1999-11-01,26.169189453125,27.106033944286995,26.148370686654737,26.64802108194113,4382200
1999-11-02,26.83538818359375,27.27258225020001,26.43983164714047,26.481469177293445,4100400
1999-11-03,27.085203170776367,27.85549718870006,26.897834355605738,26.960290627329282,4689600
1999-11-04,27.106033325195312,27.959602730981032,27.022758261216218,27.501589879096013,6434800
1999-11-05,28.48007583618164,28.521713373953833,27.39749985410456,27.39749985410456,5181000
1999-11-08,28.813161849975586,28.813161849975586,27.855498956118016,28.146961575987714,3598400
1999-11-09,28.39679527282715,28.625801686317693,28.022057505297173,28.625801686317693,5175400
1999-11-10,28.375978469848633,28.938085160007045,27.647321649272918,28.375978469848636,4823600
1999-11-11,29.812463760375977,29.812463760375977,28.355150587731902,28.3759693473411,6676200
1999-11-12,29.604286193847656,30.187211660393178,29.562648660522974,29.979023993769776,7712000
1999-11-15,29.06300926208496,29.6459349492901,28.896459065740633,29.541841076574897,3316600
1999-11-16,29.00054359436035,29.312825111887566,28.750718380338586,29.229550040546975,3390000
1999-11-17,28.66743278503418,29.104626749076097,28.396788902532045,28.917257907343846,3189000
1999-11-18,28.646625518798828,28.66744428734447,28.313525222068613,28.66744428734447,2355200
1999-11-19,28.438430786132812,28.54252460306595,27.91796170146713,28.52170583967932,2506000
1999-11-22,27.58485984802246,28.480066620448852,27.56404108587301,28.4592478582994,2785800
1999-11-23,28.54251480102539,29.104621219426328,27.730583307779593,27.772220820253736,5127200
1999-11-24,29.02134895324707,29.146261502543684,28.417604964980093,28.4800612396284,2196000
1999-11-26,29.479372024536133,29.625103383414487,28.979721651238908,29.02135918234701,1210200
1999-11-29,30.749319076538086,30.811775377979938,29.47937428055378,29.500193047701064,5585400
1999-11-30,30.5411376953125,30.895056809709438,30.437043838136926,30.686869095358297,3812600
1999-12-01,31.79026985168457,32.37319555950852,30.187224155168714,30.45786823380126,6191200
1999-12-02,31.85271453857422,31.935989609263302,29.312824882557187,31.4363391851288,10037600
1999-12-03,32.87285232543945,32.89367110461959,32.060919937414035,32.060919937414035,8162800
1999-12-06,32.643821716308594,32.87282811865514,32.04007756466768,32.66464048015828,3243800
1999-12-07,31.811079025268555,32.7895611680615,31.60289133531261,32.51891717111877,3196400
1999-12-08,30.707691192626953,31.727811103432863,30.5203222294177,31.665354782363114,2696600
1999-12-09,30.624404907226562,31.519611848770232,30.103935755166287,31.477974316605412,8479400
1999-12-10,30.561946868896484,30.89504710724958,30.22884663054339,30.728496988073033,3850800
1999-12-13,31.290603637695312,31.686160170706763,30.45785304188173,30.645221925939786,6324200
1999-12-14,30.457866668701172,31.45716783076382,30.395410346072254,31.353073959715626,3689200
1999-12-15,30.416213989257812,30.541126572375916,30.14557005916859,30.395395225404798,5532600
1999-12-16,29.979019165039062,30.35375690460205,29.812469058566624,30.22884432474772,2600400
1999-12-17,30.1663875579834,30.43703147672307,29.85410611328378,30.374575187783147,6838200
1999-12-20,29.416908264160156,30.56194007911331,29.39608950388828,30.166383633947675,3361200
1999-12-21,29.02134895324707,29.47936163400133,28.771523854653836,29.43772411756912,7052400
1999-12-22,29.146282196044922,29.18791974203927,28.64663164411272,29.000550785064696,3994000
1999-12-23,29.68755340576172,29.760419069801102,29.167084376908953,29.271178182679506,4285800
1999-12-27,29.812463760375977,30.22883895256,29.31281352975515,29.66673244311157,4122000
1999-12-28,30.39539337158203,30.645218522581334,29.85410554441687,29.958199357333246,4454400
1999-12-29,30.270488739013672,30.666045331889364,30.208032434875403,30.35376381119803,1591400
1999-12-30,30.416213989257812,30.499489044669883,30.270482642286694,30.45785151696385,1798600
1999-12-31,30.39539337158203,30.47866842191513,30.020655645083075,30.47866842191513,1163000
2000-01-03,29.645925521850586,30.332944863297968,29.29200646716557,30.332944863297968,6057400
2000-01-04,28.022052764892578,29.687553672167027,27.959596480869788,29.625097388144237,5722800
2000-01-05,28.500886917114258,28.604980733466025,27.876324019003643,28.12614917824789,7726400
2000-01-06,29.073400497436523,29.68755396301073,28.813165978125422,28.854803501215198,7221400
2000-01-07,30.9991397857666,31.061596078148938,28.917263373022035,28.93808213714948,5164800
2000-01-10,31.644515991210938,31.66533475173147,30.582759204663727,30.999134415074398,4454000
2000-01-11,30.52031898498535,31.686170187686017,30.478681442031753,31.39470738701085,2955000
2000-01-12,30.47865104675293,31.4779510810727,29.937363528163058,31.019938565342805,4687400
2000-01-13,31.62370491027832,32.0192614562265,30.270485147824015,30.832591818381957,5750800
2000-01-14,32.685462951660156,33.4765760676876,31.977624900477707,32.060899965322704,4571000
2000-01-18,34.14278030395508,34.47588059960342,32.14417853006502,32.47727882571336,5932000
2000-01-19,34.55915069580078,35.39190131497671,33.39329982895449,34.60078822675958,4130500
2000-01-20,33.310020446777344,35.39189672470093,33.310020446777344,34.89224641799927,5551900
2000-01-21,32.31072998046875,34.30933183493074,31.977629671391753,34.26769429629611,3520200
2000-01-24,31.311424255371094,34.142776448675924,30.97832399733523,32.102537368206264,5005500
2000-01-25,33.10182571411133,33.143463230732856,30.47866216695534,31.686150148979525,3730800
2000-01-26,33.60149002075195,34.64242837331552,32.43563906588076,32.727101804598554,3782800
2000-01-27,32.60218811035156,34.22605188596294,30.97832433474018,33.68476396075915,3109600
2000-01-28,30.64522361755371,33.14347554289776,30.561948553375576,32.39399996529455,2834600
2000-01-31,32.60218811035156,32.976925904723416,29.97902354974856,30.68686160578429,3249700
2000-02-01,34.55915069580078,34.72570081963597,31.977623776355422,32.85201192649014,4530500
2000-02-02,35.93318176269531,35.97481928501593,33.976218213626154,34.64241857075608,4945700
2000-02-03,36.09975051879883,36.641038588861555,35.475187361034145,35.97483788724589,4640800
2000-02-04,35.308624267578125,36.76593776918807,35.05879909587356,36.474475068866084,3273700
2000-02-07,34.14278030395508,34.80898089525176,33.9762301561309,34.64243074742759,2566700
2000-02-08,35.35026931762695,35.80828222986947,34.47588103061851,34.60079364304829,2440700
2000-02-09,35.22534942626953,35.30862448401485,34.267686262198374,34.6424240220523,1466800
2000-02-10,34.72571563720703,35.225366221915046,34.55916544230436,35.18372867318938,2761800
2000-02-11,34.43423080444336,34.85060602577883,33.97621806097435,34.72569345937819,2071000
2000-02-14,33.8096809387207,34.39260647214692,33.31003048149823,34.35096893404505,1856300
2000-02-15,32.893638610839844,33.643113920960246,32.31071336963509,33.351651300357865,2675400
2000-02-16,31.811079025268555,32.852017475048285,30.895053189462395,32.76874239906591,4231600
2000-02-17,29.31281089782715,31.97761188853871,28.979710773988206,31.97761188853871,6955400
2000-02-18,29.937376022338867,30.603576323253225,27.897137600788653,29.14626316500307,6004200
2000-02-22,29.31281089782715,30.14556120742451,28.39678555727005,29.854098599065434,3769600
2000-02-23,29.68755340576172,30.14556615115215,29.073399951715455,29.562640838837055,4267300
2000-02-24,29.562641143798828,30.02065389391402,28.646615643568442,29.781238138171986,3990500
2000-02-25,31.686180114746094,32.206649564725495,29.146289198846603,29.479389646833422,7698400
2000-02-28,32.60218811035156,33.72640149346713,31.47797472723599,31.47797472723599,6621300
2000-02-29,33.06019592285156,33.31002108095875,32.0608952904228,32.56054560663718,3681800
2000-03-01,30.97832679748535,33.185116206446,30.728501581376594,32.93529099033724,4624400
2000-03-02,33.06019592285156,34.559146871494704,31.644520026910815,31.686157553262014,7841800
2000-03-03,33.26839065551758,34.14277889552493,32.56055255646402,33.43494079647136,2430500
2000-03-06,33.39329528808594,33.476570338679664,32.72709488333609,33.22674518689848,3419200
2000-03-07,30.228858947753906,33.35167495475328,29.97903366719396,33.330856181373285,7506100
2000-03-08,30.39539337158203,30.895043673580638,28.23024206292139,30.853406148414088,6526600
2000-03-09,29.68755340576172,30.353753762693255,29.10462809344662,30.312116240385034,4937300
2000-03-10,29.396106719970703,30.81178324756136,29.271194085183293,29.770844624332938,4934000
2000-03-13,28.646625518798828,29.979026705719708,28.230250147886057,29.31282611225927,3747300
2000-03-14,28.854806900024414,30.312120379823625,28.729894316041623,28.9797194840072,2097100
2000-03-15,33.185115814208984,33.64312870499481,28.646624441876764,28.771537048454714,5515300
2000-03-16,37.276004791259766,37.348870480603196,32.144178384644,32.560553752320736,12820600
2000-03-17,35.93318176269531,36.557744597504616,34.808968660038566,36.474469552863376,7765900
2000-03-20,34.850608825683594,35.89154696265145,33.9762207906306,35.808271911694014,3873800
2000-03-21,34.767337799072266,35.4751758141432,34.6424252081774,34.72570026877398,4335200
2000-03-22,35.22534942626953,36.64102540793994,34.72569907979762,34.8506116664156,5072800
2000-03-23,35.72499465942383,35.97481979690232,34.64241906368371,35.14206933864069,2929400
2000-03-24,35.891544342041016,36.6826572683737,35.516806640093954,35.84990681960245,5254700
2000-03-27,35.6000862121582,36.39119923909505,35.1420734070895,35.47517362895765,2459100
2000-03-28,34.05950927734375,37.099049836324305,33.47658369068994,35.47518570207442,6036600
2000-03-29,33.64311599731445,34.10112871509968,32.93527816073729,34.10112871509968,5350400
2000-03-30,33.47657775878906,34.85061639814234,33.143477482582206,33.49739652605199,8942800
2000-03-31,35.01716995239258,35.14208256815616,32.9769305615873,34.184419180635324,9953300
2000-04-03,34.975528717041016,35.475179127284456,33.26838981537592,34.30932817004976,4199700
2000-04-04,36.01647186279297,36.80758511758265,33.143481621714685,35.93319678334143,9565100
2000-04-05,35.64171600341797,36.64101645211193,35.30861585385331,35.93317863428704,2591700
2000-04-06,34.55915069580078,36.47447711990541,33.72640007662486,36.30792699607022,4240500
2000-04-07,35.183719635009766,36.26629562377929,33.80968088003305,34.14278118426983,2588400
2000-04-10,36.14137649536133,36.72430192270587,34.05949996913084,34.80897551857382,5795900
2000-04-11,38.264888763427734,38.38980134916254,34.97552400574461,35.64172446299689,7303000
2000-04-12,36.68266677856445,40.30513216986423,36.474479112397795,38.01506784203104,7751400
2000-04-13,36.39120864868164,39.1392861896576,36.30793357168237,37.47378464967217,6418200
2000-04-14,33.8929557800293,36.05810774632109,33.559855477522866,36.05810774632109,4131600
2000-04-17,32.72709274291992,33.47656814924633,30.853404227103894,32.97691787836206,7134400
2000-04-18,33.934600830078125,34.3926138474166,32.47728668400115,32.810387060247315,5177100
2000-04-19,34.808990478515625,35.350278607966224,32.976938348067435,34.059514606968634,3508700
2000-04-20,36.51612091064453,37.05740890589924,34.39260646772222,34.72570677249434,4288000
2000-04-24,37.30721664428711,38.72289227587836,35.475165826933726,35.475165826933726,5967100
2000-04-25,37.97341537475586,38.056690408472434,36.64101483529074,37.72359027360615,3733300
2000-04-26,36.599403381347656,37.973442416142284,36.39121564880302,37.70279836383425,3081000
2000-04-27,37.34885025024414,37.640312849744376,34.39258674102749,35.308612053742515,5615600
2000-04-28,36.01647186279297,37.223960514840364,35.64173400526102,37.14068543538882,3699000
2000-05-01,38.93107604980469,39.30581368023062,35.225337260037186,36.01645003538081,3629500
2000-05-02,36.47447967529297,38.97273170784728,36.30792953978935,37.806880759321935,3729600
2000-05-03,34.767337799072266,35.0588005111603,33.559849420421855,34.68406273847569,7462700
2000-05-04,32.60218811035156,34.892252409290684,30.853411736616227,34.350964484086894,9973900
2000-05-05,32.51890563964844,33.89294390611246,31.394692512541514,31.85270526802952,4189400
2000-05-08,31.60287094116211,32.47725867471205,31.144858318826426,32.393983652469196,3451500
2000-05-09,32.76872634887695,33.559839183220866,31.769425926547793,32.019251032130086,2988400
2000-05-10,32.60218811035156,33.64312642805116,32.2274503159797,32.64382564305954,3644300
2000-05-11,33.185115814208984,33.47657856289087,32.31072756816333,32.97692813657907,2339900
2000-05-12,31.85271453857422,33.39330334632225,31.811077003229677,32.97692799287684,2610000
2000-05-15,32.60218811035156,32.935288372015435,31.353062129112036,31.89435005431583,3392900
2000-05-16,34.18441390991211,34.975527021103744,33.06020054137664,33.10183807354461,2932400
2000-05-17,31.800662994384766,33.518211077551214,31.56124720097369,33.518211077551214,4054800
2000-05-18,31.144868850708008,32.22744450594652,30.97831874990208,31.811069253931706,3042200
2000-05-19,29.979019165039062,30.645219590928818,29.85410658518473,30.530716392729015,4730400
2000-05-22,28.72989273071289,30.312118707186936,27.813867165385815,30.145568604400193,8660100
2000-05-23,27.06439208984375,29.479368614783656,27.022754563551683,28.60498056265024,8692300
2000-05-24,21.23514175415039,22.234442542580997,17.27957613327924,18.986714980181528,40016500
2000-05-25,19.986013412475586,21.651514530181885,19.7778257727623,21.318414306640626,33098200
2000-05-26,20.568939208984375,20.902039439089386,20.027651335063734,20.40238909393187,15012800
2000-05-30,21.65151596069336,21.901341144855206,20.86040287751418,21.151865592369667,28791800
2000-05-31,21.276777267456055,21.85970267204389,21.0685896229604,21.651515027548236,16909700
2000-06-01,21.568235397338867,21.77642299769928,21.235135236762204,21.77642299769928,15637200
2000-06-02,22.817365646362305,22.94227823201757,21.568239789809624,21.942977546775428,12979600
2000-06-05,22.151168823242188,22.859006924736768,21.98461868171405,22.817369389354734,6547400
2000-06-06,21.151870727539062,22.02625908438615,21.151870727539062,21.98462154358391,12969000
2000-06-07,21.81806182861328,22.317712099497555,21.318411557729007,21.360049080302698,7443500
2000-06-08,21.360048294067383,21.901336067601253,21.276773251985247,21.859698546560185,10472800
2000-06-09,21.526609420776367,21.776434675176095,21.15187153917678,21.568246963176325,7604100
2000-06-12,20.943679809570312,21.484967756934953,20.860404740744983,21.484967756934953,8322600
2000-06-13,21.401695251464844,23.10883436685406,20.818769699868525,20.943682318067737,6943800
2000-06-14,21.69315528869629,22.317718300846856,21.31841748140595,21.65151775455292,3403400
2000-06-15,22.10952377319336,22.359348900574076,21.318410869821093,21.901336167042764,3251500
2000-06-16,21.65151596069336,22.276078921097973,21.484965837918793,22.234441390404335,3507800
2000-06-19,21.318416595458984,21.942979581654072,21.27677906304598,21.484966725111008,6770200
2000-06-20,21.068586349487305,21.734786708364375,20.90203625976804,21.69314918593456,6683800
2000-06-21,21.568235397338867,21.984610598059692,20.985310116329707,21.068585156473873,4953000
2000-06-22,21.318416595458984,22.22403292544186,21.27677906304598,21.609879322350025,5329500
2000-06-23,21.318416595458984,21.65151685476303,20.985316336154938,21.318416595458984,7073400
2000-06-26,21.23514175415039,21.484966951258045,21.15186668844784,21.44332941840677,6453500
2000-06-27,21.98461151123047,22.10952407663519,21.193498597000588,21.23513611880216,4771400
2000-06-28,21.526609420776367,22.067897471975776,21.36005925117655,21.984622387175865,6008900
2000-06-29,21.360048294067383,21.609873420313786,21.276773251985247,21.443323336149515,6545300
2000-06-30,21.98461151123047,22.276074163841482,21.318411162405305,21.40168620600845,6764800
2000-07-03,22.775732040405273,22.817369576128133,21.90134379022518,21.984618861670903,2559000
2000-07-05,22.151168823242188,22.9006444601188,21.942981146332016,22.9006444601188,3182200
2000-07-06,21.901336669921875,22.109524280852693,21.31841135931559,22.109524280852693,4599900
2000-07-07,23.025548934936523,23.233736538326546,21.568235711206366,21.9013358766304,6814100
2000-07-10,24.691051483154297,24.73268900673466,22.817362922038036,23.108825587100565,9257200
2000-07-11,23.69175148010254,24.732689594342546,23.067188611558535,24.649414545203346,8824400
2000-07-12,24.357948303222656,24.524498377090843,23.233735304612377,23.81666056315104,4114200
2000-07-13,24.31631851196289,24.399593575360022,23.44193034629299,24.06649332177149,4144100
2000-07-14,23.98321533203125,24.691053284539116,23.858302752176918,24.691053284539116,2317000
2000-07-17,23.650108337402344,24.149758513544644,23.608470822723817,23.983208454830546,2640300
2000-07-18,22.567546844482422,23.733397972979667,22.484271763875476,23.65012289237272,5846200
2000-07-19,21.942974090576172,22.734087008452732,21.734786480608655,22.671630725462478,5116900
2000-07-20,21.942974090576172,22.400986832504707,21.818061524595663,22.026249134563177,8632300
2000-07-21,21.48496437072754,22.067889760631,20.818763925123587,21.818064593529517,4244100
2000-07-24,21.110227584838867,21.526602882370206,20.860402406320063,21.526602882370206,5255000
2000-07-25,21.110227584838867,21.360052763357672,20.985314995579465,21.23514017409827,5155000
2000-07-26,20.860397338867188,21.526597653082504,20.77712229959027,21.193497495974846,9050400
2000-07-27,21.276777267456055,21.651515027548236,20.902039507363874,20.943677036263004,5947200
2000-07-28,21.48496437072754,22.40098998343298,21.151864147925565,21.526601898577788,4176200
2000-07-31,21.69315528869629,21.859705425269773,21.287189330798423,21.443330083836063,4271700
2000-08-01,21.65151596069336,22.15116632901705,21.068590530982384,21.484965837918793,4409600
2000-08-02,22.359357833862305,22.484270447459302,21.60988215228033,21.651519690145996,6514000
2000-08-03,23.025548934936523,23.233736538326546,21.984610917986412,22.192798521376435,8989000
2000-08-04,23.650108337402344,23.85829591079497,22.98390810254594,23.025545617224463,6877100
2000-08-07,24.441232681274414,24.482870215654778,23.15046911548309,23.483569390526014,4613700
2000-08-08,25.02414321899414,25.35724329512052,24.1497555191624,24.274668047709792,8621900
2000-08-09,24.108139038085938,24.857614863104153,23.19211302973034,24.857614863104153,6953300
2000-08-10,22.900634765625,24.19139781605114,22.85899724786932,24.14976029829546,3753800
2000-08-11,23.275375366210938,23.5252005043098,23.150462797161502,23.192100320177982,3365300
2000-08-14,23.816675186157227,24.357963258569892,23.23374956971282,23.317024657776308,3540300
2000-08-15,23.150470733642578,24.024859016747783,23.025558121770406,23.89994640487561,2510400
2000-08-16,22.026256561279297,22.56754452970393,21.609881200952657,22.151169169377287,6530600
2000-08-17,21.98461151123047,22.067886554833617,21.609873815016314,21.98461151123047,4366600
2000-08-18,22.276086807250977,22.609187170723885,21.734798716607493,21.942986443778064,3310800
2000-08-21,21.81806182861328,22.400987144644933,21.318411557729007,22.359349622071242,4049000
2000-08-22,21.942974090576172,22.317711788517702,21.54741763163789,21.901336568582668,4071600
2000-08-23,21.48496437072754,22.026252232780752,21.401689315027046,21.776427065679272,3638800
2000-08-24,21.568235397338867,21.713966717591155,21.31841027690637,21.693147957555116,3884800
2000-08-25,21.942974090576172,22.06788665655668,21.609873914628146,21.65151143662165,2080400
2000-08-28,22.026256561279297,22.650819601769257,21.901343953181303,21.984619025246634,2225800
2000-08-29,23.150470733642578,23.941583942166332,21.942982152211577,21.942982152211577,6173600
2000-08-30,23.733394622802734,23.816669691654674,22.90064393428334,23.025556537561247,5564400
2000-08-31,22.94228172302246,23.691757350997786,22.77573158347239,23.441932141672677,4108200
2000-09-01,23.52520179748535,23.73338942401177,23.025551493821943,23.19210159504308,3419900
2000-09-05,24.108139038085938,24.441239404760697,23.317025667233374,23.566850942239448,3686000
2000-09-06,24.357948303222656,24.815961006360176,24.066485673953323,24.14976071088742,2586400
2000-09-07,24.31631851196289,24.69105629724999,24.274680980264325,24.399593575360022,1463700
2000-09-08,25.10742950439453,26.023455124787034,24.066491299403047,24.274678940401344,7152500
2000-09-11,25.0657958984375,25.60708384973266,24.233045204137248,25.23234603729755,5270300
2000-09-12,25.076196670532227,25.315612412924192,24.73268712710028,25.2739748925082,2099100
2000-09-13,25.565448760986328,25.981824147973075,24.81597306441018,25.065798296602228,5624600
2000-09-14,24.774314880371094,25.731977472385438,24.566127360367975,25.607064960383568,2115900
2000-09-15,23.52520179748535,25.440527961528407,23.150464069737797,25.35725291091784,11525200
2000-09-18,22.692459106445312,23.566847438987242,22.609184027155603,23.525209899342386,5336100
2000-09-19,22.276086807250977,23.15047526136737,21.734798716607493,23.108837715933255,4861200
2000-09-20,22.817365646362305,23.192103403328108,22.359352832292988,22.400990360844744,4278900
2000-09-21,23.566843032836914,23.775030692137594,22.775729927494332,22.817367459354468,4115900
2000-09-22,23.275375366210938,24.066488303524007,22.69245004398025,23.192100320177982,3307900
2000-09-25,23.233739852905273,23.650115119086372,22.983914693196613,23.31701490614149,3697100
2000-09-26,22.525903701782227,23.150466650999846,22.234440992147334,23.108829121052004,5523300
2000-09-27,23.025548934936523,23.192099017648545,22.60917372815648,22.734086290190493,3937500
2000-09-28,23.899944305419922,23.983219372686193,22.983918565490935,23.192106233656613,2934700
2000-09-29,23.275375366210938,24.23303839558992,22.983912705095594,23.941575734474576,4181000
2000-10-02,21.942974090576172,22.98391214041375,21.859699046589167,22.359349310511202,7922100
2000-10-03,22.53630828857422,22.817361555914406,22.067886176340576,22.151161218515448,4915900
2000-10-04,22.973506927490234,23.775029371267646,22.650816073501925,22.650816073501925,5942600
2000-10-05,22.40098762512207,23.23373809445746,21.818062296587296,22.96309419192346,5810600
2000-10-06,22.317720413208008,22.73409579405144,21.901345032364574,22.58836441075624,3321000
2000-10-09,22.775732040405273,22.983919719019582,22.23444407600807,22.276081611730934,1949800
2000-10-10,21.98461151123047,23.3170122088808,21.98461151123047,22.8589994690635,3668300
2000-10-11,20.402389526367188,21.818065534319196,19.944376700265067,21.7347904750279,16752800
2000-10-12,20.81876564025879,22.067891578674317,19.528002170562743,19.986015014648437,14440100
2000-10-13,21.401695251464844,21.776433106062477,20.31911922707168,20.402394305871155,9110200
2000-10-16,21.318416595458984,21.401691660284996,21.15186646580696,21.36005412787199,6141400
2000-10-17,21.318416595458984,21.56824178993702,21.235141530632973,21.380872894078493,4251600
2000-10-18,21.98461151123047,22.817361947261926,20.902035944389574,21.23513611880216,3949200
2000-10-19,23.275375366210938,23.275375366210934,21.984612152700134,22.067887198733086,3476000
2000-10-20,22.858999252319336,23.317011987793858,22.484261559658364,22.484261559658364,5402400
2000-10-23,22.359357833862305,22.85900828825029,22.06789506880265,22.77573321251896,5616100
2000-10-24,22.60919189453125,22.817379665199127,22.317729015596225,22.484279232130525,3373600
2000-10-25,21.98461151123047,22.69244938185721,21.81806142402418,22.650811860055637,4199200
2000-10-26,21.98461151123047,22.10952407663519,21.69314885861946,22.005430272131257,5823200
2000-10-27,22.442617416381836,22.65080496198835,21.984604816047515,22.026242325168816,2788700
2000-10-30,23.025548934936523,23.358649100360562,22.44262364544446,22.463442405783464,5440400
2000-10-31,24.399593353271484,24.482868415910637,23.192104945003784,23.31701753896251,6663200
2000-11-01,23.816675186157227,24.60778852276035,23.60848746599851,24.44123834663338,7439000
2000-11-02,24.108139038085938,24.149776583920282,22.10953683803736,22.56754984221516,13263900
2000-11-03,23.52520179748535,23.94157705053819,23.025551493821943,23.94157705053819,3134900
2000-11-06,23.025548934936523,23.98321191053063,22.942273893580516,23.650111745106592,4297900
2000-11-07,23.816675186157227,23.816675186157227,22.151173424887492,22.48427377714144,5333000
2000-11-08,23.69175148010254,24.774327118912144,23.60847643096334,24.586958258348943,7043500
2000-11-09,22.692459106445312,23.6917600579218,22.56754648751075,23.650122518276948,4568400
2000-11-10,21.98461151123047,22.640402479605243,21.942973989428896,22.609174338254064,3439300
2000-11-13,22.94228172302246,23.233744467235088,21.6515181415094,21.81806828105947,3553000
2000-11-14,24.56614875793457,24.649423838469943,23.0255597680302,23.067197308297885,5160800
2000-11-15,24.482873916625977,24.56614899797504,23.983223428531566,24.420417605614173,2875400
2000-11-16,23.52520179748535,24.316314778285744,23.400289221569498,24.25385849032782,2934700
2000-11-17,24.024856567382812,24.23304423261143,23.40029357169695,23.52520617083412,3627100
2000-11-20,23.275375366210938,24.139353968802844,22.983912705095594,23.941575734474576,2533500
2000-11-21,24.024856567382812,24.149769166519985,22.98391824123971,23.441931104742675,4931300
2000-11-22,22.98391342163086,23.983214005180027,22.90063837300176,23.733388859292738,5789100
2000-11-24,23.608478546142578,23.77502865934288,23.067190678241605,23.150465734841752,1882200
2000-11-27,24.441232681274414,24.899245559458432,23.650119528047473,23.69175706242784,5201400
2000-11-28,23.483579635620117,24.524518449255762,23.150479215256713,24.482880896710334,4719800
2000-11-29,24.27467918395996,24.357954241194815,23.067190854054576,23.483566140228845,7710500
2000-11-30,21.734790802001953,23.317016952339262,21.360053029553644,23.10882930097909,16636900
2000-12-01,21.734790802001953,22.442628816626538,21.651515741457885,22.151166104722297,5616500
2000-12-04,22.73409080505371,22.98391597873562,21.568239994538136,21.77642763927306,4816000
2000-12-05,23.52520179748535,24.316314778285744,22.31771356363212,22.52590119015854,6070700
2000-12-06,22.40098762512207,23.56683828219162,22.151162484321453,23.52520075872485,8525300
2000-12-07,22.10952377319336,22.56753650672467,21.984611209503,22.15116129442348,5390900
2000-12-08,22.151168823242188,22.650819247826597,21.568243327893708,22.609181712444563,5813100
2000-12-11,21.942974090576172,22.317711788517702,21.818061524595663,21.984611612569676,5362000
2000-12-12,22.10952377319336,22.734086591645152,21.56823599720181,21.984611209503,5832400
2000-12-13,21.81806182861328,22.400987144644933,21.651511738318522,22.317712099497555,6521500
2000-12-14,23.275375366210938,23.566838027326277,21.15186169237058,22.317712336831953,18573700
2000-12-15,23.233739852905273,23.94157780541314,22.817364586724175,23.275377379523384,9228000
2000-12-18,24.27467918395996,24.56614188428195,23.275378497141713,23.317016025759138,8417400
2000-12-19,22.60919189453125,24.274694059874253,22.567554340397674,24.233056505740677,5798600
2000-12-20,22.94228172302246,23.525207211447714,22.44263130437224,22.484268839259762,5202600
2000-12-21,23.733394622802734,24.441232708044218,22.650818727727522,22.8173688654314,6113600
2000-12-22,24.899250030517578,25.190712823516947,23.691761316663044,23.702170702127308,9668200
2000-12-26,24.024856567382812,24.899244761343017,23.52520617083412,24.73269462916012,3611900
2000-12-27,24.774314880371094,25.024139904374834,23.56682726435301,23.858289792357372,9210100
2000-12-28,25.731992721557617,25.815267778908936,24.732692033341788,24.77432956201745,5505500
2000-12-29,26.606372833251953,27.647310737526286,25.89853505834541,25.981810090687354,7229800
2001-01-02,27.439132690429688,27.68895787425758,26.648019608308044,26.648019608308044,13349400
2001-01-03,28.438430786132812,28.480068312906067,26.10672928683056,27.23094250970843,16253500
2001-01-04,29.06300926208496,29.85412269472051,27.81388278950251,27.81388278950251,19779200
2001-01-05,27.52242088317871,29.22956045384486,26.648032322593608,29.06301025182865,11955900
2001-01-08,27.93877410888672,28.022049143488466,26.689648589860486,27.18929879747098,4264300
2001-01-09,27.855506896972656,28.646619947858277,27.772231838984695,27.980419483954595,5973600
2001-01-10,27.106033325195312,27.522408645090785,25.981819961477534,27.355858517132596,10842500
2001-01-11,27.52242088317871,27.772246186203024,26.481482120577397,27.02277027713008,5128800
2001-01-12,28.688257217407227,29.35445767528606,26.93948101547529,27.564043944736696,7726600
2001-01-16,29.02134895324707,29.2711740518403,28.563336272492812,28.813161371086043,5344300
2001-01-17,27.605680465698242,29.479369185089524,27.355855303112737,29.22954402250402,5520100
2001-01-18,27.605680465698242,28.271880899259585,27.480767884405488,27.89714315538133,4920800
2001-01-19,26.939472198486328,27.772222498284975,26.856197168506462,27.605672438325247,6090600
2001-01-22,28.146982192993164,28.56335766922087,26.481480288082324,27.314231240537744,7135600
2001-01-23,28.31352424621582,28.52171192449682,27.730598747029024,27.980423960966224,5472400
2001-01-24,28.60498046875,28.646617994905384,27.564042314865354,28.3135177856623,6070400
2001-01-25,28.77153778076172,29.021363000276292,27.439136610017325,28.521712561247146,7484700
2001-01-26,27.480762481689453,29.104625719243828,27.39748744386615,28.938075643597227,5766900
2001-01-29,29.354463577270508,29.479376188237616,27.60568702373099,27.897149782654243,5208000
2001-01-30,29.146282196044922,29.396107472011018,28.56335655212402,29.312832380022318,3954100
2001-01-31,30.81178092956543,30.895056013158847,29.104641715900318,29.146279257697028,9318900
2001-02-01,30.81178092956543,30.85341847136214,29.562654675664128,30.561955678785168,6449600
2001-02-02,29.27117919921875,30.895042625633444,29.229541675464525,30.56194243559966,6157500
2001-02-05,28.77153778076172,29.5626509758912,27.990833969778674,29.5626509758912,5229800
2001-02-06,29.146282196044922,30.062308207920616,28.64663164411272,28.68826919010707,5585600
2001-02-07,30.145572662353516,30.187210193655112,29.0213593172105,29.146271911115278,4313200
2001-02-08,28.563339233398438,30.64521527081815,28.521701712650046,30.395390146327784,5656000
2001-02-09,27.52242088317871,29.22956045384486,27.18932047914629,28.604997196284074,4396200
2001-02-12,28.271875381469727,28.438425457354672,27.5640375589587,27.772225153814883,4024300
2001-02-13,28.60498046875,28.97971820414847,27.52240478870997,28.48006789028384,3532500
2001-02-14,29.10464096069336,29.521016367856355,28.563352931381466,28.646628012814066,3786800
2001-02-15,28.521711349487305,29.312824511005932,27.897148327235758,29.27118697618916,5465100
2001-02-16,28.438430786132812,28.97971863418512,27.730592830987487,27.897142938080503,4396800
2001-02-20,29.396106719970703,29.47938180982898,28.23025546195487,28.23025546195487,5130100
2001-02-21,27.980411529541016,29.479362147194998,27.314211255028134,29.187899527095613,6097200
2001-02-22,27.89713478088379,28.18859738307213,27.022746974318775,27.98040981008046,4175700
2001-02-23,27.56403923034668,28.022051966802593,26.48146367145089,27.855501880818625,5331300
2001-02-26,28.563339233398438,28.646614274895228,27.855501380675737,27.89713890142413,3528900
2001-02-27,28.646625518798828,28.85481320425522,27.928378003974295,28.563350444616276,5412200
2001-02-28,27.813879013061523,29.146280402908783,27.272590948436076,28.729904968581515,4541200
2001-03-01,26.85620880126953,27.647321928748788,26.106733206815495,27.56404686269834,5401200
2001-03-02,25.773635864257812,26.7729367701418,25.357260486806155,26.68966169465147,6332700
2001-03-05,25.10742950439453,26.14836770938601,24.64941669419828,25.898542540188057,4652800
2001-03-06,25.190698623657227,26.772924322333218,24.982511031726176,25.398886215588277,12305400
2001-03-07,26.606372833251953,26.6896478655939,25.27397231578081,25.398884864293727,9365700
2001-03-08,26.772930145263672,28.719484553181363,26.190004761074416,26.772930145263672,18114700
2001-03-09,26.231639862060547,27.06439033387199,25.98181472051711,26.48146500360398,5296300
2001-03-12,25.27397346496582,26.31491141657067,25.10742339270904,26.065086308185506,5325400
2001-03-13,25.357263565063477,26.231651963858766,24.982525679865493,25.39890110786325,4371300
2001-03-14,24.31631851196289,24.982519019139954,24.06649332177149,24.77433136064712,5568400
2001-03-15,25.0657958984375,25.357258641442584,24.482870412427324,24.89924575957745,3920600
2001-03-16,24.73268699645996,25.065787158028446,24.316311794499356,24.38917745484246,5875900
2001-03-19,25.4405460357666,25.607096255313355,23.69176873052569,24.732707602692898,4065200
2001-03-20,26.314918518066406,27.147669104081164,25.81526816645755,26.106730871562714,9488400
2001-03-21,25.565448760986328,26.606387228453197,25.48217368358898,26.1067367640691,4836200
2001-03-22,24.815963745117188,25.815264298611837,23.775025668560257,25.773626775549562,5285000
2001-03-23,24.691051483154297,25.10742671895791,23.52520082290418,25.02415167179719,7811600
2001-03-26,25.232351303100586,25.64872673714515,24.649425695438197,25.14907621629167,2949400
2001-03-27,25.27397346496582,25.856898717864535,24.691048212067102,25.27397346496582,6082000
2001-03-28,25.10742950439453,25.69035489918976,24.357953996800664,25.10742950439453,4666900
2001-03-29,25.27397346496582,25.430114157706548,24.56613565787452,24.98251083851646,2704700
2001-03-30,26.148366928100586,26.231641982011734,24.77432853856664,25.27397886203353,3652700
2001-04-02,24.108139038085938,25.85691596312844,23.9832264005829,25.85691596312844,8848900
2001-04-03,22.692459106445312,24.732698549043146,22.56754648751075,24.399598231884315,8917700
2001-04-04,23.317014694213867,23.983215114048548,22.650814274379186,22.879820668697356,5525300
2001-04-05,23.98321533203125,24.066490385267468,23.400289959377712,23.89994027879503,5340200
2001-04-06,23.69175148010254,24.149764250368143,23.108826136128137,23.73338900467214,3632200
2001-04-09,23.17711639404297,24.049837437228927,23.083848729093624,24.04317655031252,2902900
2001-04-10,23.8033447265625,23.983219175339954,23.283709124329874,23.383637679415113,4764000
2001-04-11,24.163095474243164,24.362955141069897,23.36365426558269,24.04984005351744,5322500
2001-04-12,24.18973159790039,24.249689721076685,23.396951686863602,24.069815351547806,5121000
2001-04-16,23.297027587890625,24.236370001314224,23.230406026548664,24.14976324224603,5238300
2001-04-17,24.169750213623047,24.316315117978036,23.017223802034657,23.210422532074794,6327600
2001-04-18,25.555461883544922,26.89452430989091,24.416259179456716,24.549497300059073,7148500
2001-04-19,24.63609504699707,25.49549433199022,23.89661205950777,25.322280772772075,8050700
2001-04-20,24.34961700439453,24.596110368867542,23.516866747463446,24.422899433620803,3014500
2001-04-23,24.143112182617188,25.04914291343228,24.096475800021256,24.516182912554655,3089900
2001-04-24,22.837366104125977,23.25707338390649,22.097882696392848,22.17782863439707,16655300
2001-04-25,23.297027587890625,23.317012785616857,22.58419340032427,22.91063015616539,3808600
2001-04-26,23.17045783996582,23.71674217074674,23.057204949089833,23.31702279649127,2985100
2001-04-27,23.530197143554688,24.64941398170803,22.983913036998025,23.51021194545105,5103100
2001-04-30,23.270383834838867,24.196402129849243,23.250398632928878,23.81000715858775,4457200
2001-05-01,23.92991065979004,23.98320789718838,23.190430551029205,23.343656296521207,4024800
2001-05-02,24.009870529174805,24.156432934856632,23.73006495223015,23.936588055657072,3877400
2001-05-03,23.583494186401367,24.12977828815771,23.476902228530683,23.983213393078245,3386400
2001-05-04,23.8966064453125,24.163087608571082,22.9639274566129,23.20375999527508,4599900
2001-05-07,23.143808364868164,23.816669806233374,22.990580001052425,23.750050767372695,3045400
2001-05-08,23.163793563842773,23.343668018356453,22.617509312958298,23.317019386275888,6955200
2001-05-09,23.1904354095459,23.2903639385751,22.870659542217606,23.057194829487603,5220300
2001-05-10,23.943248748779297,24.842621087335203,23.91660265609712,23.989882587665125,8143400
2001-05-11,23.643457412719727,24.31631881516304,23.590160151631437,24.009867187965224,5808800
2001-05-14,24.05649185180664,24.183068986617567,23.5501782298583,23.6501092856343,3786900
2001-05-15,23.683427810668945,24.31631880847526,23.60348446041178,24.043176698856108,2574100
2001-05-16,24.08315086364746,24.24970100090269,23.203766342248127,23.670104693480038,3377200
2001-05-17,24.183086395263672,24.382946109336103,24.023199640547386,24.076494378334765,4841200
2001-05-18,23.83664321899414,25.582089636929652,23.763360787683972,24.20305537554499,3500300
2001-05-21,24.66940689086914,24.689394636573223,23.743388482775956,23.909938629306488,5857700
2001-05-22,25.242338180541992,25.63539660276682,24.702717366902636,24.749351201628176,4740200
2001-05-23,24.549476623535156,25.248988874312364,24.456209001125426,25.222340256094693,3513500
2001-05-24,25.182371139526367,25.19569545065152,24.38293026148454,24.622762779032335,4340800
2001-05-25,25.049142837524414,25.362257948933436,24.729366837966875,25.22235642563084,3664000
2001-05-29,24.502845764160156,25.11575135024203,24.382929509086583,25.109087924208822,3001700
2001-05-30,24.842609405517578,25.2156799411741,24.116450988304447,24.216379506918546,6675900
2001-05-31,25.921852111816406,26.241627932849138,24.482859646492955,24.71602872182339,14358600
2001-06-01,25.835250854492188,26.50145125850779,24.98251515058513,26.121717231527125,6726600
2001-06-04,25.642053604125977,25.948505167324935,25.348923812063706,25.948505167324935,3682000
2001-06-05,26.481470108032227,26.64802023449784,25.675368105863445,25.682028992726643,3655200
2001-06-06,26.314918518066406,26.534765892623792,26.055100741846296,26.514778150439327,3377300
2001-06-07,27.314237594604492,27.34088624120731,26.08176691480451,26.24165371171179,5978100
2001-06-08,26.907838821411133,27.28757291768137,26.767937320964904,27.267587715147144,2421400
2001-06-11,26.49479103088379,26.874525067298343,26.394859951257676,26.874525067298343,3012500
2001-06-12,26.934486389160156,26.94781070410812,26.16835479844796,26.401526498007563,3911200
2001-06-13,26.974462509155273,27.480773830009596,26.814573252312393,26.901180038992017,3015000
2001-06-14,26.927812576293945,26.981109815531724,26.608036764923984,26.914490807836742,3676600
2001-06-15,26.981115341186523,27.24759650924552,26.58805701604352,26.934481517979112,4343500
2001-06-18,28.033714294433594,28.380136269040786,27.04107457164873,27.10103270982168,6065400
2001-06-19,28.280214309692383,28.626638906215206,28.213592728811,28.226917044987278,6574900
2001-06-20,28.386795043945312,28.8797818402581,28.280203098146405,28.280203098146405,8263500
2001-06-21,29.059661865234375,29.346128251670297,28.373476239812625,28.386800553292545,6050300
2001-06-22,27.92711067199707,28.859791952101446,27.58068881049183,28.859791952101446,5761000
2001-06-25,27.947113037109375,28.013732074272053,27.207630034378152,27.99374687139392,4428300
2001-06-26,26.874530792236328,27.72726669898203,26.634698183125735,27.58736519078534,6200200
2001-06-27,26.4681453704834,27.614011035510202,26.115059921245088,26.914501023790457,3624600
2001-06-28,28.053693771362305,28.446752032246987,26.614701290070514,26.614701290070514,4014700
2001-06-29,27.367523193359375,28.48007702939471,26.981125606794986,27.847185920470746,2805000
2001-07-02,28.206926345825195,28.51337793411302,26.98111745132094,27.487428660607215,4023400
2001-07-03,28.07368278503418,28.61330599192962,27.747246031544588,28.09366798261645,2215700
2001-07-05,27.514081954956055,27.880491745832465,27.314222300055597,27.78056318905893,2569100
2001-07-06,26.921159744262695,27.71393735490496,26.907835430467905,27.50741684446828,2448200
2001-07-09,27.953763961791992,27.967088272746523,26.568068660102455,26.914493120862954,3449800
2001-07-10,27.77389144897461,28.313514642938742,27.547383230176994,27.767230563724368,2611300
2001-07-11,28.10700035095215,28.180282818228623,27.62733768202568,27.6939567206297,3490400
2001-07-12,28.733234405517578,28.946418407682504,27.980426968361186,28.320188177638485,7617800
2001-07-13,28.713232040405273,28.979713178124417,28.31351287517903,28.713232040405273,4765500
2001-07-16,29.645925521850586,29.67923504225612,28.71324370237456,28.739892335240388,6854400
2001-07-17,29.446063995361328,29.512683031958204,29.139612360850347,29.512683031958204,4123600
2001-07-18,29.066333770751953,29.3794463341238,29.03968513601921,29.36612455811111,4819800
2001-07-19,29.292835235595703,29.62593546782635,29.019693146820703,29.19956757718762,4181500
2001-07-20,29.539321899414062,29.745844910767033,29.24619467738138,29.252855562298084,2731000
2001-07-23,29.126283645629883,29.779159762802685,29.092971591010006,29.39942572058333,2629000
2001-07-24,27.99374771118164,29.146274369873662,27.520745925618233,28.99970943409491,4324300
2001-07-25,27.853851318359375,28.186951658032566,27.487438911635742,28.067035332441904,4155600
2001-07-26,28.113672256469727,28.160306105824283,27.294245636070038,27.853854369678874,2973600
2001-07-27,27.567380905151367,28.120326068922175,27.280914450435734,27.94711503510399,3677000
2001-07-30,28.033714294433594,28.520040285679578,27.74058448943123,27.807206054819435,3088300
2001-07-31,28.679931640625,29.232879287503224,28.173620367806258,28.180281254755737,2715700
2001-08-01,28.146982192993164,29.21290239559441,28.027065852531244,28.76654910492833,1879000
2001-08-02,28.91310691833496,28.979725961475072,28.38014440779967,28.413456470723318,2701500
2001-08-03,28.653278350830078,29.206225907793872,28.653278350830078,28.973056782178336,2222700
2001-08-06,27.733930587768555,28.70658281520227,27.487434545786723,28.679934182336098,3319000
2001-08-07,28.087020874023438,28.313529209352417,27.580709469887225,27.7272718929679,3401300
2001-08-08,28.093685150146484,28.913114330695105,27.71395091591871,28.04705129972232,3956800
2001-08-09,27.254268646240234,27.847186821525995,26.714645201756323,27.547396019034935,4806400
2001-08-10,26.63469886779785,27.320884651561798,26.108399799982045,27.167658823214197,3072800
2001-08-13,27.114356994628906,27.15432739246729,26.494790414605365,26.661340515872922,2260600
2001-08-14,27.327552795410156,27.687301780392197,26.79459274804082,27.047747182195025,2030600
2001-08-15,26.44816017150879,27.51407994744058,26.3815385971673,27.360854138484964,2794000
2001-08-16,26.907838821411133,26.907838821411133,25.981820497476576,26.04843953349288,3216600
2001-08-17,26.25495719909668,26.82122651256414,25.955166516115696,26.648015529815574,2142100
2001-08-20,26.801246643066406,27.02109403474919,26.214989473265625,26.22165290163054,2119000
2001-08-21,25.77528953552246,27.160987424713927,25.482162308817745,27.034410278459003,3343100
2001-08-22,25.89520835876465,25.95516649531279,24.31631415146733,25.948505609630903,6103800
2001-08-23,25.715343475341797,26.2216573807235,25.47551338165723,25.908542269273074,4217500
2001-08-24,26.101728439331055,26.24829332127047,25.149061789429883,25.788613479315945,3228900
2001-08-27,26.288272857666016,26.548090663222823,25.941848269805806,26.04844025519715,2156400
2001-08-28,26.46149253845215,26.554760229557836,26.08175834389101,26.528111591712214,2689200
2001-08-29,25.87523078918457,26.714642406990254,25.648722488926918,26.51478274002257,2678600
2001-08-30,25.242338180541992,26.04844022805877,24.716039141378456,25.78196153553474,3758100
2001-08-31,24.92255401611328,25.80193824037666,24.68938491928305,25.0424702777267,3374500
2001-09-04,25.0891056060791,25.981814195475177,24.815963558498726,25.015823159424148,3399400
2001-09-05,24.789318084716797,25.34892656324538,23.98321615176283,25.24899802075819,5072400
2001-09-06,23.330341339111328,24.71603702934468,22.66414085269931,24.31631775403874,6598100
2001-09-07,22.624160766601562,23.05052853669239,22.390991686505757,23.05052853669239,7915200
2001-09-10,22.76407241821289,23.043877981097644,22.38433829393277,22.38433829393277,2994600
2001-09-17,21.4183406829834,22.31771007234279,21.15852170166345,21.824720731654164,5666600
2001-09-18,21.518272399902344,21.91133073734042,21.058595039042018,21.504948086947326,4981800
2001-09-19,21.191837310791016,22.650816745166164,20.518974660879888,21.63153080486671,6548400
2001-09-20,21.00530242919922,21.531600168627737,20.665540018373736,20.991978114105677,6633300
2001-09-21,20.79878807067871,21.36505899262017,19.872769385236136,19.952714038612584,6373000
2001-09-24,22.317720413208008,22.797385665172808,21.051939509579334,21.118559824649648,6535300
2001-09-25,22.324373245239258,22.857335573479528,21.73145532349232,22.31771235974498,5410600
2001-09-26,22.43097496032715,22.97059840880358,22.404328865405983,22.58420334823146,5373500
2001-09-27,22.42431640625,22.550893629701857,21.818073845331593,22.410992086725475,5084800
2001-09-28,23.690080642700195,23.71672671996527,22.324368164117423,22.41763832927769,5827500
2001-10-01,23.483579635620117,23.630144633813465,22.817378794893305,23.503564847608473,4274100
2001-10-02,23.643457412719727,23.756710280502418,23.170453115297647,23.4502586533046,3266300
2001-10-03,24.263010025024414,24.476196426724545,23.36364077301557,23.5501760154821,4955600
2001-10-04,23.46358299255371,24.44955945151507,23.343666696335802,24.369616101154225,4253200
2001-10-05,23.563507080078125,23.650113842347196,23.103829725916697,23.390296096892786,3541600
2001-10-08,22.677471160888672,23.730066886109782,22.51758188369676,23.35033271180207,3126900
2001-10-09,22.3443660736084,22.870665094872194,22.05123621804208,22.830692148744067,3020800
2001-10-10,23.816675186157227,23.849984713111823,22.28441407405987,22.417654723232253,6525700
2001-10-11,25.475507736206055,25.52214156697889,24.689390958388056,24.81596813600672,8790800
2001-10-12,25.555461883544922,25.71534864480945,24.982528816079487,25.12243036752451,6826800
2001-10-15,25.375574111938477,25.64871618261874,25.042473901774596,25.30895508644687,2791800
2001-10-16,26.101728439331055,26.181671765228685,25.515471452925908,25.64205113872904,3093500
2001-10-17,25.322288513183594,26.481478896272847,25.315627624109894,26.188351491302207,3910900
2001-10-18,25.248994827270508,25.282304337219927,24.656074368218952,25.275640910418417,2504500
2001-10-19,26.021785736083984,26.048431817785776,24.882581243359382,25.182371899339543,2501600
2001-10-22,25.98846435546875,26.241621100884487,25.5687601291433,25.715322420614175,2256400
2001-10-23,26.234975814819336,26.814569525277502,25.801944482963027,26.088410894864307,3365200
2001-10-24,26.488130569458008,26.64135891973616,26.015128827817534,26.308258672155006,3496400
2001-10-25,26.781251907348633,26.781251907348633,25.38222978706296,25.9884719434477,3843800
2001-10-26,26.99444580078125,27.01443100346315,26.1950046559118,26.51478060558891,2536600
2001-10-29,25.622068405151367,26.648017696386987,25.602083205112038,26.641356810158214,4367900
2001-10-30,25.002506256103516,25.628736410285594,24.6494207717947,25.428874208782872,3646100
2001-10-31,25.20236587524414,25.761971849780636,25.082449583171122,25.082449583171122,3659500
2001-11-01,26.261619567871094,26.614707521701188,24.849275376609548,25.315616182987807,3630400
2001-11-02,26.781251907348633,26.914492472330945,26.14170024505642,26.234967878138317,3124100
2001-11-05,27.36085319519043,27.847179235027276,26.88785146976251,26.914500098580366,5762700
2001-11-06,27.847171783447266,27.9537637288428,26.734618512215846,27.194295800230528,4413000
2001-11-07,27.560710906982422,27.980417886864206,27.054399701510647,27.767233953891573,4307500
2001-11-08,28.42011260986328,28.926423860649443,28.027054221762945,28.03371764977574,6319600
2001-11-09,28.679931640625,28.833157453995845,28.1869446830585,28.22691508746194,5259700
2001-11-12,28.25356674194336,28.706583343592747,27.780564935953233,28.446765521748976,3472900
2001-11-13,28.693256378173828,28.766538842463053,28.24690324674427,28.639961657733775,3820800
2001-11-14,28.726552963256836,29.206217938035948,28.586651526063655,28.799835394553888,4782000
2001-11-15,28.373483657836914,28.813175952216596,28.160299669128804,28.646625802203786,4686000
2001-11-16,28.0670223236084,28.73988357968687,27.62733018068763,28.606642997302725,2281800
2001-11-19,28.586669921875,28.64662808230607,28.05370990768425,28.23358438897747,6139000
2001-11-20,27.847171783447266,28.586654516470514,27.64731220349968,28.253554369440398,4398100
2001-11-21,27.234272003173828,27.780556106595256,27.014424659884533,27.74724659616278,3438900
2001-11-23,28.0670223236084,28.15362654200827,27.234271860398405,27.234271860398405,1537300
2001-11-26,28.540037155151367,28.63330484348081,28.093681379262577,28.220261134584455,5616700
2001-11-27,28.42011260986328,28.699918135277787,27.933786560409164,28.440097811195326,5019000
2001-11-28,27.220949172973633,28.306856553401246,27.207624859804554,28.306856553401246,4011700
2001-11-29,27.4874324798584,27.713940759489706,27.067727979851544,27.334206664424467,2887600
2001-11-30,27.234272003173828,27.893808950336233,27.04773417031701,27.414146409132506,4139100
2001-12-03,26.794588088989258,27.54739291315814,26.701320414586284,27.081054541143267,2271300
2001-12-04,27.3008975982666,27.314221913918722,26.887853978464335,26.99444596232793,2657700
2001-12-05,28.966405868530273,28.979730187372002,27.534075901323117,27.534075901323117,4336900
2001-12-06,28.293537139892578,28.726565956788345,27.720604281170388,28.726565956788345,5051400
2001-12-07,28.699909210205078,28.846471543317545,28.180271264989877,28.306850944337658,3488600
2001-12-10,28.240236282348633,28.73988661300973,28.12031999968173,28.63995807168931,3851500
2001-12-11,27.534061431884766,28.380133632205922,27.447454675603282,28.35348754987923,2831300
2001-12-12,27.147674560546875,28.11366594275117,27.147674560546875,27.50742349593666,5120900
2001-12-13,27.700613021850586,28.146966056627058,26.814565296550036,27.220947934989972,6736700
2001-12-14,28.1602840423584,28.28020028713171,27.853832546316465,27.86049343042512,4030100
2001-12-17,28.31352424621582,28.42011623584155,27.980423960966224,28.18694705270823,4713100
2001-12-18,28.86646842956543,29.053003753390346,28.41345189340218,28.420112780101704,2961100
2001-12-19,28.85313606262207,29.112953774399042,28.313512901841264,28.886445569530213,3413800
2001-12-20,28.986370086669922,29.525993172918227,28.77984964755247,28.846468652167367,4342500
2001-12-21,29.04634666442871,29.605955299385954,28.7798679352871,28.98638850563494,5533100
2001-12-24,29.359458923339844,29.492699545641166,29.013034321897802,29.013034321897802,2332500
2001-12-26,29.31946563720703,29.712523802612225,29.23952233581918,29.419396669955635,3352700
2001-12-27,29.412757873535156,29.772504270595103,29.106303662282674,29.34613628789173,2996300
2001-12-28,30.105600357055664,30.225516653060314,29.352795604902713,29.466048472599727,3745700
2001-12-31,29.565980911254883,30.085616523342825,29.559317482644147,29.98568542500896,2926300
2002-01-02,29.61261558532715,29.632600789018934,28.43344028179578,29.446065444286337,4826800
2002-01-03,29.872446060180664,29.972377203702386,29.326161569332207,29.55266995880751,6355100
2002-01-04,29.839120864868164,29.98568324606005,29.639261224076897,29.912403326140716,4130500
2002-01-07,29.392763137817383,29.83911876075105,29.212888711383194,29.672568648277135,5082900
2002-01-08,29.592618942260742,29.692550013378963,29.239533562654383,29.40608365361628,4649800
2002-01-09,29.412757873535156,29.645927069903053,29.272853814360783,29.61261754775816,3776700
2002-01-10,29.779151916503906,29.845770925484764,29.512670797875888,29.679220861680328,6416300
2002-01-11,29.106307983398438,29.799157328828493,28.846490114200673,29.779172120845285,3613400
2002-01-14,28.706586837768555,29.346138868054112,28.646628676094668,28.97306812106447,2967000
2002-01-15,28.540037155151367,28.993053819626304,28.46675467393426,28.779869805915027,3621200
2002-01-16,27.96709442138672,28.5999853534313,27.96709442138672,28.5200420114808,2445800
2002-01-17,28.879793167114258,28.986385154719287,28.04038158239383,28.04038158239383,3390200
2002-01-18,28.599990844726562,29.033022234361884,28.313524394602304,28.48673542564433,2940300
2002-01-22,28.966405868530273,29.299506215511563,28.55336214985259,28.713248893245385,3156500
2002-01-23,29.752511978149414,29.752511978149414,28.933085730085395,28.979719558250196,3124700
2002-01-24,29.479372024536133,29.979022397833354,29.412752991304455,29.645922148968538,3683600
2002-01-25,29.446063995361328,29.645923646505302,29.126288045260303,29.506022144839857,2211800
2002-01-28,29.31281089782715,30.265477455314713,29.266177083797878,29.53265819940994,3894200
2002-01-29,29.026351928710938,29.852441562942566,28.893111337208687,29.399425076646658,2651600
2002-01-30,30.378738403320312,30.45202085678294,28.986379411589212,29.046337551572,4511700
2002-01-31,30.64522361755371,30.658547932784607,30.138912345546093,30.412054454396245,3540100
2002-02-01,30.152231216430664,30.558613897110824,29.979020217811975,30.43203672663382,2970700
2002-02-04,29.87910270690918,30.56529120950393,29.712552518930078,30.112274494892436,3599100
2002-02-05,30.025646209716797,30.178871968100324,29.745843313890973,29.87242045133327,5288300
2002-02-06,29.812463760375977,30.01232334435381,29.74584474616753,29.979013837249585,4974300
2002-02-07,29.406084060668945,30.51864000519835,29.38609886270974,29.91905865289475,4855100
2002-02-08,29.366111755371094,29.51267409979705,28.77985475360954,29.319475394243998,3095700
2002-02-11,29.965707778930664,30.005680736615663,29.20623937239395,29.286182746409906,4581200
2002-02-12,29.61261558532715,29.959040183654455,29.21955715081669,29.71920757393913,3505500
2002-02-13,30.27880859375,30.27880859375,29.419409470508082,29.599283882908914,4061200
2002-02-14,30.8584041595459,30.978320441984398,30.17887940617872,30.192203719933328,3809800
2002-02-15,30.571945190429688,30.925030695924676,30.178886733964966,30.885060286308555,4543700
2002-02-19,30.13224983215332,30.67853406644034,30.018996961281953,30.278814762790006,5246300
2002-02-20,30.551952362060547,30.705178157180008,30.178879203496006,30.178879203496006,3032500
2002-02-21,30.58526611328125,31.24480575364587,30.478674130544405,30.565280910691005,4844900
2002-02-22,30.13224983215332,30.545293451439107,29.352796427629162,30.51864736152155,4222300
2002-02-25,29.579301834106445,30.345430848488274,29.472709860742317,30.132246901760016,4330400
2002-02-26,28.95973014831543,29.94570636545852,28.520038017138745,29.64591569843972,7660900
2002-02-27,28.10700035095215,29.259527000004958,27.913804122459123,29.139613238788407,5644500
2002-02-28,27.4874324798584,28.7465536039389,27.48077159281923,28.240239782949708,8111200
2002-03-01,27.24759292602539,27.627326888692895,26.228304752392017,27.52739582847411,11850400
2002-03-04,27.30755615234375,27.507415768743687,26.481466518843664,27.454118515648823,11727200
2002-03-05,26.008460998535156,28.313513486576547,25.508810760536747,27.614003661649278,22950300
2002-03-06,25.92852210998535,26.381538651019397,25.515478513637795,26.04177751592047,12183300
2002-03-07,26.568073272705078,27.167652121639918,26.01512570817828,26.18833923930714,10132300
2002-03-08,26.588062286376953,27.407488609760296,26.521443251833244,27.001105891525157,7193400
2002-03-11,27.160993576049805,27.3142193798034,26.481468788955738,26.78125950993152,4023300
2002-03-12,27.614004135131836,27.673962266373817,26.814563232356292,27.200960642882958,5160200
2002-03-13,27.92711067199707,28.346817502179245,27.347517219789715,27.55404019303695,6106600
2002-03-14,27.527393341064453,27.98040970144362,27.40081621206376,27.83384483739383,4384200
2002-03-15,28.080337524414062,28.253548446362686,27.567363100565416,27.780546946664604,5008600
2002-03-18,28.120319366455078,28.31351809988488,27.760570526555362,28.280208586861487,5373800
2002-03-19,28.15362548828125,28.440091840211913,28.073682158383953,28.193598423906213,3021300
2002-03-20,27.827194213867188,28.073687678642028,27.707277924765236,28.02705384858606,3291300
2002-03-21,27.30755615234375,27.75390921092518,26.954468203972525,27.6872901859095,3240900
2002-03-22,26.981115341186523,27.39415886446048,26.95446671611007,27.24759650924552,3117600
2002-03-25,26.5480899810791,26.987782227189822,26.481470944928788,26.981121340116122,5007000
2002-03-26,26.741281509399414,26.821224839423113,26.075081162712422,26.501448977975674,6305400
2002-03-27,26.71463966369629,26.881189792625452,26.368217631914526,26.761273496488194,4034100
2002-03-28,26.528095245361328,26.847871078404093,26.24829234445606,26.847871078404093,5190600
2002-04-01,26.41484832763672,26.621368836516073,25.92185888635917,26.29493204574091,4861200
2002-04-02,25.841922760009766,26.421516590079968,25.708682127221962,26.348234114978993,3949200
2002-04-03,25.915203094482422,26.348231938581943,25.695355687339163,25.908539665648906,3069700
2002-04-04,26.294939041137695,26.581405508393264,25.908541465266033,25.981823939404013,3774700
2002-04-05,26.148366928100586,26.74794833280204,25.98181682027829,26.414848117157447,3120200
2002-04-08,26.921159744262695,26.927820630483584,25.948507709420312,26.055099678425602,5154400
2002-04-09,27.154327392578125,27.447457197276055,26.747947280220032,26.90117306842447,4928200
2002-04-10,28.02705955505371,28.06703250667746,27.220957424127196,27.220957424127196,7595800
2002-04-11,27.887168884277344,28.373495215451726,27.733942988813194,27.98709749017763,4849300
2002-04-12,27.880496978759766,28.113668737702444,27.713946811523794,27.92046993378379,2725700
2002-04-15,27.980411529541016,28.2002588399794,27.773888529555173,28.053693966353812,2713700
2002-04-16,28.646625518798828,28.64662551879883,28.060368284974643,28.133650756871862,3614100
2002-04-17,28.340160369873047,28.67992139266469,28.080342668676074,28.513371323553567,2708400
2002-04-18,28.48672866821289,28.626632686992497,28.106994634424478,28.266883852449922,3416000
2002-04-19,28.2868709564209,28.62663461459596,28.12032084121632,28.580000785646924,2942800
2002-04-22,27.55405044555664,28.40678619058876,27.234274541169597,28.14696842710885,3502000
2002-04-23,26.96778678894043,27.760564200183623,26.847870536301645,27.480761304928038,4802000
2002-04-24,26.24830436706543,27.38750677057702,26.18168278298799,27.174322784236377,4975300
2002-04-25,26.74795913696289,26.954479727615407,26.115067963327206,26.161701809045773,4666000
2002-04-26,26.594722747802734,27.121021752878942,26.561413231063792,26.76793630101038,4823600
2002-04-29,26.50812530517578,26.668012043034455,26.248307450140032,26.64136594762726,3553500
2002-04-30,26.781251907348633,26.794576217982105,26.21498014151191,26.3815302124017,3235200
2002-05-01,26.82788848876953,26.981114264817286,25.928516488464027,26.654674974035437,4372200
2002-05-02,27.067745208740234,27.194322473878564,26.70133519588303,26.787939489283232,2801400
2002-05-03,26.894508361816406,27.087707080021584,26.61470542484566,26.974454236396113,3632400
2002-05-06,26.787918090820312,27.48076713269663,26.754608578323985,26.847876229854855,2971900
2002-05-07,27.02775764465332,27.447464726560536,26.981123806814026,27.047742849054856,3194000
2002-05-08,27.813879013061523,27.85385196964437,27.147678318137896,27.280918965393415,3778600
2002-05-09,27.32087516784668,27.813864543824604,27.014423617527978,27.813864543824604,3955200
2002-05-10,26.847885131835938,27.480776244526076,26.781266084754343,27.44080329146487,3772100
2002-05-13,26.648014068603516,26.994438556457677,26.31491389274597,26.981114244461057,4713200
2002-05-14,27.0943603515625,27.580688723854188,26.981107539763084,27.140996702638056,4403500
2002-05-15,27.40082550048828,27.633994643833233,26.834553587381453,27.047737530254853,4886000
2002-05-16,27.66731071472168,27.880494708113257,27.220957522731087,27.3608590418905,3494800
2002-05-17,27.547386169433594,27.773894412399233,27.021089772520327,27.407484692077645,3022100
2002-05-20,27.274240493774414,27.887146116595982,27.1276781498398,27.527397329810665,1794100
2002-05-21,26.488130569458008,27.380839334629627,26.481469682701793,27.380839334629627,3904300
2002-05-22,26.175020217895508,26.701319262289577,25.768637475802702,26.48147186095278,5177500
2002-05-23,26.50812530517578,26.568083467211256,25.682035355059718,26.281616975414433,3310200
2002-05-24,25.921852111816406,26.847870070060583,25.715329115557793,26.394853688259467,3565700
2002-05-28,25.622068405151367,26.208325506050723,25.035813845605016,26.075084909298187,6024000
2002-05-29,25.622068405151367,25.98181725397731,25.495491235980612,25.58209800507271,3463500
2002-05-30,26.195011138916016,26.30160314852218,25.622078134275146,25.948517593205633,6150200
2002-05-31,26.16168785095215,26.721296242360047,26.061756782669345,26.128378341975427,5367200
2002-06-03,25.801944732666016,26.26828558501979,25.66870412608591,26.175017922819674,3216500
2002-06-04,25.92852210998535,26.04177751592047,25.515478513637795,25.875227391756574,5528300
2002-06-05,26.42818260192871,26.581411011222063,25.921871148797308,25.975168428787025,4548800
2002-06-06,26.22165870666504,26.628041520878952,26.01513558463804,26.48147656064341,3740500
2002-06-07,26.24830436706543,26.441500607506047,26.08841510663316,26.08841510663316,3234400
2002-06-10,26.734634399414062,26.834562978094723,26.221659563187377,26.274954296879603,4666700
2002-06-11,26.41484832763672,27.227611132165784,26.29493204574091,26.841216200442716,3920200
2002-06-12,27.134342193603516,27.220948957841625,26.34822551231081,26.428168849340597,4688200
2002-06-13,26.5147762298584,27.247598217281755,26.434832890970497,26.841215554126126,3348500
2002-06-14,26.50144386291504,26.534755906901925,25.648708396975554,26.354881543051786,3160300
2002-06-17,27.107698440551758,27.107698440551758,26.481470862096298,26.528104695526316,2947400
2002-06-18,27.147674560546875,27.214293604276712,26.74795521546064,26.754616103292175,3004000
2002-06-19,27.280906677246094,27.547385310373112,27.02774981562553,27.0410741284848,3142300
2002-06-20,26.648014068603516,27.334199617637204,26.641353183281534,27.067721001762763,2781500
2002-06-21,26.368207931518555,26.827885203368744,26.155021506871705,26.43482694204095,3799300
2002-06-24,25.715343475341797,26.448165698109264,25.54213242856621,26.14837490431138,5917700
2002-06-25,25.169052124023438,26.115058082131142,25.049135840018895,25.921859342195713,4508600
2002-06-26,25.0424747467041,25.21568574363815,24.36294999008037,24.642755497562145,5190800
2002-06-27,25.70867919921875,25.715340086490357,24.842618996765562,25.095773374741167,3119300
2002-06-28,25.728662490844727,26.12838431398535,25.408886557144157,25.535466278080968,5046500
2002-07-01,25.16240119934082,25.68203694151169,25.015836229455076,25.66871262230807,2771900
2002-07-02,24.329641342163086,25.15572849748643,24.069823566837954,24.98917838085718,3623000
2002-07-03,25.182371139526367,25.25565358003847,23.7500420018309,24.256353117824307,4848400
2002-07-05,26.181686401367188,26.22832024598953,25.282316493531884,25.415557138747392,1714900
2002-07-08,25.682022094726562,26.348222421652558,25.382231439339353,26.01512225818956,3131400
2002-07-09,24.8226261138916,26.22830938308732,24.729358463275315,25.78195632903713,3753800
2002-07-10,24.123111724853516,25.275637913654446,23.983210274841518,25.009159324300985,4501400
2002-07-11,24.889263153076172,25.268997418865297,24.003214838665244,24.249710972942328,6027000
2002-07-12,24.589447021484375,25.142394356537945,24.42289698678417,25.022478128245652,4181400
2002-07-15,24.556150436401367,24.982518342835927,22.277743442031078,24.416248943606252,8971800
2002-07-16,22.963937759399414,24.422916302362445,22.824033688176605,24.26969045421733,6843100
2002-07-17,23.097169876098633,23.650117505225268,21.738122801592993,23.45691875230007,7225100
2002-07-18,22.570877075195312,23.883290531145818,22.56421364602678,22.950611214486234,4284300
2002-07-19,22.037918090820312,22.844020244313626,21.904677456364738,22.18448050150309,3653700
2002-07-22,21.45166015625,22.784061376621384,21.01862874308784,21.918001091650712,6031000
2002-07-23,21.27845001220703,22.17115775175028,21.12522289054464,21.444998911038667,6461400
2002-07-24,23.35698127746582,23.523531337096305,20.652207394179964,21.11188591454941,7467400
2002-07-25,22.704113006591797,23.237072868901986,21.405021595030465,22.983915981297237,5818700
2002-07-26,23.017213821411133,23.250385390082947,22.284394700103814,22.75073529609565,3994200
2002-07-29,24.156429290771484,24.1764170341225,23.063860864770636,23.083848608121656,4221600
2002-07-30,23.410282135009766,23.823325679999204,23.09050624133863,23.783355281635874,3889800
2002-07-31,23.230403900146484,23.370307895482092,22.21111824776587,23.283701144341475,4568200
2002-08-01,22.111186981201172,23.257052307277327,21.964624643724598,23.030544104247216,4794700
2002-08-02,21.571575164794922,22.16449326538535,21.05860042101298,22.124520316304363,4942400
2002-08-05,21.218486785888672,21.957968497974427,21.138542164504905,21.41834770400976,3903800
2002-08-06,22.131174087524414,22.550878433632807,21.518268509177457,21.551578014865875,3726500
2002-08-07,23.003908157348633,23.010571587159145,22.404329083448996,22.530906294956353,6181300
2002-08-08,22.0778751373291,22.81735779662437,21.31840728443737,22.717426745937697,8713700
2002-08-09,22.25775909423828,22.53090120360827,21.791418225682538,21.917997949940304,3434400
2002-08-12,21.744781494140625,22.224446614007913,21.558246188126876,22.184473673567993,3522200
2002-08-13,21.73147201538086,23.010579027742544,21.325089071564673,21.59157044036847,6404700
2002-08-14,23.17711639404297,23.257059743806227,21.318416357912675,21.798081539198755,4308700
2002-08-15,24.302993774414062,24.469543898313297,23.223749683125913,23.250398312874562,6446500
2002-08-16,23.90993309020996,24.436232041246203,23.683424841748348,23.983215544322977,5097100
2002-08-19,24.06982421875,24.269683855847518,23.123818209170434,23.183776354435004,4266800
2002-08-20,23.570167541503906,23.98321101970909,23.223743077368034,23.85663387643641,3504200
2002-08-21,23.290369033813477,23.896611391421413,22.903974062600682,23.6567788031188,4895000
2002-08-22,23.403629302978516,23.483572668569053,22.650821864719088,23.350332031682306,4847200
2002-08-23,22.78404998779297,23.277036769748115,22.63082422900408,23.11715012638248,2436000
2002-08-26,23.183780670166016,23.250402255835777,22.331044704422194,22.75075179940395,3322100
2002-08-27,21.798070907592773,22.70410356751991,21.771422290217966,22.59750909802069,7912200
2002-08-28,22.1245174407959,22.23110941647135,21.65817659420836,21.771431997874682,5933200
2002-08-29,22.31105613708496,22.56421050041835,21.385035295980458,21.951307252743923,4604700
2002-08-30,22.25775909423828,22.597520238536255,22.084548078613548,22.25775909423828,3574500
2002-09-03,21.658184051513672,22.311062986346172,21.591564996785802,22.084554642375764,4390600
2002-09-04,22.52423858642578,22.617506244701786,21.884684210020296,22.071222067925394,5130400
2002-09-05,22.017921447753906,22.36434594082917,21.651511757058834,22.31771211881449,6284000
2002-09-06,23.017213821411133,23.18376385274023,22.23776089463981,22.23776089463981,4609600
2002-09-09,23.103836059570312,23.317020039480134,22.650819466923558,22.770735773292024,2822800
2002-09-10,22.597518920898438,23.383635685706764,22.137841507450776,23.143805649138287,6251500
2002-09-11,22.737422943115234,23.763369744079647,22.724098628641265,22.817366288605925,3114200
2002-09-12,22.297733306884766,22.870666188689256,22.27774556218811,22.630833583156825,3110200
2002-09-13,22.617502212524414,22.923953761184666,22.017920885708588,22.277738613544567,3013400
2002-09-16,22.537569046020508,22.764074825679376,22.23111481781249,22.62417330011815,2210100
2002-09-17,22.271081924438477,22.95060670907638,22.264418496578035,22.670801190059308,3120200
2002-09-18,22.52423858642578,22.79738067481398,22.077882954365215,22.17115061264122,2782100
2002-09-19,22.08454704284668,22.670801638506752,22.08454704284668,22.317716195512258,2703500
2002-09-20,22.81070327758789,23.230407708340014,22.617504547738434,22.6907869998436,6715700
2002-09-23,21.97130012512207,22.68413471442109,21.678172714077565,22.550894057999354,5097100
2002-09-24,21.764768600463867,22.1778147304706,21.378373641104897,21.678164367286183,5259800
2002-09-25,22.617502212524414,22.76406456024957,21.871358537983436,22.111188527357132,4874300
2002-09-26,23.403629302978516,23.45026314468581,22.650821864719088,22.81737202548908,5703600
2002-09-27,22.597518920898438,23.60348306258595,22.524239003291843,23.243734195703535,4503900
2002-09-30,21.564903259277344,22.117850734789517,21.311747701324375,22.02458309828204,6219100
2002-10-01,22.117855072021484,22.117855072021484,20.718833896685076,21.61820474302109,7287300
2002-10-02,21.065258026123047,22.044572194755652,20.798776839221016,21.984614054770343,5824200
2002-10-03,20.57893180847168,21.42500669786791,20.532297979567037,20.952004981061908,6168300
2002-10-04,20.832090377807617,21.24513398490999,20.105931715891213,20.985316191065703,6763700
2002-10-07,19.439729690551758,20.971990245360647,19.19323496043694,20.652214328462946,9250800
2002-10-08,21.03861427307129,21.478307825050624,19.91273493668052,19.919397094964108,7595000
2002-10-09,20.285816192626953,20.945354875203563,20.019334838688014,20.78546682524656,5744100
2002-10-10,21.45166015625,21.75145093910429,19.153267542838634,19.806143835858176,16465100
2002-10-11,22.52423858642578,22.584196729796513,21.305090518338627,21.724797521933738,7907100
2002-10-14,22.364343643188477,22.630824777054407,22.20445699595087,22.317709825964805,4145400
2002-10-15,23.643457412719727,23.750049393543023,22.817367655324222,23.06386113447435,5645900
2002-10-16,23.017213821411133,23.55017341339389,22.684113758752932,23.41693542141205,5204600
2002-10-17,22.737422943115234,23.81000611541511,22.65747705627141,23.590158738624293,5091300
2002-10-18,23.476903915405273,23.48356480140897,22.357687006668186,22.477603285558086,3484500
2002-10-21,23.39695930480957,23.430268819341332,22.244432820809752,23.0505347627025,4763600
2002-10-22,23.197092056274414,23.463573167698502,22.71076618807484,22.890640557083266,4653200
2002-10-23,24.123111724853516,24.249691405547388,23.143799033417125,23.143799033417125,5348600
2002-10-24,23.98321533203125,24.649415757921005,23.81666522555881,24.243033091511784,3736300
2002-10-25,23.976551055908203,24.15642290907565,23.270377789424277,24.089803892447158,3868700
2002-10-28,23.203758239746094,24.1963952880112,23.150460994585604,24.076479027752626,3572700
2002-10-29,23.303693771362305,23.64345745806862,22.510916071303054,23.25039905152508,5218400
2002-10-30,22.477615356445312,23.117167493073914,22.304401731095307,22.937292978143194,5046800
2002-10-31,22.604177474975586,23.030545280969463,22.417642195191412,22.650811294921628,4489800
2002-11-01,23.01055908203125,23.110487602697937,22.01791951208634,22.497584543614348,5279400
2002-11-04,22.550884246826172,23.17711429714929,22.4842652182762,23.170450869482472,3728900
2002-11-05,22.51091766357422,22.903976097920072,21.917999568333773,22.317718890122947,6859800
2002-11-06,22.45761489868164,22.85067323676642,21.871360375813342,22.83068803797743,6035400
2002-11-07,21.36504364013672,21.977949244021346,21.205155718953172,21.405016573439788,10325500
2002-11-08,21.425006866455078,21.724797584167526,21.251794592963062,21.338400094370797,4750300
2002-11-11,21.018619537353516,21.418341253207014,21.018619537353516,21.418341253207014,2988000
2002-11-12,21.52494239807129,21.931322631169042,20.96533251921373,21.078586672552138,3040900
2002-11-13,21.28510093688965,21.644849723072614,20.872056175421385,21.51160914952123,6342000
2002-11-14,22.277738571166992,22.31771150666289,21.458312453645863,21.651511163180412,4796400
2002-11-15,22.41097640991211,22.537556086173684,21.91798963912675,22.27773584922471,3834100
2002-11-18,21.691492080688477,22.517579387432,21.684828651644178,22.4509603451104,3963500
2002-11-19,21.291767120361328,21.584896963389507,21.085245323572906,21.351725266312254,5551500
2002-11-20,21.318416595458984,21.61154390875936,21.245134131795567,21.27844492013196,5785600
2002-11-21,21.291767120361328,21.504951074552807,20.83875185304273,21.38503478265095,6811000
2002-11-22,21.031946182250977,21.811401962769462,20.985312358096763,21.31841255425703,5719300
2002-11-25,21.298423767089844,21.451650806361602,20.68551942203162,21.025281737619185,6129900
2002-11-26,20.718828201293945,21.338393371574135,20.685517426111474,21.21847839294568,6095800
2002-11-27,21.33173942565918,21.42500708515441,20.89870937284718,20.932018888187887,5539600
2002-11-29,21.518272399902344,21.711471125720838,21.31841278828276,21.451653376480095,2249000
2002-12-02,21.718141555786133,22.937290042732954,21.518281856336117,22.004608056827603,6114900
2002-12-03,21.918010711669922,22.004614999230867,21.484979108446158,21.751460486023053,5538100
2002-12-04,21.48496437072754,21.951305190920912,21.418345342708353,21.811403707268806,5315700
2002-12-05,20.718828201293945,21.251787897452004,20.419037578032444,21.21847839294568,8151800
2002-12-06,20.279142379760742,20.652214281968153,20.132577465171853,20.35908572346692,6247400
2002-12-09,19.6462459564209,20.2724745706832,19.552978324541304,20.232502909974258,7366900
2002-12-10,19.53299331665039,19.946038077056766,19.373105391205552,19.732854176463647,7031900
2002-12-11,18.97338104248047,19.486355492018937,18.88677557716894,19.453045990901277,11694400
2002-12-12,19.692882537841797,19.786151453495375,18.793511786196305,19.526332445710274,18744800
2002-12-13,19.000032424926758,19.61293673768814,18.800171577107665,19.51966783376875,7609900
2002-12-16,19.106630325317383,19.313152122171687,18.846812539898202,19.02002354972659,8149700
2002-12-17,18.460411071777344,19.059992402772817,18.367143429478638,19.05333024679772,9248800
2002-12-18,18.33383560180664,18.626962867537753,18.160623342596562,18.447089722417985,13631300
2002-12-19,18.37381362915039,18.78685858569514,18.12065794465172,18.153967468433137,6990900
2002-12-20,18.57366943359375,18.80683986339055,18.13397720400052,18.45375441062192,6706900
2002-12-23,18.247236251831055,18.653619073988136,18.047376555737678,18.620309548198225,5193200
2002-12-24,18.147302627563477,18.340501394838252,18.074020161262467,18.213922935957424,3230200
2002-12-26,18.42043685913086,18.706903173061267,18.100661040607864,18.133970545200455,4150300
2002-12-27,18.247236251831055,18.513717540858163,18.220588885334518,18.38047689634461,2777600
2002-12-30,18.666933059692383,18.85346833394439,18.167282825358065,18.187268021498635,4456400
2002-12-31,18.693580627441406,18.95339961635729,18.320508803950318,18.67359543106991,4597900
2003-01-02,19.326473236083984,19.333135392385763,18.72023099006217,18.81349863693433,5124100
2003-01-03,18.82016372680664,19.306489776554663,18.680262234691423,19.286504575210536,3368000
2003-01-06,19.046672821044922,19.266518940116388,18.80017807145491,18.993376830684465,4391800
2003-01-07,19.353124618530273,19.599619370292935,18.886785016435038,19.07998250669083,5185100
2003-01-08,19.51967430114746,19.779493362329514,19.19323620596262,19.319814657785845,6148400
2003-01-09,20.35242462158203,20.4323692401096,19.886085037313794,19.9860148574658,8319500
2003-01-10,20.372411727905273,20.432369875997793,19.986015479462726,20.212523756550766,5017300
2003-01-13,20.332441329956055,20.612245615072027,20.145904716319833,20.492329311354222,4262200
2003-01-14,20.64554786682129,20.65221002253552,20.18586928794969,20.372405835919277,3858600
2003-01-15,20.285816192626953,20.65222614827709,20.185885049561218,20.63890182644469,4420200
2003-01-16,20.119251251220703,20.638886715454774,20.02598233735904,20.385731139376166,3819000
2003-01-17,20.03265380859375,20.472346146176555,19.999344283588993,20.105936288416526,4828800
2003-01-21,19.5063419342041,20.179204275603542,19.439721661364114,20.052625884275166,4034600
2003-01-22,19.353124618530273,19.519674748709285,19.233209592169775,19.38643540697207,6860900
2003-01-23,19.72620391845703,19.82613377329751,19.386441395457766,19.453061722243767,4800800
2003-01-24,19.25319480895996,19.72619783977402,19.113293309429736,19.71953568208068,4704600
2003-01-27,19.166589736938477,19.692887499935686,19.026686963544442,19.10663158700913,4372000
2003-01-28,19.459716796875,19.53966141926667,19.219885471053313,19.253194989155123,4251900
2003-01-29,19.53299331665039,19.58628929179867,18.89344161487104,19.346458038969555,5195500
2003-01-30,19.306489944458008,19.986014750952787,19.299827787059833,19.51967389849325,4422800
2003-01-31,19.233203887939453,19.526331115230935,19.186568797952088,19.253189084400617,5278300
2003-02-03,19.453052520751953,19.586291840623357,19.266515948120254,19.299825460418994,2793400
2003-02-04,19.026681900024414,19.453050993906487,18.886780434538665,19.36644423564511,3262700
2003-02-05,19.119953155517578,19.566307501593958,18.933416574686262,19.27984110879735,4126100
2003-02-06,19.28649139404297,20.252480676002662,19.09995492803265,19.74616850026813,6104900
2003-02-07,19.000032424926758,19.79947200417452,18.9933702695985,19.566302921066548,2759400
2003-02-10,19.106630325317383,19.20656014504194,18.800177438061915,19.05333433675251,3104400
2003-02-11,19.066661834716797,19.506354131452188,18.96006856911485,19.319817504994795,3070800
2003-02-12,19.15991973876953,19.3997522403464,18.986707517705813,19.113285923613176,4341900
2003-02-13,18.853479385375977,19.266524380306404,18.606985836861483,19.193241896364633,3507200
2003-02-14,19.266523361206055,19.299832886321138,18.606984852647344,19.006705507413,2934900
2003-02-18,19.879425048828125,19.90607241079361,19.279844791822164,19.286506949982723,3288700
2003-02-19,19.56631088256836,19.98601667361655,19.27984444027158,19.739521908877524,2315400
2003-02-20,19.43307113647461,19.69288895829145,19.25985883170446,19.672903753952788,2570900
2003-02-21,19.986013412475586,19.992675569427593,19.513011704971724,19.692884859969855,3349200
2003-02-24,19.652915954589844,20.02598790166716,19.59295780426069,19.979354067117082,3552900
2003-02-25,20.012666702270508,20.019327590097667,19.326479624483447,19.5196771383913,3629100
2003-02-26,19.986013412475586,20.119254010162695,19.752843001861404,19.879421442596506,4298300
2003-02-27,20.252498626708984,20.365752783119728,19.95270910962891,20.085948471438883,2730300
2003-02-28,20.332441329956055,20.498991469413735,20.152566874379346,20.319117013837026,3161200
2003-03-03,20.339099884033203,20.572269021416222,20.192534974047877,20.439029695865425,3162700
2003-03-04,19.51967430114746,20.152565289586956,19.41974447946665,19.85943671140351,6144900
2003-03-05,19.153263092041016,19.219883391713854,17.98741229513417,18.520372151163834,21138800
2003-03-06,19.153263092041016,19.279841534351757,18.46041400852593,18.726895207217286,9385100
2003-03-07,19.41974639892578,19.486366710189984,18.833490455289628,18.893448608359737,4909400
2003-03-10,18.893444061279297,19.293163291310698,18.76686562740858,19.139937501753565,3475200
2003-03-11,18.7069091796875,19.173250017778646,18.6602753500137,19.01336205717851,3623700
2003-03-12,19.033348083496094,19.079981915192256,18.600318012590364,18.626965371841052,3845100
2003-03-13,19.979354858398438,19.98601701655183,19.319816449333437,19.606282896545626,5622400
2003-03-14,19.712873458862305,19.98601556999815,19.559647644454714,19.946043894647612,4234700
2003-03-17,20.58559226989746,20.598916582965973,19.552982149939854,19.586291661934705,5578400
2003-03-18,20.64554786682129,20.698843841858846,20.31244770516749,20.412377499528375,4342900
2003-03-19,20.70549964904785,20.805429412769215,20.192525252422072,20.72548611006248,4292700
2003-03-20,20.49898910522461,20.712173055835237,20.04597257483874,20.552285092877266,4544100
2003-03-21,20.805435180664062,20.912027127607473,20.219179472475304,20.758801362710848,5879400
2003-03-24,20.052642822265625,20.805449110409803,19.9060778440825,20.78546390114999,4417700
2003-03-25,20.638893127441406,20.852077104196695,20.1725534959584,20.185876541498057,3619500
2003-03-26,20.79878807067871,20.97866258776785,20.538970170890284,20.565618812241485,2985700
2003-03-27,20.252498626708984,20.76547340990334,20.252498626708984,20.718839569736005,3063600
2003-03-28,20.272480010986328,20.5656085664267,20.125915097927876,20.22584618253192,2438200
2003-03-31,20.00600814819336,20.40572756503334,19.7528511621392,19.95937303026346,3775300
2003-04-01,20.259164810180664,20.332447299674737,19.82613457458597,20.09927678183849,4239700
2003-04-02,21.065258026123047,21.258455488882902,20.718833499691588,20.85873497920633,5744000
2003-04-03,20.971994400024414,21.285109492525155,20.885388881877976,21.025290396732252,3949700
2003-04-04,21.031946182250977,21.258454417294068,20.81876226001663,21.08524216280956,2946400
2003-04-07,21.43166160583496,21.83804417980189,21.425000721286548,21.504944042629308,5453100
2003-04-08,21.878026962280273,21.91799991162666,21.318418378198423,21.351727898643656,5704900
2003-04-09,21.598215103149414,21.984612543459548,21.558244706808896,21.891344896861312,4837500
2003-04-10,22.51091766357422,22.544227183497735,21.47164386902751,21.571574970151538,6661200
2003-04-11,22.08454704284668,22.650816437236323,21.95796732452551,22.650816437236323,4536600
2003-04-14,22.484268188476562,22.510916819958084,21.871364912521784,22.191140866239934,3737600
2003-04-15,23.103836059570312,23.11716037598386,22.30439486423172,22.44429637454376,4378900
2003-04-16,22.6907901763916,23.19044055648932,22.564210453634097,22.930620224101773,3429600
2003-04-17,23.0505428314209,23.197107796288606,22.48427326210213,22.48427326210213,3553100
2003-04-21,22.6907901763916,22.950607967425896,22.55754956676156,22.923959337229235,3655100
2003-04-22,22.530900955200195,22.71743628402459,22.331041311266457,22.71743628402459,5174700
2003-04-23,22.54422378540039,22.624167129437648,22.137841096068613,22.477604755594857,3422400
2003-04-24,22.351028442382812,22.544227216113594,22.171153984911413,22.384337962354525,3449900
2003-04-25,22.017921447753906,22.437628387238725,21.878019981709866,22.337697316434298,3732500
2003-04-28,22.963937759399414,22.983922966136735,22.017931492622534,22.05124101763602,4147500
2003-04-29,23.210426330566406,23.463583240968145,22.83069223564046,22.83069223564046,3984000
2003-04-30,23.05718994140625,23.27703469174597,22.983907510842293,23.210415686516274,4776100
2003-05-01,22.870668411254883,22.99058218432086,22.570877625205753,22.883990187209356,5181200
2003-05-02,23.197092056274414,23.450248857992076,22.81735812437403,22.870655363199738,3577300
2003-05-05,22.82402992248535,23.25706130027724,22.817369035123164,23.223751780759425,3113900
2003-05-06,23.230403900146484,23.38362966517836,22.77072660505086,22.82402130789337,3950600
2003-05-07,22.877317428588867,23.283700000884632,22.784049797180465,23.217078448912662,2894900
2003-05-08,23.28370475769043,23.750045551357108,22.784054451908887,22.81736396402375,4451900
2003-05-09,23.516887664794922,23.55019719642924,23.210435907592203,23.476917243375485,2180800
2003-05-12,24.116464614868164,24.149774139893797,23.80334948864872,23.916604923360506,6770400
2003-05-13,24.116464614868164,24.37628246796351,23.923265811824088,24.116464614868164,4133500
2003-05-14,23.923263549804688,24.289673373149178,23.783362033112837,23.98322170572314,3179300
2003-05-15,23.576824188232422,23.996531017210106,23.21041459401154,23.86329047167014,4917700
2003-05-16,23.663434982299805,23.73005399581889,23.38362953454422,23.516870102934856,3642900
2003-05-19,22.78404998779297,23.49688408106633,22.710767550686896,23.49688408106633,3977200
2003-05-20,22.744081497192383,22.937280225222068,22.530897570177856,22.72409629820754,4135200
2003-05-21,23.06385040283203,23.07051382804421,22.630821794068282,22.777384111158856,4222500
2003-05-22,23.416942596435547,23.490222497938028,22.810700398297215,22.937277546004314,3152200
2003-05-23,23.163793563842773,23.410287057204442,23.077186780257644,23.39030185382073,3130100
2003-05-27,23.92991065979004,23.976547013189666,22.88397651869305,23.123809004281277,5276800
2003-05-28,24.882585525512695,25.995141586647584,24.25635802408035,24.815966497764595,16660700
2003-05-29,24.402931213378906,25.042483245597786,24.136449929277436,24.602790905778072,9019600
2003-05-30,24.815963745117188,24.82262463061195,24.20972151098454,24.20972151098454,4893300
2003-06-02,24.8692684173584,25.30229726164303,24.55615333723996,24.829295468400677,3749600
2003-06-03,24.889263153076172,25.062474248854503,24.54949931019888,24.71604951594339,3039900
2003-06-04,24.93588638305664,25.17571898376106,24.702717210901437,24.849279601390403,5826800
2003-06-05,24.602779388427734,25.175712102090003,24.19639676402298,24.51617263043508,6604300
2003-06-06,23.516887664794922,24.649429529842337,23.390310428042763,24.629444319132617,9230900
2003-06-09,23.31035804748535,23.44359612260093,23.143807912237495,23.423610919604272,4465200
2003-06-10,23.317014694213867,23.576832451332926,23.183774101976347,23.237071355412525,3769000
2003-06-11,23.503557205200195,23.590163997912914,23.150471687657593,23.4502624767757,3886400
2003-06-12,23.683427810668945,23.776695476194515,23.290369404987405,23.54352631238059,4502700
2003-06-13,23.230403900146484,23.916591941718334,23.137136264157736,23.843309501626464,3709900
2003-06-16,23.76337432861328,23.903278386904308,23.190443943819115,23.350330665646542,4086300
2003-06-17,23.84998321533203,24.049842905862402,23.55685583864441,23.916604806411385,4251500
2003-06-18,24.143112182617188,24.183082594336916,23.656783481627993,23.93658907043484,3873000
2003-06-19,23.703413009643555,24.269682370317778,23.62346712661544,24.07648363169603,3703600
2003-06-20,24.043180465698242,24.163096780547907,23.776699201287066,24.103138623123076,3462600
2003-06-23,23.863292694091797,24.049827950408822,23.7833493758634,24.009857561970755,3238300
2003-06-24,24.14976692199707,24.4895280418767,23.863300517958926,24.136442607698424,2737200
2003-06-25,24.009870529174805,24.51618187320534,24.009870529174805,24.229715408374368,2832600
2003-06-26,24.183086395263672,24.409594748906866,23.883295553477954,24.016536209977623,2460100
2003-06-27,23.989887237548828,24.549495953999593,23.989887237548828,24.283017186051772,2336000
2003-06-30,24.3829402923584,24.649421541783965,24.029854797020032,24.24303878001907,3150200
2003-07-01,24.322967529296875,24.449547190356068,23.756698391075478,24.23636333540081,4371200
2003-07-02,24.482873916625977,24.516183440894842,24.063166795047607,24.349633278196706,2877600
2003-07-03,24.04984474182129,24.49620054138919,23.96324047883755,24.216394920203303,1615100
2003-07-07,24.649415969848633,24.656076855969502,24.08980750563579,24.149765646135485,2500300
2003-07-08,24.576147079467773,24.75602160024062,24.149778974534076,24.183088506228078,3385100
2003-07-09,24.469541549682617,24.702713225573234,24.30965486924336,24.66940117090817,2145400
2003-07-10,24.14976692199707,24.949207990444144,24.116457406927005,24.636092957808707,3191100
2003-07-11,24.609447479248047,24.68272994659429,24.28967151920816,24.54948932790598,2448100
2003-07-14,24.749351501464844,25.115761296470282,24.576137934940032,24.909238210645597,2047800
2003-07-15,24.74268913269043,24.995846064650053,24.462886108961534,24.95587311496584,2134800
2003-07-16,24.56947135925293,24.875922932027006,24.16308871036204,24.769330970133726,1792300
2003-07-17,24.28966522216797,24.762666881601113,24.25635571146966,24.58945590115826,2146000
2003-07-18,24.389602661132812,24.636096154256695,24.083151016562212,24.609447522201837,2682500
2003-07-21,24.2097225189209,24.749345755161414,24.0498333055098,24.749345755161414,2015000
2003-07-22,24.329641342163086,24.469542830206912,23.916597764501418,24.336302228632896,2513500
2003-07-23,24.496198654174805,24.52284729058786,24.00987247572892,24.4429013813487,2083000
2003-07-24,24.109800338745117,24.616114250235935,23.983223131549295,24.54949266116937,2712800
2003-07-25,24.336305618286133,24.482870554566986,23.943247186640306,24.09647301031872,2003200
2003-07-28,24.576147079467773,24.636105253058723,24.20307625832797,24.28301964266445,1562300
2003-07-29,24.56281089782715,24.64275678491437,24.149767313289086,24.509516181122144,2467900
2003-07-30,24.45623207092285,24.722713421769726,24.349640038855004,24.53617800098962,2670900
2003-07-31,24.64275550842285,25.122418099334,24.529500111592476,24.762669250135882,2899400
2003-08-01,24.429580688476562,24.795993140146784,24.3163277789452,24.582809099913685,2290600
2003-08-04,24.62276840209961,24.85594008801017,24.043174713233093,24.256358657215102,2170800
2003-08-05,20.025991439819336,21.784762042416148,19.966033278896894,21.31842107316979,56773500
2003-08-06,19.24652099609375,20.23249813612417,19.206549344816104,20.23249813612417,25463300
2003-08-07,19.339799880981445,19.692885312821662,19.2665174235007,19.506349996582014,16177700
2003-08-08,19.466373443603516,19.519669419884053,19.359781491042444,19.513008534690755,8117000
2003-08-11,19.619604110717773,19.81280158391197,19.453053995247082,19.546321653294175,8047500
2003-08-12,20.019325256347656,20.225848333864857,19.852775125194427,19.986015738387675,13395400
2003-08-13,20.185869216918945,20.35908145285057,19.98600962890045,20.185869216918945,7145000
2003-08-14,20.552276611328125,20.625557769935874,20.205852199210597,20.25248601032718,7101500
2003-08-15,20.618906021118164,20.718835842166268,20.38573559155484,20.558947874353976,3864100
2003-08-18,20.405725479125977,20.785460919390026,20.36575379566336,20.665544598325262,7021800
2003-08-19,20.312450408935547,20.585592476195202,20.265816583404842,20.479000511931748,7027600
2003-08-20,20.319120407104492,20.578938261431176,20.08594991878922,20.33910688462075,7540300
2003-08-21,20.479001998901367,20.57893181381965,20.319114040896807,20.552284456157157,4264200
2003-08-22,20.57893180847168,20.71883456586215,20.52563582248401,20.618904750969836,5429200
2003-08-25,20.95200538635254,21.118555504620282,20.578932206545673,20.618905149817056,5356300
2003-08-26,21.065258026123047,21.13853920891228,20.778791639676896,20.785453796417094,4096300
2003-08-27,21.178510665893555,21.25179184354977,20.978649789716393,20.99197410226348,3283200
2003-08-28,21.438344955444336,21.451669278276473,21.111906670121186,21.251808247826524,3844900
2003-08-29,21.48496437072754,21.544922512486018,21.171850618737224,21.325075145587263,6441900
2003-09-02,22.071226119995117,22.137845162036296,21.398362105152845,21.478308005226523,7867600
2003-09-03,22.157833099365234,22.19114516584815,21.884690927140856,22.19114516584815,7109000
2003-09-04,21.86469078063965,22.410974751823776,21.651506915853265,22.33769232179993,7943200
2003-09-05,21.45166015625,21.87802814015226,21.391701999679142,21.87802814015226,4691500
2003-09-08,21.165189743041992,21.518275187353268,20.9853153068778,21.484965671327274,8555100
2003-09-09,20.665544509887695,21.131884203427642,20.518979553357134,21.131884203427642,11458200
2003-09-10,20.459016799926758,20.952006289443904,20.419045125609045,20.57227093605746,4629900
2003-09-11,21.071922302246094,21.29843058514768,20.60558269149558,20.665540841126983,5974800
2003-09-12,20.91203498840332,21.04527560750561,20.598921185392673,20.925359304448893,5403600
2003-09-15,20.59225082397461,21.03194291290333,20.512307500901862,20.88537930681916,5988400
2003-09-16,20.638893127441406,20.718837754063006,20.4523577831189,20.685526963522037,6998100
2003-09-17,21.00530242919922,21.211824230442563,20.612244028676205,20.818765829919553,6765900
2003-09-18,21.151870727539062,21.251800571329063,20.885390720540094,21.065265201768238,4452400
2003-09-19,21.704803466796875,22.017915828796127,21.385025138371006,21.63152103908895,10642800
2003-09-22,21.498291015625,21.73146018032731,21.331740886165264,21.50495190260794,5200600
2003-09-23,21.844709396362305,21.911328412716784,21.478299723707515,21.68482019921795,4039300
2003-09-24,21.318416595458984,21.858039930418727,21.198500298801264,21.818066984415054,5012200
2003-09-25,21.185176849365234,21.55158664130524,21.125218698585712,21.311755308863855,3565900
2003-09-26,20.78544807434082,21.085237421061162,20.738812989997722,21.02527929758187,4279100
2003-09-29,20.89204216003418,21.191831537584996,20.62556101908734,20.752139433969464,5000700
2003-09-30,20.75214195251465,20.912029894081503,20.498986362702894,20.78545273451383,3836800
2003-10-01,21.518272399902344,21.551581911613464,20.718832682747593,20.752142194458717,4631800
2003-10-02,21.27845001220703,21.564915236393166,21.02529304297488,21.484971866608134,4434100
2003-10-03,21.49163055419922,21.838055176261637,21.438335826918504,21.65151981874866,4766800
2003-10-06,22.01126480102539,22.017925687730443,21.451656287733112,21.584896894012832,3781800
2003-10-07,22.211130142211914,22.33770735293059,21.61821196046331,21.804747332333744,5210000
2003-10-08,21.9379825592041,22.8506765280861,21.59155799596459,22.750747978395008,13904900
2003-10-09,21.977943420410156,22.377662482115237,21.864688076737565,22.25108537222405,5425100
2003-10-10,21.89801597595215,22.197806794821936,21.89135508724569,22.017932303500064,3702200
2003-10-13,22.217775344848633,22.277733463669882,21.9579576770739,21.984606294628243,2999900
2003-10-14,22.297733306884766,22.377676661611098,21.891350563216303,21.91133576655953,3078500
2003-10-15,22.41097640991211,22.59085078563725,22.09786147349957,22.390991215282313,3568600
2003-10-16,22.504243850708008,22.897302103686112,22.490919540616105,22.544216780983717,3261200
2003-10-17,22.191137313842773,22.84401343250625,22.184473886362397,22.49758890276284,2629900
2003-10-20,22.284408569335938,22.31771808806237,21.924659667842363,22.21112610332576,2634000
2003-10-21,22.590856552124023,22.717433719343056,22.204461622987893,22.304390162996718,3726600
2003-10-22,22.570877075195312,22.750751542441584,22.317720135216828,22.55088932904332,3369400
2003-10-23,22.6907901763916,22.817367357795852,22.424308957131515,22.51757662146657,2863300
2003-10-24,22.464279174804688,22.630829281281347,21.984614054918968,22.5042495738932,3261700
2003-10-27,22.584196090698242,22.71743414654891,22.430967752034547,22.484265007457225,2414300
2003-10-28,23.15712547302246,23.15712547302246,22.424306027816233,22.470939853891924,4039700
2003-10-29,23.52353286743164,23.603476189676403,23.003894919459707,23.143798910078534,5028800
2003-10-30,23.263713836669922,23.8233222042884,22.730754091641018,23.71673025528262,4428200
2003-10-31,23.616804122924805,23.63678932121348,23.190436283747772,23.237070107323213,3925200
2003-11-03,23.436933517456055,23.770033763535473,23.376975371507633,23.510215978210038,2959200
2003-11-04,23.510217666625977,23.65678005730631,23.143807877895075,23.3503284188298,4008200
2003-11-05,23.230403900146484,23.65011080344835,23.083841561315225,23.58349178955709,4528300
2003-11-06,23.31035804748535,23.330343250482013,22.917299626646276,23.303694618917543,4823000
2003-11-07,22.977256774902344,23.470243730577888,22.95060814450008,23.396961267648294,3567600
2003-11-10,22.950603485107422,23.21042122539857,22.824023787071297,22.983912995671176,2587000
2003-11-11,22.977256774902344,23.190440735413922,22.71743644051017,23.083848755158133,2570200
2003-11-12,23.24373435974121,23.263719560924674,22.910634119466664,23.017226094700394,2301200
2003-11-13,22.844017028808594,23.07718620026985,22.617508744523356,23.05053756885903,4851700
2003-11-14,22.757402420043945,23.35032028755844,22.64414958753106,22.85733348278678,4316000
2003-11-17,22.57753562927246,22.80404391187089,22.164492010894147,22.697451928374768,3664400
2003-11-18,22.41097640991211,22.923950916679587,22.371006020652512,22.617499406045194,3190000
2003-11-19,22.530900955200195,22.71743628402459,22.317716996157106,22.437633290788,2910500
2003-11-20,22.744081497192383,23.070520814944363,22.28440413107098,22.364347468363206,3575000
2003-11-21,22.724111557006836,22.930632195465762,22.670814268788675,22.8506888044931,2910600
2003-11-24,23.416942596435547,23.490222497938028,22.83068559494766,22.97058705420591,4087200
2003-11-25,23.583494186401367,23.816663300070754,23.24373057350856,23.383632041710193,3093000
2003-11-26,23.59015655517578,23.783355285136643,23.330338800364295,23.6434538081386,3756400
2003-11-28,23.863292694091797,23.94989943796139,23.390291127658053,23.47023444588645,1360300
2003-12-01,24.3829402923584,24.396264608965033,23.829995130627626,23.94991143873378,4448300
2003-12-02,24.003198623657227,24.409581257764728,23.96322822774681,24.40292037223057,2879600
2003-12-03,23.84998321533203,24.31632418747213,23.610150570154048,24.176422658236255,5547300
2003-12-04,24.096473693847656,24.236377746699514,23.656781413886083,24.10979801037419,7526200
2003-12-05,23.863292694091797,24.163083314138632,23.670094012133585,23.849968384161688,4462400
2003-12-08,24.07649803161621,24.11647099703771,23.650129899205016,23.830004431569964,4630300
2003-12-09,23.98321533203125,24.482865651448567,23.403621673085986,24.016524845055148,12135600
2003-12-10,24.04984474182129,24.349635571179725,23.71674438505726,24.303001724541083,4964400
2003-12-11,24.07649803161621,24.309669851209826,24.003215532354062,24.009878963934913,4025500
2003-12-12,23.923263549804688,24.256363851273065,23.51688077539669,24.256363851273065,4546200
2003-12-15,23.603487014770508,24.30299712326625,23.55018974792907,24.116461772028334,4835900
2003-12-16,23.8966064453125,23.949903694505302,23.450253419410004,23.823323998348755,3534900
2003-12-17,23.976551055908203,24.076479580850943,23.77668892331755,23.94990243271577,4576200
2003-12-18,24.329641342163086,24.349626542925606,23.983216794611877,24.016526309667107,3338700
2003-12-19,24.37626838684082,24.549479341729903,24.183069695399325,24.48286033016158,3740900
2003-12-22,23.87662124633789,24.429566229245403,23.843311736270426,24.41624445830059,4313500
2003-12-23,24.14976692199707,24.216385952137202,23.816666688590214,23.96323160452222,2452300
2003-12-24,24.023181915283203,24.136434737865265,23.909926551348867,24.043167109538327,843700
2003-12-26,24.236373901367188,24.402924019493824,23.976556123706132,24.056499468828044,1343200
2003-12-29,24.63609504699707,24.642758475388014,24.163093285372618,24.163093285372618,2792700
2003-12-30,24.842609405517578,24.91589184397937,24.49618495001336,24.589452583927493,2982100
2003-12-31,24.76933479309082,24.895911973202548,24.549487408243202,24.782659108053092,2465600
2004-01-02,24.196413040161133,24.92923290929714,24.10314533405521,24.7760070290725,2603100
2004-01-05,24.08315086364746,24.389602506272265,23.889952094506576,24.276347091434932,3968300
2004-01-06,24.35628318786621,24.60277658025369,24.02318304737142,24.049829127183184,3124300
2004-01-07,24.702720642089844,24.769339688715128,24.329647373468564,24.369620326255973,3467100
2004-01-08,24.8226261138916,25.002500529231387,24.66273943893593,24.915896305860766,4973100
2004-01-09,25.288969039916992,25.555450242441808,24.636092889219594,24.862601148959758,6193300
2004-01-12,25.115764617919922,25.22235661858789,24.749354774458393,25.182383665329745,3195400
2004-01-13,25.22235679626465,25.302300161990342,24.955875522040646,25.002509363826782,2092200
2004-01-14,24.67605972290039,24.929214007136625,24.596113857123456,24.74934216251968,4511500
2004-01-15,24.6960506439209,24.99584135670333,23.923258218389,24.64275592906683,3555100
2004-01-16,24.6960506439209,24.895910271991504,24.442893759643177,24.889249385642138,3188300
2004-01-20,24.249704360961914,24.78266436575535,24.2230557253838,24.776000936183937,3147400
2004-01-21,24.34961700439453,24.422899433620803,24.143096567140965,24.203054687294088,3172300
2004-01-22,24.31631851196289,24.469544323651224,24.11645886808042,24.396261861245225,3359400
2004-01-23,24.882585525512695,24.935882780793577,24.316316165594838,24.429569021037207,5180300
2004-01-26,24.729360580444336,24.99584178332203,24.362950832502328,24.89591069690462,3509800
2004-01-27,24.442886352539062,24.92255134763461,24.342957839462347,24.789310788846702,3375600
2004-01-28,24.036516189575195,24.756011435901392,23.983218927664126,24.656080340494796,3669700
2004-01-29,24.58280372619629,24.58280372619629,24.083153264617938,24.216391354622566,4062400
2004-01-30,24.609447479248047,24.969196387300457,24.43623645390064,24.596123163243874,3005000
2004-02-02,24.79598617553711,25.05580399275984,24.536168358314374,24.629436032050382,2100800
2004-02-03,24.73602867126465,25.04914122111492,24.64942188280013,24.722704354473677,2218400
2004-02-04,24.84928321838379,25.195707854119973,24.59612626508547,24.669408741673436,3123500
2004-02-05,25.262319564819336,25.415547903015725,24.89590982964142,25.31561682007947,4348600
2004-02-06,25.408884048461914,25.47550561641758,25.142405400698145,25.182375800118578,3996300
2004-02-09,25.52214241027832,25.702016852639712,25.12242058013526,25.26898550532304,3072500
2004-02-10,26.25495719909668,26.314915335692877,25.44219191220441,25.48216485038614,4197200
2004-02-11,26.081754684448242,26.181683250317704,25.78862479198246,26.055106050341603,3978900
2004-02-12,25.149063110351562,25.788614833829246,25.01582253262222,25.60874043509753,5448300
2004-02-13,25.055803298950195,25.36225494455511,24.862604527930536,25.209029121752653,2275600
2004-02-17,25.155719757080078,25.508807609773097,25.115749369442835,25.162383182587764,2034900
2004-02-18,25.20236587524414,25.315618739227993,24.99584280748434,25.102434784732225,1844400
2004-02-19,24.96918487548828,25.48882025331083,24.962523991233848,25.315609307820733,2431400
2004-02-20,25.435527801513672,25.64871169541411,24.989172276479803,25.182370974499722,2712200
2004-02-23,25.41554069519043,25.75530170638235,25.20235681731466,25.315609640594538,2849200
2004-02-24,25.615406036376953,25.84191427534072,25.295630147490375,25.302291033333635,3059300
2004-02-25,25.77528953552246,25.935178730949378,25.38889467038227,25.508810931614324,2755000
2004-02-26,25.715343475341797,25.98182474568519,25.555456746218752,25.75531642829943,3116500
2004-02-27,25.888545989990234,26.068420389330086,25.38223230117747,25.48882425545079,6118700
2004-03-01,26.608049392700195,26.648022341099086,25.948512262915926,26.10173808641483,4552100
2004-03-02,26.45482063293457,26.927822367064962,26.0217918427664,26.81456950453508,4672800
2004-03-03,25.52214241027832,26.148369973743215,25.182378727589057,25.795284517267113,10196700
2004-03-04,25.741985321044922,25.908535435742525,25.189040261752478,25.295632233504822,5321400
2004-03-05,25.41554069519043,25.562103022884845,25.175708197242116,25.28230013618,4390700
2004-03-08,25.17571449279785,25.488826962215583,25.122417239325006,25.382234996622817,3024700
2004-03-09,25.022493362426758,25.215689588873218,24.815970278776565,25.209028701624746,3775800
2004-03-10,24.962533950805664,25.442196590421023,24.895912374919316,24.969194837717662,3617200
2004-03-11,25.06911849975586,25.535459227312145,24.815961669136303,24.882580683921837,3962500
2004-03-12,25.515470504760742,25.548780010867585,24.98251078299402,25.102427038060583,2374500
2004-03-15,24.929216384887695,25.422205772123647,24.849273052838218,25.402220574449455,3107400
2004-03-16,24.67605972290039,25.18237083272533,24.489521910773338,25.162385636957325,3853200
2004-03-17,24.855947494506836,24.982524704790393,24.609451420978143,24.902581337314135,2834300
2004-03-18,24.902576446533203,25.015829316435937,24.682729052458487,24.82929398184163,3905400
2004-03-19,24.80263328552246,25.04246576553591,24.67605616167185,24.822618478406216,3794600
2004-03-22,24.45623207092285,24.742698633609162,24.049849154490897,24.682740456736344,3632300
2004-03-23,24.29633140563965,24.68272634801311,24.236373263039088,24.47620583344133,2399000
2004-03-24,24.27634620666504,24.50285448673102,24.06316224205627,24.376277301917476,3834700
2004-03-25,24.62276840209961,24.81596714550614,24.236373456639623,24.283007285551122,2266500
2004-03-26,24.396251678466797,24.74267610256679,24.35628129118554,24.622759858018632,3715500
2004-03-29,24.76933479309082,24.94920923305163,24.396261598206934,24.409585913169206,1664800
2004-03-30,24.835948944091797,24.875921881120394,24.509512186426118,24.709371788863656,2371000
2004-03-31,25.055803298950195,25.142410082744085,24.77599774413665,24.955872199083906,2680000
2004-04-01,24.882585525512695,25.069123377642782,24.576133931706632,24.935882780793577,2509800
2004-04-02,25.115764617919922,25.315624301503142,24.85594677512636,25.308963413303665,2631200
2004-04-05,25.368919372558594,25.382241147802308,25.00917044849344,25.062465173528906,2203500
2004-04-06,25.362258911132812,25.362258911132812,25.009173374729745,25.055807217599813,2461900
2004-04-07,25.41554069519043,25.568766448579122,24.98250951374461,25.302285330558266,4088100
2004-04-08,25.248994827270508,25.828588432719048,25.035810913970984,25.63538971711863,5281100
2004-04-12,25.0891056060791,25.382232851346206,24.969189337253308,25.342262455972747,2010000
2004-04-13,24.75601577758789,25.17572289400878,24.662748094239642,25.08245521066053,3828100
2004-04-14,25.115764617919922,25.28897566599771,24.48287350211159,24.68273318569481,3335900
2004-04-15,24.89591407775879,25.308960252446017,24.815970722580445,25.215690039825603,2825400
2004-04-16,25.368919372558594,25.50882088479942,24.829295986460863,25.095774694345263,3071300
2004-04-19,25.34225845336914,25.535457138335726,25.268976018288555,25.328934143231553,2295000
2004-04-20,25.17571449279785,25.7353229474981,25.12908066668557,25.415547050719805,2430400
2004-04-21,25.52214241027832,25.568776242592023,25.055801545788047,25.129084008381938,2884900
2004-04-22,25.508817672729492,25.815269291817263,25.282309401805225,25.362252749968725,4165300
2004-04-23,25.675371170043945,25.68869548671375,25.30896135636174,25.442199440352685,2813200
2004-04-26,25.375574111938477,25.795281088323783,25.31561597245486,25.682025695364544,2339100
2004-04-27,25.34225845336914,25.64870996247678,25.282300328426142,25.48215989778537,3510200
2004-04-28,25.308948516845703,25.542117586894104,25.20235657891611,25.442186533243497,6324500
2004-04-29,25.0891056060791,25.54212205689817,24.849273068427514,25.342262455972747,2451900
2004-04-30,24.982515335083008,25.39555887704424,24.922557196624695,25.27564260012761,2984800
2004-05-03,25.03581428527832,25.37557539867874,24.869264171750988,24.922558886576148,2976000
2004-05-04,24.962533950805664,25.249000373733786,24.869266285918044,25.03581641360401,3441500
2004-05-05,24.92255401611328,25.115752719974076,24.795976869455806,24.862595885306572,4736500
2004-05-06,24.247894287109375,24.782282643520343,24.14769790362495,24.715485054530728,5389400
2004-05-07,23.82038116455078,24.441608361612683,23.713503504204887,24.147695432702577,4776300
2004-05-10,24.328044891357422,24.368124962097557,23.613300192890673,23.746897880527175,4089000
2004-05-11,24.127639770507812,24.49503135019407,23.980684667531055,24.32135621098048,2723900
2004-05-12,24.414886474609375,24.475005313296048,23.693462958533527,23.913897001608508,2974900
2004-05-13,24.094263076782227,24.381497359112664,23.78030873373146,24.354777298392335,3034700
2004-05-14,23.947298049926758,24.348091195046237,23.813702883051402,24.120975843927873,2591400
2004-05-17,23.74022102355957,23.893857484655506,23.412906790327952,23.807018598587664,2626500
2004-05-18,24.30800437927246,24.68875610530608,23.893853870776265,23.96065143570141,4406100
2004-05-19,24.394840240478516,24.74887187756869,24.348081441170887,24.58187543770903,3376600
2004-05-20,24.508407592773438,24.53512764669883,24.25457472497599,24.39485118583741,3436200
2004-05-21,24.408218383789062,24.668732615687684,24.31470071573985,24.642012553912096,2718800
2004-05-24,24.58856201171875,24.9158736772828,24.408205512092763,24.434925559777504,2558900
2004-05-25,24.94259262084961,24.996030165689604,24.421564454881228,24.48836202297219,2566400
2004-05-26,25.0093936920166,25.08287255610721,24.715480783818432,24.815679698153662,1675700
2004-05-27,25.430221557617188,26.265203884957295,25.356742705105045,25.717455682075293,7799600
2004-05-28,25.316665649414062,25.73081617789894,25.223145486575902,25.73081617789894,2682600
2004-06-01,25.47698211669922,25.52374092639377,25.14967044883733,25.196429258531886,2723900
2004-06-02,25.90450096130371,26.044779983342465,25.490350279700532,25.650668069959895,3463100
2004-06-03,26.21845817565918,26.625930162656093,25.917863878024967,26.218458175659176,5426500
2004-06-04,26.084848403930664,26.612557866750322,25.690736628278053,26.392121300700108,3710300
2004-06-07,26.278575897216797,26.385453581951268,25.577190931886538,25.817666359580343,3849900
2004-06-08,26.752838134765625,26.806278236574926,26.16500975568485,26.258529933851122,5493300
2004-06-09,27.173667907714844,27.273866816743986,26.49232195154334,26.545762049202644,6895100
2004-06-10,27.80157470703125,27.901773619451124,27.28054647804198,27.521021829318318,6661500
2004-06-14,27.36071014404297,27.634584344113378,27.013357064998715,27.474269106502035,3219800
2004-06-15,27.701385498046875,27.921819594878876,27.420829999702228,27.554427734715638,2777400
2004-06-16,27.76149559020996,27.834971900522515,27.607859135288006,27.661296683530228,2339700
2004-06-17,27.788223266601562,27.83498209399862,27.39411132985136,27.728104410210342,2389100
2004-06-18,28.06877899169922,28.182335416761983,27.647946993773957,27.821624823848193,3153300
2004-06-21,27.9351749420166,28.12221021079441,27.834976020505962,28.068772654642647,2467200
2004-06-22,28.148935317993164,28.25581299765442,27.661305745278394,27.908459901714124,4223400
2004-06-23,28.64992904663086,28.723407939764606,27.97526407435468,27.988624104757655,3783200
2004-06-24,28.396095275878906,28.71004963884826,28.262500060131895,28.53637432947791,3250500
2004-06-25,27.9351749420166,28.45620321827731,27.10687371043109,28.376045609967452,3711300
2004-06-28,28.008663177490234,28.356016327207374,27.801586526265034,27.921824253019633,3151000
2004-06-29,27.38744354248047,27.97527231248848,27.160328055079603,27.86839458595666,5007800
2004-06-30,27.507667541503906,27.788220477729503,27.086835589000785,27.40078986844205,4421800
2004-07-01,27.300588607788086,27.654622940008398,27.193710943837402,27.5878228074364,4025800
2004-07-02,27.173667907714844,27.521020898008008,26.959912613405834,27.293905579284175,3170200
2004-07-06,27.247161865234375,27.627913853452586,26.966606293398815,26.973287583390302,3579200
2004-07-07,27.641260147094727,27.84833416693221,27.166988171875534,27.273868373293915,3162000
2004-07-08,26.826322555541992,27.17367564473521,26.612567200371522,26.966599029591706,5878400
2004-07-09,26.853038787841797,27.207070566644358,26.659322228504198,27.18035051401204,3043700
2004-07-12,27.26719856262207,27.293918624222393,26.719450040642133,26.806288966760512,3592100
2004-07-13,27.561098098754883,27.627898220042923,27.166986301729708,27.34066406891454,2594200
2004-07-14,27.287229537963867,27.90845677775886,27.18703315783975,27.38742846625258,4112500
2004-07-15,27.37407684326172,27.614552306450243,27.23380033912354,27.26719914275186,4120600
2004-07-16,27.13359832763672,27.714748147686755,27.04676195760495,27.614549199908446,3050200
2004-07-19,27.160314559936523,27.407468701956777,26.95323795284863,27.293912288762108,2750400
2004-07-20,27.40079116821289,27.561106411327945,27.14027698702729,27.207074580297753,3049700
2004-07-21,27.55479621887207,27.990046615231826,27.38739163079725,27.434264711106895,2950000
2004-07-22,27.380699157714844,27.561496453308447,26.871790238348687,27.24677495123161,3639700
2004-07-23,27.233367919921875,27.63514032758976,27.132926733797728,27.41416512021386,2205700
2004-07-26,26.89188003540039,27.33382816257731,26.657514571894442,27.19990394583449,2283600
2004-07-27,27.66863441467285,27.668634414672848,26.78473825655778,26.83161134415542,3967400
2004-07-28,27.594970703125,27.789160631434697,27.01909853193966,27.594970703124996,3123800
2004-07-29,27.990053176879883,28.11058471290101,27.722207305804414,27.722207305804414,3952700
2004-07-30,27.26017951965332,27.789178961124197,27.139647936675328,27.782483897355593,4239700
2004-08-02,27.521326065063477,27.574896784284903,27.139643630984516,27.193214350205942,2014100
2004-08-03,27.26017951965332,27.588293840958503,26.93206775274103,27.394103784561413,3296600
2004-08-04,27.55479621887207,27.69541545980101,27.106150594548076,27.32712587691466,3160300
2004-08-05,27.1798152923584,27.75568761689153,27.173120231223034,27.52131960688355,3695000
2004-08-06,26.61063575744629,27.12623966629562,26.530279712043356,27.112849546453223,3928900
2004-08-09,26.911970138549805,27.15303323898998,26.49011226717169,26.510200007410972,3383000
2004-08-10,27.367307662963867,27.43427104629191,26.925359550566316,26.925359550566316,4409800
2004-08-11,27.11285400390625,27.35391451657202,26.891878674306156,27.11954906492814,3348000
2004-08-12,27.11285400390625,27.487838726536452,26.958839502092452,27.327131718092605,3812800
2004-08-13,27.2735538482666,27.507921792739698,27.112846882036475,27.12623700056301,2318100
2004-08-16,27.333837509155273,27.454369089999382,27.1798255012751,27.414191044920397,3002600
2004-08-17,27.661941528320312,27.92978739930405,27.474446608800612,27.534712376790534,3876400
2004-08-18,27.89629364013672,28.070393245273504,27.360599600034302,27.70880136469854,4139800
2004-08-19,28.358322143554688,28.42528547823194,27.80254051487864,27.889591572764054,6388100
2004-08-20,28.391813278198242,28.6529639727979,28.184230712403014,28.425293677999857,3698100
2004-08-23,28.003442764282227,28.30477157109276,27.81595041977417,28.150759637476625,3969300
2004-08-24,28.18423843383789,28.338250358631477,28.016833834576417,28.077099592486206,2475300
2004-08-25,28.150758743286133,28.35833881685738,27.929783440513674,28.244504912562377,2777700
2004-08-26,28.405231475830078,28.525763077785243,28.030246540319162,28.157473207097038,1938300
2004-08-27,28.157451629638672,28.47886813708194,28.09049081515141,28.398514648818956,2231600
2004-08-30,27.983360290527344,28.311471955113518,27.92978957951371,28.043626063221634,2603400
2004-08-31,27.56818962097168,28.11727908528461,27.47444344918876,27.956569537662748,4129300
2004-09-01,27.34052085876465,27.675330063181214,27.0927602083345,27.528013195832642,4785300
2004-09-02,27.059288024902344,27.293653517485378,26.14860630333578,26.15530391991946,9234400
2004-09-03,27.186504364013672,27.387391915303358,26.958834019691174,26.96553163374287,3536900
2004-09-07,27.193201065063477,27.420871401742026,26.952138055122518,27.25346681754872,3235700
2004-09-08,26.865093231201172,27.374004716478332,26.818220141029833,27.126244034839157,3494400
2004-09-09,26.778039932250977,26.952139585767203,26.510191560573755,26.8516958077904,3023200
2004-09-10,27.146326065063477,27.307033024058907,26.644112348018403,26.731160886477987,4132300
2004-09-13,27.55479621887207,27.983351555641004,27.119543268121017,27.347213610078423,4738700
2004-09-14,27.7355899810791,27.849426425374645,27.327124945783073,27.34051761889968,2885600
2004-09-15,27.728904724121094,27.862828948239297,27.541412342990874,27.60167811612446,2128500
2004-09-16,27.836029052734375,27.949865477811052,27.655231827770795,27.789155981935387,2290900
2004-09-17,27.628448486328125,28.110574454469717,27.588273025243634,27.856118798573767,3075400
2004-09-20,27.461048126220703,27.822642657711167,27.246770452979984,27.57488457697497,2530600
2004-09-21,27.728904724121094,27.80925823683517,27.41418318060213,27.561500082571364,2073800
2004-09-22,27.440969467163086,27.722210602790852,27.333830595112556,27.561501017518957,2010300
2004-09-23,27.286954879760742,27.702117649818153,27.286954879760742,27.34052558784142,1662400
2004-09-24,27.688718795776367,27.909694085724276,27.17311489468068,27.253468384483835,2089100
2004-09-27,27.588275909423828,27.896299730431362,27.528010157105722,27.568185622390306,2007200
2004-09-28,27.65525245666504,27.822657135645326,27.548113564293363,27.769088966655833,2025200
2004-09-29,27.983360290527344,27.996752968280752,27.55480481998665,27.561499881667306,2094800
2004-09-30,27.79585838317871,28.05031408787356,27.648544073632394,27.916389898329353,3190800
2004-10-01,28.318166732788086,28.57261992142211,27.77577483290472,27.949877071856246,3828700
2004-10-04,28.994476318359375,29.342678194198214,28.324857915836567,28.324857915836567,4541100
2004-10-05,28.833770751953125,29.235540791492884,28.733326964872376,28.90742663416851,2934300
2004-10-06,28.746715545654297,28.89403239788565,28.28467981055313,28.760108218983625,3920500
2004-10-07,29.898475646972656,30.07257538311956,29.46322247501651,29.597146724417833,9228600
2004-10-08,29.92523956298828,30.427453265425665,29.46989893509377,29.46989893509377,6412600
2004-10-11,30.06588363647461,30.132844491364935,29.556971943493767,29.798035108127547,3136100
2004-10-12,30.353809356689453,30.414072572502093,29.724366300242874,29.891770933656627,4537800
2004-10-13,30.414073944091797,30.65513703578159,30.099354956067554,30.173013406794112,3715300
2004-10-14,30.40737533569336,30.795755283535932,30.19979268553007,30.400680274768263,4550200
2004-10-15,30.534610748291016,30.78906656160466,30.239979449038533,30.4542572220208,3748100
2004-10-18,30.889514923095703,30.889514923095703,30.293554619789024,30.534615234012946,3340100
2004-10-19,30.943077087402344,31.10378668673232,30.681926223584508,30.708711582538243,4710100
2004-10-20,31.110469818115234,31.137255166796532,30.608256025102385,30.722092479802182,3270100
2004-10-21,31.15065574645996,31.184136163612422,30.708707598627996,31.02342913952376,5510600
2004-10-22,30.621639251708984,31.30465010600321,30.60155152359143,31.210903968933724,3731900
2004-10-25,30.795764923095703,30.90959887519681,30.360511749360928,30.467650638441278,2506800
2004-10-26,31.59929847717285,32.10151239002654,30.92298486512906,30.969857959310705,7444600
2004-10-27,32.20863723754883,32.35595407194036,31.157336775224238,31.37161441376231,4616600
2004-10-28,32.28231430053711,32.509984742281794,31.90063187678755,31.994378078495522,3377100
2004-10-29,32.10150909423828,32.402837921892164,31.786790144814706,32.28900400610725,2906500
2004-11-01,32.235435485839844,32.24213310157033,31.605994989947956,32.00776508445053,3181100
2004-11-02,32.496578216552734,32.75103390876364,32.04123752707694,32.31578095269693,3048600
2004-11-03,32.57040023803711,33.214560802925384,32.34225971801419,32.87906018875442,4110900
2004-11-04,33.16087341308594,33.25481571799787,32.14095398498863,32.8119550906488,4602500
2004-11-05,33.248111724853516,33.85872276546334,32.993130530851616,33.248111724853516,3837400
2004-11-08,32.99985122680664,33.19444225992286,32.483179807670844,32.7180292892474,4262600
2004-11-09,32.879058837890625,33.07364980043482,32.77840763390805,32.9058995002415,3719400
2004-11-10,32.81196212768555,33.00655054471329,32.69118169799019,32.905901893078244,2462000
2004-11-11,32.67103958129883,32.91260036424853,32.556970633609154,32.879050824320146,3004900
2004-11-12,32.95957946777344,33.0132607944337,32.40264978183916,32.45632854883288,2752300
2004-11-15,33.37559127807617,33.44939923886772,32.77168934675832,32.972989137309035,3292200
2004-11-16,32.63078308105469,33.375594685839296,32.57039288175685,33.28165238496913,4923800
2004-11-17,32.85893630981445,33.053524752303154,32.375814527818854,32.94616464071157,5949900
2004-11-18,32.442893981933594,32.832075750456426,32.35566570388434,32.62406454041849,3323200
2004-11-19,31.85910415649414,32.516684354270886,31.838974960129327,32.39590405675436,3318300
2004-11-22,32.81196212768555,32.885770115017934,31.805460253335276,31.88597968657664,4473600
2004-11-23,33.34204864501953,33.395729969560406,32.59723946451317,32.630789012518,4082300
2004-11-24,33.274959564208984,33.40244890886604,32.79854918401623,33.38231968593787,2784100
2004-11-26,33.30849075317383,33.42256225941484,32.899179714915384,33.0535096448108,656200
2004-11-29,33.16758728027344,33.32862612398191,32.97970777605812,33.10719707396619,2245000
2004-11-30,32.61064147949219,33.12060357756627,32.50999288410811,33.0669222789626,3890500
2004-12-01,33.301795959472656,33.34205440016085,32.73144330627678,32.79183352697594,4555000
2004-12-02,33.00655746459961,33.42928905715985,32.48317719930314,32.744867331951376,3862400
2004-12-03,32.15437316894531,33.04680590736781,32.14766428384669,32.67775579495481,4044400
2004-12-06,32.39596176147461,32.610682104045424,31.859160905047585,32.20137321079183,3825100
2004-12-07,32.248313903808594,32.71130374299895,32.08727251297461,32.348962533372024,3963300
2004-12-08,32.81196212768555,32.82537990017025,32.22148031136007,32.24832097566273,3798700
2004-12-09,32.2751579284668,32.61065854127691,31.570607153498855,31.70480791055621,8193100
2004-12-10,31.885974884033203,32.2080551281548,31.657834391155454,32.00675529553708,4315000
2004-12-13,31.59073257446289,32.11411260604398,31.402850528519764,31.89268101750366,3845000
2004-12-14,32.16107940673828,32.19462894613203,31.537048247284705,31.537048247284705,3321900
2004-12-15,32.44960403442383,32.543543751169416,32.04700195737306,32.08055405020961,3004500
2004-12-16,32.174503326416016,32.51671276190197,32.00675305105375,32.4764543340013,2857200
2004-12-17,32.06715393066406,32.3623935921342,31.919532820095533,32.10070348497502,3617600
2004-12-20,32.0402946472168,32.342245579909,31.83899487864381,32.00674511239887,2235300
2004-12-21,32.18791961669922,32.20804882812376,31.82557845306305,32.01345791880073,2692100
2004-12-22,32.080562591552734,32.40935168770129,31.879260219598613,31.926232650142964,2159300
2004-12-23,31.872547149658203,32.26843783769321,31.8725471496582,31.99332753310384,1428500
2004-12-27,31.8457088470459,32.24159956431255,31.771898322860718,32.06042897576688,1838900
2004-12-28,32.2751579284668,32.28857826013918,31.825588335941173,31.852428999285955,1240400
2004-12-29,32.68446350097656,32.791823576344946,31.93965185825448,31.97320396153581,1952600
2004-12-30,32.51000213623047,32.825370896450615,32.442900493879215,32.71801082835454,1420800
2004-12-31,32.48317337036133,32.63079447790762,32.38252214982216,32.4227831499712,1393500
2005-01-03,32.14094543457031,32.87233654755541,32.04029427163096,32.369085852189485,2219300
2005-01-04,31.563905715942383,32.43620700316093,31.563905715942383,32.33555577169961,3280200
2005-01-05,31.684659957885742,32.11410007881006,31.48335766149557,31.657819310411714,2672900
2005-01-06,32.14094543457031,32.805234919040714,32.04700315464973,32.78510571031901,3771700
2005-01-07,31.86583709716797,32.18120581156128,31.78531513804726,31.953065380050393,2448200
2005-01-10,31.926246643066406,32.16780498788495,31.71823529538885,31.812175078318358,2053100
2005-01-11,31.751773834228516,31.912815234559428,31.60415276389736,31.845713584560624,2364500
2005-01-12,31.892677307128906,31.96648782805528,31.537047589573557,31.70479784270959,2310700
2005-01-13,32.03358459472656,32.47644509328659,31.892672458170612,31.939642317134147,2913600
2005-01-14,32.38921356201172,32.53683457824709,32.0738423217508,32.140943947160196,3035500
2005-01-18,32.97298812866211,32.999828782492,32.10068735651564,32.308698584198865,3119800
2005-01-19,32.44960403442383,32.98640424415954,32.42947482645415,32.979695361391414,1830000
2005-01-20,32.06715393066406,32.63750403295114,32.006763709037564,32.53685537001826,1871400
2005-01-21,31.208288192749023,32.1678208362706,31.154609387343115,32.013490751184605,3102700
2005-01-24,31.147876739501953,31.63770990361444,31.087489084392157,31.268657169054812,2487800
2005-01-25,31.59073257446289,31.698092646573528,31.21497104224266,31.2887815717561,2145800
2005-01-26,31.778608322143555,31.879256938094326,31.657827935270056,31.771896878614072,2598200
2005-01-27,31.691373825073242,32.06713526982298,31.49007405668302,31.698085267829995,2257600
2005-01-28,31.731645584106445,31.84571455307423,31.268653143865613,31.751774799885162,2648800
2005-01-31,31.718231201171875,32.36910326983561,31.624291430368196,32.006761959878474,2845700
2005-02-01,31.51020622253418,31.778607645351503,31.463236357491,31.66453614477116,2634200
2005-02-02,31.651121139526367,31.65783258404139,31.214971953695585,31.516922965219113,2259000
2005-02-03,31.11431884765625,31.295489443416077,30.698298901651803,31.20154970331823,4782300
2005-02-04,31.05379867553711,31.484167061575896,30.87895991546015,31.174840104760257,3578300
2005-02-07,31.00001335144043,31.33623910390811,30.932769227026462,31.067260041053316,2565400
2005-02-08,30.8520565032959,31.268975457811468,30.724289155397912,31.255526128285506,2893400
2005-02-09,30.603273391723633,30.93949921594261,30.54275264075624,30.825183667003902,2132900
2005-02-10,30.838626861572266,31.127781217987277,30.56292184326946,30.650341258399312,1966300
2005-02-11,31.2286434173584,31.544696409630014,30.75120351875135,30.919316375883295,2959000
2005-02-14,31.275699615478516,31.443812390925544,31.03361937360059,31.282425563006928,2043900
2005-02-15,31.605234146118164,31.618683489749024,31.134517379838105,31.430397809317004,2079100
2005-02-16,31.56485366821289,31.672445741460756,31.376568181328466,31.605201657629856,1791700
2005-02-17,31.00001335144043,31.65901808365213,30.932769227026462,31.470729917934964,2179600
2005-02-18,30.79827117919922,31.020181355001807,30.75792574010661,30.92603857685464,2028100
2005-02-22,30.529287338256836,31.410196821396976,30.529287338256836,30.60998076884418,3505200
2005-02-23,30.697404861450195,31.01345524860767,30.58981274908202,30.764648969730946,2810400
2005-02-24,31.295879364013672,31.396745504573904,30.66377359629949,30.704121591642227,2348800
2005-02-25,31.316059112548828,31.443823945366358,31.168118994929767,31.215190384136136,1525800
2005-02-28,31.329509735107422,31.605214696876494,31.053804773338353,31.34295907046182,2425000
2005-03-01,31.410192489624023,31.786766055761635,31.342948400941168,31.35639773171725,2890600
2005-03-02,30.273759841918945,30.979833240714022,29.796320002897335,30.536015455882975,12766600
2005-03-03,30.125825881958008,30.428429561911813,30.07875448343173,30.3275608135276,4944200
2005-03-04,30.098913192749023,30.428415394213097,29.924077017513433,30.098913192749023,4714100
2005-03-07,29.950977325439453,30.361172971456483,29.836659286537405,30.206506936730573,3306200
2005-03-08,30.973108291625977,31.356405333475866,29.924083323553653,30.125818203706512,8118000
2005-03-09,30.670490264892578,31.07395983545217,30.48220480732436,30.892397759141264,4918800
2005-03-10,30.092195510864258,30.82516752647424,29.984603406059037,30.771370191472567,4417300
2005-03-11,30.219959259033203,30.49566417811702,30.045123056891427,30.219959259033203,2518300
2005-03-14,30.704133987426758,30.73775604785397,30.152723987784395,30.193071999416315,3118700
2005-03-15,30.475481033325195,30.771358568480835,30.28719556233499,30.74446247633734,2970400
2005-03-16,30.024953842163086,30.381352237257616,29.910635778613052,30.293932843389744,2739500
2005-03-17,29.688730239868164,30.024955938778568,29.62820951145635,29.924087203026044,2674900
2005-03-18,29.386123657226562,29.789593429465615,29.10369276450062,29.68872726900498,4490000
2005-03-21,29.070072174072266,29.386125136191616,28.747295826996464,29.359226465969037,3181600
2005-03-22,29.20456314086914,29.547512210136787,29.01627757854168,29.070072354121642,2808300
2005-03-23,29.399578094482422,29.634935074939232,28.95576024190765,29.043177083106638,2700300
2005-03-24,29.318880081176758,29.51389160327175,29.25163596710191,29.365951474068858,1969400
2005-03-28,29.890470504760742,30.031684707971515,29.271813773953266,29.271813773953266,2665500
2005-03-29,29.88373565673828,30.078747154659947,29.58785800020756,29.803042216811395,3040000
2005-03-30,30.25358772277832,30.52929267692916,29.856841318980926,29.877014038855897,3603000
2005-03-31,29.708906173706055,30.30738757205551,29.587864703792818,30.260316174333564,3528100
2005-04-01,29.44664192199707,29.863560993874906,29.318874538132704,29.829938943194087,3342800
2005-04-04,30.367904663085938,30.408252669948478,29.345778242687835,29.473545648486645,3553400
2005-04-05,31.17484474182129,31.24208885019276,30.354453280658106,30.39480128479997,4752800
2005-04-06,31.121055603027344,31.457281363873182,30.98656735084819,31.262272372133822,2644900
2005-04-07,31.5379638671875,31.75987144026895,30.764643922829574,31.275705731439782,3136700
2005-04-08,31.05379867553711,31.638830539983715,30.93275724631396,31.638830539983715,1854100
2005-04-11,31.134483337402344,31.17483132417844,30.63014504608849,30.84532917849996,2614500
2005-04-12,31.19502067565918,31.275714127059345,30.341007072311843,31.141225896458593,2933700
2005-04-13,30.77137565612793,31.21519348791636,30.67723286835441,31.201746716976068,2287600
2005-04-14,30.542734146118164,30.98655442793081,30.515838046018718,30.771367670749868,2051800
2005-04-15,30.166160583496094,30.549457553907715,30.125812588906246,30.29392538523407,2668800
2005-04-18,29.78959083557129,30.441869390252997,29.68199873466278,30.246857905731947,3315100
2005-04-19,29.513887405395508,29.91735972805271,29.473541968768497,29.80976762171709,3122000
2005-04-20,28.975934982299805,29.581142353046854,28.854893508150393,29.453374927445324,3257000
2005-04-21,29.60131072998047,29.755974243081138,29.009552783839887,29.29198370377913,2853600
2005-04-22,27.012367248535156,27.973972804165676,26.54837677914905,26.877879041894392,24897600
2005-04-25,27.866374969482422,28.209326495409243,26.83080213922688,27.173751099956117,9700600
2005-04-26,27.96726417541504,28.168999157009484,27.53689553062703,27.90674342441676,6135800
2005-04-27,27.859651565551758,28.047937068147235,27.684812828686603,27.812580189902892,3257400
2005-04-28,27.099790573120117,27.752069243948274,27.072891901803835,27.68482256565757,4259400
2005-04-29,27.32170867919922,27.469646283901586,26.911512800980596,27.314982726822294,4968600
2005-05-02,27.75206756591797,27.799138955276042,27.35532116618681,27.375493885855033,2711600
2005-05-03,28.26984977722168,28.632974050034953,27.664642655866228,27.738612700164985,4665400
2005-05-04,28.90032386779785,28.994724886102006,28.27322844936616,28.293456504078527,4474600
2005-05-05,28.826152801513672,29.068899762978752,28.542949727961073,29.00146862244123,3743100
2005-05-06,28.91379737854004,29.055398843719015,28.792423959176997,29.014940179853436,2592400
2005-05-09,29.223981857299805,29.33186908899062,28.67105947335506,28.994721168427507,3526600
2005-05-10,28.96099090576172,29.12956477299871,28.84635933847936,28.95424651062171,2472300
2005-05-11,28.981237411499023,29.23747057317806,28.21254049869663,29.122838932860574,3658400
2005-05-12,28.637344360351562,28.893574920496057,28.387853054404054,28.71151731226923,4004000
2005-05-13,28.347393035888672,28.86660105536279,28.03721761819787,28.86660105536279,2526000
2005-05-16,29.163299560546875,29.163299560546875,28.091168907339107,28.441803106677455,3011900
2005-05-17,29.534170150756836,29.588115076142632,28.92730517358032,29.13633532886124,3796800
2005-05-18,30.269136428833008,30.397254270199326,29.54089834140879,29.601585063046993,3464800
2005-05-19,30.30960464477539,30.57932149191561,30.026398997207888,30.363546985309426,2406700
2005-05-20,30.316349029541016,30.5658404137867,30.02640152954162,30.410750062613335,1625000
2005-05-23,30.012920379638672,30.404013379681935,29.898291269289512,30.38378531838165,3278700
2005-05-24,30.033130645751953,30.194960170878407,29.65552413340035,30.073586740916603,3809900
2005-05-25,30.626510620117188,30.693941736013304,29.79038536087784,29.878044525425757,3222500
2005-05-26,30.67371940612793,31.260356076508547,30.161253118710178,31.23338362512139,9454200
2005-05-27,30.54560089111328,30.680460572913645,30.343312654529978,30.673718746329143,2199400
2005-05-31,30.599550247192383,30.808580340789305,30.417490036094033,30.54560533772553,1960400
2005-06-01,30.72092056274414,31.27384296675744,30.57257464919705,30.57257464919705,2936800
2005-06-02,31.43568229675293,31.462654757089833,30.788358682079565,30.788358682079565,2822300
2005-06-03,31.098522186279297,31.509843043911562,30.990634959050702,31.46938436911294,2225200
2005-06-06,30.869264602661133,31.017610519565444,30.457943703778913,30.59280339439787,2725300
2005-06-07,30.902986526489258,31.294076864014375,30.673725786479682,30.977156924880088,3140000
2005-06-08,30.808574676513672,30.98389302781314,30.626514498887794,30.970406802925922,2407600
2005-06-09,30.909719467163086,31.18618064131019,30.51188484366024,30.916461293356477,2608900
2005-06-10,30.88949966430664,31.145730283822303,30.714181269653793,30.849040979640208,1447100
2005-06-13,30.835548400878906,31.35475650544364,30.720919342950918,30.788347897939794,2171500
2005-06-14,31.24687385559082,31.354761102732333,30.77486618475863,30.936698341588333,1557300
2005-06-15,31.145732879638672,31.44242478078334,30.673727713699858,31.35476557615103,2628800
2005-06-16,31.010873794555664,31.31430493307653,30.828813568102102,31.145730935127126,2029600
2005-06-17,31.41544532775879,31.46938766089841,30.849036682502152,31.226643303418133,4815500
2005-06-20,31.26035499572754,31.36824222531157,31.05132236305591,31.16595399137082,1734100
2005-06-21,30.950185775756836,31.233388845957307,30.77486738466943,31.206416390061555,2390600
2005-06-22,30.660240173339844,31.152475948367776,30.64000954406806,31.044588690447068,3852300
2005-06-23,30.215200424194336,30.795092741723874,30.215200424194336,30.559090203905733,5257800
2005-06-24,30.289382934570312,30.356814095385605,29.864578196494957,30.208468113827738,2709600
2005-06-27,30.14777374267578,30.2961196867752,30.046630885345824,30.235432943483175,2151500
2005-06-28,30.606292724609375,30.74789425661415,30.18148555636013,30.329831488308894,2360500
2005-06-29,30.4714298248291,30.801835937092726,30.32308648067175,30.61977574122109,1630500
2005-06-30,30.16123390197754,30.714155941956324,30.14774768487648,30.430953099532854,2587000
2005-07-01,30.296106338500977,30.471422090637624,30.16124668257756,30.410735374083785,1525700
2005-07-05,30.559078216552734,30.788338837173608,30.221930396359316,30.437704795504402,2427000
2005-07-06,30.586057662963867,30.687200488840887,30.2893658670289,30.545598989272467,2545500
2005-07-07,30.404006958007812,30.538866673409014,30.019658441067232,30.28263347137025,3254400
2005-07-08,30.714195251464844,30.855796853905137,30.20847303797562,30.370305278076096,2601100
2005-07-11,30.774871826171875,30.815330515854598,30.478182485204623,30.53212483254624,2097500
2005-07-12,31.138978958129883,31.21989373054791,30.579312232672446,30.81531729622353,2485700
2005-07-13,30.876018524169922,31.219908397681916,30.707444501966204,31.058078776818196,2274900
2005-07-14,30.990619659423828,31.165937924764663,30.761359093216434,30.950163576832193,1185500
2005-07-15,31.321054458618164,31.354768749277817,30.943447715417783,31.145736031611186,2160400
2005-07-18,31.287322998046875,31.557039747543953,31.206405658187077,31.206405658187077,1259600
2005-07-19,31.253612518310547,31.455903336921565,31.064810497990514,31.267098744366923,2016300
2005-07-20,31.078304290771484,31.428938536903342,30.72092821608729,31.05807623287924,2443900
2005-07-21,30.660240173339844,31.145731547865473,30.64000954406806,31.017616232908107,2398800
2005-07-22,30.983890533447266,31.03783285641912,30.613028381725435,30.700684978083967,1632100
2005-07-25,30.96364974975586,31.206396554048254,30.84902074341408,30.84902074341408,1318700
2005-07-26,31.017621994018555,31.152481734526628,30.923220947333586,30.950193409882324,1196200
2005-07-27,31.08504867553711,31.125507366883866,30.774873091918337,31.044592556425805,1381400
2005-07-28,31.374984741210938,31.449157695473723,30.970408264439676,31.06480927087067,1900000
2005-07-29,30.99738883972168,31.35476490694363,30.85578472072707,31.287336333887286,2147000
2005-08-01,30.781606674194336,31.058067870638432,30.62651636466038,30.963664290676814,2113300
2005-08-02,30.599550247192383,30.936698214655657,30.532119110358813,30.936698214655657,1471200
2005-08-03,30.048587799072266,30.67051457702607,29.89310610458382,30.521794413775883,6144500
2005-08-04,29.913406372070312,30.156770090751433,29.643001667142315,29.926926865193753,4511200
2005-08-05,29.521299362182617,29.947185574917803,29.446940569658086,29.676783636032944,2734100
2005-08-08,29.271202087402344,29.757929607164957,29.163040702874074,29.622727231811915,3834700
2005-08-09,29.203596115112305,29.4266777960913,29.014311797478598,29.311757477144305,4570700
2005-08-10,28.71009635925293,29.419905127952827,28.662775946590877,29.183300485873474,5283700
2005-08-11,28.926420211791992,29.102181383610546,28.743897507152038,28.750656461204247,6183200
2005-08-12,28.946704864501953,29.129227602004683,28.696582259229167,28.8723434626931,2918100
2005-08-15,29.061616897583008,29.24413698825701,28.831773822592424,28.933173586437018,2200700
2005-08-16,28.885868072509766,28.994029423632636,28.60194549285099,28.994029423632636,3398900
2005-08-17,29.514554977416992,29.85931845776259,28.818266482124386,28.885866355519248,4160000
2005-08-18,29.730878829956055,29.920160545882776,29.21711306725353,29.372594845160478,3368300
2005-08-19,29.92015266418457,30.12971635073495,29.67003009420265,29.744391485519536,4126200
2005-08-22,29.899883270263672,30.04860610287545,29.60244018381028,29.920162718794312,2720900
2005-08-23,29.50777816772461,29.987743683223748,29.379334875711944,29.960702718719155,3324900
2005-08-24,29.29146957397461,29.784955806996315,29.264428596578192,29.35230790496224,2710100
2005-08-25,29.34555435180664,29.588918035632712,29.27119293966312,29.494277176093686,2485100
2005-08-26,29.14950180053711,29.440185821419227,29.075140412111097,29.379344919867872,2091600
2005-08-29,29.34555435180664,29.575397544445707,28.65602477388945,28.73038618603297,2316400
2005-08-30,29.095420837402344,29.250902559786823,28.73713440178075,29.135979717034523,4815400
2005-08-31,29.338781356811523,29.392860716912224,28.80473381493489,29.108938274153783,4429000
2005-09-01,29.190073013305664,29.866082110271947,29.021070739064093,29.58215694858568,4825500
2005-09-02,29.176542282104492,29.40638539755801,29.007540067176,29.237383182629518,1915300
2005-09-06,29.203596115112305,29.433439331776587,28.96699136276274,29.183314086826737,3968800
2005-09-07,29.277935028076172,29.406375740886673,29.102171338158325,29.183291652629784,2408700
2005-09-08,29.095420837402344,29.25766151346917,28.96021855483395,29.135979717034523,1988100
2005-09-09,29.095420837402344,29.30498192555275,29.000780013235183,29.142741249485923,1388400
2005-09-12,29.690311431884766,29.74439338493945,29.041343467845305,29.129225352174437,2085600
2005-09-13,29.426668167114258,29.74439319232945,29.284706909419167,29.582149912985464,2622000
2005-09-14,29.176542282104492,29.69030788082869,29.122462914287333,29.56862865854779,2049200
2005-09-15,29.02782440185547,29.386110911474038,29.00754495785106,29.332028955769506,2568100
2005-09-16,29.196842193603516,29.257683136786223,28.9196784699425,29.00080144670008,4960300
2005-09-19,28.561386108398438,29.237395247058757,28.426183764912334,29.041351977942416,2985000
2005-09-20,27.959733963012695,28.71010440078401,27.851572621094206,28.689822376270055,3444500
2005-09-21,28.040857315063477,28.41266180638477,27.385127659196964,27.94621645313843,3811500
2005-09-22,29.102182388305664,29.183302733578653,27.824525990486624,27.980007726747054,4422400
2005-09-23,28.946704864501953,29.365829717969525,28.797982060884248,29.081907178811715,2386100
2005-09-26,28.912891387939453,29.39961845996581,28.628966403001264,29.169775406927638,2387200
2005-09-27,29.163026809692383,29.291470165534598,28.7506609217624,28.77770189970493,2301300
2005-09-28,28.676305770874023,29.3117559971512,28.642505830465062,29.284715013315967,3911500
2005-09-29,28.804733276367188,28.94669449509213,28.399126478736115,28.63573108871309,2578500
2005-09-30,29.129230499267578,29.17655092716715,28.730385050706968,28.92642829701657,2762100
2005-10-03,28.960224151611328,29.3725900326916,28.939944707876087,29.095426460308566,2278800
2005-10-04,29.048114776611328,29.575401102489202,28.899391934432305,28.939953412873038,3247300
2005-10-05,29.00754737854004,29.2238700618712,28.628981393325606,28.946706462680037,3908400
2005-10-06,30.366321563720703,30.690808137239483,29.582151265051028,29.6903125966341,8745100
2005-10-07,30.853036880493164,30.859798411652875,30.36630978773619,30.487991560925433,3541000
2005-10-10,30.853036880493164,31.17076179701714,30.5826349457815,30.758396074405653,4766300
2005-10-11,30.771921157836914,31.049084665139535,30.629959927484855,30.717839215549116,2843800
2005-10-12,30.589405059814453,31.05585030806013,30.49476421919384,31.008529887749823,4752700
2005-10-13,30.670530319213867,30.778691665624525,30.454207626392556,30.454207626392556,3754900
2005-10-14,31.407373428344727,31.495255308948195,30.650244169063097,30.771925979508097,4538300
2005-10-17,31.508785247802734,31.515544204290673,31.116698723479114,31.265421553914987,2460200
2005-10-18,31.305973052978516,31.60341604029493,31.184291244810595,31.4006138862715,2440100
2005-10-19,32.292938232421875,32.292938232421875,31.164002281218067,31.468206733863926,5036000
2005-10-20,32.2050666809082,32.603912073420275,32.04282597341456,32.31998954592162,5342500
2005-10-21,32.28618240356445,32.576866423128884,32.06310081806686,32.394343719302206,4582200
2005-10-24,32.583641052246094,32.610682036741395,32.090154689672815,32.22535445460889,2318900
2005-10-25,32.394351959228516,32.59039519973472,32.137470380740915,32.448433920238436,3214100
2005-10-26,31.840009689331055,32.61066179651061,31.84000968933105,32.164496144337505,4363200
2005-10-27,31.3330078125,32.17801883849805,31.285687401345626,31.907616857440072,3162000
2005-10-28,32.00227737426758,32.00903633197674,31.45470896408498,31.677793250045863,2359200
2005-10-31,32.69856262207031,32.85404442072515,32.07663542745096,32.07663542745096,3369900
2005-11-01,32.53629684448242,32.854019154446675,32.34701267009553,32.65121707645988,1984400
2005-11-02,32.79320526123047,33.050089480100006,32.522803127636095,32.5633620293515,2739200
2005-11-03,32.90135192871094,33.800445003616396,32.77291116605414,33.12443610354407,4049700
2005-11-04,33.17851638793945,33.23259575627065,32.7864300077693,32.935152783526135,1416200
2005-11-07,33.536808013916016,33.75988965034806,32.968960331948395,33.158242033014346,3227500
2005-11-08,33.083885192871094,33.530051106067056,32.98924432927955,33.530051106067056,2243800
2005-11-09,32.887840270996094,33.25964472095063,32.854037756552216,33.023040013692444,2366400
2005-11-10,33.84100341796875,33.901844316646184,32.8202286266884,32.854028552893844,3919500
2005-11-11,33.895084381103516,34.003245697318384,33.54355945871289,33.54355945871289,2080300
2005-11-14,33.66524887084961,33.96945344732588,33.48272612496385,33.8410126611558,2433500
2005-11-15,33.29344177246094,33.475964503813074,32.82699651151853,33.41512359336236,3281200
2005-11-16,33.337486267089844,33.50688406053562,33.120657298263666,33.378140083241504,2279400
2005-11-17,33.757591247558594,33.77114338088027,33.27650214626222,33.37813926896708,2426600
2005-11-18,33.75082015991211,34.08961577554534,33.53399117269127,33.838905158916845,2622000
2005-11-21,33.4730110168457,33.852460487882574,33.40525033644222,33.68306266408236,2133400
2005-11-22,33.371376037597656,33.52044697089338,33.15454699906171,33.506894832884136,3868300
2005-11-23,34.259002685546875,34.40129617849586,33.24939093480374,33.47299721069895,2892600
2005-11-25,34.27254104614258,34.52324889748678,34.00827848494871,34.394505001950485,1314900
2005-11-28,34.0489501953125,34.367418815321585,33.87955243314676,34.21157318430568,2369000
2005-11-29,34.387752532958984,34.63846054689223,34.01507789931653,34.17769833572531,2768500
2005-11-30,33.845672607421875,34.69943617148882,33.76436240722613,34.29288258570545,3202200
2005-12-01,33.05966567993164,33.33747788796449,32.53792029707882,32.930921734996346,6144100
2005-12-02,33.43233871459961,33.49332200556797,32.95802451649067,33.073216326010645,2469400
2005-12-05,33.601741790771484,33.64239818613774,33.215515081608984,33.36458594648042,2884300
2005-12-06,33.256168365478516,33.811792792808106,33.201959843395336,33.486546829918225,3390500
2005-12-07,33.439125061035156,33.56786904475417,33.161312769312225,33.439125061035156,2379500
2005-12-08,32.72087097167969,33.07999338509312,32.598904381311996,32.65988767649584,4520000
2005-12-09,32.897037506103516,33.22228082622714,32.686985982476,32.79540042251721,2294800
2005-12-12,32.98513412475586,33.154531895493186,32.8631675230406,32.88349442839153,1805400
2005-12-13,32.94448471069336,33.06645133825523,32.64634550154512,32.97836375505934,2908500
2005-12-14,33.351036071777344,33.50688172068784,32.87672176629037,32.87672176629037,2503300
2005-12-15,33.54752731323242,33.71692505333819,33.208731833020884,33.47976925111187,2958500
2005-12-16,33.03255844116211,33.75080577061744,32.96480038084555,33.649166095338295,4918500
2005-12-19,32.971588134765625,33.21552138363528,32.82929460119344,33.18841711491524,2847800
2005-12-20,33.351036071777344,33.54076076005012,32.7954115548599,32.910600805652656,2163200
2005-12-21,33.75082015991211,33.85923465352253,33.310384825666745,33.53399117269127,2434500
2005-12-22,33.77113342285156,33.811789810828316,33.48654387662301,33.811789810828316,1661600
2005-12-23,33.86600112915039,34.164140267314224,33.798243056551044,33.86600112915039,1485800
2005-12-27,33.723724365234375,34.14383031044861,33.683067950611296,33.974432460061536,1315400
2005-12-28,33.95408630371094,34.14381096149145,33.68982622042964,33.79146332218151,1306200
2005-12-29,33.85922622680664,34.04895089720578,33.798242927777665,33.852448868689656,1147400
2005-12-30,33.52043151855469,34.15059142905886,33.46622299150688,33.744035230614806,1380800
2006-01-03,33.82533645629883,33.913423996963274,33.025781573051304,33.710147244110374,2583100
2006-01-04,33.933753967285156,34.035391052764204,33.58818115616551,33.75080411165785,2320100
2006-01-05,33.730491638183594,34.20480603071169,33.47978359912943,34.20480603071169,3571200
2006-01-06,33.77790832519531,33.92020439125978,33.581408911228515,33.9134270341687,2627700
2006-01-09,33.9134407043457,34.08283851264394,33.61530149227076,33.83213048010807,3232100
2006-01-10,33.879554748535156,33.96764231462672,33.676277937004926,33.676277937004926,1532700
2006-01-11,34.34709548950195,34.41485615741018,33.82534997823193,33.87955851255851,2108200
2006-01-12,34.37421417236328,34.530059896702284,34.09640177944484,34.1302808352044,2206400
2006-01-13,34.557159423828125,34.61136797343509,34.39453635981315,34.52328037272673,1910900
2006-01-17,34.2861213684082,34.50972775521718,34.17770685550848,34.42841751674386,2528000
2006-01-18,34.380977630615234,34.489392116086414,33.96086923770986,34.01507777284806,2802100
2006-01-19,34.27935028076172,34.441973360012945,33.96088148399806,34.34033361238016,2201500
2006-01-20,33.66950225830078,34.441958316340525,33.65595012554868,34.25900840139467,4943900
2006-01-23,33.29005432128906,33.8117998232041,33.16808770604632,33.60174563366268,3523100
2006-01-24,33.57463836669922,33.81179680172507,33.26294708217886,33.330705158012016,2478700
2006-01-25,33.83890151977539,34.035403576063516,33.39169145862612,33.52721020726638,2182600
2006-01-26,33.94053649902344,34.15059065939236,33.77113873302408,34.15059065939236,2183800
2006-01-27,33.9134407043457,34.469065308779484,33.83213048010807,33.899888569505194,1743800
2006-01-30,33.66272735595703,34.035401958401124,33.486552215656545,33.82534777875208,1747900
2006-01-31,33.80501937866211,33.93376334122596,33.39846575483024,33.70338226510659,1887000
2006-02-01,33.54076385498047,33.89988635800722,33.22907252839856,33.82535091364954,2424000
2006-02-02,34.021854400634766,34.16414793591596,33.36459267751456,33.72371519554959,2309700
2006-02-03,33.50687789916992,34.10993351937601,33.378133945549706,33.683050434644,2378700
2006-02-06,33.38490295410156,33.50686951923593,33.17484885085814,33.31036754376344,1400400
2006-02-07,33.089481353759766,33.71432251743102,32.9604361549799,33.517360702027005,2641100
2006-02-08,33.32718276977539,33.39509936738001,32.926468625863016,33.06230441192439,1436500
2006-02-09,33.25927734375,33.61924009549752,33.08948320185355,33.1166482955087,2013700
2006-02-10,33.78224182128906,33.918075054924884,33.19814958958473,33.354359880948216,2131100
2006-02-13,34.03353500366211,34.03353500366211,33.71432121795604,33.74148889989969,1557800
2006-02-14,34.7602424621582,34.86211994121553,33.95881423885312,34.06748234078337,2990500
2006-02-15,35.02512741088867,35.03192062589597,34.529328940304545,34.70591366770821,2578900
2006-02-16,35.140594482421875,35.41905675355396,34.90967436068896,35.065884650265225,2252000
2006-02-17,34.624427795410156,35.242478487710585,34.542927316989626,35.10664262977404,1717900
2006-02-21,34.43423843383789,34.868910845061485,34.29840265761754,34.644781425670104,1773500
2006-02-22,34.984371185302734,35.25604275028093,34.522533670203096,34.58365705192853,1801100
2006-02-23,34.712711334228516,35.09984173201263,34.617627038752104,35.00475743653621,1675200
2006-02-24,34.42744445800781,34.794200268429066,34.23048530724251,34.794200268429066,1381100
2006-02-27,35.05229949951172,35.290010237627925,34.305203796705705,34.62441758004981,2287200
2006-02-28,34.76704788208008,35.249265218553624,34.576879270478294,34.90967693163443,2594300
2006-03-01,35.44620132446289,35.582037068757586,34.83494436141377,35.11340647133479,3655300
2006-03-02,35.86050033569336,36.20008841196101,34.48856419666989,34.80777781743394,6842000
2006-03-03,36.34952163696289,36.7230681428831,35.49375791271417,35.49375791271417,4486200
2006-03-06,36.51252746582031,36.54648836347069,35.86731186410693,36.1525647502304,6555200
2006-03-07,36.41743087768555,36.62797645412531,36.20688789209765,36.295178941798184,3352300
2006-03-08,36.51930618286133,36.60080660498906,36.32234445443858,36.40384487656631,2408200
2006-03-09,36.04388427734375,36.60760182248322,35.996342145928594,36.56005969106806,2053500
2006-03-10,36.6551513671875,36.68231645431025,36.02351710395402,36.064266030064324,2608700
2006-03-13,36.831722259521484,36.94718355212604,36.64155376682151,36.70267972388241,2679900
2006-03-14,37.5380859375,37.56525361964597,36.67553146076125,36.69590592694434,3666900
2006-03-15,37.354698181152344,37.59240886050975,37.05586152840988,37.354698181152344,2924400
2006-03-16,37.354698181152344,37.48374075125321,37.19848793602432,37.402240317023825,2446000
2006-03-17,37.952388763427734,38.088224600274046,37.24604448450938,37.34792200985739,4459900
2006-03-20,38.03388214111328,38.24442777852995,37.77579435828842,37.965965530773765,3491800
2006-03-21,37.626380920410156,38.10859563646989,37.42262588806685,37.626380920410156,3309700
2006-03-22,37.46335983276367,37.57882113630072,37.089813433511615,37.483734290096,3110400
2006-03-23,37.34790802001953,37.49732505281383,37.08302707150485,37.47695059171736,2126700
2006-03-24,37.11018753051758,37.6127790635988,36.88606072948319,37.40902671969892,2573000
2006-03-27,37.1984977722168,37.32074975131333,36.90645166558094,37.02870364467747,2184100
2006-03-28,36.85890579223633,37.551666073489855,36.743444449934486,37.32074597973868,3015900
2006-03-29,37.137367248535156,37.36828733742951,36.84532117755546,36.9064471596408,1973100
2006-03-30,36.824947357177734,37.40903950934177,36.64156940771792,37.08303253862265,2461900
2006-03-31,36.784183502197266,37.035477974952265,36.770599667068396,36.86568392211885,2159600
2006-04-03,36.89284896850586,37.20526938169518,36.75022259607397,37.00151705095656,2748600
2006-04-04,37.15095138549805,37.28678719020356,36.77740486569724,37.04228325990413,2117200
2006-04-05,37.44977569580078,37.60598591274366,36.98793566707764,37.06264546449633,3365200
2006-04-06,38.43458938598633,38.44138000944704,37.68749644440551,37.82332964043683,5813600
2006-04-07,37.83011245727539,38.971128608128716,37.77577712111503,38.33949457494736,3650500
2006-04-10,36.96757125854492,37.483744176974646,36.66873457849112,37.36149221903165,7034200
2006-04-11,36.8385009765625,37.286756955010866,36.56003896859988,37.06942088005714,2667500
2006-04-12,36.994754791259766,37.15096511761278,36.66875029397694,36.838544464906754,1578900
2006-04-13,36.736656188964844,37.144161043753336,36.675530201661296,36.899659685391846,1540000
2006-04-17,36.6008186340332,36.90644855602365,36.17293674324658,36.69590292290744,2202100
2006-04-18,37.5584602355957,37.673921588772956,36.54648869328859,36.54648869328859,4397800
2006-04-19,37.21207809448242,37.75541873305844,36.89965755115778,37.74862810857422,3010400
2006-04-20,37.25282669067383,37.41583017621837,37.01511597305941,37.19170070745119,2053000
2006-04-21,36.6551513671875,37.45657973148692,36.45139637322647,37.313950717543726,2692700
2006-04-24,37.00150680541992,37.171300799162225,36.4242082630364,36.464957163390075,2021100
2006-04-25,37.04228210449219,37.27320218803303,36.824945860083446,36.824945860083446,1929500
2006-04-26,37.028709411621094,37.18491972238352,36.7909960415323,37.117003097131395,2370300
2006-04-27,36.9200325012207,37.29357903322819,36.68231918750498,36.84532267664869,2692500
2006-04-28,36.96757125854492,37.04228107627146,36.53968940574445,37.04228107627146,2679400
2006-05-01,36.75703048706055,37.31395499513323,36.68911387518931,37.17812177139076,2938000
2006-05-02,36.66194152832031,36.94719696175237,36.55327340864437,36.75702580918022,2635000
2006-05-03,36.64835739135742,36.98794558643861,36.2272687548954,36.56685694997659,3759200
2006-05-04,37.71465301513672,38.01349219698876,37.02189299018639,37.25281299850317,4146700
2006-05-05,38.50929641723633,38.59759006096198,37.7825779893722,37.9659558997938,3369400
2006-05-08,38.69989013671875,38.96537969813039,38.27783400315973,38.59778116399588,1867600
2006-05-09,38.53652572631836,38.76797643265804,38.271038686035816,38.76116760778597,1457300
2006-05-10,38.66587448120117,38.965400526964494,38.34592974614464,38.55695662732537,1902000
2006-05-11,38.16212463378906,38.69309876687056,37.903443795987734,38.47526309192399,2234000
2006-05-12,37.59711456298828,38.20977907060713,37.37247264139889,38.20297024451898,2677800
2006-05-15,37.81494140625,37.862592790491014,37.07293794146119,37.22270091867905,2968300
2006-05-16,37.60391616821289,37.876209432907245,37.50861079892378,37.71283399345179,2415700
2006-05-17,36.7666015625,37.50860494259056,36.684913855526425,37.30438437675393,3972800
2006-05-18,36.399024963378906,36.95722935239084,36.37860107815678,36.95722935239084,2602300
2006-05-19,36.89595031738281,37.10017092236493,36.09948658210491,36.433048894460214,3685800
2006-05-22,36.83469772338867,37.07295475263423,36.56921057742738,36.65089833076773,2864000
2006-05-23,36.51474380493164,37.23632618783649,36.487513693092275,36.77342467379283,2618300
2006-05-24,36.630470275878906,37.113793072681254,36.41944080551999,36.48070725841088,4685300
2006-05-25,37.0321159362793,37.093382406710035,36.49433276214357,36.6577082854208,2921900
2006-05-26,37.05250930786133,37.209078481694405,36.86871003506463,37.120581958465216,1938900
2006-05-30,36.46028137207031,36.97764044479094,36.31732460216059,36.94360410788141,3078300
2006-05-31,36.03141784667969,36.473898036456525,35.61616776635506,36.072263010858,8559600
2006-06-01,36.91636657714844,36.92998162853599,36.0109877327232,36.14713305298767,4182300
2006-06-02,36.38540267944336,36.78703771829126,35.90888613553473,36.71215621323053,3163000
2006-06-05,35.78635025024414,36.35816953586853,35.75231391354867,36.23563664632002,2577100
2006-06-06,35.74551773071289,35.922510899018484,35.418764108618284,35.79317173510821,3283900
2006-06-07,35.59575653076172,36.17438223752374,35.52768123791466,35.73190451964893,3302100
2006-06-08,36.38540267944336,36.56920202909981,35.59574765692281,35.6297839964578,5211900
2006-06-09,36.10630798339844,36.569209567555355,36.08588409802222,36.45348287311273,2746100
2006-06-12,35.60935974121094,36.16756397279384,35.56170835047625,36.05183731186244,2639900
2006-06-13,35.82720184326172,36.113110238990785,35.53448462088777,35.561714733854295,3712700
2006-06-14,36.06544494628906,36.3309319534235,35.69784635326962,35.78634288791626,2897100
2006-06-15,36.67131042480469,36.746191928593475,35.956536919486034,36.07906981717566,3000100
2006-06-16,36.58963394165039,36.759818285565046,36.31733795266415,36.49433112454731,3179700
2006-06-19,36.453468322753906,36.74618546050975,36.14713613245061,36.589616251422676,2034400
2006-06-20,37.358848571777344,37.67198697931201,36.9504047996487,36.97763490381841,6346000
2006-06-21,37.95790100097656,38.23700311874823,37.249936363549985,37.249936363549985,4149800
2006-06-22,37.624351501464844,37.903453695183266,37.42693705798415,37.7877270019403,2687800
2006-06-23,37.780906677246094,38.216577978395684,37.508610815624706,37.508610815624706,1879200
2006-06-26,38.32549285888672,38.37995306574878,37.70602228826151,37.740058619147504,2763300
2006-06-27,37.882999420166016,38.63861499632379,37.733236511130755,38.20294391200794,2979300
2006-06-28,38.16212463378906,38.29146375428669,37.78091090422953,37.9442889588425,1870000
2006-06-29,38.90412139892578,38.958579009721,37.91024338465539,38.148502897700645,4146400
2006-06-30,38.89051055908203,39.06069483105812,38.59779340353868,38.86328045233244,4012900
2006-07-03,39.19686508178711,39.22409260723074,38.767999745159486,38.92456905289174,1347400
2006-07-05,38.69989013671875,39.44189343111391,38.59097234106464,39.1423701422664,2148100
2006-07-06,38.01917266845703,38.08724794848748,37.529043636269826,37.71284299714243,4707700
2006-07-07,38.230194091796875,38.59779273614249,37.77410149725411,37.869404272423886,3417300
2006-07-10,38.33232116699219,38.63184466656085,38.114485422431905,38.14171294289676,2602100
2006-07-11,38.618221282958984,38.71352407605873,38.10766837980489,38.29827396600439,3017900
2006-07-12,38.03959274291992,38.733944948884016,38.01236263363361,38.46164904963318,3488600
2006-07-13,37.474571228027344,38.03958418294692,37.215890441630094,37.82174855128783,6125600
2006-07-14,36.43306350708008,37.54266612149179,36.14715246798684,37.36567295519433,6483100
2006-07-17,36.732582092285156,36.936802751846294,36.37859840386945,36.42624980454016,3719100
2006-07-18,35.99739456176758,36.53517513602667,35.64341080094452,36.46029620308949,5563500
2006-07-19,36.61684036254883,36.8687123014323,36.07905756058234,36.07905756058234,6246800
2006-07-20,36.31733322143555,36.793849841679936,36.29691193380441,36.494326370260985,3037200
2006-07-21,35.77953338623047,36.31731357849924,35.70465190967519,36.16074439879514,5297800
2006-07-24,36.32413864135742,36.45347777890057,35.820391953651225,36.017806371590574,4419600
2006-07-25,36.75981140136719,36.82788408746193,35.915696071037225,36.358176321072584,3266300
2006-07-26,36.30371856689453,36.72577493220695,36.08588025916506,36.69173858927646,3731300
2006-07-27,35.02393341064453,36.405829251567376,34.874170378770735,36.35137161976294,5313600
2006-07-28,35.39927673339844,35.58354164797983,34.600798040263065,35.35150463740148,4768700
2006-07-31,36.006675720214844,36.10222253861968,35.35833923161057,35.4880060086545,3852000
2006-08-01,35.658599853515625,35.8633377052037,35.20817553844864,35.76097008105118,3538800
2006-08-02,35.78828430175781,35.93160321206493,35.24231555868218,35.665441009142754,2745600
2006-08-03,34.8055419921875,35.87700650798997,34.1162569139098,35.24914307853974,7369500
2006-08-04,35.33784484863281,35.7950952677986,35.05121235576312,35.133106981814,4404200
2006-08-07,35.126304626464844,35.48118502382455,34.73047558977659,35.385638198724614,3177800
2006-08-08,35.25595474243164,35.59718543200352,35.058040317667896,35.38562146725087,3176100
2006-08-09,34.25956726074219,35.82922816441102,34.1162509728967,35.59719115406804,4011700
2006-08-10,34.98296356201172,35.20135356356978,33.727234720814344,34.129886974333694,4723500
2006-08-11,34.63492202758789,34.989802329242174,34.30051473838425,34.84648603531951,4471900
2006-08-14,35.249141693115234,35.82240952517858,34.785067609855176,34.969332549095284,3863300
2006-08-15,35.36516189575195,35.76099089567243,34.976158970111236,35.76099089567243,3295200
2006-08-16,35.45386505126953,35.54258574920581,34.94201907633315,35.42656597446094,3564500
2006-08-17,35.38562774658203,35.890650402255616,35.119468178026175,35.45387545863739,4488800
2006-08-18,35.86334228515625,35.87699182412965,35.11263586530281,35.569883705686564,3450100
2006-08-21,35.0989990234375,35.815583156774345,35.051226921440666,35.720038952780676,4228600
2006-08-22,35.20818328857422,35.58353653319002,34.92837422221877,34.92837422221877,3812500
2006-08-23,34.46428680419922,35.43338035184217,34.36874266326344,35.43338035184217,3756100
2006-08-24,33.85691833496094,34.72364482669364,33.29047399176085,34.72364482669364,6969300
2006-08-25,33.16080856323242,33.43379423894794,33.00384271088052,33.30412487146012,5140900
2006-08-28,33.54981994628906,33.768207500754954,33.0584466470483,33.242711634263586,3547100
2006-08-29,33.611236572265625,33.788675457411706,32.962897478113526,33.693131242072695,3108900
2006-08-30,32.198543548583984,32.7513384685421,31.393238525951826,31.9119082778478,23977100
2006-08-31,31.932371139526367,32.47833976635488,31.76857924978593,32.28725139781084,8895900
2006-09-01,32.31455612182617,32.51929668708818,32.02792349587445,32.15076679367788,4582200
2006-09-05,32.90147018432617,33.031139542957014,32.32820238718777,32.41692311624295,4992000
2006-09-06,32.55340576171875,32.956058048080806,32.48515806710793,32.737670632092915,4554400
2006-09-07,32.20534133911133,32.778608820066225,32.034726048391214,32.60117006320571,4472000
2006-09-08,32.80592727661133,32.86734892170029,32.171237811820085,32.40327484844682,4274900
2006-09-11,33.1880989074707,33.54297915104746,32.53976005100131,32.75814749268183,5119900
2006-09-12,33.8364372253418,34.36875628054181,32.997007418226,33.18809837919247,5783100
2006-09-13,33.80913162231445,34.1571857212491,33.44060191517204,33.78183254695951,4470800
2006-09-14,34.06166076660156,34.25957526944459,33.310953994735385,33.6521848189263,4841700
2006-09-15,34.000240325927734,34.8942660543907,33.79550234479295,34.42336583405756,7989500
2006-09-18,33.80913162231445,34.05481809374273,33.522496537853755,34.05481809374273,3726300
2006-09-19,34.709991455078125,34.76458701997917,33.89786062383456,34.08212553672048,5057800
2006-09-20,35.39927673339844,35.61084073237351,34.826008978051,34.873781074047955,6155000
2006-09-21,34.30051803588867,35.726862849317314,33.81597093649124,35.44705370426118,7072800
2006-09-22,34.048004150390625,34.416533988795564,33.99340858361806,34.18449697239809,3629800
2006-09-25,34.97615051269531,35.3037317075301,33.95245830256764,34.66221885973496,5206100
2006-09-26,35.22867202758789,35.46070910842266,34.293700232776345,35.09217916767601,6283700
2006-09-27,34.54618453979492,35.16040064914228,34.22542955236492,34.97613581633807,7073600
2006-09-28,34.17084503173828,34.74411276123029,33.829614302359325,34.59397040722071,6386200
2006-09-29,33.90469741821289,34.43701671040663,33.850099232662366,34.27322736052461,4135500
2006-10-02,33.27001190185547,33.829630355318436,33.09939645620493,33.829630355318436,5419600
2006-10-03,33.618045806884766,33.92515394283893,32.683074462654076,32.92876097141741,7705100
2006-10-04,34.34146499633789,34.416536183398186,33.10620865330993,33.433792488370145,5680700
2006-10-05,34.368770599365234,34.64175370915986,33.4542718446146,33.85009826500145,7963900
2006-10-06,33.76819610595703,34.3619369065967,33.59075725409814,34.3619369065967,4219000
2006-10-09,33.9933967590332,34.136713000765745,33.542972425457265,33.87737698949986,2289700
2006-10-10,33.95927810668945,34.37557997708591,33.78183928824002,34.11624651961241,3086700
2006-10-11,34.17084503173828,34.23226666716185,33.63852592698994,33.96610711478768,3962900
2006-10-12,36.7846794128418,37.09178503453456,35.07169942595895,35.344685093446145,18346400
2006-10-13,36.30693817138672,36.66181832549135,36.14314632972958,36.579921102971284,4914800
2006-10-16,36.15681457519531,36.614065192350665,36.03397128123623,36.177287589727044,4329600
2006-10-17,35.808753967285156,36.19093072222016,35.69956023682031,35.856526061652026,3821600
2006-10-18,35.58353805541992,36.238700394418395,35.48799387307228,35.99301646983176,4050100
2006-10-19,35.25595474243164,35.760977308486794,35.0989889376346,35.487991715475864,4684400
2006-10-20,35.27643966674805,35.385633420160254,34.8533141976988,35.37880994955268,3501900
2006-10-23,35.958892822265625,36.06126308100239,35.09899254173534,35.09899254173534,5242200
2006-10-24,35.82240676879883,36.0544437925746,35.624492300763926,35.911124893048296,3122300
2006-10-25,35.87700271606445,36.28647859604617,35.50164939218385,35.842880159963336,5140600
2006-10-26,36.50486373901367,36.75054767170145,35.829225764816826,35.99984112560166,3552800
2006-10-27,36.177276611328125,36.532156841363744,36.08855850635689,36.52533337305194,2771600
2006-10-30,36.23869323730469,36.44343370576638,35.91111213250247,35.97253375236433,2582600
2006-10-31,36.42979049682617,36.71642303705794,36.11585627222192,36.21140305568283,4106500
2006-11-01,36.10902404785156,36.80513482396999,35.82921504402403,36.54579882422791,4389300
2006-11-02,36.17045211791992,36.45708463979635,35.14676007684672,35.48799075720445,6367600
2006-11-03,35.36516189575195,36.34108224699363,35.07852925723124,36.34108224699363,4497500
2006-11-06,35.767791748046875,36.07489981181603,35.41973767803043,35.474333220821116,2240900
2006-11-07,35.88383102416992,36.34107903184757,35.6586174537847,35.83605631859195,2582400
2006-11-08,35.808753967285156,36.006665813926254,35.453873692428445,35.795104425554065,3169400
2006-11-09,35.3105583190918,35.87699999691487,35.25596015076073,35.74733325220451,2963200
2006-11-10,36.10222244262695,36.17046756649291,35.296917484762574,35.46753289781206,2618300
2006-11-13,35.576717376708984,36.45709069979868,35.52211920915221,36.17728159953,2620600
2006-11-14,35.781463623046875,36.245537741713356,35.69274288181767,35.92477994115091,5091300
2006-11-15,36.26719665527344,36.50665340381695,35.82249573915727,35.82249573915727,2861600
2006-11-16,36.5477180480957,36.56140152088183,35.93881786331888,36.52719414384431,2528700
2006-11-17,36.534034729003906,36.684547699821216,36.17827229004912,36.308261357994844,3939500
2006-11-20,36.80084991455078,37.47132426770806,36.61612698921332,36.6366508887436,4546500
2006-11-21,36.75296401977539,36.94452740077385,36.56139802892161,36.677706231567335,1825600
2006-11-22,36.780330657958984,36.944529716144935,36.417727775528355,36.93768928490429,1516400
2006-11-24,36.60929489135742,36.92400956739609,36.46562233199423,36.575087511964625,962300
2006-11-27,36.52720260620117,37.211360744874675,36.36984654748901,36.8487577665317,2570900
2006-11-28,36.19194412231445,36.58191381058984,35.95248735645029,36.506656044456946,2676500
2006-11-29,36.46562194824219,36.53403931616353,36.14406945350693,36.191960306124,2369500
2006-11-30,35.78145980834961,36.20563700120001,35.58305337900547,36.12353877900277,4309500
2006-12-01,35.713043212890625,36.02775522326526,35.39148816193747,35.76777448824238,3211200
2006-12-04,36.52720260620117,36.79402386270685,35.65148102385307,35.65148102385307,2902400
2006-12-05,37.21818542480469,37.272916691769645,36.36298817340619,36.72559097284559,2989000
2006-12-06,37.23870849609375,37.423431411473146,36.92399654093842,37.286599332319355,2030100
2006-12-07,36.7255859375,37.41658407355295,36.67085206818456,37.23870421798684,2161400
2006-12-08,36.7324333190918,37.1566130570132,36.60244426964461,36.766643298816604,1853000
2006-12-11,36.985565185546875,37.23185975850333,36.54086164882117,36.7734753648254,2076600
2006-12-12,36.424564361572266,37.00609747862294,36.25352490245677,36.74611677000798,3710100
2006-12-13,36.35612106323242,36.69819973730853,36.061933194738714,36.684516277163105,3097400
2006-12-14,37.01979064941406,37.71078909697767,36.82822724015993,37.32081923679279,9833100
2006-12-15,36.759796142578125,37.33448876554367,36.69822183976557,37.28659793111777,5623200
2006-12-18,36.814544677734375,37.074522851054326,36.70507949690077,36.91032638473181,3932000
2006-12-19,36.45193099975586,36.73927866638998,36.22616025655173,36.711911724833364,4069300
2006-12-20,36.21248245239258,36.568244918733654,36.15090812918248,36.397205422022886,2327200
2006-12-21,35.801979064941406,36.46561035880198,35.68567088136786,36.32193784661252,2168600
2006-12-22,35.713043212890625,35.973023947913504,35.54200373640155,35.760934057519144,1749800
2006-12-26,36.04828643798828,36.18511856890815,35.713050457583215,35.92513778114598,1794600
2006-12-27,36.534034729003906,36.63665685321725,36.089331027846576,36.260370511390875,3185900
2006-12-28,36.328773498535156,36.540863329008744,36.24667530377471,36.37666432963329,1632400
2006-12-29,36.17143249511719,36.527194965997154,36.02775994241248,36.10985817112151,1573100
2007-01-03,36.150909423828125,37.00610693800853,35.87040474357118,36.49982886127722,3888100
2007-01-04,36.9924201965332,37.09504493311083,36.27405487005621,36.561399956704825,3982700
2007-01-05,36.540870666503906,37.10872293477161,36.335623833461455,37.04714862387337,3511500
2007-01-08,36.6913948059082,36.81454345649279,36.342472759299966,36.376680137827755,2978100
2007-01-09,36.96504592895508,37.05398717571176,36.67085785956023,36.69138436872251,3211500
2007-01-10,37.22503662109375,37.238720094256394,36.5750860000744,36.71875855349865,3842600
2007-01-11,37.84760665893555,37.91602139024262,37.095034175138885,37.22502320856421,3427300
2007-01-12,38.278629302978516,38.35388707830169,37.62183844355696,37.62183844355696,3538600
2007-01-16,38.47704315185547,38.47704315185547,38.10759724309508,38.244429351138415,3041900
2007-01-17,38.778076171875,38.85333397046708,38.26495766495343,38.31284851681099,4804700
2007-01-18,38.928585052490234,39.16803927046364,38.62755391006054,38.77806948127539,3675900
2007-01-19,38.839637756347656,38.98331026479075,38.60018096575433,38.76437998244275,2818400
2007-01-22,38.54546356201172,38.81912781829068,38.237591926161834,38.73702697549353,3358100
2007-01-23,38.61387634277344,39.092787461796746,38.39494599290946,38.56598549185667,2775100
2007-01-24,39.03804397583008,39.12014217890097,38.641231209586905,38.654914678407856,2026300
2007-01-25,38.128116607666016,38.976473488675,38.02549449623962,38.88069180740166,2515500
2007-01-26,37.87496566772461,38.21020143475708,37.72445015852806,38.21020143475708,1841500
2007-01-29,37.813419342041016,38.23759664272499,37.39608247417268,37.62185590493008,3074000
2007-01-30,37.833946228027344,38.19655183234082,37.61501582271097,38.02551229007139,2177500
2007-01-31,38.422306060791016,38.668603312760055,37.64920693318934,37.96392153840265,3101100
2007-02-01,38.579654693603516,38.91489313586541,38.374407892762704,38.48387302720145,2176800
2007-02-02,38.31967544555664,38.805429444430374,38.17600294061099,38.66175432962996,2224400
2007-02-05,38.456512451171875,38.791750948876434,38.21705824556511,38.312839927807815,3316100
2007-02-06,38.702816009521484,39.02437108937396,38.59335083912466,38.6754490644584,1675400
2007-02-07,39.085933685302734,39.30486396041868,38.73701176506157,38.73701176506157,2986700
2007-02-08,38.73701858520508,39.05857362520691,38.09391111505661,38.34020837038949,5392400
2007-02-09,38.29914474487305,38.91488767077708,38.210203520052616,38.84647034020201,2510300
2007-02-12,38.264862060546875,38.88203830988211,38.15514212910167,38.868322991460275,2442500
2007-02-13,38.71746063232422,38.82718057376609,38.33344214524256,38.498020749440485,2285000
2007-02-14,39.12205123901367,39.19062783357091,38.635169189340516,38.75174547619341,2246200
2007-02-15,39.704959869384766,39.704959869384766,38.92320200605751,39.01235031445928,3241400
2007-02-16,39.636375427246094,39.84210003875084,39.47865313789477,39.58151675161233,3756100
2007-02-20,39.96552658081055,40.253543066617745,39.49921616830731,39.75294566235716,3534800
2007-02-21,39.89694595336914,39.96551992546439,39.65007546833928,39.835228332111676,1882000
2007-02-22,39.83523178100586,39.99981299058483,39.464926021400366,39.99981299058483,2099300
2007-02-23,39.410072326660156,39.903810785734294,39.27292173738904,39.84209315135879,3148000
2007-02-26,39.3620719909668,39.82152347979561,39.06719912479038,39.71865987869033,2731500
2007-02-27,37.99058532714844,39.17007461262825,37.96315467457353,39.046639291972184,4827000
2007-02-28,38.326602935791016,38.57347358528582,37.75057229228017,38.26488527341731,5102600
2007-03-01,38.40203857421875,38.66948092431163,37.55856554087534,37.78486190790344,4399200
2007-03-02,38.2305793762207,38.90947332691517,38.059141800542584,38.059141800542584,4694300
2007-03-05,37.88772201538086,38.49118329758879,37.87400668897488,37.90829369702431,3807700
2007-03-06,38.21001434326172,38.463741266890274,37.825993165283975,38.203155374122154,3297300
2007-03-07,38.48430252075195,38.765460012939734,38.2100039958463,38.39515687352063,3136200
2007-03-08,37.20882034301758,38.71747194041782,37.064813368302275,38.045436775815915,12785200
2007-03-09,37.263675689697266,37.39396731993816,36.687645266851554,37.332249681207195,7836100
2007-03-12,36.7905158996582,37.28425448791516,36.536786327544824,37.153962832779264,6271200
2007-03-13,36.31734085083008,36.97566061234798,36.049898611209066,36.50935274322045,6579200
2007-03-14,36.022464752197266,36.4476318491708,35.32985805540162,36.22133297988521,7118000
2007-03-15,36.475067138671875,36.673935405963476,35.9333262468482,35.9333262468482,3777100
2007-03-16,36.33106231689453,36.72193990489376,36.18705533519601,36.358492965579195,5569600
2007-03-19,36.50934982299805,36.838509677428945,36.31048159346792,36.41334257651696,3162600
2007-03-20,36.46820068359375,36.60535126497571,36.1458972097356,36.60535126497571,5226000
2007-03-21,37.263675689697266,37.40768264142617,36.4064877161727,36.44763368063671,4189800
2007-03-22,37.19509506225586,37.48310891432947,37.00994217909584,37.38024532948625,3585800
2007-03-23,37.41453170776367,37.729976170709925,37.09222827792372,37.16080225128441,2715500
2007-03-26,37.38711166381836,37.393968016725076,36.8179375831458,37.33225037684408,2799900
2007-03-27,37.11968231201172,37.28426099819124,36.900242319818325,37.21568698160495,2840100
2007-03-28,36.831661224365234,37.22939779697846,36.46135530143514,36.86594822850378,3600700
2007-03-29,36.82478713989258,37.16766224805558,36.50934266820568,37.12651629334141,3497900
2007-03-30,36.92079544067383,36.97565410317794,36.365336768214945,36.735642549854205,4306400
2007-04-02,36.96879959106445,37.04423254469999,36.5847784707062,36.5847784707062,4549000
2007-04-03,37.40769958496094,37.71628791838855,36.92081722329252,37.02368087307882,4584600
2007-04-04,37.339111328125,37.51054893512656,37.09224075549392,37.51054893512656,3444900
2007-04-05,37.633975982666016,37.79855458443724,37.21566789460878,37.37339014461025,2787300
2007-04-09,37.59283447265625,37.77798738350549,37.39396624071484,37.71626974655574,2301500
2007-04-10,37.48997116088867,37.77113132154642,37.26367490095176,37.585978409272556,2451300
2007-04-11,37.051090240478516,37.56540299835714,36.92079861688405,37.448826695551034,3796900
2007-04-12,37.4968376159668,37.74370821495478,36.85908944055805,37.4968376159668,3707700
2007-04-13,37.14024353027344,37.558551715020506,36.900231923908876,37.558551715020506,2628100
2007-04-16,37.3048095703125,37.345952905519184,37.030508461264766,37.25680726861853,2831900
2007-04-17,38.12771987915039,38.42259275025888,37.83284700804191,37.9905718966228,5958500
2007-04-18,37.72999572753906,38.19630631269987,37.57912976883093,37.86714636128002,3553500
2007-04-19,37.935707092285156,38.011140045236885,37.517398982956344,37.53797327117127,3287000
2007-04-20,37.798553466796875,38.45001673470875,37.613400583331625,38.31286616000157,6148600
2007-04-23,37.633975982666016,37.935705163199735,37.44196412602664,37.78483926496802,2766300
2007-04-24,37.201961517333984,37.44197312591239,37.0510955828388,37.42826041907677,3950200
2007-04-25,37.31541442871094,37.487311490227235,37.08163432013113,37.36354539610022,3557000
2007-04-26,37.15726852416992,37.37729654761171,37.102260206839006,37.17102060350265,2697600
2007-04-27,37.44605255126953,37.52168767255382,36.89598251866672,37.136637338261444,4273700
2007-04-30,36.83409881591797,37.59732212001235,36.82722408817025,37.377294110914605,4180100
2007-05-01,36.75846862792969,37.0678838769071,36.51781378035899,36.84098110961774,3904700
2007-05-02,36.68282699584961,37.322284189412585,36.64157338525887,36.730957956832576,2764800
2007-05-03,36.53841781616211,37.012855109873946,36.44215593713057,36.882211740097304,3975900
2007-05-04,36.98536682128906,37.13663442906689,36.64157274997671,36.7240825926683,4429600
2007-05-07,37.18476486206055,37.39104076278524,36.97848633839546,37.09537767666837,2470400
2007-05-08,37.549190521240234,37.569817327074944,37.32916251586761,37.39792028394378,4442400
2007-05-09,37.776084899902344,37.92048037763379,37.43916823872264,37.52855541580588,5123000
2007-05-10,37.78296661376953,38.649326465542316,37.54918655488791,38.13363539062173,5204900
2007-05-11,37.79671096801758,38.168006472663755,37.452916988313405,37.50792266113732,3267000
2007-05-14,37.6110725402832,38.08550742218233,37.50105854058454,37.82422318929525,4045400
2007-05-15,37.27414321899414,37.94110438914187,37.17788132287796,37.71419910006235,3569000
2007-05-16,37.686702728271484,37.693577454817046,37.164134330837975,37.38416230146041,3004300
2007-05-17,38.21615982055664,38.40868370948518,37.638585530829744,37.70046858411982,3636700
2007-05-18,38.78683853149414,38.78683853149414,38.271147537391876,38.44991926125371,3785500
2007-05-21,38.346797943115234,38.84186233440941,38.13364463621,38.78685401406958,3520400
2007-05-22,38.470558166503906,38.573694816980556,38.119886735237515,38.22302600865485,6028700
2007-05-23,38.5186882019043,39.09626234868567,38.47743196894112,38.773095081159006,4089900
2007-05-24,38.711204528808594,39.068750609596336,38.49805392389252,38.57368640189945,4901000
2007-05-25,38.779972076416016,38.98624799346215,38.58057088666383,38.83497776358937,3398800
2007-05-29,38.89685821533203,39.178769228574545,38.66307815876943,38.71120911544934,3269000
2007-05-30,38.86936950683594,38.90375102350343,38.4430654541619,38.7181018498531,3146600
2007-05-31,38.828102111816406,39.50193815702504,38.48430805061156,38.587444695208696,7044100
2007-06-01,38.7043342590332,39.12376341407428,38.15426431100409,38.87623128172608,4948900
2007-06-04,38.587440490722656,38.979365467956804,38.443047630255386,38.477426508041844,2748900
2007-06-05,38.126766204833984,38.43618141934299,37.92049026947492,38.388050455190566,2962100
2007-06-06,38.381168365478516,38.5255612401078,37.714207054656825,38.023622230962786,4982300
2007-06-07,37.99613952636719,38.71123219908137,37.99613952636719,38.51870825755909,6938000
2007-06-08,38.511817932128906,38.66996554276005,37.92049422191699,37.92049422191699,3979500
2007-06-11,38.29866027832031,38.443053159555745,38.03737604827004,38.31241235600092,3112100
2007-06-12,37.92737579345703,38.31930096908352,37.892996898267995,37.94112787612096,2497100
2007-06-13,38.48430252075195,38.48430252075195,37.892976400777556,37.92048055122756,2841000
2007-06-14,38.33989715576172,38.57367712842231,38.229883205270816,38.37427864642845,2303100
2007-06-15,38.56681442260742,38.800594468120764,38.51868346820235,38.64932425545322,3866000
2007-06-18,38.50495529174805,38.80749328192412,38.44307222296863,38.44307222296863,2356700
2007-06-19,38.73183822631836,38.78684390938712,38.305531723568535,38.31240907328988,3411400
2007-06-20,38.74559020996094,39.06875747151655,38.43617764874619,38.78684644216183,3718800
2007-06-21,39.32316970825195,39.35067386680307,38.43618288997629,38.635581482119576,4933300
2007-06-22,39.309417724609375,39.59133141603279,38.986253041140785,39.11689386016503,4497100
2007-06-25,39.33004379272461,39.44693252244704,38.99312443580925,39.33004379272461,4001100
2007-06-26,39.4194221496582,39.529436127114636,39.233773070899204,39.36441384945993,5055800
2007-06-27,40.14141082763672,40.210168617263136,39.240669095057974,39.28880007238478,4680200
2007-06-28,40.03139114379883,40.382060018136066,39.82511255813333,40.17578405541174,3731800
2007-06-29,40.237648010253906,40.629572940309956,40.07262574462718,40.26515215834834,5020500
2007-07-02,41.42717361450195,41.46842983538885,40.863351710413625,40.91148265664508,4434900
2007-07-03,41.310306549072266,41.44782211147182,40.93900823553454,41.20028990244667,2887400
2007-07-05,41.33780288696289,41.392811203354945,40.9871340502567,41.262167763394274,3085100
2007-07-06,42.24542236328125,42.4035673506236,41.365310217048645,41.44094534641697,4270300
2007-07-09,42.19042205810547,42.37607122948128,41.922263018209776,42.37607122948128,4354300
2007-07-10,41.60595703125,41.942876372599166,41.2002799253515,41.942876372599166,4773300
2007-07-11,41.75035858154297,41.84662051503296,41.42031654260259,41.495949045386894,3568400
2007-07-12,42.451683044433594,42.52731551897316,41.54406449761891,41.77096979005758,5231000
2007-07-13,43.30429458618164,43.366177614901794,42.12164231416996,42.45856160896639,4582700
2007-07-16,42.52732467651367,43.19428600015407,42.396683876424966,43.04301577262147,3022900
2007-07-17,42.7198371887207,42.953617180882155,42.396670034660545,42.48605719655925,3739000
2007-07-18,42.91925048828125,43.125529028866794,42.63733945548036,42.6992224930679,3953900
2007-07-19,42.75422286987305,43.146147827555076,42.527317566509716,43.13927310151684,3089100
2007-07-20,42.1147575378418,42.767966546690126,41.929108495983456,42.754214474373995,3686600
2007-07-23,41.874114990234375,42.4448117309208,41.784727805690586,42.38292869899669,2602300
2007-07-24,41.35843276977539,42.65797409494162,41.220914600230934,41.867246587266685,5152500
2007-07-25,41.56175231933594,41.782311991422524,41.01724447856276,41.76852668325728,3540300
2007-07-26,40.7001953125,41.37565972046812,40.210828643861724,41.0792821314553,6301800
2007-07-27,40.369361877441406,41.23092415522406,40.300437946930565,40.831160625558205,5130500
2007-07-30,40.99656295776367,41.05859552249424,40.32799005225406,40.369345971833894,6304900
2007-07-31,41.217140197753906,42.08559647469471,41.09307501533379,41.09307501533379,5861600
2007-08-01,41.437705993652344,42.12695593925864,40.66574679077166,41.354996736377956,6664200
2007-08-02,41.93394470214844,42.02354788406645,41.32051299444198,41.43768416140681,4209100
2007-08-03,41.69271469116211,42.57495344846831,41.63757345419103,41.86502711277841,6106100
2007-08-06,43.374473571777344,43.39515021651734,41.72716759910688,42.058007061338415,4649600
2007-08-07,44.38079833984375,44.67717599182344,43.07122517529309,43.078116517052806,7913400
2007-08-08,44.76676940917969,44.88394586383861,44.05684300408279,44.801234000295544,6706800
2007-08-09,43.588138580322266,45.19408851285436,43.588138580322266,44.4496978071368,6793100
2007-08-10,43.59503936767578,44.13954720977719,43.07810214197212,43.42272695910789,5193700
2007-08-13,42.58184814453125,43.78803519091076,42.5336008730184,43.42273366966228,4150900
2007-08-14,41.9063720703125,42.568051006593606,41.851233473594924,42.402632587162515,4331100
2007-08-15,40.314208984375,41.97530036260713,40.17635854288418,41.97530036260713,6955600
2007-08-16,40.82426834106445,41.04482808294402,39.45266261058085,40.11434183621956,6470600
2007-08-17,40.23150634765625,41.727179641761005,39.83863420854171,41.14820975844289,9738600
2007-08-20,39.92823791503906,40.865617988380166,39.514689119990514,40.24529216652822,5438500
2007-08-21,41.547969818115234,41.66514363079665,39.990266700106844,40.11433185269711,5421600
2007-08-22,42.22343826293945,42.4853539024927,41.63757703083052,41.80299812667444,3367700
2007-08-23,41.94084548950195,42.54738599490746,41.74785640430528,42.41642949127816,3881400
2007-08-24,42.5129280090332,42.526713320590396,41.81678423643123,42.07180855632033,2274000
2007-08-27,42.064910888671875,42.650774746602025,42.051125578326314,42.51292427242557,2294700
2007-08-28,40.66572189331055,42.06489758488083,40.5485507363495,41.947726427919775,4337100
2007-08-29,42.257904052734375,42.278580704321904,40.82426327900391,40.97589906872365,3218600
2007-08-30,42.05801773071289,42.38196593663712,41.74785483453851,41.84434937350854,2108000
2007-08-31,42.56116485595703,42.86443374806643,42.25100199511861,42.31992853601531,2462900
2007-09-04,42.46467208862305,42.85754418554782,42.31993029065683,42.70590841856676,2382100
2007-09-05,40.66572189331055,40.98967001077885,39.89376316305918,40.14189341224526,13475000
2007-09-06,40.17636489868164,41.08617427546069,38.66001506095692,41.0034650491932,6376100
2007-09-07,39.2872314453125,39.852415968043104,39.05288645081843,39.838630659040064,6050700
2007-09-10,39.45265579223633,39.96269912120556,38.94260983398804,39.34926728078845,4859800
2007-09-11,40.383140563964844,40.58991495085248,39.64564358552223,39.71456750472511,4301600
2007-09-12,40.307315826416016,40.72086715920129,40.017832259817006,40.21771264325409,2841400
2007-09-13,41.320518493652344,41.561754827907926,40.3624618672104,40.59680686160676,4344300
2007-09-14,41.32741928100586,41.547979016825124,40.789805253606346,41.120644857335236,3167200
2007-09-17,41.01723861694336,41.527284429054035,40.727755074678235,41.07237984172433,2825700
2007-09-18,42.60941696166992,43.10567759540168,41.29984145789066,41.29984145789066,5150100
2007-09-19,42.678321838378906,43.243508768657435,42.38883835072003,42.62318325327723,3882500
2007-09-20,42.14761734008789,42.59562803704957,41.802992513527165,42.40953031519333,4020100
2007-09-21,41.851234436035156,42.3750629486511,41.55485691268718,42.23032117100072,5831700
2007-09-24,41.527305603027344,41.89260720098739,41.1620040050673,41.78922129572607,3798200
2007-09-25,40.92766571044922,41.086192894835875,40.09367121272105,40.56236142276858,5152900
2007-09-26,41.8305549621582,41.97529936839838,41.010348930096505,41.08616680258459,4334600
2007-09-27,42.12693405151367,42.2441078486127,41.83745048681934,41.85123579408267,2786800
2007-09-28,42.29924774169922,42.74726103898069,42.188967909499276,42.27857109481129,4080200
2007-10-01,42.60251998901367,42.87132692032011,42.19586260775356,42.40263696804477,3953200
2007-10-02,42.471553802490234,42.73346935083843,42.154499660914006,42.6783281283322,3905000
2007-10-03,42.678321838378906,43.40203581608175,42.28544988839739,42.28544988839739,3019100
2007-10-04,42.79552459716797,43.20218212624442,42.69903003590908,42.87134250366555,2375700
2007-10-05,43.60882568359375,44.11197761272545,43.098779785563956,43.160812359253,3691600
2007-10-08,43.9120979309082,44.27739943199421,43.68464689622714,43.83628004292153,2658200
2007-10-09,43.63640594482422,44.07752539775983,43.20906917417342,43.932783570255204,3992600
2007-10-10,47.647850036621094,48.213034819513986,46.33138528682916,47.08955922604254,27403800
2007-10-11,47.72362518310547,48.62654543885824,47.420359034364786,47.50995955990435,7133500
2007-10-12,46.86896514892578,47.206695925397284,46.5588049829804,46.979247591030266,6862500
2007-10-15,45.88335418701172,46.800057587393454,45.39398751111183,46.731133666298476,5391600
2007-10-16,45.45600891113281,45.84888097187918,45.07003081876645,45.800633710333386,4375400
2007-10-17,45.84889221191406,46.145269822226965,45.331954886384,45.92471010700981,4546300
2007-10-18,45.85578536987305,46.1383802935994,45.28370681103067,45.773078764730364,2731500
2007-10-19,45.2837028503418,46.09701770064519,45.02868382871238,45.78685744137131,5402900
2007-10-22,46.21418762207031,46.52434783756456,44.96664227460715,45.03556618265508,4508900
2007-10-23,45.621421813964844,46.35202453278461,45.19408527091705,46.21417674912061,3497300
2007-10-24,44.96665954589844,45.442243633643855,44.318768251130095,45.297501793582015,4713600
2007-10-25,44.67716598510742,45.814429058147184,44.11887540283032,45.214779917456916,6781800
2007-10-26,45.16653060913086,45.538726066699375,44.56688675406859,45.001112158619655,2850600
2007-10-29,46.17973709106445,47.58580732904331,45.00801452202809,45.00801452202809,3375700
2007-10-30,46.28310012817383,46.593260267259446,46.0073993053445,46.17281769561977,2503800
2007-10-31,46.35892868041992,46.613947662058635,45.338836978194,46.35203471215598,3819100
2007-11-01,44.704742431640625,46.2142011758039,44.642707215213775,45.97295953904895,4383400
2007-11-02,45.20100402832031,45.586982241115344,43.526126771286485,45.04936822799119,6153900
2007-11-05,45.435340881347656,45.69036517420192,44.80812636230128,44.89083296431814,3731900
2007-11-06,46.37958908081055,46.44851296363627,45.35260902860832,45.35260902860832,4472400
2007-11-07,45.593875885009766,46.310696316892894,45.421563432880895,46.0763486475471,3690100
2007-11-08,45.89023971557617,46.86897288734646,44.75297682174531,46.22107657940074,5856300
2007-11-09,45.00111389160156,45.9798472111071,44.801230846030776,45.89713535338742,4290500
2007-11-12,45.304386138916016,46.31069009308181,44.91840272220072,44.91840272220072,4463400
2007-11-13,46.46232223510742,46.52435218057387,45.30438259271528,45.662790103155835,5841700
2007-11-14,45.53184127807617,46.93101756674695,45.449134665423344,46.86898760725733,4518900
2007-11-15,45.72483444213867,46.39340766604146,45.290608911512805,45.44913869742595,4668800
2007-11-16,46.04188919067383,46.22798432471575,45.400886660104796,45.897142103736144,4407400
2007-11-19,45.807525634765625,46.234862259786986,45.55250140165591,45.93848473535668,4476700
2007-11-20,45.717926025390625,46.70355313776173,44.83568740200667,46.00740958770905,5156000
2007-11-21,45.53873062133789,46.36582821517531,45.44913004721562,45.835108223198645,3721500
2007-11-23,46.15904998779297,46.489886875616605,45.68346604566928,45.717930631656436,2076300
2007-11-26,45.063148498535156,46.44164805165893,45.04936581676965,46.44164805165893,3648800
2007-11-27,45.45600891113281,46.35203549247715,45.06313685038644,45.06313685038644,3905800
2007-11-28,46.267677307128906,46.59924324199802,45.52855520922402,46.15024265463998,5521500
2007-11-29,46.34365463256836,46.668316660263976,45.936103760453605,46.253856627732546,3399300
2007-11-30,46.557796478271484,47.20021137371447,46.316028564963965,46.97225651110513,4936000
2007-12-03,46.240055084228516,46.91010151747061,46.08808513811424,46.557808030582656,3641000
2007-12-04,47.78045654296875,47.95314867036431,46.04663137842207,46.1157071753512,5067400
2007-12-05,48.112022399902344,48.9616646209891,47.61466828504917,48.31924976766123,6381400
2007-12-06,48.927120208740234,49.17579721964733,47.663012948319825,47.697553471557335,6545800
2007-12-07,49.61790466308594,50.205056858235615,49.0445655196411,49.086009944901235,5401000
2007-12-10,49.2172737121582,50.122179093260904,48.90642988098246,50.04619410872508,4611200
2007-12-11,48.3261604309082,49.887298613282894,48.25017547932281,49.12745436757408,4818800
2007-12-12,48.485015869140625,49.29321330203763,47.94621758054262,49.244859744603,6842800
2007-12-13,47.34525680541992,48.24325237436536,44.96901232301354,45.25913372512775,17559600
2007-12-14,47.31074142456055,47.73211070540898,46.695957772859664,47.14495843099363,7735300
2007-12-17,47.089683532714844,47.66302260570522,47.02751690246395,47.24165343352145,2972100
2007-12-18,47.28309631347656,47.58012694533801,46.626868421527796,47.42125315977538,3273600
2007-12-19,47.2485466003418,47.43505169810897,46.70283908222889,47.43505169810897,2743900
2007-12-20,47.587032318115234,47.72518388327485,46.97224889390944,47.67683030845455,3112100
2007-12-21,48.409061431884766,48.409061431884766,47.90479806961384,48.04295494222373,5863700
2007-12-24,48.878780364990234,49.04456332877072,48.40905757582436,48.62319412363021,1093500
2007-12-26,48.761356353759766,49.037664867108695,48.042961597257715,49.037664867108695,2083200
2007-12-27,48.257080078125,48.97547983511684,48.181095133721904,48.78206552941607,2093200
2007-12-28,48.505767822265625,48.8511520929794,48.22255019061038,48.45741423517153,1910800
2007-12-31,48.18799591064453,48.664622432453626,48.167273705802,48.505748681898474,1862200
2008-01-02,47.06896209716797,48.11893309993945,47.048239886743346,48.09820561936976,3736000
2008-01-03,46.3643798828125,47.58012855038478,46.219319141913935,47.33145148880295,3501000
2008-01-04,45.34895706176758,46.212417762600374,45.162446599106005,46.212417762600374,4936000
2008-01-07,45.5768928527832,46.03279717130194,44.76178608195888,45.348938058452006,3973500
2008-01-08,44.87921905517578,46.19167993070237,44.837774641995644,45.597618747781326,5856600
2008-01-09,46.46799850463867,46.52326125402668,44.83088039764943,45.0864613908137,8802400
2008-01-10,48.257080078125,48.66463089797383,45.777218821089804,45.95682007787391,10950500
2008-01-11,45.88774871826172,48.001498506041024,45.590718071535306,47.92551355431019,8229300
2008-01-14,44.69963836669922,46.26768614147061,43.946700438563525,46.26768614147061,10121500
2008-01-15,44.195369720458984,44.63055462713058,44.00886190331401,44.250629831980014,6862100
2008-01-16,44.278263092041016,44.96903164346176,44.02267946583575,44.2091872909281,9600600
2008-01-17,44.416404724121094,45.28676900576423,44.26443485172956,44.271338740369906,7161200
2008-01-18,44.57526397705078,45.47326460155517,43.96738995547602,44.01574351094058,7358100
2008-01-22,45.68743896484375,46.143348812250174,43.090149950507154,43.331917928610565,9818400
2008-01-23,47.39361572265625,47.663014950766446,44.706527330376744,45.114078116953245,10043800
2008-01-24,46.38508605957031,47.24854631656104,45.65977733564084,47.23472800116901,6217400
2008-01-25,45.21772003173828,46.95846016715866,45.176275594753506,46.48182806124523,5562900
2008-01-28,45.83939743041992,45.846306590962485,44.89995186215399,45.16244199117272,5407900
2008-01-29,46.060428619384766,46.1433227093334,45.114074188843404,45.93609011953367,5705200
2008-01-30,45.74959945678711,46.69594891612955,45.35586162790372,45.96373600245227,5766000
2008-01-31,46.93080520629883,48.06366492264073,45.12099016182848,45.33512667219052,7975200
2008-02-01,46.827186584472656,47.26236874312566,46.26075675425931,47.048232243332876,6057300
2008-02-04,46.267677307128906,47.1311379481461,45.949919153506535,46.965349710566024,4288100
2008-02-05,44.810123443603516,46.191659486346,44.5061838277548,45.53542670395826,6934300
2008-02-06,44.008846282958984,45.307488746104475,43.99503060121422,45.079539220067375,7394000
2008-02-07,44.72724151611328,45.16933274809738,43.732536244149046,44.430210975548036,8453100
2008-02-08,43.68418884277344,45.314399831917136,43.48386540156159,44.63054068443112,7423400
2008-02-11,44.20916748046875,44.38185954093933,43.50458355754017,43.70490698010326,4825100
2008-02-12,44.49239730834961,45.272963740547965,44.216088881063804,44.50621035814869,4451900
2008-02-13,45.472049713134766,45.58974406687267,44.75895355785102,45.13281087152193,4922500
2008-02-14,44.31584548950195,45.68664976700767,44.12199216536528,45.51356804536054,4277400
2008-02-15,44.25354766845703,44.2950882458846,43.69276439878577,44.03200320421336,4250900
2008-02-19,43.49891662597656,44.82818350229392,43.25660053594765,44.7727960619381,3887200
2008-02-20,44.696617126464844,45.001242612864466,43.25657873618212,43.270425589292756,4911500
2008-02-21,44.98048782348633,45.693583816712284,44.682786990368726,44.9251003935956,6183500
2008-02-22,45.70742416381836,45.76281158902028,44.87663391393195,45.215872649731416,4368600
2008-02-25,45.43742370605469,46.03975015853401,45.18818553827265,45.707430840812506,5986000
2008-02-26,46.012062072753906,46.51053846932056,45.30589069897582,45.42358504759934,6913800
2008-02-27,44.64815902709961,45.001247214986975,43.554283929664386,44.89739712654541,10423700
2008-02-28,43.685829162597656,44.75201329148576,43.31197461956093,44.44046827912477,5432600
2008-02-29,42.868900299072266,43.789696771602884,42.67504952212635,43.49892060618401,5399100
2008-03-03,43.27735137939453,43.75505860881693,42.70964355861733,42.861956314783015,6205000
2008-03-04,43.19427490234375,43.595825772347375,42.668107619978436,42.98657736038422,6800800
2008-03-05,42.1142463684082,43.325818436898416,41.73346446264012,42.69579842590669,13979800
2008-03-06,41.56731414794922,42.522723516394066,41.539620433815706,42.48118558621173,6139700
2008-03-07,41.747314453125,42.425794545518,41.4980763291811,41.53961689684432,5712600
2008-03-10,41.71268844604492,42.25962723544712,41.51883779299789,41.86500118259163,4895700
2008-03-11,43.353511810302734,43.360436558603475,42.135017570120766,42.28733034052513,5926300
2008-03-12,43.33967590332031,44.122006274826084,43.19428784448831,43.353522762402164,6355100
2008-03-13,43.04196548461914,43.39505371031059,42.495029197851444,42.81349896301091,7257300
2008-03-14,42.13501739501953,43.5127465071635,41.60192534183728,43.325820560102876,6801500
2008-03-17,41.788875579833984,42.15580819781846,41.30424594940868,41.81656930523406,5413000
2008-03-18,42.695804595947266,42.75119202334221,41.54654188768113,42.38425956041334,5704600
2008-03-19,42.14887619018555,43.41583345803177,42.14887619018555,42.46042392523573,5412400
2008-03-20,43.90739059448242,44.17047567498982,42.1488814800875,42.176572561441915,5915700
2008-03-24,45.3474235534668,45.43050470425816,43.94892254069724,43.94892254069724,6447700
2008-03-25,46.102046966552734,46.46898467025946,45.139712972421115,45.61742023642717,7618000
2008-03-26,46.12283706665039,46.3374567949093,45.59666694875044,46.03975590633871,5810600
2008-03-27,45.18126678466797,47.043623040758256,45.11895460071952,46.45514607832027,5307400
2008-03-28,44.565086364746094,45.0427883544382,44.488929979918964,44.98740621441098,3116000
2008-03-31,44.98048782348633,45.27126390735857,44.12892589655158,44.945869359295614,4127800
2008-04-01,46.0328254699707,46.295913137443414,45.07741601356217,45.12587869724877,5742800
2008-04-02,45.86667251586914,46.337455177124816,45.51358419941817,45.65205279510327,3978400
2008-04-03,46.2959098815918,46.42052895688416,45.707427687022516,45.78358408203652,3128500
2008-04-04,46.005123138427734,46.36513610585808,45.83204140309575,45.99820367207993,3712800
2008-04-07,45.901275634765625,46.482827696046996,45.63818803196541,46.03973890210831,2927000
2008-04-08,46.33745574951172,46.47591906487036,45.6728223281238,45.6728223281238,3068300
2008-04-09,45.71434783935547,46.66283766603952,45.27818376070918,46.39975004352406,2997900
2008-04-10,46.0535888671875,46.5797588564608,45.64511848009236,45.81127547806023,4891500
2008-04-11,45.485870361328125,46.039733935014276,45.3543318561544,46.018964975357086,4058500
2008-04-14,45.22281265258789,45.686670610538734,45.06357507192853,45.58974522475908,2593600
2008-04-15,45.49972915649414,45.60357925804285,44.98048393078619,45.25049102559148,2661400
2008-04-16,46.55205535888672,46.67667440167932,45.36125234598734,45.58972147144621,4909600
2008-04-17,47.41748046875,47.48671212069096,46.48283996245584,46.68361545051016,4911100
2008-04-18,48.068267822265625,48.37981288538289,47.73594851050911,47.90903027491565,4981000
2008-04-21,47.84671401977539,48.0267204985322,47.25131244407117,47.79132659830634,2802100
2008-04-22,47.13361740112305,47.909020161476114,46.63514117973313,47.528243529384206,3396500
2008-04-23,48.18596649169922,48.34520405338252,46.919006594512766,47.23055696770964,4142900
2008-04-24,48.61521911621094,49.04445861990044,47.7082721317959,47.94366085549175,5546800
2008-04-25,49.529090881347656,49.63294102270242,48.46290630871149,48.72598875571096,4626700
2008-04-28,49.037506103515625,49.61905805157985,48.94058077883825,49.300588373063626,3575400
2008-04-29,49.15523147583008,49.43908816480084,48.649830292897626,48.91984276188714,3183100
2008-04-30,49.32829284667969,50.01369501568475,48.74674077165362,49.14828636925178,5117300
2008-05-01,49.8475341796875,50.49139837412319,48.635962168375656,49.00289456096168,4656400
2008-05-02,49.944461822509766,50.401400108950455,49.141365370328444,50.193699927471044,4448700
2008-05-05,50.145259857177734,50.47065448987201,49.75063356013173,50.03448496858504,3415700
2008-05-06,50.29755401611328,50.512173680542034,49.501376966538096,49.778308803177566,3538500
2008-05-07,49.90291976928711,51.28757344580206,49.79214493978931,50.42216489798022,3670800
2008-05-08,49.293678283691406,50.12447381914601,49.085983361354465,50.12447381914601,4701100
2008-05-09,49.45982360839844,49.819831186283366,48.80903478764568,48.912884854238925,2782500
2008-05-12,51.01068878173828,51.169926425748855,49.522183647880844,49.632958579721155,3528800
2008-05-13,51.21834945678711,51.287581094530736,50.41524766926195,51.2252689231367,3768000
2008-05-14,51.49589920043945,52.196666747517384,51.329382013727944,51.66935614719734,4171000
2008-05-15,51.65545654296875,51.669336057665014,51.03795047608182,51.44731146387964,3612500
2008-05-16,50.83674240112305,51.593017185343626,50.09434713229228,51.593017185343626,5690300
2008-05-19,50.03190231323242,51.16977900942084,49.86538519252978,50.933880196215746,3963400
2008-05-20,49.532352447509766,50.02496941333381,49.26176010421888,49.907019990562816,3740500
2008-05-21,48.144691467285156,49.92782799224076,47.8047174626978,49.87926027729971,6635200
2008-05-22,49.09523010253906,49.26868695888574,48.08224269669244,48.17243835633877,6521100
2008-05-23,49.48379135131836,49.71275576275046,48.24877889229952,48.92872707393483,6182100
2008-05-27,50.364952087402344,50.81594116798095,49.51154694880919,49.629496391787846,6240100
2008-05-28,50.81592559814453,51.62770781185274,50.4551376203172,50.69103643399587,6563400
2008-05-29,50.63554763793945,51.86362033205323,49.03280205887728,51.2253001214798,8817500
2008-05-30,49.48379135131836,50.62860811499362,49.24789247419578,50.302508249042184,5908600
2008-06-02,48.79689025878906,49.58091344280983,48.449976502295726,49.57397368550449,7114900
2008-06-03,48.59568786621094,49.31032947853269,48.3320352723255,48.873219977055186,5971100
2008-06-04,49.12992858886719,49.28257150138338,48.06143349473812,48.3667193197705,4615800
2008-06-05,50.99631881713867,51.04488652808232,49.59478966313372,49.62947786038862,6103400
2008-06-06,49.39358901977539,50.61472179637934,49.26176008057429,50.61472179637934,6308400
2008-06-09,49.49071502685547,50.28167792431213,49.199308757999546,49.414393581181265,5510500
2008-06-10,48.8870849609375,49.27562666659476,48.415282049717796,49.17849124018045,6616800
2008-06-11,47.78390121459961,48.900963898676565,47.700640010018915,48.72056726882688,5864900
2008-06-12,47.319034576416016,48.51241875348124,46.583579101776046,48.12387703759354,8404100
2008-06-13,48.789947509765625,48.803821730041726,47.52718172529991,47.596563413647445,6884900
2008-06-16,48.85935974121094,49.31728869883678,48.14471784687378,48.45693828635554,3972700
2008-06-17,48.51935958862305,49.150739890965816,48.35284246289849,48.991162522745945,3639300
2008-06-18,47.846351623535156,48.41529005524382,47.631266757122305,48.26264713321486,5099700
2008-06-19,48.73444747924805,49.05360752914176,47.67289213442054,47.67289213442054,4711700
2008-06-20,47.68675231933594,48.64423208087981,47.305145189654226,48.560970899817754,5460000
2008-06-23,47.48557662963867,48.42224310693249,47.31211967852922,47.922686240779505,5222800
2008-06-24,48.054508209228516,48.651200457501815,47.076208606773946,47.19415804588987,5187400
2008-06-25,49.1854362487793,49.90701756024439,48.15163464671644,48.15163464671644,7661200
2008-06-26,47.89492416381836,48.658133557270446,47.83248221315175,48.332038992425154,6761200
2008-06-27,48.74832534790039,49.192374558268284,48.00593007805243,48.33202987486601,9101900
2008-06-30,48.66507339477539,49.9486535531267,48.477742248988285,48.56793794236946,7608100
2008-07-01,50.33720779418945,50.4690314734418,48.019820245429365,48.16552344469937,8572400
2008-07-02,50.045780181884766,51.30161166968979,49.98333824212668,50.40657347876774,5225700
2008-07-03,50.11518859863281,50.7118756875311,49.691953181046266,50.37884127947096,2633400
2008-07-07,50.559226989746094,50.996336540149805,49.83764553817744,50.5245334869505,5202900
2008-07-08,51.80117416381836,51.960751556730166,50.469021071441546,50.469021071441546,5979900
2008-07-09,50.05965805053711,51.842794615915274,50.045778535391364,51.8358548583424,5511400
2008-07-10,49.164634704589844,49.9833516599323,48.581816642971766,49.705819501708724,7238200
2008-07-11,48.44998550415039,49.053612164771074,47.728404121358636,48.65119615551889,5146700
2008-07-14,48.26958465576172,49.039733695065195,47.88797736836473,49.03279393707133,5260100
2008-07-15,48.26958465576172,48.78301558413592,46.97906493009018,47.97123858383799,7814400
2008-07-16,50.358001708984375,50.60084027764353,47.825530250718856,48.57486522842463,7751400
2008-07-17,51.43343734741211,51.5236383219533,49.43521579361916,50.64941407626945,6776500
2008-07-18,50.11518859863281,51.44733681784631,49.927852112298325,51.426522829028364,7249400
2008-07-21,48.3320198059082,50.71184273477424,48.200190904408835,50.052708814243466,6269800
2008-07-22,49.95558166503906,49.9902751585889,48.22795261463195,48.470791189029114,7971800
2008-07-23,44.009483337402344,46.25054873599613,43.23239719372359,43.773581855799954,40327700
2008-07-24,43.697265625,44.474351861614906,43.48217809798711,43.78052420295169,11113400
2008-07-25,42.85079574584961,43.95398184730807,42.635710862008516,43.92623075202512,8608900
2008-07-28,41.87248611450195,42.98261163754479,41.79616731723389,42.73977043871899,8306800
2008-07-29,42.864654541015625,43.12830968559026,41.85166720494123,41.872481179311904,9240600
2008-07-30,43.71115493774414,43.9886871389033,42.81611636808624,42.88550074174765,12036000
2008-07-31,43.489112854003906,44.23150815163312,43.09363134579927,43.246274260103576,6712500
2008-08-01,43.15606689453125,43.89846203666243,42.85772088637667,43.78744975316828,5735500
2008-08-04,43.37809753417969,43.74582527846957,42.73283771893088,43.1421960678872,4223300
2008-08-05,44.84207534790039,45.098793462495145,43.82215058784098,43.82908769919171,6882800
2008-08-06,45.71150207519531,45.83670116482933,44.570801617027676,44.66817809711856,7900300
2008-08-07,45.78105545043945,46.33054004307611,45.224613878837246,45.32199566449472,8414300
2008-08-08,46.59486389160156,46.789616920817714,45.94800258363533,45.98278218454766,7178500
2008-08-11,46.671382904052734,47.97206272822621,46.16363460460325,46.567049389750395,6363500
2008-08-12,47.144351959228516,47.43648152334172,46.26795796026649,46.455759327641,5146400
2008-08-13,46.5670280456543,46.94958232054398,45.9271239009484,46.817426242560174,5372200
2008-08-14,46.699195861816406,47.283460236996014,46.08711417476232,46.19144766746817,4225700
2008-08-15,47.29737091064453,47.53385521801914,46.80353135116628,46.92873048642993,4690500
2008-08-18,46.88697814941406,47.63816731695295,46.64353166319286,47.36690353016563,4119600
2008-08-19,46.22623062133789,47.053936430158046,45.73934797298654,46.88004901194358,4898400
2008-08-20,45.86453628540039,46.41402103387155,45.46111629690943,46.114934532972605,3761100
2008-08-21,46.08013916015625,46.17751563347454,45.3776329112573,45.55847720739976,2984300
2008-08-22,46.900901794433594,47.12347741646051,46.28186317983933,46.29577183456914,3510300
2008-08-25,46.2192497253418,46.942621647642746,46.10100761572282,46.91479903832885,3202200
2008-08-26,46.2679557800293,46.41402586182521,45.62805143928086,46.19840188327354,2622000
2008-08-27,46.400108337402344,46.72006048322099,45.81584928154788,46.14971008300135,2851000
2008-08-28,47.16520690917969,47.24867475427614,46.49052308785839,46.50443704868507,3031500
2008-08-29,46.64356231689453,47.05393940930696,46.56705142350617,46.69920756783575,2831800
2008-09-02,47.478206634521484,48.29895519245623,47.3182279271471,47.40169577098867,5241800
2008-09-03,47.52689743041992,47.64513956889958,46.267949258125995,46.6018153447631,5869300
2008-09-04,46.85221862792969,47.97901082170891,46.85221862792969,47.22781602585609,6158900
2008-09-05,47.60340881347656,47.73555960812881,46.191444197249965,46.66441275628966,5903500
2008-09-08,47.94422912597656,49.31446254372909,47.839895635563906,48.29896087073089,8855500
2008-09-09,47.73558044433594,48.53546376863503,47.63820389772114,48.159866243139184,6780000
2008-09-10,48.29199981689453,48.86930714941844,47.71469248437063,47.867714216521186,6010400
2008-09-11,48.94583511352539,48.98060941512996,47.58950999199109,47.93728484777581,6455300
2008-09-12,48.375457763671875,48.78582931898452,47.86074744147673,48.78582931898452,5410800
2008-09-15,47.95812225341797,48.6884511432142,47.41559464688136,47.75641762565029,6569400
2008-09-16,47.909446716308594,48.59108754794326,47.19303159432428,47.22781119129537,10797500
2008-09-17,45.46806716918945,47.50602716741576,45.44719622917778,47.26258062686767,11423300
2008-09-18,47.457340240478516,48.79975086103503,44.96727199192356,45.73237530838217,11588600
2008-09-19,45.9688606262207,49.38401097460009,45.9688606262207,49.38401097460009,103300
2008-09-22,44.737754821777344,46.30274158835998,44.689066556859686,46.28883292979331,6314600
2008-09-23,44.62644577026367,45.544570636778076,44.52906398587847,44.94639781243778,4405100
2008-09-24,45.06464767456055,45.3706911182668,44.07001178913618,44.57080822188425,3521300
2008-09-25,45.89236068725586,46.372286258248565,45.0437894048854,45.13420893411665,5293400
2008-09-26,46.10799026489258,46.12885590683972,44.87686432378053,44.87686432378053,4508100
2008-09-29,43.95871353149414,46.254025546761696,43.12405389322143,45.87147133312556,7243100
2008-09-30,45.16202926635742,45.4680727446057,43.81961851852505,44.27868108258669,5082700
2008-10-01,44.99509811401367,45.21071675735295,44.26476902836169,44.515167268778285,3860200
2008-10-02,43.06842803955078,44.82121592516601,42.65805634101309,44.73079108495649,6284800
2008-10-03,43.541404724121094,45.294192721058444,43.3257860421526,44.299553908626315,7767800
2008-10-06,42.05988311767578,43.124073104914956,39.722836150686106,42.23377050922785,9508900
2008-10-07,40.2027702331543,42.72065928546959,39.68110798275875,42.045977912543115,9819200
2008-10-08,39.68804168701172,40.89829591222317,37.107551918742764,37.55965999856799,13645400
2008-10-09,37.837894439697266,40.34882594429718,36.65545974096095,39.931497299242395,7837500
2008-10-10,37.490135192871094,38.94383437757374,35.47303971630543,36.95456152973729,12410400
2008-10-13,41.39910888671875,41.517351034779615,38.776886805845436,39.02032808321247,8433700
2008-10-14,40.627037048339844,42.7901959311884,39.72282343243769,42.49110950121389,7996300
2008-10-15,37.28840255737305,40.27231002404811,36.86411701251073,39.80629056133841,7662600
2008-10-16,40.1957893371582,40.43923049845291,36.481556463073865,37.58052283117383,10619000
2008-10-17,40.327972412109375,41.69124922532827,36.70415901085759,39.47940090538808,8423400
2008-10-20,40.39752197265625,41.25304766079907,38.95077753353557,41.25304766079907,6356700
2008-10-21,38.8533821105957,40.752231273096484,38.6516721882847,39.67413045013507,7081300
2008-10-22,37.246665954589844,38.38041210126944,36.23116457329897,38.136970897984,6863600
2008-10-23,36.314659118652344,37.337118305971366,34.55491874608266,37.156273848723735,8923400
2008-10-24,35.42433166503906,36.210303241298696,33.84543418587611,33.94976765870462,5103600
2008-10-27,36.09900665283203,37.19797307339192,34.49228695166009,34.7983276623696,7446200
2008-10-28,39.98019027709961,40.24449986529967,36.37028884553746,37.52490106349208,9123600
2008-10-29,39.56285858154297,41.371286324374736,38.14393688302584,39.70196902021716,8166000
2008-10-30,39.62545394897461,40.703555091208194,38.874259251690425,40.334914723083905,6783600
2008-10-31,39.653282165527344,40.640963993115115,38.97860084694096,39.646327836872544,6046800
2008-11-03,37.191043853759766,39.528091304580855,36.71111285559841,39.319424268869874,8809200
2008-11-04,38.317813873291016,38.943809350851126,37.093648182330384,37.79615185976099,8033800
2008-11-05,37.35797119140625,38.63082832881264,37.26059466460581,38.16480868201022,5565000
2008-11-06,37.2188606262207,38.17871988671983,36.794577568249416,36.864131471966324,9811700
2008-11-07,37.60836410522461,37.844851059293916,36.78761542070825,37.46925366401132,4063400
2008-11-10,36.86412048339844,38.35955284735109,36.37028101560405,37.99786681855067,5286500
2008-11-11,36.363319396972656,37.051914425247276,35.389551892852346,36.342453765401075,5035500
2008-11-12,34.03305435180664,35.70052014033003,33.886541222767356,35.58191503438076,7948300
2008-11-13,34.863304138183594,34.87027981390839,31.598139639077353,33.93538224089155,11219800
2008-11-14,33.53071975708008,35.35865249612697,33.20280717350616,34.172588252678494,7232700
2008-11-17,33.00745391845703,34.17956406528508,32.96559189126492,33.02838360132554,5252400
2008-11-18,32.623748779296875,33.321433765403334,31.451640451178477,33.014453329641015,7754200
2008-11-19,31.584192276000977,33.23770456231968,31.486516826553952,32.595835802264155,6165600
2008-11-20,31.388839721679688,33.663290955063985,31.291161615927756,31.39581539850527,9610700
2008-11-21,32.588863372802734,32.728400895081485,30.61441634843889,31.549314287812606,10862700
2008-11-24,34.50053024291992,34.86332683023268,32.40747485097078,32.700501328344025,8242600
2008-11-25,35.3516960144043,36.05635932176952,34.507497842749316,35.00285353076602,7454600
2008-11-26,35.895877838134766,36.049366660167614,34.60515956456909,34.64004592823899,4421900
2008-11-28,35.90983581542969,36.056348977775805,35.344710195936734,35.826111727126616,1533300
2008-12-01,33.426082611083984,35.41448346144593,33.405152916277004,35.393553766638945,5559800
2008-12-02,34.95400619506836,35.02377626950626,33.32142371360845,33.83771161862407,6138500
2008-12-03,35.87494659423828,36.43309649270273,33.998175678092245,34.186550869605604,7885400
2008-12-04,36.80287551879883,37.2214853605912,35.24006029729145,35.560997348219175,9864600
2008-12-05,38.777320861816406,38.99360143756215,36.18193266121806,36.3982132369638,8656700
2008-12-08,38.50522232055664,39.25872316574861,37.99591274695373,38.64475980982807,7387300
2008-12-09,37.047061920166016,38.48429357035398,36.60054407273652,38.41452615473923,7886900
2008-12-10,37.458683013916016,37.654036500222176,36.202851340029554,36.87960621391317,7260800
2008-12-11,36.32145690917969,37.30519197158411,35.37260554033041,36.454016009271335,10660400
2008-12-12,37.25637435913086,37.737775977284336,35.833096538342346,35.833096538342346,6796200
2008-12-15,36.79589080810547,37.25636258561505,35.95866866860008,37.179616845787486,4868700
2008-12-16,36.99822235107422,37.28427299915347,36.50286680513681,36.97729265972526,8211700
2008-12-17,37.63311004638672,37.9959063932428,36.76100421109494,36.76100421109494,6888800
2008-12-18,37.77963638305664,38.19127055854352,37.39590757937321,37.933125243073476,5053200
2008-12-19,37.5284538269043,38.37265152163087,37.242403258383085,38.08660095310966,6452400
2008-12-22,36.78194046020508,37.91916467373513,36.10518540860964,37.877305292535304,4977100
2008-12-23,35.90983581542969,37.20752990810939,35.756344314996895,36.537750508965686,3533700
2008-12-24,36.06333541870117,36.32148077583673,35.97961396686484,36.223802643661216,1123400
2008-12-26,35.90983581542969,36.27960789033831,35.78425234443125,35.923789830146866,1218200
2008-12-29,35.46332550048828,36.15403207579667,35.28890427177006,35.82611931414026,2413900
2008-12-30,35.67263412475586,35.9307768246962,35.163324403702966,35.46332916098107,2355800
2008-12-31,36.62845230102539,36.858689564416586,35.67262486237783,35.721462585862696,4939600
2009-01-02,37.22148132324219,37.326135103066896,36.31449165676731,36.58658829056415,3687200
2009-01-05,36.48193359375,37.40985286058946,36.14006691978436,37.1028725507809,5890900
2009-01-06,35.895877838134766,36.68426228315977,35.637735248003985,36.642400243629424,6472900
2009-01-07,34.96794128417969,35.826092774385046,34.66793678010934,35.58190429965559,6870000
2009-01-08,35.337711334228516,36.209816720942406,34.451651941952676,34.570256997047636,7287100
2009-01-09,34.284217834472656,35.5679574932093,34.12375070981249,35.051672424555775,4577100
2009-01-12,34.4865608215332,34.974940727201606,34.130740073371435,34.59819028613258,4812900
2009-01-13,34.144683837890625,35.135397367543085,33.87258726596206,34.22840790729601,6310400
2009-01-14,33.230716705322266,33.893517576939594,33.09815493412555,33.733047784285105,7906800
2009-01-15,33.81678009033203,34.144690107283665,32.965603858613015,33.15397905717981,6015900
2009-01-16,34.04702377319336,34.40284457499844,33.391200902482645,34.40284457499844,6413000
2009-01-20,32.944664001464844,34.33305471071319,32.89582629781019,34.305146691066184,7370300
2009-01-21,33.419105529785156,33.51678098339112,32.49816173656248,32.972584988154814,6242200
2009-01-22,33.10514831542969,33.405153028804584,32.5609522955054,33.17491573932573,6144900
2009-01-23,32.77025604248047,33.14700381332359,32.24001410188357,32.72141831919606,4906200
2009-01-26,33.03535461425781,33.50978020967918,32.74930412244094,33.12605432964991,4091900
2009-01-27,33.419105529785156,33.54468901626611,32.84700416313036,33.06328476427028,4085300
2009-01-28,33.3563117980957,33.85166737554321,33.06328279328946,33.53770867805664,5163300
2009-01-29,32.40744400024414,33.488854390995705,32.33069828309864,33.481878717371124,4706600
2009-01-30,31.416746139526367,32.553973124921654,31.24930327555848,32.47722736999623,6682800
2009-02-02,31.60512924194336,31.863271940807515,31.067911484904926,31.2423327308996,4782600
2009-02-03,32.177215576171875,32.21907761363859,31.305109756533444,31.72372214683334,5326400
2009-02-04,29.986494064331055,30.349290500028,29.18415809626165,29.819051193367198,20971900
2009-02-05,30.579524993896484,30.6702220984815,29.588811228527337,29.895791571685667,9886100
2009-02-06,31.54230499267578,31.73068006366464,30.698107670486426,30.767875032428552,8261300
2009-02-09,31.514423370361328,31.68186890526064,31.09581352529778,31.242326704924373,5332500
2009-02-10,30.677196502685547,31.81442062489905,30.544634708980954,31.256273408251953,6590400
2009-02-11,30.488128662109375,31.132341384982947,30.166022300672587,30.929273285791105,4778800
2009-02-12,31.034332275390625,31.083348381060958,30.032998680392474,30.460141319386047,6573000
2009-02-13,29.94194984436035,31.013307719228276,29.843917691235042,31.00630389619028,4873100
2009-02-17,29.493803024291992,29.927949257576145,29.33975363390418,29.51481182343541,6194100
2009-02-18,29.675857543945312,29.850915689273393,29.213704147126194,29.549815465615072,6191500
2009-02-19,29.84392547607422,30.439125044298745,29.822919343832403,29.927955347394533,5451200
2009-02-20,29.94194984436035,30.313075001275102,29.479796357358293,29.780896639772223,6996200
2009-02-23,28.828594207763672,30.271075293488817,28.73756583191746,29.969974859715233,6430200
2009-02-24,29.794912338256836,29.95596560081017,28.744562883292364,28.793578977496562,6083600
2009-02-25,29.409786224365234,29.9629709396679,28.9336275670385,29.563838340317098,6932700
2009-02-26,29.09467315673828,29.71787993957792,29.094673156738285,29.654858878887605,4907600
2009-02-27,29.64784812927246,30.131007657386544,28.88459449515942,28.912604439994386,7385700
2009-03-02,28.597509384155273,30.01198004603244,28.513482191015175,29.206711208979538,7625200
2009-03-03,28.492477416992188,29.311751347242218,28.18437588447495,28.9266237638015,8133400
2009-03-04,28.576488494873047,29.339742005573086,28.114335164524626,28.7865577048178,14476000
2009-03-05,27.70121192932129,28.674535143113566,27.491139941765766,28.387439787454145,8932600
2009-03-06,27.29507064819336,27.827249002344217,26.727881192863688,27.715211875866533,7087200
2009-03-09,26.916948318481445,27.638189930888228,26.734888962768085,26.916948318481445,6474500
2009-03-10,28.107349395751953,28.142360508032745,27.064003825430532,27.33009041570585,8581000
2009-03-11,27.70121192932129,28.310413748173957,27.547159850760917,28.093340607582185,6356500
2009-03-12,28.611509323120117,28.702540324511055,27.540154117924043,27.981298807607228,6020300
2009-03-13,29.54982566833496,29.68987276718679,28.359429334858728,28.70254459348691,6387500
2009-03-16,29.493803024291992,30.124013575074805,29.409775841246276,29.50080684773179,4879100
2009-03-17,30.796228408813477,30.824238352969086,29.976957576076646,30.173021842815313,6168300
2009-03-18,31.132343292236328,31.53847951550104,30.16602414872659,30.740214713829687,7082400
2009-03-19,31.594507217407227,31.69954321927322,30.985305351643316,31.230385794428656,6798600
2009-03-20,31.391443252563477,31.9586302112242,30.810248643710523,31.90961412025788,7206600
2009-03-23,33.2890739440918,33.2890739440918,31.685539902422708,31.846593154866202,6274500
2009-03-24,32.462799072265625,33.61118065043385,32.3927741765379,33.20504426874299,5045800
2009-03-25,32.777896881103516,33.44311587476526,31.90960707215745,32.567824913446096,6118800
2009-03-26,33.93327331542969,34.55647994172083,32.95294921571825,33.170019625986754,6826500
2009-03-27,33.19103240966797,33.7162069562059,32.95295317505707,33.38709671893252,4866300
2009-03-30,32.38578414916992,32.84093677865631,31.96564531516523,32.60285739373963,4478700
2009-03-31,32.434783935546875,32.81991145144295,31.643520102802288,32.54682107964712,5363500
2009-04-01,32.45579528808594,32.56083129622183,31.52448687873274,31.979636681242756,4637300
2009-04-02,33.660179138183594,34.0313015423319,32.56081422638463,32.78488843317326,5122400
2009-04-03,34.24839401245117,34.29040895173087,33.50614611223715,33.51314993770547,4225700
2009-04-06,33.429115295410156,34.21337528930118,33.107006174925765,33.723211791428234,4338300
2009-04-07,32.48379898071289,33.05798965976816,32.42778174604162,32.931947542787626,4584100
2009-04-08,33.40109634399414,33.88425588779516,32.651847657972404,32.672853781692965,5340700
2009-04-09,32.840911865234375,33.205030487186626,31.88859504800409,32.1056654567246,10597600
2009-04-13,32.497802734375,33.07199339182511,32.364759469757644,32.854920271598445,4185900
2009-04-14,31.755556106567383,32.38576668898566,31.636517813875106,32.28773452531529,4674900
2009-04-15,31.972631454467773,32.07066362494606,31.545488993518415,31.769563289233435,3676800
2009-04-16,32.37174606323242,32.73586726025106,32.028633656255614,32.04963977512261,4668100
2009-04-17,32.049652099609375,32.5608216676136,31.937614970610856,32.28072750952938,4742400
2009-04-20,31.04831886291504,31.923609761541226,30.880261835061447,31.75555273368763,5403500
2009-04-21,32.53281021118164,32.616840057421534,30.831244556871976,31.146349802332235,6380200
2009-04-22,32.959964752197266,33.450128351572275,31.93762528598838,32.15469579099713,6135200
2009-04-23,32.791900634765625,33.70220266637245,32.399769337087264,32.63084475325106,5548400
2009-04-24,33.73021697998047,34.052326139005196,32.56082933754932,33.04398906932168,6728100
2009-04-27,33.35908508300781,33.84224735096023,32.924941561070405,33.56215320515663,4138400
2009-04-28,32.959964752197266,33.70921379521661,32.68687432900773,32.9809708859267,4413100
2009-04-29,33.380096435546875,33.91927601437704,33.12101104637628,33.53414850697725,5846000
2009-04-30,34.03133010864258,34.29041829805358,32.93196427402261,33.555171351729506,7551400
2009-05-01,33.39410400390625,33.919278646895286,33.15602472557083,33.88426753826462,4440200
2009-05-04,33.40809631347656,33.583154461425416,33.121001057687465,33.471117353585164,4743000
2009-05-05,33.366092681884766,33.80023625295478,33.00197131960229,33.70920524459015,3848700
2009-05-06,32.81990432739258,33.751215055901625,32.62384003556989,33.48512589473109,5077900
2009-05-07,32.16169357299805,33.56215921024185,31.972630391428986,33.37309602867279,8110300
2009-05-08,32.630855560302734,32.77790651511906,31.874605336458984,32.56083333128682,6487200
2009-05-11,32.224708557128906,32.742879249342536,31.68552906791827,32.00063431111614,5167400
2009-05-12,32.847930908203125,33.08601024218977,32.0496656916529,32.60985157421648,5375200
2009-05-13,32.0887565612793,32.721391971892466,31.842729444819817,32.510513501688074,5929500
2009-05-14,31.491260528564453,32.40506890709993,31.357704806339967,32.19419046304788,6582900
2009-05-15,31.45612144470215,32.03955470496989,31.420975476587756,31.477208489277686,5187400
2009-05-18,32.39803695678711,32.45426995053492,31.67402006794724,31.779457936773614,4243000
2009-05-19,33.18535614013672,33.55791121698434,32.137990948098455,32.496484408364545,6007600
2009-05-20,34.28892135620117,34.87235448909858,33.92339746838561,34.09210183255622,9621600
2009-05-21,33.95855712890625,34.64039756339964,33.64223801936511,34.03587719438007,4702500
2009-05-22,33.95152282714844,34.32407759842538,33.789849228146004,33.95152282714844,4038600
2009-05-26,34.54197311401367,35.090257550279084,33.45946047908458,33.564901031350075,7600100
2009-05-27,34.32406997680664,34.93561826879889,33.88122336741541,34.338126215802646,6273600
2009-05-28,33.719539642333984,34.29594180019746,32.71434992476287,33.69844992726594,10927600
2009-05-29,34.106163024902344,34.106163024902344,33.18532378378976,33.881225645334624,4713300
2009-06-01,34.93561935424805,35.132438883886046,34.26783535966416,34.58415437620021,4680700
2009-06-02,34.7598876953125,35.24490841127373,34.65444712679417,34.809092578897044,3820700
2009-06-03,34.07101058959961,34.61929501295439,33.74063270298093,34.59820797558369,9321500
2009-06-04,33.64925765991211,33.74063930885047,32.51051183404863,33.12909097218778,8815500
2009-06-05,33.48759078979492,34.15537494611088,33.16424357523035,34.02181918743394,5473000
2009-06-08,33.41026306152344,33.6281723335009,33.00959316381327,33.3188840893897,3293000
2009-06-09,33.129093170166016,33.71252370256124,32.96038878258428,33.43135329854538,4992200
2009-06-10,32.749507904052734,33.354028116414966,32.60189325167547,33.19235454264961,5181800
2009-06-11,32.524574279785156,33.07285886989534,32.48942831298983,32.833862541635575,6474800
2009-06-12,33.05880355834961,33.10800845353147,32.30666852460899,32.5808108496124,4735700
2009-06-15,32.56676483154297,32.918230011172135,32.32776840213647,32.86199429532754,4338700
2009-06-16,32.29964828491211,32.714377275123645,32.19420766581213,32.58784960479021,4675300
2009-06-17,32.749507904052734,33.178295621261526,32.2504282613686,32.37695587239627,5875000
2009-06-18,32.50349044799805,32.93930637855131,32.26449409612065,32.81980686187978,4628500
2009-06-19,32.412109375,32.826838267297006,32.271522809880295,32.826838267297006,5120600
2009-06-22,31.87787437438965,32.48942540402733,31.807582447092628,32.201224211765314,5446700
2009-06-23,31.681058883666992,32.36993004882747,31.617795068424424,32.34884300423511,4396600
2009-06-24,31.65996742248535,31.863817763325848,31.477204123295554,31.77946423379281,4248300
2009-06-25,32.531593322753906,32.57377008001828,31.50531636250246,31.50531636250246,5439800
2009-06-26,32.622982025146484,32.75653776322683,32.21528400910558,32.35586786752059,3675800
2009-06-29,32.475364685058594,32.897121588430586,32.3418062765343,32.84791670575269,3545400
2009-06-30,32.18013000488281,32.538625755959295,32.08172024779194,32.39803923948743,5136000
2009-07-01,32.187171936035156,32.60190082823733,32.13093623741385,32.20123086069048,3044100
2009-07-02,31.3787899017334,32.08171979265562,31.343643943480238,32.08171979265562,4920300
2009-07-06,32.12389373779297,32.18715752969346,31.280377406274685,31.32958227981234,4745700
2009-07-07,31.308496475219727,31.941131737658914,31.266319718471273,31.779458192320078,4268100
2009-07-08,32.348838806152344,32.41210261318483,31.371766538679086,31.512353074469623,7496100
2009-07-09,31.983293533325195,32.68622306153014,31.80756115127396,32.61593118129499,5697600
2009-07-10,31.610763549804688,31.9903437189967,31.385826160111197,31.842729059785075,3791400
2009-07-13,31.610763549804688,31.716201442899337,31.280385585551347,31.575614903974603,4686400
2009-07-14,31.652929306030273,31.751339052944743,31.18899572667315,31.498286567220894,3880600
2009-07-15,32.9673957824707,33.03768766235847,31.674005349707073,31.913001495374157,7246300
2009-07-16,33.38213348388672,33.452425383093136,32.70029079943537,32.84790539664729,3903700
2009-07-17,33.37511444091797,33.38214524219354,33.01662133834948,33.297791715676816,3293600
2009-07-20,34.07101058959961,34.092097626970315,33.05878989237286,33.38916777899154,4881200
2009-07-21,34.00774002075195,34.15535461586714,33.46648382386557,33.944476239779156,3911900
2009-07-22,34.31703567504883,34.50682705971239,33.7406334022771,33.8671609920528,3799300
2009-07-23,34.16239929199219,34.60524597345442,33.578968745971444,34.092107359712934,6234200
2009-07-24,34.534942626953125,34.6122653357834,33.8179538925239,33.82498201084281,4589700
2009-07-27,34.21863555908203,34.53495462259479,33.76172994717856,34.4365448431609,2905100
2009-07-28,34.33108901977539,34.387322005287096,33.810919826105135,34.049916047824304,3268900
2009-07-29,34.28190231323242,34.73177716151046,34.02884704070962,34.11319790439535,3579600
2009-07-30,34.61929702758789,34.95670305247694,34.35921371951055,34.62632514663226,3295600
2009-07-31,34.7950439453125,35.097304137536526,34.44357885495581,34.450606976917975,3384000
2009-08-03,35.14649200439453,35.17460984154953,34.80205520290707,34.970759544372555,3582800
2009-08-04,34.780975341796875,35.146499255833355,34.54900984107022,34.86532618920065,3805600
2009-08-05,34.48575973510742,34.97078065219191,34.22567360663649,34.956721725128666,3524400
2009-08-06,34.26784133911133,34.69662911618391,33.91637629973582,34.1342855894762,4750200
2009-08-07,35.216773986816406,35.315186389112576,34.38028867827733,34.759871328456924,4221300
2009-08-10,34.72475051879883,35.11838968707127,34.44357738591932,35.03403881979371,3165000
2009-08-11,34.38734436035156,34.717722414951815,34.302993486515774,34.46466711197851,2613100
2009-08-12,34.676597595214844,34.91647649872605,34.50727020217321,34.528435117040566,2881100
2009-08-13,34.486114501953125,34.71188262542186,34.013410643124736,34.68366093714618,3694600
2009-08-14,34.30974578857422,34.591954702520795,33.99931248445286,34.42262989242671,3318300
2009-08-17,33.49132537841797,34.14040810922393,33.43488199763387,33.935804890934364,4494500
2009-08-18,33.441932678222656,33.79469566980151,33.230272730180914,33.54070588524585,3410200
2009-08-19,33.822914123535156,33.914633253463954,33.27260472669837,33.3078804870193,3459200
2009-08-20,33.80175018310547,33.92874507702766,33.51248463392004,33.92874507702766,2335800
2009-08-21,34.26033401489258,34.443769539751074,33.78763032664967,34.02750920769069,3974800
2009-08-24,33.94990539550781,34.41555237967355,33.87229711625224,34.41555237967355,2839600
2009-08-25,35.00821304321289,35.33275717544358,34.18980267113602,34.415570864028325,6258400
2009-08-26,35.438575744628906,35.530294891379256,34.95176370363426,35.18458591754701,5574900
2009-08-27,36.20053482055664,36.4404137336989,35.18457580425171,35.21279748611967,5890400
2009-08-28,36.525062561035156,36.68733313462816,36.22874039389862,36.33457031602597,4994000
2009-08-31,35.96773910522461,36.47571902468769,35.88307668243739,36.22878314545096,3788800
2009-09-01,35.734886169433594,36.242862962539135,35.40328815136168,36.221698047808616,5505400
2009-09-02,35.734886169433594,35.85482427472998,35.241017525236664,35.558504703032376,4268100
2009-09-03,38.796875,38.966199728800284,38.21834121772292,38.25361966997701,12230400
2009-09-04,39.13551712036133,39.17784694603022,38.47937790882001,38.578151090537226,4593400
2009-09-08,40.02448654174805,40.214978869885336,39.615282893109644,40.1162056681922,5526200
2009-09-09,40.25731658935547,40.271427433041865,39.714061218586224,39.85516696408197,3931100
2009-09-10,40.1514778137207,40.243196931910546,39.97509634332282,40.243196931910546,3886900
2009-09-11,40.080936431884766,40.20793133797646,39.87633322858499,40.11621219660616,3031500
2009-09-14,40.207923889160156,40.229088805798376,39.62233607606978,39.664668600714045,3083000
2009-09-15,40.087982177734375,40.214977057435696,39.805770735871924,40.059760495274574,3330000
2009-09-16,40.708839416503906,40.75822600745927,39.99625684751821,40.087975955592746,3920300
2009-09-17,40.892269134521484,41.08276139745656,40.44073311483848,40.82171764070863,3979200
2009-09-18,40.603031158447266,41.06162425242082,40.539533694533525,41.06162425242082,4561700
2009-09-21,41.3297004699707,41.4355277195532,40.48306901647471,40.6453396189283,4847800
2009-09-22,41.20271682739258,41.527258120597644,41.16038430122186,41.428484917567225,2833800
2009-09-23,40.90639877319336,41.48492990074091,40.82173640343153,40.82173640343153,2952200
2009-09-24,40.518348693847656,41.089825585909296,40.264358964042486,40.94166311594464,3389400
2009-09-25,39.70699691772461,40.722955939448454,39.509450526330625,40.722955939448454,6137100
2009-09-28,39.9045524597168,39.97510398481526,39.72817095560247,39.86221992983682,4786200
2009-09-29,39.855167388916016,40.16559787922107,39.68583995424254,39.90455399666072,4939600
2009-09-30,39.777557373046875,40.52541322447391,39.49534589125333,40.29964511558633,12235900
2009-10-01,39.29073715209961,39.99626306556687,39.08613668263361,39.61528111773406,5097900
2009-10-02,39.8410530090332,39.989212819117576,39.31896259888176,39.45301156638171,5760800
2009-10-05,40.13031005859375,40.3913538627263,39.72110378437263,39.92570692148319,4480100
2009-10-06,40.87112808227539,41.18155860417272,40.22909942488717,40.22909942488717,5865700
2009-10-07,41.62602996826172,42.54321314115324,41.52725676844741,42.162228492125614,11117300
2009-10-08,41.364994049072266,41.89413859915954,41.19566660884226,41.823584377660225,5025900
2009-10-09,41.37203598022461,41.40731173493442,40.722953481187865,41.06160557086368,5751900
2009-10-12,40.94166946411133,41.5060923695799,40.751177137220864,41.1886051580958,2915700
2009-10-13,41.2591667175293,41.534321470661915,40.74413297859954,40.849962971974485,4733900
2009-10-14,41.463748931884766,41.626019532522065,41.23092414094832,41.626019532522065,3461400
2009-10-15,41.6048583984375,41.654244990447154,41.195652131651926,41.195652131651926,2879900
2009-10-16,41.2591667175293,41.555489084158026,41.00517688652426,41.52021062545402,3230700
2009-10-19,41.78830337524414,41.872965739064185,41.17449652765479,41.49903783177164,3502500
2009-10-20,41.68952941894531,41.8165243080749,41.216825622436765,41.809467541252154,3384300
2009-10-21,40.84031295776367,41.93014349567996,40.84031295776367,41.583378251946,4153300
2009-10-22,41.236629486083984,41.39232038626163,40.74125155791264,40.87571016287082,2917600
2009-10-23,40.911067962646484,41.3498297311391,40.73414758991342,41.10214228914907,2152500
2009-10-26,40.79783630371094,41.30028948076935,40.70583696015685,40.826141509766416,2766600
2009-10-27,40.44401931762695,40.91816486730517,40.175099455348175,40.76955232483218,2876800
2009-10-28,40.13969802856445,40.691688768864324,40.13969802856445,40.373231534233305,3027100
2009-10-29,40.988914489746094,41.003068444838426,40.16800399152742,40.55723100758917,3940900
2009-10-30,40.231685638427734,41.010136781314515,40.20338043472968,40.85444601281911,3902700
2009-11-02,40.868614196777344,40.96061356470757,40.16800819415533,40.23169964893915,3884000
2009-11-03,40.79783630371094,41.3073651073856,40.55722450490135,40.72706653959608,4122300
2009-11-04,41.61876678466797,41.944299758155076,40.81908561102201,40.81908561102201,4756800
2009-11-05,42.04336929321289,42.099985124483794,41.03138425577257,41.12338363179208,4668700
2009-11-06,42.04336929321289,42.22028971654733,41.61168302834223,41.859373240765294,2749300
2009-11-09,42.772281646728516,42.78643560490139,41.724913038258904,41.724913038258904,3698200
2009-11-10,42.48921585083008,42.74398173035061,42.12122099147728,42.404292091262015,3078600
2009-11-11,42.743980407714844,42.94920607134109,42.30521576229878,42.786439586593225,3156500
2009-11-12,42.54581832885742,42.92089142397584,42.46089729016262,42.5741262416194,3690500
2009-11-13,42.79352569580078,42.90675469271388,42.43260641217061,42.70860192342178,2466200
2009-11-16,43.253509521484375,43.345508908522845,42.8147475749491,43.019975938499634,3266400
2009-11-17,42.89965057373047,43.33133670858588,42.61657960140555,43.21103215275567,3307500
2009-11-18,43.00582504272461,43.04828692428852,42.22737341160445,42.729829561539,3116900
2009-11-19,42.80057907104492,42.87842447211718,42.305201454795785,42.71565804241647,2240800
2009-11-20,42.50336837768555,43.05535929830752,42.31936960441707,42.64490257300994,2696400
2009-11-23,42.864280700683594,43.06950904325005,42.41136484094485,42.53166943511669,2750600
2009-11-24,42.82181167602539,43.04827226767144,42.69443147388657,43.034118311969124,2578000
2009-11-25,43.09074020385742,43.16150999677017,42.74397766715541,42.74397766715541,2469800
2009-11-27,42.482139587402344,42.8218265434215,41.894765069575044,42.10706907963802,1483300
2009-11-30,42.39720153808594,42.66612128287985,42.04336076320637,42.567046297848115,3399200
2009-12-01,42.97751235961914,43.01997423647813,42.53167210117051,42.55290438939582,4418600
2009-12-02,43.076576232910156,43.27472890741732,42.66612232778498,42.920888123872096,4316200
2009-12-03,41.76737594604492,42.15660035685775,41.68245489449831,42.03629575879934,8326000
2009-12-04,41.88768005371094,42.45382758963776,41.519685235195105,42.03629526666707,4936000
2009-12-07,42.000919342041016,42.276917548443734,41.78861531369385,41.8452311610356,2422400
2009-12-08,41.576290130615234,41.724902604882445,41.04552898001163,41.64705720419272,3853300
2009-12-09,41.512603759765625,41.75321561877271,41.116301080344805,41.54798730088026,3745600
2009-12-10,41.583377838134766,42.007988501721805,41.20830737995241,41.85937598428256,5576500
2009-12-11,41.97967529296875,42.09998257734486,41.73198779512273,41.78152529469193,3197100
2009-12-14,42.0858268737793,42.2627472790673,41.87352022776078,42.15659395605804,2174900
2009-12-15,41.739070892333984,42.08583615095767,41.654149834961714,42.05044990242679,2794900
2009-12-16,41.5904541015625,42.10706142194803,41.55507055625227,41.859373905184924,2859300
2009-12-17,40.90400314331055,41.45599672423899,40.90400314331055,41.420610478334595,2876800
2009-12-18,41.349849700927734,41.37107929203947,40.705859341149754,41.066775888008905,4540800
2009-12-21,41.94429397583008,42.142443984620286,41.498453756460705,41.59752876085581,2114000
2009-12-22,42.156585693359375,42.31935211037115,41.77443704493662,41.77443704493662,3026200
2009-12-23,42.510433197021484,42.680277967646894,42.177821983491874,42.177821983491874,2945700
2009-12-24,42.743980407714844,42.88551460343177,42.524598085006815,42.66613498031548,1681400
2009-12-28,42.85720443725586,42.99166298750378,42.694437971295294,42.74397547399671,1748300
2009-12-29,42.644893646240234,42.94919696175359,42.6024344763675,42.80766279605626,1794500
2009-12-30,42.49628448486328,42.807666152833306,42.36890156607398,42.552900315254696,1678500
2009-12-31,41.87353515625,42.67321642913463,41.83107597158193,42.63075724446656,1862900
2010-01-04,42.04336929321289,42.51043910283216,41.84521928294757,41.84521928294757,3280200
2010-01-05,41.91598892211914,42.05044748017927,41.63999347686373,41.937218510341374,2775800
2010-01-06,42.460906982421875,42.49629053165554,41.75322519938151,41.80276270822699,3722900
2010-01-07,42.25568389892578,42.77229134116438,41.93722651683566,42.51752813508438,4527600
2010-01-08,41.95137405395508,42.18491033158909,41.823991120625934,42.08583531668679,2348300
2010-01-11,42.000919342041016,42.05045685866895,41.75323175890136,41.90184430878516,1830400
2010-01-12,41.77444839477539,42.02921422960873,41.555068803351055,41.915985269637396,2113300
2010-01-13,42.03628921508789,42.17074775073841,41.71075361891688,41.83106089783883,2051500
2010-01-14,41.5550651550293,41.93013554583172,41.5479868271324,41.83813618030978,2145700
2010-01-15,41.604618072509766,41.746154987405596,41.3498521656157,41.746154987405596,3081700
2010-01-19,41.71784210205078,41.951375689196105,41.60461312352146,41.87353026028374,2558200
2010-01-20,41.236629486083984,41.52677899121981,40.77663511715505,41.38524205465763,4484600
2010-01-21,40.705848693847656,41.470143469467175,40.58554140996837,41.13753493081767,3456800
2010-01-22,40.38739776611328,41.01723409962546,40.366168177214746,40.62093404236387,4220600
2010-01-25,40.727081298828125,40.91815568179668,40.16093647869434,40.585544418896816,2690600
2010-01-26,40.995994567871094,41.38521890096423,40.4369254660075,40.47938733309787,3530500
2010-01-27,40.71291732788086,41.0738364179203,40.53599694637664,40.840300218531155,3776200
2010-01-28,40.585540771484375,40.91815200449254,40.38031514859857,40.755385552056325,3197000
2010-01-29,40.64215087890625,41.42767781677605,40.62092129666895,40.75537981682319,5413900
2010-02-01,40.981849670410156,40.98892530002697,40.59262525128658,40.90400424666712,4295300
2010-02-02,41.5904541015625,41.668299520999895,40.76246510342739,41.0455388650922,5231500
2010-02-03,41.34275817871094,41.71783126608459,41.31445296612456,41.46306545566961,5269100
2010-02-04,41.413543701171875,41.71076879324245,41.11631590950918,41.16585342485428,5962700
2010-02-05,41.45598220825195,41.68244006486892,41.09506314330012,41.463057835200345,4793600
2010-02-08,41.14461898803711,41.5975349033467,41.13754335793181,41.236618376956805,3319800
2010-02-09,41.583377838134766,41.7532226434879,41.18707779163012,41.61168575562556,3486900
2010-02-10,41.98801040649414,42.108684704087146,41.441420611066306,41.640179551990066,4520500
2010-02-11,42.357112884521484,42.43519749006873,41.647256772835426,41.782131167102925,4030800
2010-02-12,42.08027648925781,42.179655928293684,41.84602534122849,42.01638932017952,4337600
2010-02-16,43.066986083984375,43.19476045141606,42.09448358332079,42.32163741255773,4052300
2010-02-17,43.33671188354492,43.514175898389816,43.11665823818428,43.15215049957607,2663100
2010-02-18,43.2728271484375,43.39350409337746,43.003083780475,43.251532331989445,2275200
2010-02-19,43.40060806274414,43.55677729480793,43.05987740833032,43.10956712618943,2510100
2010-02-22,43.15217971801758,43.62068492611862,43.08119243928239,43.58519264069493,3004300
2010-02-23,42.95339584350586,43.24443676616611,42.88241130934927,43.04567790421854,3081200
2010-02-24,43.201847076416016,43.45739573168795,43.02438303335344,43.159254731241894,2908200
2010-02-25,43.58515930175781,43.67034126319529,42.74042893222661,42.797218711775415,3534000
2010-02-26,43.279937744140625,43.63486587992557,43.1450633194948,43.556781256791,3681600
2010-03-01,43.762638092041016,44.08917131115208,43.07407667566133,43.301230454859166,4031100
2010-03-02,43.57097625732422,44.096268352334,43.443201918995,44.096268352334,4126100
2010-03-03,43.074058532714844,43.712929960043006,42.33580770733242,42.41389229377092,10153500
2010-03-04,43.15924835205078,43.414796969551126,42.932094627136244,43.12375609026151,3286100
2010-03-05,43.074058532714844,43.27991740461898,42.94628424724922,43.194732742384886,3514800
2010-03-08,43.066986083984375,43.30123999357154,42.96050924971613,42.97470670252935,3020400
2010-03-09,42.68365478515625,42.99599054359261,42.6197676177617,42.86111883815371,3187000
2010-03-10,42.47779846191406,42.882416311151296,42.42100866165571,42.74044451839214,3248400
2010-03-11,42.52039337158203,42.63397027104867,42.428111294550746,42.4352086660669,3957200
2010-03-12,42.71205139160156,42.932107814908996,42.45650540348927,42.506195126835,3938700
2010-03-15,42.981781005859375,43.0314707100926,42.626852999687316,42.64105044488049,2584700
2010-03-16,43.237342834472656,43.27283510437357,43.01018905764287,43.095371046982386,2480600
2010-03-17,43.535491943359375,43.627771320660344,43.23025349133404,43.27284313996922,3115300
2010-03-18,43.49290084838867,43.60647776118875,43.24444948996605,43.30123930030969,3156200
2010-03-19,43.10246276855469,43.656149653737074,42.93919619235696,43.5709676809135,4687500
2010-03-22,43.216033935546875,43.36510304530018,42.89659819472856,42.97468278780478,2369000
2010-03-23,43.1308479309082,43.2231299660403,42.846907165103865,43.1308479309082,2937800
2010-03-24,42.64106369018555,43.11666877429071,42.605571420120775,42.97469698614499,2910000
2010-03-25,42.626861572265625,42.88950759144499,42.59846667616885,42.88950759144499,2591500
2010-03-26,42.68365478515625,42.88951102863952,42.52748555199479,42.76883677238679,2302000
2010-03-29,42.690765380859375,42.896624396001684,42.562991006487415,42.690765380859375,2375500
2010-03-30,42.71205139160156,42.94630526556304,42.61977202418052,42.78303864487178,2121500
2010-03-31,42.3855094909668,42.66945303026507,42.364214673279626,42.63396076482435,2548200
2010-04-01,42.690765380859375,42.80434230164696,42.385526898513845,42.39972435209822,2638300
2010-04-05,43.17344665527344,43.20893891776718,42.591364885140734,42.82561869179431,2146100
2010-04-06,43.826534271240234,43.90461619873313,43.123775260706495,43.33673163399674,3589100
2010-04-07,43.812339782714844,43.98270380971797,43.65617050138916,43.76265004918165,3897200
2010-04-08,43.28704071044922,43.74134834971357,43.17346380063313,43.727150897500664,4471500
2010-04-09,43.45030212402344,43.59227392119275,43.24444315352228,43.329627856555945,2804500
2010-04-12,42.83982467651367,43.450301500054174,42.775937504099275,43.223147711000045,4550700
2010-04-13,42.51329040527344,42.981795422244886,42.42100833450865,42.74754426770251,4191400
2010-04-14,42.321632385253906,42.49909646250761,41.83892987849289,42.442309365887624,6763100
2010-04-15,41.90281295776367,42.19385390768907,41.81053359629253,42.17255908702444,5754400
2010-04-16,42.016387939453125,42.25064178767111,41.831826517006725,41.85312133670416,5443700
2010-04-19,42.215145111083984,42.25773474603197,41.604668403224544,42.08737079046753,4040700
2010-04-20,42.22935485839844,42.53459059334473,42.11577795231304,42.378424039906704,3703300
2010-04-21,42.2435302734375,42.27902524050644,41.90989978765304,42.16544838638892,3033200
2010-04-22,42.74753189086914,42.882403564562686,41.96668861673905,42.04477321494065,3929700
2010-04-23,42.73333740234375,42.93209624214934,42.591365641959996,42.64105535191139,4017400
2010-04-26,42.64106369018555,42.8043302987928,42.59847134137584,42.733345758663255,2874600
2010-04-27,42.00218963623047,42.76883562438673,41.959599997701666,42.76883562438673,3948900
2010-04-28,41.77505111694336,42.229361520847725,41.69696918184902,42.09448706192008,3462400
2010-04-29,42.12995910644531,42.200946342279956,41.82472076207174,41.88860792037984,2883800
2010-04-30,41.93830490112305,42.36421753091366,41.8957125549894,41.97379716895785,4960700
2010-05-03,42.101585388183594,42.236457133602705,41.81054436330955,41.902823748544414,4051400
2010-05-04,42.50619888305664,42.854026977213955,41.39172463315434,41.76085025911818,6046200
2010-05-05,42.9941291809082,43.328908720234935,42.53826078866156,42.559628770426265,6438700
2010-05-06,41.334449768066406,42.10372914725323,39.17619826066104,41.98976213372792,11175500
2010-05-07,40.82162094116211,41.81171039907511,40.479719721556926,41.21338258546871,9286700
2010-05-10,40.97120666503906,42.01828113186755,40.672041367149646,41.75473003874863,8378900
2010-05-11,41.270362854003906,41.52678943614095,40.835865275593065,40.885725697987574,5442100
2010-05-12,41.22761154174805,41.44842112517485,41.07090586278331,41.35582478504861,4151100
2010-05-13,41.078041076660156,41.66212533045969,41.02818065649993,41.17776463416971,5007700
2010-05-14,41.12789535522461,41.398565372881976,40.750377333227085,40.79311599152545,4890500
2010-05-17,41.562408447265625,41.62651510022181,40.978326816860225,41.18489300051787,4129100
2010-05-18,41.156402587890625,42.018281568556084,41.08517417760936,41.76897669819231,4308800
2010-05-19,41.14927673339844,41.655005460694966,40.94983503073263,40.94983503073263,4350200
2010-05-20,40.30875778198242,40.971192080222764,40.28026534143283,40.60079850464407,6755600
2010-05-21,40.914215087890625,41.120781245920675,39.73893021909151,39.838651063053824,5966100
2010-05-24,40.429847717285156,40.892840379096384,40.372865551769685,40.72901291710485,3376800
2010-05-25,40.24464797973633,40.24464797973633,39.45400047848162,39.86000821417645,6120300
2010-05-26,39.87424850463867,40.3871014491318,39.681928650453756,40.31587036395883,6146600
2010-05-27,41.840213775634766,42.210604822397144,40.6293116083268,40.84299958674819,8764500
2010-05-28,41.49116897583008,41.96840515164479,41.327341510228514,41.87580879099313,3501100
2010-06-01,41.298851013183594,41.91854671089335,41.12077731820582,41.44131051260361,3200400
2010-06-02,41.98978042602539,42.01114840124884,41.27748560189329,41.55528014855455,3898900
2010-06-03,41.26321792602539,42.13933977813721,40.814471659318656,41.476905718727934,7219000
2010-06-04,40.00959777832031,40.92133697380467,39.8956307185334,40.92133697380467,5499000
2010-06-07,39.78166198730469,40.33012928860673,39.7175553490437,39.895629042303234,3414800
2010-06-08,40.358604431152344,40.4013430774019,39.56795713725613,39.66767792798399,3726500
2010-06-09,40.88571548461914,41.13501753431533,40.30163406774074,40.37286244845721,4926900
2010-06-10,41.06379699707031,41.35583776129133,40.81449218256661,41.18488581085482,3270300
2010-06-11,40.97120666503906,41.063805771194076,40.600812957608646,40.72902626853416,3093000
2010-06-14,40.97120666503906,41.241879512236224,40.81450090342129,41.05668129992619,2510800
2010-06-15,42.13935852050781,42.153604741982655,41.25611180939023,41.263236278722104,5099900
2010-06-16,41.555267333984375,41.94702882301009,41.398561651498774,41.647866393379346,2876900
2010-06-17,41.726226806640625,41.82594763461379,41.305972805047475,41.73334855841495,2829000
2010-06-18,41.462684631347656,41.83307829785714,41.348717558359304,41.66925080026072,3657100
2010-06-21,41.156402587890625,41.811715374674876,40.99257507049198,41.66925583692268,2795600
2010-06-22,41.03531265258789,41.53391966282821,40.98545222328282,41.30598549537943,2716300
2010-06-23,40.914215087890625,41.08516704696117,40.61505255600368,41.021060401958366,2541200
2010-06-24,40.04520034790039,40.921322315655544,39.88849467787997,40.721877994578264,3772600
2010-06-25,40.20192337036133,40.50108864273269,39.79591549279188,40.009603420377466,4488900
2010-06-28,40.35150146484375,40.74326306099787,40.04521448378767,40.308762798700215,3043600
2010-06-29,39.62495422363281,40.15205077071989,39.454002303081936,40.016715758292364,4298400
2010-06-30,39.05513000488281,39.65345510217222,38.95540643814522,39.546612499308836,4609600
2010-07-01,39.10496520996094,39.29016056580098,38.6206047812253,38.98387374418323,5376600
2010-07-02,38.62774658203125,39.304427183788974,38.292967157361964,39.304427183788974,3385200
2010-07-06,38.46391296386719,38.96964153774833,38.11488737289134,38.955395317995375,3364700
2010-07-07,38.67049026489258,38.69898271264357,38.043670000317626,38.29297212516537,4813000
2010-07-08,39.68195343017578,39.738938333898844,38.834323366218364,39.01951886893881,7592700
2010-07-09,40.02384948730469,40.09508060767972,39.603595387254934,40.09508060767972,3895600
2010-07-12,39.838645935058594,40.194793313189145,39.696186440368606,39.924120544997045,2644600
2010-07-13,40.25178146362305,40.42273342609845,39.995357595693825,39.995357595693825,3207300
2010-07-14,40.13779830932617,40.173415211910964,39.79589723857994,40.16629074451873,3428200
2010-07-15,40.280269622802734,40.30876206638078,39.78166272894286,40.152056343890514,2949400
2010-07-16,39.161964416503906,40.315881132645536,39.1405964438385,40.30875938081999,5020200
2010-07-19,39.04799270629883,39.38277206310536,38.89128701295306,39.26880502717801,3575000
2010-07-20,39.24031066894531,39.24031066894531,38.54226226839596,38.72745767377096,6343500
2010-07-21,38.186126708984375,39.24744449623008,38.10065208921708,39.22607652058555,4973800
2010-07-22,39.10496520996094,39.23317842446082,38.3499321375936,38.52800574471148,5284100
2010-07-23,39.85289764404297,39.88851184332237,39.01951125152087,39.17621698897733,4905800
2010-07-26,39.68195343017578,39.88851963038726,39.496757927455334,39.738938333898844,3494400
2010-07-27,40.7503776550293,40.85722294302468,40.16629623961524,40.23752733734168,6930000
2010-07-28,40.25178146362305,40.88572617336119,40.18055306428536,40.75751288080195,3077800
2010-07-29,40.0380973815918,40.60081102867613,39.72468859043586,40.415615542354324,3439800
2010-07-30,40.39424133300781,40.52245462668915,39.68194646464009,39.68194646464009,2973900
2010-08-02,40.486839294433594,40.84298671865726,40.42985440230699,40.643545030592556,3588100
2010-08-03,40.280269622802734,40.53669618062718,40.15918081337951,40.330130040469825,3246800
2010-08-04,41.03447723388672,41.18460271161942,40.20520918398111,40.383930769970036,4364600
2010-08-05,40.36247253417969,40.56264251634137,39.933541922685535,40.56264251634137,4358300
2010-08-06,40.419677734375,40.49116528358715,39.86206448763447,40.212360023754485,3030000
2010-08-09,40.8629035949707,41.098817399109066,40.41967482222362,40.42682248579978,2391800
2010-08-10,40.734214782714844,40.97012853443235,40.48400570702148,40.598387388349074,2433600
2010-08-11,39.94070816040039,40.4768730376688,39.89781671554729,40.39823508600401,2847500
2010-08-12,39.7977180480957,40.00503572457239,39.58325270870506,39.669041026121114,3269000
2010-08-13,39.540340423583984,39.82629314960243,39.361618947169966,39.61182792332027,2270600
2010-08-16,39.583251953125,39.67618793168103,39.31874479716138,39.41882843849493,2395400
2010-08-17,39.912105560302734,40.24095262129106,39.59040616278156,39.68333942322938,2641600
2010-08-18,39.804874420166016,40.026490182850935,39.3116037927288,39.49747305424749,2909200
2010-08-19,39.32588577270508,39.76911714763323,39.039932949959486,39.63328703428541,2946200
2010-08-20,39.347347259521484,39.40453675220553,38.947009902432626,39.12573149856736,2896200
2010-08-23,39.24724197387695,39.78340646681476,39.211495492688854,39.55464316799385,2407500
2010-08-24,39.7476806640625,39.79772249127136,38.639607347605505,38.97560481064362,6658600
2010-08-25,40.79856491088867,41.03447872194513,39.461728162793996,39.583257536677564,5946600
2010-08-26,40.23379898071289,40.85575200803822,40.14086572777211,40.84145395518393,3854500
2010-08-27,40.169471740722656,40.41253326154513,39.61186113939634,40.312449587160984,4254700
2010-08-30,40.083683013916016,40.64129357198177,40.083683013916016,40.18376668053547,2843100
2010-08-31,40.39107894897461,40.791416288445966,39.84776652054743,39.93355211933593,4358700
2010-09-01,41.313289642333984,41.38477719830746,40.57695472584496,40.69848684349042,3966400
2010-09-02,41.88520431518555,42.056778292184845,41.21321192001296,41.75652451420503,5011300
2010-09-03,41.87089157104492,42.21403667761566,41.59923400569,42.21403667761566,2779400
2010-09-07,41.92093276977539,42.1782922776319,41.606383775214574,41.64212754528912,2598500
2010-09-08,42.32842254638672,42.47854803396241,42.035319235230524,42.44280425983608,3412700
2010-09-09,42.13541030883789,42.54289540515493,42.05677508275136,42.53574773990184,2622900
2010-09-10,42.564334869384766,42.74305646081442,42.27837923226729,42.39276094169927,2608600
2010-09-13,42.928916931152344,43.057596668815094,42.47139018705124,42.76449342793317,3107800
2010-09-14,43.63666534423828,43.758194719994115,42.850288689010334,42.893182853610995,4134800
2010-09-15,43.743892669677734,43.80108488392149,43.54372537397433,43.636661358583,3523100
2010-09-16,43.77964401245117,43.84398389705881,43.47939030859047,43.72245179187764,2230600
2010-09-17,43.81537628173828,43.96550173071113,43.57231486227414,43.96550173071113,3495800
2010-09-20,43.80823516845703,44.16567834764373,43.58662214268931,43.97265870363391,3472500
2010-09-21,43.80107498168945,43.98694418181194,43.50797176764004,43.758180830703836,3198500
2010-09-22,44.558876037597656,44.644661652444746,43.97981700145985,43.97981700145985,4806500
2010-09-23,44.680397033691406,44.90916044833791,44.23716825869819,44.358697629633824,3399200
2010-09-24,45.78845977783203,45.97432624858137,44.88055131918198,45.037827143776376,4481600
2010-09-27,45.55971908569336,45.85282245941759,45.48823152218043,45.6240589836853,4704400
2010-09-28,46.467613220214844,46.5462511558426,45.531111110491196,45.65264320930001,5453500
2010-09-29,46.231693267822266,46.624882893694924,46.03152598706867,46.41756522315746,3585200
2010-09-30,46.10301208496094,46.46760559447939,45.80276117319241,46.37467234678413,4090300
2010-10-01,46.503360748291016,46.6463358412401,46.11017106145574,46.410422029138935,4037200
2010-10-04,46.1530647277832,46.63918770310095,46.13161900821999,46.51050793157124,4502900
2010-10-05,46.224552154541016,46.4676108857979,45.98863835950947,46.4676108857979,5698600
2010-10-06,46.760719299316406,46.79646034472984,44.90201313209075,45.037840558376935,11502200
2010-10-07,46.65348815917969,46.66063309621713,46.06013113604668,46.62489204857865,5048000
2010-10-08,45.960044860839844,46.43186702353364,45.70983299793095,46.038682796980495,5632000
2010-10-11,45.98149490356445,46.10302428752064,45.238012362769744,45.316650306306244,2584800
2010-10-12,45.280887603759766,45.81704947442806,45.2594418925138,45.77415805193613,4454400
2010-10-13,45.29520797729492,45.724138776057174,45.03784840720737,45.18082624915329,5006500
2010-10-14,45.16651153564453,45.65263438274189,44.973491929261066,45.123617380756706,4214500
2010-10-15,45.53825378417969,45.58829560253984,45.187958328584074,45.36667988760591,4033400
2010-10-18,45.18797302246094,45.61690653983539,45.13078352305628,45.33809852635804,2417000
2010-10-19,44.473087310791016,45.13793195602214,44.25147424709765,44.794786772527935,3970600
2010-10-20,44.75901794433594,45.08786488692622,44.50165851897868,44.5731460362117,2785800
2010-10-21,45.46677780151367,45.6740955295775,44.708999898636215,44.7232979550967,4190700
2010-10-22,45.7741584777832,45.82420028920545,45.19510245216172,45.638331093504846,2406400
2010-10-25,45.83137130737305,46.30319353399557,45.75988375232731,45.83852169912287,2764000
2010-10-26,45.52396011352539,45.88855365618091,45.352386200439,45.40957841382607,2826200
2010-10-27,45.16896057128906,45.455839791393906,44.83187789804833,45.455839791393906,3378700
2010-10-28,45.03985595703125,45.36259432947674,44.8246979540284,45.22632823261418,2385400
2010-10-29,45.01834487915039,45.11158102502245,44.83904607179478,44.90359375187811,2350900
2010-11-01,45.38412094116211,45.62796746996626,45.02552326561972,45.21916633871859,2790600
2010-11-02,45.699676513671875,46.02958563097044,45.43431233438691,45.57775191369832,2988400
2010-11-03,45.29804611206055,45.8000832703049,44.975307743483285,45.563407554720776,4080900
2010-11-04,46.96193313598633,47.06950801345096,45.82159018898659,45.82159018898659,5801500
2010-11-05,46.90455627441406,47.36356065800689,46.782634431970564,46.997789658912524,3039900
2010-11-08,46.481407165527344,46.524442587221436,46.07260622589766,46.51726910497847,2613500
2010-11-09,46.05827331542969,46.45990084765355,45.87180104471229,46.402523922545925,2600000
2010-11-10,46.22322082519531,46.259082767984715,45.857452537329614,45.91482672120485,2680800
2010-11-11,46.86871337890625,46.918916832769014,45.83595309616548,45.972219222952546,3798400
2010-11-12,46.76112747192383,47.11972509202068,46.366673372876555,46.53162521393246,3703200
2010-11-15,46.96193313598633,47.327698662893766,46.904556220162625,46.940412688729545,2949000
2010-11-16,47.148406982421875,47.62175840137851,46.30928998165112,46.753952938389354,6198600
2010-11-17,48.06641387939453,48.145305779259935,47.349218769174136,47.349218769174136,5484600
2010-11-18,47.62892150878906,48.403487932885916,47.564371114918956,48.231362668838116,3671100
2010-11-19,47.73652267456055,47.85127656164675,47.420960428606485,47.521367343923664,2710300
2010-11-22,48.23855972290039,48.29593119110899,47.46398744853958,47.52853240218656,2827200
2010-11-23,47.98036575317383,48.102287638634635,47.52852922082433,48.030569204349796,2985800
2010-11-24,48.43936538696289,48.76927452863299,48.17400118807455,48.17400118807455,2688000
2010-11-26,48.209869384765625,48.38916821141426,48.07360052554757,48.130977463298954,952900
2010-11-29,48.030548095703125,48.052063069356514,47.57154375188616,47.980344666590746,2350200
2010-11-30,48.48956298828125,48.7118917267511,47.70064944270525,47.75802089434082,3305000
2010-12-01,48.99159622192383,49.34302576555727,48.776440971943906,48.91987780526385,3038100
2010-12-02,49.49363327026367,49.56535168284922,48.86249810727696,49.14220374659548,3288800
2010-12-03,49.048973083496094,49.67293479837409,48.94139272275652,49.39322914350985,3092300
2010-12-06,49.622737884521484,49.7805217047847,49.00594957172812,49.00594957172812,3366000
2010-12-07,49.94545364379883,50.24667419608758,49.57251469407413,49.9884835879078,5115400
2010-12-08,49.665748596191406,49.99565760534516,49.149367374294044,49.758981966681695,3691400
2010-12-09,50.9351921081543,51.014084004593414,49.68727420266209,49.98849482264914,6777000
2010-12-10,51.10013961791992,51.12165459069799,50.648308774290946,50.74154214691698,3555900
2010-12-13,50.73438262939453,51.272278983948055,50.583772306731305,51.014088296021185,5797100
2010-12-14,51.07147216796875,51.308147909392304,50.633982635676276,50.705701065020115,2682500
2010-12-15,50.956687927246094,51.24356144280541,50.841934143613116,50.92799948133785,3522600
2010-12-16,51.724124908447266,51.80301682598951,50.92803771998695,50.95672618743556,3449700
2010-12-17,51.52328872680664,51.95361012554225,51.42288185957204,51.58783912532253,6457100
2010-12-20,51.86041259765625,52.0325434830308,51.46595829681812,51.55919175590315,2631800
2010-12-21,51.8675537109375,52.19028934397401,51.82452375233658,52.04685250079441,2200500
2010-12-22,51.83168411254883,52.02532984119543,51.638043855666254,51.87471953656142,1947900
2010-12-23,51.81017303466797,51.96078335063403,51.59501778547263,51.75280158460787,1379400
2010-12-27,51.69542694091797,51.8316902965506,51.43723625309397,51.55198463003538,1155800
2010-12-28,52.14726257324219,52.26201643221287,51.73846152624817,51.80301193986047,1974500
2010-12-29,52.14006042480469,52.46997485209038,52.04682706947048,52.27632918947651,1526400
2010-12-30,52.2476692199707,52.33373461379681,52.075543904083645,52.14726232972282,1424800
2010-12-31,51.78867721557617,52.34808873090238,51.77433571569677,52.1329334021127,1304200
2011-01-03,51.97513198852539,52.6779801523044,51.917755064855584,52.175945749605106,3405500
2011-01-04,51.87472152709961,52.01815835460815,51.46592054975962,52.01815835460815,3966700
2011-01-05,50.91368865966797,51.70977581543789,50.84914371438333,51.63088390113525,4270100
2011-01-06,50.66986083984375,51.10017702570679,50.21085617868754,50.461873497793725,3280400
2011-01-07,50.66986083984375,51.05714704865064,50.52641846337795,50.885016196891684,2342700
2011-01-10,50.547908782958984,50.63396868575548,50.21799424969272,50.40446649202498,2073200
2011-01-11,50.9710807800293,51.1001761808305,50.433184188652135,50.59814155091865,2065500
2011-01-12,51.27229309082031,51.40856195576442,50.99976083269827,51.06430578655632,1629900
2011-01-13,51.3511848449707,51.45876523947615,51.100167572302105,51.15037102683582,1923100
2011-01-14,52.003807067871094,52.01097507766177,51.07145144934219,51.17185830404368,2454700
2011-01-18,52.06837463378906,52.290708884558306,51.8388723701114,52.025344669276244,2416600
2011-01-19,51.688236236572266,51.989456781421694,51.53762596414755,51.910564904661676,2310500
2011-01-20,51.896236419677734,52.3050373963531,51.48743544300237,51.48743544300237,2306800
2011-01-21,52.19028091430664,52.32654972355278,51.88188682669333,51.98229916681845,2182900
2011-01-24,52.082698822021484,52.27633904939598,51.9177415772658,52.25482407655028,2212600
2011-01-25,51.967987060546875,52.075567483600004,51.43009041704882,52.00384902548712,2820000
2011-01-26,52.082698822021484,52.34088943969627,51.79581974996471,51.9751184860298,2093700
2011-01-27,52.44132614135742,52.85729528723903,52.18313537673226,52.24050684638629,2854500
2011-01-28,51.58784103393555,52.771213980712346,51.45874570389146,52.591915215193566,2426000
2011-01-31,51.52328872680664,51.94643664309295,51.35833693282002,51.81016783537575,2309000
2011-02-01,51.946449279785156,52.08988613308077,51.566336693963095,51.795838942295205,1997700
2011-02-02,50.813262939453125,51.98229425189835,50.59093424792653,51.7456185966687,4454800
2011-02-03,53.09394073486328,53.244551016225124,51.473078632198465,51.473078632198465,3780100
2011-02-04,53.16565704345703,53.373644225279094,52.69231124519125,53.158489033981176,1874300
2011-02-07,53.25175094604492,53.273265929530474,52.799919877550565,53.04376365274139,2447000
2011-02-08,53.646183013916016,53.660524504956626,53.15849024208903,53.23738212222009,1771400
2011-02-09,53.70012283325195,53.772038334458884,53.3045848332133,53.47718313347015,1746000
2011-02-10,53.613826751708984,53.6857422533521,53.17513505884453,53.534718053861226,1938600
2011-02-11,53.96622848510742,53.98060939389594,53.26144324481957,53.26144324481957,1678200
2011-02-14,53.69294738769531,54.01656996044444,53.592259078846524,53.97342174722517,1220000
2011-02-15,53.45560836791992,53.60663256461921,53.304584171220625,53.46998927326229,1460200
2011-02-16,53.90869140625,54.00937422356322,53.50596013699713,53.58506884871495,1435000
2011-02-17,53.8223991394043,53.944661571018386,53.26145034622124,53.41966779800169,1360100
2011-02-18,54.2467041015625,54.28266460457068,53.434048309520335,53.808012301514296,2130900
2011-02-22,53.139190673828125,54.23232638267279,53.103230168704556,54.016574325536865,2115700
2011-02-23,52.384056091308594,53.074460375707105,52.074819935632675,53.074460375707105,2783600
2011-02-24,52.484745025634766,52.88028309332739,51.99571185226051,52.348101709209,1848000
2011-02-25,52.90904235839844,53.239858059718884,52.67171626175514,52.67890945805373,1818100
2011-02-28,53.786441802978516,53.90150554408,53.11042380604788,53.16795842000002,3306600
2011-03-01,52.945003509521484,54.21792493009753,52.80836021215976,54.01655932564945,3507200
2011-03-02,51.60734939575195,53.052868984796845,50.96009895232851,52.85869659517016,6197500
2011-03-03,52.13232421875,52.21143289100966,51.50665352135002,51.959725973274075,2985400
2011-03-04,52.36247634887695,52.398436844726895,51.93097783268425,52.139536637651005,2678000
2011-03-07,51.91660690307617,52.49193653962529,51.80153768368492,52.49193653962529,3105000
2011-03-08,52.945003509521484,53.26143282216795,51.844674907842396,51.844674907842396,2615800
2011-03-09,53.3333625793457,53.39808489707108,52.55666184582853,52.844329393812906,1926400
2011-03-10,52.772403717041016,53.34773876204555,52.58542449119592,52.86589881676519,2372300
2011-03-11,52.175506591796875,52.94501415598945,52.16831339396265,52.563851486007955,2068600
2011-03-14,51.664878845214844,52.11795690203031,51.44913235383671,51.95973951627257,2217400
2011-03-15,51.463523864746094,51.75838459657217,50.81627877041913,50.88819428236636,2542200
2011-03-16,50.169029235839844,51.197436989863746,50.01081181417432,51.161476489739044,3980200
2011-03-17,50.67243576049805,51.05359286305301,50.39915465542873,50.67243576049805,2346600
2011-03-18,50.8162727355957,51.2261971404953,50.449496535379886,51.082360646880666,4766800
2011-03-21,51.089542388916016,51.19741836324075,50.607702588638844,51.13988377869423,2553200
2011-03-22,51.45634078979492,51.700854649803105,51.00326259878794,51.10394542194452,1929300
2011-03-23,51.00325012207031,51.44913500611901,50.629286225656024,51.4131745123018,2494900
2011-03-24,51.85905456542969,52.01727194460506,51.132695455033875,51.19742324051494,2118700
2011-03-25,51.391624450683594,52.046068434045374,51.35566942684837,51.952573301105936,2122100
2011-03-28,51.247798919677734,51.64333714542929,51.05362092013068,51.413204118161644,1328200
2011-03-29,51.70804214477539,51.74399715662161,50.9025741615559,51.23338989927058,1334600
2011-03-30,52.36247634887695,52.48473874268597,51.97412603826312,51.97412603826312,1769700
2011-03-31,52.72927474975586,52.8299575963502,51.83751004271878,52.18270680624117,2323500
2011-04-01,53.3980827331543,53.45561733778005,52.59980792607814,52.61419432063553,2474600
2011-04-04,53.34053421020508,53.851141347719945,53.17512912356811,53.66416216167819,1287100
2011-04-05,53.88711929321289,54.52717672128632,53.470001613604836,53.470001613604836,3386300
2011-04-06,53.93027877807617,54.61349004853748,53.75768040405372,54.1604117723739,1980700
2011-04-07,55.965518951416016,56.42578492559651,54.901150456871605,54.922730053901525,5923000
2011-04-08,54.95149612426758,55.584360452797156,54.80765958132693,55.49805852703277,2933400
2011-04-11,54.80046463012695,55.102518617242,54.41930740542789,54.771702809261626,2423900
2011-04-12,54.980247497558594,55.260721844487406,54.469640212462494,54.476833409943296,2108000
2011-04-13,54.95149612426758,55.188816818214235,54.627868017753435,55.188816818214235,1285900
2011-04-14,54.901126861572266,54.99462194811015,54.41209927513162,54.62784577147881,1590700
2011-04-15,55.35421371459961,55.39736192335733,54.829220065239916,54.90113557543668,2137000
2011-04-18,55.30387496948242,55.418938693972684,54.65662437296845,54.65662437296845,1641500
2011-04-19,55.1672248840332,55.48365968945996,54.98743337855005,55.43331828739673,1794500
2011-04-20,56.4976692199707,56.57677790493473,55.66343966053212,55.74254834549615,2477700
2011-04-21,56.72063064575195,56.78535295921967,56.13091468023844,56.56241323042851,1790700
2011-04-25,56.5695915222168,56.72061570065044,56.35383956056856,56.555205131813416,1610300
2011-04-26,57.375083923339844,57.53330138002342,56.3466759416998,56.77098689251513,2800000
2011-04-27,58.324363708496094,58.46100700944037,57.65553908372876,57.75622188859255,3069400
2011-04-28,58.58327102661133,58.61203832960652,58.151772455287514,58.202113863828586,2500000
2011-04-29,58.173343658447266,58.604842208242744,57.92163662830005,58.38190247965546,6513700
2011-05-02,58.28120803833008,58.453806326448145,57.936005975293284,58.403464930463684,2154800
2011-05-03,57.90006637573242,58.36752545527678,57.62677973613308,58.194921634434415,2700000
2011-05-04,57.633975982666016,58.19492471307382,57.61240187561994,57.727465608799854,2187700
2011-05-05,57.2527961730957,58.19490172056971,57.08019789811731,57.56923091622295,3300000
2011-05-06,57.856903076171875,58.12299647404592,57.58362196872374,57.84971536659778,2214700
2011-05-09,58.54012680053711,58.612042319519595,57.770619225139434,57.8713020490754,1519700
2011-05-10,59.13704299926758,59.47504652698181,58.64800973105594,58.741499368065874,2069300
2011-05-11,58.927894592285156,59.33901923352003,58.56004999419403,59.165915569543834,1600000
2011-05-12,60.096290588378906,60.15399358050894,58.77636353342046,58.94947250981056,2500000
2011-05-13,59.66354751586914,60.29104986411499,59.555355748042025,60.060243327419364,2215700
2011-05-16,59.36781692504883,59.61305193759036,59.216350668564914,59.540925934911535,1768100
2011-05-17,59.65633773803711,59.77895251610151,59.1803016279026,59.26685064636579,1538300
2011-05-18,60.038612365722656,60.132381142334175,59.18030339084113,59.598636499220476,1630900
2011-05-19,60.48579788208008,60.5146493878525,59.93763027812813,60.110733809900616,1137300
2011-05-20,60.15402603149414,60.55072193495617,59.36783747246686,60.42089288405548,2223400
2011-05-23,59.60585403442383,60.06746718160741,59.34619595127521,59.59143103107681,2400000
2011-05-24,58.6754150390625,59.84387644413997,58.617712018422466,59.84387644413997,3623100
2011-05-25,57.93251419067383,58.257084094668485,57.0814137837474,57.939728444923205,5232000
2011-05-26,58.28593063354492,58.36527091492471,57.42040729486402,57.74497717115356,2353600
2011-05-27,58.80522537231445,59.00718037742978,58.285909357525796,58.37246386094429,1736000
2011-05-31,59.49043655395508,59.50485955319389,58.89899453366202,59.10094954017264,2230300
2011-06-01,57.85317611694336,59.512102474525264,57.80268734099246,59.389482159046906,2708800
2011-06-02,56.98042678833008,58.321991707372945,56.95878953203306,58.300354451075926,4003400
2011-06-03,56.122127532958984,56.872250471488414,56.08606726361091,56.691932616155306,3377400
2011-06-06,56.03554916381836,56.36733318368268,55.76146264529378,55.9345716578971,2496700
2011-06-07,56.518802642822266,56.94434994146308,56.13652984835192,56.316847619544475,2467000
2011-06-08,56.92993927001953,57.456469697188616,56.439474606044186,56.526029135991436,2517700
2011-06-09,57.00209426879883,57.48534492520841,56.72079878206098,56.9804570010291,1843700
2011-06-10,56.475555419921875,57.182398342844046,56.42506663971315,57.05256926475527,2121900
2011-06-13,56.5837287902832,56.99485319305096,56.295224685287856,56.38898796912504,1381100
2011-06-14,57.15353012084961,57.28335916099311,56.836174524947616,57.08140409918382,1746900
2011-06-15,56.20867919921875,56.95158784459751,56.07163587528381,56.65586943852059,1765800
2011-06-16,56.87223434448242,56.91551435943733,56.07883710656973,56.17260038372378,2191800
2011-06-17,57.434814453125,58.17772829224587,57.1463104217378,57.6872637348813,4217400
2011-06-20,58.60329055786133,58.63935632242678,57.44204337550112,57.49253214417491,2178600
2011-06-21,58.704280853271484,58.74034662567502,58.09120124246118,58.704280853271484,2242000
2011-06-22,58.07673263549805,58.68260307581902,58.062309638213,58.49507109395057,1545700
2011-06-23,57.99021530151367,58.12725311053889,57.211240954246634,57.52138784235128,2315900
2011-06-24,57.07419967651367,58.51674236974113,57.07419967651367,58.51674236974113,2462600
2011-06-27,57.5934944152832,57.74496068115558,56.92271209335602,56.944349345214704,1841200
2011-06-28,57.69449234008789,57.82432140003941,57.43483422018484,57.69449234008788,1786600
2011-06-29,57.72334289550781,58.192170354375875,57.61515109686696,57.845957699297834,2262000
2011-06-30,58.5960807800293,58.66820681180622,57.6872828744858,57.89644671577983,2410500
2011-07-01,58.81245803833008,58.92785857616045,58.45182241545795,58.78360652815676,2087500
2011-07-05,58.63213348388672,59.10816958984253,58.40132693190705,58.92064304957686,1860800
2011-07-06,59.60585403442383,59.8222376046686,58.68984199316156,58.68984199316156,2155600
2011-07-07,59.18751525878906,60.19008182632741,58.86294540705984,60.009764019175,3197400
2011-07-08,58.718685150146484,59.14423247413541,58.35804958627981,58.84850867039098,1992300
2011-07-11,58.19215393066406,58.480663477991776,58.0190504034122,58.19215393066406,1590300
2011-07-12,58.213802337646484,58.97113935663196,58.17052782325747,58.343631383676474,1725100
2011-07-13,58.30754089355469,58.826856857450636,57.925268170925904,58.41573263650979,1448500
2011-07-14,57.93972396850586,58.76197279777155,57.795466408981824,58.329211124925905,1558500
2011-07-15,57.600711822509766,58.112813655046615,57.26892776915611,57.96134738087616,2212200
2011-07-18,57.05978775024414,57.56467558976328,56.843404103098955,57.362720453955625,1486900
2011-07-19,58.28593063354492,58.38690817296225,57.48531906897665,57.52859908791493,1839400
2011-07-20,58.19938659667969,58.336424410300566,57.59351580531029,58.293149890511195,1562400
2011-07-21,58.79800796508789,59.230774956088666,58.1849287316513,58.329186229605185,1729600
2011-07-22,58.90624237060547,59.021648452541484,58.53118361004316,58.90624237060547,991500
2011-07-25,58.53839111328125,58.84853254126249,58.46625956895943,58.56723712757291,1174200
2011-07-26,58.0984001159668,58.83409435359131,58.00463133368858,58.394118460500195,1127100
2011-07-27,56.54045104980469,57.910867481810634,56.49717653709656,57.74497267832488,2309200
2011-07-28,56.49717330932617,57.21123024252894,56.43947029377016,56.54044781956197,1985600
2011-07-29,56.43946075439453,56.9227110465569,55.674915187519055,55.89850745642909,2434000
2011-08-01,56.049991607666016,57.23287608983479,55.5811641658991,57.21123883146856,2554400
2011-08-02,54.694000244140625,56.07883972436386,54.65072022716538,55.754269862795674,3445100
2011-08-03,55.77210998535156,55.931294365041374,54.34669324764638,54.940013331731606,3809400
2011-08-04,55.359676361083984,56.640377427408495,54.84594850282191,55.070250738311586,5799000
2011-08-05,55.52610397338867,56.09771817974446,54.107924197760134,56.03983193902434,3586500
2011-08-08,51.09790802001953,55.33074110302819,50.982135546338526,54.701240698142335,8417500
2011-08-09,54.02109146118164,54.02109146118164,51.163020900050746,51.82146435905863,5714800
2011-08-10,50.93147659301758,52.92127005580024,50.808472503834885,52.79826596661755,4918600
2011-08-11,52.53778076171875,53.1021576315251,50.873587743280616,51.083421160063445,4324100
2011-08-12,52.66801071166992,53.11662056037899,51.879326278331895,52.8344266656376,3012700
2011-08-15,53.6014289855957,53.60142898559571,52.58844193761664,52.94298547229196,2615200
2011-08-16,54.36839294433594,54.708467621725745,53.087691935790986,53.49288447719108,2847500
2011-08-17,55.077491760253906,56.00364940182104,54.50587763327591,54.7157110864958,3584500
2011-08-18,53.804019927978516,54.54205004174342,52.42925232278101,53.919786868025966,4974400
2011-08-19,53.804019927978516,54.6216422281725,53.10940172668956,53.10940172668956,3734400
2011-08-22,53.847415924072266,54.98340663420297,53.34816251716542,54.968937841099304,2455700
2011-08-23,55.14982986450195,55.59120259264871,53.65929571259648,53.97042169701692,3399300
2011-08-24,56.06876754760742,56.09771066408985,54.80977234246442,55.14984706071417,2488100
2011-08-25,54.88935089111328,56.814020736010846,54.82422751512911,56.271349857588554,2077600
2011-08-26,55.866172790527344,56.199010358735556,54.303283099795976,54.831479809219914,2177700
2011-08-29,56.28583526611328,56.51737466572894,55.9891724776779,56.33648433726874,2613600
2011-08-30,56.48844528198242,56.828520065406735,55.87341911978376,56.14837049855811,2241100
2011-08-31,56.82849884033203,57.19027945007161,56.45224391481583,56.611428266354686,2693400
2011-09-01,57.508644104003906,58.543336795820416,57.00214797383015,57.14686351973706,3998300
2011-09-02,56.842960357666016,57.65335080704143,56.49565410817178,56.604189381263716,2459300
2011-09-06,56.727195739746094,56.821256702714784,55.41754629343741,55.73591496861377,2242600
2011-09-07,58.32626724243164,58.32626724243164,57.07450397034633,57.35669238931154,2038400
2011-09-08,58.43478775024414,58.948515396437635,58.00788389080698,58.094713197895636,2340900
2011-09-09,57.08898162841797,57.94278409281478,56.79955603500084,57.84871760076214,2494400
2011-09-12,57.68230438232422,57.79807131305308,56.45224693128243,56.459484089557456,2215800
2011-09-13,58.39863967895508,58.45652591558518,57.37842097994246,57.93556082658497,2353600
2011-09-14,59.25966262817383,59.708267033437934,57.83424619910246,58.565044547474166,2738300
2011-09-15,60.06282043457031,60.26541669971927,59.40437705250201,59.975991097934674,2440300
2011-09-16,60.95278549194336,61.47375036697133,60.026628167597245,60.2436987056366,4399100
2011-09-19,61.5244255065918,61.74872777608178,60.35949120059179,60.446320556685706,2567700
2011-09-20,61.5533561706543,62.472276541955985,61.285636517119734,61.61124239633761,3318300
2011-09-21,61.09027099609375,62.35650306830434,61.061327886288886,61.55334971230407,2639000
2011-09-22,60.185821533203125,60.619957154159586,59.13665998919718,59.86022119756926,4549800
2011-09-23,60.32330322265625,60.706789800776505,59.67209699550193,59.83851299112601,2827400
2011-09-26,61.10475540161133,61.32182602043721,60.31607615919195,60.634444928047195,3125000
2011-09-27,61.017940521240234,62.18287493780058,60.74298362768192,61.94409832613234,2494200
2011-09-28,60.6272087097168,61.719787939518405,60.61273439072499,61.2060545016787,2141000
2011-09-29,60.041114807128906,61.698065207683044,59.32478519673989,61.48823730359027,2434200
2011-09-30,59.42609405517578,60.547616400481054,59.34650186187875,59.60698439988081,2764100
2011-10-03,59.06431579589844,60.21478130613131,58.73871537016702,59.129439193245986,3235000
2011-10-04,59.07879638671875,59.17285739249936,56.87916880867204,58.36970370208199,4717800
2011-10-05,58.06580352783203,59.17285160903421,56.88640040922924,58.60123742899909,5043100
2011-10-06,57.30604934692383,57.884900560664185,56.73444081178145,57.74742215532563,4214800
2011-10-07,57.175811767578125,57.66060203632621,56.958746688751866,57.3856452080111,3353600
2011-10-10,58.77487564086914,58.83999349571413,57.77635770391065,57.884892982319215,2324400
2011-10-11,58.53611755371094,58.65188450553389,58.06580154615477,58.59400378979007,1983800
2011-10-12,58.91237258911133,59.69382028868011,58.760425345362265,58.97749599090998,2454000
2011-10-13,59.093257904052734,59.29585421173946,58.81106940115546,58.92684187431093,1839100
2011-10-14,59.165611267089844,59.91811576032227,58.745949864602785,59.382681887952444,2227700
2011-10-17,59.59251403808594,59.71551814437839,58.99919394383018,59.02089990137178,2278000
2011-10-18,61.19157028198242,61.50270181787444,59.469496618402125,59.585263539485695,3544500
2011-10-19,61.05411911010742,61.49549207922225,60.90217185324865,61.061356271006304,2704000
2011-10-20,60.96726608276367,61.7559451128683,60.61995429020668,61.05408989065267,2419600
2011-10-21,61.71979522705078,61.71979522705078,61.010702561777805,61.336303013180526,2957200
2011-10-24,61.126461029052734,61.63295173072089,60.89492163395663,61.37970637988681,3025600
2011-10-25,60.22201156616211,61.14093202084164,60.09177030672444,60.38119042073276,2193000
2011-10-26,60.58378982543945,60.873209927965476,59.41161853700449,60.352250431217875,2421100
2011-10-27,61.661903381347656,62.327578544360215,60.822569507721504,61.50271899011956,3728300
2011-10-28,61.45204162597656,61.63293189268198,60.96725703608594,61.24944541051976,1904900
2011-10-31,60.23647689819336,61.71977973865505,60.23647689819336,61.17710877560826,3073100
2011-11-01,60.30881881713867,60.9527877783899,59.32477524302443,59.5997320042328,2790400
2011-11-02,61.09027099609375,61.336279148934466,60.4607707785889,60.80808257591352,2620900
2011-11-03,61.28562927246094,61.32904669675815,59.96874815567474,60.69954648761846,2623300
2011-11-04,60.641639709472656,61.27113970519327,60.41733758792785,61.15536730676253,2097100
2011-11-07,60.89491653442383,60.98897750818963,60.20753004505567,60.55484186878215,2055200
2011-11-08,61.67860412597656,61.700372159300265,60.474054611589324,61.05456133545925,2499400
2011-11-09,60.52484893798828,60.98199420738469,60.06044027660341,60.640946951243045,2850300
2011-11-10,60.0241584777832,61.040042329553046,59.828235133964185,60.96747484747393,2502500
2011-11-11,60.25635528564453,60.74252637504238,59.99512787185321,60.481298961251056,2500700
2011-11-14,60.553871154785156,60.94571234182066,60.02416391876979,60.03867409482794,1539500
2011-11-15,61.30128479003906,61.48269246746019,60.33619461748919,60.52486015212159,1724100
2011-11-16,60.18379592895508,61.21418991863056,60.125744159815824,60.90942643483157,2459300
2011-11-17,59.48719787597656,60.35069450875073,58.91394904870382,59.966111183951526,2312000
2011-11-18,59.29852294921875,59.675848358075676,59.09534730320955,59.545234651909595,2355900
2011-11-21,58.98652267456055,59.36384821806504,58.62370730975414,58.935728744932575,1872400
2011-11-22,59.36383056640625,59.581521935009455,58.81235536188867,58.9357112205738,1635300
2011-11-23,58.60190963745117,59.23320450983669,58.34794011774894,58.98649284387461,2183600
2011-11-25,58.64546585083008,59.23322487509555,58.268140368416724,58.30441857734984,826800
2011-11-28,59.668609619140625,60.09672903693401,59.313046621582075,60.05319297034415,2005400
2011-11-29,60.59739303588867,60.70623869733219,59.50894749369418,59.966092628412554,1917300
2011-11-30,61.89628982543945,62.2736152858848,61.31578315508457,61.62780452157899,3558500
2011-12-01,63.195159912109375,63.6232848016398,61.64956888326306,61.678594768665256,3572400
2011-12-02,62.9339599609375,64.34893776694048,62.854140132278516,63.60153894960949,2616600
2011-12-05,63.274993896484375,63.99337226494491,62.875900339017996,63.70311888198212,1818900
2011-12-06,63.89901351928711,64.14573074282222,63.07905313120207,63.53619830641608,2350500
2011-12-07,63.470951080322266,63.84102447906234,62.54214418916156,63.6305908027641,2715800
2011-12-08,62.23009490966797,63.093591740928154,60.95298323463724,61.5842839825718,4377800
2011-12-09,61.22145462036133,61.8962912877401,61.0472992934673,61.44639833078024,3893100
2011-12-12,61.061832427978516,61.38836407085931,60.60468148459708,61.02554867382571,2535900
2011-12-13,60.684478759765625,61.4681610547506,60.503071128674,61.38834125418057,2491200
2011-12-14,60.04593276977539,60.894919251869055,60.04593276977539,60.64094964647209,1891000
2011-12-15,59.915340423583984,60.46682143222148,59.86454648437554,60.299923897037075,1912000
2011-12-16,59.915340423583984,60.68450737049017,59.73393270696466,60.27815585682262,3874600
2011-12-19,59.545257568359375,60.50308993683271,59.39287577520717,60.08222830932231,2236700
2011-12-20,60.691741943359375,60.887665302366855,60.16203471429596,60.33618450531881,2909500
2011-12-21,60.80059814453125,61.250491179876164,60.19832332369604,60.65546868016692,2642200
2011-12-22,60.78608322143555,60.95298072359669,60.3652216096071,60.91669697300246,1677900
2011-12-23,61.43190002441406,61.46092038171483,60.61193375952827,60.728037333223746,1043100
2011-12-27,61.37383270263672,61.49718856637203,60.85137782549692,61.31578093048303,986700
2011-12-28,61.08357620239258,61.43188128108542,60.97473051929347,61.37382951194971,1142900
2011-12-29,61.199676513671875,61.24321811022723,60.66271146920984,61.098088681912074,1021300
2011-12-30,60.459529876708984,61.19967051210852,60.43050399389238,61.04003646079883,1235500
2012-01-03,61.388370513916016,61.736675767519266,61.06909669558092,61.156168856888584,2339500
2012-01-04,61.00376892089844,61.642321904048266,60.960232853174425,61.43914620650616,2260200
2012-01-05,60.41599655151367,60.691734146553856,59.5742625201468,60.640940233359046,3590500
2012-01-06,58.87040328979492,60.35069024498259,58.86315097045518,60.35069024498259,3397400
2012-01-09,57.33206558227539,58.77606868250953,57.18693616509031,58.29714990998054,4798300
2012-01-10,57.43367004394531,57.84727931452732,57.41915432996121,57.593309681033595,3647500
2012-01-11,58.04317855834961,58.16653994317925,57.310295784642435,57.55700748205966,2415500
2012-01-12,58.01415252685547,58.39148346279903,57.88353882381669,58.1883078216545,2502900
2012-01-13,58.49309539794922,58.623709154835296,57.535263026159086,57.956130191250146,2658200
2012-01-17,59.08083724975586,59.32029665667218,58.49307828379914,58.95022353108529,2747800
2012-01-18,59.32759094238281,59.32759094238281,58.47859848163821,58.986543493315544,2418100
2012-01-19,58.92844009399414,59.32028114756016,58.8558781661753,59.283997415590626,1994100
2012-01-20,59.073604583740234,59.26952245886577,58.696273477102416,58.99378475487929,2304400
2012-01-23,59.24049377441406,59.50172128636602,58.93573018917787,58.993781977639024,1916800
2012-01-24,59.305782318115234,59.41462246259804,58.8849153057108,58.96473510241238,1642900
2012-01-25,60.0241584777832,60.08221024899785,58.9429705354881,59.059068541795774,2558300
2012-01-26,59.545257568359375,60.28540403352525,59.356597559384234,60.10399634604073,1952500
2012-01-27,59.22597122192383,59.82098808903217,59.05181589292473,59.59603883977219,2312100
2012-01-30,59.095340728759766,59.26223261821985,58.77606158562496,58.92118544916595,1973300
2012-01-31,59.697628021240234,59.719401589945775,58.863157246227665,59.33481271519226,1844900
2012-02-01,60.3869743347168,60.90942920851879,60.06769512603298,60.16928295859207,3036300
2012-02-02,62.048667907714844,62.32440551494366,60.778814485591106,60.778814485591106,4697900
2012-02-03,61.9398307800293,62.53484767288214,61.65683527831407,62.48405375042357,2347900
2012-02-06,61.707603454589844,61.823701427717594,61.4246080709484,61.439118241544364,1379000
2012-02-07,61.35931396484375,61.678593159818135,61.22870025200163,61.43188144451715,1574900
2012-02-08,61.3301887512207,61.5557726270672,61.01727939833173,61.4538956797896,1662600
2012-02-09,61.51215744018555,61.56309595090332,61.17741786234288,61.32295487814186,1317300
2012-02-10,61.27198028564453,61.35202726276037,60.89358093626984,61.2137688447332,1689300
2012-02-13,61.031864166259766,61.57035763980082,60.57341214321557,61.52669765736985,1556200
2012-02-14,61.19921112060547,61.19921112060546,60.61705785500471,60.7407647993586,1186000
2012-02-15,60.573429107666016,61.50487933959094,60.42789209088324,61.475776377739436,1570300
2012-02-16,61.162837982177734,61.162837982177734,60.76988155972183,60.76988155972183,1771900
2012-02-17,61.46847152709961,61.49758002836181,60.980916622685456,61.082793601163665,1966300
2012-02-21,61.315677642822266,61.62858720168799,60.871782558108535,61.56309166282355,2345800
2012-02-22,61.35203552246094,61.6649449609825,60.92269763456418,61.38114402277443,1955300
2012-02-23,61.68681335449219,61.82507742909486,60.98095260196612,61.35207372029612,1996900
2012-02-24,61.41753005981445,61.846867940886256,61.16283762596858,61.846867940886256,1262000
2012-02-27,61.919647216796875,62.0360812365125,61.13373979123498,61.25016825907097,2344500
2012-02-28,62.05062484741211,62.47996830083973,61.548518468705204,61.87597939185662,3529700
2012-02-29,62.6254997253418,63.45507250582799,62.38536432711148,62.720103733985,5345100
2012-03-01,62.69825744628906,63.15670368939926,62.35623961570401,62.97477978392865,3051100
2012-03-02,62.74921417236328,62.80015265863869,62.37080922985006,62.37080922985006,1956300
2012-03-05,63.76799392700195,63.7971024311486,62.45814455167955,62.58185153039321,3040500
2012-03-06,63.73160171508789,64.0008456172587,63.273149791926016,63.389583788880955,3181300
2012-03-07,63.95719528198242,63.98630378560748,63.455083310239004,63.96447379585853,2173900
2012-03-08,64.25555419921875,64.40109116754616,63.92080917868265,64.04452170882837,1614200
2012-03-09,65.01236724853516,65.14335276929427,64.31377965511342,64.37927519143331,1724100
2012-03-12,65.07785034179688,65.28888283777441,64.80860083619528,64.96869483672165,1354700
2012-03-13,65.47809600830078,65.49264748713716,64.97598393429763,65.33255346053438,1735400
2012-03-14,66.1475830078125,66.19124300143986,65.09969874570659,65.1069772619382,2066800
2012-03-15,66.55504608154297,66.65692303237077,65.68908644762922,66.08932129150803,1834300
2012-03-16,65.81282043457031,66.58417632910393,65.68183494758543,66.4095308637505,3556600
2012-03-19,65.50720977783203,66.04570896562532,65.18702722366139,66.03843044906557,1608300
2012-03-20,65.68181610107422,65.84918300471614,65.18698279799254,65.41984520227348,1500400
2012-03-21,65.9583511352539,66.18393507124776,65.64544169893401,65.75459718637187,1693900
2012-03-22,65.85648345947266,66.28582140496927,65.52902250280167,65.67455947201555,1499300
2012-03-23,65.6891098022461,65.95108078376464,65.3689273651852,65.84920379671625,1601400
2012-03-26,66.59873962402344,66.60601813900301,65.76916657651947,65.95109058784718,1884800
2012-03-27,66.424072265625,66.78792016852775,66.19848834242639,66.60599621707637,1310700
2012-03-28,65.94380187988281,66.57689373494173,65.58722690546323,66.39496976705053,1609000
2012-03-29,65.37617492675781,66.0165506558348,65.00505414036337,65.60904286596926,2245600
2012-03-30,66.0748291015625,66.32952170713628,65.49994833362031,65.52177833525772,2556600
2012-04-02,66.83159637451172,67.02079888450677,66.0966274294674,66.1766744317007,2705100
2012-04-03,65.77645874023438,66.77340452785522,65.4999361843142,66.54781493172004,2823000
2012-04-04,64.7940444946289,65.85647985703625,64.7431060030025,65.59450888527782,2529400
2012-04-05,64.51024627685547,64.67034027216832,63.600626350650174,63.60790486458606,2752600
2012-04-09,63.94989776611328,64.13910020751712,63.33135751554127,63.80436084311201,1817700
2012-04-10,63.22949981689453,63.738884754420255,62.85110037071534,63.70250328852809,2812100
2012-04-11,63.54241943359375,63.738894926027875,63.353216904371045,63.673404945843274,1912600
2012-04-12,63.44054412841797,63.71706663862389,63.273171588108816,63.68068516595179,2509800
2012-04-13,62.81471252441406,63.4114229655933,62.603680038257096,63.24405601056218,2737800
2012-04-16,63.22221374511719,63.39686474728701,62.80015436957037,63.062125320946336,1956700
2012-04-17,63.79710006713867,63.93536406874201,63.41142211727599,63.43325210660719,1732900
2012-04-18,64.08820343017578,64.39383449847304,63.44783277966514,63.52787980496414,1620100
2012-04-19,63.39687728881836,63.99358778457967,63.08396778787768,63.99358778457967,1762800
2012-04-20,63.73160171508789,64.08817111497491,63.498739273056565,63.58605921889422,2203100
2012-04-23,63.03301239013672,63.52784575774629,62.86563991279123,63.469628761114954,1712500
2012-04-24,62.8947639465332,63.45508740984788,62.74194845653829,63.17128642101736,1796800
2012-04-25,63.51329803466797,63.63700500671862,62.9602475894285,63.14217156663682,2301900
2012-04-26,64.09546661376953,64.37198910200122,63.30955358168363,63.49875610093691,2443100
2012-04-27,64.53933715820312,64.92501501330382,64.13910227920547,64.32102621477205,1597500
2012-04-30,64.1682357788086,64.76494629790511,64.1318487567656,64.54663526940733,1790700
2012-05-01,63.28770446777344,64.03723025173755,62.85836105979073,63.244044496475595,2970500
2012-05-02,63.047576904296875,63.27316087305575,62.75649741281087,63.229500892490684,2432800
2012-05-03,61.301116943359375,62.538203624991105,61.082811447928286,62.479986605457256,4696600
2012-05-04,60.68255615234375,61.43936049839116,60.63161766520011,61.279266523974385,2796800
2012-05-07,60.507904052734375,60.93724188976905,60.39874857745973,60.67527096986114,2042900
2012-05-08,60.136783599853516,60.631616991700234,59.656507233816825,60.41330601957896,2609500
2012-05-09,60.122230529785156,60.471521413651764,59.743825595071414,59.83115109197731,2416000
2012-05-10,61.039119720458984,61.38841613592707,60.478796415506004,60.68982885686908,2600000
2012-05-11,61.563087463378906,61.89055403160165,60.90815987881392,61.01003688620397,2863800
2012-05-14,61.34479522705078,61.65042631527112,60.95183859138962,61.31568671123718,1656500
2012-05-15,61.54853439331055,61.956042412335236,61.18468636150126,61.19923783994627,2165200
2012-05-16,61.788658142089844,62.043350582733,61.54123866269449,61.76682260271002,2149600
2012-05-17,60.74077606201172,62.00696534014713,60.740776062011726,61.752272892228945,2022500
2012-05-18,60.35512161254883,61.264741817455196,60.15136757495079,60.90816669977748,3152700
2012-05-21,60.92997360229492,61.03912353406238,60.216829254102564,60.5370171922965,1598800
2012-05-22,60.6752815246582,61.315657463331355,60.40603759760614,60.74077704196753,2244800
2012-05-23,60.824954986572266,60.86146241018875,60.05834922288303,60.584024929556094,2915900
2012-05-24,61.679203033447266,62.25598042873896,60.94909885988505,61.51127662261673,3558300
2012-05-25,61.679203033447266,62.10996182212763,61.328750579226174,61.985845449482724,2379600
2012-05-29,63.25621032714844,63.28541515567685,62.1172498657979,62.139152094631335,3151400
2012-05-30,62.65022659301758,63.10289310818831,62.621021762659616,62.715938853885966,3111900
2012-05-31,63.07366943359375,63.55554063515595,62.4822871137221,62.48958414144262,3564700
2012-06-01,62.416561126708984,62.90573481851289,62.18292817535072,62.78891555770929,3096100
2012-06-04,63.19778823852539,63.22699306130895,62.3289684342786,62.380075481587234,2404300
2012-06-05,63.351112365722656,63.4898338879189,62.599106246923206,63.000665616306726,2143800
2012-06-06,64.08853149414062,64.1250389241013,63.43143674661063,63.51174863632273,2187100
2012-06-07,64.34404754638672,64.7602065002981,64.21262863619101,64.28564347427202,1909700
2012-06-08,64.7894287109375,65.1252758893011,64.03011986714748,64.25645589949696,1888800
2012-06-11,64.18342590332031,65.08875302986019,64.13231329133642,65.02304079320217,1569500
2012-06-12,64.61420440673828,64.65800886453356,63.9425100593704,64.42437580587293,1822500
2012-06-13,63.83295440673828,64.54845834569788,63.70153554326603,64.3294250498281,1405000
2012-06-14,65.58523559570312,65.76776157326864,64.11042257763327,64.13962740247385,3117300
2012-06-15,66.76069641113281,66.90671494993704,65.77505177832853,65.9648803349742,3911800
2012-06-18,67.19148254394531,67.23528700949355,66.446778778363,66.70961671215734,1570900
2012-06-19,67.06736755371094,67.65875013175214,66.76072514807866,67.11847462131632,1821400
2012-06-20,66.79721069335938,67.11845822282122,66.34454979666448,66.93593223021813,1929900
2012-06-21,66.00141143798828,67.42511219806968,65.91379694111704,66.80452483009195,2631700
2012-06-22,66.38834381103516,66.65118164466531,66.01598928501737,66.28612971687346,1539800
2012-06-25,66.34454345703125,66.62198093398663,65.99409113381066,66.25692898366343,1592600
2012-06-26,66.9432144165039,67.01622367723209,66.22040769562122,66.54895772427231,2600100
2012-06-27,66.673095703125,67.32288780430825,66.43946265067991,67.15496700705937,2087600
2012-06-28,67.84126281738281,67.89967247465147,65.64365377260151,66.31534812043662,4408300
2012-06-29,69.35984802246094,69.44015987105422,68.2135854937418,68.27199512367308,3438000
2012-07-02,68.92182922363281,69.76145006571315,68.7977128615672,69.35989057638054,2279300
2012-07-03,68.93640899658203,69.08243311893462,68.70277597106859,69.00212124420338,1120600
2012-07-05,68.62977600097656,69.01673022974184,68.22091954345122,68.23551917254078,1902200
2012-07-06,68.3961410522461,69.14084466075082,68.23551728544572,68.67357855928681,1722000
2012-07-09,68.60787963867188,68.87801457681321,68.03109676091451,68.62978186930475,1511300
2012-07-10,68.48372650146484,69.17732276014242,68.37420983687129,68.97289462370055,1867600
2012-07-11,68.99482727050781,69.15545104004974,68.44724927629743,68.5421607900034,2074100
2012-07-12,68.64436340332031,68.80498714595296,67.97997177818124,68.69547045140793,1895200
2012-07-13,69.22115325927734,69.33797256422537,68.43994226075334,68.71008272575736,1510000
2012-07-16,69.46936798095703,69.622689089112,68.70275686993301,69.02400427954295,1313900
2012-07-17,70.1337890625,70.34551989275658,69.29417391145857,69.57891402829465,1767900
2012-07-18,70.06077575683594,70.40392551135119,69.73952823001294,69.85634753803991,1788400
2012-07-19,70.05345153808594,70.36739636870686,69.41096225297196,70.10455857701263,1602300
2012-07-20,69.80522155761719,70.3820042015568,69.42556447971405,69.943943055726,2024400
2012-07-23,68.91451263427734,69.44018837897157,68.53486102435996,69.44018837897157,1546900
2012-07-24,68.68819427490234,69.00943628743633,68.21362550130974,69.00943628743633,1278300
2012-07-25,68.44727325439453,68.81232537841797,68.04571368986741,68.76852090601624,1462300
2012-07-26,70.02425384521484,70.18487199237272,69.25764267404266,69.32334933830047,1562100
2012-07-27,70.90040588378906,71.37497463798783,70.14109699112142,70.19950665292322,1564700
2012-07-30,70.4258041381836,71.03909415929914,70.19217117067514,70.90037267006778,1838100
2012-07-31,70.22142028808594,70.51346307427323,69.76875369098299,70.19221545244193,1361900
2012-08-01,70.04617309570312,70.9441978137116,69.81983708876322,70.40392246310685,2839100
2012-08-02,69.87092590332031,70.33819185272762,69.35985551185905,69.7979166431472,1373500
2012-08-03,70.97340393066406,71.09752026463856,70.60835195762068,70.82008277041597,1371600
2012-08-06,70.45504760742188,70.96611826351983,70.39663794093858,70.9515186320252,1071400
2012-08-07,69.94395446777344,70.76896985320171,69.90744704539362,70.61564870565755,1705400
2012-08-08,70.02086639404297,70.54805567278783,69.88175103558301,70.24785408067926,1369700
2012-08-09,69.8304672241211,70.21853539357326,69.59616159805826,70.15995759048586,1007000
2012-08-10,69.77920532226562,69.87439005203585,69.20076214992469,69.57418303414444,1214900
2012-08-13,70.02086639404297,70.02086639404297,69.44242291243621,69.6181563962106,830500
2012-08-14,70.05011749267578,70.2917467127094,69.83045913597024,70.2917467127094,1187400
2012-08-15,70.63587188720703,70.94339688439877,69.93295521378946,70.1745788051343,1082300
2012-08-16,70.6431884765625,70.73837317966274,70.07206349910722,70.46013710317268,1638100
2012-08-17,70.394287109375,70.90682909463689,70.18927031527025,70.87022214499741,1520600
2012-08-20,70.30636596679688,70.37959098198635,70.0281299024436,70.29172431552958,684400
2012-08-21,69.7718734741211,70.38692350710393,69.67668875557436,70.25512627342397,1256200
2012-08-22,69.94762420654297,70.2771201919923,69.59616852560849,69.80118527053483,842300
2012-08-23,69.36915588378906,69.91831007511227,69.3325489561387,69.69132813030998,1155700
2012-08-24,70.47480010986328,70.59195570574904,69.11289703226588,69.3252373600941,1257400
2012-08-27,70.7603759765625,70.91413854139971,70.1672909998636,70.401596658609,1112100
2012-08-28,70.70909881591797,71.11913218893662,70.44550433718149,70.5260474049224,908000
2012-08-29,71.10453033447266,71.22168039821547,69.99889762902632,69.99889762902632,1494700
2012-08-30,72.18816375732422,72.53230136100136,70.69446891126204,71.43399271247603,2426400
2012-08-31,71.66096496582031,72.69337196966963,71.54380938696013,72.69337196966963,1692600
2012-09-04,71.86600494384766,72.20281896284857,71.07522128899997,71.60241039223176,1184800
2012-09-05,71.9172592163086,72.10763430076888,71.58776323324803,71.93922449792184,1156500
2012-09-06,73.20592498779297,73.21324302233144,72.28334428392915,72.28334428392915,1462500
2012-09-07,73.01556396484375,73.2205806969894,72.61284853649552,73.2205806969894,937600
2012-09-10,73.550048828125,73.74042384451272,72.7373001813264,72.84713213640723,1288500
2012-09-11,72.86911010742188,73.61596306308036,72.82517955224888,73.49148943256603,1626900
2012-09-12,73.87222290039062,73.92347706919126,72.85445755828823,73.21323673989274,1770600
2012-09-13,75.23413848876953,75.33664684370046,73.61596450160388,73.79901593345005,1901900
2012-09-14,74.81678771972656,75.32932953734917,74.6483779303438,75.18289061411038,3195300
2012-09-17,74.8680648803711,75.2561331737199,74.67037171469308,74.75823286108839,1306900
2012-09-18,74.67768859863281,74.83877481291955,74.4653481876447,74.83145118873693,1464100
2012-09-19,74.59712219238281,74.99251398042334,74.47264855159786,74.97787232291964,1664000
2012-09-20,75.15359497070312,75.18288386998094,74.31888089328733,74.37745869184297,1356100
2012-09-21,74.94857025146484,75.79060786027384,74.74355356471881,75.24145362665307,3328600
2012-09-24,75.13166046142578,75.38060782780899,74.8461005593798,75.23416885773517,1223800
2012-09-25,74.27495574951172,75.49773805545483,74.26763212758705,75.03645042736194,1790400
2012-09-26,73.95277404785156,75.24877564993221,73.92348515015156,74.58247138268665,1635200
2012-09-27,73.44025421142578,74.4653380052837,73.31577496249643,73.99672667486645,1821100
2012-09-28,73.33772277832031,73.55738112811694,73.03751577142653,73.38165333102245,1788700
2012-10-01,73.5940170288086,74.58981750587698,73.43293083600523,73.68187816212846,1873600
2012-10-02,72.84716796875,74.22371872179997,72.73001792231547,73.85029212535683,2050700
2012-10-03,72.94232177734375,73.19126899274008,72.30530091267069,72.67140370210194,2787900
2012-10-04,74.3042221069336,74.4579846029795,73.19126653609887,73.22055542862452,2051800
2012-10-05,74.5312271118164,74.97787308509022,74.34817566658243,74.53855073378605,1192300
2012-10-08,74.20906829833984,74.51659344164213,73.9967279128346,74.38479615361432,813100
2012-10-09,72.9570083618164,74.51660519421468,72.89843053872356,74.20908000241029,1606500
2012-10-10,74.36283111572266,76.46426410780805,74.17246159949948,74.97788699064748,5739800
2012-10-11,71.99047088623047,74.68498833591902,71.97582922883662,74.56051469606795,4753200
2012-10-12,71.42668914794922,72.1076408714468,70.42356503466722,71.8001101419763,7552500
2012-10-15,70.66519165039062,71.85136161096278,70.61393746180156,71.80743104539718,4005200
2012-10-16,71.02398681640625,71.40473150425908,70.66520741623683,71.00202152872285,3788300
2012-10-17,70.86287689208984,71.28755759956685,70.13067108731721,71.13379505091903,4113700
2012-10-18,70.53338623046875,71.28755731254213,70.47480842561392,70.92877803380844,2804300
2012-10-19,69.39845275878906,70.4601543358852,69.16414716699646,70.3649640232193,3859900
2012-10-22,69.55951690673828,69.79382242444646,68.92249616189848,69.32521138903012,3097700
2012-10-23,69.69132995605469,70.1526174777881,68.71017153698486,69.17146464500372,3357400
2012-10-24,70.01351928710938,70.4748069213495,69.19344679550679,69.58883859040695,4327600
2012-10-25,70.74573516845703,70.75305320523674,70.12335569234989,70.29176550517258,2734800
2012-10-26,70.98002624511719,71.40470132887053,70.37961776158335,70.59927613187926,2998900
2012-10-31,72.07101440429688,72.32728530739203,71.31684335249399,71.6756226168272,3534300
2012-11-01,71.11915588378906,72.34194396221437,71.11915588378906,72.18817580981553,2941200
2012-11-02,70.37962341308594,71.84403501113052,70.3210456084553,71.64633631707382,2025500
2012-11-05,71.55847930908203,71.60973349450784,69.88904529888312,70.11603290830075,2199500
2012-11-06,72.3346176147461,72.92770257402103,71.69759650517447,71.74153265547115,2410300
2012-11-07,71.24361419677734,71.84402262501199,70.33567514039446,71.70490175957079,2620100
2012-11-08,69.36915588378906,71.34611432432384,69.36915588378906,70.99465318391144,2906000
2012-11-09,69.89636993408203,70.43820070018853,69.14219880062454,69.20077660947047,2542800
2012-11-12,70.2771224975586,70.4089197788047,69.6254541279674,69.86708340796652,1632800
2012-11-13,70.06478118896484,70.75305090515272,69.74260881992748,69.89637138161693,2328400
2012-11-14,69.37083435058594,70.47230836541928,69.14319818028407,70.20060942490123,3587500
2012-11-15,70.27403259277344,70.4062096848947,68.66588450808175,69.0256977468173,2445500
2012-11-16,70.26669311523438,70.66322438961217,69.49565914799099,70.14185514935522,3105400
2012-11-19,70.91289520263672,71.10381892943839,70.03171825220598,70.99367041003795,2877500
2012-11-20,71.3167724609375,71.3167724609375,70.64119747815924,71.074446834584,1783200
2012-11-21,71.03773498535156,71.52238628030312,70.83947211166311,71.39020916371516,1045500
2012-11-23,71.90422821044922,71.9115729398156,70.90555790732739,71.22865877080416,671900
2012-11-26,70.68526458740234,71.61784350645551,70.36950846160256,71.49301112244758,1531200
2012-11-27,70.86884307861328,71.47098201147725,70.32544517154113,70.71463738143449,2428000
2012-11-28,75.32613372802734,75.35550703918422,73.43159717630596,73.7546979966453,10407800
2012-11-29,74.8121109008789,75.7887525102788,74.57713000862496,75.69329344862096,6360500
2012-11-30,76.31013488769531,76.73603961000813,74.65058438056647,75.25272341465477,4951400
2012-12-03,76.80213928222656,76.9710344966171,76.29546484383249,76.9710344966171,4268800
2012-12-04,76.66259765625,77.04443954176107,76.3835539683891,76.77274618554314,3850200
2012-12-05,77.80081939697266,77.81550886213292,76.58920183355546,76.78012006152322,8470800
2012-12-06,77.42338562011719,78.3354483706537,77.11674326445514,77.39979866948408,5057500
2012-12-07,77.49415588378906,77.84797818240537,77.18751349088487,77.74576005229294,3093800
2012-12-10,77.80079650878906,78.0524006715756,77.48629580434319,77.76148692009154,2317000
2012-12-11,77.2975845336914,78.35118103973315,77.10888292018996,77.84010842106375,4021200
2012-12-12,76.83367156982422,78.14673019888784,76.46412675834432,77.8558105390875,5390300
2012-12-13,76.9358901977539,77.73788240961939,76.53489409182117,77.0931465131761,2715100
2012-12-14,76.20468139648438,77.0223964183281,76.14964317379857,76.26758393632997,2160800
2012-12-17,77.66710662841797,77.76146040681104,76.26755857518313,76.2754228897278,2847800
2012-12-18,78.51628875732422,78.59491392276979,77.55704614222769,77.76147637135865,2900500
2012-12-19,77.58848571777344,78.79933227908505,77.5570344565909,78.22535726025444,3153300
2012-12-20,77.99734497070312,78.17818823408074,77.16390749298952,78.01307360163078,1964100
2012-12-21,78.22537231445312,78.27255221466389,76.7707856974401,77.39193472822514,4167700
2012-12-24,78.1860580444336,78.57918986324314,77.66712116422154,77.9344539203441,933700
2012-12-26,77.58848571777344,78.39047188242674,77.14818005864728,78.04452000684822,1456300
2012-12-27,76.99092102050781,77.61993422440699,76.36977213130385,77.46267792407495,2057400
2012-12-28,76.24398040771484,76.96734146252757,76.22039346007976,76.40123072442542,1651300
2012-12-31,77.6278305053711,77.78508087174258,75.88232384454956,76.14965066712449,2412700
2013-01-02,79.76644897460938,79.76644897460938,78.79148367836143,79.09812603765486,3153800
2013-01-03,80.58415985107422,81.00087862599803,80.01019074555428,80.28538182345532,3872400
2013-01-04,80.32466888427734,80.91436641270012,79.84504774792974,80.6313111191601,1989000
2013-01-07,79.70356750488281,79.98662296677016,79.3340225408234,79.48340859107941,1663900
2013-01-08,79.55415344238281,80.03377473126882,79.20033721228707,79.41262575060144,2189900
2013-01-09,79.59346008300781,79.80574859747796,79.2160509477429,79.43620377718297,1834400
2013-01-10,79.20816040039062,79.80572216719341,78.72853932421786,79.68778147656339,2328500
2013-01-11,78.84651947021484,79.79789778627155,78.68140482019334,79.4126302695547,2206300
2013-01-14,78.91727447509766,80.12025674378597,78.3904733388957,78.89368152973637,2155100
2013-01-15,79.53054809570312,79.82146172910656,78.47695196756725,78.50840322498918,1725200
2013-01-16,79.82933807373047,79.89224059805399,79.13742830231637,79.20033082663988,1201700
2013-01-17,79.38117980957031,80.0023288318948,79.38117980957031,79.86080113062194,2095400
2013-01-18,79.56988525390625,79.76645118190376,79.11385685997622,79.33400973953887,2341600
2013-01-22,80.31685638427734,80.33257902241088,79.54631514395241,79.75074543199247,2004500
2013-01-23,80.29327392578125,80.78861803742124,80.01807675393026,80.43480167178092,1442800
2013-01-24,80.89867401123047,81.40188231425009,80.42691697698908,80.50554214957663,1515400
2013-01-25,80.48197174072266,81.08739229267853,80.20678058074272,80.9537288719336,1612800
2013-01-28,80.58415985107422,80.78859007982167,80.19889234201277,80.68637796480574,1631700
2013-01-29,81.26820373535156,81.4018671036459,80.27750994946258,80.31682552776799,2073100
2013-01-30,80.61561584472656,81.07165022840184,80.43477855380716,80.98516074188701,1939800
2013-01-31,80.46620178222656,81.10307928108948,80.28536454084046,80.59200681859456,1656300
2013-02-01,81.88937377929688,82.0466241356039,80.66279820497898,80.89867973815612,2316000
2013-02-04,80.57628631591797,81.85789366450594,80.46620390683225,81.85789366450594,1728600
2013-02-05,81.2288818359375,81.74781863535385,80.41903137507369,80.78857618701299,1842400
2013-02-06,80.17640686035156,81.35107048108773,79.57725611679037,81.10667418977204,3192000
2013-02-07,80.2946548461914,80.65730058277117,79.78221843036559,80.23158445338005,3007300
2013-02-08,81.03573608398438,81.16975618935177,80.26313862619125,80.71250475544818,1726400
2013-02-11,80.4050521850586,81.1539998195409,80.22373226288525,81.09881471087174,1457400
2013-02-12,80.22373962402344,80.59427082254074,80.04241367048631,80.57850021020205,1203200
2013-02-13,80.1212387084961,80.70463099783714,79.58515223555263,80.39717025751779,1224400
2013-02-14,80.4287109375,80.4602461480278,79.63246942689717,79.65611933111143,2211200
2013-02-15,80.5469741821289,81.3038012630497,79.64824164761501,80.24739867553326,4239800
2013-02-19,80.33412170410156,80.72830286455866,79.99512566551938,80.68888234262208,1894200
2013-02-20,79.68765258789062,80.90961038856963,79.66400268425622,80.554849804601,1915100
2013-02-21,79.38019561767578,79.95569668279731,79.04119961496562,79.75860612342457,2730500
2013-02-22,79.75072479248047,79.86109502172899,79.01754768977167,79.67976906526278,1576200
2013-02-25,78.90716552734375,80.51542505184241,78.88351562495386,80.12912927844683,1644000
2013-02-26,78.4026107788086,79.43536925064161,78.29224056269295,78.91504736204588,2915100
2013-02-27,79.4117431640625,80.05031475090776,78.00845311098362,78.57607497250272,2511000
2013-02-28,79.85320281982422,80.70463538455402,79.45902174519662,79.67976218463194,2213200
2013-03-01,79.9556884765625,80.13701441905475,79.04119150259001,79.48267238556114,1790100
2013-03-04,81.54029846191406,81.56394836436154,79.7507190049186,79.82955401798552,1942000
2013-03-05,81.31957244873047,81.89507355948889,81.00422632578201,81.73740350537818,1611700
2013-03-06,80.85443115234375,81.58760829193498,80.6967611068361,81.31956801162666,1254400
2013-03-07,80.38929748535156,81.9739072503931,80.33411236988876,81.63491125119967,2603300
2013-03-08,81.23283386230469,81.40627449169223,80.30256631672891,80.8701880075515,1549200
2013-03-11,80.75982666015625,81.74527942196124,80.68887093364859,81.6349091938172,2120800
2013-03-12,81.7926025390625,83.18800140095942,81.40630663047175,81.68223227946514,3795000
2013-03-13,81.53243255615234,82.1394749321328,81.13037208942633,81.9817988537553,2459100
2013-03-14,81.1303482055664,82.01330992563689,81.1303482055664,81.4141530336422,2316700
2013-03-15,80.21586608886719,81.19343368189537,80.02666081612271,80.84655835098502,4001800
2013-03-18,80.16067504882812,80.42083603884876,79.6324737767693,79.8926287520632,2138000
2013-03-19,80.50751495361328,80.83862548982003,79.72703238505271,80.30253918679422,2240300
2013-03-20,81.26437377929688,81.48511422413914,80.68098144395545,80.75982247259284,2316400
2013-03-21,81.61125946044922,81.96602609042245,80.9490380413954,81.08305818362389,2216900
2013-03-22,82.86475372314453,82.87263902949626,81.54819025454792,81.56395485252496,2036100
2013-03-25,83.14855194091797,83.38505696291199,82.43113954033412,82.92781151450002,2315300
2013-03-26,83.54275512695312,83.57429034118601,83.12492406413973,83.32201464204998,1452800
2013-03-27,84.07096099853516,84.17344593931321,82.80958243434317,82.96725249934437,1971500
2013-03-28,83.65312194824219,84.40206370778081,83.25894080854252,84.08672360780257,1672900
2013-04-01,83.41658020019531,84.03150158976666,83.07758430405666,83.56637090294078,1005700
2013-04-02,84.89083862304688,84.9460237343038,83.59003984087568,83.77924507736708,1831900
2013-04-03,83.85020446777344,84.93814214359178,83.56639359325973,84.74893689882474,1833200
2013-04-04,83.85020446777344,84.26803547338353,83.14067728148919,83.7713694503477,1575700
2013-04-05,83.40870666503906,83.54272676899139,82.34441309380861,83.01452564302039,1678900
2013-04-08,84.38629150390625,84.42570600548812,83.46390916366718,83.9211546733201,1077600
2013-04-09,83.40084075927734,84.57549879399211,83.24316470495984,84.5518488895261,1947300
2013-04-10,83.36930847167969,83.97634476158949,83.19586781321213,83.3535438730584,1757200
2013-04-11,83.57427978515625,83.88174056668358,82.92782301185183,83.47178884816292,2319400
2013-04-12,83.66887664794922,84.18919857785905,83.29046616685675,83.67676195393376,1437700
2013-04-15,82.15523529052734,83.73984521171754,82.09216486243298,83.13280286708168,1818400
2013-04-16,83.21162414550781,83.40082937012464,82.42326202575777,82.5651674479018,2796500
2013-04-17,82.59671020507812,82.97512673118702,82.25771419732126,82.59671020507812,1882600
2013-04-18,81.68221282958984,82.87264150576138,81.46147236295705,82.58883061588304,1854300
2013-04-19,82.34439849853516,82.50207448823011,81.35894611815668,81.35894611815668,2215600
2013-04-22,82.90416717529297,83.3929478623718,82.20251932321602,82.32866015518857,2048400
2013-04-23,84.55184936523438,84.63068438547344,83.20375067054887,83.36142071102701,1731100
2013-04-24,85.00910949707031,85.41905525259203,84.59127843430957,84.71741327649814,2234300
2013-04-25,86.03397369384766,86.19952905134755,84.98545642968163,85.41905207606892,1848100
2013-04-26,86.14432525634766,86.52274171625564,85.44268345845994,85.85263512458738,2146700
2013-04-29,85.6397705078125,86.30199778207205,85.51363570278352,86.16797767212708,1728300
2013-04-30,85.48210144042969,85.59247165156908,84.89082987444353,85.23771111786753,1561400
2013-05-01,85.31655883789062,85.93148039579792,85.11158298034609,85.245603111741,1199400
2013-05-02,85.68710327148438,86.16011946487771,84.92239085171364,85.27715149307684,1442900
2013-05-03,86.52274322509766,87.04306511470416,85.93935693667805,86.6646486481971,1407600
2013-05-06,86.00244903564453,86.91695228232831,85.95514921761868,86.49123587591285,1112700
2013-05-07,86.49121856689453,86.54640368179,85.66344184346264,85.94724670954899,1617400
2013-05-08,86.4123306274414,86.91688165884099,86.24677538414367,86.64095625334477,863800
2013-05-09,86.04183959960938,86.83808700923734,85.83686376832658,86.62522587278679,1306300
2013-05-10,86.71195220947266,86.83809304201775,86.06549547949393,86.25470672831158,1239600
2013-05-13,86.72772216796875,86.97211251077754,86.40449079804988,86.47544651950379,1246600
2013-05-14,87.8156509399414,88.07581186789032,86.63310782896484,86.94845386150365,1932800
2013-05-15,89.19125366210938,89.29402460729943,87.50735784715562,87.64175201352249,1810600
2013-05-16,88.15559387207031,89.33352987810005,87.92633010700892,89.00939647633741,1533600
2013-05-17,89.37305450439453,89.48373272415455,88.2583589648694,88.70897915432388,1678300
2013-05-20,88.55879974365234,89.4363245134546,88.50346061544465,89.3809853852469,1664300
2013-05-21,89.71300506591797,90.0924715610051,88.70898764999794,88.92244283105674,1946000
2013-05-22,89.63394165039062,90.69329815351762,89.27819106670132,89.59441715859795,2524300
2013-05-23,89.48372650146484,90.28218988399259,88.42437014548725,89.12006865732633,2225200
2013-05-24,90.43241882324219,90.66958992010005,88.74061602475662,88.92244800321585,1769800
2013-05-28,90.78028106689453,91.52340561514103,90.14782873967262,90.9937302592123,2693700
2013-05-29,89.29401397705078,90.63797357526222,89.12799660927111,90.54310392302584,1834000
2013-05-30,88.4480972290039,91.30202726850776,88.44019594965029,90.34544772526708,3459400
2013-05-31,86.6693344116211,89.12798340981307,86.6693344116211,88.63783869129334,3537200
2013-06-03,87.65754699707031,87.7919471740805,85.83134998614544,86.89860790121178,2341400
2013-06-04,87.48363494873047,88.39277685098901,86.88280585740623,87.64174501046789,1855200
2013-06-05,86.3056869506836,87.4282839965302,86.07642315430446,87.056724772928,2018400
2013-06-06,87.8235855102539,87.85520873413644,86.47172435471961,86.59821725024979,2186800
2013-06-07,87.42037200927734,88.50343839390631,87.09623860293567,87.94213993972764,2013400
2013-06-10,87.2069320678711,87.77613793254613,86.67725673383097,87.69708290278841,1563900
2013-06-11,86.9776611328125,87.75241483658623,86.58237998489996,86.76421196680485,1066300
2013-06-12,86.48750305175781,87.61009989140317,86.25823929749039,87.55476078047728,1320200
2013-06-13,87.65754699707031,87.8630948870461,86.18710061399696,86.30568616711805,1230500
2013-06-14,87.7524185180664,88.24256933338549,87.2227432052049,87.25436642214599,1318000
2013-06-17,88.30580139160156,88.93825360763819,87.70497842102924,88.3453319169206,1441700
2013-06-18,88.61412811279297,88.70109045106261,87.91052812607448,88.17932245295663,1250200
2013-06-19,87.11204528808594,89.00938962395568,87.07251476795925,88.72479279878367,1458600
2013-06-20,85.0328369140625,86.74836083876585,84.89053552932924,86.74836083876585,2211900
2013-06-21,85.89457702636719,86.62980005191348,85.30165542613663,85.68902918279768,3111500
2013-06-24,86.67723846435547,87.43617744678542,84.93800405022571,84.95381264024033,1832300
2013-06-25,87.15948486328125,87.49942685956402,86.36101533126619,87.49942685956402,1607800
2013-06-26,87.89470672607422,88.12397049069558,87.04089809193486,87.31759365906031,1539200
2013-06-27,88.13977813720703,88.81966211286976,87.94213758687509,88.20302456087587,922200
2013-06-28,87.41244506835938,88.71687364882135,87.37291455350821,87.9184042946037,1853600
2013-07-01,87.3017807006836,88.3927543242687,87.21481837943652,88.18721250269442,1112700
2013-07-02,87.63384246826172,88.4402195089494,87.3176162960609,87.45991777197564,1279700
2013-07-03,87.68128204345703,87.98169359563934,87.00929915246309,87.30180942303119,752200
2013-07-05,88.35324096679688,88.78804659630524,87.52314817085414,88.73270747867647,1366700
2013-07-08,89.03314971923828,89.30984538419975,88.59833793750373,88.81178715575597,1525200
2013-07-09,89.6102294921875,89.8078700539398,89.13589335028425,89.40468161914195,1360800
2013-07-10,89.84740447998047,90.15572328718004,89.5786101679407,89.71301033971635,1274300
2013-07-11,91.6182632446289,91.65779377170725,90.39288928333946,90.78817042807648,1549900
2013-07-12,92.0688705444336,92.40090521169714,91.07276051113222,91.28621567688074,2233300
2013-07-15,91.6182632446289,91.89495883964251,91.00953293559898,91.70522557899199,1156500
2013-07-16,92.12421417236328,92.29023151413465,91.34946657743025,91.83961129175208,1295200
2013-07-17,92.81201171875,93.04917678088003,91.98191892251619,92.46416238981217,1276900
2013-07-18,92.54322814941406,92.97013254860069,92.02146012697186,92.76458464569332,1180700
2013-07-19,93.34170532226562,93.39704445078108,92.15586168420948,92.9543314226575,1639200
2013-07-22,93.3259048461914,93.94254262658087,93.00967864223155,93.93463531281576,1158000
2013-07-23,94.15596008300781,94.19549060698478,93.51560660885677,93.57885303461545,1079600
2013-07-24,93.20729064941406,94.38522671521547,92.69342397968498,94.07690791968028,1726900
2013-07-25,92.85154724121094,93.03337923880024,92.22700828136809,92.56694430764378,1352200
2013-07-26,92.1558609008789,92.4958029821593,91.34158257471046,92.31397097200406,1863100
2013-07-29,92.60647583007812,93.0491888285844,91.89496848854144,92.08470780062605,1198100
2013-07-30,92.44046783447266,93.53144184784225,92.31397494691585,93.1598765300352,1162500
2013-07-31,92.82784271240234,93.36542542708116,92.47209201759834,92.93061969248882,1925200
2013-08-01,93.55510711669922,93.76065493196329,93.00962342103128,93.34165802387429,1255700
2013-08-02,94.3694076538086,94.47217856374749,93.22308889751783,93.52350637989572,1503600
2013-08-05,94.92283630371094,95.02560725430216,94.02950287668952,94.43268539697954,1336700
2013-08-06,94.47217559814453,94.8042102489186,94.09270311760956,94.26662775320848,1308500
2013-08-07,94.591064453125,94.73373598815888,93.89356253029142,94.4404710891209,1297600
2013-08-08,93.04550170898438,94.2502854287754,92.00717322520683,93.57655474670263,2372700
2013-08-09,91.65045928955078,92.93450321674362,91.4443828688098,92.62538253843394,1676800
2013-08-12,91.72975158691406,92.11020512163091,91.16698706951222,91.61877942148841,1596800
2013-08-13,91.66632080078125,92.2211512717759,90.95296301864626,92.21322339441923,1230300
2013-08-14,90.18414306640625,91.34929337241772,90.03354359775987,91.27003272209858,1656500
2013-08-15,88.60682678222656,89.39151743891675,88.38489455990607,89.13787974952196,1656600
2013-08-16,88.6939926147461,89.17749028133906,88.49583803162432,88.59094836131607,1651000
2013-08-19,88.83670043945312,89.51835296757058,88.61476818326612,88.69402883944713,1259500
2013-08-20,89.43907165527344,89.79575362062846,88.85253563869783,88.9635017486662,1448500
2013-08-21,88.74154663085938,89.46283220674084,88.65435813163859,89.2725994554239,1329300
2013-08-22,88.96349334716797,89.23298676535475,88.69400597618008,88.81289995340369,998500
2013-08-23,89.6213607788086,89.95425905003066,88.50377199764925,89.24090129227024,1444900
2013-08-26,88.67022705078125,89.66100010068057,88.64644341793668,89.56588371089867,1031500
2013-08-27,88.51168823242188,88.67021552812449,88.00441298056953,88.16294027627214,1415500
2013-08-28,87.55264282226562,88.55134387154152,87.47338217804997,88.55134387154152,1648900
2013-08-29,88.28977966308594,88.68608893746813,87.33863982344856,87.41790046888507,1388000
2013-08-30,88.67022705078125,88.92386470966753,88.09954080648743,88.5671827833845,1207700
2013-09-03,88.7574234008789,89.66892984951996,88.41659719972814,89.41529216823561,1204600
2013-09-04,88.37696075439453,88.99520220288238,88.25806677263938,88.76534211740885,1397900
2013-09-05,90.84994506835938,91.23039860556949,89.56590077407535,89.56590077407535,2564100
2013-09-06,90.63591003417969,91.15904106469486,89.66099281868986,90.5962827437214,2232000
2013-09-09,91.42854309082031,91.52365948815043,90.30302626814408,90.49325301560502,1262000
2013-09-10,92.98998260498047,93.18020931172454,91.57119506295211,91.82483268767686,1665400
2013-09-11,94.51974487304688,94.59107762689955,93.13266266316988,93.18814570967702,1808600
2013-09-12,93.67958068847656,94.58316527770889,93.41801513706743,94.36915490030172,1371000
2013-09-13,92.7601318359375,93.9807649167015,92.66502149665627,93.94905945454157,1661000
2013-09-16,93.0137939453125,93.89360109821314,92.70467316696364,93.81434044556987,1767100
2013-09-17,93.4576416015625,93.94113327846141,92.80768868631108,92.97414387746488,990900
2013-09-18,94.03624725341797,94.36914553278503,92.70464808875114,93.27533430892242,1858800
2013-09-19,94.48013305664062,94.69414346134766,94.03626858347035,94.37709481742607,1219500
2013-09-20,93.4814224243164,94.67827193618628,93.21985688310026,94.60693917796308,2587100
2013-09-23,93.18814849853516,93.66371834671432,92.77598957603288,92.79976716136203,1762600
2013-09-24,92.21319580078125,93.59235578261216,92.19734609800935,92.98996427493418,1650000
2013-09-25,91.47610473632812,92.3955390593095,91.15112824601277,92.3004226615393,2268800
2013-09-26,92.26079559326172,92.32420652526572,91.34135522080165,91.85655846073536,1039100
2013-09-27,91.72178649902344,92.11016775525873,91.48399860088901,91.6345980061873,897500
2013-09-30,91.28584289550781,91.59496353090599,90.94501680427426,91.1748768236827,1829000
2013-10-01,91.15110778808594,91.28585145261908,90.8736925825183,91.2382962880069,1452200
2013-10-02,91.00843811035156,91.22244240268583,90.61212893794152,90.84991686026677,1640200
2013-10-03,90.69140625,91.26209253082715,90.2792472956244,90.6279953194194,1608000
2013-10-04,90.70726776123047,91.11149886313044,90.38229125678586,90.50118524736803,1084900
2013-10-07,89.89083862304688,90.49322413898365,89.85120529167328,90.2078810852463,1293900
2013-10-08,88.93971252441406,90.19205108415564,88.86837976899521,89.95426313836214,2148600
2013-10-09,90.82613372802734,91.33341503491444,87.30691236983468,88.04404767644496,5852500
2013-10-10,91.7059326171875,91.91201506329286,90.46152215893171,91.13525253498412,2388300
2013-10-11,91.8644790649414,91.94373970007067,90.94503876528526,91.27794310834629,1563000
2013-10-14,92.14982604980469,92.18153151462447,91.15905295118318,91.15905295118318,1195100
2013-10-15,91.43643951416016,92.03090318677448,91.3651007289039,91.75348801566057,1503100
2013-10-16,93.02172088623047,93.12475912890713,91.64256619311153,92.15776345369497,1854900
2013-10-17,93.73505401611328,94.08380200127921,92.8156137661338,92.91865802871338,2099700
2013-10-18,93.24362182617188,93.80638012669021,92.44307560275371,93.78260254383984,2727100
2013-10-21,93.03754425048828,93.13266063408473,92.53819684280333,93.06132788178618,1454600
2013-10-22,93.37836456298828,94.23439382025707,92.80767839147578,92.87901718651385,1386000
2013-10-23,92.86315155029297,93.55272551657927,92.75217943847068,92.93448428589625,1183200
2013-10-24,92.13394927978516,92.57781963882454,91.29377581888549,91.57911888998306,2250100
2013-10-25,92.29249572753906,92.30834543602478,91.38098328603726,91.9199640825358,1840100
2013-10-28,93.0137939453125,93.75885738399957,92.10228132191452,92.10228132191452,1802400
2013-10-29,94.1234359741211,94.31366269887425,93.02962474779225,93.26740664193407,1881000
2013-10-30,93.33873748779297,94.24232191235457,92.90279498155796,93.99660611465937,1108600
2013-10-31,93.52897644042969,94.00454629763617,93.10888963244398,93.41801034198814,1587700
2013-11-01,94.81301879882812,94.95569035815406,93.96491732039034,94.09173312468076,2185100
2013-11-04,95.38367462158203,95.43123582733952,94.52765153151059,95.11418732681071,1588900
2013-11-05,95.21723175048828,95.45501965324513,94.40083589005934,95.23308750251077,1419700
2013-11-06,98.34017181396484,98.72855316505775,95.36785259731741,95.46296898924173,3059000
2013-11-07,97.3177261352539,98.87125811134496,97.1037217401683,98.87125811134496,2459500
2013-11-08,97.3177261352539,97.40491467882237,96.00198219565883,96.86593370367233,2314300
2013-11-11,97.50792694091797,98.02313018450754,96.77871935929548,97.28599472452846,1275700
2013-11-12,97.05611419677734,97.27805241364206,96.3189788919857,96.39031768777744,1588000
2013-11-13,97.87459564208984,97.87459564208984,96.62702652969647,96.87336600255807,1679300
2013-11-14,98.32754516601562,98.58182660281167,97.62032473047199,98.04942579179303,1488000
2013-11-15,98.76459503173828,99.08244834595908,98.04942659037839,98.26398015406022,1784200
2013-11-18,97.98584747314453,99.05860308717362,97.67594218188417,99.05860308717362,1327600
2013-11-19,98.24010467529297,98.6135817451399,97.83484774049997,98.16859088534565,1233600
2013-11-20,97.54878997802734,98.70100116498945,97.28656059753095,98.53412957627712,1135900
2013-11-21,98.44672393798828,98.69305733231131,97.19120690796436,97.69976969385186,1164200
2013-11-22,99.49565124511719,99.60689899329097,98.53414938587365,98.74075494500251,1502000
2013-11-25,99.46385955810547,100.21876187712667,99.24931207404407,99.86117465362803,1391900
2013-11-26,99.4718246459961,100.21877909391443,99.36057688514208,99.49566258581505,1597700
2013-11-27,99.63072204589844,100.03598510372808,99.48768838210836,99.84527557285688,873400
2013-11-29,99.67046356201172,100.14724045674701,99.44002008267111,99.8850110427511,725400
2013-12-02,98.28778076171875,99.8770406666699,98.0970652080919,99.85320273810291,1444900
2013-12-03,98.3910903930664,98.51028611046445,97.71565607787223,98.31162860231639,1767900
2013-12-04,97.7156753540039,98.89967263861766,97.23095045349848,97.94611883642018,1644000
2013-12-05,96.11051940917969,97.22300289178321,95.75293824738263,96.54756844030697,3329000
2013-12-06,96.9925537109375,97.06407357662415,96.16613763133462,96.94487784217768,1734800
2013-12-09,96.67469024658203,97.61234784144135,96.45218875050712,97.59645790870893,2192500
2013-12-10,95.38740539550781,96.53167476906103,95.33178152665714,96.30123129452339,3163300
2013-12-11,94.21926879882812,95.59398121958658,92.94786214707024,93.8457917686925,6113600
2013-12-12,93.94116973876953,94.87883348276976,93.84581194593095,94.17955512704634,2023600
2013-12-13,93.6948471069336,94.60072502396933,93.29753201831977,94.56893908937458,1722600
2013-12-16,93.766357421875,94.48152576726308,93.39288028247528,93.7027855550523,2069500
2013-12-17,93.40876770019531,94.05241612064746,92.98760866809157,93.90143446644902,1722800
2013-12-18,94.16365051269531,94.24311229639946,92.05787990053521,93.59151596995267,3167600
2013-12-19,93.75839233398438,94.11597947277615,93.17036782941815,93.63919662105378,2339400
2013-12-20,94.1875228881836,94.60073401463914,93.52003638589838,93.52003638589838,3007000
2013-12-23,94.31462860107422,94.66426164874198,93.86963171647255,94.64042372078114,1181600
2013-12-24,94.31462860107422,94.4417662377138,93.90936563810412,94.31462860107422,612500
2013-12-26,94.26700592041016,94.64843119510873,94.23521997563952,94.30673986701072,1169900
2013-12-27,94.1875228881836,94.80733351531921,93.96502738742186,94.45770032664264,995100
2013-12-30,94.37822723388672,94.85501020921589,94.21930361714192,94.52126091397601,812800
2013-12-31,94.57689666748047,95.12519352046134,94.33056321181573,94.7119884274868,1181700
2014-01-02,93.61536407470703,94.79936721201712,93.55974021381333,94.33053233087342,1618400
2014-01-03,93.20217895507812,94.0524330454563,93.07503521023217,93.93323730030006,1293500
2014-01-06,92.49494934082031,93.5676988153661,92.08968627264191,93.36109328182755,2120200
2014-01-07,92.06584930419922,92.6220879820066,91.68442416616922,92.48700231204579,2292500
2014-01-08,90.6275863647461,92.20889893325685,90.52428054773895,92.20889893325685,4600000
2014-01-09,94.17159271240234,94.64042145117644,90.62754402697713,92.33599349034931,5759400
2014-01-10,93.64714813232422,94.28285458344249,92.701542516032,93.9252674312337,2790200
2014-01-13,91.1996841430664,93.39286468171561,91.04870856276577,93.01938760470317,3164200
2014-01-14,92.35985565185547,92.836632481079,91.47781578964613,91.5413815876753,2320600
2014-01-15,92.3677749633789,92.72536204462054,91.58109308471903,92.23268933965298,1847500
2014-01-16,91.82746887207031,92.55058530267986,91.62086937407983,92.5267473654154,1938200
2014-01-17,92.40751647949219,92.66179781787123,91.72413424587124,91.85921988070332,2708100
2014-01-21,91.32682037353516,92.2644839568063,91.25530052552914,91.86716898190404,2110800
2014-01-22,90.38916778564453,91.50959906118544,90.34149192287127,91.39040334170613,2501600
2014-01-23,89.63431549072266,90.2143923132303,89.31646210422099,90.19055437018876,2162300
2014-01-24,89.10186767578125,89.68989829333525,88.93499608838229,89.5468646380581,3183100
2014-01-27,89.85676574707031,90.37327648195163,89.02240178591232,89.44355473414683,3784900
2014-01-28,90.88978576660156,91.19174907503361,90.14283761887455,90.21435141557919,2362100
2014-01-29,89.18131256103516,90.7387863714545,89.08595479456447,90.62753867517775,2356000
2014-01-30,89.57865905761719,90.18257360375591,89.07009018645512,89.59454899302216,1625800
2014-01-31,89.28463745117188,90.01569567940098,88.30723977236283,88.4343834968617,2143600
2014-02-03,87.55236053466797,89.79321758045711,87.44906078545539,89.7614316431884,3111900
2014-02-04,88.11652374267578,88.46616289668798,87.0119884834602,87.98938609010972,2529600
2014-02-05,87.81459045410156,88.04503395365879,87.25040370520536,87.58414695454435,2374200
2014-02-06,90.79444122314453,91.04872262468433,89.79320555221732,89.80115355110672,3738900
2014-02-07,90.6196517944336,91.07259088118585,90.09519281895793,90.65143773802747,2194100
2014-02-10,90.4686508178711,90.6673083761284,89.45947308944486,90.61963250216186,1871700
2014-02-11,91.37449645996094,91.50164016227072,90.19049952929176,90.51630071955152,1768900
2014-02-12,91.47809600830078,91.9721006418981,91.07174353506574,91.53387023476058,1737700
2014-02-13,92.27488708496094,92.37050266327178,90.94426886788037,90.94426886788037,1583300
2014-02-14,92.50594329833984,92.81668629488904,91.23109945622328,91.75697596049726,1517900
2014-02-18,91.91632080078125,92.75294022550852,91.5657364964865,92.66529414943484,2056500
2014-02-19,91.5577621459961,91.86850507712951,91.04781863756484,91.71711531311396,1802600
2014-02-20,91.67729949951172,92.06772520180961,90.73710096237873,91.28687987614919,1837100
2014-02-21,90.18732452392578,92.019910698377,89.97219101020502,91.94820357976016,3654300
2014-02-24,90.78491973876953,91.47811295620522,90.19529943103173,90.40246348723517,2281900
2014-02-25,91.99600219726562,92.33861703646058,90.83270685647071,90.83270685647071,1920800
2014-02-26,92.3306655883789,93.08760860740041,91.92431303937425,92.02789202813184,1924500
2014-02-27,92.60155487060547,92.7609080643938,91.85258148614402,92.45016508125228,1374400
2014-02-28,93.06371307373047,93.59755310562689,92.33864186231054,92.82467713879423,2103000
2014-03-03,92.22708892822266,93.27883604908469,91.71715129864931,92.60157570470784,1667000
2014-03-04,92.94417572021484,93.15133974868745,92.3067507459615,92.91230386360867,1808300
2014-03-05,92.8007583618164,93.18320849540616,92.2748818294614,92.880434966403,2305700
2014-03-06,90.24310302734375,91.34265478408712,89.45428821159105,90.15545693670457,8921900
2014-03-07,90.4343032836914,90.84066176706759,90.1474627164769,90.67333911601474,2905600
2014-03-10,91.30282592773438,91.30282592773438,90.0359513007722,90.20327402061987,2319100
2014-03-11,91.39842987060547,91.43030172922082,90.76897434055732,91.27891192053181,2201800
2014-03-12,91.79680633544922,92.12348828203862,91.03190007089026,91.14344852120502,2173400
2014-03-13,91.15938568115234,92.25893727486428,90.98409352586468,92.1553583098918,2519600
2014-03-14,90.39447784423828,91.58964505810975,90.29886835764684,91.58964505810975,2290000
2014-03-17,90.40245056152344,91.19922873260572,90.34667633270507,90.94425996101678,2189200
2014-03-18,90.71320343017578,90.92833696397493,90.05187601729051,90.75304477463804,2501000
2014-03-19,89.91639709472656,91.03188752304959,89.60565415754903,90.46617586616397,1635600
2014-03-20,90.1634292602539,90.21123400976778,89.34274256034041,89.68535744937284,1408200
2014-03-21,90.697265625,91.29484928593773,90.27497414390034,91.159398448403,4442300
2014-03-24,90.33074951171875,90.83271760480221,89.94829328917747,90.82474812045426,2501700
2014-03-25,90.77696990966797,91.19926151952946,90.6654214119286,90.68932379302458,2199400
2014-03-26,89.62957763671875,91.20720114077609,89.60567526344951,91.05581133815727,1905900
2014-03-27,89.2630386352539,89.98810953531806,89.0957159842238,89.63752526900716,2039500
2014-03-28,88.96824645996094,89.86860353361277,88.56188792276652,89.51801922082271,2795500
2014-03-31,88.98419189453125,89.46225761096859,88.89654580397527,89.19135593393041,2119500
2014-04-01,89.12762451171875,89.6774035048733,88.84875331190712,89.4064957115304,2566200
2014-04-02,88.88060760498047,89.24712483498624,88.39457243327098,89.15947874966584,3296800
2014-04-03,89.00012969970703,89.35868356603962,88.66548428761187,89.03200155975453,2328900
2014-04-04,88.16350555419922,89.23915486581264,88.14756658662672,89.1993135258164,2716200
2014-04-07,88.27506256103516,88.54596424665479,87.93244767226376,88.2272578115577,3119400
2014-04-08,89.76502227783203,89.82875990485766,87.948363131578,88.09178343052083,3863900
2014-04-09,90.07576751708984,90.14747462890226,89.32679415050939,89.81282928257528,2899600
2014-04-10,89.30289459228516,91.18329147219991,89.19134613999655,90.92832271283527,3305100
2014-04-11,89.30289459228516,89.86063685372821,88.76108521876846,88.79295707355588,3097800
2014-04-14,89.68535614013672,90.03594050861547,88.8646755311392,89.62958190687287,2519000
2014-04-15,89.2869644165039,90.00406602248896,88.8009292212771,89.70129249059985,2123700
2014-04-16,90.42634582519531,90.54586375724881,89.45427556026424,89.87657306404452,2455000
2014-04-17,90.4343032836914,90.85659465238673,90.13152983115775,90.45023616901055,1659000
2014-04-21,90.91241455078125,90.91241455078125,90.35467210035249,90.44231821098226,1826800
2014-04-22,90.48213195800781,91.0159779809151,90.44229669470361,90.83271631712269,2315100
2014-04-23,91.46217346191406,91.62152667583591,90.29887797926536,90.41839592917447,1991200
2014-04-24,91.65337371826172,91.87647058892058,90.94424177412444,91.54979476515119,1939300
2014-04-25,91.63745880126953,91.86852519945539,90.99206435153143,91.50997137650423,1721200
2014-04-28,92.09957885742188,92.91229593418181,91.70915928545224,91.70915928545224,3018800
2014-04-29,91.94821166992188,92.38643606198661,91.75698659118338,91.93227270064787,1580300
2014-04-30,92.1712875366211,92.2350312412731,91.43825316992573,91.66135005727352,1633800
2014-05-01,92.0756607055664,92.42624495929141,91.58166225233592,92.17127625083691,1168000
2014-05-02,91.74900817871094,92.53781687081923,91.67729498182742,92.53781687081923,1321100
2014-05-05,91.22313690185547,91.67730024507465,90.77694304295535,91.67730024507465,1398000
2014-05-06,89.90050506591797,91.22315400083458,89.85269422997737,91.05583127238387,1945300
2014-05-07,89.22320556640625,90.10762357808927,88.92839550988933,89.90046566922926,2950600
2014-05-08,91.41435241699219,91.48605952679308,90.01202128452032,90.0996673602332,2556900
2014-05-09,91.94023132324219,92.16332823523584,91.07174604741905,91.27094058726122,1954600
2014-05-12,92.8326416015625,93.15135413792119,92.09163753807634,92.25099076678768,1940500
2014-05-13,92.65735626220703,92.90435560867621,92.49003353599213,92.68125864038967,1229400
2014-05-14,92.0139389038086,92.78918110990313,91.79815279061464,92.49347443987985,1255300
2014-05-15,91.39057159423828,91.75022333117775,90.80714590388949,91.71825388139096,1883200
2014-05-16,92.39757537841797,92.56541039385368,91.39855307400427,91.5743819751888,2145300
2014-05-19,93.0049819946289,93.1488414493576,91.80615523773909,91.98197804014244,2212800
2014-05-20,92.0139389038086,92.79717499485035,91.89406111733841,92.5414255544679,2126900
2014-05-21,91.52644348144531,92.16582032608416,91.23873060866227,91.989991388931,1712700
2014-05-22,91.69426727294922,91.91005341108006,91.4305239171406,91.53442004327052,1059900
2014-05-23,91.86212921142578,92.02996427861174,91.5184651888402,91.96602536800276,1100300
2014-05-27,91.0069808959961,92.08592427336112,90.8071763410192,91.91009528937327,2583900
2014-05-28,91.30265808105469,91.87010210118476,91.07887802776949,91.11084747788868,2388800
2014-05-29,91.22276306152344,92.06194459399737,90.71925780056958,91.57442101380597,2976700
2014-05-30,92.72528076171875,92.7812257845046,91.1188567799179,91.59838641773234,2622400
2014-06-02,92.45353698730469,92.82117652964757,92.34164695691987,92.58140869450905,1082100
2014-06-03,92.31767272949219,92.70928784150885,92.1258560195845,92.28570327784091,1127400
2014-06-04,92.95704650878906,93.10090599714812,92.12585903133119,92.14184680645421,1293000
2014-06-05,94.10791778564453,94.25977115409405,93.28472423624848,93.50850429656398,2614300
2014-06-06,94.49153137207031,94.49951916052859,93.97203853750567,94.05995299093424,1664800
2014-06-09,94.13188934326172,94.9870523073848,93.88413372953558,94.47555330627655,1623100
2014-06-10,93.58843231201172,94.09194358527928,93.42859114124255,93.80422459985492,1089100
2014-06-11,92.90106201171875,93.46051804983507,92.69326980381989,93.07689087805396,1117100
2014-06-12,92.2616958618164,93.05291969999428,91.9659831092936,92.81315194415986,1423400
2014-06-13,92.14983367919922,92.4695159867286,91.64632245949704,92.4695159867286,1230000
2014-06-16,92.25374603271484,92.27772160023827,91.8701186596894,92.16583155342882,1503100
2014-06-17,92.26972198486328,92.54145929421303,92.02196633909868,92.22976474065439,1505800
2014-06-18,92.92505645751953,92.98100146294959,91.96599747941896,92.437539180228,2113100
2014-06-19,92.91709899902344,93.17284854983454,92.53347162403163,93.16485466143568,1635800
2014-06-20,92.19779968261719,93.22879175414037,91.98200738291109,93.22879175414037,2958000
2014-06-23,92.0859146118164,92.16583520591176,91.51847046692372,92.06992683446704,1501600
2014-06-24,92.95704650878906,93.11689377227113,91.97401175296027,92.33365742508308,1906600
2014-06-25,92.92505645751953,93.06891591398944,92.45352085425876,92.7092703215888,1188700
2014-06-26,92.42156219482422,93.10889011177947,92.13384324830578,92.9010917398386,1252100
2014-06-27,92.3016586303711,92.50945695806541,91.9180375150637,92.41354863046472,2477300
2014-06-30,92.03793334960938,92.78120011921041,91.98997613080883,92.40557284015505,1386600
2014-07-01,92.2616958618164,92.4694880794891,91.83011755984285,92.34161641457877,1501700
2014-07-02,92.50950622558594,92.63738406382372,92.10989712741926,92.10989712741926,1122200
2014-07-03,92.98900604248047,93.18081664064916,92.54943983427935,92.59739095943428,976000
2014-07-07,92.96504211425781,93.10090771756602,92.61338422564857,92.97303600196703,1576900
2014-07-08,93.87612915039062,94.02798249508132,92.79718625836591,93.06891740407728,2584200
2014-07-09,94.52947235107422,94.58558695690205,93.88014532420448,93.96030817309664,2328100
2014-07-10,94.6577377319336,95.10665457822338,94.19278464625727,94.19278464625727,2266400
2014-07-11,94.60163879394531,94.79403088621419,93.86412456085168,94.69783178206258,1684700
2014-07-14,94.08055114746094,94.98640291845439,94.03245466355973,94.761944505538,1695500
2014-07-15,94.44929504394531,94.79400074584422,93.93624555033284,94.72185602769515,2634200
2014-07-16,94.47334289550781,94.94631402688445,94.3210353413631,94.6657349258146,1531200
2014-07-17,93.62361907958984,94.22484961096454,93.45527526472893,94.07253591921898,1433300
2014-07-18,94.38517761230469,94.43328021489253,93.47932579134003,94.04848997435677,2148600
2014-07-21,93.82405853271484,94.52148836850107,93.67976291551891,94.13669801730019,1334400
2014-07-22,94.23286437988281,94.62566660059136,93.87212240426503,94.01641797130554,1769000
2014-07-23,94.26493072509766,94.40121429770123,94.00840593554004,94.12064126475282,1155200
2014-07-24,94.705810546875,94.81803973039644,94.1606947486144,94.19276110333935,1347700
2014-07-25,94.23286437988281,94.61764848130215,93.84807416243045,94.5615338783438,1543700
2014-07-28,93.88817596435547,94.32106274534065,93.63966314880606,94.1447007846392,1402600
2014-07-29,95.31507110595703,95.87621709451393,95.01846187427263,95.33911934603339,2544900
2014-07-30,94.73789978027344,95.45135952611273,94.14468736468383,95.22690110486441,2024900
2014-07-31,94.22486114501953,94.86617012070181,94.01643282280665,94.22486114501953,2476800
2014-08-01,94.49739837646484,94.85814034147144,94.1607107686183,94.43327177213658,2089500
2014-08-04,94.7138442993164,94.8982182243804,93.88013728694004,94.23286113110811,1683800
2014-08-05,94.6336898803711,94.7539310961009,94.0244412178622,94.19278503591728,1798600
2014-08-06,95.86822509765625,96.17285253104747,94.43329337649936,94.55353460964407,2859800
2014-08-07,94.43328094482422,95.39524737954916,94.16873803466316,94.76996858537461,2698200
2014-08-08,95.52354431152344,95.71593643866257,94.44132407078163,94.56157144375689,2319900
2014-08-11,95.53955078125,95.80409371307768,95.15476050622483,95.71591273580178,1227600
2014-08-12,95.40325927734375,95.61168145112005,95.03450529754758,95.2108611101199,1082100
2014-08-13,95.10664367675781,95.475397631947,94.7940043209228,95.39523479230286,1449700
2014-08-14,95.60369110107422,95.61170310616507,94.84212861106823,95.00246045340158,1067900
2014-08-15,95.05054473876953,96.15680678661458,94.4172478039777,96.1247465383005,2019900
2014-08-18,95.76402282714844,95.94038480674729,95.355184248627,95.3952687407303,1232900
2014-08-19,96.68589782714844,96.7981270503879,95.58764772426622,95.69987694750569,1708900
2014-08-20,96.92638397216797,97.18290876211161,96.26903269965185,96.55762385284262,1287200
2014-08-21,97.49555206298828,97.70397425839089,96.77407415111936,96.83018876004063,1544300
2014-08-22,97.23100280761719,97.84826346553398,97.11877359708687,97.72000413179929,1401400
2014-08-25,97.3111801147461,97.80018151158677,97.09473978114434,97.63183767077781,1097300
2014-08-26,97.07067108154297,97.47149143837359,96.88629714237953,97.3432321045251,1385400
2014-08-27,97.19090270996094,97.46346368890902,96.86223325079587,97.46346368890902,1028200
2014-08-28,96.97450256347656,97.19896104133635,96.75805609122976,97.00656893403294,799400
2014-08-29,97.06267547607422,97.54365876232339,96.66185505152754,97.54365876232339,1047300
2014-09-02,97.44741821289062,97.50353280381945,96.91833865785188,96.99850148545997,1469900
2014-09-03,97.27911376953125,97.75208504089264,97.0867216822824,97.5596868376096,1901000
2014-09-04,100.32537078857422,100.34140091726542,98.24911745103006,98.60184144259016,4440300
2014-09-05,101.81639099121094,101.83242111478167,99.97261486287442,100.23715777204185,2910600
2014-09-08,101.48774719238281,102.06492967852529,101.21519219394628,101.84848930423952,2057400
2014-09-09,101.09492492675781,101.39954623847565,100.79831561974513,101.11897317294157,1500500
2014-09-10,101.14300537109375,101.39953014974213,100.90251683137956,101.25523457950034,1014900
2014-09-11,100.95866394042969,101.43162916870095,100.71816920725217,101.1350259292885,1511200
2014-09-12,100.50172424316406,101.20716605029655,100.22114502861258,101.20716605029655,1598300
2014-09-15,100.77424621582031,101.43159130964683,100.56581793259743,100.66201701316942,1615300
2014-09-16,101.3514404296875,101.64003158943302,100.62194441032143,100.68607713827234,1684400
2014-09-17,101.0147476196289,101.45564634068371,100.74218659778357,101.03077774278063,1594000
2014-09-18,101.39154052734375,101.64806536261707,100.97468384750303,101.17509406618639,1401500
2014-09-19,101.40754699707031,102.04084387429614,101.38349875500388,102.04084387429614,3018500
2014-09-22,100.87042999267578,101.40752768330889,100.6700198589143,101.30331661552441,1453700
2014-09-23,100.61393737792969,100.99872153258113,100.37344269424715,100.97467328741965,1563100
2014-09-24,102.30537414550781,102.43363345938036,100.67002661041467,101.0788589071637,2076300
2014-09-25,100.73417663574219,102.24927711966568,100.68607403324565,102.16910815418257,1819900
2014-09-26,100.63797760009766,100.74218869283419,99.70807142109463,100.53376650736114,2045300
2014-09-29,100.46163177490234,100.68609023589535,100.02874497897253,100.22915519286406,1171000
2014-09-30,100.46163177490234,100.68609023589535,100.02072685792724,100.09287771526606,1665300
2014-10-01,100.01271057128906,100.75021865898829,99.76419775779925,100.40551286121064,1408700
2014-10-02,100.83837890625,101.17506651410271,100.06078649094768,100.19706393469289,1545800
2014-10-03,101.8805160522461,102.32943901383385,101.01474872382447,101.1670563015471,1770300
2014-10-06,101.17507934570312,102.34547411860308,100.95062091200089,102.25729314592954,1907500
2014-10-07,100.42154693603516,100.87046997249236,100.00469638364741,100.48567967210538,2334100
2014-10-08,103.1952133178711,103.37157526655555,101.93664366451468,102.7703446866042,4262500
2014-10-09,102.93868255615234,104.80650680661583,102.76232062815555,102.78636886996729,2962700
2014-10-10,103.33146667480469,105.34359237481364,102.81841718888724,102.81841718888724,3353000
2014-10-13,101.78431701660156,103.29140539295219,101.72018429504772,103.06694698354667,2445200
2014-10-14,101.20716094970703,102.59400236110278,100.42155019741847,102.20921204821899,4003500
2014-10-15,99.6439437866211,100.76623590003975,98.82626682852086,100.28525269199842,3784300
2014-10-16,98.56172180175781,99.28319965630526,97.84025006324353,98.34528150341016,3542900
2014-10-17,99.92452239990234,100.80632601660227,98.74610949891624,99.21907461371548,3198900
2014-10-20,102.94668579101562,103.30742161953245,99.92450337876892,100.06879893338214,3499800
2014-10-21,104.437744140625,104.73434727037764,102.74628185980498,103.3635485925956,2105600
2014-10-22,104.64620208740234,105.48792751407515,104.46985233551909,104.66223833105352,1880000
2014-10-23,104.68627166748047,105.39973150744827,104.49388569935226,105.03899558513973,1763600
2014-10-24,104.56602478027344,104.64618151863425,103.0589362071073,103.07497244760646,2490300
2014-10-27,104.95079803466797,105.22335293452703,103.60404754214113,103.60404754214113,1629600
2014-10-28,105.06302642822266,105.41575028745575,104.34155470311215,104.99088170212484,1439700
2014-10-29,105.76043701171875,105.81655772432723,104.95879642289809,105.24738752415611,1705800
2014-10-30,106.61820220947266,106.8667088439583,105.27946384506619,105.41574128229816,1302100
2014-10-31,106.91485595703125,107.82071419876308,106.3857821948833,107.7806297024609,2373900
2014-11-03,107.63629913330078,107.65232314005213,106.91481517130474,107.27556326833587,1947000
2014-11-04,109.46402740478516,109.60030484021766,107.41182940663593,107.90884266904443,2802500
2014-11-05,109.42395782470703,110.4741052064069,109.04718570930939,110.21758653774889,2116800
2014-11-06,109.89694213867188,110.36189530353036,109.5041459473079,110.13743684215989,1685900
2014-11-07,110.39398193359375,110.5543076791069,109.44002723449557,109.86489596453707,1589400
2014-11-10,110.37789916992188,110.5382248478647,109.0070883245706,110.50616460510219,1958000
2014-11-11,109.86486053466797,110.58633227284784,109.5522211505145,110.4500548215057,1495500
2014-11-12,110.02960205078125,110.39128697602006,109.42681019382556,109.86886000835942,1910200
2014-11-13,111.4843521118164,111.52452842529692,110.38324395984813,110.62436315989099,2235900
2014-11-14,111.29950714111328,111.66117987435702,110.96999018103983,111.66117987435702,1598600
2014-11-17,111.29147338867188,111.31558408642864,110.27878729138571,110.27878729138571,1228100
2014-11-18,111.88623046875,111.9907060691422,110.94586421838346,111.29950413068647,1574600
2014-11-19,112.52921295166016,112.63370082907414,111.7897895252609,111.7897895252609,1362600
2014-11-20,111.91839599609375,112.52922088780592,111.73354319241601,111.76568670720664,1518300
2014-11-21,112.29613494873047,113.18826762296597,111.90230641662896,113.16415692343271,1849200
2014-11-24,112.36042785644531,112.51313712070959,111.87015655404471,111.98267723342349,1645800
2014-11-25,111.61294555664062,112.80246374954382,111.50846996551806,112.60153311391144,1865800
2014-11-26,112.32022857666016,113.22843900049016,111.74958015882454,112.11929793519923,1631900
2014-11-28,114.22502136230469,114.90819029467133,112.77028580855229,113.56597538419729,1442600
2014-12-01,114.11256408691406,115.18956200073819,113.54192774477583,115.18956200073819,1952100
2014-12-02,114.98056030273438,115.21364673889234,113.93571840536781,114.47421110900137,1765400
2014-12-03,114.68321228027344,115.17348369586735,114.1125636763512,114.9162865042863,1793900
2014-12-04,114.94841003417969,115.326160638431,114.14468743174432,115.326160638431,1315900
2014-12-05,115.1332778930664,115.18149929332107,114.09648099608548,115.07701141687913,1198000
2014-12-08,114.39385223388672,114.97253355328344,114.08843368647318,114.97253355328344,1945100
2014-12-09,114.96446990966797,115.03681426078454,113.22843849569821,114.23309169852395,2090300
2014-12-10,112.72213745117188,118.00260282483171,112.03896807623552,116.49159983866939,4910300
2014-12-11,113.65440368652344,114.67512244968961,113.05964461098252,113.39720659531689,2401300
2014-12-12,110.81731414794922,113.61426632458995,110.7771255513524,112.51316990809678,3663400
2014-12-15,111.06643676757812,112.11931149394573,110.15822623391695,111.43614232482872,2451200
2014-12-16,110.35916137695312,111.9585739562695,109.74833654324271,111.33970404674818,2470100
2014-12-17,111.98267364501953,112.21574780775178,109.93317851987734,110.35915052557807,2428500
2014-12-18,113.77495574951172,113.77495574951172,111.95050223082933,112.66581476912202,2903400
2014-12-19,113.94375610351562,114.53047016593085,113.59011619833377,113.7267475682752,4030000
2014-12-22,115.10111236572266,115.14933375675412,114.00804920162207,114.40186540426765,1776900
2014-12-23,115.85661315917969,116.5156716078254,115.47082972748917,116.16203168551152,1459700
2014-12-24,115.45474243164062,116.4352849494779,115.41456611415263,116.1861329146531,738700
2014-12-26,115.2860107421875,115.6316056905662,114.99667001766306,115.42264215879102,1233100
2014-12-29,115.20564270019531,115.61554924640242,114.72341629690996,115.21368777841192,1356400
2014-12-30,115.32616424560547,115.80839046384959,114.93233574311385,114.93233574311385,1158800
2014-12-31,113.92767333984375,115.84053696479117,113.8794519482624,115.3261550148683,1477900
2015-01-02,113.81517028808594,115.05289783097321,113.17218968520224,114.02413377189329,1471000
2015-01-05,112.52118682861328,114.25723094014684,112.3604447287682,113.87948026040104,1748500
2015-01-06,114.00804901123047,114.88410365039354,112.40060390575711,113.01142863085714,3185200
2015-01-07,115.99327087402344,116.08166860149377,114.41796891907163,114.61086679023991,2171600
2015-01-08,116.98985290527344,117.42386995183577,116.49154884661505,116.98985290527344,2937700
2015-01-09,115.18956756591797,116.58000469655042,115.10919037341715,116.12187677420368,1727000
2015-01-12,114.54654693603516,115.8646514927983,114.22505054180422,115.39849091903855,1344800
2015-01-13,113.39724731445312,116.06561290664305,112.83464380520728,114.28938011619896,2198500
2015-01-14,111.96660614013672,112.68996392046138,111.1066292378139,112.5292095711659,2207900
2015-01-15,111.96660614013672,112.65780814506827,111.4120355210383,112.48098817191125,1819600
2015-01-16,112.29613494873047,112.48903280883151,111.09055091672764,111.74959714369501,1784800
2015-01-20,112.02288055419922,113.54191605754927,111.20307991726615,113.0998660933287,1836100
2015-01-21,111.82994079589844,112.28002340404919,111.21911615109832,111.59686668233154,1682000
2015-01-22,113.5418930053711,113.54992581624026,111.22716803637788,112.11930059619124,1897500
2015-01-23,114.1688003540039,114.37776381972995,113.22040128745118,113.79908255359057,1696800
2015-01-26,114.86003875732422,114.9725594690236,113.78305305051049,113.85538516578056,1482800
2015-01-27,113.31684112548828,114.77157690670388,113.22038608486055,114.73138832842835,1786500
2015-01-28,112.21572875976562,114.49026485036443,112.16750737316728,113.80710810050162,2016300
2015-01-29,113.03556060791016,113.07574919588001,111.6451237637668,112.64977714383704,1873400
2015-01-30,114.92428588867188,115.575299158249,113.5981363915405,115.00465078121086,5169000
2015-02-02,117.34346771240234,117.52832042629598,112.62562125688419,115.73602294921875,4797500
2015-02-03,123.5723648071289,123.68488549428605,116.35493841356848,117.63285455996079,10302900
2015-02-04,125.31647491455078,126.06394359959162,122.22214906295825,122.23018187709305,11006300
2015-02-05,123.7968978881836,125.46590975900949,122.49325477205682,124.13734448244671,6986700
2015-02-06,123.47307586669922,124.51101364747198,123.02469232026652,123.89656259014342,2927400
2015-02-09,122.50983428955078,123.85500991473427,121.91199394185716,123.47304333717955,2740200
2015-02-10,123.07445526123047,123.29034166007146,122.06142743489484,122.8834783441737,1703400
2015-02-11,122.73738098144531,123.58636222698976,121.97994533051958,123.51145435836305,2295800
2015-02-12,122.98712921142578,123.51150992885132,122.23802478701205,123.19521518493625,1712200
2015-02-13,122.43770599365234,123.85268708068581,122.30452801590658,123.37824529767316,1926800
2015-02-17,122.79569244384766,122.86228147877222,121.23921344173519,122.3545512004622,1541500
2015-02-18,122.54598236083984,122.75406832483665,121.96334420176068,122.4877248952116,1541000
2015-02-19,122.07982635498047,122.77899188541421,121.90504132264932,122.27126181438516,1273700
2015-02-20,122.80400848388672,123.01209445052649,121.43896505075213,122.07987338415931,1595600
2015-02-23,123.5114517211914,123.56972186258193,122.37946405074773,123.18683826351916,1587300
2015-02-24,123.36165618896484,124.3521344498201,123.18685843672215,124.3354967214587,1844200
2015-02-25,122.75403594970703,123.68626945892592,122.5126618833768,122.93715256577381,1602700
2015-02-26,122.06322479248047,122.86228050468034,121.68867258698916,122.4128203982027,1892600
2015-02-27,122.3211898803711,122.82058829280568,121.38063778781861,122.82058829280568,3036200
2015-03-02,123.13689422607422,123.59468567186754,122.62084534202721,122.62084534202721,2108600
2015-03-03,122.66249084472656,123.3033990699459,122.07153391153875,123.13693286484613,1514300
2015-03-04,122.49595642089844,123.17015243145102,121.33899979401863,123.05362488272033,2208600
2015-03-05,125.82537841796875,126.30813922209344,124.0191943597491,125.49244606366801,4471100
2015-03-06,124.46864318847656,124.97637323878708,123.32833664128496,124.26055731048955,3014900
2015-03-09,125.41754150390625,125.67557871707835,124.47700176765285,124.6767561255192,1727900
2015-03-10,123.32000732421875,124.97636264422749,123.31167576145096,124.64343034789339,2128100
2015-03-11,122.68742370605469,124.01085948988775,122.63748512941072,123.46150974569694,1734300
2015-03-12,124.3854751586914,124.5519413995304,122.68748648067736,123.50319265174062,1564000
2015-03-13,124.25225830078125,124.77663886127218,123.31170591781972,124.09411097615344,1470100
2015-03-16,124.84322357177734,125.68388605197795,124.25225401600369,124.61848723923742,2532700
2015-03-17,124.87654876708984,125.01804569975225,123.54479350588217,124.34384920271866,1972500
2015-03-18,125.62561798095703,126.20826868240788,123.39494314880035,124.8515445013157,2772500
2015-03-19,125.94189453125,126.10004183032056,125.11788258427774,125.68387007510499,1862900
2015-03-20,127.00730895996094,127.47341935152059,126.30814337262146,126.62443800998935,5859300
2015-03-23,127.29029846191406,127.81467898507069,127.0988629933629,127.47341506680827,1665900
2015-03-24,127.46505737304688,128.37230855692687,127.25697154001654,127.3069101078556,1637000
2015-03-25,125.75882720947266,128.1476626566234,125.75882720947266,127.80639863552202,2266800
2015-03-26,124.90149688720703,125.4924665180532,124.1607114826732,124.28557066130354,1554800
2015-03-27,125.24276733398438,125.86702515772636,124.8682151798508,125.02636252728803,1329900
2015-03-30,126.82418060302734,127.00729719711715,125.51740785490041,125.60896615194531,1463800
2015-03-31,126.10005950927734,127.34857494996325,125.89197360249635,126.38305329436608,1886100
2015-04-01,125.05134582519531,126.40805767764869,124.60187302946476,126.37476951156759,1795000
2015-04-02,126.20829772949219,126.51626087929587,125.15121751993635,125.24277584833187,1095300
2015-04-06,126.93241882324219,127.21541264330449,125.35097081648705,125.99186634417684,1767600
2015-04-07,126.33307647705078,127.30691670200892,126.28313790662502,126.95733400847666,1391700
2015-04-08,126.51622772216797,127.07389641240297,125.84203143547424,126.70766319480255,1483000
2015-04-09,123.8610610961914,125.68389578906225,123.41160109684631,125.32599410261886,3401800
2015-04-10,124.55191802978516,124.87653158370982,123.70292385007538,124.3521509579247,1572900
2015-04-13,124.03584289550781,125.13452980838431,123.9609223214611,124.38542567235739,1120200
2015-04-14,124.4520263671875,124.93478720927457,122.95380525390975,124.019204112117,1540800
2015-04-15,124.07744598388672,125.40918790283288,124.06079555849081,124.50193657733243,1404700
2015-04-16,122.44603729248047,123.9359263806305,122.27957115366432,123.81939881340398,2680600
2015-04-17,120.33192443847656,122.12977702316536,119.1083782888425,122.00493055914387,4369300
2015-04-20,121.78020477294922,122.56260988341121,121.3140943328162,122.06319858295043,2881900
2015-04-21,122.63748931884766,123.25342808645613,122.0215632517932,122.33784514819408,1616700
2015-04-22,122.33785247802734,123.12857631723654,121.75521452811294,123.12857631723654,1423500
2015-04-23,122.604248046875,123.1452664532733,121.7469349225805,122.02160990908634,1351800
2015-04-24,123.28678131103516,123.51983660004741,122.24635137774446,122.62923518144214,1421100
2015-04-27,122.3211898803711,123.61131197124125,122.2379504613559,123.43652697208242,1717000
2015-04-28,122.02984619140625,122.51260680759671,121.56373599661553,122.26290128880161,1302100
2015-04-29,120.5693588256836,122.06332485628737,120.07692274230247,121.75451915246174,1719000
2015-04-30,119.3924789428711,120.93651940607616,118.96681428782729,120.06017796750285,2523200
2015-05-01,121.34550476074219,121.63762710394833,119.53437934464769,119.73469290015774,1504700
2015-05-04,121.64595794677734,122.02988904365778,120.6944909291957,121.34549400778839,1288800
2015-05-05,120.60269927978516,121.63763360225815,120.42742331743734,121.12016007337063,1769600
2015-05-06,120.82803344726562,121.72107090844253,120.19371361117335,121.3121149460149,1737300
2015-05-07,120.65278625488281,121.5291406814894,120.19374224710762,120.61940702490976,2564500
2015-05-08,121.75446319580078,123.15661975986819,121.68769201627848,121.85461359743407,1728700
2015-05-11,120.41075134277344,122.13006822396036,120.35232177142085,121.47071063302549,1905800
2015-05-12,120.24381256103516,121.02000371328603,119.70130145493268,120.18538299802199,1923900
2015-05-13,119.55109405517578,121.26205659392593,119.11708765122435,120.08525088492239,2135900
2015-05-14,119.01689147949219,120.29385985877224,118.1238414083978,120.29385985877224,3023400
2015-05-15,120.87812805175781,120.98663282751757,119.13377369309428,119.53438809814998,2357000
2015-05-18,121.07012176513672,121.26208103169722,120.227159129105,120.80304966409246,1451700
2015-05-19,120.80303955078125,121.43734688105155,120.44414592389451,120.86145639427613,1332700
2015-05-20,119.75975036621094,121.07009847851725,119.56777840126837,121.07009847851725,1640900
2015-05-21,120.13530731201172,120.67780568064187,119.22557379248671,119.65956739327028,1539400
2015-05-22,119.91827392578125,120.81966564361778,119.68458119174574,120.101891464709,1189500
2015-05-26,119.55944061279297,120.52760388644454,119.41755659196015,120.2521774688383,2477400
2015-05-27,121.37055206298828,121.55416965305487,119.44258010259149,119.87658647323093,2954100
2015-05-28,120.40240478515625,121.82961210796407,119.48432944902792,120.45249273611954,3206200
2015-05-29,119.00858306884766,120.14366792590293,118.32420059924411,120.00178391068394,3027100
2015-06-01,118.84164428710938,119.55941861859468,118.43267554796373,119.3924970209868,2182700
2015-06-02,118.01535034179688,119.07532209299639,117.58969841114194,118.4910902072053,1963500
2015-06-03,118.62464904785156,118.94179626689775,117.83174916198176,118.24071790651978,1858200
2015-06-04,117.38938903808594,118.9334423308878,117.1223170531026,117.99031692342392,2898600
2015-06-05,115.82865905761719,117.52293804999915,115.79527983334268,117.46452122369347,3203200
2015-06-08,115.21941375732422,115.93718821560147,115.19437615002532,115.93718821560147,1879700
2015-06-09,115.21107482910156,115.81200295536948,115.01911556899822,115.11092438649207,2039100
2015-06-10,116.37114715576172,116.79681182336613,115.39464255673396,115.44473049168154,1725600
2015-06-11,116.27935028076172,117.23915889460177,116.17084552543548,116.54642225540333,1342300
2015-06-12,115.82865905761719,116.26266538499272,115.60330790403552,116.06235183344221,1290700
2015-06-15,114.53498077392578,115.44472690200215,114.46820959803856,115.1275670003627,1939500
2015-06-16,115.16094207763672,115.37795157528801,114.4682054799406,114.50993905528117,1553600
2015-06-17,115.91213989257812,116.27937507941724,115.07751909896291,115.12759430893139,1508100
2015-06-18,117.26421356201172,117.76499109839013,116.19590003735276,116.42125120225323,2074100
2015-06-19,117.09728240966797,118.08212868615965,116.99711926938183,117.33931680014958,2758200
2015-06-22,117.00547790527344,117.8234026249321,116.9136691189127,117.54797626584984,1415700
2015-06-23,116.55477905273438,117.59805495809469,116.45462864111629,117.21413655669099,1489400
2015-06-24,115.46144104003906,116.73006825076054,115.41136582854926,116.29606185901052,1965900
2015-06-25,114.71865844726562,116.7718317921321,114.69362083509827,115.55327948032729,1660900
2015-06-26,115.22774505615234,115.71182664606043,114.78539705310408,115.1275946359309,2248900
2015-06-29,113.24967956542969,115.02742564923186,113.22464196441562,114.3513722159503,1963200
2015-06-30,112.72388458251953,114.10101656046476,112.44845818693048,113.8255901648757,2454300
2015-07-01,113.91738891601562,113.9841601031756,113.12448902805451,113.33314421219127,1707000
2015-07-02,113.83391571044922,114.50995643354662,113.74210692488654,114.34303484215114,1148400
2015-07-06,113.4083023071289,114.20953131240937,112.72390699378414,112.79901982515942,2450400
2015-07-07,117.26421356201172,117.57301915944073,113.5334578483677,113.75880901326816,3790000
2015-07-08,116.76343536376953,117.28925050045615,116.23763296238462,116.83020655059495,2917100
2015-07-09,116.38785552978516,118.09883053333546,114.93562364413773,117.97364252088356,3317600
2015-07-10,119.11707305908203,119.7096466528496,117.82340836472346,118.27411069619637,2846000
2015-07-13,120.23545837402344,121.07843344823006,119.76807281046013,120.0685367777939,1847800
2015-07-14,120.12699890136719,120.42746298199569,119.48434987679741,119.89330603146796,1512800
2015-07-15,119.87660217285156,120.33563347283258,119.28401573906459,120.12697825091246,1306700
2015-07-16,120.46080780029297,120.59435016947593,119.71799588275199,120.31056945113681,1148100
2015-07-17,120.75289154052734,120.92816745444873,119.48427751092879,120.2855060838017,1842100
2015-07-20,121.05339813232422,121.21197812577671,120.20209406532089,120.66947968688422,1243600
2015-07-21,120.96994018554688,121.35385861986012,120.54427542907881,121.17859538450489,1587800
2015-07-22,122.1717529296875,122.2552073385526,121.03666853967732,121.20359009270567,1612000
2015-07-23,121.52078247070312,122.68924638981886,121.33716489265615,122.56405837537845,1356100
2015-07-24,121.01165008544922,121.79618278231183,120.92818292808289,121.61257795964625,1272700
2015-07-27,120.39408111572266,120.92823805458814,119.79315296758573,120.83642923375317,1431300
2015-07-28,120.64441680908203,120.76960481174018,119.27563946038462,120.62772083029415,1376500
2015-07-29,121.3371353149414,122.48890297293757,120.8113203118637,120.85305388493784,1840500
2015-07-30,121.27041625976562,121.73780191433389,120.20210255352275,121.14521548673945,1392700
2015-07-31,121.27041625976562,122.01322833262674,121.02836907309738,122.01322833262674,1386700
2015-08-03,121.45398712158203,121.94641019414999,120.7278585763845,121.67098388187493,1328100
2015-08-04,120.88648223876953,121.70441985053377,120.34398377419238,121.11183343672937,1315300
2015-08-05,122.59745025634766,122.72263828371104,121.56251586736643,121.71275423550537,1687800
2015-08-06,122.22189331054688,123.18170230385887,121.8379620720391,122.81446705014838,1948000
2015-08-07,121.23700714111328,122.22186626131199,120.47751192753964,121.87132706997751,1228300
2015-08-10,122.06328582763672,122.51397543331353,121.5875458827481,122.10501941258693,1072600
2015-08-11,121.76282501220703,122.09666822988706,121.02835465094806,121.25370582729842,1260700
2015-08-12,122.59972381591797,122.79221075439683,119.97181035071564,121.31086713490443,1963800
2015-08-13,121.57868957519531,123.00980759115721,121.50335749252832,122.49092419008495,1114000
2015-08-14,122.26496887207031,122.54115248910804,121.2523083799143,121.2523083799143,1210400
2015-08-17,122.26496887207031,122.39051384544146,121.33599225851273,121.47826634541417,912600
2015-08-18,121.87999725341797,122.59136770145213,121.45316221428155,122.32356140640277,1099100
2015-08-19,121.4949951171875,122.13942348739373,120.21451570295174,121.67911750867499,1436100
2015-08-20,120.27311706542969,121.25230654539455,119.92160136156136,120.75851675677735,1785100
2015-08-21,116.32288360595703,119.95509361322665,116.32288360595703,119.02611694801732,3611400
2015-08-24,111.2846450805664,114.7913227544627,97.94421116321251,110.4477296555913,5205800
2015-08-25,111.0670394897461,115.81234789663077,111.01681384268905,114.47327825536283,4645100
2015-08-26,115.62825775146484,115.72868353295951,111.60269591919105,113.91257828579506,3094900
2015-08-27,117.34391784667969,117.795846559122,115.15119074023674,117.56151126077177,2603100
2015-08-28,117.12631225585938,117.41923776543969,116.02995508223964,116.95893172337749,1850900
2015-08-31,117.21002197265625,117.3606606375868,115.92116491121325,116.54048699777965,3005700
2015-09-01,115.7453842163086,117.08444098405245,115.0758494472799,115.14280420121412,2968200
2015-09-02,117.5196304321289,117.89623971672226,115.84580003810288,117.02585353076621,1809900
2015-09-03,117.56986236572266,118.59090009327407,117.25184322310048,117.9548490377152,1615600
2015-09-04,115.89608001708984,116.71626657972219,115.64500275853545,116.1638991649665,2124500
2015-09-08,118.36495208740234,118.40680041613065,116.43167934113438,117.62009780917968,1638000
2015-09-09,116.90035247802734,119.13492813087481,116.65765259871195,119.13492813087481,1390800
2015-09-10,117.17652893066406,117.9716088337366,116.32288435628587,116.36471991302318,1350700
2015-09-11,118.04692840576172,118.1724606168677,116.56558446312872,117.04263240596441,1452300
2015-09-14,118.13060760498047,118.34821378935648,117.36902427061241,118.15571404620601,1123300
2015-09-15,119.2018814086914,119.64545842028811,117.36904699281718,118.27291736287049,1349600
2015-09-16,120.18939971923828,120.39862853200971,118.63273684140623,119.01772347584352,1374300
2015-09-17,119.97178649902344,121.38616231225238,119.81277058438006,120.43207959470331,1535300
2015-09-18,118.68294525146484,120.80033973548561,118.59088406649381,118.95912880637792,2833900
2015-09-21,119.85464477539062,120.33167985202017,118.91729096305802,119.1432616679425,1004800
2015-09-22,119.38597106933594,119.63704823155342,117.84604987086396,118.69134255798566,1787200
2015-09-23,121.71263122558594,121.88002456410644,119.38600684772136,120.0639192199643,2310200
2015-09-24,121.24391174316406,121.70421769825057,120.22287408654077,120.82545410586972,1974900
2015-09-25,121.81301879882812,122.94284673904771,121.36107740648954,122.14777979511983,1845700
2015-09-28,120.13923645019531,122.02229654261117,119.92163022206783,121.67915808311672,2553500
2015-09-29,120.28148651123047,120.63298945907111,119.05121980863024,119.71237737878658,2513100
2015-09-30,120.99288940429688,121.31090863529228,119.58686461403767,120.13085462335148,2549200
2015-10-01,120.9844970703125,121.22720970552297,119.26045326288563,121.22720970552297,2657300
2015-10-02,122.07245635986328,122.11430467556342,119.00097898810492,119.88810709157083,2591500
2015-10-05,123.92207336425781,124.0476055701395,122.19801685814815,122.39051660092136,2273000
2015-10-06,124.2066650390625,124.44936497886091,123.32790097921784,123.98905877891177,2091000
2015-10-07,123.83000946044922,124.96821492682047,123.38643254525432,124.4660605735948,2340800
2015-10-08,126.92658996582031,126.96006096217921,123.53708011287274,123.53708011287274,2370900
2015-10-09,128.85980224609375,129.10250197466104,125.90549334810834,126.17329950479261,3715500
2015-10-12,128.57534790039062,129.28671849922793,128.1234063243588,128.85989613992555,1200100
2015-10-13,127.4454345703125,128.94351979963255,127.3952217059217,128.240501387227,1493700
2015-10-14,125.40339660644531,127.85556529343852,124.78408740253312,127.47057860236418,3044900
2015-10-15,127.01861572265625,127.12740600819993,125.72139468781509,126.2319134394502,1697000
2015-10-16,127.26138305664062,128.0229793113165,126.60858991558088,127.47898928387286,1647500
2015-10-19,128.23219299316406,128.37446709468477,127.14420029706308,127.25300339776827,1543700
2015-10-20,129.3536376953125,129.62145674377712,128.18196128406748,128.6506318485655,1875700
2015-10-21,129.8976593017578,130.50860403602627,129.14442769578477,129.554520884714,1797300
2015-10-22,132.35818481445312,132.517200807026,129.78886080018214,130.08177357095346,2192400
2015-10-23,130.34121704101562,132.90217627988733,129.6465756836883,132.8184796265934,2273400
2015-10-26,131.16973876953125,131.7388478460979,126.59181079947022,127.26134563118376,2500000
2015-10-27,132.03173828125,132.4836796437966,130.1905273823914,131.62165800337218,1675100
2015-10-28,132.03173828125,132.17401233381094,130.1486790680352,131.8141449250355,1778800
2015-10-29,132.46701049804688,132.55070717271482,131.0024080835951,131.44597236463207,1547000
2015-10-30,132.3330535888672,133.4043042357499,131.64678962929312,132.23262783144537,2050000
2015-11-02,133.195068359375,133.3289778757415,131.93969537664643,133.06117161332287,1260700
2015-11-03,132.90225219726562,133.25375535531887,131.71383310946928,132.5674781631742,1531100
2015-11-04,131.52125549316406,133.09466059735803,131.31202663442832,133.06955415593504,1653100
2015-11-05,130.78475952148438,131.23668817150835,128.90170006747502,129.01049037433742,2550300
2015-11-06,131.85601806640625,132.19915643029842,130.28261309660996,130.9688898243943,1749800
2015-11-09,129.85577392578125,131.4793915624199,128.79288797710208,131.23667898729047,2291100
2015-11-10,131.24026489257812,131.2822213762076,129.72153492976878,130.16624548893435,1701800
2015-11-11,131.2235107421875,132.09614691257732,130.20821993308874,130.87948541979398,1864200
2015-11-12,130.896240234375,131.7185335432251,130.39278803522197,130.9969255528771,1657400
2015-11-13,128.941162109375,130.266907372983,128.5719656051653,130.1158794230712,2459900
2015-11-16,131.27378845214844,131.29057360192408,128.58035446412134,129.05862240452515,1778400
2015-11-17,133.32119750976562,134.18544743875393,131.75212463344528,132.02902210632357,2500000
2015-11-18,135.30140686035156,135.42726351284645,132.42337377784673,133.32118110672766,2152000
2015-11-19,136.62713623046875,136.93759113872966,135.46081777665697,135.67058737484845,2959300
2015-11-20,136.85365295410156,138.00318593570915,136.55997047691056,137.74307375476,2051100
2015-11-23,137.1473846435547,137.52496742545304,136.54324707118832,137.21451246307566,1174300
2015-11-24,136.09017944335938,137.54178204187397,135.09167371950923,136.1489082959431,2799500
2015-11-25,136.25794982910156,136.76978819891133,135.2091017600915,135.96426724845028,1828000
2015-11-27,137.2564697265625,137.95290645429165,136.34187718664882,136.86210178672403,866300
2015-11-30,135.4440460205078,137.97806660222793,134.9154224837172,137.75151182884318,3063800
2015-12-01,135.33494567871094,136.8033328372223,134.8734628144062,135.9474821117946,1939700
2015-12-02,135.16717529296875,136.29993658037807,134.78120628772155,135.6874127569842,1585700
2015-12-03,137.3319549560547,139.3709220480491,137.02988623143773,138.03677771238765,3440000
2015-12-04,139.95835876464844,140.32755551779567,137.6173215359774,137.7096207242642,2578600
2015-12-07,140.2268524169922,140.5457064750151,138.90950528865795,140.40306460782776,2791900
2015-12-08,141.69520568847656,142.4168138302392,139.1779697711637,139.90797689344473,3158500
2015-12-09,134.01760864257812,137.51656417961038,132.7589909902649,136.53484394720456,9527000
2015-12-10,135.81324768066406,137.11382192742275,134.76439954671704,135.03289801128008,3653300
2015-12-11,134.2693328857422,135.25943927967433,133.7155380535493,134.02599297311775,2511200
2015-12-14,135.7964630126953,135.83003332296232,133.75750837858308,134.32807561990236,2427300
2015-12-15,135.33494567871094,137.39069794328285,134.85667766195076,137.0382865616385,2378700
2015-12-16,136.56838989257812,136.97954290006442,134.25253821752102,135.8887384663831,2196300
2015-12-17,134.8231201171875,137.25645532072656,134.75600510765366,136.29990639335497,1703900
2015-12-18,132.32273864746094,134.8231901595502,132.23883844029584,134.07641045814347,4295800
2015-12-21,133.74070739746094,133.77426490043499,132.01220791958676,133.25404038275414,1453500
2015-12-22,135.28466796875,135.41892364620367,133.43869721540358,134.1686916561529,1742100
2015-12-23,135.68740844726562,136.29153327092845,134.90705867769,136.29153327092845,1581000
2015-12-24,135.72091674804688,136.20758370462363,135.46080452027562,135.8048297004397,491000
2015-12-28,135.22586059570312,136.14883903480398,134.58815289973376,135.13356147146118,1124700
2015-12-29,136.48452758789062,136.96279573019694,135.52797849995466,135.84681966038443,1169600
2015-12-30,136.52650451660156,137.14741457687404,136.35867852950878,136.7362741971423,889900
2015-12-31,135.51113891601562,137.60883456487036,135.51113891601562,135.9978058429481,1873400
2016-01-04,133.8665313720703,134.3364259222881,132.465272304236,134.0930860726535,2640800
2016-01-05,134.19381713867188,135.2846217394134,133.79106304726577,134.3952005860358,2127700
2016-01-06,132.95196533203125,134.08472625427518,132.2639277254975,132.87645135143362,2033400
2016-01-07,129.90614318847656,131.78567088749114,128.84050987841744,129.9313145199225,3826000
2016-01-08,127.63224792480469,130.30891074019218,127.3805217810501,130.2921255830556,3156200
2016-01-11,129.82228088378906,130.86274326848977,127.64067074930695,127.79171160025525,2164500
2016-01-12,130.94656372070312,131.2570186095093,130.0068000767584,130.6528939836301,2215600
2016-01-13,127.640625,130.91303902881546,127.43925434201437,130.87108254062758,2157500
2016-01-14,128.5300750732422,129.35238145572103,126.9777870883433,127.50641079089034,2281500
2016-01-15,126.18900299072266,127.13716570177705,124.3933756852073,125.26601160798647,2975400
2016-01-19,126.25611877441406,127.53990760964028,125.50933956435881,127.36369552487696,2242600
2016-01-20,124.87166595458984,125.86177241868917,121.59086601407884,124.56959718865212,3796800
2016-01-21,126.18061065673828,126.90221857438591,124.27589915260091,124.99750707024855,2211800
2016-01-22,128.95794677734375,128.97473192837737,127.24621986484235,127.69093034234189,2544100
2016-01-25,126.51628875732422,129.62087746998378,126.32330423607564,129.27686492427767,1820600
2016-01-26,124.60317993164062,127.30501421772395,124.43536676175779,126.51627823561806,2828600
2016-01-27,123.95710754394531,125.51779462413977,123.10964256510948,125.26606842346457,2189500
2016-01-28,125.51773834228516,125.83659224038882,124.02417977220061,124.64510241500233,2076100
2016-01-29,126.80154418945312,127.22108345720893,123.26903072480974,125.44224105898746,3221300
2016-02-01,126.91065979003906,127.69939585643984,126.02123837161287,126.56663443285142,2142000
2016-02-02,124.60317993164062,126.52466441294875,124.27593976920565,125.85341173341743,1931400
2016-02-03,123.09281158447266,125.84498799985279,122.04396347485151,125.25763561912929,2546900
2016-02-04,120.22318267822266,121.78386941094904,118.97295093532497,121.66639891723086,5340500
2016-02-05,120.81890869140625,121.83418642980044,119.4847642467306,120.2147711928077,4079300
2016-02-08,123.3613510131836,123.80606168893786,118.83031846305822,119.77009529011639,3782000
2016-02-09,124.13324737548828,125.6268057447741,122.69841783024549,122.70681680747946,3228300
2016-02-10,124.56233215332031,126.345996661981,124.16689515933915,125.67291159745797,2189600
2016-02-11,123.38447570800781,124.84843530185987,121.79431823452826,123.788334598885,2198100
2016-02-12,125.06715393066406,125.58880166907478,123.67892622054407,124.50344880069885,1951800
2016-02-16,125.4542236328125,126.74149348882585,124.26791209082813,125.65615309890639,2186400
2016-02-17,126.96866607666016,127.86890769062501,125.28595899302712,125.9926928870243,2174600
2016-02-18,125.06715393066406,126.06836633986781,123.52748879967204,125.47101272905267,2894300
2016-02-19,125.10926818847656,125.47946579826292,123.55277185028442,125.36167681678873,2471700
2016-02-22,126.25350189208984,126.35446020210819,124.93258359655344,125.89172605583384,2161300
2016-02-23,126.50590515136719,127.6837948451835,125.4626222525336,126.11046800314998,1850600
2016-02-24,129.45904541015625,129.91338344198417,125.91695473455546,126.2282513888579,2590100
2016-02-25,130.17422485351562,130.3088445053026,128.60930670609267,130.14898527356013,1746900
2016-02-26,125.93379974365234,129.07205789156228,125.1597559780073,128.8028185793186,3800800
2016-02-29,126.22826385498047,128.13813988369154,125.9422067477474,126.19461536390884,3115800
2016-03-01,126.64055633544922,127.2126706612573,125.68141367780073,126.53958516651285,2681400
2016-03-02,128.55043029785156,128.6850499752991,126.53118648829452,127.15379286796015,2947600
2016-03-03,127.54918670654297,127.85207445862423,123.99867416082598,124.99146505829341,5552600
2016-03-04,126.9601821899414,127.69216814294877,126.22820907496397,127.66692857608955,2155600
2016-03-07,124.66336822509766,126.95185116995536,124.18380332251174,126.169398441196,3159600
2016-03-08,127.00226593017578,127.8183795802249,123.76306373755594,124.23421948644382,3156300
2016-03-09,128.76913452148438,129.147740966483,127.30517505105173,127.33883637480429,2395300
2016-03-10,128.61769104003906,130.14896040089388,127.0864345172184,128.90376095492493,1413000
2016-03-11,128.48306274414062,129.56840280723338,127.38087918306728,129.44220495269886,1829900
2016-03-14,128.4494171142578,128.97947384411282,127.59123308450054,128.1044591523511,1218400
2016-03-15,129.71983337402344,129.92176276863407,127.71742143910109,127.71742143910109,1398500
2016-03-16,129.618896484375,130.40977069623102,128.4157673427884,129.31600876149466,1485500
2016-03-17,129.4337921142578,130.19101780769017,129.22345378353208,129.41697429118344,1583200
2016-03-18,128.85324096679688,130.15734103004868,128.5335354719193,130.05638275145907,3611700
2016-03-21,129.5178985595703,129.86285641247375,128.2811084727445,128.57558719361904,1367400
2016-03-22,128.07919311523438,129.40853270218588,127.88568547528229,128.90372848865465,1943100
2016-03-23,129.1561279296875,129.5094947408375,127.58280151951293,128.03712660869684,2127300
2016-03-24,127.4061279296875,129.63572194528314,126.91815429832252,128.92898823292737,2506500
2016-03-28,128.4494171142578,129.5179394859533,127.70061313047916,127.7174437924836,1767400
2016-03-29,130.62850952148438,130.7967904529219,128.3232096819686,128.53354800823288,1655400
2016-03-30,132.59725952148438,133.13572501562317,130.9566106339713,131.1753706659224,2642700
2016-03-31,132.58053588867188,134.4483423875567,132.53005671378966,132.90025444697986,2692400
2016-04-01,133.14418029785156,133.85091409792514,132.09248851034877,132.82446188627966,1531500
2016-04-04,132.70668029785156,133.76679389493685,131.6381706257264,133.50596353318548,1458400
2016-04-05,131.24273681640625,132.93385272623067,131.0155677772241,132.84130332789985,1855600
2016-04-06,131.89889526367188,132.43736059609185,130.59479572542818,131.0911908460288,1572600
2016-04-07,127.91098022460938,130.05643436224702,127.44823320072103,129.92181471201832,4050100
2016-04-08,127.59123992919922,128.71024150890392,126.97705553244083,128.71024150890392,2008500
2016-04-11,125.4037094116211,127.83521988621924,125.3363996084103,127.33040278115453,2279000
2016-04-12,126.64055633544922,126.7751631639677,124.94942726467356,125.8665125098064,2268300
2016-04-13,127.78479766845703,127.95306583242737,126.69944426047807,127.52398008859731,2078800
2016-04-14,127.3808822631836,128.65133394036692,127.1621350306904,128.38209472680703,2420000
2016-04-15,128.87014770507812,129.40861357216122,127.75114571731946,127.85211689354931,2675900
2016-04-18,128.97950744628906,129.32446549806542,128.1129142787786,128.5419999864273,1335800
2016-04-19,129.29916381835938,129.48426256401032,128.29796421528823,129.38330428021237,1579000
2016-04-20,128.50833129882812,129.47588263656627,128.39054232868577,129.3328540898245,1308700
2016-04-21,127.397705078125,128.5082975086186,126.78352081230861,128.2979592002401,2097600
2016-04-22,126.13572692871094,127.72588467830933,125.66457097890945,127.08646058044114,2233900
2016-04-25,127.47342681884766,127.61645533138193,125.75707183040458,126.1861573680074,1249000
2016-04-26,128.39053344726562,129.10567613150448,127.60806811270545,127.95302608641514,1552900
2016-04-27,128.06993103027344,128.69436600168814,127.08263722659552,128.46653788423077,1492800
2016-04-28,127.7913589477539,129.65624145405621,127.53820392230126,128.27234190771443,2198100
2016-04-29,124.998291015625,127.40323244044185,124.43291854994516,126.58470485741178,3588800
2016-05-02,127.36101531982422,127.77450236779438,124.6776050266354,125.5298804662453,3361500
2016-05-03,127.76607513427734,128.71117371978391,126.2387237144846,126.64376412598705,2201300
2016-05-04,127.8504867553711,128.26397393829754,126.10374064791876,126.67754698242297,2111600
2016-05-05,124.7535629272461,126.8969282119721,123.5131145077874,125.71554202029535,4869300
2016-05-06,123.57217407226562,124.46664416679553,122.13764583334022,124.09535177827327,3692200
2016-05-09,125.38643646240234,125.70710043217473,123.63124416238938,123.90127968977721,2843800
2016-05-10,126.20501708984375,126.55942921176613,125.52150707785003,126.05313169873762,1943900
2016-05-11,124.14598083496094,125.47081842095974,123.69031200423639,125.2176633478897,2812700
2016-05-12,123.80846405029297,124.69450047344365,123.47093249671339,124.31477425666577,2860400
2016-05-13,121.93514251708984,123.8084723803047,121.76637672894525,123.47937458682125,2993600
2016-05-16,123.02367401123047,123.69031615522047,121.00689289222677,121.93512389930058,2615000
2016-05-17,121.17567443847656,123.40341603291083,120.85501046906471,122.77896853353054,2928900
2016-05-18,119.22639465332031,119.53862485509168,116.9311569496146,118.28972980001261,5717000
2016-05-19,120.41619873046875,120.73686267206571,119.33608246782808,120.20523832173421,2830500
2016-05-20,120.40780639648438,121.09131629590308,119.8424338515824,120.44155440805804,2088400
2016-05-23,119.83396911621094,121.5132189298389,119.74959266200095,120.53435935377424,1828400
2016-05-24,120.3065414428711,121.07442775789123,120.14620942760153,120.3065414428711,2813100
2016-05-25,121.96886444091797,122.93084339122487,120.25586694937151,120.34869004440118,4156700
2016-05-26,126.33155059814453,129.85036905415552,124.63542048645375,125.7408510885192,7679400
2016-05-27,125.79988861083984,127.22598276344044,124.98136135018741,126.77874781186735,3349800
2016-05-31,125.53834533691406,126.47501022865727,124.57636622182676,126.21342133676566,3738900
2016-06-01,128.7027587890625,129.10779925989073,126.8463093487617,126.99819469682062,3487300
2016-06-02,127.8504867553711,127.85048675537111,125.35272184187292,126.6184847425798,3957600
2016-06-03,128.0192108154297,128.07827303007022,126.80407688910398,126.82939110623572,1964200
2016-06-06,128.4664764404297,128.67743688414532,128.01924132983285,128.12049822249517,1961600
2016-06-07,128.787109375,129.82504388225155,128.1795423528046,128.33144054635434,2113000
2016-06-08,129.42001342773438,129.50440275858074,128.3061489413863,128.83776052250522,1528300
2016-06-09,129.9938201904297,130.0697628553683,129.0402749217465,129.107783804804,1812100
2016-06-10,130.68577575683594,130.92205043131818,129.05716725944023,129.10779570740013,3266500
2016-06-13,130.75328063964844,131.60556907420494,130.43262952039294,130.59294864201885,2576600
2016-06-14,131.52957153320312,131.94305850685916,129.58874636853088,130.41570743984337,3274700
2016-06-15,130.67733764648438,132.29751230756548,130.50857186687244,131.38616164645669,2228500
2016-06-16,131.99374389648438,132.06125279127465,130.04447123493372,130.6773526380868,1937400
2016-06-17,131.54649353027344,132.69411885705023,131.43678997941865,132.50847263683607,2858200
2016-06-20,132.04432678222656,133.64763350920902,132.01901256491638,132.80379192953424,2090800
2016-06-21,132.65199279785156,133.24267976947607,132.19632367002987,132.54230206627076,1909700
2016-06-22,133.4282989501953,133.6814541368385,132.6182178041463,132.99794414610724,2094800
2016-06-23,132.50845336914062,133.99361003889769,131.92620057004217,133.8332909411185,2912400
2016-06-24,131.26803588867188,133.065423146246,129.19219215198507,129.24282060273282,3996100
2016-06-27,130.17100524902344,130.73637759617952,128.72804327183437,130.1541376871392,2790800
2016-06-28,131.3017578125,131.58021420898737,129.70689770715848,130.5085446501395,2156300
2016-06-29,132.55064392089844,132.7194096705973,131.5464703275884,132.01058579626127,1942500
2016-06-30,132.51690673828125,133.1751151689913,131.21739606965681,132.44941072713507,3091100
2016-07-01,131.73211669921875,132.6434672000683,131.13298347954867,132.6434672000683,2317200
2016-07-05,131.00645446777344,131.7659070244308,130.54233884936926,131.70684478718235,2807400
2016-07-06,131.64779663085938,132.10347855896615,130.51705134794105,130.96428661470736,2133200
2016-07-07,138.1369171142578,138.52509005555336,133.3270208364967,133.60549020994677,6497900
2016-07-08,139.60513305664062,140.16207150989823,138.8034862456783,139.09882303077032,3932000
2016-07-11,140.68533325195312,141.3350951694401,139.28455250163293,139.28455250163293,2634300
2016-07-12,140.31398010253906,140.85403821105493,139.92582017741879,140.4911925038338,1642100
2016-07-13,140.7359161376953,141.08189432110524,140.09460108815682,140.92156233972003,1479800
2016-07-14,140.8709259033203,141.76539598449077,140.31398732885512,141.04812543774,2150100
2016-07-15,140.42372131347656,141.2928773639198,139.74021149477892,141.2928773639198,1962300
2016-07-18,141.35191345214844,141.64726318693602,140.01020828760332,140.55026644115617,1993800
2016-07-19,141.86663818359375,142.23793052815614,141.25063745338812,141.3434605395287,1487800
2016-07-20,141.79916381835938,141.9848100358143,140.87937938933487,141.9763762535676,1336900
2016-07-21,140.9637908935547,141.55447764384206,140.3309094733885,141.28444205742187,1384600
2016-07-22,141.3181915283203,141.51227154287903,140.88783683273246,141.49539110108998,1335100
2016-07-25,141.74009704589844,141.93417703937712,140.41525934344978,141.06502108370816,1732200
2016-07-26,141.40252685546875,142.45732873434764,140.66837599208938,141.42784107048186,1593900
2016-07-27,140.20428466796875,141.34347604319518,139.8667531591618,141.0565729731091,1440000
2016-07-28,140.37306213378906,140.80341673534778,139.9089466560287,140.2971066003362,1866500
2016-07-29,141.10719299316406,141.4953529175337,140.39836914135793,140.6177633213929,1359700
2016-08-01,141.3941650390625,141.7654575833706,140.83722622260038,141.0481867249566,986800
2016-08-02,140.49961853027344,141.37720807967708,138.88787807431072,140.98061439581215,2107300
2016-08-03,140.178955078125,140.3561674702186,139.31824596224268,140.0101893422265,1837100
2016-08-04,140.5417938232422,141.54596719282958,139.98485538491664,140.1114264499913,1638300
2016-08-05,141.51223754882812,142.04386189143918,140.14521824040122,140.8034136760143,1526500
2016-08-08,141.2590789794922,141.38566294535255,140.47431247036215,141.13250788963285,1294400
2016-08-09,141.6472625732422,142.27171004145808,140.82030134582266,141.54600569364035,1286700
2016-08-10,142.39186096191406,142.5695497609813,141.34269271608107,141.67267513382134,1104300
2016-08-11,142.04490661621094,143.49174703488166,141.57954367927212,143.08561797655776,1497800
2016-08-12,143.02639770507812,143.3394671164088,141.43572002922272,141.43572002922272,1399100
2016-08-15,142.76409912109375,143.22100563081685,142.64564426868603,143.02639108638152,918600
2016-08-16,142.49339294433594,142.82337533890154,142.04495566224972,142.04495566224972,1023000
2016-08-17,142.11264038085938,142.4510792144709,141.23267875648716,141.68111602079867,1382500
2016-08-18,141.93492126464844,142.7471923665636,141.4695582849372,142.50181329061988,1353400
2016-08-19,142.1634063720703,142.42569840739992,141.3849867182936,141.47805933508286,1764800
2016-08-22,142.09571838378906,142.73030089682092,141.82495698113397,142.43415722649368,955000
2016-08-23,141.6049346923828,142.52719126312275,141.56262662084384,142.22259122289728,1003700
2016-08-24,141.7826385498047,142.0449305464648,141.09727870324522,141.41880458849937,1363800
2016-08-25,139.4896240234375,141.64720600591616,139.30347888546004,141.4695173158077,1817700
2016-08-26,138.70277404785156,140.15808394436974,138.31357076774265,139.9381000430304,2009900
2016-08-29,138.74510192871094,139.4727569808567,138.2543566227882,139.15970043990762,1819200
2016-08-30,137.03599548339844,138.99896417332576,136.8498502312568,138.8212882848549,2010700
2016-08-31,137.1459503173828,137.55209236420922,136.35060494728,136.95980510690714,1933200
2016-09-01,132.1708221435547,134.53146288713157,131.60391719646583,134.53146288713157,6038500
2016-09-02,133.66851806640625,134.76846417420313,132.67011398635475,132.67857044257514,2679000
2016-09-06,133.7361602783203,133.8123070887373,132.0101013557911,133.79539418238832,2716900
2016-09-07,131.68858337402344,133.57540539562052,131.48551228997883,133.38080367587963,2984100
2016-09-08,129.85247802734375,131.56162351713664,129.40404084551173,131.30778798330815,2993100
2016-09-09,127.50878143310547,129.27714833184942,127.50878143310547,129.10792890466217,2993900
2016-09-12,128.3463897705078,128.60022527709054,127.13644611706121,127.33951710444943,2982400
2016-09-13,127.5426254272461,128.25335472524057,126.97573327927806,127.91490298051896,2148600
2016-09-14,127.50031280517578,128.82024228605394,127.08571427413544,127.51723861946263,2188900
2016-09-15,129.1756134033203,129.42944898790452,127.00957384801484,127.5257014694442,2284300
2016-09-16,128.90487670898438,129.1671687698292,127.88107782470921,128.5748942920158,2842000
2016-09-19,128.43106079101562,129.4802420804142,128.27031069891814,128.71874806932323,1321300
2016-09-20,128.7525634765625,129.20947012895496,128.32950845577707,128.97254743954966,1396700
2016-09-21,129.2009735107422,129.37019290123652,127.97411679139336,129.10790090937851,1535100
2016-09-22,129.5817108154297,130.53781902163442,129.18403817624423,129.48018177073928,2502200
2016-09-23,129.05715942382812,130.10634048918206,128.7525593023134,129.581743501198,2282100
2016-09-26,127.92333984375,128.84559640641172,127.77103336966596,128.67637703234882,1862200
2016-09-27,127.2972412109375,128.4141125579611,126.91649431012979,128.11796890699208,2569000
2016-09-28,126.41727447509766,127.4833682272136,126.01960181687573,127.42414725184629,2626300
2016-09-29,124.79277801513672,126.65421757423071,124.54739886657737,126.23116254213595,4501300
2016-09-30,129.0402069091797,131.02011374467492,128.27025676768818,128.4310067921983,7318100
2016-10-03,127.77110290527344,128.8202842524259,127.18729768362958,128.79490197803347,3197100
2016-10-04,127.32262420654297,128.28718905240262,126.48498360208882,128.16027772161064,2840500
2016-10-05,126.89955139160156,127.69489671444157,126.77264007864271,127.44953053918388,2377700
2016-10-06,126.46805572509766,127.45800282096978,126.07038301428406,127.11109464164502,2465500
2016-10-07,126.90806579589844,127.07728524344127,125.89272328940893,126.72192053041645,2282100
2016-10-10,127.15342712402344,127.63571608695223,126.70498979565934,127.21266102920379,1587700
2016-10-11,127.77110290527344,127.88110136805248,126.50193754318056,126.63731828035205,2596800
2016-10-12,127.30570220947266,128.17719438029684,127.24646831892511,127.73721361395633,1664500
2016-10-13,127.1026611328125,128.05030031996137,126.67960607989025,126.85728197217284,1795300
2016-10-14,127.04339599609375,127.76259457350082,126.3072845163709,127.06877826017988,1745000
2016-10-17,125.8165512084961,127.0857161761217,125.75733022352601,126.98418711010802,1988400
2016-10-18,126.16349792480469,126.59500949774737,125.57122334117228,126.5019368552753,1847800
2016-10-19,126.45113372802734,128.0333681673315,126.33267884744005,127.50877120134744,1812000
2016-10-20,126.95037078857422,127.57649699456255,126.57809313944803,126.78962069288252,2251200
2016-10-21,126.04492950439453,127.16178729770924,125.64725701835664,126.50182294015828,2188000
2016-10-24,128.7102508544922,128.87948318533154,126.31575797199429,126.36653541761461,2432800
2016-10-25,127.75414276123047,128.58332687624852,126.83187312703326,126.83187312703326,2060600
2016-10-26,127.74568176269531,128.10951576931552,127.1534073560489,127.21264125202043,2246100
2016-10-27,127.64414978027344,128.1518209232959,126.76420109772978,127.61876751418367,1993500
2016-10-28,126.71341705322266,127.64414313006893,126.3919040626317,127.28877851271292,1843900
2016-10-31,125.11430358886719,126.36655590490714,124.4628080698453,125.97733955573445,3239400
2016-11-01,124.09048461914062,125.75732220316631,123.85357487314221,125.63039796813032,2112000
2016-11-02,124.14140319824219,125.04952046448632,124.01408832516992,124.27718759903179,2260500
2016-11-03,122.59678649902344,124.50639380570715,122.3336871199369,124.50639380570715,2168200
2016-11-04,120.72109985351562,123.06354613857928,120.61076287493468,121.36611791597818,2702100
2016-11-07,121.82442474365234,121.92627924901984,121.15394625587206,121.68864032041289,3010100
2016-11-08,123.98865509033203,124.44696801319152,122.04510525919376,122.12148642955334,3505200
2016-11-09,124.58272552490234,125.09195911797053,121.8244049548708,121.8244049548708,3170200
2016-11-10,124.5063705444336,127.30712999438015,124.42998937452118,124.81190817443414,3944200
2016-11-11,126.76396179199219,126.98462283642174,123.38608267926882,124.42999758803235,3218000
2016-11-14,129.0045623779297,129.1233818515795,126.88277681250321,128.08794945962327,3890800
2016-11-15,128.28314208984375,129.00455431715224,127.55324738293005,128.98757640759132,2799900
2016-11-16,129.1233367919922,129.4713126113749,128.83477716387586,129.1657750785615,2152300
2016-11-17,128.32554626464844,128.49528646406938,126.92517343149174,128.35100664704422,2098700
2016-11-18,127.61268615722656,128.32560308064586,126.89976923380725,128.0200654062729,2020500
2016-11-21,128.3000946044922,128.40193614099886,127.40894230901505,127.77389606541051,1181200
2016-11-22,129.57315063476562,129.89566606355422,128.3340355826716,128.9450976814264,1954200
2016-11-23,128.6650848388672,130.14183933828187,128.30861345933434,129.641101041362,2166900
2016-11-25,128.90269470214844,130.20970864752528,128.75841486696942,128.9111771805653,886800
2016-11-28,128.36801147460938,129.3694879264748,128.16431542237495,128.19827123958893,1733500
2016-11-29,128.56320190429688,129.1912549694624,128.4358999757121,128.68202135442561,1496800
2016-11-30,127.40050506591797,128.61416030803602,127.36656219181333,128.26619728464118,2750500
2016-12-01,128.78384399414062,129.751377263121,127.400436277398,127.400436277398,2305200
2016-12-02,129.0809326171875,129.74292862150213,128.52077816727507,128.99606897196912,1829200
2016-12-05,128.80935668945312,129.19975796601165,127.96912497631068,129.08093849701328,2432100
2016-12-06,128.1643524169922,129.07248300952543,127.66361404652145,128.8772823304248,2245400
2016-12-07,130.5746612548828,130.6255820256251,127.71448611148692,127.81634060332014,2811300
2016-12-08,133.7489013671875,136.55814400490397,132.90868238572372,132.94262526412103,5504300
2016-12-09,135.53964233398438,135.64997931366378,133.46877780973875,133.48575571823167,2614700
2016-12-12,136.07432556152344,136.8806013211519,134.57209806283026,134.6060538771181,2299200
2016-12-13,135.59906005859375,137.52563180777094,135.06436601304551,136.51567287224077,3583300
2016-12-14,134.9370880126953,136.17620360905354,134.30903478349248,135.8367230772614,2119100
2016-12-15,135.88760375976562,137.0673157425701,135.00494686737852,135.24258575957305,1811100
2016-12-16,136.1422576904297,136.85517456145607,135.6669797764121,136.21015638533962,3767100
2016-12-19,138.73086547851562,139.63898317822947,137.19468149240902,137.50021920313657,3231900
2016-12-20,139.07029724121094,139.99539253071202,138.76475963775601,139.46071143742827,2204600
2016-12-21,138.3743133544922,139.21454480674288,138.35734840015348,138.84960403325874,1313400
2016-12-22,137.5511016845703,138.90903648701095,137.42378679817463,138.90055400805772,1965900
2016-12-23,137.55955505371094,138.06029316332763,137.09275980307385,137.63593619917515,1254100
2016-12-27,137.53411865234375,138.13669839431188,137.32194013327205,137.54260113098096,1301100
2016-12-28,136.65147399902344,138.21311803007706,136.26107270402363,137.50868366261489,1281000
2016-12-29,136.75335693359375,137.0164563284566,136.34596469281826,136.34596469281826,858200
2016-12-30,135.88760375976562,136.63447624971897,135.51416751478897,136.54959966664305,1472300
2017-01-03,135.5651092529297,136.63449738356033,134.52967694092087,136.34592472667646,2099000
2017-01-04,135.59059143066406,136.21016219174643,134.89465244128644,135.62454725474245,2163600
2017-01-05,138.2640380859375,138.63747441856862,136.32897068080482,136.60055249976747,2880900
2017-01-06,138.19615173339844,138.29799330580914,136.75334000605258,138.06035433661583,2167000
2017-01-09,136.6175079345703,137.89906154676152,136.4053294123324,137.7717596135585,2318300
2017-01-10,137.2030792236328,137.83961458851383,136.2270505606082,136.28646674416277,1477900
2017-01-11,137.10122680664062,137.81415626821735,136.0912682242355,137.04182357254402,1378300
2017-01-12,137.38134765625,137.45774176775654,136.36289332310722,136.94002564710945,1296900
2017-01-13,137.3728790283203,137.6020354852463,136.9400394544386,137.4832160169052,1250100
2017-01-17,139.02784729003906,139.40128354632856,137.21159973018914,137.36437499428428,2430500
2017-01-18,139.41830444335938,139.51166353621917,137.9924576569875,138.89209276071665,1834700
2017-01-19,138.93450927734375,139.8681000595253,138.81568980964343,139.341888459409,1980400
2017-01-20,139.39279174804688,139.8426091311346,138.5355823215097,139.52009366765742,1897100
2017-01-23,138.34889221191406,139.48617904216408,137.63597541708307,139.23156220105287,1421600
2017-01-24,138.90902709960938,139.0363419774012,138.30644737591356,138.53559084531122,1347400
2017-01-25,139.30796813964844,139.82568439350496,139.1042720404687,139.35888892685517,1299200
2017-01-26,139.24853515625,139.56255524391608,138.67988528618164,139.47767864978198,1180000
2017-01-27,137.5426483154297,139.68141214747996,136.39689168959646,139.66443423403217,2341100
2017-01-30,138.55258178710938,138.58652465417126,136.30349452170054,137.51714951199853,2149800
2017-01-31,139.1466522216797,139.1890905100754,137.78871764544837,137.90753708274795,1796600
2017-02-01,137.3728790283203,139.1466885736807,137.3304407288376,139.05332949495906,2219700
2017-02-02,142.7113037109375,143.33087447135233,141.022370549902,141.59949005508838,5816300
2017-02-03,142.85557556152344,143.29689760644635,141.86256858457057,142.34634187848866,3227700
2017-02-06,141.76071166992188,142.73672768125587,141.48912989864988,142.73672768125587,2172800
2017-02-07,142.1765594482422,142.65183717119868,141.33632800564985,142.18504192531404,2732600
2017-02-08,143.32545471191406,143.45311253535704,142.5425360720151,142.5425360720151,2089900
2017-02-09,145.4870147705078,145.87846763077394,143.1127166981858,143.35099573971314,2606900
2017-02-10,146.3720245361328,146.6017982105137,144.8997979252098,146.07416929211195,2070000
2017-02-13,146.3379669189453,146.78899588384226,145.3337801583541,146.78899588384226,2272200
2017-02-14,147.75912475585938,147.7676300806357,145.98904331023218,146.0826538236865,2244700
2017-02-15,148.92501831054688,148.92501831054688,147.2740760299244,147.37619188720626,2346500
2017-02-16,149.56329345703125,149.63137503504052,148.5080484757372,149.01014849040152,2206500
2017-02-17,149.65689086914062,150.20153046018186,148.48250647570742,149.32500132124412,2424400
2017-02-21,150.57598876953125,150.627046707727,149.77604644384155,150.24409918602527,2317000
2017-02-22,150.2100830078125,150.70366482130032,148.98465328166327,150.68665416186835,1815200
2017-02-23,149.64840698242188,150.66108642528374,149.1037673133494,150.21857562151072,2599900
2017-02-24,151.1035614013672,151.23121919544406,149.02711927592253,149.11222447197378,1684300
2017-02-27,151.1546173095703,151.35035666083246,150.24405405306535,150.9078330206797,2340400
2017-02-28,150.78018188476562,151.36737399401548,149.3334844039245,150.5844555100924,2992100
2017-03-01,151.35888671875,152.08224203805037,150.81424714388524,150.94189197188803,2352300
2017-03-02,151.4610137939453,151.6907874865924,150.2100424459806,151.05253732886482,3190300
2017-03-03,144.89125061035156,146.2783847204857,144.5848901009118,145.26569267580342,10396500
2017-03-06,141.88723754882812,144.95084298441793,141.35962166251065,144.16792448092954,5793600
2017-03-07,142.11705017089844,143.49566650231128,141.72558431920015,141.72558431920015,2811900
2017-03-08,141.47024536132812,142.4659138079332,141.40216380277013,142.11700068978462,2375900
2017-03-09,141.0703125,141.93832338976725,140.51715455647016,141.60643381774258,1993700
2017-03-10,140.72988891601562,141.69152322893962,140.39799938101476,141.68301790222785,2164200
2017-03-13,140.0320281982422,140.50858603757132,139.81927823531117,140.28733075080487,2127700
2017-03-14,140.61924743652344,140.68732899608813,139.64910793687852,139.74271845812626,1974400
2017-03-15,141.72555541992188,141.72555541992188,140.2703524746576,140.90009724324472,2079700
2017-03-16,142.16802978515625,142.6871402018256,141.48722732285145,141.92975087113362,2726600
2017-03-17,142.8063201904297,143.26586750163656,142.17658844687818,143.0190702087064,3976000
2017-03-20,142.49142456054688,143.21476668048558,141.94678514691094,142.7637377747509,1603300
2017-03-21,141.92982482910156,143.6488490205084,141.8191906380741,142.5510513940011,2241900
2017-03-22,142.69570922851562,142.94250656157595,142.15106961257598,142.38936161820524,1534200
2017-03-23,142.0318603515625,143.32538367364154,141.6318894097698,142.96796531857225,1430500
2017-03-24,141.2830810546875,142.50852363035605,140.97672041077035,142.43192373045068,1410400
2017-03-27,141.3936767578125,141.53835821750934,140.68735802520175,140.86606079385618,1212300
2017-03-28,141.9213104248047,142.15958944775318,140.54268123747943,141.35964716275487,1446400
2017-03-29,142.4829559326172,142.52550853926934,141.39367672553075,141.50431090577987,1216700
2017-03-30,142.87435913085938,143.12114336493588,141.91272517985865,142.37227235396898,1034000
2017-03-31,142.70420837402344,143.11268478480594,142.22765039723868,142.6191031702129,1720300
2017-04-03,141.8617401123047,143.22334571632584,141.60643743839654,142.74678765048844,1547900
2017-04-04,142.3297882080078,142.38936445691104,141.35964846698587,141.7766432536095,1322400
2017-04-05,142.11705017089844,143.30844539739917,141.8787711255983,142.36383454451857,1715200
2017-04-06,144.68704223632812,146.46562934852204,144.08282644515128,144.3976923303559,3313800
2017-04-07,145.19764709472656,145.5210313196,144.1849547991343,144.41472848445133,1510000
2017-04-10,145.70826721191406,146.00612250039242,144.54240099773935,144.84024330098407,2002300
2017-04-11,145.20614624023438,145.89545421996618,144.35514616940884,145.34229638279123,1191400
2017-04-12,144.81468200683594,145.9039610700524,144.40620560443745,145.8869374325935,1422300
2017-04-13,143.6829376220703,145.1977176452897,143.64890331170926,144.7126540575228,1422500
2017-04-17,144.41473388671875,144.4572864945148,143.57225198442785,143.62330991968997,1504100
2017-04-18,144.78070068359375,144.9423928355298,144.2190373090482,144.712619094082,1542700
2017-04-19,144.72109985351562,145.4614659127541,144.51686810488889,145.41892628861237,1441300
2017-04-20,144.7976531982422,145.67418221022663,144.62745578542362,144.9508399594401,1933600
2017-04-21,145.3252716064453,146.2698821126633,145.21463745271686,145.96352159753238,2257900
2017-04-24,146.65283203125,146.8911109932002,145.80183202850512,146.37200047211664,1906900
2017-04-25,146.95069885253906,147.257059424246,146.6188093152925,147.1464382353183,1503000
2017-04-26,150.4568328857422,151.7078041763955,149.28244849405164,151.52058309988738,4591300
2017-04-27,151.00999450683594,151.29933148063247,150.1334652722424,150.89937330228642,2148700
2017-04-28,151.06951904296875,151.53757162578466,150.56741918945946,151.53757162578466,2364500
2017-05-01,151.35888671875,151.90352629361476,150.90785767949785,151.90352629361476,3328000
2017-05-02,151.9801025390625,152.27795776383644,151.42695767617465,152.09073670573238,2505300
2017-05-03,153.02682495117188,153.57146442720085,152.07369612919913,152.10774340064248,2900500
2017-05-04,155.26498413085938,155.88621064194615,153.1800362347112,153.22258884182293,3762200
2017-05-05,153.35020446777344,155.66492561323065,152.97576237288624,155.53728080144185,3713600
2017-05-08,152.8543701171875,154.67827900490192,151.9335665998106,154.64286920078723,3538000
2017-05-09,152.8898162841797,153.98770961335757,152.56222485557075,153.7132396585729,2662100
2017-05-10,152.15280151367188,152.809886913394,151.5401035225915,152.75661118360787,2554500
2017-05-11,152.0728759765625,152.33039340560975,151.042846908184,151.64665658450002,2106000
2017-05-12,151.7354736328125,152.59680082407007,151.2382153676064,152.09952900959243,1586800
2017-05-15,152.34815979003906,152.712215138379,151.22044045929798,151.22044045929798,1733600
2017-05-16,151.84201049804688,152.69446283445166,151.5134677935544,152.69446283445166,1129200
2017-05-17,150.1992950439453,152.286018501429,150.11938143474956,151.54013105039027,2201400
2017-05-18,151.59335327148438,151.85974542402926,150.67875060218557,151.0250563357136,1589700
2017-05-19,152.41029357910156,153.11177988237105,151.67328109254788,152.1527897220016,1871800
2017-05-22,153.08517456054688,153.83107552611074,152.4014512035818,152.94311044501876,1594100
2017-05-23,153.14735412597656,154.0974698133224,153.01416477003616,153.5913367114756,1788000
2017-05-24,153.62684631347656,153.7334113453912,152.55241606544507,153.57357057215572,1420800
2017-05-25,155.15408325195312,155.43823848709943,153.88430011171994,154.03525249941615,2726900
2017-05-26,157.9334716796875,160.13562131230276,157.6315668004725,160.05570770591152,4471300
2017-05-30,158.87466430664062,159.29200885687032,157.613755885469,157.77358304976062,2086300
2017-05-31,160.2155303955078,160.25105658574898,158.75039345594357,159.15886334808704,2456200
2017-06-01,160.39312744140625,160.81047208876294,159.7093905756326,160.55295464289378,2028300
2017-06-02,160.6949920654297,160.94362112722965,159.71822535888148,160.3486863329749,2239900
2017-06-05,161.68063354492188,161.7960733054979,160.36644942549114,160.81043182860793,1561100
2017-06-06,161.12127685546875,162.24899641144745,160.7305700140731,161.3432681472369,2248900
2017-06-07,161.78721618652344,161.82274237321388,160.84597547828065,161.11236768137792,1246200
2017-06-08,161.08572387695312,162.05360241489404,160.57957735480232,161.53858112103296,1823600
2017-06-09,160.171142578125,161.54747758789085,159.7626726870105,161.35213773914313,2167600
2017-06-12,159.51405334472656,160.6062466466809,158.75927757429562,159.46077760550037,2395200
2017-06-13,160.28660583496094,160.5352350263475,158.9724210305927,159.74494647888133,1745400
2017-06-14,161.3165740966797,161.5740914930417,160.03790253351664,160.57068686792405,1440400
2017-06-15,159.886962890625,161.01468214384678,158.38629999326903,160.17999294300245,1753800
2017-06-16,148.38780212402344,151.48680423424966,146.51419580538987,151.30920043022272,24233000
2017-06-19,145.92816162109375,148.62758274898982,144.1966326192392,148.33455267955748,13809100
2017-06-20,144.6494598388672,146.95817372801739,144.23211530083415,146.95817372801739,7337600
2017-06-21,144.87149047851562,145.42203801538443,144.5163098831503,145.17340888877447,3421700
2017-06-22,141.88795471191406,145.00472126544642,141.19534293318995,144.8892814525678,8043100
2017-06-23,139.5259246826172,141.8967892651062,139.01977820189379,141.54159518672085,9506700
2017-06-26,142.25196838378906,142.95346821335184,140.38725030051216,140.43163770426014,6473900
2017-06-27,141.41732788085938,143.45077570465222,141.36405213862432,142.660487246528,5533800
2017-06-28,142.22537231445312,142.51840243134617,141.6304373071633,141.71035091651436,3234400
2017-06-29,140.9022979736328,142.49176311740342,140.12089788577674,142.26089706519383,3664200
2017-06-30,142.01222229003906,142.55388142992234,140.99994282935364,141.71920579157452,4755100
2017-07-03,141.0266571044922,142.5450701977155,140.91121727836952,142.2609283440044,1994300
2017-07-05,140.31625366210938,141.63043826095387,140.17417598945792,141.12429163311026,3770400
2017-07-06,139.49038696289062,143.27312567652947,139.4548743326237,143.06000924712512,6963400
2017-07-07,136.84429931640625,139.89890136608884,136.82653622097175,139.73018583264087,7688400
2017-07-10,134.0826873779297,136.39140132202502,134.04717474692464,136.31147419104494,8999800
2017-07-11,134.1803741455078,135.9385408218006,134.0205334207891,134.48227895420345,6275600
2017-07-12,134.74868774414062,135.76984206680976,134.45565767041555,134.4911838577419,5112200
2017-07-13,136.39138793945312,136.68440437698086,135.5211727486339,136.06283177587179,5673500
2017-07-14,135.85861206054688,136.98633113092274,135.769810162369,136.97744281154456,4368400
2017-07-17,135.71658325195312,136.24936773409507,135.43244146427705,135.85866092042727,3096500
2017-07-18,134.5267333984375,135.7166035641292,134.02947503362748,135.51237535342673,3256900
2017-07-19,134.29583740234375,135.11276361247084,133.9939189915786,134.80197042905164,4100000
2017-07-20,134.07388305664062,135.13943868717033,133.9762063334677,134.5001025989975,3207400
2017-07-21,133.58546447753906,134.28695090634506,133.19475768710677,134.02944700316274,4078000
2017-07-24,134.0826873779297,134.50003192589514,133.29239923270598,133.5943040186863,3655600
2017-07-25,136.0095977783203,136.48021814560437,134.4378959304311,134.44678425198745,4605700
2017-07-26,135.0505828857422,136.30261668825378,134.5710877854556,136.2227030964176,3017200
2017-07-27,135.43243408203125,135.84977874212998,134.47343019601314,134.97956323211434,3637900
2017-07-28,135.76095581054688,136.12502467885744,135.06834425824692,135.5656024445885,2779500
2017-07-31,140.75132751464844,140.8845303944402,135.88528310006447,135.92968405999505,6937100
2017-08-01,141.82579040527344,142.047781685829,140.21857570193484,141.27525636526286,4787500
2017-08-02,143.2110137939453,143.4507681706845,140.6891960992603,141.3018942013313,5486300
2017-08-03,140.2185821533203,144.16114964526605,139.4638063449956,143.50405054685072,5562600
2017-08-04,138.91322326660156,140.68915296615052,138.3715641662684,140.60035106146572,3117900
2017-08-07,139.3660888671875,139.9255110920491,137.9364648308616,138.96650737054455,2629500
2017-08-08,140.0764617919922,141.5771246282015,139.43712598545014,139.4992900315743,2569200
2017-08-09,139.28614807128906,139.91660899118267,138.70008809774288,139.53477711171476,2157600
2017-08-10,139.0908203125,139.91663470869867,137.96310110447348,138.67347572880362,2764600
2017-08-11,139.0996856689453,140.1208533564503,138.88658278055811,138.97537113429675,1887000
2017-08-14,140.2185821533203,140.47608608893248,139.00206066639905,139.93442679748458,2028400
2017-08-15,139.30393981933594,140.635887188187,139.22401267976022,140.29845618564522,1869100
2017-08-16,142.31491088867188,142.42181666327173,139.95428458546078,140.10571970749726,3381800
2017-08-17,141.25482177734375,142.48412227171437,140.42636684273154,141.17463907279935,2650000
2017-08-18,139.92747497558594,141.36166976479882,139.78494309269297,140.72919302982905,2747900
2017-08-21,139.9185791015625,140.89845526405082,138.92978620056218,140.02547122299308,1857400
2017-08-22,141.37066650390625,142.03876985561905,140.328426906346,140.328426906346,2204600
2017-08-23,141.9674835205078,142.02984634884342,140.5511078800921,141.2993802645462,1731400
2017-08-24,134.80535888671875,143.11656109401937,134.59156105252003,142.5286272444148,10301700
2017-08-25,135.80303955078125,136.23953831562446,133.674018966091,135.7317736141178,5703500
2017-08-28,135.89218139648438,136.54246464683436,134.6895903074297,135.31315051958674,3776400
2017-08-29,136.79188537597656,137.17493823500033,134.92120478539616,135.74074298592558,2446200
2017-08-30,137.5758056640625,137.84304964810036,136.18615325817802,136.92552239055883,2493500
2017-08-31,139.6246337890625,140.0878421153595,137.13928284035362,139.1614118701742,4567700
2017-09-01,140.96078491210938,141.23693188925355,140.0343414356282,140.38175434116215,2833500
2017-09-05,141.7625732421875,142.27924128523665,140.27493192858051,140.7114308595857,3413000
2017-09-06,141.51315307617188,142.47522322506643,140.82723004923358,141.80712008771687,2873700
2017-09-07,141.8873291015625,142.1723930447714,140.36406113190537,141.61118190195197,2479300
2017-09-08,140.1323699951172,141.19242889157812,138.1013380360083,141.07662002613924,3364600
2017-09-11,140.17689514160156,140.74700906499675,139.9096512666314,140.64902009726063,2442500
2017-09-12,142.56423950195312,143.10763038397482,140.25706083590518,140.45303876664008,2988400
2017-09-13,145.1922149658203,146.0473795833643,142.53760805039443,142.65341697275628,4202000
2017-09-14,144.63983154296875,144.91597858985,143.98954847199784,144.91597858985,2493300
2017-09-15,144.5775146484375,144.90710783062596,144.04302672737123,144.52406857484937,3757800
2017-09-18,143.3393096923828,145.610863162234,143.2056809043953,144.4706212603006,2047100
2017-09-19,143.9182891845703,144.00737501982334,142.484094229573,143.38381495082234,1790800
2017-09-20,145.0674285888672,145.2366699214687,143.65103997903083,143.87374096636862,2432300
2017-09-21,143.8470458984375,145.13870915757155,142.88497581500596,145.13870915757155,1738800
2017-09-22,143.67776489257812,144.31024168564358,142.8582268795482,143.33035189148296,1535900
2017-09-25,144.60426330566406,144.9338565462486,142.99190970131988,143.2680568588469,1799600
2017-09-26,146.1542510986328,146.74217153817085,144.8358511006546,144.9427568472379,2370400
2017-09-27,146.46600341796875,147.26773523575548,145.53957316679652,146.52836622725286,2053100
2017-09-28,146.0028076171875,146.93815477565096,145.682117551217,146.51057255188823,1730200
2017-09-29,146.35018920898438,147.04502886279533,145.87806415693973,146.00277617837435,1852300
2017-10-02,147.77554321289062,148.2476684633634,146.35025071809955,146.91146184672047,2267100
2017-10-03,147.0539093017578,149.02257830701572,147.00936638828287,148.158511030028,2839400
2017-10-04,147.16970825195312,147.81107451098313,146.70648644965402,147.1875145420735,1918600
2017-10-05,148.8267059326172,148.87123528102347,147.2054353097515,147.74882656776066,4715400
2017-10-06,139.93641662597656,142.04763164355913,139.44647163908644,141.63785576563495,18001200
2017-10-09,137.72718811035156,140.524311743346,137.2817861713869,139.86511198034648,7028800
2017-10-10,139.7404327392578,140.1769316350996,138.14589940471092,138.67147055367298,5420200
2017-10-11,140.63125610351562,141.602243021547,139.90970686915185,140.12350477261256,3859300
2017-10-12,140.05223083496094,140.73815384267814,139.28613871523066,140.6312481007346,3596300
2017-10-13,142.3950958251953,142.59997704140937,139.93646686023837,140.2304339579005,3634500
2017-10-16,141.4685821533203,142.35048301343616,141.0320968892208,141.97634696166926,2453700
2017-10-17,141.0855712890625,141.8783864706782,140.3640220734181,141.63786553459903,2426800
2017-10-18,140.34617614746094,141.49530735315923,140.13237828920958,141.49530735315923,3011300
2017-10-19,141.15682983398438,141.42406020158637,139.85624981042068,139.98096184616574,2981700
2017-10-20,143.21456909179688,143.42835336180292,141.20134326530058,141.61111910379702,3993200
2017-10-23,144.34585571289062,144.65764251003944,143.04528965112448,143.2858105062796,2811200
2017-10-24,144.56863403320312,145.10312208782955,143.41950238613097,143.56203434637746,3040700
2017-10-25,144.47056579589844,145.20103149719796,143.04528775270597,143.41942374876606,3603900
2017-10-26,144.72006225585938,145.69103561151124,143.2324072192847,144.72006225585938,3038900
2017-10-27,144.64881896972656,144.91604940853324,143.1522605494288,143.24134642409507,3399900
2017-10-30,142.7335662841797,144.31029366908322,142.05655992326373,144.3013905195982,2550700
2017-10-31,143.49075317382812,143.66000815962607,142.27925882519455,142.386150987764,2513600
2017-11-01,144.92495727539062,145.4594317128653,143.67782306942593,144.2835770763448,2129400
2017-11-02,146.9381103515625,147.47259816411852,144.85363234925546,145.85132843393103,3255700
2017-11-03,148.2654571533203,148.82666816382783,145.89591465628152,146.23442461088527,3112500
2017-11-06,147.0272216796875,148.3990540339982,146.96485886728644,147.6953247649397,1917300
2017-11-07,148.12289428710938,148.3188722627918,146.6263500283609,147.16082429537497,1944200
2017-11-08,150.5904541015625,150.71516614699584,147.89131843835995,148.43470954901818,3494300
2017-11-09,150.64389038085938,150.8220484923771,148.80883600630077,149.19187526643424,2094000
2017-11-10,152.64822387695312,152.66604376870288,149.72638688935453,150.04707697787606,2673100
2017-11-13,152.7373046875,154.18930639106577,152.0157418177642,152.3275287463881,4093300
2017-11-14,152.71942138671875,153.0668343608211,151.23178051850672,152.16712732342495,1774300
2017-11-15,150.54588317871094,152.0869703662717,148.81772116148989,150.8131271099724,2439900
2017-11-16,152.7615966796875,153.0832382133006,151.13552988353177,152.09151128740373,2342700
2017-11-17,152.7615966796875,153.85160334176956,152.46675747113198,152.77946944069996,2100600
2017-11-20,153.9231414794922,154.14650336504207,152.64551803795217,152.8778094910701,1955000
2017-11-21,154.94163513183594,155.62959339670326,154.16434031326247,154.53065699235376,2360200
2017-11-22,154.10179138183594,155.45983513819297,152.86884333905948,155.31688029375027,1950100
2017-11-24,153.33343505859375,154.70935165881983,153.22622573548395,154.01246379275602,789400
2017-11-27,154.2179718017578,154.62002044569212,152.8867301337391,153.89633016002503,2346700
2017-11-28,155.14712524414062,155.62065124403114,154.1643413492219,154.85229961871218,2728400
2017-11-29,158.6137237548828,158.80135371674302,155.05780674246682,155.45985536596598,4683000
2017-11-30,164.77853393554688,165.1984553971907,161.0171271828585,161.20474354397604,7716600
2017-12-01,165.40391540527344,165.44857686728082,161.8301259374889,163.73315955869523,4034400
2017-12-04,169.36190795898438,169.64781770623358,166.68156542669507,167.27124405570123,5774200
2017-12-05,167.80731201171875,170.84502798646264,166.9406668666502,169.4601816677398,3182800
2017-12-06,167.27125549316406,167.9502707399191,165.74345414680516,167.62862906873448,3569200
2017-12-07,166.3599090576172,167.78943040152183,165.7881032466405,166.6368755801788,2240800
2017-12-08,168.0306854248047,168.44166365884647,166.1365673692397,166.88706003108538,1772500
2017-12-11,168.7365264892578,168.77225839735448,167.1104451958066,168.1557909604135,1964100
2017-12-12,168.23619079589844,168.96881076050266,166.89601935615352,167.03897424829592,3365700
2017-12-13,168.21829223632812,169.86223234514384,167.78944125857768,168.4416541087083,3062900
2017-12-14,166.65478515625,169.52275804399244,166.33314346447446,168.48635552239034,3743200
2017-12-15,172.19412231445312,174.53496389151533,171.54190949660722,172.8016736663752,8452900
2017-12-18,171.81890869140625,173.64154946078602,171.4525918972851,172.10481847206532,3492300
2017-12-19,168.26296997070312,172.4353681761117,167.07468315509269,172.3549611726989,3959900
2017-12-20,167.53030395507812,169.09383678271467,165.64512954329652,168.89727727946357,3894400
2017-12-21,166.89599609375,168.3255039171387,166.6994365526834,167.96813036952327,1908100
2017-12-22,166.7440948486328,167.50351696900702,166.15441628486533,167.31590064694277,1078300
2017-12-26,166.67262268066406,167.3784401598701,166.28843319229162,166.3509810569044,1120000
2017-12-27,166.44927978515625,167.12829500915694,166.00255601419926,166.94067865979443,1175200
2017-12-28,166.7351531982422,167.09254034608418,166.3509773513535,166.69049173357195,1017000
2017-12-29,166.28846740722656,167.61077970638283,166.11871017740725,166.59224996039583,2028000
2018-01-02,168.2540283203125,170.3625511895459,166.8423797302042,167.28016025040813,2509300
2018-01-03,170.27322387695312,171.63126787575686,168.30764213019287,168.7007612061303,3364400
2018-01-04,168.95091247558594,171.8099414913156,167.57499581515853,171.54190453888845,3525800
2018-01-05,167.7447052001953,169.4690516845493,166.8244557110357,169.24568989333733,2819000
2018-01-08,168.39694213867188,168.84366578562617,167.29800578438298,167.36055363876,1961800
2018-01-09,166.4403533935547,169.12963949138165,166.31527127037174,168.87053204361976,2241900
2018-01-10,165.6630401611328,166.3956736830073,164.28713695690539,165.95787948338028,2609500
2018-01-11,169.2010955810547,170.35363688255555,165.31459341861907,165.67196697319665,4678600
2018-01-12,171.3989715576172,171.7027404471097,169.75503136785215,169.84438157437464,3499500
2018-01-16,171.12200927734375,172.29242339421162,170.55020338693012,171.85464281692907,2006600
2018-01-17,171.8009796142578,172.04221420850837,170.95220738461973,172.0154118794721,2585200
2018-01-18,171.10415649414062,172.46220075484177,170.84506267117595,171.74743990010805,1908000
2018-01-19,171.8009796142578,172.11369163024648,170.79139341040218,171.28279216427399,2353800
2018-01-22,173.66830444335938,174.00780517415728,171.5954999975721,171.98861902231968,3009100
2018-01-23,172.81065368652344,173.41820521582537,171.60450746298636,172.9804109319597,2316400
2018-01-24,173.543212890625,173.99886611740578,171.47933812327565,173.71295643030268,2799200
2018-01-25,176.85791015625,177.30463385638345,173.98995163583146,174.2222430520477,3558700
2018-01-26,177.7156524658203,178.00154858790938,174.8387503123717,176.6792500532765,2756200
2018-01-29,177.1885223388672,178.58229831734212,176.50949348468785,177.23318380944002,2031100
2018-01-30,176.8221893310547,177.60841382213243,175.1871788502334,176.53627960126187,2285000
2018-01-31,174.10609436035156,177.3225105252907,173.41814966270752,176.40226077339088,2682300
2018-02-01,172.8553009033203,174.57964815410057,171.93505100513423,172.80169623087107,2096600
2018-02-02,170.63954162597656,172.97144012843432,170.46978442100837,170.8718330663438,2386600
2018-02-05,163.29539489746094,171.63126127477366,163.08096260076218,170.34469476043358,3407200
2018-02-06,165.2967529296875,165.5022557149805,157.4254809282162,159.8467301770147,4067900
2018-02-07,163.67062377929688,166.3509658547054,163.56341445881648,164.93038782664084,2594800
2018-02-08,159.57864379882812,164.84997810936488,159.50716636947084,164.84997810936488,3013200
2018-02-09,161.4638214111328,162.66998090056188,157.05911847108138,160.6239786416549,2777200
2018-02-12,161.76759338378906,163.7331750504609,161.16005566058692,162.46448130530976,1596200
2018-02-13,164.52833557128906,164.9303978132853,160.86520935951424,161.01709378369978,2123900
2018-02-14,167.38735961914062,168.39694581289714,162.8843775251542,163.24176463026967,2191000
2018-02-15,171.5350799560547,171.74113256630596,167.13652516109173,168.49818926601228,2072900
2018-02-16,171.60679626464844,174.34805949444828,171.1409564840144,171.50825349700293,1969300
2018-02-20,168.52508544921875,171.5351024844424,168.0861334597405,170.09280237028509,2202100
2018-02-21,166.40196228027344,169.43885353500522,166.3482141700068,168.89239163161537,1747200
2018-02-22,167.15447998046875,168.71324368206777,166.32135684869937,166.93948751777154,1360100
2018-02-23,170.0391082763672,170.07494947224438,166.545343495949,168.2653518239557,1561700
2018-02-26,172.72662353515625,172.9864243618508,170.14660421317168,170.29890879125392,1852400
2018-02-27,170.2988739013672,175.1543160638269,170.2988739013672,173.29992413871526,2170400
2018-02-28,171.01553344726562,173.5776316435809,171.0065799848626,171.64263122009197,2179800
2018-03-01,169.34030151367188,172.88782696070626,167.80842577723482,171.3828116085258,2447700
2018-03-02,169.6090087890625,170.55859487416876,167.71879007779143,167.9517030348958,2275900
2018-03-05,171.5350799560547,171.98299901753234,167.96964805412583,168.8206915370524,2155800
2018-03-06,171.5172119140625,172.22491817707768,170.27199718767295,172.1263754144393,2458700
2018-03-07,167.84423828125,169.9852909378544,165.53297418706276,169.50154434577126,5157100
2018-03-08,166.3482208251953,166.93947740059792,164.0100822492014,166.79613998788068,6061500
2018-03-09,168.9372100830078,168.99095820084747,165.03135404354887,167.0738645379127,3288100
2018-03-12,169.64488220214844,170.29885395572677,168.01446372240142,168.65946834520872,2394100
2018-03-13,167.93382263183594,170.3167416797786,167.34256618267653,170.25404011848266,1964300
2018-03-14,165.39865112304688,169.32241408999386,164.386349338739,169.11637508174505,2866000
2018-03-15,166.18695068359375,167.13655072144985,164.97757723429635,165.5688337665255,1811300
2018-03-16,166.50950622558594,166.84992924738958,165.2553377285379,166.78721398783148,3569400
2018-03-19,164.96859741210938,166.60798294203985,163.76817751677427,166.29444777681974,2493200
2018-03-20,167.83529663085938,168.04133559481875,165.37174151637572,165.81966062810002,1852500
2018-03-21,166.68862915039062,168.31904765154354,166.67966201950188,167.36946129700075,2048300
2018-03-22,163.6158905029297,166.22278298066695,163.49047370001827,165.64047994118746,2489800
2018-03-23,162.00341796875,165.2373952392068,161.99446450546134,164.18926591922954,2351800
2018-03-26,167.7188720703125,168.02345385605787,163.3471761547779,163.96530685899683,2036600
2018-03-27,164.0727996826172,168.11303966897648,163.0963390942396,167.91595412479265,2495300
2018-03-28,164.48486328125,165.38965500185063,162.35276385062645,164.48486328125,2168700
2018-03-29,168.80282592773438,168.99095800936948,165.20156534246306,165.49719365965566,3016000
2018-04-02,163.7144012451172,167.44109075931544,162.19147931625264,167.44109075931544,3599200
2018-04-03,163.58901977539062,164.9865252274983,162.46026852624362,164.41318930690525,2287000
2018-04-04,166.19590759277344,166.9394549431347,162.092966974193,162.2631784202211,2111000
2018-04-05,166.84988403320312,167.52176276085362,165.66737091122258,167.25300853591187,1933600
2018-04-06,164.7984161376953,167.74571806675894,164.0279946694909,166.0346636699062,2259000
2018-04-09,165.20155334472656,167.88010126184156,164.38633716586182,165.90925962643226,1946000
2018-04-10,164.4311065673828,166.59903340036962,163.19484546045564,166.40194790015207,2526000
2018-04-11,165.41653442382812,166.95737737285614,163.23965394514065,163.26652800023007,1697300
2018-04-12,169.1521759033203,170.24508593416743,166.16903304961969,166.17798651065561,2841600
2018-04-13,169.2328338623047,170.05700354236689,167.53073271637294,170.03908294709774,1744400
2018-04-16,174.312255859375,175.40517991596226,171.44557541152753,171.85765346403122,3026800
2018-04-17,175.58433532714844,176.37267753344068,174.44661667386939,175.27975353632092,2160500
2018-04-18,176.0412139892578,177.16997921738582,175.6918375304111,175.8530955641767,1663100
2018-04-19,174.75115966796875,175.94261241375122,173.3446871694138,175.72761999979025,2427600
2018-04-20,173.3984375,175.28865662365055,172.67281075475034,174.1778123494302,2252800
2018-04-23,173.2102813720703,174.13299341108305,172.2338075711922,173.62235919388417,1618000
2018-04-24,172.45782470703125,175.01096930751388,171.239484082887,174.27637534660875,1598900
2018-04-25,173.76577758789062,174.39286174139357,171.45451284834311,172.20701383254666,1311700
2018-04-26,174.92137145996094,175.9784677011546,173.20136366337786,173.90011640357076,1445800
2018-04-27,176.10389709472656,176.40847884028952,174.26742582039574,174.64367627128078,1563100
2018-04-30,176.62350463867188,178.3076715584921,175.93370523380943,176.56975652104273,2165000
2018-05-01,176.07701110839844,176.55180428825466,173.353655168318,176.02326300040068,1413200
2018-05-02,173.79261779785156,175.20804385117316,172.40406579805955,175.11845455980335,2498100
2018-05-03,172.9057159423828,173.78364716897772,170.37049234441812,173.72093193733295,1815500
2018-05-04,174.8586883544922,175.94264509463628,171.35595715275994,172.75346278071237,1704500
2018-05-07,172.9505615234375,175.40516369174117,172.18910707536818,175.38724309607798,2361900
2018-05-08,174.22265625,174.86766102133845,172.37723124788553,172.88786572078254,1908600
2018-05-09,175.62013244628906,175.9605553708724,173.03116033364995,173.92699862410512,1999100
2018-05-10,175.60214233398438,176.93184519639897,174.47907924191583,176.1412181018838,1874200
2018-05-11,175.8806915283203,176.0783517649372,174.8115467875074,175.49436433537653,1296300
2018-05-14,175.9884796142578,177.23732519906022,175.5751863726415,176.06035729581134,1440900
2018-05-15,175.62911987304688,176.7252307044323,173.63455843949424,174.98223434274504,2319600
2018-05-16,178.53111267089844,179.1061204675977,175.19785513849362,176.1592037958557,2163200
2018-05-17,179.3307647705078,180.90305349170973,177.79440804514044,178.84559371648876,2391000
2018-05-18,178.75576782226562,179.25889805038722,177.69558880506327,179.24092519673414,1624600
2018-05-21,179.34873962402344,180.89407605639732,178.87256180920403,179.33078047916788,1202800
2018-05-22,178.76467895507812,181.2803428418442,178.6388964462031,179.43851676175126,1563600
2018-05-23,178.0189666748047,178.87249183676715,176.7880939794251,178.87249183676715,1635100
2018-05-24,178.6928253173828,178.8725126814832,176.8330398495799,178.15374951581455,1176300
2018-05-25,178.2166748046875,179.88779359321126,177.73151747672154,178.6928525613229,1331000
2018-05-29,176.76116943359375,178.647907398164,176.09631107887796,177.98306275271585,2298100
2018-05-30,179.36666870117188,180.16628914875434,177.66859769633862,178.03696571503565,2390900
2018-05-31,178.10887145996094,180.3190525017498,177.62370040543286,179.8878000049346,4822800
2018-06-01,177.11155700683594,178.78267553761904,175.1978529948498,175.6021529906768,4056400
2018-06-04,178.4502716064453,178.82761925101795,177.2193985484867,177.28229667721692,1870600
2018-06-05,177.74945068359375,179.10611976636253,176.98577595384805,178.989316809762,1868500
2018-06-06,177.5877685546875,178.25261329838972,176.72524985108254,177.90221807395295,2066900
2018-06-07,181.9990997314453,182.27761715526466,179.159993245501,180.13930086772544,2735000
2018-06-08,183.06829833984375,183.2929110009097,180.5885794970126,181.04678439025034,2052500
2018-06-11,183.733154296875,184.0835494950851,182.76282596892352,183.06829589366694,1684800
2018-06-12,184.07455444335938,184.25424181284558,182.59210279924628,183.5085262056737,1384800
2018-06-13,183.38278198242188,184.92811835948572,182.57418179619398,184.11052489188103,1665800
2018-06-14,184.29013061523438,184.8381858747562,183.5444151828185,184.06551802869697,1685000
2018-06-15,186.2667694091797,186.58121886734537,183.79603046561897,184.54173233715684,3879600
2018-06-18,185.26951599121094,186.97656675561132,184.31714677911202,185.08083532118377,1975000
2018-06-19,186.4554443359375,186.70700939696195,183.84094990607517,184.09251496709962,1940600
2018-06-20,186.85975646972656,187.4078118973553,185.9433467062308,186.6620962362035,1527700
2018-06-21,188.63865661621094,189.67186911770077,186.87768775719138,187.03042268380415,1825800
2018-06-22,189.66293334960938,190.26489362619375,188.69260502474737,189.00705451947547,1738600
2018-06-25,190.24693298339844,190.54342335523816,188.6476918571863,188.68362385258982,2398600
2018-06-26,188.7554931640625,190.88483052004932,188.64768347337366,190.8129528231671,2276700
2018-06-27,188.70152282714844,190.84881858015433,188.32417533143249,189.12379558148243,2211700
2018-06-28,187.51564025878906,189.74379402108613,186.9226595425206,188.67463555943297,1826700
2018-06-29,187.75823974609375,189.15084119383494,187.16527265166516,188.3691934039489,2164600
2018-07-02,186.86874389648438,187.6144595342777,185.12574755143348,187.25507107128016,1876100
2018-07-03,186.0870819091797,188.59376673375414,185.88942168253698,187.35390053195312,842100
2018-07-05,187.90194702148438,188.03670911994953,186.47341394068403,187.0574013130563,1436700
2018-07-06,188.3332061767578,189.0250169618945,185.673800137372,186.10505257714064,1523200
2018-07-09,189.51919555664062,190.28287043697935,188.6746496931026,189.1418479023668,1738300
2018-07-10,190.20201110839844,191.10046181151725,189.4203633836514,189.56411878637516,1687800
2018-07-11,189.5281219482422,190.2738374757565,188.64764433532548,189.76172784196118,1472800
2018-07-12,192.28639221191406,192.4211543118721,190.66917846607973,190.9566755157461,2222000
2018-07-13,194.55044555664062,194.64029608125776,192.00784296301228,192.2683875495775,1951200
2018-07-16,193.0321044921875,195.08057063184052,192.1785655096093,194.64032493078793,2078200
2018-07-17,193.1668701171875,194.20907605548584,192.2684195585029,192.32232439854116,2064800
2018-07-18,193.1399688720703,193.95756238732935,191.90909566750247,193.47239127989755,1869500
2018-07-19,195.44894409179688,196.04192479804487,192.29538731464484,192.68172821451017,2790800
2018-07-20,196.48214721679688,196.70675984771657,194.28094617563724,194.94579078922865,1793900
2018-07-23,196.61692810058594,198.0724274103364,196.0419202588538,197.55132441169343,1394300
2018-07-24,196.38333129882812,198.27006930930355,195.49386028078882,197.1290469324689,1453900
2018-07-25,198.2880096435547,198.39583301880626,195.29616802905718,195.51180107029452,1560200
2018-07-26,199.2044677734375,201.80996902508303,198.39586771858703,199.45603284424735,1820000
2018-07-27,197.3446807861328,199.9052706352811,196.54506025196247,199.73456281743535,1596800
2018-07-30,196.85946655273438,197.76689651614572,196.41024135533496,196.79656844465123,1292700
2018-07-31,196.50015258789062,197.72204605069558,196.15873694542077,197.38063040822576,1888500
2018-08-01,195.08059692382812,196.85054582740253,194.2899559530991,196.44623206147207,1841300
2018-08-02,198.66542053222656,198.91698563925382,193.17588603732779,193.17588603732779,1904800
2018-08-03,199.48301696777344,200.0130996148456,198.55761380109817,198.55761380109817,1195700
2018-08-06,200.1029052734375,200.5970558120635,198.56654881866706,198.9438964001813,1285500
2018-08-07,201.12713623046875,202.58262170236594,200.33649537696058,200.5701012887337,1428100
2018-08-08,201.7740020751953,202.04353994986985,199.67163132941235,200.22866621694482,2010700
2018-08-09,196.077880859375,199.77051369352196,194.88293981278278,199.11463482805078,3637100
2018-08-10,197.93763732910156,199.20445588747899,195.6376061279231,195.98800129202033,2830800
2018-08-13,197.2637939453125,199.0786678340091,196.8145686853863,198.5845173062369,1518900
2018-08-14,199.45603942871094,199.95916958694002,197.53335563303915,197.6681177435403,1450600
2018-08-15,199.15951538085938,199.55483578380392,196.5540144840213,198.30599017046526,1844100
2018-08-16,200.525146484375,201.48648128123148,199.58177082480418,200.75873865247445,1657700
2018-08-17,202.76235961914062,202.94206073738974,199.59082955368555,199.75255781825564,1980900
2018-08-20,204.26275634765625,205.04440400930093,203.02289009048025,203.04984251265637,1783700
2018-08-21,205.33187866210938,206.73347300857083,204.57718350504584,206.1854176353841,2066700
2018-08-22,205.93389892578125,206.85030880447002,205.18818317089276,205.2780200187976,1267900
2018-08-23,206.20339965820312,206.9581086082855,205.3588675797318,205.7451947711238,1337900
2018-08-24,207.7936553955078,208.49444577258146,206.28426495543178,206.64363971470658,1453200
2018-08-27,206.6705780029297,209.21319469326227,204.9365750295704,209.10538501470612,1904100
2018-08-28,206.87722778320312,208.28780178903224,206.49988018076127,207.48818131282422,1882100
2018-08-29,206.81434631347656,208.4405397099723,205.50260240218924,208.2518590514327,1793600
2018-08-30,207.90419006347656,208.20141643292874,206.65224406425114,206.8143600421518,1272000
2018-08-31,209.97573852539062,210.32700351981742,207.34575199780795,207.34575199780795,1881300
2018-09-04,211.3717803955078,211.5789468911957,209.98473789999895,209.98473789999895,1858400
2018-09-05,212.2093963623047,212.71377539360938,210.03875241237762,211.27269441035284,2126000
2018-09-06,213.1731414794922,213.25421320261026,211.7140428695587,212.08332532424294,1853200
2018-09-07,217.47840881347656,218.82041451342457,213.64149951339581,213.7405749587805,2722400
2018-09-10,219.0275115966797,219.5859429393244,218.0727923165172,218.86539567814458,2817300
2018-09-11,219.9552764892578,220.81092054834582,219.01856070873902,219.7030732073496,2185700
2018-09-12,218.36105346679688,220.774871393186,218.17190445337766,220.66679409597404,1912000
2018-09-13,217.30728149414062,219.75713460669022,217.10913059950062,218.41511513722824,2078200
2018-09-14,212.00222778320312,215.2626875227216,211.18260504696386,215.2626875227216,3875300
2018-09-17,208.9579315185547,211.29069133496097,208.5165930087086,210.8133316425936,2884600
2018-09-18,211.07456970214844,212.08332788978186,208.68775712443073,208.93994667133907,2000200
2018-09-19,210.6242218017578,211.4258272067445,209.3362410426045,211.3177361595413,1581400
2018-09-20,210.687255859375,211.6599927946056,209.24617479271006,211.29972596376405,1910100
2018-09-21,211.4438018798828,212.41653871128017,210.76829133668718,211.09253694715298,3717800
2018-09-24,210.16488647460938,211.52492348476082,209.76858466352687,210.930470768137,1530400
2018-09-25,209.79563903808594,211.3538272140707,209.61550556931218,210.78639373129573,1889700
2018-09-26,210.58819580078125,212.25446093754965,210.26395013202142,210.3720411838078,2008500
2018-09-27,210.7593231201172,212.2634585205392,209.26418958078776,210.4891161110469,1421400
2018-09-28,211.5519256591797,212.08332407035948,210.57017307286026,210.63322733010156,1602800
2018-10-01,211.3447265625,213.0380107228629,211.1465757035938,212.38951950158764,1673100
2018-10-02,212.8759307861328,213.9747625555877,210.64223231589366,210.8493988127889,1647600
2018-10-03,210.0387420654297,213.7405403904013,209.61542102573168,213.11906849198095,2322300
2018-10-04,208.6697235107422,210.75930958719334,207.75103897951138,210.09280084005664,2862800
2018-10-05,197.08694458007812,204.5085442707153,196.15923087545255,202.653144348056,7379000
2018-10-08,201.68948364257812,202.20287839385924,197.48330514879285,197.55536127581306,3863500
2018-10-09,201.9055938720703,202.7882571230721,200.455497373776,201.8875764096793,2502800
2018-10-10,199.09548950195312,202.65317584026707,199.08647389842724,201.84256863422524,3021400
2018-10-11,199.78904724121094,202.94143044495945,198.98742803297537,200.77078614055773,3650900
2018-10-12,204.40953063964844,205.01298520270254,201.2031087854265,202.83333904048763,3130500
2018-10-15,202.21180725097656,204.40046837122222,201.9776352301803,203.77899652543275,2441900
2018-10-16,205.0670623779297,205.58945905525906,202.04078713266045,202.53615073366174,2541800
2018-10-17,205.79656982421875,206.14783480165158,203.11253102916885,205.76053489441597,2129300
2018-10-18,205.87767028808594,207.74207286281543,203.7790818512066,205.84163535084667,2624600
2018-10-19,206.859375,207.7240346874194,206.0037309170461,206.16584687783129,2099800
2018-10-22,206.3100128173828,207.381825537002,204.69779967785098,207.04857792422405,2007300
2018-10-23,206.0307159423828,206.49005816476574,201.59036656278974,204.51757892044108,2656700
2018-10-24,201.536376953125,208.13837037624072,200.93292232830672,203.4908530869309,3100200
2018-10-25,203.91407775878906,204.98588984762247,200.70765709379512,201.80648850055755,2218900
2018-10-26,196.5195770263672,202.65321204534487,195.44776450595484,200.2303781112969,3995400
2018-10-29,200.32943725585938,202.55412010199848,197.02394011546104,197.9246209845603,3801400
2018-10-30,205.28321838378906,205.54442357832505,200.8608712350897,200.9419429725709,2410500
2018-10-31,205.9226837158203,207.6609912995185,203.15758668687005,205.94068743909475,2674600
2018-11-01,206.79629516601562,207.87710926231458,204.94088137113442,205.51731647204699,2095000
2018-11-02,207.3007049560547,209.1651071440516,204.61666616385205,206.9854611654601,2167200
2018-11-05,211.16465759277344,211.5609594314979,206.97649644224725,207.79611945021819,2513900
2018-11-06,213.20016479492188,213.90269474113978,210.92142965676015,211.65999453233724,2101300
2018-11-07,216.4966278076172,216.95598378652352,213.40729942721998,215.03752938826202,2603600
2018-11-08,215.50355529785156,216.4966647623999,213.99584458419517,215.33201695615986,2140600
2018-11-09,214.63687133789062,216.91197247864474,214.03198235218449,214.84451650588693,2256700
2018-11-12,211.6936798095703,215.95500037133522,211.37770040335297,214.54660038118683,2301400
2018-11-13,211.38668823242188,213.44512076161766,210.14982681843122,211.93741006200293,1548100
2018-11-14,210.63739013671875,214.0771396140977,209.19288326044907,214.0771396140977,1896500
2018-11-15,207.5948028564453,210.04144170086715,204.94050512338026,209.7435226929198,2722300
2018-11-16,208.56988525390625,208.6601591636343,204.50718736504442,207.01703073653061,2822400
2018-11-19,206.51144409179688,210.80887049675115,205.67181273316825,209.10253800608163,1949500
2018-11-20,197.99789428710938,203.13495376651568,196.86034350536633,203.06272635206,3704800
2018-11-21,197.32977294921875,200.45352874991295,196.31860313732236,199.12637956477278,2036500
2018-11-23,198.6750030517578,199.68615926276308,196.5082358064693,196.90547968249857,1007500
2018-11-26,198.124267578125,201.76263881345133,197.62771276695793,201.19387037154107,2205600
2018-11-27,201.33831787109375,201.43762883651462,197.15826161521628,198.05204652803445,2369800
2018-11-28,207.95591735839844,208.06426531457416,200.59792706511666,201.1305884857766,2765600
2018-11-29,208.5518035888672,209.08446506236467,206.16835495603303,206.74616026775146,1478700
2018-11-30,208.8046875,210.70964262104224,207.3782269745586,209.17484785538073,2764000
2018-12-03,209.52688598632812,209.63522019453,206.03297001214233,208.2990477814926,2481500
2018-12-04,204.35374450683594,210.62835401594657,203.64050748455216,209.55399374063725,3418600
2018-12-06,210.5380096435547,211.1338752490281,204.57939491671652,205.78917264227866,4029800
2018-12-07,203.00851440429688,211.08876691454256,201.35634882539821,210.49290120884777,2881900
2018-12-10,201.0222930908203,203.31545426218426,197.8172731401932,202.71958860412516,2650000
2018-12-11,204.48907470703125,205.16619084844527,202.23202090231788,203.24317659852127,2466800
2018-12-12,205.66278076171875,208.0552526952188,205.0037247948242,206.15933543922787,2891400
2018-12-13,204.4981689453125,207.3059454040087,203.5682635570725,206.6017454745836,2170200
2018-12-14,186.93824768066406,197.71794033021948,185.53887137518868,196.815118684876,8822300
2018-12-17,182.57763671875,187.78692201855458,181.16021374970867,186.5951907086652,4739400
2018-12-18,183.2637939453125,184.78052788901584,181.98178869976323,183.35406785569478,3308500
2018-12-19,181.83734130859375,186.88411184394442,180.43796476906158,183.724235556728,3369600
2018-12-20,177.9732208251953,181.1962866724397,174.85847538227503,180.8622470992423,4250900
2018-12-21,175.6168975830078,181.19632960526008,175.43633598109068,178.00034654582862,5080200
2018-12-24,171.52716064453125,176.3482269280602,171.35562225647053,175.05718427516223,2031700
2018-12-26,179.3274688720703,179.46288660927812,171.09372605070863,172.27643398483886,3268800
2018-12-27,181.53939819335938,181.58454203581653,175.11131177529842,177.8197770111286,2705900
2018-12-28,182.40614318847656,185.0333584048124,180.19423213619547,182.20753503067723,2037800
2018-12-31,183.913818359375,184.52773051556574,181.81024210189884,183.6158855391179,1729400
2019-01-02,184.8617401123047,185.1687099164989,180.4288966637827,181.01572517516198,2143100
2019-01-03,180.94351196289062,185.92709128748123,180.60043533038223,183.9047658486415,2877700
2019-01-04,186.19796752929688,187.7237247547267,181.87344351961352,183.3450474187541,2761600
2019-01-07,186.8841094970703,188.79808727298203,183.76034005951016,185.54793711252634,2226600
2019-01-08,188.2835235595703,188.76201809895193,184.33818220478477,188.3737974904901,2366500
2019-01-09,189.50230407714844,190.6940355521933,187.71472064054956,188.82518767795523,1862900
2019-01-10,190.17034912109375,190.40507778743358,185.98125727525286,187.9223182849727,2340700
2019-01-11,190.0530242919922,190.7211174259928,188.96964081802045,189.62869691682494,1861100
2019-01-14,188.6897735595703,190.17942415623207,187.93140648403227,189.11410094668608,1523100
2019-01-15,190.52247619628906,190.80234873962286,188.76197650760332,189.62867768851004,1681900
2019-01-16,189.75506591796875,190.9106904142908,189.14115374976515,190.9106904142908,1455000
2019-01-17,190.9107208251953,191.08224541059872,189.27660165041928,189.4752235661165,1517100
2019-01-18,192.83370971679688,193.34832476796697,191.19058116373137,191.90380434191508,2115400
2019-01-22,191.7593231201172,194.61224299166156,190.31481666908272,192.30102164923375,3310800
2019-01-23,191.47947692871094,193.9712739741409,189.59258262689457,192.30104809299308,2220200
2019-01-24,189.87246704101562,191.75033820119265,188.59948488624676,191.75033820119265,1994400
2019-01-25,188.75294494628906,191.6871155570172,188.4550121234684,191.4252895418265,2252300
2019-01-28,190.2877655029297,190.30581202126308,187.16399583523156,188.40085736350926,1999400
2019-01-29,189.87246704101562,190.0801122157752,188.3015657892289,189.88150407641947,1636500
2019-01-30,190.81138610839844,191.55169279438874,188.97865902209648,190.02592180286408,1589800
2019-01-31,193.77264404296875,193.99834948912567,189.33978577421425,190.62179105526963,4341100
2019-02-01,189.83631896972656,194.10666166917812,189.0237711901832,193.2038399869959,3453700
2019-02-04,190.65789794921875,190.66693498368798,187.6966435964125,190.22454734967732,1630300
2019-02-05,191.04612731933594,191.86769848795257,189.26756721847045,190.93779310843013,2074500
2019-02-06,191.03704833984375,191.63290010199898,190.02587882110618,191.63290010199898,1618800
2019-02-07,189.2446746826172,190.19520079141836,186.72805207115587,190.16804408658203,2526600
2019-02-08,188.0678253173828,188.73772290497502,186.25730473671004,188.1402477981908,2013700
2019-02-11,188.94593811035156,189.1269874146052,187.1716217770423,188.88256325661573,2376600
2019-02-12,191.82460021972656,192.59407679210847,189.434714225926,190.1589250329021,2091200
2019-02-13,192.63937377929688,193.2821007874428,191.2814834760779,192.1233688337499,1703000
2019-02-14,193.58087158203125,194.22361251381807,191.13667137879295,191.91519583896869,1411100
2019-02-15,195.9617156982422,196.66781769007295,193.7619257904792,194.76676536549644,2635500
2019-02-19,197.45533752441406,198.79513247850917,195.99786814495306,196.14271308266717,1938100
2019-02-20,196.54107666015625,198.3153930376683,194.68529016567695,197.55496383977638,1785600
2019-02-21,194.8391876220703,196.18803056033815,194.02445880574948,196.0794037350093,1615300
2019-02-22,195.7987060546875,196.07028685440082,193.9519814803488,194.7848191364759,1542500
2019-02-25,196.4867401123047,198.33346494532688,196.0341099871039,196.7764162095821,1794000
2019-02-26,196.9937286376953,198.17056999465441,195.65394702877092,196.3419400034773,1884100
2019-02-27,197.39199829101562,198.12525687603713,195.94357638030462,195.99788978465062,1482700
2019-02-28,198.0166473388672,198.8766418800987,196.91222864358417,197.79033225890225,2055600
2019-03-01,198.65032958984375,199.67327818586728,195.32802582688342,198.94000571341525,2178200
2019-03-04,197.71792602539062,200.13496962048234,195.418556888592,199.54654207630716,2444700
2019-03-05,198.99435424804688,200.61476433909453,198.16150249728923,198.17056394201833,2160200
2019-03-06,198.460205078125,200.88630978401042,197.55494480833613,199.60988948844602,1985300
2019-03-07,196.2514190673828,198.60510190884742,195.73542776168597,197.46447864374454,3279100
2019-03-08,206.23643493652344,207.03305471092915,202.5701274831667,204.11811506164722,6782700
2019-03-11,207.92926025390625,208.1284186438646,205.54842101869895,205.97389450513927,3748400
2019-03-12,210.8894805908203,211.2877835859036,208.11937200968634,208.49959355442928,2647100
2019-03-13,213.98541259765625,214.95403383831786,210.88036289831246,212.05720393250448,2421200
2019-03-14,211.68606567382812,213.98543457595332,211.17912211488976,213.75911950048612,2300300
2019-03-15,211.46878051757812,213.32455280922318,211.088559091879,211.98477162987157,5075400
2019-03-18,214.175537109375,214.2570072235132,211.3692383880409,211.4507085021791,1735400
2019-03-19,214.5919952392578,215.49725570108706,213.9039884478334,215.01746876137184,1852300
2019-03-20,214.52859497070312,215.89554694661595,213.44228530779174,214.57386075106962,1499500
2019-03-21,216.8460235595703,217.1266658263573,214.1393043854085,214.25697881917128,1617000
2019-03-22,215.05364990234375,217.57027260968485,214.45617474682845,217.03617230998645,1873600
2019-03-25,214.51953125,215.52437072079047,213.4513169288145,214.48331310315262,1357100
2019-03-26,216.42059326171875,217.48879381851518,214.87259202292358,215.45195808036053,1193000
2019-03-27,216.72836303710938,217.45257401066948,215.59678770753905,216.09468361518506,1351200
2019-03-28,218.3668975830078,219.02773375523594,216.88227119654206,217.24436980273316,1396700
2019-03-29,219.1997833251953,219.47136424577008,217.9595808241586,218.76526214018338,1968000
2019-04-01,221.05555725097656,221.2547156602161,219.59808733600298,220.0416699407962,1610200
2019-04-02,217.71514892578125,221.05556236057234,217.54314722171878,220.88356065650987,1574300
2019-04-03,219.50753784179688,220.47617309975797,218.18586539367308,218.7923882038638,1663600
2019-04-04,221.24563598632812,221.57153028248933,218.39407125480068,219.2269091642843,1319700
2019-04-05,222.5763702392578,223.68078903286514,220.8925853418874,221.7525937728601,1616200
2019-04-08,223.16473388671875,223.44536232039607,221.96978386995573,222.68494711691426,1244200
2019-04-09,221.70730590820312,222.40434640163934,220.89256334103675,221.88835520762584,1450200
2019-04-10,222.3409881591797,223.30056189004722,221.52625939494249,222.0422505954457,1556600
2019-04-11,218.38502502441406,221.0464790114291,218.09533506455585,220.53953539485482,2719800
2019-04-12,219.0277557373047,219.72481012801558,218.07722953418582,218.62943894261278,2187600
2019-04-15,222.99276733398438,223.37297499554464,219.0367843145632,219.4079305328543,1859700
2019-04-16,222.0965576171875,223.43635280022153,221.10982721010197,223.28244639436792,1360500
2019-04-17,222.29571533203125,223.11045788361133,221.17320140917886,222.96561292157364,1363000
2019-04-18,222.52203369140625,223.8256107426445,221.51719419884145,223.40918492393047,1365000
2019-04-22,220.35848999023438,222.48585750454652,219.57996547576033,221.96080480286145,1300000
2019-04-23,222.31385803222656,223.1738526779952,219.2631348036832,221.47195864956777,1524600
2019-04-24,224.46839904785156,225.13828297559672,222.3319837211297,222.4043924053354,1156400
2019-04-25,222.3319549560547,223.73509749516163,220.82921940939747,222.88416434063706,1278200
2019-04-26,220.72064208984375,222.59452431475475,219.1273746225166,222.35010008952975,1842900
2019-04-29,221.13697814941406,222.46771185437015,220.42182861229796,221.7887666503385,1429700
2019-04-30,222.26858520507812,222.50394793664992,219.9963865707743,221.5805922728992,1427600
2019-05-01,218.70188903808594,222.20525669673398,218.66568469453418,222.09661603971963,1350400
2019-05-02,219.69764709472656,219.8786964107796,217.64270213392186,218.85574774597256,1237600
2019-05-03,221.44479370117188,221.68017024462057,219.72480447363998,220.22270045419208,905900
2019-05-06,221.09173583984375,221.63489758599044,219.1273224985905,219.84248592478954,1194900
2019-05-07,217.42543029785156,219.74290846156705,215.6511276977356,218.8195390111198,1775200
2019-05-08,218.47557067871094,220.02357224639766,215.62400556471565,216.86420805744933,1611900
2019-05-09,220.99896240234375,221.53450508867581,217.99446072930022,218.4483132805269,1919300
2019-05-10,224.22129821777344,225.61008579218853,217.8764351333332,220.5178600691734,2036500
2019-05-13,219.59197998046875,222.3241668955201,218.457348792253,221.58892810163283,1962800
2019-05-14,220.32723999023438,222.46942443388133,219.4921530173523,219.92784755744736,1635100
2019-05-15,222.0882110595703,222.75083192205273,218.96570321647573,219.7644881578667,1194800
2019-05-16,224.6025390625,226.6811775260738,222.57836068567346,222.9595951433843,1800600
2019-05-17,225.4285430908203,226.97163882620492,222.92326841761596,223.1865106248192,1672000
2019-05-20,225.92779541015625,226.8718164769452,224.33931147418554,224.33931147418554,1600500
2019-05-21,226.86268615722656,227.67962890325504,225.20159832630588,226.11837531802163,1504200
2019-05-22,226.48147583007812,227.84303336774948,226.1456294029393,227.84303336774948,1242300
2019-05-23,225.59190368652344,226.853612977048,224.36649649875383,225.68267971912783,1822800
2019-05-24,224.4755096435547,226.52691850911563,223.99442697220417,226.11845391935353,1340200
2019-05-28,223.5768280029297,227.10780008320035,223.42251980693345,225.63732233860594,3164100
2019-05-29,218.4755401611328,222.17897858755887,216.85982621020662,221.59804788442224,2594900
2019-05-30,219.2470703125,221.0987963591955,218.5299894216929,219.80077094355858,2030300
2019-05-31,217.468017578125,218.44834087466555,211.54070361841204,216.92338890766388,4058100
2019-06-03,218.82044982910156,219.24705843438144,216.10640690742983,217.64950262908945,2512500
2019-06-04,222.94143676757812,223.13206092133424,220.11847352220204,220.57232604492822,1761500
2019-06-05,225.0745849609375,225.8007380324045,222.4059294868019,223.38625275386082,1825500
2019-06-06,228.0245819091797,228.68720268908032,224.87484441294845,225.11084272963762,1487800
2019-06-07,232.381591796875,232.91713448240856,227.85213835621383,227.97921651634857,2270200
2019-06-10,233.14404296875,234.9412812031828,232.47232240853484,232.73556462403752,1839500
2019-06-11,233.38002014160156,235.6583685645778,232.56309117868463,235.0139057683938,1613500
2019-06-12,233.48899841308594,234.86870022564,232.1637428412726,233.8066730448921,1071700
2019-06-13,235.7400665283203,235.88530265781657,233.7794203315599,233.92465646105614,1228500
2019-06-14,236.13943481445312,237.0925416228893,235.01388955214088,236.00328461352123,1287800
2019-06-17,237.3013153076172,238.04564006778466,236.39361029305937,237.02901488363332,1191900
2019-06-18,238.49044799804688,239.81571749369988,237.86412921336577,239.28014706543695,2763200
2019-06-19,239.32553100585938,239.72492346763138,236.85657201534218,238.10012357546626,1628400
2019-06-20,242.6749267578125,243.07431915655505,240.1333362475456,240.54181456020044,1745100
2019-06-21,241.56756591796875,244.1182150669207,241.44047390581176,242.14848278521902,2964000
2019-06-24,242.14845275878906,243.23770983863767,241.92152650890046,242.63862121481677,1586100
2019-06-25,241.7762908935547,242.4298396026473,240.86858589209046,242.09399318425884,1182400
2019-06-26,240.00633239746094,242.19390522752101,239.94278638598635,241.8580587396755,1334400
2019-06-27,241.0682830810547,241.8852397464623,238.71733044181423,240.45105032577825,1122900
2019-06-28,239.87014770507812,241.80356391249413,239.0531909913823,240.99569311369362,1952500
2019-07-01,239.22569274902344,242.35728674806387,237.67352462387322,241.8398881393591,1955800
2019-07-02,240.96852111816406,241.0592971861045,237.5192521441624,239.5615890184713,1201300
2019-07-03,244.2997283935547,244.31787252057077,240.66890852141236,240.66890852141236,986500
2019-07-05,243.49188232421875,243.81864284933002,241.6946163332265,243.44650815160665,1081500
2019-07-08,244.5357208251953,244.79896303078047,242.6749366604077,243.56446982948592,1236000
2019-07-09,245.05313110351562,245.788369970879,243.70971767006967,244.49941662383335,1400300
2019-07-10,246.36936950683594,246.46920378720912,244.48132708683698,245.1257900537855,1257000
2019-07-11,251.01673889160156,251.22549330503395,246.7232844328531,247.1952810425233,1985600
2019-07-12,253.6491241455078,254.15743680303692,250.53570219290157,250.98046884299896,2046400
2019-07-15,254.68392944335938,254.7928773432773,253.15899125610264,254.10301248196137,1568000
2019-07-16,254.74740600585938,255.40095472235365,253.95770707779516,255.0651083001616,1379200
2019-07-17,255.5734405517578,256.74438786325663,254.35711906656462,255.1105020958479,1716600
2019-07-18,256.7989196777344,256.9350699378059,253.42225472311736,256.15445664608336,1696100
2019-07-19,255.52810668945312,258.06967023842446,255.38287052937403,256.9441246240179,1607600
2019-07-22,254.31170654296875,256.2632666338667,253.54015179978865,255.26478565451342,1459100
2019-07-23,254.24819946289062,256.0454377998485,253.26786246004013,255.83668335923022,1117800
2019-07-24,254.91079711914062,255.28295951392525,253.2587949801179,254.00309206872734,1257100
2019-07-25,253.9759063720703,255.91840881559642,253.55836973224274,255.2467158253132,1600200
2019-07-26,255.40097045898438,255.7640469458615,253.35863405672023,253.9758668545074,1447700
2019-07-29,254.2754364013672,255.33743586546092,253.7398937116253,255.0742213287658,1257400
2019-07-30,253.70359802246094,254.67484921410562,253.34052149034963,254.4025210392993,978200
2019-07-31,250.19076538085938,253.90327597859647,247.4676500347573,253.26787131745462,1886900
2019-08-01,249.2285919189453,255.00158296498964,248.99257973245994,250.29967727136827,2634300
2019-08-02,247.349609375,249.564411763095,245.5341993979358,248.98346727397464,1969200
2019-08-05,240.6326446533203,245.57962117935324,238.46321601366526,245.1620845599457,3329800
2019-08-06,244.45404052734375,245.28914134717184,239.67950318347644,241.87616155450993,2383000
2019-08-07,248.9835205078125,249.49183319399347,239.2620057583966,243.428369222432,3037500
2019-08-08,249.43734741210938,249.4736633719436,245.98807915380573,247.8398052918968,2046700
2019-08-09,248.6566925048828,250.04547994960018,246.81405259194466,249.23760925970814,1284300
2019-08-12,246.26942443847656,249.6007137483533,244.44492864934043,248.73838297713064,1638600
2019-08-13,250.76263427734375,252.4872685267869,245.0894770745946,246.15147659041003,1724600
2019-08-14,243.40109252929688,249.94563788539475,243.2649423181911,248.71117237009088,2122100
2019-08-15,246.46006774902344,247.7762511655005,243.96387883574351,245.56144860454987,1623200
2019-08-16,248.802001953125,250.59018231301866,248.20291319437763,248.802001953125,1230800
2019-08-19,250.172607421875,251.77926329377897,249.21044216231098,250.8987881750123,1313400
2019-08-20,247.77627563476562,250.85338168542708,247.6673554490378,250.7807774619295,1390600
2019-08-21,250.2361602783203,251.0168011466813,249.34662692021348,249.99108984922304,1682300
2019-08-22,254.0847930908203,255.05601637778062,251.31627624963852,251.44336824474917,2345500
2019-08-23,248.72035217285156,254.27550449062636,247.5312603787317,252.53269802771223,1984300
2019-08-26,252.75961303710938,252.82315905708455,250.24527929905892,250.2997394016183,1426400
2019-08-27,265.39471435546875,266.3568791566946,254.46594161022696,255.06503005832138,5169000
2019-08-28,267.31011962890625,272.2662104132674,265.4311907479219,266.6384265845431,5162100
2019-08-29,269.79351806640625,270.8487881923171,266.327514695291,270.6213600038595,2613100
2019-08-30,268.14703369140625,271.3492137069143,266.3912663650772,271.09449515752436,1801000
2019-09-03,265.6816711425781,267.45562260146244,264.23523080079383,266.154739671474,1842900
2019-09-04,269.3841552734375,269.54789691777177,267.24632459830036,267.45556854088215,1375700
2019-09-05,270.1574401855469,272.65004463990056,269.89361567193953,271.48561324200165,1865300
2019-09-06,276.33441162109375,277.1349634504913,271.3582807273137,272.18612283442997,3018100
2019-09-09,272.0042419433594,279.59124656442407,271.28556075476325,277.0076644540232,3397200
2019-09-10,270.1847229003906,271.3218639900387,267.9832055354491,270.53041823360104,2725000
2019-09-11,264.44451904296875,269.0385593672612,261.8245407166406,267.72857020409714,4754700
2019-09-12,263.7167663574219,266.31853271925513,262.6159934238066,264.1261206299605,2942600
2019-09-13,265.5453186035156,267.51940876826563,263.68041735994024,263.9988225816416,2306300
2019-09-16,262.62506103515625,265.0721913458168,262.30665591713654,264.335326000758,1508900
2019-09-17,265.0994873046875,265.44518271095666,262.62506666018345,263.4165125838842,1758900
2019-09-18,266.0273132324219,267.06439917287014,262.7250512545753,264.45352782198904,1666000
2019-09-19,261.8426818847656,263.5984490828513,259.00438175252197,263.35280880379014,3004700
2019-09-20,260.50543212890625,263.28007376403076,260.30532189701427,262.6796597816324,3409500
2019-09-23,261.60614013671875,262.1155771296543,259.9504560285613,260.5053675607027,2025400
2019-09-24,261.91546630859375,266.20020665305935,260.54179083061916,263.1799529091456,2483200
2019-09-25,262.46124267578125,263.525591080048,260.96930039279056,262.2338144810983,1827800
2019-09-26,262.2337951660156,263.64383876429923,260.72366873308323,263.2981434918868,1877300
2019-09-27,260.13250732421875,263.3892684484541,258.7224351706667,263.3892684484541,1538100
2019-09-30,262.09735107421875,262.5613135031127,260.6964132997547,261.7243932433331,2151500
2019-10-01,258.2948303222656,262.61596748874933,257.61254550650506,262.03376554899853,2648900
2019-10-02,259.36822509765625,259.98685095346195,256.7391693188588,257.6579882087634,2480600
2019-10-03,262.9071350097656,264.59918836595745,256.17526236473293,259.6230834311964,3590200
2019-10-04,265.3360290527344,265.5907476073267,257.73991920230617,261.860918387607,4513300
2019-10-07,266.91888427734375,268.99302872616244,264.2716162188637,264.7628689931787,1988700
2019-10-08,265.53607177734375,268.8928863323128,264.2260831773523,266.50036508536107,2201100
2019-10-09,270.0937805175781,271.6130134225446,266.6459605204892,266.6459605204892,2235500
2019-10-10,270.3121337890625,272.4408588747841,269.51158190816125,271.6675972733573,1637500
2019-10-11,270.7305908203125,273.6052871942758,270.5122408248397,271.15815703522367,1855500
2019-10-14,270.6578063964844,273.2232037633147,270.63962213057874,271.09447863836124,1297600
2019-10-15,271.4491882324219,272.58632911728125,270.3939181598049,271.38550167993486,1580700
2019-10-16,271.8040771484375,271.9769248572981,268.43812759532517,270.00283522768825,1811100
2019-10-17,275.09722900390625,275.2882609766988,271.86775868461217,271.86775868461217,1734600
2019-10-18,275.5157165527344,276.5528028894463,273.8054791183072,274.7333765546473,1853900
2019-10-21,273.8963317871094,276.10695510484015,273.0685175270205,275.6429926689087,1322900
2019-10-22,272.8865661621094,277.35325961060056,272.8683818994175,274.3784808076052,1955600
2019-10-23,270.4758605957031,272.95935917805525,270.348487457,272.53179298163684,1798700
2019-10-24,270.2303161621094,271.3492734803301,267.96513900026184,268.4108896193253,2056700
2019-10-25,269.7298889160156,270.41217362659575,268.4653745932005,268.8383602331193,1686200
2019-10-28,271.9495849609375,272.0860363477123,268.55634574454825,269.0021239576599,1672600
2019-10-29,269.14764404296875,271.9495753090657,269.10216950306955,271.2854749006843,1295300
2019-10-30,272.768310546875,273.1412961645295,269.24772609239045,270.1119644457647,1264300
2019-10-31,270.8719482421875,273.16029689703754,268.5380262591515,272.011559672285,2277400
2019-11-01,269.9421081542969,272.0663600136883,269.4042147528874,271.6743124308372,1364500
2019-11-04,270.607666015625,271.88402566597006,269.10338400548426,270.9176370862407,1651600
2019-11-05,272.75921630859375,273.2241867858554,269.6868276140597,270.8537888830752,2204500
2019-11-06,274.938232421875,275.01115534611176,271.61966900666374,273.47952353411796,1675000
2019-11-07,278.2567138671875,279.9798201872913,275.7678196126631,277.08975254857813,2399400
2019-11-08,275.8954772949219,277.4180110308546,274.67381668035273,276.0048755853973,1501600
2019-11-11,274.2726135253906,275.6310217180644,273.2333021613621,274.91990515660797,1160900
2019-11-12,273.9626159667969,275.99569298326657,272.2851111079022,274.2634611733586,1540800
2019-11-13,276.15069580078125,277.1535596403057,273.0691813768566,273.67089968057127,1517900
2019-11-14,277.6914978027344,278.8767108306313,275.5763715132257,277.50917659867304,1336400
2019-11-15,276.84368896484375,278.466495467085,274.9656104675048,278.34797135818945,1706100
2019-11-18,277.64593505859375,279.3234404418074,276.01400302249675,276.3421978958716,1241300
2019-11-19,275.5489196777344,277.73699589485665,274.8287052817674,277.6093460590884,1761400
2019-11-20,274.0265197753906,276.3969180406195,271.69259688048834,275.731374689298,1979500
2019-11-21,273.75299072265625,275.2116994582534,273.0692236112096,274.1359125469906,1302500
2019-11-22,272.8777770996094,275.2755248929904,270.98147521572133,275.2755248929904,1277300
2019-11-25,272.64068603515625,274.08117077318104,271.27315202496976,273.77119973624485,1613000
2019-11-26,274.6372985839844,274.7375988830205,272.4310258758103,272.83217142685135,3359100
2019-11-27,274.1997985839844,276.05052753176807,274.02657531801674,275.16618742435054,1906500
2019-11-29,273.33355712890625,274.31819711866945,273.19680930325814,274.2543721925175,981600
2019-12-02,271.12738037109375,273.68922589173553,268.2828854809587,273.278954447445,2705500
2019-12-03,269.5592041015625,270.0332725505133,266.85148560163054,269.0668840590609,1921400
2019-12-04,270.3341979980469,270.9176927137585,269.08518766151593,269.8966047838225,1742000
2019-12-05,267.2161865234375,270.890293937538,266.66916728244985,270.890293937538,1941100
2019-12-06,268.90283203125,269.850969089155,268.2737640437146,268.93018160364045,1462000
2019-12-09,269.09423828125,270.94496659284096,268.5380932968036,268.9483646430764,1960000
2019-12-10,269.6595153808594,270.48915615282493,268.53812729560934,269.8874377526338,1565900
2019-12-11,269.22186279296875,270.17915333552827,267.1705616879079,269.86005648800847,1749800
2019-12-12,271.0817565917969,271.4646784293723,268.14611524557176,269.19455262153303,2742700
2019-12-13,266.0948181152344,268.9484107897996,263.5694481385149,268.6202159145103,5195600
2019-12-16,267.5808410644531,268.456055105218,266.98824851417015,267.15234593008495,2410000
2019-12-17,269.4497375488281,270.1335044630842,266.8970188646242,267.5807857788803,2474100
2019-12-18,266.0948181152344,270.1882951931899,266.0492447678519,269.8509745194016,3309800
2019-12-19,267.7722473144531,267.8634218058311,265.75742182097815,266.26796558563655,2333600
2019-12-20,268.7933654785156,268.9665886851117,266.9244133937287,267.89992769981137,4866500
2019-12-23,267.4076232910156,269.23100214285716,267.15235136466,268.86633193699953,1309800
2019-12-24,268.24639892578125,268.4469717192059,267.45320572731504,267.95465162215373,543600
2019-12-26,269.6139221191406,269.6139221191406,267.9455149003662,268.48340831931307,1101800
2019-12-27,268.1368713378906,270.13347271869407,267.28900714126,270.06054983166354,1439100
2019-12-30,269.0760192871094,269.5044865897524,267.7267089769614,268.2190290367191,1238900
2019-12-31,267.96368408203125,269.3585673523472,266.37732606021797,268.94829611061834,1550700
2020-01-02,265.74822998046875,268.5653457818735,265.30151125304974,268.0912774960929,2103600
2020-01-03,265.96722412109375,267.03388540092334,263.779146764661,264.43556440707897,1926000
2020-01-06,266.0401916503906,266.2772398956755,263.1318990354108,264.891453627935,2655100
2020-01-07,265.6206359863281,265.93060695461924,263.7334327927919,265.59328642508314,1963400
2020-01-08,268.6657409667969,269.3859833548424,264.84576030492514,265.29247919017484,2492800
2020-01-09,272.97802734375,275.2936981750457,271.41901858055377,272.18483426758263,3261200
2020-01-10,270.9905700683594,273.7529880588211,270.4618024159102,273.5068419172153,2024200
2020-01-13,273.3883361816406,274.0994529054474,270.5894426341031,270.69886874915966,1778600
2020-01-14,273.2789001464844,274.41851190689505,272.21221129681675,272.8230554423201,1459900
2020-01-15,274.25439453125,274.4549672993872,271.71989927345305,272.00252074366216,1604000
2020-01-16,276.26922607421875,277.20826500356577,274.4002740123552,274.77406998923817,1758600
2020-01-17,277.7735900878906,278.33883320748527,276.26930776129467,276.6066284731457,2506500
2020-01-21,285.5957946777344,285.6687175787036,278.75812503172506,279.1592705434282,3585900
2020-01-22,284.34686279296875,285.86936873775204,282.81520322704887,285.72349507325697,2218900
2020-01-23,285.24932861328125,285.7233969932397,283.2892023478635,284.4652614135859,1535900
2020-01-24,283.088623046875,286.52568132267027,281.8031379332103,286.2886332269098,1986100
2020-01-27,282.122314453125,284.23741285463717,278.6578778124876,279.11372254236977,2265100
2020-01-28,283.398681640625,284.1827212419686,281.8032250437673,283.08871055479926,1571700
2020-01-29,282.2408447265625,284.41979615282463,282.06764930508433,283.4078062627966,1713700
2020-01-30,282.1405029296875,282.2955023603805,279.58778389072063,281.56613419028224,1232600
2020-01-31,278.5393371582031,281.87612372111084,277.66412311921914,281.3017549440251,1837000
2020-02-03,275.330322265625,281.32922896577526,275.0294768706408,279.88877130975783,2816800
2020-02-04,277.97418212890625,278.8949976230421,276.0231806515286,277.6733367718211,1982300
2020-02-05,281.66644287109375,282.249909601991,278.4299289039445,279.88863746501517,1731800
2020-02-06,283.77679443359375,284.9005463774446,281.2552461877204,282.62566314700973,1917900
2020-02-07,286.5359802246094,286.7004236037035,282.41558342297435,283.2195660068261,1903500
2020-02-10,286.68218994140625,289.56006088679976,285.5949899138467,286.6547827088297,2336300
2020-02-11,283.84088134765625,287.26692528401134,283.6490306939611,286.9014861737102,2047500
2020-02-12,287.897216796875,288.22613139554954,283.9230016735667,283.9230016735667,1384600
2020-02-13,290.711181640625,291.2502090635411,286.45374883392844,287.65057763215407,1438000
2020-02-14,290.81170654296875,292.1821239447475,289.5692081483384,291.3233268091357,1113400
2020-02-18,294.2286071777344,295.5350929667805,291.08578101599693,291.4421029260678,1547100
2020-02-19,295.11474609375,296.4943082376972,293.9362074554184,294.25594914229765,1413600
2020-02-20,296.0832214355469,296.9877158371503,293.2784551423346,294.47528405276364,1427500
2020-02-21,294.1372375488281,297.16128942416105,293.29670268974695,294.6945271883715,2239000
2020-02-24,286.52685546875,292.3557017330466,286.19796868728224,288.2444496774256,2300400
2020-02-25,278.5328369140625,289.22210658358483,278.1034382344542,287.7877293047634,2881800
2020-02-26,279.2818908691406,284.40723780302625,278.3591343678248,280.9811948104687,2236000
2020-02-27,267.806884765625,278.65144643302585,267.6881108356609,275.8923503449225,3625300
2020-02-28,256.8527526855469,262.507982268108,247.8445287204208,260.607682599619,7091800
2020-03-02,282.4339294433594,282.771961305527,266.2081770095883,269.00382653281025,7563800
2020-03-03,276.5776062011719,287.029323491674,275.0244555729882,282.4338589817626,5131400
2020-03-04,293.0317687988281,293.24190949914316,278.6697936679557,281.6573213739605,4219300
2020-03-05,288.4820251464844,296.4761271288898,286.1431815398435,288.49114230380945,6407700
2020-03-06,284.44378662109375,290.0624914845515,276.5958675803316,285.1746925127068,6185500
2020-03-09,275.8924255371094,283.52105966443327,267.6881837918499,270.2919822821085,5203100
2020-03-10,282.6714172363281,282.97292467116523,268.98553361381335,281.36495936860143,4245500
2020-03-11,271.73553466796875,281.20056684593845,268.77544153567794,274.86921626233516,3622700
2020-03-12,255.67410278320312,270.0908865667433,252.4673185130091,256.2131300515455,7307600
2020-03-13,276.15740966796875,277.0527592073446,254.2307279829687,263.8784656938713,6100100
2020-03-16,258.7165222167969,273.65407722326233,255.363583309853,257.4831409995267,5465500
2020-03-17,280.4696044921875,280.6523379570696,261.5669790441939,264.0337414140418,7170600
2020-03-18,280.9355163574219,290.5284364281631,270.428984851372,272.2562077219893,6701800
2020-03-19,278.8525085449219,286.7369804035897,276.4862580598473,283.5941545522355,5429500
2020-03-20,265.3310546875,281.40147705680107,262.2247533926998,281.31925537046243,6581200
2020-03-23,260.8634948730469,270.1275290220467,254.36773038163034,266.783707529987,5646400
2020-03-24,260.324462890625,271.66238494484287,258.39672812850546,269.14080828430724,7124200
2020-03-25,256.596923828125,265.605148113799,255.08947036285792,259.6575280644015,5639600
2020-03-26,267.04864501953125,268.35513072627583,256.5969266528459,257.0354702342579,5463100
2020-03-27,259.7671813964844,268.13586723779594,258.8535697703309,262.32531067844263,4250400
2020-03-30,265.9705810546875,266.48220127503146,261.1467133477224,262.65416677842194,4396000
2020-03-31,260.4980773925781,266.3360409606077,259.46569183379466,262.5902557426255,5618600
2020-04-01,262.00555419921875,263.85103973955006,256.63351310648886,257.9673783409617,3745800
2020-04-02,266.2995300292969,267.48721400508634,258.38764990596354,259.8128818293967,3500600
2020-04-03,263.7139892578125,267.0852183753274,261.1101905574503,264.179940107275,2650100
2020-04-06,278.7611999511719,279.0992318222187,264.5545490408335,267.688230508537,5272500
2020-04-07,277.39984130859375,283.2195416222249,277.02525727876775,280.0219016361675,4036500
2020-04-08,279.53778076171875,280.86252891615806,276.16655126418385,278.7520601795692,3964400
2020-04-09,274.0926513671875,278.0577227463246,271.8725537762039,273.5810310525386,6487600
2020-04-13,273.73626708984375,277.6922204104673,271.94559639635,272.7861033442062,3120400
2020-04-14,287.0019836425781,287.55927337877193,275.22551582320904,276.5959333293827,4288300
2020-04-15,283.4661865234375,286.64556409227686,280.3142440613457,284.7178575063802,2937300
2020-04-16,293.7809143066406,294.7584853117732,285.0833427869864,287.54095997420956,3940000
2020-04-17,290.45550537109375,294.3018036349514,286.89239668242476,293.5526351909897,3688000
2020-04-20,285.119873046875,290.87564239506474,284.6173978595651,290.4827961299889,3156300
2020-04-21,275.298583984375,284.94634858050875,273.4896507760868,284.26113984858995,3833000
2020-04-22,282.6896667480469,284.25193451871564,275.94720979508554,277.7378804279483,2970600
2020-04-23,279.0169372558594,282.89066884641153,278.4596476423514,280.5061284123877,2625200
2020-04-24,283.7220153808594,283.9778254632582,279.1174338976796,280.7801854926683,2019400
2020-04-27,282.1048889160156,286.2252846960906,281.0176892662007,286.00599903045503,2287300
2020-04-28,278.60589599609375,284.37990068671576,277.99376389610677,283.97790931265007,2425900
2020-04-29,280.5609436035156,282.0135824983167,275.1066820001788,278.6058295515755,3667700
2020-04-30,277.4566955566406,281.9436134271564,277.0629518373805,280.34114076305036,3794300
2020-05-01,276.4677429199219,279.1232633603861,274.87440829971973,276.33953169804965,2525400
2020-05-04,278.82110595703125,279.7734404901851,274.773733094717,277.45672374961015,2477500
2020-05-05,281.9618835449219,283.68337318483464,277.85954436292036,279.34297140454385,2460900
2020-05-06,282.8502197265625,284.8189665852899,280.6983219272935,283.7933883860409,2406700
2020-05-07,279.2881774902344,283.747626869466,278.8577978694201,283.2623075476894,2601800
2020-05-08,280.1488952636719,281.2843528420395,278.0977388782569,280.1122594868152,2337400
2020-05-11,284.16876220703125,285.54231024220087,279.28810048448736,279.87416105971477,1865900
2020-05-12,279.1416015625,285.28593230565184,279.0958278032968,284.6357940224637,2264900
2020-05-13,276.6692810058594,280.5701393447603,274.81955133010285,279.1416512863043,2954900
2020-05-14,274.4715270996094,277.3468345118699,269.70991049290234,275.6344823659919,3718900
2020-05-15,273.9862976074219,274.5540265320704,270.9187002828776,273.8581142752028,4577200
2020-05-18,277.2370300292969,277.63077388093774,274.6364482991655,276.28469527272705,3987300
2020-05-19,278.9493103027344,282.9692132207488,277.5940661138518,278.94014437300774,3523000
2020-05-20,279.2057189941406,281.96198127054015,277.63988190137667,280.90890531523314,2827000
2020-05-21,276.5135803222656,279.3247824728225,275.85427603850167,279.0958577624171,2492100
2020-05-22,276.9348449707031,278.3175594185916,275.46972096527986,276.5502670355406,2366400
2020-05-26,279.1050109863281,281.02798424770236,277.9420834541454,280.21302676551943,3234600
2020-05-27,280.21307373046875,280.48777226602897,274.22439415100115,278.8852989371209,2980200
2020-05-28,283.46380615234375,284.7824150686409,281.028043235987,281.3485435043084,4301900
2020-05-29,282.465576171875,282.84101598836287,276.86150465728844,278.555552823668,4971800
2020-06-01,282.3008728027344,283.62861968111224,280.62512786326926,281.94373675353376,2293700
2020-06-02,281.2019348144531,282.9692267519289,279.0317331784459,281.98945029609513,2528900
2020-06-03,280.7898864746094,282.21837433155264,280.130582237181,281.5773740095024,2165900
2020-06-04,284.5533142089844,288.765532976923,283.03325131710255,284.6448896496811,4553900
2020-06-05,285.7347106933594,287.1906686832633,281.3851406426392,286.7328192042402,4375600
2020-06-08,281.2935485839844,285.04791967974904,280.6250783238277,284.4710248989843,3764500
2020-06-09,279.7916564941406,282.5845535962134,279.4437145490528,281.57727968964457,3155800
2020-06-10,281.4217529296875,282.6121783609162,279.8833853626287,280.64343115897503,2713700
2020-06-11,275.4697265625,283.1341509079638,275.29576945633596,281.1104359337968,3443000
2020-06-12,273.5193176269531,279.4255597371235,271.275843774731,277.1546439760939,4020000
2020-06-15,272.12744140625,272.9424269875896,269.06900988280614,272.0083960566235,3266800
2020-06-16,275.95501708984375,277.21868608881965,273.9954359041917,275.9458791030533,2633800
2020-06-17,274.3525085449219,276.54104212629943,273.7023702108554,275.6436472274438,2188400
2020-06-18,274.31591796875,275.45137562839056,272.6859750933352,274.7096617771851,1881800
2020-06-19,274.61810302734375,276.44950088407154,273.4643413801465,274.8744976094891,3438000
2020-06-22,275.1217041015625,276.0648727082172,273.10715564807265,274.4349300303603,2094400
2020-06-23,275.8909606933594,279.19662068368405,275.37817148679886,276.2938704906449,2409600
2020-06-24,272.8966064453125,275.88179413343374,271.5963295119615,275.41477870016143,2398100
2020-06-25,275.19488525390625,275.7626138860742,270.4973472017588,272.0174101544451,2274300
2020-06-26,271.5596618652344,276.6509454820847,271.00109895325454,275.08510819736557,2866000
2020-06-29,276.1656188964844,276.20225467586585,271.8068833321775,272.36547417432587,1841700
2020-06-30,277.6490173339844,278.9401559582206,274.83784333700817,275.6344967988987,2391700
2020-07-01,279.059326171875,279.8193441984153,275.3965294378717,276.99900300899816,1906100
2020-07-02,279.9657287597656,282.87767204242004,278.92184670911877,280.2038193787326,2540500
2020-07-06,285.2309875488281,285.29509316649995,281.339267958833,281.60482841425375,2332400
2020-07-07,289.5714416503906,291.2379922286404,283.61023351865623,283.8849319807552,3346600
2020-07-08,289.6538391113281,291.23798008489433,287.53857720663717,290.4047188029687,2364500
2020-07-09,298.09661865234375,301.2466250080065,292.73060873040555,293.0236390762607,5313600
2020-07-10,298.72845458984375,299.79980662637405,295.8714506209683,298.51783378804583,2484100
2020-07-13,295.6974792480469,301.3656293111639,294.39717461030597,298.79251782776777,2583200
2020-07-14,300.3492736816406,300.9536383784143,293.4357573708985,294.2324110341724,1844800
2020-07-15,299.1589050292969,301.55803218311905,298.16993435914634,300.4408781712341,1770700
2020-07-16,298.7651062011719,300.25770006000056,296.7414192118287,299.0856064439433,1402000
2020-07-17,297.4098205566406,300.16605493728355,297.21750368864184,299.708205538084,1768100
2020-07-20,298.98486328125,299.8364565699844,295.45941685062485,297.50143550218655,1863300
2020-07-21,300.1111145019531,303.54498498744834,298.9756569371204,299.43350633518645,1874200
2020-07-22,300.62396240234375,301.8693275400633,297.61133289405257,301.8601616079378,1312600
2020-07-23,298.6185302734375,302.5285821391788,297.9042863080538,300.4407899369104,1561700
2020-07-24,298.31634521484375,301.03597168903997,297.29993299014956,298.7192549106438,1423400
2020-07-27,299.98291015625,301.26488279191494,297.76690692931606,298.2247562952612,2083300
2020-07-28,299.95550537109375,302.18064706543265,298.3530322427165,300.32177935431156,1374000
2020-07-29,298.64605712890625,300.3858794759608,297.9592829436284,299.45184869923855,1341300
2020-07-30,298.0770568847656,299.5728608599548,295.4892252714328,296.1224187088444,1390300
2020-07-31,298.7286376953125,299.44441803389,295.99397537355696,298.07710087552283,2149900
2020-08-03,302.2066345214844,302.7297123523893,297.59992015846177,298.7470059253461,2480200
2020-08-04,311.8146667480469,311.84219568984645,301.8396120972842,302.4269055240171,3933300
2020-08-05,311.9797058105469,314.5124793835744,309.79565068656115,313.714084405761,2923700
2020-08-06,315.0447998046875,316.7057777038144,313.4847520075409,314.2189036788546,2104300
2020-08-07,312.8423767089844,316.34787715636577,311.66776213036167,314.8887875785859,1759000
2020-08-10,312.00726318359375,312.9891751154052,310.7041617033839,312.6587999211898,1503800
2020-08-11,305.0605163574219,312.7872970348388,304.48238075265436,312.7872970348388,2065600
2020-08-12,309.0340881347656,310.99788438528617,305.73966120604774,306.2718966743127,1853900
2020-08-13,308.061279296875,311.5116932830642,307.53820161107757,309.24505131629127,1536500
2020-08-14,308.5935363769531,310.86936414935354,307.9695285700913,308.8229534828598,1522900
2020-08-17,311.9705505371094,312.34679795270387,309.5846070263984,309.85073871157846,1504700
2020-08-18,312.6955261230469,314.57673525428146,309.07991016899956,312.92494323685685,1489400
2020-08-19,312.8331604003906,313.7875434035482,311.96139219987737,313.035048574039,1730100
2020-08-20,312.80560302734375,313.5305688583964,310.85096497951474,312.1357230613848,1717500
2020-08-21,316.2377624511719,317.3665049097224,311.3924733687724,312.0715671754314,2372600
2020-08-24,315.7971496582031,317.6141146991419,313.9434420443033,316.69644653543224,1461500
2020-08-25,316.3294677734375,316.51301265628615,313.34704545975865,315.8064180668515,1176200
2020-08-26,315.9256591796875,316.43955119317553,313.5580872607614,314.76941615184654,1757000
2020-08-27,317.8436584472656,319.11004549882705,314.3473435901397,317.15540705011455,2220700
2020-08-28,319.6882629394531,320.3214566272245,317.05455806670784,318.862366652586,1487300
2020-08-31,319.03668212890625,320.036937583978,315.94414329886285,318.29337277233896,1586900
2020-09-01,322.4502868652344,322.55121693430345,316.97180607676853,317.24709536060556,1773700
2020-09-02,329.3144836425781,330.28723795568214,322.3860981077197,324.496724322241,2434900
2020-09-03,319.6239318847656,333.7285204541845,317.0728145387556,333.17791374536506,3630400
2020-09-04,318.0363464355469,324.8362726898884,312.37432004392326,324.8362726898884,2557000
2020-09-08,310.9610290527344,316.5221240421584,310.3370214054759,315.5310267153261,2144300
2020-09-09,317.9078369140625,320.9086303148214,312.3651402934545,312.83313210434073,2100900
2020-09-10,311.5760192871094,319.34867346550817,310.8694245454452,317.76109670239134,1959600
2020-09-11,311.2088623046875,314.99883695271967,308.42832841115774,312.2641752732522,1599600
2020-09-14,314.68682861328125,316.44873608245877,312.4385300558774,312.91570749440166,1522300
2020-09-15,315.59539794921875,319.1284275075555,314.5308990586147,316.6139966087923,1362500
2020-09-16,315.43017578125,320.04604680915446,314.98968485827254,318.67870182127393,1656500
2020-09-17,310.97943115234375,314.6592899160989,308.6760748083458,311.62178214522237,2681500
2020-09-18,308.29998779296875,313.12693441690897,303.9319035526051,312.1909223664799,3409300
2020-09-21,311.6126403808594,311.65851259518286,306.23508942444306,306.4736921509608,2427400
2020-09-22,316.0908508300781,316.5037847538305,311.6309684184584,312.64959477374117,2128100
2020-09-23,316.25604248046875,319.57799736930565,315.7329648087971,319.348580285767,3577100
2020-09-24,318.43096923828125,318.7337875208235,310.45642773943393,316.5956322397897,5779300
2020-09-25,314.3749084472656,315.4669363625922,307.7493397867657,312.6864015205901,7338500
2020-09-28,320.8353271484375,320.97297185274766,314.8521372925356,315.4578019965267,3459200
2020-09-29,323.1477966308594,325.1207782901927,318.52273958382597,320.2204318972132,2526000
2020-09-30,325.77227783203125,328.2499936823379,322.2576202272057,323.53316472427736,2525800
2020-10-01,328.9473876953125,330.0761298434858,325.6070894761495,326.9285341357129,2053000
2020-10-02,325.7814636230469,328.37845284077326,323.7992965429195,325.5245175944202,2125000
2020-10-05,329.05755615234375,329.4246459538437,326.07513354778604,326.07513354778604,2093500
2020-10-06,328.8465270996094,333.11368021206545,327.64438355191794,332.10423921647913,2760400
2020-10-07,333.13189697265625,334.7102873830712,330.04854528999124,330.79185428509834,1959100
2020-10-08,335.0315856933594,335.8391384454586,331.9665762969971,334.76545398982216,1793100
2020-10-09,339.0417785644531,339.30791025704036,335.59136422702346,335.8666535607215,1730700
2020-10-12,345.4837951660156,349.31964219973105,340.24388865298096,340.45496245814354,2806900
2020-10-13,349.3380126953125,350.8154734364987,345.48382207594926,347.264101078114,1823300
2020-10-14,347.1907043457031,352.2654101389026,345.6857425361663,351.3661129129057,1904400
2020-10-15,345.5755920410156,347.2090408538079,342.345408996904,345.46547630161706,1697800
2020-10-16,350.1272277832031,353.1830513953824,347.90645781498364,349.17284475508234,2459400
2020-10-19,344.6394958496094,351.54953685481564,343.8594722132022,350.5768107216535,1938100
2020-10-20,347.1630554199219,350.6226544612693,345.1533598162049,346.5941056152186,1282300
2020-10-21,346.7135314941406,349.888656773571,345.9793798655011,347.3925972462387,1466500
2020-10-22,344.81396484375,347.22743766131754,341.40023664645327,346.2822401553333,1813200
2020-10-23,343.7585754394531,345.5204830190302,342.8041924975895,344.68540144552657,1108000
2020-10-26,340.18890380859375,341.95083976482465,335.97680848161446,336.4907006344689,2145000
2020-10-27,342.03338623046875,344.04308237887483,338.4085846464438,338.4085846464438,1525400
2020-10-28,334.9122619628906,341.74890296005896,334.64615828212817,337.087131658535,1908300
2020-10-29,335.46392822265625,339.3531354771359,333.30328558455955,333.96527771172975,1838500
2020-10-30,328.8072509765625,334.5353221524963,327.12470284623913,332.034466114681,2724100
2020-11-02,335.0317687988281,336.19943708967327,331.64823843265873,333.03658943664806,1646300
2020-11-03,341.9919738769531,344.6031578099322,338.2499063597144,339.215298891474,2013100
2020-11-04,345.8627014160156,350.8919949040909,343.86752189762103,343.88590043397534,2449800
2020-11-05,354.1927490234375,355.4339595996164,348.92439431247993,351.664311383492,2255800
2020-11-06,354.58807373046875,355.63621139889773,350.20239411626824,351.11262262553976,1950200
2020-11-09,335.5926208496094,358.1187008792407,335.37196618732935,356.9694110818105,4371300
2020-11-10,337.0821228027344,341.6057401518333,331.53794950042015,334.5628883448138,2662600
2020-11-11,342.8745422363281,344.5111298279214,338.4980375954867,339.8955639241936,1688800
2020-11-12,345.43975830078125,347.7659199326208,343.40782161703123,346.5798729599195,1535900
2020-11-13,348.3175964355469,349.22782508686544,344.7777778176556,346.1845075782553,1274600
2020-11-16,349.1910705566406,350.56101519276655,346.5431020329539,346.5431020329539,1691500
2020-11-17,351.14947509765625,357.1809466580697,351.0299444505188,356.1144021913233,3299100
2020-11-18,351.4344482421875,356.7855203166857,350.9747323144202,352.0412766339004,2134600
2020-11-19,352.638916015625,353.71463561723726,349.6691409007457,352.7032549234057,1768900
2020-11-20,350.4139099121094,354.4410264530522,350.31278586307536,353.0159181149729,1807600
2020-11-23,350.9563293457031,352.19756797526594,349.69671218001974,352.1424043080706,1679600
2020-11-24,353.2641906738281,354.9467390142099,350.0369751328066,352.77689279961135,2061100
2020-11-25,356.50970458984375,357.05216602151484,354.49614656679597,354.707625996295,2034200
2020-11-27,357.0982360839844,359.1945400867985,356.5097860893783,359.0014391492208,1329400
2020-11-30,360.205810546875,361.4746310061031,354.19274637054804,360.1874320108114,3733800
2020-12-01,365.6688232421875,366.1500253064174,359.64919043056136,362.7816684444177,2996800
2020-12-02,361.8381042480469,365.0271904518175,360.01712669650243,363.69683047246815,2212800
2020-12-03,352.9218444824219,357.3375174446546,352.1953481535764,356.64874099178667,3976400
2020-12-04,352.3368225097656,354.1106354324146,350.88383004656987,354.0162781675045,2839700
2020-12-07,352.2425842285156,355.2335406530891,351.6010006804786,353.12949098942744,2652900
2020-12-08,356.2713928222656,358.08292612348276,349.8083070810236,352.82756764145574,2685500
2020-12-09,353.14837646484375,359.47935654541254,351.7425189815067,358.42262393632967,2461600
2020-12-10,351.7330322265625,353.8181927133564,350.5724981886953,353.14830499741595,2566300
2020-12-11,353.91265869140625,358.31885981346306,351.49726139078507,358.31885981346306,3483900
2020-12-14,353.2332763671875,356.8186231291916,352.12935075395507,355.2901328907182,2778400
2020-12-15,350.87445068359375,354.4692414304065,348.44016524940247,353.3464559957012,2133900
2020-12-16,348.5722961425781,351.7802424167672,348.01562556858727,350.1951436168811,2385100
2020-12-17,349.374267578125,350.01585103319337,347.21360960824444,349.34596327257196,2314200
2020-12-18,346.2701721191406,350.38388568350706,345.2606036713859,350.1385912449005,4140000
2020-12-21,344.35479736328125,345.439834253624,341.3732854113582,344.4680145979183,2329700
2020-12-22,341.5807800292969,344.15658668991284,340.2409758806543,343.53386325128713,2105500
2020-12-23,341.44873046875,342.59037580156144,339.19371531365243,341.9770966786693,1782100
2020-12-24,343.98681640625,344.70389729204675,340.99588884717315,340.99588884717315,972500
2020-12-28,350.1007995605469,350.695218831422,344.45856746474215,344.85485657659325,3207700
2020-12-29,351.6669921875,352.17649846601006,349.34595282019757,351.22353888457076,2072600
2020-12-30,353.29931640625,354.6296476437307,352.1953908334658,353.06343758071336,1778000
2020-12-31,355.49774169921875,355.7430649244401,351.42174814101656,353.80884102135985,1628900
2021-01-04,358.6773681640625,359.99828394546194,353.63899945899317,356.1110051628559,3322200
2021-01-05,354.51641845703125,358.7339328671257,354.0541051885894,357.46018149342984,2748400
2021-01-06,349.1195068359375,354.5730238978654,348.77041079604913,352.70488210737085,2661400
2021-01-07,347.1382141113281,350.65750828216926,346.0720370547934,350.05367337203126,2849500
2021-01-08,349.0440673828125,349.345999202298,343.713211467523,347.32686255251724,2599700
2021-01-11,343.44903564453125,350.0441988014635,343.3074853053906,347.7608789594148,2562500
2021-01-12,343.6282958984375,344.4491496313835,339.9013988144567,343.4395813142602,2387600
2021-01-13,346.222900390625,347.9117717999351,342.49600398129843,343.78861514689237,1968800
2021-01-14,341.88275146484375,345.79833393481357,341.1373663662673,345.3265763168943,2363900
2021-01-15,341.7035217285156,344.2981889343127,340.42032588305284,340.6656490874362,2340400
2021-01-19,334.4478454589844,342.44886499259536,332.53251068966074,341.89216566713793,4533800
2021-01-20,340.8920593261719,341.45817425323054,333.4477387358245,334.3723940764803,2767200
2021-01-21,342.3074035644531,343.4301892856742,339.6089631210527,340.8921303488441,2121600
2021-01-22,341.8355407714844,344.0339472819717,339.52394583935035,342.6847274749198,1960300
2021-01-25,341.4393615722656,341.51483013587847,336.6651758956545,340.4769574249184,2735900
2021-01-26,344.36419677734375,345.2322146587852,338.6087481529183,339.85419515895126,1807000
2021-01-27,336.25933837890625,345.13778955230595,334.8063171574107,342.486514597728,3120800
2021-01-28,336.89166259765625,341.18464686599543,335.9575914099161,336.6935323928831,2251100
2021-01-29,332.5231628417969,336.1651476674385,332.0042408310627,334.71212572605134,2598700
2021-02-01,330.720947265625,332.8627452606523,329.48494462077474,331.3719750762774,2371200
2021-02-02,335.4952087402344,337.49548566730994,330.9097375057177,331.89100162925206,1905000
2021-02-03,335.14605712890625,337.335019505885,333.2590265543663,336.10846114995456,1759800
2021-02-04,336.4129638671875,338.8047704523363,334.52220676112006,337.2259755744779,3411600
2021-02-05,335.77001953125,337.3582481322949,334.75845783806494,337.07461733525815,2165600
2021-02-08,340.1755065917969,340.37405683388295,336.1482141124252,337.09359253914363,2520700
2021-02-09,339.92022705078125,341.91499031195895,338.7290411331997,340.3740190314449,2154000
2021-02-10,336.6682434082031,341.28169587997263,335.72286474925585,341.28169587997263,2162400
2021-02-11,332.96234130859375,337.0274575877597,332.19658698089347,336.29952648075175,2088400
2021-02-12,333.4821472167969,333.6995945806641,330.97690085333545,332.76365058023737,2096600
2021-02-16,334.6638488769531,335.9495492503152,332.8109158709577,333.7940883268286,1829000
2021-02-17,338.48321533203125,338.6061191128743,332.68804240940773,333.8224789273722,2143000
2021-02-18,337.4244384765625,338.6345215571023,333.03786927794556,333.03786927794556,1914900
2021-02-19,335.39190673828125,338.3793061417127,335.2122825223623,337.20704608048226,1839400
2021-02-22,331.0809020996094,333.99268320656984,329.7668413612592,333.482170883802,2215600
2021-02-23,323.4611511230469,331.8277541122471,323.3477103531302,330.6932887117728,3692600
2021-02-24,322.0903625488281,323.7920317594194,319.43385212916075,323.1208213192104,3305800
2021-02-25,315.661865234375,324.26481507800537,315.1419186163512,322.232257138465,3618100
2021-02-26,312.9201965332031,317.54310996172063,312.8634761470198,317.18386161545703,3362200
2021-03-01,313.64825439453125,317.64721634366896,313.26064569822245,316.90035915562686,4653200
2021-03-02,310.5189514160156,316.40866866959914,310.48115705611366,315.46329036023366,4660100
2021-03-03,306.2269287109375,310.48113074253456,306.07566473218003,310.24478618522363,4064200
2021-03-04,301.61346435546875,307.81514294379,297.8319516137776,305.7069392040623,5501200
2021-03-05,299.9874267578125,301.036782744414,290.2311165036312,298.1061044623573,8102800
2021-03-08,294.4097595214844,304.7238126695575,293.9370703126552,301.49063463753504,4873500
2021-03-09,301.3676452636719,302.7857124875458,295.6291929735721,296.62185734067486,5426800
2021-03-10,306.141845703125,309.5074190322984,299.98745251804127,303.59880458958514,4523500
2021-03-11,310.69854736328125,313.15653651435485,308.8739743161998,312.3624222687441,4338900
2021-03-12,313.0525817871094,313.51580791846175,307.81517796579317,310.1786236982537,3182100
2021-03-15,312.45697021484375,315.45380306853747,309.4412113319991,315.37818550389636,3243000
2021-03-16,309.37506103515625,312.0032116601299,308.7983940974322,311.6628893068483,3066700
2021-03-17,311.20904541015625,312.4474885180151,306.4159711129699,308.19328670763366,2672400
2021-03-18,305.33831787109375,310.2164737470122,304.771085076097,308.64714218280653,2736900
2021-03-19,310.9443359375,311.2657610517546,304.78048068346914,305.9338143489788,4859300
2021-03-22,316.2196350097656,317.8078927649223,310.26376219257713,310.5095698268424,4064900
2021-03-23,321.7500305175781,323.801514016755,315.5672486771954,315.65235810837055,3641200
2021-03-24,319.5757751464844,323.8016184458052,318.43184632125326,323.527450586381,3006400
2021-03-25,327.42230224609375,328.7836492449695,318.8477145262644,319.3582268635065,4307100
2021-03-26,332.79205322265625,333.20802197576273,325.3046733680512,327.2994076994273,3061200
2021-03-29,336.69647216796875,338.2279803814573,331.837242760365,332.25321151596137,3012000
2021-03-30,330.6460876464844,335.39187671696027,329.7857898605789,334.2668741392884,2602400
2021-03-31,333.22698974609375,337.92552156120297,330.1545099375386,331.5063941291446,2832200
2021-04-01,335.5526123046875,337.80261751749094,332.42341210220644,333.2837099100818,2938600
2021-04-05,341.11138916015625,342.86034470340564,337.3487733160765,337.97272642694327,2705700
2021-04-06,340.4496154785156,342.98322229937,339.3907964399887,340.1470875101779,2142000
2021-04-07,339.211181640625,341.71642833687997,338.0767161533199,341.1586586083293,1808400
2021-04-08,341.4895324707031,346.0273365284703,339.958024322473,342.9832174107663,2839200
2021-04-09,343.370849609375,343.8435387667324,339.95804774156977,341.19649102579365,1610800
2021-04-12,344.8834533691406,345.29942212684625,341.6029895326225,343.02105697462184,1836600
2021-04-13,345.2615661621094,347.2374031484366,344.3729083413771,345.38446994486117,1796400
2021-04-14,343.3330078125,344.92123623762495,342.74684910381217,344.92123623762495,1509400
2021-04-15,348.6554260253906,349.3644595887698,344.37286445660646,344.9495600904926,1850100
2021-04-16,350.4706726074219,352.4370469346661,348.44754903502763,349.5063970504067,2249200
2021-04-19,349.3646545410156,351.2365145791046,348.0884164952872,350.7354650687473,1560000
2021-04-20,351.42547607421875,354.8571749732528,348.5893412530745,348.8445830007416,2330700
2021-04-21,353.6566162109375,354.11984241308636,351.1797293208727,351.3120672997751,1531800
2021-04-22,350.98114013671875,354.9328143179348,349.8183144969881,353.8928924674425,2138000
2021-04-23,352.8908386230469,354.37508959577434,350.17760730323226,350.9811846920162,1404500
2021-04-26,348.39080810546875,353.4769480832513,348.09774313431683,353.4769480832513,2059700
2021-04-27,349.98846435546875,350.69749802372525,345.3372196480723,348.0599135502818,1875900
2021-04-28,349.40240478515625,350.2627026045096,348.0694177585093,349.36458157038805,1305600
2021-04-29,353.89300537109375,355.0014509427499,349.1465060073386,349.15598929148234,1848300
2021-04-30,352.5193176269531,354.4804495482578,351.79928181141173,353.29619533188395,2118900
2021-05-03,359.36907958984375,359.65328905669435,353.27728241319267,354.1772983331918,2685800
2021-05-04,355.5509948730469,359.28376621240574,354.0919856860372,359.09427398618726,2133800
2021-05-05,352.90777587890625,357.6637306648163,352.4814327725928,356.5552848483342,1905300
2021-05-06,362.62811279296875,362.79863845570736,353.5614558621119,353.5614558621119,2641400
2021-05-07,364.10614013671875,366.1241143289886,362.09764923195917,362.69448918340373,1817100
2021-05-10,361.4154357910156,367.4882946571288,361.2259435584323,365.21450351595007,1998700
2021-05-11,358.28900146484375,360.8849063731499,356.2236690460662,359.35957190472527,1859700
2021-05-12,352.62353515625,357.1142177415093,351.590840071391,356.2236562877934,2344600
2021-05-13,359.5679931640625,361.3775370365616,352.0266705747777,353.4667132618783,2023100
2021-05-14,364.20086669921875,365.5272258185758,360.1080766345225,362.0407878727058,1876100
2021-05-17,363.7649841308594,366.692457028641,362.76073888744395,364.7881959453487,1830800
2021-05-18,362.67547607421875,368.9662482304325,362.3912666326543,366.12403816496493,1698200
2021-05-19,359.6911926269531,361.65232468198366,356.34685964836785,357.3132007463376,1725000
2021-05-20,363.4050598144531,364.29562151058747,358.383832304303,359.2364897609843,1427300
2021-05-21,360.6954345703125,365.08191707166293,360.4206794804714,364.7976786955472,1706600
2021-05-24,363.2817687988281,365.4702678789998,361.80382211903554,364.1249426128034,1657000
2021-05-25,365.1103515625,365.45140293154105,361.9365441757804,363.44291221396355,1379700
2021-05-26,365.3377380371094,367.35571214568284,364.7692901468483,365.5651056282295,1648000
2021-05-27,367.1188049316406,367.3745934323991,363.32919146137857,364.87346357650335,4452000
2021-05-28,358.3742370605469,365.04396440995845,357.19946621667054,363.9449731088514,4681200
2021-06-01,358.33636474609375,360.2027504253561,355.7499432984496,359.9469330274023,2117800
2021-06-02,360.5722961425781,361.8323589939623,357.84376942487745,358.4785424940835,1881000
2021-06-03,363.67962646484375,363.9828023984104,358.9331276414817,359.6721298217186,1780300
2021-06-04,367.1377258300781,367.3651222883831,363.52812147743424,363.9828854815892,1765900
2021-06-07,360.3922424316406,366.1240502672732,358.658506955877,365.19558454004573,2515800
2021-06-08,359.72906494140625,361.1596243449299,357.82477494860757,360.4017132270017,1553800
2021-06-09,359.9754943847656,361.69977602244694,359.1891620513537,360.2123453049153,1398900
2021-06-10,362.86505126953125,363.1966193896752,359.5301721929808,360.26914582245047,1404000
2021-06-11,361.7469787597656,363.6702062461372,360.51536607069255,363.6702062461372,1404200
2021-06-14,363.5755310058594,363.7839609063274,359.1416612061255,360.76174180576874,1652600
2021-06-15,363.7176818847656,364.2766464813927,361.4912778728034,363.57557714197236,1252000
2021-06-16,359.45428466796875,366.1145286205222,357.2847230447821,364.1818178191368,1801700
2021-06-17,364.51348876953125,366.1430239109123,359.26486539715313,360.3733401897474,1686500
2021-06-18,360.8470458984375,364.66508080665227,360.297535683258,364.51349277875653,3415700
2021-06-21,366.4556579589844,367.2609567070797,360.54386943995405,362.1449836492681,1631600
2021-06-22,371.55267333984375,371.8558493789644,366.2282706447931,366.6640681307425,1934800
2021-06-23,371.3537292480469,372.746413467776,370.0463078688164,372.32955363925447,1538000
2021-06-24,371.44842529296875,374.6980117300455,371.1926078935056,372.72742555292,1487300
2021-06-25,373.7601013183594,373.7979766350323,370.6715571746437,372.3010920776988,2056100
2021-06-28,375.6833190917969,376.5170386360242,372.4526703141432,374.22430988939897,1645500
2021-06-29,377.8150329589844,378.4308394239443,374.66964654070233,375.4559786890433,1523600
2021-06-30,374.859130859375,379.4066557946618,374.2243578347306,377.0381472007711,2031700
2021-07-01,373.7790832519531,376.77288163369997,373.1632767898361,375.45597695571024,1523400
2021-07-02,377.9571228027344,379.69085834038015,375.27595493234264,375.370701056863,1676600
2021-07-06,377.88128662109375,380.28769922760694,376.2233307571982,378.80975231335935,2113100
2021-07-07,383.39520263671875,384.7594658516354,378.2034504861623,378.2034504861623,2308600
2021-07-08,385.7352294921875,387.14688000261066,381.9550997567084,382.2772133939153,2235500
2021-07-09,390.6806640625,392.22493594838573,386.15207779428,387.0615767966448,2304200
2021-07-12,386.4268798828125,392.5565806639837,383.25307290362053,392.2628879408676,2491300
2021-07-13,385.6499938964844,387.762713712788,383.4141359347969,383.4141359347969,1540300
2021-07-14,388.3880615234375,388.8807009160948,385.83954389299174,387.0900944916539,1265800
2021-07-15,390.15960693359375,390.51962478866176,386.42683587702334,388.8711235003214,1894100
2021-07-16,388.78594970703125,391.6755475811428,388.21750185372576,390.4439057469045,1413900
2021-07-19,392.3670349121094,393.47550939288465,388.4826759560156,388.4921592401309,2293100
2021-07-20,394.34716796875,396.0809323201953,391.13548559120943,392.2249936800516,2045400
2021-07-21,393.1819152832031,395.1714393994845,390.53865156055605,395.1714393994845,1480000
2021-07-22,395.57879638671875,396.5830416083028,391.798637421555,394.11978715608615,1339200
2021-07-23,401.1589660644531,401.6895095911043,395.11452847961976,396.2893282135934,1344500
2021-07-26,400.9695129394531,402.17270473358826,398.2409867831124,401.1305553110339,1220000
2021-07-27,402.0211181640625,402.2295480493145,399.42524233975075,401.6990045073012,1666500
2021-07-28,400.01263427734375,402.5137640286163,398.4210036254017,401.0073962066938,1362700
2021-07-29,403.6669921875,404.20803136816374,398.9970170473657,400.2499407394328,1434200
2021-07-30,407.8812561035156,409.5707937929411,404.29336015780774,404.33133543359486,2283900
2021-08-02,407.12200927734375,408.82101941499326,403.85683007837815,408.7355967516467,1366900
2021-08-03,412.9594421386719,414.6015037776242,407.31181375618297,408.07117457090806,1448100
2021-08-04,412.9310302734375,415.731092231849,410.8903002777612,413.84223442205126,1280500
2021-08-05,420.6667785644531,420.96102183171575,414.5350883638808,415.5032408271332,1742600
2021-08-06,417.2876892089844,420.9230330860889,416.59477791039535,420.23015075415253,1789800
2021-08-09,418.08502197265625,420.2776239145931,416.983970470358,418.25586730060223,1472500
2021-08-10,420.514892578125,421.2457501910693,418.26534233353476,418.26534233353476,1893700
2021-08-11,421.7203369140625,425.23231179006103,419.34738874559116,422.8593636215897,2267500
2021-08-12,422.72650146484375,423.9319777781536,419.77456758996914,420.48645210255813,1230700
2021-08-13,425.06146240234375,425.5739983458343,421.94815559379725,423.12512860475624,1309300
2021-08-16,429.84527587890625,430.1585212342417,424.33054707925146,425.1468562487269,1515600
2021-08-17,429.351806640625,430.7186272949782,426.8459880854151,429.8453695009972,1936700
2021-08-18,423.5332946777344,432.10438274651545,423.2390514069705,428.0418964308212,2030100
2021-08-19,431.1741638183594,432.3511367874865,418.88228127363533,420.43894910590774,1953700
2021-08-20,435.6637878417969,437.2109547006735,430.60467503187823,432.3416603664947,1911200
2021-08-23,431.8101806640625,435.7302962495427,431.4874631416891,434.0312570003899,1835900
2021-08-24,428.82977294921875,432.24682461213285,427.41547593364817,432.11392559098715,1541700
2021-08-25,428.2981872558594,429.80737887140253,424.58689270569266,427.918492361394,1520600
2021-08-26,426.47576904296875,429.48468031094745,423.99842485733586,428.29820613009156,1418600
2021-08-27,427.4533996582031,428.6683479954996,424.0932968477688,426.4757461443369,1310200
2021-08-30,432.7593688964844,433.3858307938637,427.54838311524077,428.1178965643727,1219800
2021-08-31,432.34173583984375,433.6611091714927,429.4467501212247,432.9587256520006,1699000
2021-09-01,433.3193054199219,433.47117757754563,428.88665449630327,432.3321798453458,1325400
2021-09-02,437.543212890625,437.98932835068615,435.09434287510464,436.07199646204856,1455000
2021-09-03,439.0429382324219,440.0395940240694,435.67336280825856,435.67336280825856,1302400
2021-09-07,436.2428894042969,439.65994128335416,434.37300469316403,438.99550406891075,1463400
2021-09-08,442.03277587890625,442.15614484594875,434.8000058653498,435.77765930668596,1372000
2021-09-09,442.2606506347656,445.89599498059823,441.59621347008397,443.58949599747245,1398700
2021-09-10,441.520263671875,444.59559545301124,439.6598802828738,443.42812340769706,1324800
2021-09-13,436.29974365234375,444.4436889862776,434.9139500385634,443.32366440755993,1679500
2021-09-14,435.11334228515625,438.71074040495336,434.17366392677104,437.5242661275348,1383900
2021-09-15,437.3153991699219,438.75814131043234,432.9586695607611,434.9519229623473,1770300
2021-09-16,439.76434326171875,440.2009577125495,433.3668828256627,437.37242139630723,1577500
2021-09-17,436.157470703125,439.29925245435635,433.79399410829717,438.1602254954037,3411400
2021-09-20,428.2127685546875,437.5242152844876,423.9224595274421,433.4237537062305,2602000
2021-09-21,429.13348388671875,433.62311286893873,427.2826014399185,428.21280767830365,1531300
2021-09-22,429.34222412109375,432.20876390604536,426.9787771310597,431.5918032059677,1380800
2021-09-23,429.7694396972656,432.3986561590856,428.1748252864865,429.31382316561906,2061200
2021-09-24,443.97857666015625,444.8992816549748,431.87654170041924,432.8067477566913,3353800
2021-09-27,437.154052734375,446.5793970214419,434.0027702422272,441.89044856906634,2526000
2021-09-28,424.6153869628906,434.2495515481693,423.020772610842,433.907860887011,2632700
2021-09-29,428.82977294921875,432.82581014715026,426.0866305554751,427.0073357401123,1922000
2021-09-30,426.5137634277344,432.2183118474278,426.46628707838113,430.56674898304493,1836400
2021-10-01,425.54559326171875,428.15583664609943,418.3603271237374,426.87446761254716,1860700
2021-10-04,417.7718200683594,426.51375391883045,414.00357682655476,425.5550734898106,2264000
2021-10-05,423.5618591308594,426.2859997147052,416.92710356486134,417.24032006068376,1808700
2021-10-06,426.5042724609375,426.9219137185207,419.89799188036295,421.36920837867433,1334600
2021-10-07,429.8548278808594,436.2333139789216,429.0954960223546,433.271879177438,1966200
2021-10-08,428.88665771484375,432.58845106391425,427.13067027704096,432.29420780838893,1545800
2021-10-11,426.8459777832031,430.6331942312942,426.69410560675647,427.16869529565633,1011700
2021-10-12,424.1597595214844,429.83586230218594,423.09668331417066,427.2730665428978,1380900
2021-10-13,422.6695251464844,427.6147700904595,421.5020531614914,425.74488573537684,1621500
2021-10-14,427.7572021484375,428.74435685879826,423.80861227365165,424.3875978175553,1480400
2021-10-15,429.3992919921875,430.8705085074648,426.3524051960474,430.8230611230973,1494800
2021-10-18,438.47344970703125,438.8531156860737,425.7069747742941,426.76055003863627,2141300
2021-10-19,443.3426513671875,443.4186019319427,436.91671798247023,439.47001259761583,1365300
2021-10-20,445.89593505859375,448.48720489263496,444.06402602023525,444.7094609715762,1352900
2021-10-21,452.9768981933594,453.37553732241076,445.2410628638667,445.89599897110793,1423300
2021-10-22,457.4949645996094,460.3804780538727,454.24878730938724,454.6474264315834,1710300
2021-10-25,465.19281005859375,467.1955646038947,455.1315030507926,457.49495038750354,1903400
2021-10-26,460.85504150390625,463.43681045455685,456.773581948828,457.62783755725667,2378600
2021-10-27,464.25311279296875,466.5216654158729,458.9851788189839,459.2604489499336,1741800
2021-10-28,466.35418701171875,467.59010479824315,462.5038032038018,462.9601277952487,1362400
2021-10-29,467.31439208984375,469.81477682280394,462.67489891418586,462.78898005563394,2471600
2021-11-01,467.62811279296875,470.49929023419463,463.1882906514871,469.7957415097374,1548700
2021-11-02,472.4957580566406,474.87254515165745,468.43621614321705,470.35664967112547,2012200
2021-11-03,477.5726318359375,478.1715869013265,471.3169401815235,476.6314333123364,1856000
2021-11-04,490.2076416015625,494.57144878711546,481.0712847891306,482.02199974635437,2615000
2021-11-05,487.8308410644531,492.3752862905151,483.5621403058594,489.3995439124198,2071700
2021-11-08,478.97967529296875,488.1065151954222,475.5476084029053,488.1065151954222,2834800
2021-11-09,483.63812255859375,484.0089152607405,479.217304497655,480.2250598745223,1881800
2021-11-10,480.5959777832031,485.20692259917024,478.94171385470906,483.2104441901425,1226600
2021-11-11,486.9371643066406,487.2414000464991,479.1983598885407,481.25190761230994,1227300
2021-11-12,491.6811828613281,494.04845355415046,487.935364030223,488.90511174613755,1780200
2021-11-15,494.2672119140625,497.318969782511,492.4798631563816,492.9361877661603,1392300
2021-11-16,500.760498046875,502.26264375776674,491.9093451125499,494.2196332623334,1690700
2021-11-17,500.3516540527344,504.5823463731328,498.65941194078965,501.5020398110344,1609400
2021-11-18,503.2799377441406,504.63945307647907,496.73901464491064,502.12955183507023,1664200
2021-11-19,507.4820556640625,508.8986695242572,501.9869540400679,507.7578001061075,1909800
2021-11-22,513.0534057617188,518.538992204041,506.08464811861626,507.0353631793981,2190500
2021-11-23,518.3867797851562,518.9191777712322,507.4630756244187,511.4465731008358,2147000
2021-11-24,522.636474609375,523.6822957979873,516.5424177348673,518.6529769243589,2316400
2021-11-26,519.2139892578125,527.2189933359219,517.483680989017,522.4654183206724,1844800
2021-11-29,527.53271484375,533.1419562462261,515.6772692713824,519.213959051031,2919100
2021-11-30,512.796630859375,529.7098288142495,509.4786449909362,523.8439338605137,4244200
2021-12-01,503.726806640625,521.2294423653588,503.3084897647954,516.3332374341963,2877100
2021-12-02,499.6101989746094,504.7440246450171,488.7054688409939,492.95519464009243,3277500
2021-12-03,502.861572265625,511.00920506591916,498.9066242290064,503.8693276326739,2984400
2021-12-06,506.9211120605469,509.6306258645486,501.56858342070603,506.0179214502054,2432900
2021-12-07,515.3064575195312,516.238139460406,508.3567346114124,511.7222441336346,2579800
2021-12-08,503.9835205078125,520.7921549374834,499.6482623791376,519.2900669997114,3037500
2021-12-09,498.4884033203125,506.0941231848671,497.98449652630774,502.73807144165437,3200500
2021-12-10,531.278564453125,533.6078278137495,508.2617333618414,508.35683967827754,6333600
2021-12-13,529.7573852539062,532.1627220605484,520.9727879248525,523.3115677181486,3415200
2021-12-14,518.4628295898438,529.7097437864837,511.07575709606573,529.0347734222562,3494400
2021-12-15,537.6102294921875,538.5704608012375,518.6435141383054,519.289993290718,2937100
2021-12-16,525.3934936523438,538.6274266421002,522.370227729474,536.95415940823,2683000
2021-12-17,520.6209106445312,529.0442297318674,514.3176669638092,522.2466538202239,5752000
2021-12-20,521.5241088867188,522.0755397188357,511.5131122067945,515.411019679869,2033600
2021-12-21,518.5484619140625,524.5855368222689,509.6593001075464,523.3685938011431,2472800
2021-12-22,522.5794677734375,522.8932199529792,513.1959159048077,518.5009215475369,1454500
2021-12-23,523.2449951171875,525.3745873726639,520.5069313524217,524.5474699882071,1757800
2021-12-27,535.6992797851562,537.8574211080584,524.2622100765445,524.3572583527038,2262900
2021-12-28,536.8118286132812,538.7132589571704,533.0660085147376,535.6614423654906,1155000
2021-12-29,539.7874145507812,543.3240461075202,535.7278433801201,538.4849397866781,1753000
2021-12-30,536.1176147460938,541.7934128839385,534.6535346870427,541.4606858791191,1338700
2021-12-31,539.7208251953125,540.2437067508623,531.4781437965453,535.6422214025611,1509200
2022-01-03,538.7796020507812,539.5020965518592,528.1315847475698,537.1824081593535,2714100
2022-01-04,536.4218139648438,540.6905142990707,534.1020674412534,536.4218139648438,2097500
2022-01-05,522.8170166015625,537.201334792981,522.6744442114043,535.9083767150383,2887500
2022-01-06,522.7031860351562,526.2398766225044,516.7612162547751,519.2806346524762,2503100
2022-01-07,509.75439453125,521.3436134479114,507.91000499151164,520.5640201345124,2323900
2022-01-10,493.23095703125,504.2687448508502,483.43860360782725,503.20394863550956,4916800
2022-01-11,496.3017578125,496.7200166884318,485.14034446660986,493.2309090370853,2457300
2022-01-12,499.8858947753906,503.90745835699687,496.2827061079086,496.3017389750144,1729500
2022-01-13,491.40557861328125,502.9757640280468,489.8368756372351,501.63528139692886,2428100
2022-01-14,478.2000427246094,487.69767458537575,477.1257303252947,486.35719220790094,3872500
2022-01-18,464.0154724121094,470.67996476683174,462.86508638378257,470.09052611483963,3801900
2022-01-19,466.00244140625,471.78277551189876,463.0932559926134,465.74575881570007,2709400
2022-01-20,459.024169921875,475.2433636160256,458.0924588852785,466.5633320325344,2893700
2022-01-21,457.87371826171875,470.2330100506074,457.5980318730797,458.1684665275769,3295600
2022-01-24,464.8045349121094,465.8218068754863,445.8948295761122,452.1124844815826,4412600
2022-01-25,453.7952575683594,458.8530679616278,449.0892070571968,456.24808932298754,3076800
2022-01-26,459.6421203613281,469.52954922817685,455.17374885718226,459.4139580763557,3074900
2022-01-27,458.7389831542969,471.354989547414,456.63791116564295,462.9221522903302,2372300
2022-01-28,468.1604919433594,468.4457237975249,452.4451771261444,459.8987778348194,1918500
2022-01-31,480.23455810546875,481.46098828687633,466.44919389186447,467.75166848919474,2480700
2022-02-01,483.3529968261719,484.56039438183166,472.44829506245264,480.11105532738856,2347200
2022-02-02,496.29217529296875,498.1650556595019,485.1878040021707,485.91984397812803,2547600
2022-02-03,496.8064270019531,501.2529790017005,489.6081303681169,491.1982145272152,2665100
2022-02-04,494.90216064453125,497.0254500046501,486.361290795345,493.32154908287936,2387400
2022-02-07,491.2076721191406,497.0253301392679,489.6270609386777,496.3588094528671,1863600
2022-02-08,496.2161865234375,498.34900693959503,486.07570057206624,491.20783602031884,1462000
2022-02-09,503.5285339355469,508.6796708946157,500.52922012238145,502.73822840279666,2256700
2022-02-10,493.67376708984375,499.3771715706914,490.12224421809356,495.94943361379967,2558900
2022-02-11,485.2853088378906,496.4064536842161,483.10486369753437,493.5976402798877,2349700
2022-02-14,482.3240966796875,487.056312726801,477.44906305720684,484.6378285731122,1749600
2022-02-15,489.3318786621094,491.3123789424428,486.32309198956307,488.7796701564687,1984600
2022-02-16,487.88470458984375,489.931804898233,477.70612667464206,487.0182101796782,1770800
2022-02-17,490.3697204589844,493.4166303474764,482.7715074487049,485.25664895639414,2022800
2022-02-18,488.1417236328125,493.12153824941225,485.91368242940825,490.25553984083905,2154700
2022-02-22,478.15362548828125,489.9603814646293,474.3259693702661,485.5994913291257,2451800
2022-02-23,471.564697265625,483.666589513293,471.1076520146686,478.87724693599085,2021400
2022-02-24,481.39093017578125,482.31452249016803,459.87223173396836,460.14833600237495,2859800
2022-02-25,492.7310791015625,493.45472678366457,481.0767017992215,484.24736772148026,2003000
2022-02-28,494.406982421875,494.76880633601445,486.8373309139397,489.6937987950483,2408900
2022-03-01,497.9108581542969,504.0332133757712,494.3498045272946,494.6069052069385,2316000
2022-03-02,502.7382507324219,507.5847492125344,494.9020272770784,498.92962762081265,2571500
2022-03-03,507.546630859375,513.1739041073938,504.2045547471467,508.9177375178539,3851800
2022-03-04,500.35791015625,504.56642283341864,487.29433044524677,494.6449749308694,4417900
2022-03-07,503.2334289550781,519.2010430577727,498.37739924610753,498.40599181682774,3896900
2022-03-08,498.32025146484375,513.907037446954,497.415691821094,501.04340313762407,3649700
2022-03-09,502.405029296875,505.4614122102225,491.03628676144,502.3764367277891,2789700
2022-03-10,507.2324523925781,508.80353284024346,493.3500615078622,498.0822483352831,1777700
2022-03-11,502.1860046386719,516.687377247132,501.24337967840984,510.94584977647554,1735100
2022-03-14,500.7864074707031,509.69857275142624,498.4916792061999,502.5193381833411,1950000
2022-03-15,516.373291015625,517.8300595946623,502.6622202511835,504.64272116493504,2547900
2022-03-16,517.3919067382812,525.2281296580202,505.8422532925449,518.4773781984925,3017200
2022-03-17,526.3421630859375,526.7039869249234,517.2110218669956,517.3538103624,1974200
2022-03-18,534.4927368164062,535.6353356168778,523.2192425430593,526.5041923012941,3597800
2022-03-21,528.9512939453125,539.6344572460581,524.4856796145654,533.3407195176155,3136900
2022-03-22,532.6549682617188,533.5404661601401,525.9042163501593,530.312702244919,1777500
2022-03-23,527.5134887695312,533.8643530540867,525.504395430512,530.3032988918771,1546800
2022-03-24,531.4075927734375,531.5504393714677,522.942914828156,528.932011250698,1614200
2022-03-25,529.1226196289062,533.6167679513421,523.9047653495666,533.0359667521694,1974900
2022-03-28,538.16796875,538.215564914184,527.0182040712924,530.1031793820943,2056100
2022-03-29,542.7097778320312,543.8904417986115,537.5205748932697,540.8245278282972,2005400
2022-03-30,548.8892822265625,550.584147618965,541.3863472215523,543.6334211916055,2086500
2022-03-31,548.2988891601562,558.2679905146017,547.9751887355098,551.0125680342786,3439800
2022-04-01,548.0323486328125,555.0973287556869,544.9283112686575,549.7557483938028,1933500
2022-04-04,547.6134033203125,551.9552317086656,544.1284803352637,546.48033552457,2201800
2022-04-05,547.794189453125,556.0398317200398,544.7282180743631,545.1948231542592,1826800
2022-04-06,556.8110961914062,558.7249383963094,543.0810276318352,546.5659499462778,2646200
2022-04-07,578.9583129882812,582.9764406175909,560.6103105440295,563.9523285301551,4804200
2022-04-08,571.3316650390625,578.9108477167506,569.1321870047383,577.3683596467046,3230200
2022-04-11,556.697021484375,572.2457449359463,554.9164944479998,570.141459295235,2792700
2022-04-12,553.5453491210938,563.4192013162294,551.0697669866374,558.6203564232127,2142000
2022-04-13,562.809814453125,565.0949535734079,554.6021777425459,554.6021777425459,2211800
2022-04-14,562.143310546875,567.7515224940466,558.9630844128562,563.4668211361362,2206200
2022-04-18,554.2689819335938,563.7810099745114,551.8695304944492,557.3730194328086,2161900
2022-04-19,565.8661499023438,566.3708203444078,554.1546458148193,555.4400328297401,2327800
2022-04-20,574.6547241210938,576.3209970791826,568.7227528721053,570.4842762967925,1793300
2022-04-21,563.4286499023438,580.034248969534,562.866910538581,578.225187863123,2027900
2022-04-22,544.3475341796875,563.5810947892945,543.728609604917,562.1052066671471,2878200
2022-04-25,541.0244750976562,543.0430407707925,527.0468347450998,543.0239790577508,3154500
2022-04-26,527.2656860351562,541.1481307363084,526.8372043989237,538.2059444081455,2057400
2022-04-27,527.5704956054688,536.6540409070763,526.3993044673377,529.579530371766,2261600
2022-04-28,535.982177734375,538.652539931715,520.5321460225457,529.7544565187018,2118700
2022-04-29,507.10400390625,535.5816799647739,505.17755935360503,534.9617484196563,2968000
2022-05-02,504.46240234375,514.2378811313365,494.27683728485454,507.5905252868123,3303400
2022-05-03,503.6325378417969,509.5359739460302,499.45530540826013,505.4636350891111,2398000
2022-05-04,519.2257080078125,520.8565648331273,498.60660652026417,506.98965415911573,2465200
2022-05-05,493.37060546875,517.232319707914,488.4590021528697,516.4979483382069,3977000
2022-05-06,480.0569763183594,492.5314550951284,475.72717619959104,490.58591768241865,3560800
2022-05-09,475.73663330078125,483.57608925116864,471.4545073357146,473.1330373820506,3292700
2022-05-10,478.244873046875,486.9903601890488,472.68478602970777,486.1034215763133,2729400
2022-05-11,466.43804931640625,484.48216152415176,465.2268543903124,480.59105775737856,2782900
2022-05-12,463.6722717285156,474.2393390127193,457.5495021673348,464.2540468901758,2829500
2022-05-13,474.2488708496094,475.69852106436394,466.9339698603253,470.2814545906898,2338600
2022-05-16,471.6357421875,474.6399071783432,466.95304704860354,473.17122240356406,1579700
2022-05-17,467.7637023925781,470.71064741224063,457.99777229986336,466.51435114457524,2602800
2022-05-18,409.5208740234375,442.38553638979465,404.8953994850994,438.70424948397647,9511600
2022-05-19,403.3504333496094,410.59859689534943,399.33534360139737,410.4460006085715,5839600
2022-05-20,397.15130615234375,408.9963332685696,387.69057028060064,408.9486305629177,5115000
2022-05-23,409.59722900390625,410.09314512028925,397.38027042765754,400.5560952337709,3687200
2022-05-24,417.4461669921875,418.4189646250722,404.7046833958417,405.1338331414402,3473400
2022-05-25,419.73504638671875,422.7392400827551,410.88466614600367,416.13004305623866,3225100
2022-05-26,443.46331787109375,446.3816531009069,426.79257162323023,428.3089592148179,5917600
2022-05-27,448.9661560058594,452.89541578187027,434.0501964703834,435.6524138170502,5719600
2022-05-31,444.63629150390625,449.0042470598624,436.82544618748886,448.9661198199902,4424500
2022-06-01,435.8335876464844,448.7181500025911,435.55703418427163,447.65000518432043,2319400
2022-06-02,465.0360107421875,468.393070461477,436.68238400777483,439.5625621944267,4950600
2022-06-03,454.2019958496094,465.55107926878287,453.5725470714506,462.5755243936803,2857400
2022-06-06,450.59698486328125,458.73208703042013,447.2017975246598,458.2552345490995,2297000
2022-06-07,449.93896484375,451.7987013229024,438.3132980199749,438.61849061943644,2435500
2022-06-08,446.3243713378906,452.46623355942154,445.2753191741153,449.93892125664064,1697000
2022-06-09,450.19647216796875,461.82213944210264,445.52332308866124,445.7045293825631,3087500
2022-06-10,441.8609619140625,446.5150459248271,436.56791199557387,443.47272533020254,2549900
2022-06-13,431.3131103515625,437.40729961239083,428.1181926020787,429.1672739816542,3113400
2022-06-14,433.7449645996094,437.5216568521284,429.434229051353,431.31302881535834,2224600
2022-06-15,437.55029296875,442.86240730904325,430.49288230794946,437.2737103897255,2250200
2022-06-16,430.84576416015625,436.5775112066795,427.2312141946612,429.462880319455,2906600
2022-06-17,426.01043701171875,434.59378096871365,422.6820162796972,430.16857633615433,3623400
2022-06-21,441.6702575683594,443.3011138854334,428.34702819772144,429.6917264802187,2420600
2022-06-22,438.6661071777344,443.2057519138106,437.2737061428404,438.12251749255404,1827500
2022-06-23,453.0097961425781,454.23053716588765,444.14987008553,444.7793187685311,2030100
2022-06-24,461.946044921875,462.38474103334613,454.6120517987301,457.77835910098867,2862600
2022-06-27,459.4473876953125,464.6832188767476,455.25109148023193,463.31942770018065,2034700
2022-06-28,446.9156799316406,464.6832084939813,446.22904028166266,461.1163611565746,1754600
2022-06-29,448.0887145996094,451.07381564584153,444.8270600829461,449.14734219169435,1275600
2022-06-30,457.0917663574219,459.771675284957,443.20582281884737,446.6200741750912,3852400
2022-07-01,463.2716979980469,468.5075285455198,455.8709387170656,458.90371329075134,2660400
2022-07-05,465.656005859375,468.1737718883771,456.30967953207954,463.0809907548178,2489400
2022-07-06,469.8427429199219,474.0104289401057,465.19820441953823,465.65599327824566,2262300
2022-07-07,472.0363464355469,472.58948258223194,466.57160578636285,469.2801247522488,2125200
2022-07-08,478.3211669921875,482.11689389330087,473.99133856701,474.2965311222569,2607800
2022-07-11,475.8034362792969,482.14556894294276,471.93139616444915,477.92066262180504,1891100
2022-07-12,467.8590393066406,478.66450346856607,465.4461669731176,474.00090144738385,1775300
2022-07-13,469.4325866699219,474.29648706256813,461.4214720198487,461.8983244288383,2008400
2022-07-14,488.23974609375,489.50819005817726,470.76786329155397,473.12351583500873,3715600
2022-07-15,498.74005126953125,500.5043822706606,491.90200258277207,492.9891820650582,4265100
2022-07-18,492.3979187011719,504.0617713537642,491.79707984701173,497.7005165910889,2464100
2022-07-19,496.14593505859375,501.2482917501065,493.0368474354453,498.2250049798847,2391000
2022-07-20,499.9320983886719,501.8013226569407,492.8842055151837,497.1282037767436,1740700
2022-07-21,504.9486389160156,505.2156460304864,497.4524738420162,499.7795162259707,1716100
2022-07-22,505.1965637207031,512.2444573488795,501.71557554069875,506.1407805275768,1800800
2022-07-25,504.6434020996094,507.64753747401795,501.6487548777717,506.8178189050315,1452700
2022-07-26,488.2300720214844,495.62128392995106,485.2068442233963,491.15795262714187,3334800
2022-07-27,498.12957763671875,501.00023854736884,487.5053207472798,489.34593501699374,2060100
2022-07-28,512.2401733398438,515.1062267939285,497.05012501919896,497.05012501919896,2083300
2022-07-29,517.1314697265625,517.9148645211731,508.1512055715061,508.24671734475305,2131500
2022-08-01,522.3955078125,528.0321023584146,517.0837582815368,517.2461516340121,2256000
2022-08-02,519.195068359375,526.4365868572573,516.6251718720799,519.739625419136,1984200
2022-08-03,522.5866088867188,524.201154560651,517.914928063861,520.6663438668936,1693300
2022-08-04,519.0233154296875,522.7682764382675,516.5298040616858,522.5771945040501,2000500
2022-08-05,516.52978515625,517.4182548923219,509.53660645198823,513.2529371049255,1711500
2022-08-08,517.704833984375,523.0547773326319,514.6190099851041,519.5582176282371,1344100
2022-08-09,511.896240234375,520.6663564522789,510.05241958395555,519.3670929333312,1877300
2022-08-10,515.7175903320312,525.3570493902037,513.3005242826987,520.1695003918713,2336600
2022-08-11,508.4379577636719,519.2238526147723,508.1418012022515,518.9850147971747,2340200
2022-08-12,513.22412109375,514.360991092652,509.8994600316692,512.2400815952903,1918200
2022-08-15,521.3828735351562,522.577062434687,511.7624807633354,512.4503638906676,1848000
2022-08-16,528.3283081054688,534.9679519056419,524.4590893257914,526.4939919265084,2498000
2022-08-17,531.4810180664062,534.4712721643513,524.4974027130937,525.4431911275211,1835200
2022-08-18,535.913818359375,539.5345783361545,531.5764866883425,534.0986277952853,1619200
2022-08-19,529.7708740234375,534.2896660719416,528.4715522104817,533.7069158947356,1617000
2022-08-22,521.1153564453125,528.3091784920633,519.988049101427,528.3091784920633,1860900
2022-08-23,517.8670654296875,521.6311502795185,512.9087919639202,521.373186879279,1359000
2022-08-24,518.9658203125,520.8765225999758,515.2781788920732,518.5168332637462,1145800
2022-08-25,526.1786499023438,526.3123547168287,515.459582156182,521.3732067399663,1483300
2022-08-26,508.0748596191406,527.9939079305923,507.9315336215014,525.4431366666671,1886800
2022-08-29,507.3487854003906,511.5905468890701,500.6040085338426,503.49875054145826,1579900
2022-08-30,500.7378234863281,512.0778382794374,498.22524500734806,510.42509925859247,1872700
2022-08-31,498.7888488769531,502.8204613484903,497.03103528491715,502.075259407728,2179800
2022-09-01,505.543212890625,505.9349395631286,493.94529284185427,496.5151317687044,2280600
2022-09-02,495.9323425292969,510.96005640737246,493.0089702186302,508.9155908652044,1901700
2022-09-06,495.73175048828125,499.7919930021533,489.64616813817264,496.93544399433966,1933400
2022-09-07,505.9920959472656,507.9218652337562,495.7316359766349,496.78249870759527,1827900
2022-09-08,505.49542236328125,509.23087820950803,498.2729696224803,500.9193111061236,1600800
2022-09-09,512.622314453125,514.0362154354067,505.88710079589924,508.36142751489217,1930900
2022-09-12,515.4310913085938,518.3735309827125,513.0235876570338,513.7209753646646,1522400
2022-09-13,487.5156555175781,508.4760610205053,485.9775542382986,507.09079026109055,2881400
2022-09-14,485.3183288574219,491.05999794378,480.65621111225926,490.9166719636213,2007300
2022-09-15,481.019287109375,486.3310369841806,478.1818931274553,485.70050174875377,1749600
2022-09-16,481.63067626953125,483.827971949208,475.09604964918947,477.26471511952195,3004800
2022-09-19,483.9522705078125,484.08600451690296,476.6151801961295,479.73916816387595,1441300
2022-09-20,477.2170715332031,480.9524986199155,471.38945191923517,480.5417045575553,1843100
2022-09-21,471.0550231933594,483.81850123128646,470.9881416121564,480.0639780123907,2082600
2022-09-22,465.4184265136719,471.9434619550105,462.78164804440325,471.9434619550105,3133100
2022-09-23,445.57574462890625,460.78494688103865,442.8338916525832,457.5558555169363,5377800
2022-09-26,458.8551940917969,462.4950800249012,444.43894721599656,445.06948254011786,4001900
2022-09-27,456.9444885253906,466.59354192463917,454.2026351188184,463.8134663048899,2412400
2022-09-28,466.4883728027344,469.6027974032373,453.0179171541779,460.03019036911434,2419500
2022-09-29,457.5941162109375,467.17628732817883,452.9033384439723,463.9280700097886,1963900
2022-09-30,451.18365478515625,462.2275112001842,450.8015201750692,459.199064531367,2436700
2022-10-03,456.3998718261719,459.3709996247037,449.39713223821644,453.31407741038106,2338500
2022-10-04,464.4248352050781,466.23043362463295,459.2659450927763,462.2275101806705,2175600
2022-10-05,458.8742980957031,462.26578321376377,453.6198664646202,459.8105236180383,1587700
2022-10-06,460.9473571777344,471.8288205379641,460.40282919168027,461.86451525372576,2430700
2022-10-07,447.24761962890625,457.7182597086767,445.3082580274387,456.90623458316264,2568100
2022-10-10,445.48974609375,449.2538315656903,440.99958449371957,448.7188373097293,1616300
2022-10-11,450.9448547363281,455.9413519173634,442.9963550545244,444.2382999299612,2341400
2022-10-12,445.55670166015625,458.3201798220597,445.480257236609,453.1421925944331,2043900
2022-10-13,447.0947570800781,450.67732374611006,428.98130818002113,437.7323278548488,3390900
2022-10-14,434.3503723144531,452.25367177571894,433.5287843618506,450.9543791175312,2301600
2022-10-17,443.4453430175781,446.03433639415897,439.92009504586736,441.03783953153027,2097500
2022-10-18,452.1390075683594,455.2438986637352,447.89724632412265,452.072155148722,1864000
2022-10-19,450.3811950683594,453.6676054255047,446.1012404860336,446.92282849781793,1207600
2022-10-20,443.875244140625,451.00215551596216,442.24160184675486,449.9703891079924,1709500
2022-10-21,456.82977294921875,458.1577249463077,441.63969659119385,443.0058416399247,2508400
2022-10-24,474.78082275390625,475.76483319048975,459.5334278295149,460.10661514791235,2366200
2022-10-25,476.7774963378906,477.8570476974718,468.59969361955996,471.293790598426,2130900
2022-10-26,477.150146484375,484.7642963632277,473.55801680852875,475.764875646295,2088700
2022-10-27,475.2264404296875,481.4187222131851,472.9294642810353,478.3560678765579,1576600
2022-10-28,488.9412536621094,490.8075629428953,474.6808317055728,475.95372952343774,2369300
2022-10-31,479.9734191894531,487.7640286870858,479.01634357790886,487.7640286870858,2192200
2022-11-01,478.49957275390625,485.6106676101704,478.32730613271224,482.0790558375264,1586300
2022-11-02,462.7557373046875,481.63882446817604,462.5260192475736,476.432329690679,2464400
2022-11-03,465.4163818359375,470.2400226609623,459.1188069473701,460.23859844352893,2010400
2022-11-04,465.5312805175781,471.4842936367456,456.0370749728814,469.35000391774804,1987300
2022-11-07,467.579345703125,468.96711722285846,454.13244310662515,456.5729745846293,2036000
2022-11-08,471.6086730957031,476.8725899124515,463.7127978705806,469.66581042073597,1709900
2022-11-09,468.93841552734375,476.22174810700625,465.96189469891294,470.78556475098077,1640500
2022-11-10,491.1042785644531,492.75042079599757,479.8777696326486,483.275406030251,3098300
2022-11-11,493.34381103515625,494.6550585606085,484.95984728858656,491.1042864826196,2393500
2022-11-14,487.8023681640625,498.3493617714367,487.55354832672697,493.63098526689265,1820200
2022-11-15,503.8716735839844,507.0587523871342,497.6794211334428,497.6794211334428,2502200
2022-11-16,501.6129455566406,505.87194422737696,497.84206485340724,498.9331452025001,1833600
2022-11-17,498.9427185058594,499.3925160523584,490.94157955209647,496.7222958383301,1902500
2022-11-18,501.1918029785156,506.8098325243547,495.9470469660423,504.25445682528084,1584400
2022-11-21,500.90478515625,504.64698445885125,499.6701783337893,503.1730502575582,1268300
2022-11-22,509.1165771484375,509.9300683619762,504.07276806170853,507.2120053025222,1809100
2022-11-23,511.5475158691406,513.7583589800552,507.63310794084043,511.07855799944366,1288200
2022-11-25,510.7529602050781,512.8585382955754,510.1883182901732,511.231498024952,744200
2022-11-28,508.1306457519531,513.2318759051033,506.23565444149716,508.1019638551149,1684300
2022-11-29,506.2549133300781,510.8105457633429,505.3360993925908,508.2455892383807,1685700
2022-11-30,516.1029663085938,519.2900440979803,499.7274184301737,504.7711666214712,3601800
2022-12-01,482.23223876953125,496.85638625200056,474.3938141851072,496.85638625200056,6970400
2022-12-02,473.3026428222656,477.5520612495444,470.986506786354,477.12136550324806,3632100
2022-12-05,467.6846618652344,471.5512562582777,463.92336099769597,471.3598294160698,2455300
2022-12-06,460.5065612792969,470.3740097088635,456.6878384669571,469.59878070496944,2995900
2022-12-07,461.28173828125,465.6555808796161,458.3147980142408,458.52535581919324,2072600
2022-12-08,460.75543212890625,462.58342115515643,453.17537914486,462.17188558202724,2901000
2022-12-09,462.2867736816406,469.0533070553271,450.30419436959454,454.7067491890182,4211100
2022-12-12,466.7467041015625,466.8807087289116,460.03762282083534,462.00919656872566,2276400
2022-12-13,467.24432373046875,476.59494191032115,460.87974756814356,475.7048686042897,2626700
2022-12-14,462.7652282714844,470.5845495296996,460.39169924723245,467.87600896395116,2145000
2022-12-15,443.9970703125,456.2380788667223,443.27926341007134,454.93644049568,3437700
2022-12-16,441.642578125,444.83920734717515,437.26873531792126,441.46073141169865,4909200
2022-12-19,438.9436340332031,443.5184547220391,435.81397779369655,441.1353455696778,1939200
2022-12-20,438.16839599609375,440.4940828948651,433.1054574572532,436.9624712896352,1993700
2022-12-21,442.2264099121094,443.78644802680026,436.6179601483308,439.66145396296076,1462400
2022-12-22,439.0202331542969,440.6376935970136,433.928612083175,438.96281094276196,1906100
2022-12-23,442.79107666015625,443.2983256241883,435.2780264057079,437.88127353619757,1229500
2022-12-27,438.8192443847656,444.7531258937422,437.48889503316013,444.4659856356489,1230800
2022-12-28,433.5457458496094,440.69510305516616,433.3638991157994,437.90045814922286,1324100
2022-12-29,436.9338684082031,439.2978470979289,433.9956383251875,436.07250592208794,1465000
2022-12-30,436.9050598144531,437.0964866387173,431.40187450463253,435.13446391672346,1803200
2023-01-03,433.8232727050781,439.1063200613617,428.6742007590039,438.34067118339567,1978100
2023-01-04,436.9625244140625,439.78590970390326,433.16293232408157,437.55590673616547,2097300
2023-01-05,430.865966796875,436.83811058184716,430.32042656830725,435.02925246559107,2169300
2023-01-06,462.1431884765625,463.62667349629197,442.37957897950355,443.20265015069486,5174500
2023-01-09,458.1999816894531,465.97143153595704,457.6161795444573,462.2005510210563,2384800
2023-01-10,460.7362976074219,461.39668226513743,455.07042506378593,456.65917444266415,1649900
2023-01-11,463.5213623046875,463.72234003758757,458.5445566340333,459.7121902378911,1576400
2023-01-12,461.7220764160156,464.1817682597193,458.20004444193944,464.1721881551674,1628200
2023-01-13,464.4209899902344,464.74639222791853,458.4392667806745,460.24815389890915,1405900
2023-01-17,465.8757629394531,469.42653508244325,463.57878692858554,464.3061738616202,1539900
2023-01-18,458.88909912109375,467.8281828893733,457.97986549911803,463.99987998864714,1925500
2023-01-19,449.3375549316406,457.06116445425187,447.97852350995726,455.79781725645495,1919500
2023-01-20,459.5016174316406,459.70262436562695,449.3183467921083,453.5773454988819,2588600
2023-01-23,471.4650573730469,473.98217119501226,457.0993706476789,459.34850443580194,2709400
2023-01-24,470.98651123046875,472.4125738922984,466.10544850042623,470.9290890247717,1510200
2023-01-25,469.8092956542969,470.82379349785253,463.70314838724596,468.35452198608067,1329800
2023-01-26,476.91082763671875,477.26497019350364,470.661124248014,472.0297647484992,1576400
2023-01-27,481.6866455078125,487.24725308374815,476.48970216971435,478.3081693970665,2034100
2023-01-30,481.67706298828125,483.897485649129,478.891969162479,478.891969162479,1855900
2023-01-31,489.19964599609375,489.45804589851963,480.451960817327,481.62917434363817,1924100
2023-02-01,495.6790771484375,498.1100869449405,483.0552748471978,486.4911732928825,2080200
2023-02-02,501.834228515625,508.18109474204846,499.15935987890396,502.6587324444693,2287400
2023-02-03,493.56024169921875,500.03174851830886,491.3551473753637,497.7116098656929,1844100
2023-02-06,494.31768798828125,495.88038321580166,491.1346583346219,493.2151115615095,1740100
2023-02-07,495.2189636230469,496.61868929511104,486.4560489327623,490.866238105036,1927300
2023-02-08,483.02374267578125,491.0484075043345,480.86657345268713,490.1951424482758,2062900
2023-02-09,479.97491455078125,488.1529809776421,477.8561033539626,484.442654873399,1517300
2023-02-10,479.361328125,479.8982212202166,474.94154224143483,477.94240891270437,1536800
2023-02-13,485.5548095703125,485.880778280195,480.6652204051183,481.03911450291815,1452600
2023-02-14,482.45806884765625,486.8970482385753,478.0574473226281,484.17422492990437,1257300
2023-02-15,490.1855163574219,490.31975425623625,480.65562032986765,481.98828550318854,1422600
2023-02-16,483.3017883300781,489.6582516859671,482.822417389314,482.83198491236266,1456000
2023-02-17,486.5423278808594,486.76281978243253,481.1350097660049,483.46474545531834,1340400
2023-02-21,481.03912353515625,483.19629268455674,476.0632510231941,480.1570974232608,1811800
2023-02-22,476.86859130859375,484.6056152904599,476.1111771047623,483.12917400511435,1332000
2023-02-23,472.7939453125,478.2779203205519,467.7317605201854,478.22039815322813,1546300
2023-02-24,468.4508361816406,470.12863440086454,464.7021813364362,468.4220750967931,1587600
2023-02-27,466.93603515625,472.65972508676765,465.6417278261219,472.228279557232,1501700
2023-02-28,464.2035217285156,468.7096191544204,463.82003092297487,465.5649477354293,1918200
2023-03-01,458.9209289550781,462.6695834714292,455.4214981409038,461.2506643987878,1759300
2023-03-02,465.6512756347656,467.31947689103197,455.93921717740193,457.66494059709294,2379200
2023-03-03,455.651611328125,456.36107085708124,446.13128355888733,455.23933014111896,5354200
2023-03-06,463.14898681640625,468.6521847742346,455.9009009777821,456.8596428004411,3104700
2023-03-07,465.13360595703125,474.7785466953919,464.9898005302126,466.04442242434817,2659100
2023-03-08,465.98687744140625,466.7922170506448,461.28904842494234,463.0722941471538,1548500
2023-03-09,459.7358093261719,469.7834328724958,458.87294764810105,467.3674143222024,1629400
2023-03-10,451.7016296386719,460.6370810562204,449.05549288486264,459.21816190526135,2123000
2023-03-13,452.5261535644531,457.02265518525286,447.54068423704626,447.54068423704626,1799600
2023-03-14,462.036865234375,465.143179331258,453.4848754286706,455.8146110013328,2422900
2023-03-15,465.62255859375,466.92643343266946,458.796321475928,461.6437858686773,2226300
2023-03-16,467.1565856933594,468.0002832433511,462.84224716056804,464.92270069052046,1979600
2023-03-17,466.95513916015625,469.68755889124986,461.64373114139215,468.8918161439611,3959300
2023-03-20,469.1027526855469,470.54086529103597,465.6800376624486,467.86596765245304,1623800
2023-03-21,470.598388671875,472.65967756004613,465.9388886036302,472.65967756004613,1664000
2023-03-22,467.40576171875,476.1303173888965,467.24279200798696,469.2657230317133,1299700
2023-03-23,467.6358947753906,472.89937772634784,464.309059665446,470.4450011375188,1565900
2023-03-24,474.8360290527344,475.50715999958845,466.48539637287223,466.84972292925147,1635200
2023-03-27,472.87060546875,479.2366354523097,472.1899070209792,476.7630946196001,1452100
2023-03-28,466.68670654296875,473.6759420243783,465.3828318198096,472.28575479710554,1407800
2023-03-29,470.6175842285156,471.0298361818334,465.85263629654503,469.0165018020108,1643000
2023-03-30,471.20245361328125,475.2866739867466,470.7422469935548,472.6597306880295,1545500
2023-03-31,476.37005615234375,477.79857213960565,473.5609495667092,474.57721358238916,2082000
2023-04-03,476.5234375,478.6039200876603,474.57719280892076,476.0153055144023,1804700
2023-04-04,477.194580078125,481.8444545322177,475.05657527089693,476.01531709788156,1913300
2023-04-05,476.6192626953125,483.33045454874656,474.7305403890785,478.4121049805168,1941500
2023-04-06,465.9293518066406,467.7221942963233,457.7992107867372,462.11354889886354,4114700
2023-04-10,473.4554748535156,473.5225938050424,461.7876029251996,463.935175306222,1653600
2023-04-11,478.07659912109375,479.3613096392823,472.65971373024195,473.455456561169,1547400
2023-04-12,469.16033935546875,479.4188597966828,468.3837607824084,479.3709344066341,2063700
2023-04-13,477.3480529785156,477.87534935806036,470.08077246891213,473.1295649082262,1600500
2023-04-14,471.02984619140625,479.7256415527568,469.9368957270036,475.718107752483,1675300
2023-04-17,473.5609130859375,477.3479547877973,470.8860153503416,472.43917233924344,1411800
2023-04-18,476.3988342285156,477.09872633383367,473.73353297296836,475.6318524280555,1339600
2023-04-19,475.5647277832031,477.44385365277856,473.4554839694594,476.619349690075,1098800
2023-04-20,484.720703125,489.5911282230554,475.06619470337444,475.2962833901084,2936500
2023-04-21,485.4588928222656,489.57190313788135,484.6055986174311,488.3542823852962,1508600
2023-04-24,490.31976318359375,490.5786129465479,484.9412062632711,485.219249588393,1374100
2023-04-25,482.41015625,491.95921701648183,481.537697643344,490.0417332898039,1789900
2023-04-26,474.251220703125,482.12248266226385,473.0336291542743,479.7735828152547,1441900
2023-04-27,480.5885009765625,481.5376752729393,474.4142013228156,474.4142013228156,1361600
2023-04-28,482.45806884765625,484.0016291626351,479.9845277795574,480.8665538856942,1170200
2023-05-01,473.225341796875,479.41880537396406,468.63296057420354,478.55594364167854,2203200
2023-05-02,474.39508056640625,475.2291813439712,469.6013710323721,474.577243869378,1940800
2023-05-03,469.8409729003906,478.201202010374,469.4574820576067,476.1111520474971,1426400
2023-05-04,471.09002685546875,471.6376565974427,466.85315293302364,469.7449944958449,1487000
2023-05-05,479.4676513671875,479.7942999593394,473.626355938964,473.83772024206274,1709200
2023-05-08,479.4676513671875,480.6109360994712,476.2395739956833,477.8439958841797,1015000
2023-05-09,481.12982177734375,482.042508758193,476.9025643578359,477.450164818542,1571800
2023-05-10,480.04412841796875,485.14566372444574,475.66314927703377,482.2442347862185,1257600
2023-05-11,482.18658447265625,483.25299350623607,478.0169403975017,479.90001492160536,1046700
2023-05-12,484.2809753417969,486.1640204738916,481.52365192563934,483.41631385498323,1472800
2023-05-15,482.33062744140625,485.17441381589657,479.2754474636655,484.22328919877503,1135700
2023-05-16,476.6719055175781,480.64938953575415,474.8945278184343,480.37076628184934,1229300
2023-05-17,475.5670471191406,478.45888844447,472.58874257631186,478.4492716471354,2069500
2023-05-18,478.54541015625,479.0257809696332,474.68321005216416,475.5671052493726,2298900
2023-05-19,477.02740478515625,479.7847577830462,474.52950010114085,479.7847577830462,1635000
2023-05-22,472.5599060058594,477.48851447821374,469.36064978528896,477.48851447821374,1943800
2023-05-23,465.834716796875,468.04443979295826,464.00931384846064,468.04443979295826,1800200
2023-05-24,463.80755615234375,468.1212759212293,462.0301785892041,468.1212759212293,1600600
2023-05-25,467.44873046875,469.36062584937997,458.03347619403047,461.3576333283169,3421900
2023-05-26,487.3457336425781,490.6987120332121,465.1141616711284,466.58409496611296,5302600
2023-05-30,488.0855407714844,494.580133875858,481.8983626880323,489.77645532433024,2544800
2023-05-31,491.4769287109375,493.69623927244675,485.1264413489187,488.88291488396356,3320800
2023-06-01,492.47601318359375,493.5712724418324,482.38825790552977,489.3343993925153,2407700
2023-06-02,492.4665222167969,498.14447880665966,489.4017250987075,490.2856201989078,2284800
2023-06-05,497.90423583984375,498.54791616576193,491.918835618734,492.46646525923234,2023500
2023-06-06,495.9923400878906,498.26929240248955,492.6297453537067,497.90420599737257,1410300
2023-06-07,491.15985107421875,498.90339532329494,490.5257582130335,494.31108178709286,1784700
2023-06-08,499.6720275878906,499.864128959404,492.379974457688,492.379974457688,1530400
2023-06-09,496.9724426269531,501.5647569792676,495.2622944334921,497.84669168114016,1287300
2023-06-12,500.51751708984375,500.80578647753254,495.74265954291053,496.9724369226114,1404500
2023-06-13,501.5263366699219,502.4198192996364,497.5776442237481,501.5263366699219,1204700
2023-06-14,506.50299072265625,507.1274375884635,502.6023821146525,504.3893474436609,1841400
2023-06-15,508.4052734375,510.40363254395356,505.9841856477393,508.23234697237683,1871600
2023-06-16,503.0923156738281,509.5964958285537,502.11234056815846,509.28905150836306,3147800
2023-06-20,499.2973327636719,502.3717170666405,497.79857847883767,501.4590009805869,1684400
2023-06-21,499.2204895019531,501.161206080742,496.2613892869596,497.57760044019557,1273600
2023-06-22,503.6206970214844,504.08183416875534,499.2781267546607,500.2484850345489,1114000
2023-06-23,503.8512878417969,504.77362081606935,498.9515295186826,502.5927187892944,1434300
2023-06-26,502.87127685546875,504.2643636955082,500.7961011101239,503.81284335757397,1278500
2023-06-27,509.5101623535156,511.5084628701022,501.6032182852883,502.1316731316841,1673600
2023-06-28,511.8830871582031,512.5460011746181,507.85757770991677,508.2130473930223,1245200
2023-06-29,510.8166198730469,511.546792751537,508.1841977030196,509.7502109453066,1121800
2023-06-30,517.2440185546875,518.3776864991704,512.6804963847482,513.1992756898142,2221900
2023-07-03,519.7996215820312,519.8380887755496,513.3626996812568,516.1584319760426,951400
2023-07-05,519.8860473632812,524.6128790768728,516.3985510621965,519.9724812595687,1630400
2023-07-06,516.2736206054688,519.0885859753593,515.5146559813152,517.7243495556008,1750100
2023-07-07,504.4373474121094,515.3994415160951,504.03385237338335,512.9303286552264,2740600
2023-07-10,506.3204345703125,510.29791882503577,504.4469767425939,504.4469767425939,1955600
2023-07-11,508.84710693359375,509.92313264803846,505.494128712779,506.7911061924569,1262300
2023-07-12,516.87890625,518.9060566602586,510.2593835073776,511.1144574814126,1960500
2023-07-13,517.311279296875,517.954959691531,511.87344949656216,516.6867738579493,1647200
2023-07-14,525.2373657226562,525.391058554454,516.9749540176588,517.561050871462,1828700
2023-07-17,531.2516479492188,532.4525748400408,524.6609166067409,524.7377923466759,1909900
2023-07-18,531.85693359375,533.2115533605828,527.8218074080842,530.9730091590832,1778800
2023-07-19,532.3564453125,534.0665932868868,530.3485284650527,532.7119149675793,1261100
2023-07-20,535.0946044921875,539.0432379656884,531.9721946315298,532.0682453254855,1732800
2023-07-21,535.9593505859375,539.984860653727,535.5654722901817,537.2179198671355,5264300
2023-07-24,541.7909545898438,544.327326258464,534.0569971351342,536.0937644523272,2086400
2023-07-25,543.0015258789062,545.2688618923086,542.1464518151957,544.5195139660874,1602500
2023-07-26,543.9429931640625,545.7300169017309,541.3009540656411,543.3089295816044,1306400
2023-07-27,539.7734985351562,548.7371759244556,538.5917464291616,545.4322222974045,1485300
2023-07-28,541.204833984375,545.5185533406765,540.5323032995642,542.4153774892345,1371400
2023-07-31,538.6588745117188,542.1367537544079,537.1024781053883,540.8974184349975,1365900
2023-08-01,533.6630859375,540.7822137316249,532.7696033237982,538.6205452226334,1445300
2023-08-02,530.6654052734375,534.7774059646641,529.3876616327178,530.5789713988886,1635000
2023-08-03,535.7958984375,538.3514448782729,530.540612244698,531.7992398302226,1463400
2023-08-04,530.36767578125,539.2545339731282,529.7624039916559,539.0431990060969,1142000
2023-08-07,536.4876708984375,537.5925471525317,533.2019511688093,533.2019511688093,1015400
2023-08-08,534.2874145507812,536.9583033489619,530.1754725292914,536.0936127759845,1020400
2023-08-09,537.7271118164062,540.023298427222,534.9505543818558,536.0746056904703,1471800
2023-08-10,539.4466552734375,546.8636090433208,538.6876907112871,541.0895441042935,1107200
2023-08-11,540.8590698242188,542.8189614244513,537.0833626690448,538.3514898792483,1043100
2023-08-14,539.4275512695312,545.4226280354433,538.4380179261746,542.5980454211527,1247600
2023-08-15,536.583740234375,542.9726359746188,536.2859127173291,539.0240025147183,1124300
2023-08-16,537.1025390625,542.7709375286802,536.785477939596,539.648527565227,1340100
2023-08-17,525.6312866210938,538.4187540937476,523.6810117992559,537.5060379085976,1941900
2023-08-18,523.5464477539062,527.8985760271757,521.788274482676,525.4486970591362,1878100
2023-08-21,521.8843383789062,523.7481789739492,515.245582703991,522.50878508322,2076100
2023-08-22,517.234375,520.6834626417015,516.398534621129,520.6834626417015,1286000
2023-08-23,519.626708984375,519.9245365470122,515.1880873017087,517.8013350530235,1295800
2023-08-24,511.80096435546875,520.7430935551326,510.9442749260108,519.0971007046923,1587500
2023-08-25,514.0150146484375,515.7283353641346,510.6941816252648,512.956166818687,1511500
2023-08-28,516.1132202148438,516.9313698162254,513.1581644342973,515.9303321127971,945800
2023-08-29,522.4468994140625,522.7356546633556,514.332553785045,514.332553785045,1468500
2023-08-30,521.9560546875,524.0351515053491,519.1165004051779,522.4084281791905,1292800
2023-08-31,528.7132568359375,531.523906398985,519.7807010330906,519.7807010330906,2086500
2023-09-01,523.87158203125,532.7559632352585,520.3967657937991,532.361340764306,1437700
2023-09-05,524.3335571289062,528.6265816908802,523.6309094510881,525.2961139477502,1714300
2023-09-06,526.2201538085938,528.1356323476816,519.9538999446779,521.4362161948228,1476600
2023-09-07,528.0779418945312,530.3591969616513,523.9100542245159,528.1068468003521,1340000
2023-09-08,530.5516357421875,531.6970805779588,527.5773096560926,528.5110202154049,1075300
2023-09-11,537.8575439453125,538.4446895228788,531.196608254567,532.1110490105025,1388600
2023-09-12,537.8670654296875,539.4168264477488,535.3548064109857,538.3387675872376,1055500
2023-09-13,538.8007202148438,539.4552516873674,533.8531649301199,537.3953663548457,1162700
2023-09-14,543.6232299804688,545.480957579249,539.2724543865512,543.6617111030519,1257300
2023-09-15,535.528076171875,544.3354942112802,534.7387725620761,544.1622410408078,2945300
2023-09-18,541.6500244140625,543.0650136953823,536.5966003732902,537.2800369649278,1003100
2023-09-19,543.2189331054688,544.1622787653995,538.4831698681667,540.6104416499711,1144700
2023-09-20,542.7183837890625,547.9065199737877,541.592150102109,543.2188733445741,1311500
2023-09-21,534.2959594726562,543.4306126425628,533.5259259058714,542.9493343195978,1687700
2023-09-22,537.674560546875,541.8905047461757,534.0072219541443,534.3729394419252,1527300
2023-09-25,537.703369140625,540.2541676587614,533.9686447913243,538.540788691906,1313300
2023-09-26,532.2554321289062,540.3505090103528,531.3313564460268,538.2136611028131,2425100
2023-09-27,542.4295654296875,545.2883304183875,524.3334538016691,526.8842523688572,4591400
2023-09-28,547.3386840820312,550.755749010765,542.9494273743196,542.9494273743196,2192400
2023-09-29,543.8059692382812,549.6101546806252,539.7054689383284,548.6572330967919,1887500
2023-10-02,549.918212890625,550.3321051817317,542.8819264422254,546.6454969263398,1831700
2023-10-03,543.8831787109375,554.6157126144615,541.9292185774964,549.7162717013754,2007400
2023-10-04,550.3899536132812,551.1696222530481,542.6510182722687,548.1664498072938,1798800
2023-10-05,548.1953735351562,553.2295268543104,543.2285474929107,550.7461138331877,1579700
2023-10-06,536.654296875,545.7215650750642,522.3121776972522,544.8937803640817,4246700
2023-10-09,538.040283203125,538.7911056189865,529.1944436482396,534.2189613551362,1781500
2023-10-10,541.0436401367188,545.7216526258047,536.3752038669045,538.9548493392788,2176800
2023-10-11,544.3451538085938,545.2884406960028,539.2243444558761,543.7001984367715,1449800
2023-10-12,542.67041015625,547.8297015429839,541.3228068650238,546.7804885698384,1458000
2023-10-13,545.6156616210938,546.1931721368803,540.9375914440296,542.7375677596624,1243900
2023-10-16,550.8134765625,552.6038180544148,547.2327935786707,548.3589685494165,1428300
2023-10-17,552.8348999023438,554.4904694030506,549.3408140086234,550.5247400759848,1404600
2023-10-18,553.1237182617188,555.6840937988793,550.582553912935,552.4306467348634,1311900
2023-10-19,544.4509887695312,554.2882907274867,542.9878836838851,552.2188289285033,2019600
2023-10-20,532.2264404296875,545.4519593757506,531.3409047633022,545.3268223115032,2295400
2023-10-23,531.6105346679688,536.0671778612034,526.1624884073473,533.3913002013355,1776500
2023-10-24,531.1773071289062,535.1718821234967,528.7612804485489,531.4275225172838,1678600
2023-10-25,529.3966064453125,533.092850417094,525.1806029500731,528.01052229962,1757500
2023-10-26,527.0960083007812,533.8916560320768,525.1035676963155,529.0692964715306,1925300
2023-10-27,522.6972045898438,527.50998819655,520.0019987702483,527.0960371065494,1503100
2023-10-30,534.1034545898438,535.5280196744187,523.284326920964,525.3056724463635,1696200
2023-10-31,531.7549438476562,533.2854351906248,528.5014967787948,531.4853997118634,1394700
2023-11-01,535.9515991210938,537.5302063277787,529.0693534483319,534.2190086807385,1735300
2023-11-02,536.1348266601562,539.5485690008502,532.3161438487042,536.6459462892353,2100600
2023-11-03,540.888916015625,542.9043185791022,535.4211609971709,537.4462750676563,1826800
2023-11-06,549.49072265625,552.219774138893,540.1464273074916,540.4935695777405,2056900
2023-11-07,550.8890380859375,553.4155606419113,549.2400239115276,552.075137013114,1373100
2023-11-08,547.1378784179688,552.5477191892236,544.1580928714109,551.708762443206,1343600
2023-11-09,543.1743774414062,548.6999308455353,541.9593207256538,548.6999308455353,1288400
2023-11-10,556.5302734375,557.2728212332869,544.7848223845646,547.639240619526,1908800
2023-11-13,557.6007690429688,559.259436100091,553.0298849843438,554.4860229139134,1650700
2023-11-14,569.72216796875,570.4454104108712,560.4743409024278,560.9854016222307,2037600
2023-11-15,575.4888916015625,578.4879229615369,572.2198214638755,572.7983919052256,2165100
2023-11-16,557.9382934570312,565.6625339202359,551.8244567192811,565.4600048014431,2954700
2023-11-17,556.5592651367188,559.2304008896979,553.5794799800285,558.2468310602897,1773600
2023-11-20,560.0790405273438,561.5448309862595,556.7425191036762,556.7425191036762,1624100
2023-11-21,563.4541015625,564.080935260722,557.0992438726391,561.236169708031,1173700
2023-11-22,568.0635986328125,570.0501023205298,565.4309559422875,565.9131176029725,1068600
2023-11-24,570.2621459960938,573.0008497457621,569.3460271965066,569.9343090726309,645800
2023-11-27,573.6759643554688,578.5361326804148,571.2747498577053,571.3808701542827,1627400
2023-11-28,572.8080444335938,576.1060136638343,570.3200738210708,572.0269449091256,1286800
2023-11-29,566.8871459960938,573.9749583781643,566.4628413411496,573.9653057268381,1319800
2023-11-30,571.5929565429688,571.9111996971365,562.0365389867579,566.858155259999,1755200
2023-12-01,574.9777221679688,575.0741309472975,569.5196786188292,572.1137104450531,1475300
2023-12-04,577.7068481445312,578.1408054229153,570.3587089369987,571.0240944018207,1624000
2023-12-05,583.7530517578125,587.1571410581395,575.7299341686852,577.1764190335589,2349700
2023-12-06,585.7588500976562,586.7713777134176,582.3162091179726,583.8977133344179,2233900
2023-12-07,589.1533203125,590.5033375913588,584.7173979052211,588.2372014240037,1690400
2023-12-08,588.9894409179688,591.7184336068614,586.048207629582,586.8871642311321,1502100
2023-12-11,601.602783203125,602.7310839605029,596.6847573979613,599.7801978482494,2139300
2023-12-12,607.04150390625,607.2247276834972,600.9759316723246,605.0550003065487,2374400
2023-12-13,619.0955200195312,619.6740904204269,608.4879643805673,611.3037717609589,2436900
2023-12-14,608.2759399414062,618.9992113956259,607.8130246881682,618.3048679445835,3839200
2023-12-15,635.3154907226562,638.266317699578,617.6490806048151,618.6134039156736,8807700
2023-12-18,656.935546875,657.5816269580688,637.5140629239626,640.7927854444536,5733400
2023-12-19,653.5604248046875,656.5112515717552,645.2479631648554,650.9181885380632,3437300
2023-12-20,637.417724609375,650.2914175920966,637.2248481707971,647.8227522081263,3782700
2023-12-21,641.4292602539062,643.5315368423633,635.9230118804439,642.1042983353502,2388400
2023-12-22,647.6395874023438,649.2500498963936,642.2393997761075,644.168046622282,1641700
2023-12-26,650.5518188476562,651.7475703939558,646.8488501144463,648.9992723676262,1774800
2023-12-27,657.6331787109375,659.388737118455,651.3211986006281,653.5895673933343,1875900
2023-12-28,653.9840087890625,657.6923278211008,652.4948180784984,656.6962031645498,1496900
2023-12-29,651.0055541992188,654.0727849665907,648.125653614915,651.9128896264001,1947500
2024-01-02,641.7051391601562,648.7568076038528,640.5709248375977,646.5673562005993,2657700
2024-01-03,635.8269653320312,646.4390491712594,634.2587977685813,642.2573492634729,2612600
2024-01-04,639.4367065429688,640.9654458889389,631.7045215929817,633.2529450532271,2171100
2024-01-05,646.991455078125,650.581428308472,643.2732642184035,647.159101133434,2233500
2024-01-08,652.5933227539062,652.9779756191565,645.0386562058984,646.7941540946766,2245300
2024-01-09,658.0078125,658.1162858076278,649.2104587023996,649.821930322202,1886200
2024-01-10,663.5111083984375,664.566405585222,659.8126622655275,660.355088992475,1801900
2024-01-11,664.3199462890625,665.2371538497817,658.4616042915065,661.775398097216,1670800
2024-01-12,673.8470458984375,674.3204277636372,666.8150618281309,668.1859670415155,2388400
2024-01-16,672.1210327148438,677.081910400573,668.8367958845799,673.8469741433399,1626700
2024-01-17,674.7839965820312,675.4546409553382,669.8527348405984,671.1447230090112,1786800
2024-01-18,677.861083984375,678.2654209518913,670.8587165460403,673.4426928252725,1900600
2024-01-19,685.4157104492188,686.5597967909804,673.2848195805027,679.0346871633042,2267900
2024-01-22,682.9896850585938,689.0551014309906,681.0270523395296,685.8695253209158,2452900
2024-01-23,678.1373291015625,682.1217672145193,675.2180002628372,681.2242438010011,2208600
2024-01-24,677.0722045898438,680.4845996699208,673.728794211322,679.5279636514939,1946500
2024-01-25,670.5531005859375,677.062343024568,666.6672633179098,677.062343024568,2751900
2024-01-26,677.43701171875,677.7920481138866,670.1584646381209,670.7305078498848,1825500
2024-01-29,684.468994140625,684.5873396053984,676.8255385276702,680.4155114819717,2215400
2024-01-30,691.1065063476562,692.9902821665402,681.3031549532685,683.4137495644305,1610500
2024-01-31,685.3270874023438,695.8208276131613,683.5123564606854,691.6785554040417,1928500
2024-02-01,695.81640625,696.6263292645006,682.9960513593596,685.4653067872677,2039200
2024-02-02,700.7548828125,705.495901229714,693.623702422272,694.6904375946006,2377400
2024-02-05,702.4142456054688,704.0933513440017,697.0016570287106,701.9006814728237,2276900
2024-02-06,702.0487670898438,703.955024944358,695.6781366533095,702.4833584333558,1920200
2024-02-07,710.9284057617188,714.4248502766762,703.2440527654154,705.367636870036,2145500
2024-02-08,715.2543334960938,719.2150286029641,711.7973761108825,714.9876949198732,1918500
2024-02-09,714.5037841796875,716.607594654844,711.2640920788534,716.2223763347039,1426100
2024-02-12,713.52587890625,714.8987993539034,706.5033311347934,714.622274101713,1572600
2024-02-13,705.4662475585938,712.9036735467948,700.3202977500566,712.5184552471434,1951100
2024-02-14,713.2986450195312,713.6640899479844,702.3252899310108,707.1946537063235,1472500
2024-02-15,715.60009765625,717.1014242222609,709.446732524309,712.6172178583776,1264100
2024-02-16,715.0864868164062,720.0941440692853,709.6640115304086,713.1110824697663,1764900
2024-02-20,716.7655639648438,725.9215820371996,714.8099330307693,719.0768134833851,2407300
2024-02-21,714.12841796875,719.8274183024229,711.4122370935825,716.7655657933284,1564200
2024-02-22,725.3685913085938,726.9982639285298,716.9236884383564,716.9236884383564,1801600
2024-02-23,728.8550415039062,733.3787342379585,728.0550051724838,731.0181116273158,1265800
2024-02-26,736.1837768554688,737.5962439870287,729.9118922872556,732.8749987512093,1707000
2024-02-27,735.5516967773438,737.4579547107046,732.2132586560427,736.8258108604399,1471300
2024-02-28,738.76171875,742.6334942822537,734.0701335569737,734.0701335569737,1365000
2024-02-29,734.7418212890625,743.3051826845825,733.8528651743533,742.1791876818334,3361200
2024-03-01,740.2235717773438,742.1397165411092,730.1588835047328,731.3342515858759,1678100
2024-03-04,749.8438110351562,755.3354333103795,744.4015618171086,745.7942557937506,2133400
2024-03-05,750.604248046875,759.8096391607853,747.5917685980692,758.9700561769843,2353400
2024-03-06,763.73095703125,765.6273286674516,754.2687516192092,755.4342934450134,2400600
2024-03-07,775.9290771484375,777.4007439313606,767.454574526391,769.5287252446135,4187900
2024-03-08,716.63720703125,746.920130009202,716.1828423160415,746.7522375145948,8590200
2024-03-11,705.29833984375,711.1455194573916,702.2660871308062,710.9578536450416,3762500
2024-03-12,727.8179931640625,730.9489922205523,708.0935491204357,708.261501897288,3727400
2024-03-13,725.1710205078125,727.4427236775917,717.6447340143205,725.9611702688796,2270300
2024-03-14,722.9486083984375,731.57122896811,720.0249883010649,729.2501530048743,1826100
2024-03-15,716.7063598632812,723.5116425622565,714.3259637765058,723.5116425622565,3390700
2024-03-18,722.5436401367188,724.3215523107116,717.091565028088,717.1705377985996,1595200
2024-03-19,723.1659545898438,726.3068405762231,721.0424308787785,722.7906229042485,1322700
2024-03-20,731.6107788085938,732.9639863475727,720.1633435354299,722.0103419129074,1398700
2024-03-21,733.4281616210938,743.0582583126967,731.9860946704738,734.3566041237691,2106900
2024-03-22,725.7635498046875,735.6306849373258,725.3487317687648,735.2751266208206,1794100
2024-03-25,721.9708251953125,725.1314240224666,717.8026905438236,722.0103115810565,1604700
2024-03-26,721.9905395507812,725.6648231065982,721.23987622838,722.0103128859682,1353500
2024-03-27,723.0770874023438,726.8402306016751,718.8003197367372,724.9734588619237,1246700
2024-03-28,723.6203002929688,725.8624036792978,719.3633060300727,724.8252680948063,1713300
2024-04-01,712.370361328125,724.2524483352777,711.3431726903021,722.7610082918634,1600700
2024-04-02,702.5526123046875,711.1456341070602,699.6883118936048,711.1456341070602,2326700
2024-04-03,697.011474609375,702.0685043735454,688.6950400785046,701.24869477763,3205500
2024-04-04,696.2115478515625,708.3109000847126,695.5596306249538,700.0537239677714,2252400
2024-04-05,704.9427490234375,708.0738082414276,697.3374907018855,697.3572037513729,1552900
2024-04-08,703.0562744140625,707.3330416606257,702.127831969222,704.7353801485045,1459000
2024-04-09,709.7529296875,710.2072341041102,698.2856616642565,707.431793414578,1386400
2024-04-10,713.6939086914062,715.0766556706826,700.2315222010144,702.2562997566213,1832000
2024-04-11,723.3436889648438,724.7659825578104,715.2445790751354,722.5041662006487,2107800
2024-04-12,722.3164672851562,723.8869402514289,717.6051086708941,719.0471755330572,1481800
2024-04-15,709.4467163085938,731.8872798110177,709.1207577253591,726.3857717016386,1808000
2024-04-16,707.1651611328125,713.6148858543559,703.3724181977994,709.4665242879787,1412300
2024-04-17,706.394775390625,714.8988773044823,702.2563005470455,714.1087275604978,1376700
2024-04-18,702.503173828125,710.108492652666,700.8438414038799,706.3947228193074,1846400
2024-04-19,700.7846069335938,706.0786763280556,693.3669536669266,704.2613380151192,2190400
2024-04-22,706.6615600585938,709.4271146404819,697.4857664498735,706.0689024652522,1437100
2024-04-23,713.7926635742188,715.3631366962396,707.4911183189562,710.1875864881195,1176200
2024-04-24,714.98779296875,716.5088327243898,707.2837275107033,710.8592048166759,1206600
2024-04-25,714.1270751953125,719.4988991869126,706.7568710898923,719.4988991869126,1613600
2024-04-26,721.36865234375,723.1197105415956,707.3405628329058,707.3405628329058,1524400
2024-04-29,718.5491943359375,724.4057593277284,712.5046019258335,721.714926357368,1526900
2024-04-30,715.156005859375,717.738031916004,709.4180896695487,717.738031916004,1734800
2024-05-01,714.4832153320312,722.041386599277,707.6571675618004,714.5327280138912,1609100
2024-05-02,724.59375,726.5327752669372,712.9102668615202,716.9861265933669,1826900
2024-05-03,735.9310302734375,739.4825387531824,725.4939983488418,726.414088902998,2323300
2024-05-06,748.3464965820312,748.8312377669565,738.4832694001241,741.559999230451,1773300
2024-05-07,763.04736328125,763.9673934395157,747.4759872010378,750.562559467903,1897800
2024-05-08,755.2319946289062,765.1051256025927,754.5395416373628,761.7514262603967,1511900
2024-05-09,770.694580078125,771.3574462360007,755.4298798557028,755.6178469124952,1716200
2024-05-10,778.7572021484375,779.0144265504007,769.8239073546229,770.6944851545067,1652700
2024-05-13,766.8463134765625,781.0227614243321,765.2931246862784,779.5586350865484,1596800
2024-05-14,769.5667114257812,772.4455112623812,763.1659903930239,766.6284963776702,1327700
2024-05-15,778.6088256835938,781.2007541477655,770.1801370976043,770.1801370976043,1661700
2024-05-16,784.57421875,795.9411220855519,779.3903620835964,783.3277068804892,2000000
2024-05-17,787.284912109375,789.0557150626657,782.140604842641,785.1084674525276,1309100
2024-05-20,784.5049438476562,794.3780132262658,783.9014929977502,786.7308405988002,1347100
2024-05-21,792.3499755859375,792.8545218372166,783.5156460648277,787.0474094424684,1375700
2024-05-22,793.27001953125,797.7119105171884,789.4612870043208,791.4695091279318,1192800
2024-05-23,787.8092041015625,799.3937216381984,786.9089186975551,795.6838936554879,1519200
2024-05-24,801.0557861328125,808.1193137101079,790.5298125222398,792.0532936073874,1623000
2024-05-28,804.4589233398438,806.5562080715735,796.0994316405197,801.0656743599101,1986300
2024-05-29,797.880126953125,804.7259791442187,797.6525497821976,798.3747706740687,2282800
2024-05-30,806.605712890625,810.7211224048513,799.6410901078013,801.5207605477835,2277800
2024-05-31,801.214111328125,803.0442691498745,779.7564618739088,800.3633385234913,4360700
2024-06-03,806.6552124023438,819.0410518147744,798.483687350239,802.3122254451002,2008700
2024-06-04,818.5266723632812,819.1400258376625,804.3303592391181,806.2495795761143,1754500
2024-06-05,825.362548828125,825.4516112708673,812.8777454138583,822.0088497130132,2080000
2024-06-06,833.6131591796875,839.9940750621289,825.382280667665,826.4704726681321,1735000
2024-06-07,836.521728515625,841.2702963676034,833.266934045767,837.6099205966539,1593600
2024-06-10,839.252197265625,840.3799391432226,833.7121509513638,838.1045899343823,1401600
2024-06-11,840.2118530273438,841.8243966533088,831.258812282194,840.1425956492646,1690500
2024-06-12,838.7279052734375,846.5729485790657,834.5728853389354,843.1796994072637,1838300
2024-06-13,836.8977661132812,838.7279240344852,828.5778235213081,838.7279240344852,1322400
2024-06-14,846.503662109375,847.0082084215464,832.8910557425518,834.3848896060176,1395500
2024-06-17,858.612548828125,861.2341850427327,844.228329288936,845.3363265374977,1904900
2024-06-18,861.422119140625,864.5977538580221,858.4048042420063,858.701578425567,1763800
2024-06-20,853.2011108398438,864.488854606377,851.3412455160424,861.9760861027086,1944600
2024-06-21,839.2224731445312,857.682551248329,838.5695699650845,857.356129849264,3833100
2024-06-24,839.0740966796875,841.5176683114454,832.4953707414405,840.894412328273,1722900
2024-06-25,846.3453369140625,846.5234014137028,835.9479158967505,840.2216450320633,1564200
2024-06-26,847.6611328125,850.5300303497681,840.9537345419236,843.5852127388736,1505300
2024-06-27,841.5076904296875,849.135118447622,839.5489205901375,848.5217650558171,1254900
2024-06-28,840.8844604492188,848.0567947217386,837.7385334899266,842.130972342419,2131700
2024-07-01,836.6107177734375,846.8300742443934,831.4961184607624,844.3568555696141,1989000
2024-07-02,850.1541748046875,851.1434624016157,834.0486041249846,836.6306302614497,1377900
2024-07-03,853.418701171875,854.2695342847476,845.8407857294924,845.8407857294924,814400
2024-07-05,876.1822509765625,877.4386654347092,849.5209405392212,855.2984061581584,2620700
2024-07-08,871.4039916992188,878.437811039142,868.2580044449593,877.2902037735005,1611300
2024-07-09,877.349609375,887.0644200274677,873.5111689825768,874.3817468271254,1356800
2024-07-10,874.8368530273438,880.7330284419918,871.2655395364246,877.8937780620844,1755800
2024-07-11,837.52099609375,881.217811448124,837.4517387176251,881.217811448124,6021100
2024-07-12,833.8704833984375,840.8944007106696,829.3988844396952,840.7855935738589,3288400
2024-07-15,839.637939453125,848.7097490747014,835.6214347193113,837.7879767051194,2064000
2024-07-16,841.6561889648438,842.1211251307129,832.3272146060184,838.7179735405113,1687600
2024-07-17,837.2142333984375,840.8449015252331,833.6231150333716,838.9256814083145,1783100
2024-07-18,830.3782958984375,846.1376395117901,816.2710456064831,840.3305263546634,2338500
2024-07-19,829.1514892578125,839.7863292678271,826.6090132840793,827.5488484309944,1984400
2024-07-22,838.3419799804688,840.4887772881159,829.6164571550155,836.6898867944832,1920200
2024-07-23,842.981689453125,845.4252607802232,836.5216739950642,839.8061154771249,1744100
2024-07-24,821.9198608398438,836.9372380787612,820.613994073679,835.5522114045907,2511300
2024-07-25,807.2091064453125,827.6873687249448,805.5570133115187,826.8365356286292,2183700
2024-07-26,809.992919921875,814.6294298092399,801.482876251879,810.3892224571757,1441500
2024-07-29,807.9719848632812,816.0758704611562,806.5156908441407,814.9068564986898,1320400
2024-07-30,802.4934692382812,814.3520707330548,795.8062715771522,810.3892869338672,2017200
2024-07-31,814.3519897460938,817.7995919589941,803.7218426114669,812.7866733702457,2135000
2024-08-01,809.2896118164062,816.5018467353233,802.1466724013003,810.9341404526651,1861400
2024-08-02,814.4312744140625,822.5648487744852,797.5200887261594,808.6059778848726,2598500
2024-08-05,794.3696899414062,803.276036177951,785.6218284391715,790.5753078114235,2820900
2024-08-06,809.2797241210938,825.3389274699505,797.5696905674811,797.5696905674811,2476300
2024-08-07,802.7608642578125,826.0719674775216,801.7305623046883,816.4423720235111,1702000
2024-08-08,831.619873046875,834.9189074078851,812.8164837403525,813.8567023681217,2345000
2024-08-09,846.9756469726562,849.789249962302,829.836619825289,830.6985204294971,1710600
2024-08-12,855.5352783203125,862.1531197744871,844.4692218838644,849.2740728832854,1748200
2024-08-13,856.7736206054688,859.9735489573327,848.1941603988823,856.872666006836,1484100
2024-08-14,854.6832885742188,858.6658450067,850.5124370332433,856.8231651299341,1341500
2024-08-15,869.18701171875,872.1393265778783,860.9147252544819,864.7487134973469,1923800
2024-08-16,862.489990234375,869.1870438815273,860.5382878230243,869.1870438815273,1516300
2024-08-19,864.2335205078125,865.5016402493743,860.6175168522178,862.4899465640813,1318400
2024-08-20,868.0478515625,868.6026389065371,863.0646216336958,863.8869162485796,1104600
2024-08-21,873.2191772460938,882.8289397236075,869.0582423059323,872.5455112793674,1465500
2024-08-22,869.3950805664062,875.7751645002348,865.0558277420205,874.0909693981248,1440900
2024-08-23,871.0298461914062,876.3300455695838,863.5599597015423,874.2792976070164,1305800
2024-08-26,884.2059936523438,884.9390989321943,873.2389829535842,874.9528674844389,1737000
2024-08-27,900.4434814453125,910.3801293689279,878.8165741283481,884.3842799629786,2098900
2024-08-28,879.7874145507812,903.732515689863,873.4568537222606,902.4842897439333,1668400
2024-08-29,878.3807983398438,892.0821409354355,876.9343604132308,882.7101350176429,1709900
2024-08-30,884.0772094726562,887.9904703595737,874.8835225234702,882.2146963487656,1933500
2024-09-03,870.3956298828125,888.545184478906,866.3040513274019,888.3371165894316,1784200
2024-09-04,881.7392578125,883.4630591475159,868.4342180218136,869.2862020547299,1425200
2024-09-05,877.7366943359375,880.362062538815,860.6175014031058,880.362062538815,1998800
2024-09-06,868.5232543945312,884.8895696359111,862.8961090679343,882.9676172153926,2074600
2024-09-09,888.14892578125,890.4671807094958,873.4965557153226,876.5082493748114,1954000
2024-09-10,885.9694213867188,892.3098993818937,879.2624512104155,884.2951428842831,1360800
2024-09-11,892.022705078125,893.6077944956377,869.7022951114924,886.6729224762702,1796100
2024-09-12,906.5164794921875,907.1802288005042,888.1687724573746,892.0423667399723,1867300
2024-09-13,907.4774780273438,915.2346441426301,900.8992424954347,905.1295334947209,1327500
2024-09-16,899.4230346679688,914.0457150589136,896.9264617815315,913.4215718373043,1661000
2024-09-17,888.9217529296875,900.1462942355595,887.1186790881759,899.977892858967,1387000
2024-09-18,884.2160034179688,896.5600367413742,882.6606034592241,891.5669507252278,1338200
2024-09-19,892.359375,896.708544316776,887.168138393156,895.8466437600744,1747500
2024-09-20,898.5413818359375,899.3636763947108,887.3663631065142,893.1817434209087,4658200
2024-09-23,908.5474853515625,910.9449526899015,892.3991529873299,898.5414196832987,1697600
2024-09-24,893.1519165039062,904.2774720378707,889.1792769305207,903.5245335157045,2432600
2024-09-25,899.9679565429688,901.8899090161933,892.7458051681233,894.5984016719664,1728100
2024-09-26,893.0529174804688,900.7803334326752,889.7737164592698,896.8769891550213,2738600
2024-09-27,877.3800659179688,885.17683752742,865.8681848198739,884.9489968283118,3459100
2024-09-30,878.2717895507812,901.5333110173922,873.2092873107033,883.0766407028074,2142900
2024-10-01,869.216796875,878.7373702170111,864.6298698976849,877.0135689795767,1836700
2024-10-02,870.3560791015625,873.0309095995018,859.0918113339158,866.5121742558712,1317100
2024-10-03,867.5226440429688,872.9813880148607,864.5505564038793,866.304107460471,1451900
2024-10-04,874.8933715820312,876.0623853942184,867.5225922583787,869.8210138181493,1516400
2024-10-07,865.4620361328125,879.4506570518197,864.2137496554241,873.3974592998375,1963200
2024-10-08,882.1354370117188,883.0171708855254,868.5431181236887,868.5431181236887,1697900
2024-10-09,900.6416625976562,901.5333131382223,879.6092069604563,883.9385434180342,1956500
2024-10-10,885.315673828125,901.5333625567353,883.5423497513185,901.5333625567353,1765800
2024-10-11,880.7584838867188,886.1775619207864,877.2612980221983,886.1775619207864,1527300
2024-10-14,881.4816284179688,886.841266842711,878.0141926312383,884.1466029127471,1431500
2024-10-15,886.2864379882812,892.270279878789,881.2735191902946,883.789925456618,1613900
2024-10-16,879.1237182617188,883.036979096442,871.3170298594783,881.6400640385164,1475500
2024-10-17,877.0531616210938,886.9997872704502,874.5863384765119,883.2648443350022,1321500
2024-10-18,881.2833862304688,882.3236047657309,875.5274458369249,877.5187541438047,1654000
2024-10-21,878.51953125,883.1064586717048,875.4780872047531,880.728764030714,1184900
2024-10-22,885.1768798828125,886.5638783451842,876.0822986755137,882.6902234713305,1189700
2024-10-23,890.8041381835938,897.2535790557918,886.6630360072157,887.6834819490797,2193500
2024-10-24,885.1074829101562,895.0937141616909,879.9955188515917,893.1123224313939,1649600
2024-10-25,882.9280395507812,893.2313018979479,881.7194194832016,887.3168759398679,1425800
2024-10-28,882.6705322265625,887.6537016765496,881.7194422958634,887.6537016765496,912500
2024-10-29,878.7374267578125,882.8785287411753,865.9574847633659,881.7194313633687,1361700
2024-10-30,870.9108276367188,878.321213128234,869.2067993586295,878.1329785010139,1412200
2024-10-31,866.0465087890625,869.4842549025683,860.5679920683623,869.0384296674026,1771900
2024-11-01,870.30224609375,872.3854475553421,860.4119132347095,867.2865507151091,1625200
2024-11-04,878.9922485351562,879.9148126062219,869.7268280388013,874.3000502512879,1576700
2024-11-05,883.0595092773438,888.4263293449787,879.7164329081296,880.9068596929146,1622300
2024-11-06,892.0670776367188,892.7119098629576,879.2007069253809,891.1048547503914,2437400
2024-11-07,906.6298217773438,912.135478101056,887.2260630183245,891.4421154221552,2145500
2024-11-08,936.26123046875,954.3158670908043,906.4512718858861,906.6992749698494,3277100
2024-11-11,925.4284057617188,943.6814556398986,923.9999056795341,936.2611627321724,2181800
2024-11-12,924.9324340820312,932.0550751377413,919.5954030586574,928.4739252624382,1691400
2024-11-13,926.2716064453125,930.1008198607203,915.825748626006,922.5714200176857,1757600
2024-11-14,916.51025390625,923.7122728567273,914.8039612738105,919.5953976127656,1859900
2024-11-15,899.8245849609375,913.1968911033883,898.3266367323894,910.4093390219765,2269900
2024-11-18,912.1652221679688,918.5438538689302,899.864245664815,903.3660780795205,1797300
2024-11-19,922.7202758789062,926.5394990596196,909.040387351089,920.5874251898576,1690500
2024-11-20,920.6668090820312,921.3810288881608,909.1792894857659,917.6907721279044,1452100
2024-11-21,948.0165405273438,950.8338214391914,922.5714018382397,927.5314631384454,2320500
2024-11-22,956.309814453125,968.501624172839,950.8636764574613,955.0499394207311,2078700
2024-11-25,953.2147827148438,967.212062753101,942.1042320383077,967.212062753101,3240900
2024-11-26,963.7399291992188,966.5869995965841,953.2146934488126,956.2998371055552,1438000
2024-11-27,953.869384765625,964.5235868428007,950.9330672010396,963.7002602541495,1499500
2024-11-29,964.116943359375,965.4958550226909,954.7820734735382,960.3572384444021,1095900
2024-12-02,967.2119750976562,968.6999935208835,957.0537790160455,963.6010358591951,1955800
2024-12-03,974.3048706054688,975.1480568119433,963.0058363720167,966.9044373090189,1653900
2024-12-04,983.0047607421875,983.2329647318215,969.7415618179947,974.156028435194,1784700
2024-12-05,974.4140625,982.2211948659237,970.3864947730461,978.7788805199398,2089400
2024-12-06,984.6813354492188,989.7406346150636,974.414032145577,974.414032145577,1737300
2024-12-09,979.9691772460938,989.0461132793307,972.6679818373667,989.0461132793307,1855500
2024-12-10,985.4650268554688,987.0422924798961,978.005075106738,981.8242981799673,1556800
2024-12-11,986.7446899414062,999.7499563049092,985.6535006604996,987.0522113240344,1903600
2024-12-12,980.4951171875,994.4626077096964,979.3245498610665,993.678939737523,2344300
2024-12-13,981.4473266601562,998.6389164549897,958.0160014107062,973.1640483271857,2951900
2024-12-16,984.9392700195312,1000.1964243868422,978.4911899218229,981.1497756810089,2581300
2024-12-17,974.2354736328125,988.9569025164676,972.9260101081195,986.0602435029734,2050200
2024-12-18,957.033935546875,977.7272975703628,956.2998561333139,974.1560775133966,2725300
2024-12-19,947.17333984375,966.8548906811372,945.8936657632041,966.7259242372497,2610800
2024-12-20,946.4491577148438,954.2562894690136,935.5171630778838,941.8065475372872,5373800
2024-12-23,942.3223876953125,946.6376775767121,929.5155354013361,946.2607080547242,1856800
2024-12-24,951.1611938476562,951.7167182863569,937.8979948945067,943.1457179055835,939000
2024-12-26,948.5026245117188,951.7464634558819,946.3797037266464,949.1771855882828,969000
2024-12-27,932.1939697265625,942.8581019436351,924.5554629127156,941.1418794935255,1943400
2024-12-30,914.8436889648438,926.7081173740401,908.1872646057058,923.5634553226784,1881200
2024-12-31,908.9511108398438,917.3534257855242,905.2508638644065,916.2721663073877,1742900
2025-01-02,902.5426635742188,918.3752008958111,894.7950503165536,907.6912095783221,1765100
2025-01-03,909.2586669921875,916.8277258190612,903.7232213068081,907.0266392776538,1612200
2025-01-06,915.3396606445312,920.0020698611479,905.9750624225164,910.6474014494225,1970400
2025-01-07,914.0103759765625,923.8709807464434,909.109832749929,916.4606778636924,1888000
2025-01-08,919.96240234375,923.0674055533653,908.1078437577474,915.6074540021332,1774800
2025-01-10,929.4559936523438,936.7373904724259,916.1233461068053,925.9045727151838,2765800
2025-01-13,917.3137817382812,927.5215664616074,913.6433241354865,926.539483976704,1693800
2025-01-14,909.9034423828125,920.3493611923154,902.6518347336871,916.9169767623699,1683800
2025-01-15,916.1233520507812,925.4185023869559,910.9648760206671,919.8533279579042,1839400
2025-01-16,912.4033203125,919.9922386879958,910.4887438237133,917.3435222312594,1353000
2025-01-17,935.6561279296875,936.2612409298883,917.1848628735255,922.5714826516795,2375000
2025-01-21,940.1597900390625,948.9093457194465,935.9635974195124,937.6996189303594,2042400
2025-01-22,937.154052734375,944.3362122582757,931.7376436589275,943.6318617124864,2155000
2025-01-23,934.63427734375,935.8544936391518,929.0095845836678,934.1680606278966,1352400
2025-01-24,932.1741333007812,938.4833171496535,926.1030227220359,934.634304488929,1562400
2025-01-27,957.5398559570312,959.2659476414551,919.7739410857383,922.5714229889035,3044700
2025-01-28,951.012451171875,957.996256782279,946.4492186358635,954.1472440668073,2166400
2025-01-29,956.3197021484375,960.5258245482829,947.3717319644859,950.1493542523438,1713700
2025-01-30,971.1900634765625,978.8682297180193,962.3511991399041,962.5496137282179,1788200
2025-01-31,972.052978515625,983.0841500069077,967.9857524672391,968.4420393565211,1873800
2025-02-03,997.7957153320312,1001.5454902160087,961.2003682760297,964.6228227062314,2751000
2025-02-04,1013.6976318359375,1016.1677326717307,991.6650783273797,997.3691488131726,2001600
2025-02-05,1034.5499267578125,1034.7582106174086,1011.8526775393927,1011.8526775393927,2047600
2025-02-06,1042.5950927734375,1054.5091712729,1035.8592898903637,1041.6130101943038,2218000
2025-02-07,1036.616455078125,1049.4274554400563,1028.3736075194631,1039.7844124332291,1632900
2025-02-10,1054.6016845703125,1055.6741979681235,1038.7913556675985,1044.750005891313,2036900
2025-02-11,1051.0462646484375,1058.653508607518,1041.810429665369,1052.6055126572612,1748500
2025-02-12,1057.779541015625,1059.6465895276847,1043.756856226426,1046.8851717159203,1662300
2025-02-13,1069.4385986328125,1070.7991521664092,1057.3127849783118,1059.656506039082,1623300
2025-02-14,1064.463134765625,1070.0642802706366,1060.6496327386756,1069.0612311632524,1410700
2025-02-18,1048.752197265625,1063.6189995651368,1038.0365198119134,1061.841296897687,2090600
2025-02-19,1055.2174072265625,1055.8530111314349,1045.7431145747266,1048.7820843796737,1349600
2025-02-20,1027.6982421875,1046.3786679319778,1026.725015427664,1046.3786679319778,2000500
2025-02-21,1027.89697265625,1029.0687726301733,1017.6183253989541,1027.4798235035219,1816300
2025-02-24,1028.4630126953125,1031.03512945191,1018.1545428756515,1021.4517305810733,1759700
2025-02-25,1048.3848876953125,1049.7355006236241,1030.3102413846902,1033.5577253738848,2083800
2025-02-26,1024.85791015625,1051.5924283712613,1023.0803287924081,1042.902731026912,1555700
2025-02-27,1014.6688232421875,1035.3453477718883,1011.8086661501263,1026.874103874162,1629100
2025-02-28,1041.3834228515625,1042.1481357441703,1016.9330979987722,1023.5074709979822,3307100
2025-03-03,1039.635498046875,1058.6535480384034,1033.9648879102474,1044.491812641179,2422500
2025-03-04,1029.724365234375,1040.708203004333,1021.640447813355,1038.5232916524285,2536800
2025-03-05,1040.529296875,1043.7370175202575,1021.4119607119422,1025.960353413734,1898600
2025-03-06,1019.544921875,1038.6821397851922,1012.027084152501,1025.8312542881067,2594600
2025-03-07,957.6643676757812,995.5117146038834,936.2827751447076,988.2918576866914,5510700
2025-03-10,927.9703979492188,953.0463851728626,917.6619884717545,948.8852585317641,4459900
2025-03-11,924.0774536132812,931.5357076231729,914.8514981170068,924.5839486110597,3204900
2025-03-12,920.69091796875,937.8716805225101,916.8872959671094,931.5356443186013,2331600
2025-03-13,884.482177734375,917.135586014121,881.3538621015109,915.6459234488572,3447200
2025-03-14,897.6905517578125,900.6996993845714,875.4846618925192,885.6640232624206,3186400
2025-03-17,910.2930297851562,917.0263334904582,891.8112979464684,895.4162861047012,2256100
2025-03-18,891.8609619140625,911.2365159623239,890.6593395764806,906.7079442077293,2182000
2025-03-19,897.819580078125,903.88745747063,889.8250700869669,896.6377787323348,1908500
2025-03-20,889.229248046875,901.2259533697036,887.9381586897865,895.2871847851916,1891800
2025-03-21,902.9937133789062,903.5002083387362,877.8680840976815,882.6250513011875,3447600
2025-03-24,919.6580200195312,922.250078838938,913.6596675019423,913.6596675019423,2208100
2025-03-25,923.8490600585938,925.8650386568892,916.1325881418973,920.2440715996796,1623000
2025-03-26,923.3424682617188,932.9458088245714,917.0858979161651,927.890921377521,1644700
2025-03-27,932.2804565429688,936.4018804102461,921.6045418608522,923.1537884506064,1547000
2025-03-28,923.2530517578125,932.2804330340927,919.6183019862261,931.039047637243,2100500
2025-03-31,939.2620849609375,988.1428509660125,915.6856407965618,916.0034427560427,3102000
2025-04-01,947.82275390625,951.1198207063603,932.280582008315,935.9252731438048,2041500
2025-04-02,958.4290771484375,964.1990345609939,943.4529854183606,944.2872231495434,1719900
2025-04-03,960.4152221679688,974.5868368401395,921.60453160214,924.6633222351271,3096900
2025-04-04,910.1639404296875,957.8729053643689,907.840100785752,948.4184942760892,5167000
2025-04-07,901.8714599609375,931.3568482909159,865.702472060165,881.6319076293911,4626600
2025-04-08,902.4872436523438,936.4912650105878,893.3705159640747,925.6266568687505,3545400
2025-04-09,958.5382690429688,960.7926444371133,891.483572575409,901.7423989986388,5084500
2025-04-10,957.6643676757812,986.5637981384363,936.392002522236,959.8392775165665,4209100
2025-04-11,956.7705078125,963.5236932182929,936.66006332544,957.3167659074719,2721800
2025-04-14,972.5709838867188,980.3271585312747,958.3496634721246,963.3152057699076,2219900
2025-04-15,970.1873779296875,987.1496852683364,967.535795646556,978.5592739223553,1788200
2025-04-16,961.0806884765625,971.9055946695654,952.6293259919444,965.4305082733118,2531700
2025-04-17,987.6463012695312,993.0289318116729,965.2914215444829,966.5725701704973,2711100
2025-04-21,951.1694946289062,990.119178741288,936.471441153375,986.1566857446267,2841300
2025-04-22,972.4815673828125,980.6449503553739,960.1174156810143,963.0669186803746,2230600
2025-04-23,969.1149291992188,988.887690802877,962.3220410625036,987.6661868656691,2109700
2025-04-24,968.7573852539062,971.2600378769866,954.0892150613116,966.8903365691523,2468500
2025-04-25,970.42578125,971.5778209426179,956.2442247623666,967.2577630170907,1780900
2025-04-28,971.7962646484375,978.509687080564,962.103577653114,971.7565621339639,1616200
2025-04-29,984.8656005859375,986.3652039502687,964.3678289083949,971.2600035462798,1523100
2025-04-30,987.6463012695312,990.8838443435604,969.8199934122991,983.1773134809813,2212400
2025-05-01,992.155029296875,999.4444718817523,978.2118086876739,983.2766374614636,1829900
2025-05-02,1002.6558837890625,1012.3015987845512,998.9865366663175,1002.1885438144502,1547400
2025-05-05,1009.208984375,1012.0828216441437,996.888325072748,1001.8702904032737,1952600
2025-05-06,1004.8436279296875,1010.5415342752442,997.8927648457662,1002.805115142851,1381200
2025-05-07,1001.5123291015625,1008.4233767275962,995.8640704672318,1005.5197389234978,1316000
2025-05-08,1002.0692138671875,1011.3071898480956,985.8505139680619,1007.8267816234463,1882600
2025-05-09,1002.4471435546875,1005.0524729909328,992.4633046005664,998.9865819261548,1176700
2025-05-12,1010.4619750976562,1011.2176699032586,986.6857808533164,1004.137530006645,2069000
2025-05-13,993.4378051757812,1018.0989712257877,982.0717329470748,1008.0455173774424,2917000
2025-05-14,985.9896850585938,994.2631199004367,984.9754359323638,993.1693015919623,2215000
2025-05-15,1004.813720703125,1008.3239901567692,977.4975170849154,987.0935241088777,2470700
2025-05-16,1020.0877075195312,1022.5041586131152,1003.3519598567233,1006.822414308201,2033700
2025-05-19,1028.550048828125,1029.1964346054483,1007.2201678854547,1012.8981662178643,1879800
2025-05-20,1031.01611328125,1032.189561375944,1024.244296910224,1024.244296910224,2271200
2025-05-21,1019.560791015625,1033.6513948071854,1018.0691267780941,1025.1691135206015,1438900
2025-05-22,1012.4308471679688,1023.0212562396765,1008.4432841213116,1021.9671315061249,1660900
2025-05-23,1002.854736328125,1009.4277210746535,1001.36313285317,1006.3351444363535,1413900
2025-05-27,1012.0927124023438,1013.2462530784613,1005.2711270739444,1009.3183517874847,1868200
2025-05-28,1007.4688110351562,1018.8845305865864,1007.2898258954494,1011.3568975169317,1674700
2025-05-29,1003.0934448242188,1011.8441736097496,997.982202036124,1010.3227695324089,2016700
2025-05-30,1034.357421875,1046.5984508780098,996.3910892361423,996.6893977828425,5403800
2025-06-02,1050.93408203125,1054.563674826441,1028.480521036954,1028.480521036954,2148000
2025-06-03,1049.6810302734375,1061.1067023407898,1037.4200943098667,1048.2491493084917,1992900
2025-06-04,1045.802978515625,1051.9086236821838,1043.4960184092522,1049.0945086521367,1422100
2025-06-05,1005.15185546875,1045.166657751493,1000.3787362396338,1044.1224867099797,3289400
2025-06-06,1009.2586669921875,1014.916818474425,1002.9640834751659,1014.916818474425,1855400
2025-06-09,1000.5477905273438,1007.6776386768759,991.389322656259,1006.7528517364349,1696700
2025-06-10,1001.631591796875,1005.847847701758,992.135001583752,1001.2934683206543,2255000
2025-06-11,991.2003784179688,999.8118758453438,987.8193862363474,996.8286688710313,2459800
2025-06-12,997.0972290039062,997.6341844376699,989.7883351189605,993.4079743366382,1720100
2025-06-13,984.6671752929688,997.9722836245514,983.1357568263169,993.4875193039331,1786000
2025-06-16,978.849853515625,996.2419403879833,975.946215734317,986.7752715696158,2109300
2025-06-17,972.2470703125,980.5801671507079,970.7356199595313,977.4975440359314,1668200
2025-06-18,969.44287109375,977.1494892728728,968.617500152644,974.5142987793846,1509600
2025-06-20,974.8026733398438,983.1258162862754,968.448488349318,978.4819742320778,3255700
2025-06-23,998.8572387695312,999.2450702469054,975.7672456668221,977.6466806477873,2082900
2025-06-24,996.3115234375,1000.2096241059307,986.516685177719,1000.2096241059307,2385100
2025-06-25,981.0177001953125,999.3544824743606,980.4807447608251,997.385585187736,1827700
2025-06-26,977.4080200195312,982.2010467910192,971.0339274467077,982.2010467910192,2262800
2025-06-27,979.6255493164062,987.5807681462169,974.8126152192294,976.7417582131986,2129200
2025-06-30,984.3986206054688,986.1885326164343,974.265658686011,979.6453484529213,2127600
2025-07-01,980.44091796875,991.260019896906,969.045045709819,984.4582814291645,2200600
2025-07-02,976.861083984375,980.1824145589327,971.4018247602771,978.3626412530656,1606100
2025-07-03,981.4949951171875,982.141320207644,971.8592342301587,976.9107543051608,1101400
2025-07-07,986.6260375976562,987.332085059468,970.7355087347922,979.4862365777005,1832600
2025-07-08,980.3215942382812,990.2954177883865,978.4222518489755,983.961079966367,1716200
2025-07-09,976.5926513671875,982.8573741665991,966.8375665341525,982.8573741665991,2922600
2025-07-10,964.7392578125,982.4694677314282,963.6454395650976,981.4750654361535,2897000
2025-07-11,964.8984375,973.4999813064779,960.2943498201797,967.8418295762551,1942000
2025-07-14,975.419189453125,975.9959598144566,964.1924086904905,965.664104757161,1679300
2025-07-15,962.2633056640625,974.762951095997,961.2489957957057,973.7685486975313,1878000
2025-07-16,946.0445556640625,964.1625979804004,944.8115064651937,962.5715178096805,2950300
2025-07-17,948.5703125,949.4056371734318,942.2061739195998,945.0401963203284,2280600
2025-07-18,945.6268920898438,954.8847752000869,944.3341812210919,954.5765129106653,2115500
2025-07-21,942.255859375,950.4099705330577,941.3012112986831,946.1837606754639,1742400
2025-07-22,936.3391723632812,952.3391327115432,935.9812020874891,943.4889276122793,1799900
2025-07-23,935.9215087890625,943.1905872180052,930.7605583933083,937.1048499609136,2401600
2025-07-24,928.5729370117188,937.6220351511766,928.2646746994326,936.0608161200805,2057100
2025-07-25,930.243408203125,936.0208829149301,929.1197287921055,931.0588253408072,1827700
2025-07-28,928.7617797851562,934.9767940619158,925.679156981283,930.2633369453812,2006300
2025-07-29,929.338623046875,936.5181789700229,922.1888676339752,928.761852682542,2065900
2025-07-30,922.318115234375,932.5007853873082,919.9613865666689,929.7661789785477,1699600
2025-07-31,934.3802490234375,940.6549254933855,919.8221838924715,920.180154175978,2564400
2025-08-01,948.5004272460938,952.682654810084,935.5353516204702,935.5353516204702,2934500
2025-08-04,951.3383178710938,956.1280171601062,944.6566123026015,948.5799878682698,2389900
2025-08-05,939.6478881835938,947.4846719374113,931.7314250118886,947.3154063547898,2462300
2025-08-06,964.47265625,966.4542486883591,938.6819304234779,939.6478686096771,2753000
2025-08-07,973.3251342773438,977.85592094085,966.8625320598978,970.5668043386935,1893300
2025-08-08,976.8402099609375,984.0297729077545,972.8770251517262,973.0264164574102,2189700
2025-08-11,984.5674438476562,985.4039257357371,972.1998740646383,979.0109747890199,2290100
2025-08-12,987.06689453125,987.5647845158811,975.9141467199951,984.3284996157787,1588500
2025-08-13,974.71923828125,982.2374259773075,966.006163195504,979.807720322293,2352600
2025-08-14,971.2738647460938,984.1193902261032,971.0647290670321,976.4618396268553,1808700
2025-08-15,967.93798828125,975.8644191164545,963.1383212939176,975.0080628863002,1638300
2025-08-18,975.2171020507812,977.1390109022689,965.9065835206633,969.1926453090821,2078500
2025-08-19,976.7107543945312,984.3583980102833,972.6678901675886,974.4901845213284,1673400
2025-08-20,990.3728637695312,995.0828834442777,974.8685627861493,974.8685627861493,2229600
2025-08-21,965.587890625,985.1450233486507,963.4370326840423,984.7268127891059,2145600
2025-08-22,954.494873046875,969.3917626924747,949.0877953156137,967.4400121480585,3136000
2025-08-25,937.6065063476562,954.2559180096035,936.5907913454862,950.9300469978306,2284300
2025-08-26,937.3675537109375,940.0660785607967,929.3116669254806,937.3675537109375,4341300
2025-08-27,945.5130615234375,947.9825765176382,933.2649186879557,936.5211387935202,1893600
2025-08-28,940.9722290039062,946.986717929755,940.1457146403555,946.2796922961653,2067900
2025-08-29,939.3391723632812,944.6068265457893,936.4912562242731,941.0120754262842,1609000
2025-09-02,934.8582153320312,940.5242061354962,932.6276777885915,934.6988564917342,1793900
2025-09-03,945.77197265625,946.0806620300694,932.547984872114,935.0374349118152,1670500
2025-09-04,951.8660888671875,955.4508724151366,947.0962639571633,949.3766389651157,1471900
2025-09-05,959.4140625,965.4584541888653,952.1846902201119,954.6642333894177,1928500
2025-09-08,967.748779296875,968.2367625553978,954.5447874053142,959.6630504704509,1737000
2025-09-09,975.1175537109375,975.7349324415829,959.0456501103829,965.906588817574,1496800
2025-09-10,952.25439453125,976.8601391830598,949.9342709880568,972.2696081614907,2277500
2025-09-11,960.2505493164062,961.0869704569363,950.2529402834537,953.7580444540328,1532000
2025-09-12,963.8154907226562,965.4784263125433,955.9488043756133,956.2375586970035,1461600
2025-09-15,956.04833984375,965.6476734913563,955.6600318403401,963.7357929367682,2199400
2025-09-16,948.05224609375,955.5305634146549,946.7875860793374,955.0525476989035,2012600
2025-09-17,958.9660034179688,959.9119457572749,949.4662237081953,949.4662237081953,1556800
2025-09-18,948.3410034179688,958.4780362809929,946.6581328273166,953.3298708224646,1860900
2025-09-19,947.1460571289062,953.3995845639652,939.8071635532798,950.9698789865505,4606000
2025-09-22,939.2794189453125,945.9909661809617,935.6447977642146,943.3820275364378,2794300
2025-09-23,939.617919921875,941.0020686145609,929.5605669154515,938.7814988140879,3258500
2025-09-24,941.2809448242188,949.6354925206081,939.1300260692612,940.2951323855239,2149800
2025-09-25,939.3292236328125,948.978334204993,931.6716730484703,948.4306673638549,2991500
2025-09-26,912.084716796875,923.715420077516,901.2306903235044,921.6441806288134,4812900
2025-09-29,913.0007934570312,913.3492921420718,899.4780841915779,912.4730616673194,4107000
2025-09-30,921.7238159179688,926.5832270201983,909.5155437954654,912.3833949632594,3096700
2025-10-01,913.4688720703125,920.1007402743062,907.3248655750668,919.1049602523643,2642100
2025-10-02,912.9011840820312,914.633831432415,906.1697020440382,908.7089287050345,2063800
2025-10-03,911.5170288085938,914.225521020062,907.3546760327566,911.7261644719018,2319200
2025-10-06,907.0958251953125,911.9154270820035,900.4340546408501,911.6365795119693,2504000
2025-10-07,910.9395141601562,913.7675560473934,900.065613788979,904.8951223841873,2601800
2025-10-08,910.9395141601562,912.512863547337,907.1157530698373,908.6890416794313,2376900
2025-10-09,938.9109497070312,939.7872409047659,923.3668396372973,928.3755810644376,3742900
2025-10-10,926.0853271484375,941.4601721092201,925.0795796678726,940.4344895806962,3142500
2025-10-13,931.6119384765625,932.0301490606819,919.1049440525201,925.0796240788637,2169600
2025-10-14,942.5157470703125,943.4218801373512,932.0003125949146,936.292122007279,1925900
2025-10-15,950.9598999023438,959.9318871194403,941.2709802830466,942.0078477333926,2009800
2025-10-16,921.7138671875,953.8576743579378,917.2726665632224,951.5075873964206,2721400
2025-10-17,932.378662109375,934.8581444724499,924.2331893723009,925.6571474143757,2502200
2025-10-20,932.1595458984375,935.833976311498,927.5690149574637,932.2392253114339,1523700
2025-10-21,933.543701171875,939.3889246039391,931.0542513020833,932.1595524576505,1448200
2025-10-22,940.6934204101562,948.9783171035734,928.5648275960989,936.0331774159066,2372400
2025-10-23,938.0745239257812,941.4800744611571,930.546429660558,941.4800744611571,1974800
2025-10-24,928.2063598632812,939.020515797939,926.2247674387684,936.0331758749339,1639400
2025-10-27,925.9259643554688,929.2618636622981,921.2159446298135,926.2844913292693,1967600
2025-10-28,920.260009765625,926.7923240756604,916.316759898813,922.9585954212404,2090800
2025-10-29,908.5695190429688,915.9980593015107,905.462690481413,915.121768089012,2449600
2025-10-30,916.2967529296875,919.1048595772855,906.5281544155545,908.8383711067185,2677100
2025-10-31,908.8876953125,917.4136469236963,907.1226517545758,913.6343234847549,2456300
2025-11-03,925.4310302734375,926.5778216871088,905.8263261302335,909.8350444016509,3206600
2025-11-04,938.0953979492188,938.5241818368919,926.3584660969998,930.5865978064055,2554500
2025-11-05,932.4014282226562,942.6226129331292,924.8327388131737,937.3574271067811,2974800
2025-11-06,920.983642578125,922.3996336225341,905.7465686049585,921.761418187689,3247700
2025-11-07,920.1459350585938,934.3658563350119,918.2014048284054,926.9168856062789,2584000
2025-11-10,912.9861450195312,919.408043113129,906.5143996603014,916.4164768123271,2612700
2025-11-11,911.2909545898438,916.3068435367711,910.4333868174052,913.9235476650076,1663400
2025-11-12,911.4304809570312,915.5189303226801,909.1070142208886,912.8963191462457,1829700
2025-11-13,922.4793701171875,924.1446582594108,909.1568823886911,913.7738710913252,2430600
2025-11-14,920.38525390625,926.2786735081614,912.5274016794157,924.5236115682593,1739100
2025-11-17,910.0245361328125,922.2999275883335,906.2551333273598,919.4280190309142,2481900
2025-11-18,892.563720703125,916.3266847222724,891.6562448597587,910.0245054011991,2984700
2025-11-19,888.0963134765625,892.4839685051458,871.5130590027385,892.4839685051458,3462300
2025-11-20,890.7787475585938,902.0270662643333,888.4952071525561,890.9881791142635,2648300
2025-11-21,896.482666015625,902.7749245805268,889.6220025607739,892.0052982755861,2870100
2025-11-24,883.62890625,898.8260533364739,878.842412336212,896.4727024512009,3661200
2025-11-25,891.8157958984375,893.2018419487803,882.6416475953456,884.1673146723202,2534700
2025-11-26,905.7066650390625,909.436141230939,893.102184614745,893.5010844607134,1936200
2025-11-28,911.021728515625,911.629999066982,900.4614725065887,902.4758133278527,1092600
2025-12-01,909.3963012695312,915.9976861207776,903.6624657873695,910.6328056179475,2149400
2025-12-02,919.43798828125,920.405232170967,902.4558343604823,909.3962900914224,2160600
2025-12-03,919.6672973632812,923.715881214339,913.4448493620074,918.2213615171383,1886800
2025-12-04,893.3414916992188,905.4075119941882,885.5833949363982,904.4801337678623,3787800
2025-12-05,892.1648559570312,903.3433641615109,890.4895860998004,894.7276384412609,2359800
2025-12-08,885.0249633789062,891.4867268894133,880.417956303664,890.988132523144,2407900
2025-12-09,885.9423828125,886.520769334084,879.0318720214691,884.356825906914,1899500
2025-12-10,871.9517822265625,887.0791792838055,868.6411691588339,885.3241173574713,3318300
2025-12-11,881.9934692382812,883.5092155856057,870.0970149821621,873.397707246929,3041600
2025-12-12,881.9834594726562,886.1218169193212,864.6822598888124,880.816765736516,4808900
2025-12-15,858.1407470703125,884.9950327667835,849.0065249130051,879.6301524301697,4771400
2025-12-16,857.9712524414062,861.1622686484181,841.6871429370814,855.0295334245739,3843300
2025-12-17,860.2249145507812,866.1382366378879,855.8172963770616,856.0865568206051,2363700
2025-12-18,855.1790771484375,860.7234438413901,850.1133415513011,857.8814195510622,2467500
2025-12-19,853.214599609375,856.0366607018907,846.9323229059354,854.1619410570643,10097600
2025-12-22,847.6104736328125,853.095011991613,844.9280333464197,851.5992288028492,2373300
2025-12-23,852.386962890625,852.5764311905995,844.4194343930145,846.712956380788,1903300
2025-12-24,869.4089965820312,873.5373727454145,855.9369664034595,856.1862635988776,1822200
2025-12-26,870.894775390625,875.1229068399282,866.5570286490303,868.1924328155329,1324100
2025-12-29,865.4003295898438,872.0415800230837,863.2563493872968,870.8349596995871,1792500
2025-12-30,863.2164916992188,865.3803743098849,859.0083233988202,861.5711058668909,1680800
2025-12-31,859.915771484375,865.5598330164696,858.9185827366601,862.1494645410849,1490000
2026-01-02,852.0977783203125,860.6735771387868,850.1034008403352,858.7191261610942,2373400
2026-01-05,873.278076171875,876.299587333437,858.4299209073444,861.5212425858332,2805600
2026-01-06,886.6004638671875,891.5665050646708,868.8505168787445,873.4874687578451,2742300
2026-01-07,880.098876953125,891.0878557524205,877.1471762988531,889.4923780743975,2680100
2026-01-08,912.73681640625,929.050809464413,893.4811044141879,898.5966874815377,5207200
2026-01-09,922.2799682617188,927.2359673082335,908.7680723988286,913.3949821045207,2895400
2026-01-12,940.4287719726562,942.1738522639666,914.4220726466423,917.8125387009021,3246400
2026-01-13,939.281982421875,940.2492871485847,926.9866282177431,935.3830012290383,2222100
2026-01-14,948.3065185546875,952.923507241607,935.6521911421075,935.6921176439745,2894900
2026-01-15,954.060302734375,955.5860306822914,947.3292789105369,951.8564937641298,2185900
2026-01-16,960.9010620117188,962.2672057660054,948.3265261512919,959.2956026893195,3862900
2026-01-20,961.5492553710938,967.1734146544444,951.4477282380319,955.6857805205491,3209900
2026-01-21,980.096923828125,986.8578927925446,956.9023036795116,956.9023036795116,4073700
2026-01-22,973.4257202148438,981.2337251303946,968.8286947074147,975.1409165053886,2074400
2026-01-23,980.48583984375,982.0813175006098,968.2802592644157,968.7090431239021,1680600
2026-01-26,974.9215087890625,990.2084293780584,973.6052123345991,983.6568919827744,2458700
2026-01-27,967.5523071289062,975.2505748858846,959.0063924359404,974.9314671896556,2077900
2026-01-28,958.0790405273438,967.3727861570547,952.9235308460756,966.7844788756445,2474800
2026-01-29,950.211181640625,957.6003233352077,945.8434901428559,955.2968198080476,1825000
2026-01-30,938.8876342773438,949.7418794251049,928.9520390398109,947.4552194382504,2396300
2026-02-02,966.9569091796875,968.9140912372628,929.9206837534902,942.8618667440954,2451300
2026-02-03,976.5030517578125,989.2146484066255,962.8828613925771,962.9527063348241,2960700
2026-02-04,976.9324340820312,993.1588892872101,973.7770394556126,981.8852694270165,2631500
2026-02-05,987.8565673828125,999.4997070043017,985.8994462889711,994.0575914763876,2988800
2026-02-06,999.7093505859375,999.9190682489734,982.0749657151235,986.7182525143253,2358600
2026-02-09,996.1445922851562,1008.1571300077385,991.2416723838332,999.869168286569,1861700
2026-02-10,969.82275390625,996.0047951316005,967.5960044824766,994.5668791266988,1781500
2026-02-11,976.7227783203125,988.1362099714881,965.7187257996974,971.8797689631986,1769400
2026-02-12,997.4127197265625,1007.7477599993804,976.722770549767,977.3318720829325,2970400
2026-02-13,1017.0042724609375,1021.3979215398074,992.3201193088877,998.5510682231246,2661600
2026-02-17,1010.5836181640625,1026.9498242051018,1009.0158856395919,1020.8587478832064,1732200
2026-02-18,994.6367797851562,1014.5279002927431,992.0605009260238,1008.5365937949513,1926800
2026-02-19,986.3887329101562,1006.39967456691,982.6840864709835,990.8722174976581,1750000
2026-02-20,983.8424072265625,985.9393400415574,976.3931944929476,981.705493363883,1662200
2026-02-23,984.5913696289062,989.8736829776,976.6428809764551,980.3774523181329,1489300
2026-02-24,996.9833374023438,997.4326975731409,983.6127239492275,984.9508091994448,1671100
2026-02-25,993.3186645507812,1001.0474400220197,990.0034677101194,996.2344165878087,1554600
2026-02-26,985.310302734375,1004.0631216481693,982.1049927090436,995.4755456195096,1804400
2026-02-27,1009.325439453125,1012.7205375550792,988.1462097324217,989.0948454620902,3935000
2026-03-02,1001.3170776367188,1019.3409122909325,1001.0374540822265,1009.4452370405662,1986900
2026-03-03,1006.309814453125,1014.2782323552399,999.180145305591,1001.087351000773,1947100
2026-03-04,1005.2813110351562,1012.5308016743594,995.5554332044736,1003.5438418961846,1806600
2026-03-05,981.1463623046875,997.8021873503542,977.3918004146707,995.0561718234956,2766000
2026-03-06,996.65380859375,1001.0474577245462,959.0683922611365,965.6088896459527,2708900
2026-03-09,1003.8433837890625,1005.9503119306892,986.5584671138445,998.1816162573101,2348200
2026-03-10,995.9148559570312,1008.6363865232382,994.5568411625761,999.0503208666239,1613400
2026-03-11,990.7922973632812,995.9448549557765,986.4586198991574,994.8763980094773,1260500
2026-03-12,1001.8662719726562,1004.7520992068786,982.5742578883157,987.1775637172665,1669200
2026-03-13,1006.9688720703125,1011.3625212611244,1000.5481958516575,1004.4425694956371,1469700
2026-03-16,1000.2885131835938,1011.1827392050872,993.987658533076,1009.0358300815452,1243400
2026-03-17,994.7166137695312,1006.6393160634452,993.3086835679123,1005.0316634571379,1210400
2026-03-18,978.5001220703125,992.539747312503,976.7227329041068,988.9349926705112,1434400
2026-03-19,973.3676147460938,987.3572636603498,969.0038906181163,984.4115868414918,1340200
2026-03-20,970.9212036132812,979.3389820335317,969.1337581466905,973.6672191255122,2621600
2026-03-23,964.3306884765625,985.2104251155546,963.1324759708775,984.2417989022865,1779100
2026-03-24,972.4089965820312,979.8582093999555,959.6075647316304,960.6660264130286,1259300
2026-03-25,973.447509765625,979.3889009941519,966.6473792191523,976.5829748437683,1067100
2026-03-26,978.2305908203125,985.7596440297709,971.3105781962925,974.2763065989756,1498300
2026-03-27,982.4344482421875,985.6797392432705,976.6927795479637,980.5971483901997,1540900
2026-03-30,995.1360473632812,1004.0830259891525,983.5828041122185,986.2189935773645,2129100
2026-03-31,994.9862060546875,1007.1385551535035,984.4215189802362,995.5553874614261,2447900
2026-04-01,995.1160278320312,1001.6765155169883,989.1547073426264,993.5882764241476,1769800
2026-04-02,1013.4894409179688,1014.5279121155347,997.7622611779888,1006.5395033587195,1828600
2026-04-06,1017.0741577148438,1019.2110715847003,1002.5552474182597,1013.4893935828142,1448600
2026-04-07,1011.741943359375,1019.3808224148089,1003.3940101624592,1018.7817161563623,1428500
2026-04-08,1028.7772216796875,1028.9668878725295,998.551061543806,1002.9846306949294,2265700
2026-04-09,1030.53466796875,1034.3190935555074,1023.5747964142464,1027.9983092993375,1433300
2026-04-10,997.0232543945312,1027.509047717785,994.0575869806171,1025.0226653129753,2333000
2026-04-13,979.4287719726562,998.6009643016196,977.940940661213,997.0232365792153,2255500
2026-04-14,973.3875732421875,976.1934993179242,964.600335993906,972.2692009167729,2136500
2026-04-15,983.3231811523438,983.9522732117586,966.8970036114321,968.9041010441629,2346200
2026-04-16,985.7796020507812,994.3072060600024,980.187679613871,983.5727822938512,1484300
2026-04-17,998.4412231445312,999.2200612705607,975.5843750026705,983.5727833957324,2346500
2026-04-20,996.3942260742188,1009.8346844647018,992.6995749274732,1002.3954668070767,1475400
2026-04-21,1004.3526611328125,1005.0416638171133,985.2703645871046,992.9292343193174,1367100
2026-04-22,1002.2457275390625,1006.6493109692844,996.8435320857524,1003.5238412245176,1215200
2026-04-23,1012.9102172851562,1015.1269713580333,1005.5708914585863,1006.1200823458264,1570700
2026-04-24,1009.6849365234375,1011.9815917898942,1001.0474454088031,1010.533680552328,1695200
2026-04-27,996.56396484375,1012.9401658520077,995.1859594890318,1007.1685723497319,1620400
2026-04-28,992.5597534179688,1011.1827550614909,984.5713449397557,1009.0158553801372,1776000
2026-04-29,997.2229614257812,997.5225145518541,983.6926068688012,986.9378977858162,1516900
2026-04-30,1013.06005859375,1016.2154531966797,994.8764214475948,995.0062379640076,2049300
2026-05-01,1011.7000122070312,1031.27001953125,1006.3200073242188,1015.3800048828125,1509700
2026-05-04,1012.7899780273438,1024.719970703125,1002.2100219726562,1007.02001953125,1479400
2026-05-05,1016.4199829101562,1020.780029296875,1009.0700073242188,1010.510009765625,1456300
2026-05-06,995.75,1012.22998046875,992.4199829101562,1011.3099975585938,2619100
2026-05-07,1012.0599975585938,1012.6599731445312,990.6599731445312,993.5,2014000
2026-05-08,1008.7899780273438,1016.0,1005.1099853515625,1011.739990234375,1805200
2026-05-11,999.469970703125,1007.0,985.1500244140625,1005.8200073242188,2053500
2026-05-12,1021.8800048828125,1026.0,1001.1400146484375,1002.5399780273438,2143200
2026-05-13,1033.0799560546875,1042.52001953125,1017.9400024414062,1017.9400024414062,1654600
2026-05-14,1041.25,1041.7900390625,1026.0999755859375,1034.949951171875,1606600
2026-05-15,1048.949951171875,1057.5,1039.219970703125,1049.3599853515625,1967000
2026-05-18,1076.469970703125,1079.8299560546875,1045.0,1050.0,2295200
2026-05-19,1094.3199462890625,1096.5,1072.0999755859375,1077.0,2853300
2026-05-20,1074.010009765625,1089.739990234375,1072.0,1089.3699951171875,2223400
2026-05-21,1050.449951171875,1064.72998046875,1039.010009765625,1063.4100341796875,2149700
2026-05-22,1028.239990234375,1045.6400146484375,1025.18994140625,1039.989990234375,2048300
2026-05-26,1002.9299926757812,1027.5,996.1599731445312,1026.1300048828125,2704600
2026-05-27,1003.6900024414062,1013.510009765625,999.6900024414062,1003.8599853515625,2390100
2026-05-28,995.2000122070312,1012.0,994.27001953125,1011.6099853515625,2844300
2026-05-29,956.3200073242188,998.8200073242188,945.4500122070312,986.5700073242188,7028000
2026-06-01,946.1099853515625,959.2100219726562,936.510009765625,955.0,2816300
2026-06-02,954.27001953125,955.3900146484375,939.4500122070312,942.2899780273438,2218200
2026-06-03,961.8300170898438,969.1799926757812,951.97998046875,952.8800048828125,2174100
2026-06-04,972.3499755859375,990.010009765625,968.2100219726562,986.9600219726562,2345200
2026-06-05,971.8699951171875,997.4099731445312,971.5999755859375,977.5,3092000
2026-06-08,974.75,978.97998046875,961.0,963.4600219726562,2086100
2026-06-09,968.5900268554688,981.969970703125,964.9400024414062,974.2100219726562,1998600
2026-06-10,983.3699951171875,985.260009765625,964.3099975585938,977.4400024414062,1715600
2026-06-11,975.6900024414062,989.1199951171875,974.0,986.9099731445312,1903400
2026-06-12,982.3499755859375,984.780029296875,970.0,975.52001953125,1737300
2026-06-15,979.4500122070312,987.0,968.0,974.1900024414062,1893700
2026-06-16,986.6799926757812,995.3800048828125,973.1599731445312,980.3900146484375,1523400
2026-06-17,965.5900268554688,983.7100219726562,961.1599731445312,980.0,1928000
2026-06-18,951.4500122070312,964.0,948.3099975585938,962.7000122070312,3742900
2026-06-22,951.3499755859375,956.22998046875,942.530029296875,948.5700073242188,2191900
2026-06-23,957.6799926757812,966.3800048828125,953.489990234375,964.5,2529800
2026-06-24,961.0900268554688,967.9400024414062,957.0,962.030029296875,2020200
2026-06-25,941.9600219726562,955.75,938.6251831054688,949.5700073242188,1688170
