Date,Close,High,Low,Open,Volume
2012-05-18,37.89719772338867,44.6082636142436,37.669200385361265,41.68394335434531,573576400
2012-05-21,33.7337646484375,36.340871326058476,32.712732099058826,36.212001928669224,168192700
2012-05-22,30.73014259338379,33.29759659357449,30.670665427450363,32.32612802343342,101786600
2012-05-23,31.721437454223633,32.21708491444588,31.087009310177564,31.09692248627141,73600000
2012-05-24,32.74247360229492,32.92090701005869,31.49344352943898,32.66317196633905,50237200
2012-05-25,31.632217407226562,32.66316492276983,30.83918231122775,32.61360093829921,37149800
2012-05-29,28.588943481445312,31.414134167882406,28.40059693148421,31.205961267242266,78063400
2012-05-30,27.94460105895996,29.29276070692466,27.617473849213663,28.45016163597602,57267900
2012-05-31,29.342329025268555,29.411719364820254,26.596441735255944,28.301468259758224,111639200
2012-06-01,27.47869110107422,28.89624296376263,27.15156389358803,28.63850608956976,41855500
2012-06-04,26.665830612182617,27.409301736448366,26.209835896857147,26.963220196335822,35230300
2012-06-05,25.644800186157227,27.51834696339535,25.52584396487854,26.467574886871084,42473400
2012-06-06,26.576614379882812,26.933481130663242,25.2978450074944,25.84305641830239,61489200
2012-06-07,26.080968856811523,27.1119164827906,25.922361820621667,26.76496288209591,26159500
2012-06-08,26.864089965820312,27.51834439492468,26.209835536715946,26.31887668107013,38034000
2012-06-11,26.77487564086914,27.82564771193513,26.606355431200964,26.943395850537318,28219600
2012-06-12,27.161481857299805,27.52826182890342,26.725311540168637,27.240785379437735,15816800
2012-06-13,27.03261375427246,27.855388487568575,26.864093537055425,27.41921817993417,17102800
2012-06-14,28.04373550415039,28.073473143062493,27.141655345333003,27.4093054400125,16855000
2012-06-15,29.748760223388672,29.83797691579072,28.103210838020853,28.2618178710145,43563800
2012-06-18,31.136573791503906,31.800743365062814,29.15398391931266,29.699195377867238,42978900
2012-06-19,31.632217407226562,31.899867461155466,30.432751588185255,31.265439384356412,30849000
2012-06-20,31.324920654296875,31.65204791066482,30.87883717254738,31.642134734320937,15553600
2012-06-21,31.562829971313477,32.21708445828364,31.235702727828397,31.394309761594194,21875300
2012-06-22,32.76229476928711,33.15881423075548,31.780914963462138,32.127866656129584,74834000
2012-06-25,31.780916213989258,32.73255842117111,31.27535369164953,32.5739513866408,24352900
2012-06-26,32.811859130859375,33.148899542504914,32.217083713362484,32.40542837988886,24858700
2012-06-27,31.949434280395508,32.61360383199823,31.622307037927957,32.17743165438153,28568000
2012-06-28,31.087007522583008,31.909780292865264,30.63101090221229,31.681782928052353,17713300
2012-06-29,30.829269409179688,31.71152119763386,30.492229017709477,31.64213086246261,19526900
2012-07-02,30.50214195251465,31.453784068642104,30.284055882843496,30.977963010578375,14122000
2012-07-03,30.92840003967285,31.166310576501733,30.531880587546503,30.640923625955736,8763600
2012-07-05,31.196048736572266,31.354655763792447,30.749967181544847,31.04735488489646,10032100
2012-07-06,31.45378303527832,31.6223032241492,30.987875167574014,31.16630853117197,10945600
2012-07-09,31.88995361328125,32.59377583300649,31.711522127925623,31.82056327607436,17785200
2012-07-10,31.196048736572266,32.19725677761522,30.88874785767628,32.14769279063826,14269500
2012-07-11,30.700403213500977,31.285267371785437,30.28405926846365,31.205963853242377,13030300
2012-07-12,30.54179573059082,31.12665988033791,30.333624706483377,30.43275457590144,11300700
2012-07-13,30.45258140563965,30.79953503021471,30.29397435853307,30.76979739059794,8108300
2012-07-16,28.004079818725586,30.234493255615234,27.96442711673444,30.234493255615234,24672100
2012-07-17,27.84547233581543,28.341119758110832,26.913654652491505,28.232076720167488,30438600
2012-07-18,28.856595993041992,29.03502938281096,27.904951877855833,28.06355891526269,16841800
2012-07-19,28.74755096435547,29.24319839477539,28.38077103391697,29.153981706040213,13685100
2012-07-20,28.509639739990234,29.21345816672692,28.46998703895134,28.747550273989038,11869100
2012-07-23,28.49972915649414,28.74755288828974,27.766171137268564,27.875214184297036,12390700
2012-07-24,28.20233726501465,29.193632045637383,27.855383713647743,28.569115275028004,11539800
2012-07-25,29.084592819213867,29.2332866776086,27.835561005357107,28.14286189813889,17230200
2012-07-26,26.616270065307617,27.984256278753293,26.49731383812991,27.50843515153263,64597400
2012-07-27,23.50360107421875,24.32637765293047,22.086050961308285,22.9881291653172,123102300
2012-07-30,22.94847297668457,23.83072658575172,22.829518666059688,23.791073888380307,29285900
2012-07-31,21.521011352539062,23.16656262457904,21.421883375222112,23.16656262457904,56179400
2012-08-01,20.6982364654541,21.39214364455703,20.658585653052622,21.31284012900912,44604400
2012-08-02,19.86555290222168,20.658588153694623,19.647466790007734,20.58919780553389,56374500
2012-08-03,20.90640640258789,21.96709148124092,19.726765122156113,20.18276168977251,80647000
2012-08-06,21.729185104370117,21.957182486203088,21.114581411227928,21.20379810685736,27778900
2012-08-07,20.539628982543945,22.254570541004142,20.32154479227067,22.006746824025228,36782900
2012-08-08,20.539628982543945,20.96588607826686,20.043981548586125,20.5297158069754,29537400
2012-08-09,20.827104568481445,20.985711589742312,20.43058701532928,20.569367686246327,15610700
2012-08-10,21.620141983032227,21.630055159262504,20.946061125333756,21.223624387546373,25794700
2012-08-13,21.411972045898438,22.254573160972786,21.213712292676778,21.9571835311403,24973100
2012-08-14,20.202587127685547,21.411967989907843,20.07371963602396,21.223621449099575,39308800
2012-08-15,21.015453338623047,21.22362436702242,20.222416257673192,20.46032681473464,47861100
2012-08-16,19.69702911376953,20.301717674662108,19.518595741762105,20.262066864629816,157565300
2012-08-17,18.884164810180664,19.905199114653126,18.834600827458935,19.835808782544806,129293400
2012-08-20,19.835811614990234,19.954765946806315,18.586779786451306,18.88416750673652,101186600
2012-08-21,18.99321174621582,19.806073330749307,18.923821399840296,19.409555715214086,70640600
2012-08-22,19.27077293395996,19.359989624129515,18.794949956140695,19.19146941944757,49892200
2012-08-23,19.27077293395996,19.558247465038026,19.19146941944757,19.33025009715802,32813700
2012-08-24,19.241031646728516,19.508681692751296,19.08242463221385,19.35007467823663,29622200
2012-08-27,18.983295440673828,19.359988531404905,18.933731455930445,19.32033583101434,20704000
2012-08-28,19.171642303466797,19.211293113769045,18.78503792198184,18.93373176941876,25417000
2012-08-29,18.933732986450195,19.2112943486417,18.90399345875326,19.151817183992804,16124700
2012-08-30,18.923816680908203,19.280683391272504,18.894077158129623,19.102250036090354,30647500
2012-08-31,17.902786254882812,18.537216308139097,17.873048616480766,18.517389955374355,58764200
2012-09-04,17.575658798217773,18.110958972333666,17.39722540684581,17.922612404691588,46622400
2012-09-05,18.418256759643555,18.5867769462527,18.021739229605775,18.110955910207366,60781800
2012-09-06,18.79494857788086,19.092338153553023,18.557038051790002,18.576864401650436,46066500
2012-09-07,18.814777374267578,19.250947674189383,18.616519522117695,18.933733598153538,36371700
2012-09-10,18.646257400512695,19.03286371506938,18.38852048772326,18.89408113695503,24797800
2012-09-11,19.2608585357666,19.409552379696237,18.685907619359156,18.75529795381,50508200
2012-09-12,20.747802734375,20.975800109517696,20.10346142209369,20.579282524324967,121584000
2012-09-13,20.529720306396484,21.29301797575937,20.43059231047534,20.777544077689992,65041600
2012-09-14,21.808486938476562,21.887790451713954,20.718062213403755,20.946059577618144,72819800
2012-09-17,21.332664489746094,22.551956636536115,21.31283814002314,22.472653128389073,50667600
2012-09-18,21.679622650146484,21.788663815285854,21.183975146300607,21.41197254429087,36760500
2012-09-19,23.087257385253906,23.16656089563595,21.580488797250222,21.79857297811464,78782800
2012-09-20,22.393352508544922,23.037693831690095,22.34378851858953,22.81960962884335,57248900
2012-09-21,22.661001205444336,23.03769242199227,22.40326431380842,22.77004235482287,51218100
2012-09-24,20.609020233154297,21.788659708636697,20.182763157667033,21.590401878912385,79106500
2012-09-25,20.10346031188965,21.025362937521738,20.0439812593367,21.01545165284113,46291700
2012-09-26,20.44050407409668,20.599111125492108,19.627640572263616,19.974594206220566,38271900
2012-09-27,20.143112182617188,20.817193021056305,19.984505148954455,20.80727984510926,30215900
2012-09-28,21.471446990966797,21.758923414279014,20.3215450792078,20.390935418422494,65486000
2012-10-01,21.798572540283203,22.39334980157466,21.54083566403208,21.887789224014163,51262700
2012-10-02,22.076133728027344,22.29421788437476,21.630050350561472,21.887787203014575,29341400
2012-10-03,21.639968872070312,22.29422339353091,21.61022934264207,22.10587682197556,32000100
2012-10-04,21.758922576904297,22.205004122150903,21.223622453714533,22.125700610279626,46892100
2012-10-05,20.727975845336914,21.441707480189994,20.698236318188684,21.302926801654795,40529300
2012-10-08,20.222412109375,20.569365642947133,19.984501601117017,20.222412109375,32236700
2012-10-09,20.053892135620117,20.3711061498883,19.796155276341054,20.212499142754208,27161800
2012-10-10,19.469030380249023,19.766419971701364,19.280685718815253,19.75650679624513,39321800
2012-10-11,19.57807159423828,19.786242587176517,19.43929093227946,19.706939081665087,21817300
2012-10-12,19.350072860717773,19.627634164675207,19.31042016544124,19.578070186324116,18809400
2012-10-15,19.350072860717773,19.706937664483696,19.320333339260372,19.508679860334755,20189700
2012-10-16,19.310422897338867,19.5185957955023,19.131989524840165,19.508682620280723,21834700
2012-10-17,19.706941604614258,20.30171891746774,19.201382873971003,19.33025037789586,44074500
2012-10-18,18.814777374267578,19.617727631321475,18.72556067903937,19.528510936093262,52157400
2012-10-19,18.83460235595703,18.89407951819885,18.636342627491103,18.83460235595703,34835000
2012-10-22,19.151817321777344,19.260860366705625,18.88416724281428,19.03286299162375,32447300
2012-10-23,19.33024787902832,19.627635551638562,18.933730351966425,19.082424188271546,78381200
2012-10-24,23.02777671813965,24.038897822600973,22.65108554295027,23.919941620004767,228949900
2012-10-25,22.363609313964844,23.1070803858855,22.27439263407479,23.087255927600264,76142000
2012-10-26,21.749008178710938,22.680823918119664,21.689529130093117,22.205002873645665,73175800
2012-10-31,20.92623519897461,21.312839591171443,20.549542091569318,20.638758780652417,99378200
2012-11-01,21.02536392211914,21.253363186092656,20.82710607655974,20.89649641704278,37713900
2012-11-02,20.99562644958496,21.50118707944903,20.886583404689283,21.074929966578637,38344400
2012-11-05,21.065017700195312,21.293015085053902,20.737890442127963,20.91632383575471,31806700
2012-11-06,20.985713958740234,21.18397370306953,20.80728056699288,21.055104302031975,29062700
2012-11-07,20.291807174682617,20.767630193015197,20.192679191160707,20.668500318748197,33396800
2012-11-08,19.815982818603516,20.54954074347326,19.806069643717397,20.34136974309911,34254600
2012-11-09,19.042774200439453,19.82589808224575,18.96347068374027,19.786245378523667,42295500
2012-11-12,19.895288467407227,19.994418336188645,18.705735714265195,18.983297077959175,67349200
2012-11-13,19.687118530273438,19.934942270520605,19.389728907529783,19.43929479002627,71775100
2012-11-14,22.165353775024414,22.30413445101458,19.756506951795654,19.925027154388673,229751000
2012-11-15,21.977006912231445,22.304134137281782,21.46153313616883,22.145527112454037,78857700
2012-11-16,23.35490608215332,23.721686007726138,21.986920024269715,22.05631036108879,107182200
2012-11-19,22.72047996520996,23.910034642428403,22.621350093650918,23.75142571348691,85021300
2012-11-20,22.898906707763672,23.691941668508814,22.502389227391102,22.53212685670374,46655300
2012-11-21,24.108291625976562,24.31646453782283,22.849346651260696,23.017866859614355,89862400
2012-11-23,23.791078567504883,24.46515942943673,23.672122342739538,24.36602955725645,29520900
2012-11-26,25.714187622070312,25.862881463809533,24.59402344009565,24.722892822815812,123865000
2012-11-27,25.92236328125,26.26931690149423,25.238369217425102,25.813322119441043,85760600
2012-11-28,26.130535125732422,26.259402635522743,25.525844609555033,25.71419117685939,49205600
2012-11-29,27.082178115844727,27.280437864956557,25.932276108784343,26.269316547827398,88759700
2012-11-30,27.756256103515625,27.756256103515625,26.527050702963606,27.02269813338353,127049600
2012-12-03,26.804616928100586,28.628597935575108,26.74513786849367,27.7562591928699,123526100
2012-12-04,27.220956802368164,27.51834640414863,26.447747997377853,26.824439224072496,72869200
2012-12-05,27.468778610229492,27.657125155819188,27.022697074773674,27.50843131066725,58976300
2012-12-06,26.73522186279297,27.50843253915634,26.586528011000564,27.439042201036212,46001500
2012-12-07,27.250696182250977,27.53817260667471,26.60635488466547,26.83435225460812,51751900
2012-12-10,27.597644805908203,27.92477198372792,26.864086949304742,26.933477276305194,50608500
2012-12-11,27.73642921447754,27.994166100185602,27.41921516768142,27.825645901482055,77099100
2012-12-12,27.339914321899414,27.895038957922864,27.131743292420012,27.756258271603265,46704200
2012-12-13,27.99416732788086,28.49972794616306,27.191219000371458,27.349826030725293,81051600
2012-12-14,26.576614379882812,28.083383004572546,26.527050393716586,27.934689155328993,91631600
2012-12-17,26.517135620117188,26.76495931750146,26.090878558097078,26.536961969686672,57742500
2012-12-18,27.468778610229492,27.667038330928627,26.665830333813158,26.72530749372497,60512900
2012-12-19,27.17139434814453,27.974342725868983,26.71539958004635,27.587738301547034,61390300
2012-12-20,27.121828079223633,27.359738619651658,26.893828823578318,27.250695579592808,35574800
2012-12-21,26.031402587890625,26.774873713966443,25.892621916061493,26.42792014364876,54555200
2012-12-24,26.69556999206543,26.725307626796994,25.97192522217658,26.269312913961226,28230100
2012-12-26,26.279224395751953,26.94339196263553,26.15035501773642,26.79469812632467,33175400
2012-12-27,25.82322883605957,26.566699937566984,25.297843801070997,26.318876237064515,43481700
2012-12-28,25.6844482421875,25.882707959453747,24.931063963618474,25.258191173586425,56574800
2012-12-31,26.388269424438477,26.75504745575017,25.882708830074243,25.971925516770572,60374500
2013-01-02,27.756256103515625,27.93468948098598,27.18130515985831,27.201131510853884,69846400
2013-01-03,27.528261184692383,28.22216651447435,27.34982779137143,27.637302343364585,63140600
2013-01-04,28.509639739990234,28.678159937915826,27.58773523902934,27.766168612214656,72715400
2013-01-07,29.16389274597168,29.530672649552212,28.400595305239733,28.440248004327255,83781800
2013-01-08,28.807029724121094,29.342329886217787,28.608771875405466,29.253113192535004,45871300
2013-01-09,30.323711395263672,30.333624571235777,29.23328661801678,29.411720004024726,104787700
2013-01-10,31.027530670166016,31.17622642282497,30.016411274704343,30.333625350986047,95316400
2013-01-11,31.44387435913086,31.681784914383694,30.829272564080625,31.007705953206507,89598000
2013-01-14,30.680578231811523,31.929608155004303,30.353450987023894,31.80074253933083,98892800
2013-01-15,29.837976455688477,31.433959936920072,29.619890370626372,30.37327471110148,173242600
2013-01-16,29.59014892578125,30.085796305138576,29.272934905511715,29.947013753212126,75332700
2013-01-17,29.877626419067383,30.15518966001257,29.768585270379365,29.81814925698802,40256700
2013-01-18,29.401803970336914,30.17501460430394,29.015199598725804,30.046145219937035,49631500
2013-01-22,30.46249008178711,30.6210971054605,29.481108413778664,29.49102158910136,55243300
2013-01-23,30.551708221435547,31.225789049467043,30.53188186984757,30.829271471432325,48899800
2013-01-24,30.809444427490234,31.21587517218557,30.54179435930211,30.997790981853534,43845100
2013-01-25,31.26544189453125,31.65204629852646,30.859009248113125,31.13657249936954,54363600
2013-01-28,32.18734359741211,32.226992515765005,31.533087285224667,31.602477619204222,59682500
2013-01-29,30.521970748901367,31.79082700543453,30.44266534212308,31.721436665248493,72976500
2013-01-30,30.96805191040039,31.21587563108933,30.61118514756994,30.710315013994503,87682100
2013-01-31,30.710315704345703,31.19604998092567,28.489815343946564,28.89624610375317,190744900
2013-02-01,29.4711971282959,30.749968465751788,29.37206725945711,30.74005528979341,85856700
2013-02-04,27.86530303955078,28.94581474020984,27.766173161456845,28.807032154580266,92362200
2013-02-05,28.390684127807617,28.707898179845373,27.795908725609273,28.013992913699006,47948200
2013-02-06,28.797115325927734,29.035027759481515,28.410510930206453,28.48981444447607,38375900
2013-02-07,28.400598526000977,28.89624597633518,28.023907295674768,28.856595163495832,34540100
2013-02-08,28.301467895507812,28.91607154929616,28.261817083736425,28.63850830391676,37708800
2013-02-11,28.01399040222168,28.430334280881883,27.795906233683368,28.360943949562635,37361800
2013-02-12,27.131742477416992,27.914864471940103,26.864092398344734,27.42913019366729,93498700
2013-02-13,27.66703987121582,28.073470619605633,27.07226256675063,27.12182844505727,50164000
2013-02-14,28.25190544128418,28.380772949965735,27.76617115356905,27.776084329736097,35615800
2013-02-15,28.073469161987305,28.49972623956784,27.84547180584952,28.271728883430058,33109300
2013-02-19,28.678163528442383,28.826857394465105,27.875215139323604,27.98425629934289,49396400
2013-02-20,28.212251663208008,28.797115799595915,28.08338415942955,28.668248295817456,42098200
2013-02-21,27.042524337768555,28.301467367243696,26.913654947740895,28.03381919323411,49642300
2013-02-22,26.893829345703125,27.389476787237054,26.586528461360675,27.379565502261922,36350200
2013-02-25,27.03261375427246,27.399391827145088,26.913657528283053,26.923570704677594,34652000
2013-02-26,27.151565551757812,27.220955889288856,26.467573461170463,27.12182791609873,31611700
2013-02-27,26.636093139648438,27.102001033026763,26.398180714577745,27.102001033026763,44319700
2013-02-28,27.01278305053711,27.062347033781474,26.110704942127377,26.606352337550078,83027800
2013-03-01,27.538169860839844,27.87521023964652,26.576612707467064,26.81452322943447,54064800
2013-03-04,27.47869110107422,27.815731483422994,27.201129767900955,27.51834380052456,32400700
2013-03-05,27.28043556213379,27.934690031932124,26.973132787876285,27.637300433367923,40622200
2013-03-06,27.21104621887207,27.885125173981436,27.111916349056134,27.85538753655816,33532600
2013-03-07,28.331209182739258,28.43033905444449,27.23087119922675,27.330001070931985,74540200
2013-03-08,27.716604232788086,28.222164853868335,27.488606861735708,28.1825140414329,44198900
2013-03-11,27.895038604736328,28.390686067596576,27.58773770717158,27.766171096320473,35642100
2013-03-12,27.587738037109375,28.073472329632192,27.359740655245712,27.855388124033695,27569600
2013-03-13,26.844263076782227,27.40930080959817,26.685656060228442,27.379563175709826,39619500
2013-03-14,26.804616928100586,27.19122136181998,26.596444000966606,26.86409409696239,27646400
2013-03-15,26.41800880432129,26.824439563561235,26.328792111732522,26.794701926528298,31597400
2013-03-18,26.2593994140625,26.556788992914278,25.5555810031951,26.140445095117638,26653700
2013-03-19,26.318878173828125,26.665831758212292,25.981837765082922,26.299053713295113,25254200
2013-03-20,25.6348876953125,26.457662418017094,25.555584175922117,26.447749241750167,44006500
2013-03-21,25.51593017578125,25.882710116061325,25.3374967935231,25.436626660415957,24336100
2013-03-22,25.506017684936523,25.783580941540997,25.40688781538171,25.575408026401394,18456300
2013-03-25,24.91124153137207,25.575409230695108,24.8616775396333,25.525845238956332,39199000
2013-03-26,24.990543365478516,25.258193440586926,24.81211187281787,24.861675861210554,26957200
2013-03-27,25.862882614135742,26.05122916377989,24.504807846825084,24.78237108362989,52297400
2013-03-28,25.357324600219727,25.94218876863145,25.297847432968805,25.8628852487152,28585700
2013-04-01,25.307756423950195,25.664621259183114,25.059932728853425,25.406884389393106,22249300
2013-04-02,25.198713302612305,25.892620402690206,25.07975709746519,25.545666852651255,35153300
2013-04-03,26.02149200439453,26.160272690046224,25.476280547267137,25.605148056694418,48195200
2013-04-04,26.834352493286133,26.992959525156525,25.88271030206377,26.38827092518001,82016800
2013-04-05,27.151565551757812,27.557996292220984,26.378356772703437,26.626180487168536,64566600
2013-04-08,26.616270065307617,26.96322367960209,26.39818396393933,26.953310503108526,27256000
2013-04-09,26.358531951904297,26.655919670228087,26.190011740655482,26.348618775860835,21311100
2013-04-10,27.329999923706055,27.597649998851576,26.66583226912918,26.77487531250216,45949400
2013-04-11,27.77608299255371,27.855386507327268,27.01278548114264,27.2407828497735,33368500
2013-04-12,27.161481857299805,27.75625921870683,27.002874813023947,27.75625921870683,28697400
2013-04-15,26.289140701293945,27.240782879619278,26.13053367157306,26.9235688201775,30275400
2013-04-16,26.685657501220703,26.87400405257809,26.170183724213576,26.576614462422494,27365900
2013-04-17,26.398178100585938,26.963217690746596,26.160267589818396,26.4180044491694,26440600
2013-04-18,25.466367721557617,26.586530179903374,24.931067542541815,26.586530179903374,39059000
2013-04-19,25.506017684936523,25.73401506139109,25.109500097462277,25.39697653009673,20380900
2013-04-22,25.743925094604492,26.130531349596893,25.47627693744947,25.58531807897753,25687600
2013-04-23,25.75383949279785,26.100793064992313,25.54566848392809,25.991750027539663,25191500
2013-04-24,25.882713317871094,26.170187887602843,25.57541050341399,25.70427991353992,19729900
2013-04-25,25.912446975708008,26.170183865604056,25.773666300665866,25.843056638186937,17150000
2013-04-26,26.616270065307617,27.379567638606442,26.36844632520372,26.36844632520372,33018000
2013-04-29,26.74513816833496,27.17139531323776,26.626183829277746,26.92357156766591,29201100
2013-04-30,27.528261184692383,27.607564704974468,26.774876796640054,26.893831131690646,36245700
2013-05-01,27.19121742248535,27.676951661100286,27.072261211250442,27.607561325690273,64567600
2013-05-02,28.717809677124023,28.767375551573984,27.736428051952153,27.76616757662213,104257000
2013-05-03,28.06355857849121,28.816942942505438,27.90495154298769,28.78720530506416,58506400
2013-05-06,27.329999923706055,28.21225177428393,27.24078323199088,28.083384269998103,43939400
2013-05-07,26.655920028686523,27.607564143460994,26.616269214724475,27.31017453039302,41259100
2013-05-08,26.8839168548584,27.062348337581376,26.41800707063798,26.646004429738053,34654900
2013-05-09,26.804616928100586,27.310175699543592,26.61627035416891,26.844267743760085,33457200
2013-05-10,26.44774627685547,27.062348010545428,26.33870324088845,26.903740989545128,30847100
2013-05-13,26.58652687072754,27.092087457734586,26.29905235502441,26.368442690168447,29068800
2013-05-14,26.834352493286133,27.042525404331627,26.586528769645522,26.6559191097457,24930300
2013-05-15,26.368444442749023,26.75504884467282,26.17018470852172,26.68565850491675,30299800
2013-05-16,25.902536392211914,26.318880349745225,25.674539005900716,26.24949000528052,35499100
2013-05-17,26.02149200439453,26.3684456092688,25.971928014017507,26.170185866270636,29462700
2013-05-20,25.53575897216797,25.96201611709673,25.466368625922847,25.95210294038384,42402900
2013-05-21,25.43662452697754,25.852968420411678,25.36723419319598,25.644797419067004,26261300
2013-05-22,24.94097900390625,25.624972999811828,24.703068459840164,25.426713267717624,45314500
2013-05-23,24.841848373413086,25.30775816227377,24.55437385054223,24.584111485919806,37663100
2013-05-24,24.09837532043457,24.752629717134536,23.8703779771971,24.752629717134536,58727900
2013-05-28,23.890209197998047,24.326379514988986,23.711775800558797,24.326379514988986,50079700
2013-05-29,23.116992950439453,23.602727144388417,23.057515795663672,23.582902686626266,64237800
2013-05-30,24.33629035949707,24.564289635837373,23.721688546958184,23.91994640327118,60733200
2013-05-31,24.138031005859375,24.732808319393428,24.0587274901045,24.415592365628964,35925000
2013-06-03,23.642383575439453,24.1082914944663,23.50360100471734,24.058727506115876,35733800
2013-06-04,23.31525421142578,23.721684929240826,23.116994494603656,23.68203222957849,34760800
2013-06-05,22.700654983520508,23.503603399218953,22.59161381989168,23.146738487100283,53819700
2013-06-06,22.77004051208496,22.888996718114974,22.472652833127054,22.78986686154742,31260700
2013-06-07,23.087257385253906,23.1962985303137,22.661000307921103,22.829520503826053,38699200
2013-06-10,24.118202209472656,24.385852257044153,23.781161828992573,23.85055216190116,58393000
2013-06-11,23.82081413269043,24.13802815828809,23.791074608761374,23.82081413269043,29885900
2013-06-12,23.563077926635742,24.048812153330715,23.37473138461286,23.94968229485842,26445800
2013-06-13,23.523426055908203,23.622555917873807,23.067431337909223,23.51351288063716,31189300
2013-06-14,23.424299240112305,23.682036158441854,23.057521161110905,23.3549088949361,30677100
2013-06-17,23.810901641845703,24.03889899294853,23.543251591032064,23.70185860838575,33664500
2013-06-18,23.99924659729004,24.475069546124203,23.87037910308681,23.880292278140107,36709100
2013-06-19,24.09837532043457,24.970715776531005,23.890204326368547,23.98933418148106,31790600
2013-06-20,23.691944122314453,24.534545037090748,23.44412043507111,24.068637185741352,42765600
2013-06-21,24.31646728515625,24.484987512549733,23.84064424321012,24.375944456370075,45833900
2013-06-24,23.731597900390625,23.900118091019035,23.176471454353056,23.741511075221094,40626000
2013-06-25,24.038902282714844,24.217335674342863,23.830731252978854,23.929859234332156,24713200
2013-06-26,23.949682235717773,24.435416461213286,23.78116204395445,24.29663579414165,29890300
2013-06-27,24.44533348083496,24.62376687555924,23.999249994024254,24.028989523393328,34694100
2013-06-28,24.663415908813477,24.762545775470265,24.207421169235158,24.465158066244836,96778900
2013-07-01,24.594026565551758,24.8418502968593,24.405681891094442,24.752633602328984,20582200
2013-07-02,24.197507858276367,24.554374619948625,24.08846481648875,24.484984280900115,18394100
2013-07-03,24.306550979614258,24.494895646006643,23.93977104105683,24.00916138033244,10404400
2013-07-05,24.157854080200195,24.445328576783123,23.98933389573962,24.435415402315474,20229500
2013-07-08,24.494897842407227,24.82202699817362,24.207423283810392,24.256987276095845,27064600
2013-07-09,25.258193969726562,25.268107145761768,24.81211239261244,24.85176320600825,30387900
2013-07-10,25.575407028198242,25.605146555127458,25.248279794956577,25.35732283628544,26721800
2013-07-11,25.58531951904297,25.773666069730332,25.2284546591686,25.73401336821936,26777400
2013-07-12,25.6844482421875,25.704274592063083,25.327581507406173,25.515928049734626,16537900
2013-07-15,26.051231384277344,26.19992524530419,25.426714520921553,25.704277781384686,24234000
2013-07-16,26.09088134765625,26.5171384552505,25.78358045945259,26.16027168782369,30817600
2013-07-17,26.41800880432129,26.546878200613943,26.071055209892197,26.140447441373997,21518500
2013-07-18,25.952102661132812,26.536966845684322,25.89262549224057,26.517140492471874,24806900
2013-07-19,25.654712677001953,25.882711954271688,25.377151298883273,25.595235508940103,46539700
2013-07-22,25.82322883605957,25.902532344590572,25.4961016270261,25.763751677347518,27526300
2013-07-23,25.902536392211914,26.071056610516948,25.743929350365423,25.87279875358137,28221600
2013-07-24,26.279224395751953,26.29905074479199,25.82322782155464,26.090877861361015,82635600
2013-07-25,34.06089782714844,34.576371696395775,32.46491222421716,33.24803620527506,365457900
2013-07-26,33.713932037353516,34.42766545163092,33.267852434919426,33.47602342025391,136028900
2013-07-29,35.121578216552734,35.31983795063245,33.713937507927696,33.773416562598584,124718800
2013-07-30,37.30242919921875,37.62955455908183,35.01253655421697,35.339665695570105,173582800
2013-07-31,36.479652404785156,37.97650985593141,36.01374636245628,37.62955436403796,154828700
2013-08-01,37.16364288330078,37.95667794923698,36.59860138098867,36.975294455366914,106066500
2013-08-02,37.71876907348633,38.15494123674377,37.173557650904364,37.332164678955294,73058500
2013-08-05,38.848846435546875,38.97771583357293,37.91703057491159,38.095463962489205,79994800
2013-08-06,38.21442413330078,38.90833143752936,37.60973353649432,38.76955073298176,63950800
2013-08-07,38.5316276550293,38.60101798821811,37.371814559025154,38.273892671969335,68854800
2013-08-08,38.20450973510742,38.8488492082451,38.095466681417435,38.789373929134406,41301000
2013-08-09,38.16485595703125,38.40276841126842,37.67911976281336,38.25407265468392,43532300
2013-08-12,37.88728713989258,38.16484846410033,37.768329045384036,37.86746079080782,31161000
2013-08-13,36.69773483276367,37.98641734747277,36.449911126800785,37.90711572793927,65379200
2013-08-14,36.330963134765625,37.22312636273235,36.30122171345685,36.509396536657036,48423900
2013-08-15,36.24174880981445,36.74730762732413,35.70644856904616,36.043489041216134,56521100
2013-08-16,36.7572135925293,37.16364431583119,36.57878022312947,36.64817055773056,45840800
2013-08-19,37.480865478515625,37.94677155918033,36.8166958591782,37.104172318018136,57609600
2013-08-20,38.07563400268555,38.2441560889813,37.36190052000171,38.01615495196535,57995200
2013-08-21,37.98642349243164,38.51180862398638,37.81790516023116,38.04590255282077,46116900
2013-08-22,38.21442413330078,38.41268390329331,38.00625307647938,38.03599071845656,21931200
2013-08-23,40.19700622558594,40.27631163030773,38.5911095948679,38.660499933254556,86442300
2013-08-26,40.98013687133789,41.574912379352426,40.26640323652809,40.54396841755993,94162400
2013-08-27,39.294925689697266,40.84134695566994,39.07683962127443,40.32587320034572,72695100
2013-08-28,40.19700622558594,40.49439393031301,39.53284047774515,39.61214210097711,57918200
2013-08-29,40.920650482177734,41.416297910620735,40.44482940465122,40.534046093030554,58303400
2013-08-30,40.930564880371094,41.89211830444438,40.702567520787134,41.65420966030882,67735100
2013-09-03,41.50551223754883,41.79298863724738,41.14864550433539,41.475774603610894,48774900
2013-09-04,41.41630172729492,41.80290615206921,41.079261293634495,41.64429911161078,42581900
2013-09-05,42.28863525390625,42.39767828497758,41.4063835028593,41.42620985228041,50035400
2013-09-06,43.567413330078125,44.22166783862955,42.03090693075932,42.71489907740715,117535700
2013-09-09,43.6566276550293,44.40009881898488,43.31958724277651,43.97384171579782,75794700
2013-09-10,43.220455169677734,43.874709637920446,42.85367712362239,43.85488706807085,54540300
2013-09-11,44.647918701171875,44.69748268487575,42.73471943458353,43.01228076851691,72328300
2013-09-12,44.360450744628906,45.22287632598653,44.26132275835434,45.13365962574331,68072300
2013-09-13,43.924278259277344,44.687575783952425,43.54758513949836,44.64792308050412,52765300
2013-09-16,42.13994598388672,44.54879297622042,42.06064435553515,44.45957628089361,70424200
2013-09-17,44.67765426635742,45.044432266570446,42.06063672047861,42.130027050748936,91934600
2013-09-18,44.83626937866211,45.07418182650593,44.013496550411126,44.44966495971971,79317000
2013-09-19,45.579734802246094,45.649125136262846,44.83626369650406,45.113825032571086,63972400
2013-09-20,47.07659149169922,47.18563074272879,45.34182559995934,45.91677461484714,115508400
2013-09-23,46.779205322265625,47.136072093993924,45.88704217443484,46.8684220151977,75177000
2013-09-24,48.02823257446289,49.22769834389158,47.74075618233849,48.087707840771756,136716100
2013-09-25,49.029449462890625,49.108754877472926,48.03815446955362,48.80145206820195,87879700
2013-09-26,49.95134353637695,50.15951453335801,49.06909178408525,49.57465045982348,98220100
2013-09-27,50.7939453125,50.8335942290822,49.425957480944284,49.85221453149071,81410500
2013-09-30,49.79274368286133,51.150816672763945,49.366486562130795,49.70352698825517,100095000
2013-10-01,49.98108673095703,50.5857772212216,49.019533255371165,49.53500705393293,98114000
2013-10-02,49.84230422973633,50.65516571044401,49.51517889310508,49.693612269991135,62834000
2013-10-03,48.75188064575195,50.27847561041763,48.63292632349571,50.030651899848124,82045000
2013-10-04,50.59569549560547,50.71464983158771,49.13849069923492,49.33675044686543,74447000
2013-10-07,50.080223083496094,50.84352067553467,49.96126874414302,50.28839412273654,57204000
2013-10-08,46.72964096069336,50.15952040564812,46.67016568687272,50.15952040564812,136081000
2013-10-09,46.362857818603516,47.42354294221997,44.86600056689016,46.96754824601822,147297000
2013-10-10,48.62300491333008,49.24752164129825,47.41362793495792,47.45327684954364,99774000
2013-10-11,48.6824951171875,49.435877607867255,48.365281038849695,48.751885460480764,58428000
2013-10-14,49.07901382446289,49.1979719472288,47.49294333582069,47.8894628487264,68781000
2013-10-15,49.06909942626953,50.55604183312619,48.75188534865932,49.554835609698344,81167000
2013-10-16,50.69481658935547,50.793948340444004,49.4656131277748,49.60439379780911,64678000
2013-10-17,51.7555046081543,51.76541967455623,50.50647472729049,50.674993041224795,71522000
2013-10-18,53.748008728027344,54.35269920001425,53.13340318976764,53.70835602591578,88260000
2013-10-21,53.381229400634766,54.332875388340625,53.04418897991373,54.204005991199935,58235000
2013-10-22,52.22141647338867,54.283307932135514,51.74559536752401,53.85705459725906,83204000
2013-10-23,51.44820022583008,51.79515188374743,50.68490279692243,51.29950449730009,57207000
2013-10-24,51.99341583251953,52.38002022042161,51.1409016533048,51.92402549528017,46775000
2013-10-25,51.49777603149414,52.776547489677476,51.42838568397942,52.71706842831186,45085000
2013-10-28,49.79274368286133,51.24994843426526,49.17814188751336,51.091341397353204,73472000
2013-10-29,48.969970703125,50.34787004089703,48.8212749520962,50.2883909841875,102143000
2013-10-30,48.58335876464844,49.772913336784065,48.32562376840576,49.56474232657001,127073000
2013-10-31,49.77291488647461,51.54733362457027,46.09521179889457,46.749466266716055,248809000
2013-11-01,49.31692123413086,51.63655144946817,49.287183597232286,50.40734411063124,95033000
2013-11-04,47.80024337768555,49.3169234309111,47.60198363272055,48.94023029362661,80371000
2013-11-05,49.67378616333008,49.74317650118368,47.09641725201835,47.37398238492256,76835000
2013-11-06,48.692405700683594,50.01082976722667,48.2859749323301,49.822481311154775,67889000
2013-11-07,47.1459846496582,49.435873343802974,46.88824586980854,48.811360308030636,97128000
2013-11-08,47.116241455078125,48.2264943731004,46.83868011631737,47.39380657532851,70731000
2013-11-11,45.797813415527344,47.11623332873696,45.33190372168815,46.63050106968199,80910000
2013-11-12,46.204254150390625,46.95763658210404,45.43104536764662,45.599563679171936,68196000
2013-11-13,48.28596496582031,48.315706378871305,45.65903622333118,45.82755451083333,79245000
2013-11-14,48.56353759765625,49.138486658870924,47.611891643576,48.27606117630399,75117000
2013-11-15,48.58335876464844,49.04926855259492,48.28597106698697,48.68249051819542,42453000
2013-11-18,45.43104934692383,48.41484548081514,45.40130792702801,48.04806740834787,85910000
2013-11-19,45.95643615722656,46.59086434324507,45.32200797120805,45.85730438972975,75602000
2013-11-20,46.025821685791016,47.13607089510361,45.90686735873714,46.204255067116776,53933000
2013-11-21,46.29347610473633,47.04685862214001,46.283561037348385,46.58095255514296,34886000
2013-11-22,45.82756423950195,46.858511876045334,45.55991415415953,46.63051449552921,40545000
2013-11-25,44.429840087890625,46.24391169136937,43.6566312242388,45.956435243579264,82565000
2013-11-26,45.49052429199219,45.76808566572814,43.17089397601148,44.271231966879135,82016000
2013-11-27,46.085296630859375,46.26372621478555,45.13365075481238,45.56982288426837,44993000
2013-11-29,46.600772857666016,46.79903259937786,46.095214108716355,46.34303784048365,22953900
2013-12-02,46.65034103393555,47.126162149278024,45.85730206020801,46.491733995488055,50774000
2013-12-03,46.32320785522461,46.78911764448454,45.88703948285748,46.343034205989895,32086000
2013-12-04,48.19675064086914,48.345446368910274,45.857294379490654,46.05555408971568,60890000
2013-12-05,47.91919708251953,48.276063862470096,47.45328725519629,47.73085240709676,43855000
2013-12-06,47.522682189941406,48.96006073408582,47.294684787717046,48.55362992464406,42938000
2013-12-09,48.41484451293945,48.54371391260471,47.324421602975114,47.67137331573921,36056000
2013-12-10,49.81256866455078,50.32804246570403,48.11745529516544,48.21658327244917,68479000
2013-12-11,48.950138092041016,50.32803725363252,48.58335629479801,50.10995118840582,65776000
2013-12-12,51.37881851196289,51.6167271797277,50.21900146676667,50.605605888002046,92723000
2013-12-13,52.855838775634766,53.034272143308996,50.893075512707874,51.210289548242145,82641000
2013-12-16,53.341583251953125,54.0255754142094,52.4494162738013,52.78645671204863,85119000
2013-12-17,54.3824348449707,54.699648887270676,53.767833110700714,54.28330309332092,78751000
2013-12-18,55.08626174926758,55.40347584042429,53.28210518775491,54.38244322085676,76003000
2013-12-19,54.57078170776367,54.709562384196126,53.480358865946016,53.85705197446968,89753200
2013-12-20,54.64017105102539,54.669912467926366,53.75791923992152,54.45182639093808,239824000
2013-12-23,57.26710891723633,57.81232037584054,54.967304967804324,55.016868958315605,98297000
2013-12-24,57.45545196533203,58.07005753102054,56.414593068135645,57.762754748176285,46617800
2013-12-26,57.227455139160156,57.871798348194936,56.87058836378643,57.812319291802645,55101000
2013-12-27,54.95738220214844,57.17788421200322,54.76903755199366,56.97962449624109,60466000
2013-12-30,53.24245071411133,54.699655496778995,52.96488933893277,54.45183175994382,68307000
2013-12-31,54.17426681518555,54.382437832852936,53.44070693863254,53.64887795629993,43076200
2014-01-02,54.233741760253906,54.739304264665485,53.718267970937525,54.352699868050664,43195500
2014-01-03,54.08504867553711,55.165560219254154,54.05530725846009,54.54104340149372,38246200
2014-01-06,56.702064514160156,56.76153978326328,53.57948431559811,53.94626234052942,68852600
2014-01-07,57.41579818725586,58.040315026485565,56.7218947897672,57.19771588296938,77207400
2014-01-08,57.72309875488281,57.90153213068997,56.73180390328292,57.098581939557754,56682400
2014-01-09,56.72189712524414,58.44674818643514,56.15685931745846,58.139449178177344,92253300
2014-01-10,57.43561935424805,57.792486087308646,56.56328265286609,56.63267298635126,42449500
2014-01-13,55.42329406738281,57.74292413228259,54.897909014968356,57.40588373716075,63010900
2014-01-14,57.237369537353516,57.27701845966187,55.61164271503189,55.96850948623688,37503600
2014-01-15,57.09857940673828,58.06013658021346,56.77145408659585,57.475272492453755,33663400
2014-01-16,56.6921501159668,57.51492664215304,56.335287152676415,56.76154045173074,34541800
2014-01-17,55.809898376464844,57.31666697734484,55.58190101851118,56.80119321008407,40849200
2014-01-21,58.000667572021484,58.07006169953996,56.008166327586075,56.10729431291491,48669200
2014-01-22,57.009368896484375,58.79370276863537,56.60293813260331,58.33770423381345,61352900
2014-01-23,56.137027740478516,56.18659172608563,55.20520817251013,55.87928896493801,47951800
2014-01-24,53.976009368896484,55.928857797792155,53.92644537899376,55.661211496019426,55200700
2014-01-27,53.08383560180664,54.461734764046845,51.39863369128319,54.253563764317654,73924100
2014-01-28,54.65999984741211,54.79878052752684,53.52992427334651,53.54975062500432,48191200
2014-01-29,53.06401824951172,54.47165906573933,52.72697781025921,54.13461862648682,92995600
2014-01-30,60.54829025268555,61.95592710131231,59.93368473316795,61.57923400571922,150178900
2014-01-31,62.02531814575195,62.818353265410806,59.64620900528566,59.943600483961255,87794600
2014-02-03,60.9448127746582,63.21487910663224,60.17160392751023,62.48131918335818,74866600
2014-02-04,62.203758239746094,62.590362665998526,61.28185363184101,61.50985101702859,45985500
2014-02-05,61.64862060546875,62.61017774588467,60.736631228921674,62.19383575611043,51685100
2014-02-06,61.61888885498047,62.233490614436626,60.924981690954574,60.924981690954574,42086500
2014-02-07,63.76008987426758,64.00791360785273,61.67837202474837,61.72793601516739,60704300
2014-02-10,62.996788024902344,63.928603838299736,62.91748640193801,63.74026295644566,43666100
2014-02-11,64.28547668457031,64.4341724412616,62.79853424361812,63.195053740468104,45675600
2014-02-12,63.88895034790039,64.49364081418912,63.49243845648051,64.35486013959625,47282100
2014-02-13,66.74388122558594,66.74388122558594,63.49243546601543,63.62130106835943,61911700
2014-02-14,66.50597381591797,66.99171378129073,66.13919952885794,66.91240837106902,36694900
2014-02-18,66.71414184570312,66.95205047572016,65.4948459362802,66.35727511918807,43809900
2014-02-19,67.467529296875,68.47865434247834,66.41675911021034,66.46632688100696,62087100
2014-02-20,69.02384948730469,69.49967428651878,65.15780608172162,67.14039554631954,130928900
2014-02-21,67.99290466308594,69.35098122103815,67.85412400028544,69.08333496077402,70932400
2014-02-24,70.16386413574219,70.81812251488869,67.9433652873606,68.141621276991,76620300
2014-02-25,69.24195098876953,70.38194169788056,68.84543149477696,70.33237392501388,52077000
2014-02-26,68.65708923339844,70.60002639611078,68.25065468030537,69.57899382436207,55322700
2014-02-27,68.33985900878906,69.40054403481417,68.27046868233802,68.736370838236,41653700
2014-02-28,67.8640365600586,69.27167326676691,66.79343643257117,68.8652463587077,66783700
2014-03-03,66.82320404052734,67.45763227783553,65.9310369683811,66.37711672296363,56824100
2014-03-04,68.20109558105469,68.30022356345262,67.03136723760645,68.06231489310153,42013500
2014-03-05,70.94697570800781,71.34349518070175,69.01395367772223,69.08334401822017,74567700
2014-03-06,70.22332000732422,71.2641825725982,69.63845970550794,71.25426750696326,46026500
2014-03-07,69.19237518310547,70.56035918791056,68.8652461070721,70.46123122750066,38927000
2014-03-10,71.40296936035156,71.52192746923075,69.89620446278083,70.15393568754938,59871600
2014-03-11,69.4897689819336,71.9580910944188,69.35098830495721,71.86887818621099,59408300
2014-03-12,70.26297760009766,70.72888739865778,68.39934596883681,69.25186016131285,46340500
2014-03-13,68.23081970214844,70.72887915339062,67.55673896721345,70.66940388833068,57091000
2014-03-14,67.1304931640625,68.8256065689874,66.87275436733718,67.8937869244282,48227000
2014-03-17,68.14161682128906,68.34978786568328,66.04007624189178,67.58649403623781,52197000
2014-03-18,68.58769226074219,68.99411921156916,67.70544045996866,68.16143517788693,40827000
2014-03-19,67.64596557617188,68.6868283035694,66.88267178893258,68.56787018635873,43981000
2014-03-20,66.38702392578125,67.63605767880154,66.23832817087737,67.41797158000654,44439000
2014-03-21,66.6546630859375,67.3287438812947,65.60389297313753,66.9421394977936,59999900
2014-03-24,63.5420036315918,66.77362722769819,62.80844749951174,66.6051089043655,85696000
2014-03-25,64.32511901855469,65.61380528477994,63.22478118463381,64.32511901855469,68786000
2014-03-26,59.86430358886719,64.38460630407043,59.84447723537188,64.17643526460508,97503900
2014-03-27,60.43925094604492,61.3611555007283,57.475277546736756,59.983252420504485,112650000
2014-03-28,59.48759841918945,61.41071272338051,58.823432727961475,60.80602229913444,67052000
2014-03-31,59.715606689453125,60.98446295667987,59.348824852247304,60.25090306375818,53011000
2014-04-01,62.07487869262695,62.11453139178548,59.715599815036924,59.93368209742982,59291000
2014-04-02,62.174015045166016,63.353654571325805,61.66845254717625,62.659747410618365,66277000
2014-04-03,58.97213363647461,62.62009528877372,58.61526687729028,62.00549352656173,83859000
2014-04-04,56.25598907470703,59.67595744876259,55.829731938670214,59.418218641094185,125214400
2014-04-07,56.45424270629883,57.49510154697192,54.95738535873477,55.41338386562574,108488000
2014-04-08,57.683441162109375,58.19891489501153,56.67232004543471,57.17788249451676,78836000
2014-04-09,61.86671447753906,61.91627846617682,58.67474369360021,59.11091586918834,100215000
2014-04-10,58.6450080871582,62.63001417174228,58.16918697307967,62.530886191034696,114988000
2014-04-11,58.020484924316406,59.78499228505484,56.8111078086636,57.098580434115945,91452000
2014-04-14,58.37736129760742,59.92378284179547,57.27702325477076,59.56691604071436,72325000
2014-04-15,58.57561492919922,59.160479062841354,55.39355925464161,58.77387466257602,108623000
2014-04-16,59.20013427734375,59.666040321831645,57.23737077477312,59.269524619745994,78774000
2014-04-17,58.426918029785156,60.05264478617279,58.20883573071899,58.78378478651684,88040000
2014-04-21,60.7068977355957,60.7068977355957,58.635091366342365,58.942390346943995,60364000
2014-04-22,62.48131561279297,62.88774636582302,61.67836917325232,62.104626277831386,60631000
2014-04-23,60.82585144042969,62.927395423513325,60.72671968842735,62.89765778865746,95908700
2014-04-24,60.34012222290039,63.0959247404805,59.24969929636568,63.04635696805519,138769000
2014-04-25,57.20762634277344,59.48760379953666,57.06884566527765,59.447954878459186,92502000
2014-04-28,55.65129852294922,57.802410555368525,54.18418243398808,57.54467174779322,107758000
2014-04-29,57.643798828125,57.77266443994961,55.35390629225947,55.6017300124466,75557000
2014-04-30,59.25960922241211,59.328999564427434,56.66241758579404,57.07876341937603,76093000
2014-05-01,60.61768341064453,61.737843902114015,59.68586380350548,59.90394988713204,82429000
2014-05-02,59.933685302734375,61.35123723080296,59.65612395675945,60.76637312214886,54189000
2014-05-05,60.68707275390625,60.81593836348935,58.66483032479672,59.1505626902803,46057000
2014-05-06,58.020484924316406,60.617680089703974,57.980836005229996,60.44915800300051,55901000
2014-05-07,56.89041519165039,58.78378834883609,55.770250866580206,58.25840324819248,78587000
2014-05-08,56.26589584350586,58.307964661945185,56.00816083801831,56.73180564816436,61251000
2014-05-09,56.741722106933594,57.14815286730331,55.889207882380056,56.35511391698097,52584000
2014-05-12,59.309173583984375,59.378563922010414,57.47527581496667,57.47527581496667,48575000
2014-05-13,59.309173583984375,60.3599437206586,58.991955748235576,59.14065149057127,48525000
2014-05-14,58.71439743041992,59.923778438212786,58.436836063971725,59.011785148970134,47429000
2014-05-15,57.41579818725586,58.86309159992199,57.019282500332324,58.74413349050401,56814000
2014-05-16,57.51492691040039,57.94118399293245,56.811108483518055,57.80240332075731,47933000
2014-05-19,58.6945686340332,59.04152410913479,57.06884564426987,57.38605970171199,43034000
2014-05-20,58.050235748291016,59.666043852987144,57.67354259474965,58.982051673903584,53931000
2014-05-21,59.96342849731445,59.97333978218325,57.742926319209495,58.050229091,58992000
2014-05-22,59.993167877197266,60.944810074836006,59.87421354786491,60.40950992060549,54200000
2014-05-23,60.815940856933594,60.915072616242455,59.62638999714699,59.8841250083701,38294000
2014-05-27,62.927398681640625,62.95713631803618,61.03402560749613,61.083589595318685,55682000
2014-05-28,62.95713424682617,63.581651061016146,62.07488243554416,62.83817992366752,47795000
2014-05-29,63.274356842041016,63.74026666660404,62.95713898724978,63.28426812742978,42700000
2014-05-30,62.748966217041016,63.611391718520906,62.015410110974415,63.39330941261756,45253500
2014-06-02,62.5308837890625,63.036442521635486,61.50984747584267,62.67957575441224,35996000
2014-06-03,62.32270812988281,62.86791955831181,61.777496701453806,62.07488440955237,32217000
2014-06-04,62.78861618041992,63.03643989382836,61.52967126252632,61.90636436572427,36514000
2014-06-05,62.63992691040039,63.799743975334096,62.27314883548536,63.10583674981284,47352000
2014-06-06,61.95592498779297,62.927393437822815,61.60897332045715,62.81835040480597,42442000
2014-06-09,62.33262252807617,62.788617261038006,61.25211096775977,61.85680144392168,37617000
2014-06-10,65.19744873046875,65.24701649038578,62.94721310163266,62.97695073239154,69338000
2014-06-11,65.20736694335938,65.22719707347494,64.33503029274159,64.75137226942427,44242000
2014-06-12,63.730342864990234,65.89136580660107,63.5023417359074,65.27676031501264,55730000
2014-06-13,63.93851852416992,64.40442831884138,63.27435278252233,64.13677447114605,29419000
2014-06-16,63.631221771240234,64.31521010640505,63.19504959700539,63.60148413444783,31046000
2014-06-17,63.83940124511719,64.31521862276111,63.373491372396074,63.54200971185409,27715000
2014-06-18,65.0289306640625,65.1776263813304,63.49242842023639,63.928592944449676,35570000
2014-06-19,63.7799072265625,65.00911828991248,63.65104161831528,64.89016018485229,34245000
2014-06-20,63.93851852416992,64.2458175108768,62.79852792160818,63.89886582217878,46466000
2014-06-23,64.80095672607422,65.08843318298155,63.660965966057084,63.7600939532367,34560000
2014-06-24,65.14790344238281,66.58527805317442,64.70181618997917,64.79103666565192,57335000
2014-06-25,66.85292053222656,66.89257322988607,64.9991966222829,65.00911168744247,44308000
2014-06-26,66.54562377929688,67.40805306321964,66.31763018802825,67.40805306321964,47714000
2014-06-27,67.01152038574219,67.11064834341033,66.25813429410326,66.72404401441973,46461000
2014-06-30,66.70421600341797,67.3287288924326,66.54560523371268,66.87273427399653,27102800
2014-07-01,67.467529296875,67.84422620377741,66.80336352088808,66.9917119743393,33243000
2014-07-02,65.87153625488281,67.70543768025688,65.21728562141902,67.44769891532673,41895000
2014-07-03,65.71293640136719,66.41675483610268,65.1875513418449,66.27797416237904,25203200
2014-07-07,64.72164154052734,65.99049773602883,64.55312323146406,65.72285145475065,28745000
2014-07-08,62.213661193847656,64.98928593151992,61.6684497995443,64.49363852188237,68926000
2014-07-09,64.40442657470703,64.5531223124021,62.600270279355996,62.858005272339135,51432000
2014-07-10,64.30530548095703,64.77120774985717,62.501145211172556,62.75888401320895,44422000
2014-07-11,65.76250457763672,66.01032831975259,64.22600191430656,64.71173433121916,39212000
2014-07-14,67.30892181396484,67.57656809569966,66.3176269641656,66.5456205443509,38537000
2014-07-15,66.58528137207031,67.49727093007114,65.68320688141178,67.3684053065429,44213200
2014-07-16,67.07100677490234,67.34856809631418,66.48613893651701,66.95204868159207,29541600
2014-07-17,65.83190155029297,67.25936114176676,65.4651196945012,66.44649958169825,38188000
2014-07-18,67.82439422607422,67.86404692903734,65.58407323100622,66.2185013524566,42456000
2014-07-21,68.7958755493164,69.35099833752803,67.90370852327575,68.2110075577528,49539000
2014-07-22,68.66699981689453,69.1626473060284,68.01274906398768,69.15273980159166,40398000
2014-07-23,70.66941833496094,70.70907104076652,69.00404250602796,69.13290812766087,78435000
2014-07-24,74.32728576660156,76.07195913017173,73.8613760109624,75.29875041357012,124168000
2014-07-25,74.53546142578125,75.01127871362357,74.01007637075645,74.33719792003076,45917000
2014-07-28,74.26780700683594,74.84275982457687,73.20712183899356,74.51563071486434,41725000
2014-07-29,73.06834411621094,74.26781000391534,72.78086769573935,74.06955405468375,41324000
2014-07-30,74.02989959716797,74.53546208759643,73.48468440523732,73.56398980824169,36853000
2014-07-31,72.01757049560547,73.52433530078066,71.80939949006688,73.35581699577028,43992000
2014-08-01,71.7301025390625,72.58261679339971,70.92715605696962,71.5913218523546,43535000
2014-08-04,72.87008666992188,73.2368609247632,71.7300960778112,71.7300960778112,30777000
2014-08-05,72.0572280883789,72.94938744040807,71.55166557604385,72.56278303773415,34986000
2014-08-06,71.83912658691406,73.07824493548654,71.16504590277151,71.39303944364106,30986000
2014-08-07,72.53305053710938,73.35582717048824,72.06714069500374,72.36453220872488,38141000
2014-08-08,72.42399597167969,72.7907777718909,71.92834856960036,72.7610401378428,27202000
2014-08-11,72.80068969726562,73.26659944519957,72.4239928476277,72.8205122647829,24591000
2014-08-12,72.19599914550781,72.6916465252304,71.59130873720794,72.45373033761881,27419000
2014-08-13,73.1278305053711,73.60365544403399,72.414104441848,72.48349479092583,29266000
2014-08-14,73.65321350097656,73.7325113444721,73.04852301181667,73.32608437150058,22207000
2014-08-15,72.9890365600586,74.00016153508514,72.36452353170417,73.67303242181306,38846600
2014-08-18,73.94068908691406,74.06956227489862,73.31617597084458,73.35582867768747,23974000
2014-08-19,74.63458251953125,74.92205890414371,73.86137382580469,74.15875771255712,26679000
2014-08-20,74.15876007080078,74.52554186206903,73.97041920542864,74.31737086582888,22917000
2014-08-21,73.92086029052734,74.53546585036905,73.76225703949135,74.26781199246223,20102000
2014-08-22,73.92086029052734,74.07947110454322,72.92956539186774,73.69285913612448,20897000
2014-08-25,74.36693572998047,74.62467450657232,74.1389421515557,74.28763789047328,19734000
2014-08-26,75.29877471923828,75.32851236209443,74.07948598424774,74.34713233293449,23993000
2014-08-27,73.9803466796875,74.83286102566167,73.811828336711,74.61477490511278,36323000
2014-08-28,73.21704864501953,73.78208648740674,73.08818301885424,73.35582933873003,21947000
2014-08-29,74.1686782836914,74.1686782836914,73.36573189797963,73.65320830393331,26241000
2014-09-02,76.01248168945312,76.03230425673125,74.16867285045946,74.35702127300596,34979000
2014-09-03,75.16989135742188,76.80552939573066,74.94189021097512,76.46848520919801,32389000
2014-09-04,75.28885650634766,76.26032898930501,74.8725143977864,75.22938122311922,26676000
2014-09-05,76.58745574951172,76.70640631220456,74.9419023777728,75.43754989027525,29476000
2014-09-08,77.21195983886719,77.48952120324532,76.33962304182451,76.58744676901641,28183000
2014-09-09,76.0025634765625,77.48950553913608,75.53665375354623,76.91455279315947,28882000
2014-09-10,76.75596618652344,77.27143621874612,75.84397667252483,75.85388417640868,29909000
2014-09-11,77.24169158935547,77.67786373612549,76.37926992476123,76.45856776355447,32219000
2014-09-12,76.80553436279297,77.61839590137814,76.4288374497788,77.34082696858556,26676800
2014-09-15,73.93077850341797,76.57753418036182,72.7907878088489,76.47840619887326,49679000
2014-09-16,75.41771697998047,75.56641272594565,72.43391724607056,72.87999692098629,37742000
2014-09-17,75.76466369628906,76.57752514940107,74.91214954266192,75.29875391896036,28693000
2014-09-18,76.3297119140625,76.65684106595234,75.85388700558816,76.10171074556888,23031000
2014-09-19,77.2317886352539,77.61839303794186,75.77458393451631,76.7262261229005,76671000
2014-09-22,76.13143920898438,76.85508013535913,75.28883262792142,76.32969513218819,31961000
2014-09-23,77.60848236083984,77.94551901281798,75.37806872857665,75.66554517095932,36814000
2014-09-24,77.85631561279297,77.93562103341417,76.83528290198389,77.42014336235756,30680000
2014-09-25,76.54778289794922,78.2528111023685,76.45856243642648,77.91576694980758,37533000
2014-09-26,78.1041259765625,78.15368618370985,76.65683633201009,76.914567560328,28872000
2014-09-29,78.31228637695312,78.51054230461463,77.23177871413388,77.43994970707212,34031000
2014-09-30,78.3519287109375,79.01609430002657,77.91575665220302,78.65922762705797,35899000
2014-10-01,75.88362884521484,78.13386497683024,75.23928563721695,78.09421227263252,55090000
2014-10-02,76.40901947021484,76.80553897790747,74.9815522677136,75.90345690883223,36488000
2014-10-03,76.7658920288086,77.38049012699972,76.58745861511221,77.08310614615982,23340000
2014-10-06,76.88481903076172,77.21194811610357,76.1810006599521,76.51804481051067,25729000
2014-10-07,75.62589263916016,77.27143832332561,75.5763248664706,76.3792789187558,25317000
2014-10-08,76.84516906738281,77.03351749830841,74.44623748213496,75.51683767427137,32976000
2014-10-09,75.24919891357422,77.08309295194896,75.18971607720295,76.60726807587787,32487000
2014-10-10,72.27532196044922,75.83406737432061,72.12662619809952,74.93198529558492,52146000
2014-10-13,72.3546142578125,74.12903307620789,71.8887044342755,72.59253048449952,43938000
2014-10-14,72.94937896728516,73.53424681812815,71.42279166700376,73.35581345585152,50299000
2014-10-15,72.57269287109375,73.15756074769497,69.70785144607743,71.0659280722707,61528000
2014-10-16,71.99774169921875,72.71147519600567,69.96559180956766,70.17376281896726,53529000
2014-10-17,75.28885650634766,75.33842428435875,73.10801040751917,73.58383536228996,76342000
2014-10-20,76.28013610839844,76.41891678313529,74.72380348772415,74.94188956601907,34701000
2014-10-21,78.0049819946289,78.05454219160775,76.4783872562837,76.88481414861484,32252000
2014-10-22,77.68778228759766,79.15489447131701,77.33091552658922,78.13386195736834,41862000
2014-10-23,79.34324645996094,79.92810683367752,78.32221390043536,78.68898818124742,35056000
2014-10-24,79.96775817871094,80.11645392707082,78.62951156943181,79.5018483632406,32248000
2014-10-27,79.5811538696289,80.09663145618626,79.0656838460515,80.03714861898044,30169000
2014-10-28,80.06689453125,80.4535065426155,78.87734354590924,79.482034106302,74212000
2014-10-29,75.19963073730469,76.21074819439336,74.12903044416625,74.79319620338036,106120000
2014-10-30,73.46487426757812,74.69407797023159,72.26540820533859,74.39669400311165,83270000
2014-10-31,74.33719635009766,75.04101476394419,73.80189624034551,74.27772108111829,44544000
2014-11-03,73.23685455322266,74.8625773636211,73.05842119291167,74.81301716313291,40727000
2014-11-04,75.10050201416016,75.11040951758675,73.00886921823385,73.58382206212387,39326000
2014-11-05,74.1786117553711,76.13146424945587,73.77217714725018,75.8439877721711,35913000
2014-11-06,74.6048583984375,74.9418950437249,73.66312367905546,74.23807655240701,21383000
2014-11-07,74.94189453125,75.19963332840028,74.36694166183014,74.73372350535247,20774000
2014-11-10,74.34712219238281,74.82294710212543,73.96051776202086,74.70398898394468,21575100
2014-11-11,73.96050262451172,74.32728440826445,73.38554984878435,74.29753921257193,18715700
2014-11-12,74.06954193115234,74.48588389418062,72.89981387099309,73.63336983865887,26536600
2014-11-13,73.60364532470703,74.58502514473545,72.99895483888655,74.08937770147143,26448500
2014-11-14,74.22815704345703,74.27772481208247,73.39547298400312,73.62346656852898,19476900
2014-11-17,73.5937271118164,75.0013715383691,73.23686036288524,74.22815520703193,28701200
2014-11-18,73.69285583496094,74.14885812333945,73.25669124191556,73.80189887396716,20690500
2014-11-19,72.691650390625,73.89111620577808,72.47356432187368,73.36573116541128,25441200
2014-11-20,72.95930480957031,73.34590922444556,71.87879697388823,72.16627340907392,19154900
2014-11-21,73.10799407958984,73.85146520582296,72.86017037084547,73.85146520582296,23060400
2014-11-24,73.36573791503906,73.70277455194987,72.7114796485935,72.89982810038478,22103800
2014-11-25,74.97161865234375,75.08066167905667,73.48467653859889,73.5639819331135,32250200
2014-11-26,76.94432830810547,77.1029315911973,74.85269504414835,74.87251761841681,32695300
2014-11-28,77.02360534667969,77.58864309785378,76.55770312899317,76.99386771182516,15992000
2014-12-01,74.44624328613281,76.63700404309176,74.14885936267403,76.58744383733847,31789900
2014-12-02,74.80310821533203,75.2491954340805,74.38676619488372,74.67424260794931,16773900
2014-12-03,74.22815704345703,75.07076373221162,73.75233974176327,74.72380447779284,16689900
2014-12-04,74.58502960205078,74.89233617806583,74.01008428136954,74.17860260703507,14362800
2014-12-05,75.69526672363281,76.09178613103522,74.70397198661612,75.14014409105663,24306400
2014-12-08,75.8538818359375,76.57753043507391,74.74363639679756,75.51684520276426,25733900
2014-12-09,76.17109680175781,76.26031727587747,74.12903171944006,74.54537376405204,25358600
2014-12-10,75.51683807373047,76.87491467073427,75.40779504082612,75.98274783923466,32210500
2014-12-11,77.05335235595703,77.83646863546768,75.81423378802563,75.85387892677744,33462100
2014-12-12,77.15248107910156,78.1933361484985,76.34952709644722,76.48831533534643,28091600
2014-12-15,76.31978607177734,77.89594876827725,75.89352899667152,77.77699066720842,29396500
2014-12-16,74.0398178100586,76.716310989884,73.94068227060002,75.52676014617933,31554600
2014-12-17,75.44745635986328,75.74484785866514,74.24799042386105,74.35703346922307,29203900
2014-12-18,77.717529296875,77.717529296875,75.84398235711387,76.22067173339526,34222100
2014-12-19,79.18463897705078,79.30359709536677,77.64813632111627,78.06447839075166,43335000
2014-12-22,80.74095916748047,81.17713130359176,79.30358471962887,79.38289011946351,31395800
2014-12-23,79.90829467773438,81.45471253736466,79.70012362455192,81.30601676709689,19865800
2014-12-24,80.06689453125,80.72115286727391,80.04707195878596,80.32463335116677,7685500
2014-12-26,80.07681274414062,80.57246026799689,79.80916640896989,80.31472143795695,10647400
2014-12-29,79.32341003417969,80.25522960704716,79.01611105290614,79.78931982061341,14134700
2014-12-30,78.5303726196289,79.88844160955578,78.41141452496527,79.15488559991054,14370800
2014-12-31,77.34083557128906,79.10534709261425,77.18223229788894,78.84760826498548,19935400
2015-01-02,77.76708221435547,78.24290709611357,77.02361103615712,77.89595539221699,18177500
2015-01-05,76.51805114746094,78.56011609844697,76.19092203502743,77.30117497890204,26452200
2015-01-06,75.48709869384766,76.91455802825116,74.70397491336584,76.5576988668845,27399300
2015-01-07,75.48709869384766,76.68656446507305,75.15996960270103,76.09178911215668,22045300
2015-01-08,77.49942779541016,77.54899556062028,75.41771022722993,76.0719608627247,23961000
2015-01-09,77.0632553100586,77.93559957069412,76.52795521275381,77.51925000858212,21157000
2015-01-12,76.0521469116211,77.32100318978695,75.54658438851502,77.16239237352623,19190200
2015-01-13,75.78449249267578,77.40030802878574,75.18971706203146,76.5577088717913,25179600
2015-01-14,75.61598205566406,76.52797164857807,75.36815830348216,75.75476275184747,25918600
2015-01-15,73.40538024902344,75.90343972487867,72.89981780209627,75.73492143022922,34134000
2015-01-16,74.52556610107422,74.66434681037194,73.19722673110569,73.39549028937486,21791500
2015-01-20,75.57632446289062,75.6457148064973,74.16868745659526,75.06085441938114,22821600
2015-01-21,76.07196807861328,76.62709836230351,75.18971622763577,75.49702278772602,25096700
2015-01-22,76.97405242919922,77.07318040909078,76.01249514199291,76.49822753754762,19519500
2015-01-23,77.15248107910156,77.5093478351747,76.36935722899551,76.974047701065,16746500
2015-01-26,76.82535552978516,77.78691280262184,76.61718450622979,77.30118041432598,19260800
2015-01-27,75.1203384399414,76.2107614933919,74.97164266833882,76.04224314830014,20110000
2015-01-28,75.57632446289062,76.96413889800418,75.3384157938078,76.23058275659368,53306400
2015-01-29,77.32099151611328,77.34081408366313,73.56398345668313,76.18100102603636,61293500
2015-01-30,75.24919891357422,77.47961242151156,75.09058810055724,77.32100160849458,42649500
2015-02-02,74.33719635009766,75.47718690440429,73.10799289232196,75.44744926991461,41955300
2015-02-03,74.74363708496094,74.92207046974838,73.21704202910837,74.53546606320558,26957700
2015-02-04,74.97161865234375,75.68535207701788,74.35702075230223,74.43631858383816,20277400
2015-02-05,74.95182037353516,75.31860226978783,74.55530083544761,75.05094836731176,15062600
2015-02-06,73.82173156738281,75.04102004514603,73.6036454818044,75.02119747508426,21211000
2015-02-09,73.7919921875,74.17859657989936,72.81060482558195,73.40538779510064,16194300
2015-02-10,74.53546142578125,74.68414960136984,73.85146556615605,74.19841724749513,15811300
2015-02-11,75.8439712524414,76.08187989931314,74.37685154361012,74.43632681458317,20877400
2015-02-12,75.56642150878906,76.20084970653022,75.22937727456244,76.1909346388522,17235000
2015-02-13,75.08067321777344,75.81423688530275,74.84276456064548,75.79440675213716,18621900
2015-02-17,74.94189453125,76.24049602086794,74.42642449992947,74.64451059267356,25254400
2015-02-18,76.04222869873047,76.23057714450246,74.79319504278403,75.27893497525078,22426400
2015-02-19,78.7286376953125,79.1449797305421,76.28013812725594,76.31979083008443,45851200
2015-02-20,79.20446014404297,79.64062473585815,78.51054921023507,78.85750845862877,36931700
2015-02-23,78.1536865234375,79.49194069289109,77.69769177560839,79.26393953748658,24139100
2015-02-24,77.76708221435547,78.788122318651,77.42013051045889,77.81664998476066,18897100
2015-02-25,78.86741638183594,79.5018444851092,77.81664625384826,77.81664625384826,25593800
2015-02-26,79.71002960205078,80.6616718350596,79.026033674615,79.1846369319597,31111900
2015-02-27,78.28256225585938,80.52289092741896,77.93561054107762,79.97767568777608,30739200
2015-03-02,79.05577087402344,79.1648139216467,77.83647477922692,78.31229967458121,21662500
2015-03-03,78.90707397460938,79.00620195383146,77.83647364785872,78.9169890414256,18635000
2015-03-04,80.19575500488281,80.44357871777616,78.16359753396557,78.60968475496131,28126700
2015-03-05,80.5030517578125,81.27626051053582,80.34444851870532,80.52288188956297,27825700
2015-03-06,79.3134994506836,80.62200829051694,79.13506608329817,80.1957512219284,24488600
2015-03-09,78.74847412109375,79.21438396283529,77.94552005986628,78.98638279409654,18925100
2015-03-10,76.87491607666016,78.5700293060209,76.87491607666016,77.81664312753415,23067100
2015-03-11,76.89474487304688,77.74725908967463,76.58744587506939,77.12274602711332,20215700
2015-03-12,78.24290466308594,78.36186277057135,77.23178721988889,77.42012810301617,16093300
2015-03-13,77.37056732177734,78.68898374578289,77.00378549865962,77.91577496032681,18557300
2015-03-16,77.39038848876953,77.4399562563664,76.68657005417496,77.28134545044,19305400
2015-03-17,78.66915893554688,79.0855009523221,77.6580339656877,77.67786409771284,22170000
2015-03-18,80.20567321777344,80.53279478376231,78.48081466301844,78.56012006937081,36912400
2015-03-19,82.0296401977539,82.27746388415196,80.29487439296757,80.41383248511097,42099500
2015-03-20,83.07052612304688,83.86355760528562,82.34687742706045,82.6640915325521,44466300
2015-03-23,83.69503021240234,84.22041530875973,82.57486967796076,83.18946768668977,27357300
2015-03-24,84.56736755371094,85.32075381365149,83.78424365612457,83.97259211185474,32576500
2015-03-25,82.19817352294922,84.77553882027803,82.19817352294922,84.7557162494514,37436100
2015-03-26,82.28739166259766,83.04077034029963,81.42496237801527,81.99991523440353,32794800
2015-03-27,82.57485961914062,83.21919518683737,82.1585100565171,82.6541574550402,18372600
2015-03-30,82.4757308959961,83.60580645285862,81.69261459711852,83.08042137713934,24527700
2015-03-31,81.50425720214844,82.77311329771341,81.49434213681401,82.1783379482897,19734300
2015-04-01,80.95906066894531,81.99992344200415,80.16602920835915,81.78183733237424,22058200
2015-04-02,80.85001373291016,81.84130868329102,80.73106317917183,81.53400966882664,19664100
2015-04-06,81.72235870361328,82.08913299752324,80.09663557860715,80.09663557860715,19062900
2015-04-07,81.60340881347656,82.69383186389778,81.50428082034392,81.93053799749725,17467000
2015-04-08,81.56373596191406,82.37659740563981,81.12756382426343,81.91068763369105,18966700
2015-04-09,81.45470428466797,82.0792249439222,80.99870951489932,81.7818334335173,15927300
2015-04-10,81.32582092285156,81.89085861897598,81.19695533004376,81.4943392125953,12529700
2015-04-13,82.28739166259766,83.20929622095127,81.20687629021421,81.21679135683605,26883100
2015-04-14,82.7929458618164,82.9614717409337,81.722353128782,82.4459941630099,19634200
2015-04-15,81.989990234375,82.93172481187749,81.55381811161685,82.82268178118794,22390900
2015-04-16,81.59349060058594,82.34687693272382,81.43488733028263,81.75210143387004,13769700
2015-04-17,80.07681274414062,81.39523697271372,79.67038570732862,80.770723815328,24215000
2015-04-20,82.3666763305664,82.42615915780216,80.53278257384606,80.8301740210888,28796800
2015-04-21,82.89207458496094,83.75449622779455,82.81276918518935,83.26876388940717,27171900
2015-04-22,83.89327239990234,84.00231542799965,82.92180777519027,83.58597344598019,45548000
2015-04-23,81.69261169433594,84.84492203664057,81.69261169433594,83.36789483725603,73728100
2015-04-24,80.82027435302734,82.21800383317779,80.77071414436435,82.04947794737929,29660400
2015-04-27,81.19697570800781,82.20809326320851,80.91940675979495,81.15732300112026,25446000
2015-04-28,79.9776611328125,81.18704194394212,79.53158151827134,81.11765161361397,23775300
2015-04-29,79.7695083618164,80.68149792957172,78.82777359171602,79.31351357793875,26430300
2015-04-30,78.08428955078125,80.25522762415154,77.63820990750372,79.31350057146376,28999000
2015-05-01,78.30237579345703,79.06567704089836,77.43003907364621,78.55019949870798,24136400
2015-05-04,78.12393951416016,78.99628376446793,77.94550615050439,78.63941703715639,14692000
2015-05-05,76.88481903076172,78.11402997635317,76.54778244318196,77.86620628678729,22311300
2015-05-06,77.42013549804688,78.12395401785871,76.37928031930278,77.29126987486343,28663000
2015-05-07,77.74725341796875,78.25281589629247,76.88482419764937,77.32099634075057,19749400
2015-05-08,77.8265609741211,78.54029447787595,77.35073611729135,78.41142130676606,19943600
2015-05-11,77.3309097290039,78.3420271007367,77.25160432961881,77.79681949666734,18874100
2015-05-12,76.78569793701172,77.2119550237184,76.12153220467182,77.19213245449043,21285300
2015-05-13,77.75716400146484,77.84637690033134,76.97404022739494,77.04343055861739,21512300
2015-05-14,80.66165924072266,81.1374765014439,77.98515878799442,78.25281261475675,49438000
2015-05-15,79.71994018554688,80.81036314697128,79.48203150884967,80.70132765751127,27069900
2015-05-18,80.17591857910156,80.67156596598197,79.53158302654019,79.63071099132048,21613700
2015-05-19,79.9281005859375,80.97887826388852,79.8488027462453,80.54270611217378,17955400
2015-05-20,79.84880828857422,80.39401595308121,78.76829290036731,79.76950288039794,23056900
2015-05-21,79.7794189453125,80.21558356977908,79.38289946245007,79.49194250931174,13402700
2015-05-22,79.83889770507812,80.60219150344187,79.55142125653114,79.65054924082793,19567900
2015-05-26,78.63941955566406,79.89836064406938,78.39159585170418,79.72984234049169,16321300
2015-05-27,79.84880828857422,79.95785133407162,78.73855526304621,78.90707358318582,14160900
2015-05-28,79.45228576660156,80.36427523674763,79.30359002271304,79.551413741534,11982000
2015-05-29,78.50064086914062,79.3729776064391,78.19333432564298,79.25401950286135,16134600
2015-06-01,79.59107971191406,79.68029263533113,77.9752715185192,78.60969973942153,18119000
2015-06-02,79.73976135253906,80.64183574684672,78.86741703112197,79.06568054188932,18923300
2015-06-03,81.72235870361328,81.8115716195437,80.54271528421992,80.64184326735828,31775000
2015-06-04,81.33574676513672,82.22790609398459,80.80044663004023,81.42495967282966,20863900
2015-06-05,81.42496490478516,81.74217897970865,80.80045182186768,81.15731860152913,16143100
2015-06-08,79.96775817871094,81.28618221759938,79.43245802240331,81.10774883216351,16915500
2015-06-09,79.96775817871094,80.48323576462789,78.62951156943181,79.89836783787365,16497500
2015-06-10,81.44479370117188,81.88095832016649,80.10653951792796,80.12636965146135,21531200
2015-06-11,81.11766815185547,82.17835345339726,80.65175831195742,81.59348549597834,18656800
2015-06-12,80.82027435302734,81.37539709312563,80.4931452113351,80.6616710971336,11417900
2015-06-15,80.00740814208984,80.22549422381722,79.3729800295991,79.848804895457,18805100
2015-06-16,80.35435485839844,80.80044206057467,79.74966441941098,80.11644622169197,13693700
2015-06-17,81.0780029296875,81.50425999794228,80.63191573008366,81.04826529564308,18350300
2015-06-18,82.18826293945312,82.46582429850652,80.85992385443781,80.92931419420115,26782600
2015-06-19,81.79174041748047,82.25765020834652,81.40513602994896,82.10895446783913,23353200
2015-06-22,84.00232696533203,84.23032811802642,82.58477496835164,82.68391050785866,29383100
2015-06-23,87.11498260498047,87.20420306799227,84.02214772951235,84.22040366046016,50667900
2015-06-24,88.08646392822266,88.47306832764119,86.68873451264813,86.89691309354711,41370200
2015-06-25,87.2141342163086,88.62177124936116,87.07534596347686,88.4829905595098,27302000
2015-06-26,87.24385833740234,87.5709798768069,86.07413015919488,87.35290137153027,38214600
2015-06-29,85.05309295654297,86.73829101390737,84.98370262625099,85.85603928748992,35957900
2015-06-30,85.02334594726562,85.94525035175198,84.82509002579746,85.8461223910179,23016500
2015-07-01,86.1534423828125,87.18438241134707,85.73709278181144,86.01465414049228,25260000
2015-07-02,86.53013610839844,86.67883186180244,85.58840137882663,86.63917915669602,16908800
2015-07-06,86.7878646850586,87.4222927660547,85.63795906139113,85.73708703098815,24635900
2015-07-07,86.46073913574219,87.08525217657755,84.48806447658131,87.03569197122975,33059900
2015-07-08,84.90441131591797,85.99483421410602,84.70614779435104,85.5388394589721,24399300
2015-07-09,85.13239288330078,86.83742111296607,84.90439931943796,85.97499949568997,23307400
2015-07-10,87.18437957763672,87.45203342407939,86.01465134480102,86.58960417651237,23245900
2015-07-13,89.31566619873047,89.43462430570236,87.6502905160223,87.88820672996607,29976700
2015-07-14,88.89933776855469,90.00959091453241,88.86960012800739,89.67254667470777,26627800
2015-07-15,88.9786376953125,90.19792626040608,88.64159347628363,89.21654636799265,30886600
2015-07-16,90.05912780761719,90.06904287289247,88.98852764725373,89.4940900945885,21804100
2015-07-17,94.14327239990234,94.55961441862667,91.73442563016955,91.74434069622855,54001600
2015-07-20,97.05768585205078,97.74167418009631,94.52988086928924,95.0156132454624,54860500
2015-07-21,97.53350830078125,98.3761074851051,96.29438962884025,98.08863104565715,39453300
2015-07-22,96.19525146484375,96.7305515820152,95.08499852963861,95.89785998986649,28299500
2015-07-23,94.60918426513672,96.60168149695419,93.9846636603459,96.11594913110103,29418800
2015-07-24,96.10603332519531,96.90898730189261,95.0453481311192,96.50255278044366,33444900
2015-07-27,93.3502426147461,95.7690046866876,93.0132059656291,95.73926704858671,38585400
2015-07-28,94.46047973632812,94.72812599707126,92.49771275995577,94.01439255111768,35236000
2015-07-29,96.14569091796875,96.4331673485733,93.91527737708715,95.48152514535475,64648300
2015-07-30,94.38118743896484,94.97596287215094,91.00087572985284,94.08380350386177,86211300
2015-07-31,93.1916275024414,95.49143116644446,93.13214467082616,94.1234394839823,46509000
2015-08-03,93.32049560546875,94.25231517495165,91.99216415048451,92.71580514820594,29343100
2015-08-04,93.24119567871094,93.90536900818567,92.51755463849412,92.97354938398222,20136000
2015-08-05,95.6004867553711,96.2448224181546,94.35145300913466,94.4208433526489,29813200
2015-08-06,94.2919692993164,97.88045183293139,93.59805836325648,96.33403427979253,42271300
2015-08-07,93.47911071777344,94.56953357911003,92.79511482669858,94.54970344613349,23199100
2015-08-10,93.33041381835938,95.06517984634755,92.81493624905998,94.84709376418085,21624200
2015-08-11,92.80502319335938,93.93509867608628,92.0912897173257,92.91406622791892,22491000
2015-08-12,93.37007141113281,93.61789514239669,90.39618663596626,91.89303652745443,27050500
2015-08-13,92.61668395996094,93.90537037116036,92.53737855186067,93.23128952826804,17451800
2015-08-14,93.59806060791016,93.89545209663633,92.39859471254609,92.72572383754894,15929700
2015-08-17,93.1123275756836,93.6377126474633,92.5770274375553,93.59805994504866,18313500
2015-08-18,94.3415298461914,95.01561065233241,93.22136937902192,93.26102208091017,22278800
2015-08-19,94.48030853271484,95.26343236182065,93.34032552008506,93.80622774076171,23251300
2015-08-20,89.77165985107422,93.94501029247724,89.6725318779466,92.72572185334639,44598200
2015-08-21,85.31082916259766,88.40367170095904,84.86474952206498,86.7581186816125,62778700
2015-08-24,81.37538146972656,81.37538146972656,71.3732211864643,76.35943251205322,83710700
2015-08-25,82.27748107910156,86.9068266933767,82.27748107910156,86.19309311731247,52021200
2015-08-26,86.4310073852539,86.69865368869964,82.53521800700533,85.20179622644653,45124300
2015-08-27,88.94889068603516,89.27601224039121,86.43100084623484,88.32437008694362,42431400
2015-08-28,90.2177505493164,90.68366036023805,89.00836956683384,89.09758247719081,33215900
2015-08-31,88.65150451660156,90.2574050009518,88.11620435515148,89.81131775158674,32850700
2015-09-01,86.47065734863281,88.61185039725655,85.7470087448094,86.0939604467878,36097400
2015-09-02,89.10748291015625,89.10748291015625,86.86715469680146,88.03688278381199,27190500
2015-09-03,87.38263702392578,89.03809750380708,86.96629502832313,88.978622236715,27048200
2015-09-04,87.49169158935547,87.62055720603597,85.94526637428925,86.44091383334046,27328700
2015-09-08,88.7506332397461,89.454451727468,88.0567298188879,88.90924405764514,27012500
2015-09-09,89.6527099609375,91.1793049597468,89.38505611226763,89.98974658462001,32551100
2015-09-10,91.17931365966797,91.25861150852565,88.84976445555357,89.28593665768227,26437400
2015-09-11,91.24869537353516,91.27843300941659,90.33669834961984,90.88191355071163,21185000
2015-09-14,91.50641632080078,91.81372283736371,90.80259795302429,91.50641632080078,20127900
2015-09-15,92.09130096435547,92.43825267897275,90.99096298158345,91.56591585893787,18859400
2015-09-16,92.63650512695312,92.78520087414323,91.82364361369106,92.09129747122923,16321200
2015-09-17,93.51876068115234,94.67858150474673,92.09130111538875,92.5572109456304,27841800
2015-09-18,93.5782470703125,94.36137100743154,92.24000036783531,92.3886885635702,62300000
2015-09-21,94.71822357177734,95.65003556462688,93.69718354893246,93.79631908183458,28790000
2015-09-22,92.15077209472656,93.85580051611926,91.11982450125703,92.95371853571598,36888900
2015-09-23,93.1519775390625,93.49892922126436,91.99216438871079,92.58693978148247,21701400
2015-09-24,93.58816528320312,93.94502452794141,91.43704936918006,92.24991097276651,29106000
2015-09-25,91.9624252319336,95.01561536184566,91.25860675523606,94.95614008755514,28961600
2015-09-28,88.43340301513672,91.48659263522748,87.41237064108176,91.27842164699112,41199900
2015-09-29,85.91552734375,89.27601645659037,84.97380021201428,88.3243742582,42281800
2015-09-30,89.1174087524414,89.23635929443464,87.24386208625276,87.6701191753474,36169100
2015-10-01,90.15826416015625,90.15826416015625,87.59081411243095,89.26610483982176,29283700
2015-10-02,91.26850891113281,91.39737450819295,87.6007212977829,88.12610631430816,37881700
2015-10-05,93.1916275024414,93.44935870851695,91.85338101727649,92.13094235488353,27292500
2015-10-06,91.9921646118164,93.35023370872588,91.53616232784009,93.26102080293451,22172800
2015-10-07,91.59562683105469,92.84466020303114,90.57459455543838,92.29944512237294,24129300
2015-10-08,91.6650390625,92.40851022492367,89.68244929603686,91.09008621511055,27290500
2015-10-09,92.42832946777344,92.92397689154761,91.43703462022509,92.09129284983716,20012900
2015-10-12,93.439453125,93.77648973816586,91.86329040695779,92.50763356134009,18449600
2015-10-13,93.3006820678711,94.53980073745777,92.73564425705878,92.84468730502083,19480300
2015-10-14,93.25111389160156,94.37127444137856,92.79511913072827,93.26102895854972,19253400
2015-10-15,95.1246566772461,95.46170087238444,94.07388651465796,94.16309942447175,27557500
2015-10-16,96.69091033935547,96.74047054907182,94.51997197850424,95.34274860219438,25412900
2015-10-19,97.61280822753906,97.71193620312984,96.07629813545302,96.33403692237282,23729900
2015-10-20,96.15560913085938,98.72305939391678,95.71943693732862,97.87055270389423,30881800
2015-10-21,96.2646484375,97.32533367901061,95.63022030592244,96.5223872293846,21917800
2015-10-22,98.80235290527344,98.86183573730597,96.70081272694645,96.93872136613871,26392100
2015-10-23,101.30042266845703,101.95467333365154,99.28809534243376,101.0228613218303,42809700
2015-10-26,102.86665344238281,102.90630614015713,100.66598543824917,101.31032097889015,25961200
2015-10-27,102.79727172851562,103.19379117651636,101.50859297623751,102.04389309659159,23795500
2015-10-28,103.29291534423828,103.57048424170354,102.0240592077423,102.99553144142281,24081500
2015-10-29,103.96700286865234,104.20491908194121,102.61884124526726,103.05501340665056,20316700
2015-10-30,101.08234405517578,103.80840508120326,100.76512998375725,103.60023405586422,33487100
2015-11-02,102.41068267822266,102.56929350636001,100.29922707876283,100.83452727925558,24003900
2015-11-03,101.68704223632812,102.74772757672855,101.50860883499999,102.3214704270547,21242300
2015-11-04,103.0351791381836,103.23343506376759,101.58788970507985,102.29170807277545,43469300
2015-11-05,107.813232421875,109.68677912536012,107.01027843253875,107.85288512432194,63232900
2015-11-06,106.16767120361328,107.79339406500429,104.98803553848118,107.09949073257366,35084300
2015-11-09,105.56298828125,107.30766936500352,104.93847523764136,106.06855078111202,26383500
2015-11-10,106.97064208984375,107.20855076111026,104.32387881545506,105.03761239223492,25031700
2015-11-11,108.0610580444336,108.91357225461873,106.17759624139714,107.32749438070604,25057100
2015-11-12,107.07966613769531,108.43774280193067,107.05984356844917,107.53566842313103,20924700
2015-11-13,103.04509735107422,107.30766826099854,102.9261468085514,106.77236813070715,30278400
2015-11-16,103.13431549072266,103.26318109653731,99.59539323401559,102.42058199979361,49309200
2015-11-17,104.21482849121094,105.27551371517187,103.23344867313001,103.70927354543034,26807200
2015-11-18,106.83184814453125,106.94089118867093,104.47256900301234,104.87900354262024,23836500
2015-11-19,105.33499908447266,106.79220380990097,105.02769252004154,106.42542197111929,25520600
2015-11-20,106.3857650756836,106.9309802790157,105.69186169233332,105.90994021068651,22129600
2015-11-23,106.01898956298828,106.53446716100471,105.15656781562171,106.25690579114053,19897200
2015-11-24,104.81952667236328,105.56299789037442,103.48127999253929,105.0772654789083,23577300
2015-11-25,104.49240112304688,105.67203693474518,104.18509455509215,105.40439063411885,15150800
2015-11-27,104.53205871582031,105.03762130275717,103.94719827372117,104.8591878934254,5913100
2015-11-30,103.33258056640625,105.17638972662805,102.84684817219129,104.9186509292368,20383200
2015-12-01,106.18750762939453,106.21724526497876,103.59031238566503,103.91744150305064,22781900
2015-12-02,105.14664459228516,106.98053855489798,104.86908324395192,106.06854910666601,24429100
2015-12-03,103.47135925292969,105.91985887342742,102.4503267129119,105.34490601456966,23236500
2015-12-04,105.25569152832031,106.79220163017443,103.20371141232935,103.89761480885585,21224700
2015-12-07,104.6906509399414,105.90003188118547,103.7489238466013,105.55308019221698,15474900
2015-12-08,105.56298828125,105.97933787330206,103.04509841122491,103.09466617977243,20401800
2015-12-09,103.689453125,105.51343981619321,102.64859793650267,105.25570100443082,23517300
2015-12-10,104.5022964477539,105.4737686836189,103.50109414081757,104.13552221049216,17454300
2015-12-11,101.23102569580078,103.43169375535774,101.02285469947697,103.24335288990991,26427700
2015-12-14,103.74891662597656,103.82821446152218,100.57676875180093,101.39954524479158,24648100
2015-12-15,103.63987731933594,104.87899585465568,103.37222348043844,104.38334844052778,21764300
2015-12-16,105.86038208007812,106.15776600892342,103.28301688185329,104.45274515312961,22680500
2015-12-17,105.29534149169922,106.81202142105839,105.20612102133595,106.55428263920624,21675700
2015-12-18,103.13431549072266,105.66211278095378,103.06492515482563,105.15655786069519,35994200
2015-12-21,103.85797119140625,104.23466812217156,102.69815788590147,103.99675944583274,16138800
2015-12-22,104.59152221679688,104.74021795756902,103.8976112808534,104.30404580143195,14597100
2015-12-23,103.71917724609375,105.18629694916336,102.95588354067894,104.96821087247928,19599700
2015-12-24,104.10579681396484,104.40318833699085,103.5903267454311,103.82823542606354,6501800
2015-12-28,105.00787353515625,105.05744130746089,103.62005910340896,104.10579150747745,13069700
2015-12-29,106.3262939453125,106.80211126586403,105.32508397063957,105.4936022898774,17179900
2015-12-30,105.29534149169922,106.31637398987019,105.13673068348878,106.06855027427608,13115000
2015-12-31,103.74891662597656,105.24576631748981,103.70926392671423,105.07724801785918,18391100
2016-01-04,101.33016204833984,101.34998461787755,98.88166252804486,101.0625082002134,37912400
2016-01-05,101.83573150634766,102.80719630266707,100.78495373751754,101.99433476242874,23258200
2016-01-06,102.07363891601562,102.86667031262355,100.0216587382853,100.24965233415533,25096200
2016-01-07,97.06759643554688,100.54704371106347,96.45299842745324,99.625139135943,45172900
2016-01-08,96.48272705078125,99.62512982825906,96.185335578341,99.0105243146062,35402300
2016-01-11,96.66117095947266,97.74167880537391,94.55962298047022,97.05769044496105,29932400
2016-01-12,98.50497436523438,99.0898347107424,96.70081799683214,98.1381925391326,28395400
2016-01-13,94.60918426513672,99.70443926239523,94.38118311864586,99.70443926239523,33410600
2016-01-14,97.51367950439453,98.00932694152843,91.64520810086469,95.0156121859711,48658600
2016-01-15,94.14327239990234,95.54099419504242,92.7257204726443,93.16189262348661,46132800
2016-01-19,94.43074798583984,96.57194089410804,93.1024089757927,95.68968909706048,30998300
2016-01-20,93.52867889404297,94.17302213705045,88.59203417939084,92.02191386756155,59051400
2016-01-21,93.34033966064453,95.1544037400484,91.81374447221562,94.08381090132859,30518900
2016-01-22,97.08741760253906,97.21628320714557,94.658740742954,95.57073773002386,30495400
2016-01-25,96.16551971435547,98.61401931082437,96.08621430777822,97.86063307430014,32482000
2016-01-26,96.4926528930664,97.02795310741043,94.82728453241494,96.90900254621003,26877100
2016-01-27,93.62779998779297,96.99820414987701,93.40972146337624,96.93872887621608,58699400
2016-01-28,108.16018676757812,109.37947525506556,103.89761568722238,106.26680988493783,107475300
2016-01-29,111.23319244384766,111.85770546675377,107.89252612974619,108.04122186747985,62739500
2016-02-01,114.08811950683594,114.7126400963508,111.03493714746106,111.29266836051919,46132700
2016-02-02,113.61231231689453,116.56636696742387,112.2145828380146,113.800660773391,59778600
2016-02-03,111.70902252197266,114.33594790534359,108.79461315267237,114.26655756621643,56919300
2016-02-04,109.52816009521484,110.96554208986385,108.29895666353292,110.8267614232052,38890200
2016-02-05,103.1640625,108.62609965214851,102.28181062214956,108.55670930994611,76894700
2016-02-08,98.88166046142578,101.78615465018032,96.61159436633275,99.53591868719016,71229700
2016-02-09,98.67349243164062,101.50859636959922,95.97716917067473,96.29438322708369,62709000
2016-02-10,100.12078857421875,102.35120218107016,99.36740230493672,100.66600381441894,45179400
2016-02-11,101.02286529541016,104.19500590017188,98.0192354428948,98.73296896971112,43670600
2016-02-12,101.12199401855469,103.33257739174645,100.20999697033862,102.83692994590331,36176800
2016-02-16,100.72547149658203,103.02527527307458,99.36739481345849,102.89640966373365,45687200
2016-02-17,104.28423309326172,104.7997107390024,99.5260215343907,101.13191462670557,44073400
2016-02-18,102.56929016113281,105.07726518615958,102.13311796096109,104.87900922043443,29593500
2016-02-19,103.65969848632812,104.10577812781887,101.17154638342086,101.65728628804233,32404500
2016-02-22,106.22715759277344,107.3076653270373,104.4229937420573,104.57168947912481,35709700
2016-02-23,104.54195404052734,106.5344588079402,104.20491742154123,105.91985327787319,25319300
2016-02-24,105.94960021972656,106.01899056284702,101.84563978264732,103.30284455115724,34412400
2016-02-25,107.12923431396484,107.12923431396484,104.69064988649369,106.17759216395021,29906300
2016-02-26,106.98055267333984,108.49723278616267,106.2271739321474,107.75376154944712,26686200
2016-02-29,105.98924255371094,107.96192473207113,105.82072424590513,106.66332334791363,32779000
2016-03-01,108.86400604248047,108.86400604248047,106.66333014577194,106.89133130137738,26817300
2016-03-02,108.99287414550781,109.58765715180294,107.82314582969688,108.72522784305909,25670200
2016-03-03,108.62609100341797,109.33982450237566,107.59514345636568,109.29025673490047,21353100
2016-03-04,107.44644927978516,109.09200237775968,106.99045455170271,109.09200237775968,24938900
2016-03-07,104.80962371826172,107.12925038892845,103.80841365023977,107.12925038892845,31436400
2016-03-08,105.00787353515625,106.43534067215121,103.49119348358923,103.86788283897168,25617000
2016-03-09,106.5741195678711,106.5741195678711,104.5716995829094,105.77116553531633,20493300
2016-03-10,106.3857650756836,107.71410413335653,104.84925500300558,106.9706329813471,24854300
2016-03-11,108.45757293701172,108.46748044014531,106.98053816832214,107.53566842596219,20697600
2016-03-14,108.93339538574219,109.36956755961258,107.82314238088112,108.32870489486909,17249400
2016-03-15,109.70658874511719,109.86519953618226,107.89251752794911,108.1601713471267,17618500
2016-03-16,111.20346069335938,111.52067475458657,109.14156551389276,109.52816991467029,24744800
2016-03-17,110.05354309082031,111.70901112042588,109.76607426019088,111.17371103194598,24241200
2016-03-18,110.47980499267578,111.44136218101475,109.31007679907465,110.58884802823871,36256900
2016-03-21,110.87632751464844,111.39180507217146,110.06346603976627,110.6879866358815,18448000
2016-03-22,111.2728500366211,111.89736308698244,110.2022497534476,110.39059820038916,19001100
2016-03-23,111.56033325195312,112.20467647437552,111.02503307777054,111.03494814478694,18562000
2016-03-24,112.06588745117188,112.10553259032778,110.70781076420383,111.15389042801412,17839100
2016-03-28,112.7003173828125,113.59247672486774,111.9667537259061,112.3335355543593,21351800
2016-03-29,115.12899017333984,115.30742355955206,112.65075289982559,112.83910135276626,29825300
2016-03-30,113.70152282714844,115.97158907212416,113.36448618894119,115.71385784160564,33235200
2016-03-31,113.10675048828125,114.00883250870277,112.77962134485497,113.70152593625075,21207500
2016-04-01,115.04969024658203,115.15873329685,112.36328182166635,112.7598013169153,24760500
2016-04-04,111.57024383544922,113.55283363216635,110.6384242108386,113.07700875324309,48487900
2016-04-05,111.24311065673828,112.33353349266605,110.92589660332331,111.13406761684755,22962400
2016-04-06,112.72013854980469,112.81926652402377,111.44136726233333,111.4909350309327,20814600
2016-04-07,112.65074920654297,113.88986780267528,112.08571142922581,112.79944495067478,20714500
2016-04-08,109.66694641113281,113.33474188985046,108.94330540670434,113.25543648682338,48497800
2016-04-11,108.04122161865234,109.94451344389688,107.82313554554248,109.73633487376158,39762300
2016-04-12,109.64712524414062,110.19234044320017,108.04122484571221,108.38817653466846,26248100
2016-04-13,109.54798126220703,111.66935135094657,105.59270989715529,111.25300938503959,88227400
2016-04-14,109.87511444091797,111.06467276511277,109.30016919201873,109.65703593297924,28473300
2016-04-15,108.68557739257812,110.00400148730694,108.2494051957102,109.82556809431372,20922800
2016-04-18,109.488525390625,109.84539218153662,108.24940668967642,108.78470687604386,21167200
2016-04-19,111.3125,111.47110324380057,108.20974983141478,110.13285670425651,30210500
2016-04-20,111.44136810302734,112.28396723471552,110.58885390494856,111.45128316941795,21027900
2016-04-21,112.4524917602539,113.04726716588841,111.3323237239463,111.5702399365838,20875200
2016-04-22,109.59757232666016,110.77721579193614,108.06106962080199,110.24191558659193,38458200
2016-04-25,109.14156341552734,109.70660118756793,108.12053091192591,108.91356983123674,21017900
2016-04-26,107.813232421875,109.53808338192898,107.20854194477349,109.52816831557233,22521500
2016-04-27,107.94210052490234,107.99166829485043,105.38455788036991,107.00037339972747,52213100
2016-04-28,115.71385955810547,119.73851452076177,115.21821209716829,118.53904857285139,87110100
2016-04-29,116.55644226074219,116.81417345866882,114.83158389504189,115.80305610892984,37140600
2016-05-02,117.53783416748047,117.69644497925077,115.55524439823024,116.80427807049222,28095200
2016-05-03,116.40775299072266,117.13140154931487,116.00131847739483,116.49696589580667,24117500
2016-05-04,117.03226470947266,117.27018091300097,115.5552375367194,115.59489023730747,23448400
2016-05-05,116.7844467163086,117.94426746705629,116.22932400687702,117.01244786509925,22056700
2016-05-06,118.44982147216797,118.5985172147285,116.09054241273562,116.140110181249,26395600
2016-05-09,118.2020034790039,119.23295109756874,117.86496683832809,118.49939497852492,21138100
2016-05-10,119.45101928710938,119.45101928710938,117.96407713830719,118.57868261581781,23220000
2016-05-11,118.47957611083984,120.02600146722212,118.38044812256705,119.36183562651563,22038400
2016-05-12,119.23294067382812,119.78806335722469,117.8649565341812,118.9355567632854,22035500
2016-05-13,118.76703643798828,119.5898129985525,118.6381708270364,119.33207421366907,18124300
2016-05-16,117.636962890625,118.56878250824542,116.32845393712685,118.3407813556222,31247800
2016-05-17,116.32845306396484,117.97400620077451,116.17975731884665,117.78565775275949,21328600
2016-05-18,116.62584686279297,117.24044486241036,115.71385736705237,115.78324770775046,21642300
2016-05-19,115.79315948486328,116.46724034637069,114.87125488843374,116.03107571573426,20544100
2016-05-20,116.32845306396484,116.96288118435466,115.93193359797627,115.94184866444542,18944800
2016-05-23,114.9604721069336,116.57628009014918,114.93073446966274,116.39784670354415,20441000
2016-05-24,116.67540740966797,116.70515260975077,115.10916720607071,115.22811775448218,20183600
2016-05-25,116.8637466430664,117.63695539866552,116.35818416325954,117.10165528410167,20019800
2016-05-26,118.43000793457031,118.71748437531706,116.89349774922954,117.21071182816038,18481300
2016-05-27,118.34078216552734,118.80669197752617,117.97400789368305,118.5192155496337,13493600
2016-05-31,117.7757339477539,119.05450516012246,117.09174567172734,118.42007708680492,23547600
2016-06-01,117.74600982666016,118.0434013289613,116.79436760746859,117.46844845810179,15029500
2016-06-02,117.89470672607422,118.40026925971819,117.19088823095191,117.65679805970417,13228300
2016-06-03,117.43871307373047,117.94427561215048,116.83402255363484,117.94427561215048,14135100
2016-06-06,117.75592041015625,118.3903485321291,117.3296633066764,117.58740209465904,12744700
2016-06-07,116.73487091064453,118.26146572055622,116.64565045113466,118.2019828932234,17103000
2016-06-08,117.35940551757812,117.56757654418513,116.24915247936065,116.73489243775708,14505600
2016-06-09,117.52792358398438,117.64688169734966,116.68532441250889,117.10166646481724,13859200
2016-06-10,115.60480499267578,117.08183216146162,115.24793825132119,116.51679441481339,18510800
2016-06-13,112.95805358886719,114.47474117581618,112.32362544240935,113.99891628448276,31718200
2016-06-14,113.93944549560547,113.94935299989206,112.591283740553,113.07701615490885,17618500
2016-06-15,113.6023941040039,114.43508575331492,113.07700901672644,114.29630507225973,19819400
2016-06-16,113.39422607421875,113.50326912120767,111.95685145551776,112.87875603998215,19236300
2016-06-17,112.0361328125,113.43386208383501,111.5801381208317,113.42394701839163,24644300
2016-06-20,112.38309478759766,113.72134126201469,111.76848928570443,112.77960665929221,20785400
2016-06-21,113.3843002319336,114.20707675811984,112.97787328331036,113.12656902079861,19166300
2016-06-22,112.91840362548828,113.74117262958632,112.62101213573158,113.65195972044715,14846300
2016-06-23,114.07820129394531,114.08810879607012,112.55160647608722,113.37438293116935,16176900
2016-06-24,111.10433197021484,112.69040226568598,110.03373168465441,110.04364675108916,40643100
2016-06-27,108.02141571044922,110.59878115849337,107.28785953928616,110.59878115849337,36130400
2016-06-28,111.71891784667969,111.76848561050119,109.58764013597566,109.66693796991957,26813800
2016-06-29,113.16622161865234,113.25543452327646,112.05596868446055,112.38309779404109,20968300
2016-06-30,113.28517150878906,114.17733836481317,112.68048105987158,113.67177588590296,23192700
2016-07-01,113.19595336914062,114.12776531968603,112.8192565123649,113.20586087159758,14980000
2016-07-05,113.20587158203125,113.20587158203125,111.98658312231841,112.94814036014478,14207000
2016-07-06,115.6841049194336,115.77332538787284,111.98657939777446,112.37318378072587,24337600
2016-07-07,114.84150695800781,115.95175991362886,114.35577459872714,115.6147157315916,16630200
2016-07-08,116.21940612792969,116.47714490663395,114.84150689109383,115.41645971936506,18142600
2016-07-11,116.84391784667969,117.66668676202877,116.47713605727373,116.68530705245692,17711600
2016-07-12,116.90340423583984,117.68652809012278,116.54653747786332,117.59730761913882,15217700
2016-07-13,115.76341247558594,117.36931287055498,115.66428450223763,117.35939780432628,16207700
2016-07-14,116.26898956298828,116.61594129473868,115.6841215897686,116.47716060203852,14579700
2016-07-15,115.84271240234375,117.2503492210827,115.56515106489994,116.71504911473566,16646000
2016-07-18,118.33087158203125,118.56878023365427,115.87245697199458,116.29871406943313,20868400
2016-07-19,119.56007385253906,119.79798250166873,117.6270518977738,117.95417345420974,21541300
2016-07-20,120.85867309570312,121.13623445924043,119.51051141882489,120.19450732395605,20046500
2016-07-21,119.56007385253906,121.0371010785643,119.20320709735476,120.85866770097215,17801700
2016-07-22,119.94668579101562,119.95660085788897,118.27139494948335,118.85626288732968,18422400
2016-07-25,120.5711898803711,120.78927595744338,116.75470622054475,120.3332812340102,18487400
2016-07-26,120.16475677490234,121.0073558416672,119.69884700917919,120.93796550823902,17612000
2016-07-27,122.26631164550781,123.91186484082438,120.45224769210297,121.35432213539455,52654200
2016-07-28,123.91184997558594,127.21286347405054,122.55377337718103,126.40990954338294,78955800
2016-07-29,122.861083984375,124.74453811611205,122.63308284514422,123.56490240803095,35058800
2016-08-01,123.22785186767578,123.49550569394806,121.79047745969746,122.77185717574487,25006900
2016-08-02,122.01847839355469,123.71359922771306,121.00736098307196,122.98003559975676,23968400
2016-08-03,121.44354248046875,122.84126438162328,121.24527895914824,122.01848778484819,18525300
2016-08-04,123.27743530273438,123.70369241548202,121.44354123644055,121.86979834918819,21066000
2016-08-05,124.06055450439453,124.74454282193066,123.53516943332343,123.89203619159431,20184000
2016-08-08,124.16960144042969,124.35794232882907,123.46578296814388,124.15968637378344,15233900
2016-08-09,123.97134399414062,124.99237658229441,123.44595888085607,124.24890536999055,19621000
2016-08-10,123.79290771484375,124.38769072120564,123.4558710700201,123.98125617105703,10670100
2016-08-11,123.81272888183594,124.28854617688953,123.66403314101436,124.11011280049955,11729500
2016-08-12,123.79290771484375,123.91186582871215,123.099004291395,123.6144743255312,12159000
2016-08-15,122.82142639160156,123.83254375296734,122.62316289517166,123.82263625038014,19295100
2016-08-16,122.2266616821289,122.84125966718523,121.71118410945874,122.42491763286068,14222400
2016-08-17,123.28736114501953,123.29726864961498,121.78058851864347,122.58354260673121,13794200
2016-08-18,122.83135986328125,123.17831158029999,122.56370599373807,122.93048784486086,12400800
2016-08-19,122.4843978881836,123.0791808905343,122.20683652067595,122.52405059253898,11688300
2016-08-22,123.06925201416016,123.74333278660332,122.03830450554243,122.25639057353568,14386400
2016-08-23,123.28736114501953,124.0010871879033,123.1684030230486,123.42614183916197,13309500
2016-08-24,122.40510559082031,123.60457159076479,122.01849359657602,123.38648548841482,12243700
2016-08-25,122.8115234375,123.28734831287774,122.02839956607443,122.04822969916256,10730800
2016-08-26,123.87220764160156,124.10020879234648,122.83135255249587,122.9701332310433,17504800
2016-08-29,125.43846130371094,125.62680976049545,123.26752298765423,123.26752298765423,15925900
2016-08-30,124.74455261230469,125.4979388903359,124.06056424108685,125.4979388903359,17804300
2016-08-31,125.0221176147461,125.1212455938184,124.01099256446051,124.50664002280206,14200600
2016-09-01,125.0716781616211,125.52767291697305,124.50664036010019,125.2798491871309,13536100
2016-09-02,125.40872192382812,125.75567363178519,124.90315939910211,125.74575856499212,12118800
2016-09-06,128.60069274902344,128.80887134899803,125.36907657894662,125.56733254856564,26278400
2016-09-07,129.9091796875,130.8310765422327,128.8187494148466,128.90796231189347,27990800
2016-09-08,129.13597106933594,129.93891739513802,128.6799688297919,129.78030660521335,15676600
2016-09-09,125.99357604980469,128.8187649074121,125.99357604980469,128.5808638200089,27100700
2016-09-12,127.56973266601562,127.63911543784107,124.65532347825922,124.86349448267336,21252800
2016-09-13,126.10262298583984,127.2327061267738,125.55741533007877,126.91548449915734,18016200
2016-09-14,126.65774536132812,127.67878545571753,125.78540857671156,125.78540857671156,15691100
2016-09-15,127.23271942138672,127.97619067209378,126.55863095524576,126.86593754836487,15077200
2016-09-16,127.94644927978516,128.05547720576848,127.08401236860445,127.08401236860445,24119200
2016-09-19,127.53008270263672,128.8088615928508,127.1434782970752,128.77912395595837,14958800
2016-09-20,127.52017974853516,128.04556485365885,126.91548923354898,127.53008725253285,11083800
2016-09-21,128.80885314941406,128.87823592229512,127.27234313153065,128.00590675403183,14068300
2016-09-22,128.9476318359375,129.5919674177307,128.4321542949278,129.36397384469043,15538300
2016-09-23,126.8460922241211,127.4805279066973,126.19184153459089,126.44957275862836,28326300
2016-09-26,126.20174407958984,127.04435074677319,125.69618915485518,126.2612269130135,15064900
2016-09-27,127.56973266601562,127.88693914256922,126.32069907655156,126.499132446475,15637100
2016-09-28,128.10504150390625,128.34295773604612,127.28226488446138,128.08522649569827,12047600
2016-09-29,126.97496032714844,128.1645111839836,126.43966773565853,128.0554681397594,14532200
2016-09-30,127.15339660644531,127.47060309784037,126.34052755644433,126.91548039342958,18402900
2016-10-03,127.64903259277344,127.96623905572451,126.68747544958521,127.2624282350143,13156900
2016-10-04,127.0740966796875,128.15460449920275,126.43966854359084,128.04556145428177,14307500
2016-10-05,127.35164642333984,127.67877552825308,126.71721834513316,127.13356035339768,12386800
2016-10-06,127.61930084228516,127.93650731985815,126.96504262947019,127.31198674162945,11682700
2016-10-07,127.86713409423828,128.1248653218807,127.21287583257707,127.91668673827587,12804400
2016-10-10,129.10623168945312,129.5622187968677,128.07527669485478,128.55109393223088,15138700
2016-10-11,127.75808715820312,129.5027606768514,127.11373641978902,129.09632615159995,17537900
2016-10-12,127.9266128540039,128.53130336214636,127.34175247959274,127.88695258654138,11073000
2016-10-13,126.70731353759766,127.13357064618202,125.64662829944305,127.09392550569127,17139300
2016-10-14,126.76679229736328,127.82747756468643,126.46940835762544,127.37149036968442,13345300
2016-10-17,126.42974090576172,127.35164538107632,126.21165483760441,127.08399154725446,11351700
2016-10-18,127.4507827758789,128.2636366660205,126.89564496866093,127.55981068559328,13504000
2016-10-19,128.97738647460938,129.33425326144047,127.48053654632476,127.61931723420571,16752300
2016-10-20,128.86834716796875,129.52260548382137,128.37269967886118,128.9377450769051,13167500
2016-10-21,130.92034912109375,130.97982440603278,128.57096948426405,128.6502749061703,19088800
2016-10-24,132.11978149414062,132.2486546699185,130.99961343012583,131.5646587768815,17470200
2016-10-25,131.1383819580078,132.33785531705215,131.06899918775932,132.33785531705215,13336800
2016-10-26,129.8992919921875,131.10867311946592,129.80017156635444,130.49407505103184,13084700
2016-10-27,128.56100463867188,130.65263693991702,128.1446627038307,130.59316168150485,16741400
2016-10-28,130.14712524414062,131.81250885487134,128.79896332153484,129.36400878127142,24545500
2016-10-31,129.84971618652344,130.96986906704848,129.74067314937935,130.86082602990442,15669000
2016-11-01,128.37271118164062,130.79147356537146,127.53010432427195,130.2660883899174,22077800
2016-11-02,126.06295776367188,129.0963174282169,125.18070599767049,129.0963174282169,39640900
2016-11-03,118.95538330078125,122.2068292342592,118.45973587036133,120.93797302246094,63766300
2016-11-04,119.6988525390625,120.8685807587336,118.2119102714965,118.54894688858133,30545500
2016-11-07,121.08666229248047,122.13743236865687,120.29362342100221,121.76074306434325,23008900
2016-11-08,123.13864135742188,123.52524572467033,120.48197098893196,120.96770332365813,19460800
2016-11-09,122.10770416259766,122.73221721709533,119.4609486363716,120.44232845429073,31916000
2016-11-10,119.74842834472656,123.09900242321292,114.26656113075528,122.85117869531653,67846700
2016-11-11,117.98391723632812,119.6492929929524,117.12149550218804,118.48947975967299,32840100
2016-11-14,114.07820129394531,118.09294048129941,112.56152154119074,118.09294048129941,51377000
2016-11-15,116.17975616455078,117.45852745909441,114.82168702798108,115.71385392684638,34681400
2016-11-16,115.3272476196289,116.85384270738923,113.21579215799538,113.4834460222608,32397900
2016-11-17,116.7646255493164,116.7646255493164,115.00012186201369,115.79315323316041,18597800
2016-11-18,116.00133514404297,118.09296815529746,115.82290174525887,117.3594119882875,22879300
2016-11-21,120.70996856689453,120.88840193947225,116.77453443017264,117.17104631325257,35415400
2016-11-22,120.41258239746094,121.90943968586116,119.8475446553863,121.33448687800157,26089200
2016-11-23,119.7880630493164,120.25397282724636,118.89590375700216,120.17467498909306,15672100
2016-11-25,119.33206939697266,120.08545558846409,119.02477041857904,119.95658998271372,8658600
2016-11-28,119.36182403564453,120.63068031347514,118.77695610456261,119.0743476034829,18101300
2016-11-29,119.81781768798828,121.03710618381358,119.3519078733471,119.52042619179777,18891000
2016-11-30,117.3891372680664,120.72980371908162,116.92322746679648,119.27259904293261,30188900
2016-12-01,114.09803009033203,117.41886616131403,113.00760732175304,117.34947582775844,43277000
2016-12-02,114.39543151855469,115.46603181206181,113.30500865501065,114.10795509365111,25070400
2016-12-05,116.40775299072266,116.54653366283962,114.06829657078045,114.94063330451269,20201500
2016-12-06,116.2887954711914,116.77453538901771,115.31733076149767,116.66549235138156,19131200
2016-12-07,116.9232177734375,116.9232177734375,115.55523368218789,115.98149074556683,21913700
2016-12-08,117.8748779296875,118.45973827924597,116.61592919555154,116.95297338784029,22442800
2016-12-09,118.63817596435547,118.8959147603996,117.91452734726307,118.18218121011122,17464700
2016-12-12,116.74478912353516,118.20199373773286,116.6258385839137,118.18217116878908,17805500
2016-12-13,119.26268005371094,120.46214590530373,116.58618700476563,116.83401071533387,29768000
2016-12-14,119.1635513305664,120.63067101558892,117.81538974853905,118.95538032255946,25913100
2016-12-15,119.52042388916016,121.43362331824433,118.58860427782989,119.03469151352151,20139600
2016-12-16,118.8265151977539,120.44232306433953,118.23173224334894,119.84754767291399,25324300
2016-12-19,118.2020034790039,119.31225650583835,117.47836242673877,118.80669398184463,15918100
2016-12-20,118.05329895019531,118.72737974439885,117.76583010181065,118.45973346511748,13684400
2016-12-21,118.00374603271484,118.16234928427329,117.44862330779038,117.88478792181107,10767600
2016-12-22,116.37801361083984,117.95416874752807,115.9121038344414,117.82530314334566,16258600
2016-12-23,116.2491455078125,116.53662192626203,115.28759584152499,115.98149922193446,10890000
2016-12-27,116.98271179199219,117.64687755150477,115.84272115876652,115.94184913492097,12051500
2016-12-28,115.90221405029297,117.22063826620375,115.63456771769275,117.16116298406614,12087400
2016-12-29,115.337158203125,116.50688646838205,115.04968177930134,115.98150139011045,9934900
2016-12-30,114.04846954345703,115.8129730739498,113.77090064709422,115.58497194268227,18684100
2017-01-03,115.84271240234375,116.81417708339714,114.50446591796576,115.01993589279297,20663900
2017-01-04,117.65679931640625,118.618356622105,116.26898488229403,116.52672368535293,19630900
2017-01-05,119.61954498291016,119.897106324449,117.2900036515899,117.82530376583452,19492200
2017-01-06,122.33570861816406,122.80161087351247,118.98512697809012,119.92686168149302,28545300
2017-01-09,123.81272888183594,124.33811394482323,121.96891984679928,122.47448234040083,22880400
2017-01-10,123.26752471923828,124.4075154169297,123.19813437570821,123.73343455278888,17324600
2017-01-11,124.99236297607422,125.02210817423183,122.98003565723667,123.26751206892482,18356500
2017-01-12,125.51775360107422,125.6267966369815,123.7135973201256,124.51654370909799,18653900
2017-01-13,127.22278594970703,128.14469808752463,126.261236233633,126.38018678330236,24884300
2017-01-17,126.75688171386719,127.22278396443527,126.2909719003192,126.92539246894255,15294500
2017-01-18,126.80643463134766,127.31198955645034,125.73583438469585,127.29217455026046,13145900
2017-01-19,126.43965911865234,127.23269801114922,126.34052358485569,127.11373234540149,12195500
2017-01-20,125.9341049194336,127.36156443165372,125.67636612797139,126.984882655558,19097200
2017-01-23,127.80762481689453,128.1248463972545,125.84486544777916,126.20173216270537,16593600
2017-01-24,128.2438201904297,128.7692052929933,127.26244789082912,128.25374282033934,15162700
2017-01-25,130.33544921875,130.59319557336823,128.6403434102612,128.868337001996,18731300
2017-01-26,131.62413024902344,131.98099700352165,130.2957987673754,130.48414721085487,20020100
2017-01-27,131.02935791015625,131.79265924923342,129.9389425517207,131.52500538016162,19539500
2017-01-30,129.8397979736328,130.43458094664092,128.47182133724908,130.43458094664092,18956100
2017-01-31,129.18553161621094,129.5225681815074,128.39249283684066,129.03682833672843,19790500
2017-02-01,132.07020568847656,132.32795202434926,129.54240085208951,131.09874099238365,50139800
2017-02-02,129.7010040283203,134.3105337826802,129.26483190952933,132.06029042034913,54366400
2017-02-03,129.8397979736328,131.69352966813113,129.62171189192713,130.09754432071733,24804900
2017-02-06,130.91038513183594,130.91038513183594,129.1657117789716,129.83978496327447,17058500
2017-02-07,130.6923370361328,131.8422429355763,130.5139111858548,131.08886413557653,14596400
2017-02-08,133.03176879882812,133.26968501345638,131.28709526943223,131.44570607918442,22390600
2017-02-09,132.97232055664062,133.32918738814553,132.14954383050534,133.31927988275683,16470600
2017-02-10,133.0218505859375,133.7653216800901,132.51628056130053,132.93263768486915,15061900
2017-02-13,132.883056640625,133.52739214078343,132.5360974476433,133.52739214078343,13526200
2017-02-14,132.68482971191406,133.06151149194216,131.3961433041297,132.93265343933567,14364900
2017-02-15,132.2783966064453,132.5361278404195,131.50518777856269,132.2883041103043,13226500
2017-02-16,132.67491149902344,132.70464913722722,131.86205751151937,131.9116252838458,12831100
2017-02-17,132.3676300048828,132.92275282610063,132.01076317324814,132.33789236274345,12276500
2017-02-21,132.5559844970703,132.74433298979793,131.74311523918553,132.33789836085552,14759100
2017-02-22,134.93505859375,135.5992243697369,132.29822562331302,132.43700630596757,27360100
2017-02-23,134.18165588378906,134.93503443675894,133.16062351720257,134.70704088306337,18422500
2017-02-24,134.260986328125,134.43941215318864,132.99213004113886,132.99213004113886,12625700
2017-02-27,135.22254943847656,135.98583566876093,133.8446500459088,134.08255115624752,14306700
2017-02-28,134.36009216308594,135.61904080959457,133.57697591702748,135.5992106780862,16112100
2017-03-01,136.22377014160156,136.2832454271483,135.11352447549484,135.28204282653155,16257000
2017-03-02,135.56948852539062,136.62027385191215,135.1234088342414,135.8966176658228,12294800
2017-03-03,135.97593688964844,136.13454772402565,134.89542894163185,135.44064423107747,11160600
2017-03-06,136.22377014160156,136.63020476078805,135.32168797490846,135.68847744571804,12748200
2017-03-07,136.10479736328125,137.1654750763817,135.79749835412093,135.83714349602923,13527100
2017-03-08,136.52114868164062,136.78880256705008,135.85698284640785,135.956103270883,10184500
2017-03-09,137.03659057617188,137.36371965613898,136.20389149718403,136.52111307507604,15535300
2017-03-10,137.58180236816406,138.2757208477516,137.01677218233723,137.70076803304235,16314100
2017-03-13,138.38475036621094,138.4640406337731,137.46283840176105,137.50249866149932,10955500
2017-03-14,138.1072235107422,138.24600420253864,137.31418450363623,138.24600420253864,12944000
2017-03-15,138.50372314453125,138.8804200427763,137.2844346659481,138.07745847662878,19344800
2017-03-16,138.77139282226562,139.02912407752672,138.5136464410432,138.9795563022177,13612900
2017-03-17,138.6226806640625,139.1183281336502,138.48389997761635,139.1183281336502,20592800
2017-03-20,138.72178649902344,138.96961018074217,138.03779071732663,138.49379294711022,12099500
2017-03-21,137.3042449951172,141.0711684713505,137.19520195596974,139.92126280869712,29894800
2017-03-22,138.3748779296875,138.57313392241878,136.40221038196177,136.7293244506889,17055400
2017-03-23,138.31536865234375,139.16788282494235,137.87919649995018,138.26580088485196,13022800
2017-03-24,139.11831665039062,139.79240501888796,138.543363818012,138.86058543282468,16664700
2017-03-27,139.09849548339844,139.42560946099263,137.56198549736328,137.83954683505186,12800500
2017-03-28,140.5259552001953,140.71430364548038,138.79118917924654,139.13814843382002,14679400
2017-03-29,141.408203125,141.61638169718904,140.19882220799045,140.75396002517493,16527600
2017-03-30,141.17030334472656,141.70559590878236,140.61518064838455,141.16038071560394,12404000
2017-03-31,140.81344604492188,141.38839891214158,140.65483522790402,141.07117727810586,11478300
2017-04-03,141.0414276123047,141.22977605070557,139.59414562683457,140.69446837041266,13564000
2017-04-04,140.49623107910156,140.8530978713493,140.04024386598326,140.62510426479014,12948600
2017-04-05,140.61517333984375,142.1913284405989,140.06003554639625,141.02159271185377,17158100
2017-04-06,139.94110107421875,140.98196375821786,139.68336984214542,140.872920712733,15103400
2017-04-07,139.5544891357422,140.3177904129647,139.01919656693676,139.9708311616929,11818300
2017-04-10,139.8122100830078,140.19881444484406,139.40579071612422,139.77256494695504,9039400
2017-04-11,138.7019805908203,139.80231853484233,137.6016426467983,139.57432494311445,16638100
2017-04-12,138.36489868164062,139.17775236816124,138.22611804609053,138.50367931719072,11612500
2017-04-13,138.1765899658203,139.3562332696765,138.11711469435852,138.40458354841024,10965600
2017-04-17,140.18893432617188,140.31780751394345,138.53347352386427,138.54338102832324,11519700
2017-04-18,139.73291015625,140.674637113506,139.3859509544392,140.04020909879026,14807500
2017-04-19,141.03152465820312,141.7948108134509,140.04022979334803,140.11953519765154,15563900
2017-04-20,142.5482177734375,142.99429747868146,141.4478797666567,141.7056110100073,15968200
2017-04-21,142.42926025390625,142.91500025578108,141.0315457808504,142.6473463669144,12382000
2017-04-24,144.2036895751953,144.40194555648554,143.08352134826086,143.69813455401092,14407200
2017-04-25,145.2147674560547,145.8690104686698,144.52084905856248,144.52084905856248,17767500
2017-04-26,145.2841796875,146.3052122354123,144.81826986940877,145.80956478007778,12395000
2017-04-27,146.4142608642578,146.46382863687356,144.86784316479375,145.39322827740756,11275100
2017-04-28,148.9420623779297,150.2109186709727,147.772341627702,148.19859118469543,30652200
2017-05-01,151.13284301757812,151.24188607309432,150.1018877425229,150.41910940437415,25218300
2017-05-02,151.45001220703125,152.1042703787933,150.33976691625273,152.00513485242053,21870400
2017-05-03,150.47857666015625,152.26291059801594,150.0225743270519,152.26291059801594,29782500
2017-05-04,149.5368194580078,150.20098512703683,147.42535679497524,148.86273116084146,36225500
2017-05-05,148.93215942382812,150.31005880567795,148.4860645934915,150.13161784835117,17148500
2017-05-08,149.7449951171875,149.76482524912447,148.43649380256366,149.39805100106364,15827500
2017-05-09,149.17005920410156,151.2616921447133,148.90242045943538,150.1712767799433,17453900
2017-05-10,148.98170471191406,149.20971343090036,147.56416025732196,148.92222943772975,12080700
2017-05-11,148.73387145996094,149.33856191870754,148.10936599506186,149.00152530260848,11841900
2017-05-12,149.0213623046875,149.15023548041427,148.32745890838868,149.0907450813376,9598200
2017-05-15,148.88259887695312,150.16136277502417,148.46625679093088,148.86276874162976,15064700
2017-05-16,148.4761505126953,148.9024151897901,147.73267932967968,148.80327964833737,14550800
2017-05-17,143.58908081054688,147.37581968708267,143.1628161128287,146.7116538799038,28300100
2017-05-18,146.37460327148438,146.86032807430684,143.25201537381787,143.46019395071266,23031600
2017-05-19,146.77110290527344,148.08952677957262,146.67198250271406,147.1577072649583,16187900
2017-05-22,146.94955444335938,147.29649856630866,146.4043392490573,146.79094363666076,12586700
2017-05-23,146.7810516357422,147.5146002237686,145.96818251002998,147.22713134148054,12817800
2017-05-24,148.73387145996094,148.92221990012186,147.12797865599347,147.21719156155635,17862400
2017-05-25,150.63717651367188,151.2616820019777,148.6446641256672,148.99162338380555,19891400
2017-05-26,150.80569458007812,150.9246451250914,149.8342147092718,150.90481499226937,14996200
2017-05-30,151.0535125732422,151.56897499939868,150.31994894623028,150.6470780585751,13226000
2017-05-31,150.1415252685547,152.01507193790442,149.77473588685828,151.37072120711613,18023900
2017-06-01,150.21090698242188,150.96428562093,148.99161855566456,150.4289930588772,14530600
2017-06-02,152.27281188964844,152.29264202313797,149.98292306530328,150.52813829156642,16854400
2017-06-05,152.29261779785156,153.36321794658716,152.0745317420374,152.30252530004037,12520400
2017-06-06,151.47975158691406,153.17487230131127,151.15262249725996,152.0745345000957,13457100
2017-06-07,151.7870635986328,152.41158419858272,151.01385482058015,151.9357669026947,12066700
2017-06-08,153.36326599121094,153.38308100179606,151.76728033329533,152.73874526064674,17799400
2017-06-09,148.29771423339844,154.23556064915013,145.33373721407455,153.4227067451964,35577700
2017-06-12,147.14781188964844,147.9011905402127,143.30158298075054,146.88015804135935,33170200
2017-06-13,149.3682861328125,149.86393350934978,147.6037826824164,148.8429011237596,20483400
2017-06-14,148.9420623779297,151.07334041481715,147.7525114939469,149.9432648061395,20808800
2017-06-15,148.49595642089844,148.73385748003844,145.09580756643342,146.38449376528592,18994200
2017-06-16,149.3286590576172,149.51700750363304,147.30642417220145,148.28779641581758,22882400
2017-06-19,151.53927612304688,152.2331947893587,150.38938531016672,150.38938531016672,19026500
2017-06-20,150.9246368408203,152.50079197956828,150.88499170331184,151.54915741977874,14743900
2017-06-21,152.57020568847656,152.7387240107787,150.5578781988052,151.03369552800885,15039800
2017-06-22,152.06460571289062,153.2046037293239,151.5788809752242,151.67800137276805,13005500
2017-06-23,153.72010803222656,153.848966084101,151.32116105356948,151.39055895731403,18027000
2017-06-26,152.2530059814453,155.13767826178358,151.8664015096653,154.8898544945922,18049700
2017-06-27,149.2691650390625,151.97539546710544,149.08081661670084,151.50948572525002,19360800
2017-06-28,151.90602111816406,152.13401468767745,148.55543984236974,149.60620991381904,16719100
2017-06-29,149.7251739501953,151.17247114907758,147.62363361780703,150.954385062589,23973500
2017-06-30,149.6656951904297,150.59751478809116,148.7537057254306,150.57768465542878,17666000
2017-07-03,147.1378936767578,150.82551188802339,146.513388179951,150.39926234458315,13862700
2017-07-05,149.03128051757812,149.53685062732282,146.8405271285534,147.70294890264398,14334300
2017-07-06,147.52450561523438,148.7338714063326,146.7116365845086,147.7326690614727,14951800
2017-07-07,150.1217041015625,150.66691932911039,147.89129054647026,147.95076582111912,13615900
2017-07-10,152.16375732421875,152.6395746102247,150.19107515525667,150.36951609123315,13378700
2017-07-11,153.91836547851562,154.0670536651799,151.57890887725088,152.0348960669947,13667700
2017-07-12,157.51675415039062,157.77450050597156,154.84026093554425,155.12774492815996,22739400
2017-07-13,157.87362670898438,158.3891043130857,157.0409425895625,157.35816423084344,13929200
2017-07-14,158.5774383544922,158.92439760235374,157.9430102555709,158.73604916071227,16371200
2017-07-17,158.33950805664062,159.38037058165375,157.4275186909595,158.8549855680109,12858800
2017-07-18,161.44229125976562,162.3047129997704,158.03223431515994,158.2701505412813,23722900
2017-07-19,162.71115112304688,164.25756881192095,161.74959381953613,162.16593587992836,26273600
2017-07-20,163.09771728515625,163.56362700852983,161.3926891753544,163.36537109189268,18523100
2017-07-21,162.99862670898438,163.61323988377646,162.32455338135819,162.7309879544063,14744000
2017-07-24,164.55496215820312,164.7234804850571,162.8796712678846,163.20680041741076,17367000
2017-07-25,163.84121704101562,164.09894826523268,162.43358012236655,163.57356318735518,15383200
2017-07-26,164.16835021972656,164.56486213230303,162.67150035489652,164.56486213230303,35236900
2017-07-27,168.956298828125,173.96234091022987,166.04188951147168,173.17920949811622,68910700
2017-07-28,170.9488067626953,171.9202715537653,167.57841006863856,167.59824020240413,24557600
2017-07-31,167.7766571044922,171.21645152078807,167.08275371920757,170.50271800279265,25478900
2017-08-01,168.38137817382812,168.98606876071614,167.57843160169006,168.34173302716295,14385000
2017-08-02,167.8262176513672,169.06533618818182,165.45702361401592,168.8175124808189,17433800
2017-08-03,167.1223907470703,168.222728606743,166.78535413714212,167.82621672752848,10793800
2017-08-04,168.1434326171875,168.57960478431247,167.22153563973112,167.49909699590893,10777700
2017-08-07,170.48289489746094,170.5622003056138,168.18309856486772,168.47056743420688,12787800
2017-08-08,169.7394256591797,171.54358968193628,169.13473515029492,170.3837764355757,14393500
2017-08-09,169.68984985351562,169.95750370568328,168.08395699242854,168.50029902582298,10815000
2017-08-10,165.9427490234375,169.10498196142535,165.39754896595718,168.57959690991828,20832700
2017-08-11,166.61683654785156,167.35040016610378,165.397548144369,166.48796337987193,13791200
2017-08-14,169.2635955810547,169.59072469656067,167.81629844511536,168.6093373500427,12954200
2017-08-15,169.5113983154297,170.0070456789251,168.5300110903642,169.99713817699975,8729200
2017-08-16,168.5201416015625,169.88813347369432,167.76676288445424,169.75926028980928,15779900
2017-08-17,165.45701599121094,168.38133257817495,165.39754072433732,167.8658550553403,17216000
2017-08-18,165.9526824951172,167.20170862118172,164.76313164277576,165.38763714282814,15093600
2017-08-21,166.3194580078125,166.53754409706403,164.37652846388428,165.70486000680907,11907500
2017-08-22,168.16326904296875,168.3912626385125,165.6949392553481,166.81510735138656,11391000
2017-08-23,167.24136352539062,167.88569913801135,166.73579346303475,167.3702215723392,9856500
2017-08-24,166.27978515625,167.81627990269948,164.96136133675031,167.4098605549701,14030400
2017-08-25,164.87216186523438,166.91422677604442,164.7333660693943,166.3987492339309,12614500
2017-08-28,165.78414916992188,166.2401363111605,164.88206726422328,165.45702006809847,8553700
2017-08-29,166.58714294433594,166.96382479298225,163.56368989383316,163.81151366639955,11121000
2017-08-30,168.44082641601562,168.6985576428694,166.17076776629847,166.70606035313617,11138300
2017-08-31,170.4729766845703,170.65140249723558,168.57959988950745,168.9166365085145,17226500
2017-09-01,170.52255249023438,171.41471184753254,169.81872645764068,170.89923426560307,11677600
2017-09-05,169.23385620117188,170.8893167679402,168.07404305412913,169.77907138806177,13210900
2017-09-06,170.59194946289062,170.97855390001803,168.09389700420334,169.4222286470553,13906300
2017-09-07,171.7021942138672,171.80131462709602,168.78778482285844,170.44324547078008,18049500
2017-09-08,169.46182250976562,171.97971946733713,169.3131343581579,171.58319251978912,10998500
2017-09-11,171.9995574951172,172.37625436422556,170.70096371071747,170.89921964805296,12372000
2017-09-12,171.45437622070312,172.4853162832958,170.25490271066695,172.24740005686974,11186300
2017-09-13,171.54359436035156,171.66254491420898,170.56220691314613,171.5039340917587,9119300
2017-09-14,169.47178649902344,170.78028793039803,169.01578417953888,170.76045779669172,15615700
2017-09-15,170.14585876464844,170.83976218060525,168.77786694036217,169.39248007388963,15660500
2017-09-18,168.53004455566406,170.57212480456852,167.86587877181054,170.49281939554658,12954000
2017-09-19,171.01820373535156,171.05784887670634,168.8770030791521,169.1347343128583,13168600
2017-09-20,170.6712646484375,171.54360912101532,169.214059734455,170.99839382565418,12264100
2017-09-21,169.62046813964844,170.77037383486703,168.53003771729297,170.19542098725773,11161400
2017-09-22,169.05545043945312,170.2350939639984,167.74694884462008,168.72833638521635,12097100
2017-09-25,161.4521942138672,167.82622823469464,160.1536003255479,167.76675296133033,41251600
2017-09-26,162.78050231933594,164.05926577174336,161.36294309399833,163.0679711145123,23363300
2017-09-27,166.22030639648438,166.87456460098434,164.12868886935962,164.45580284565122,19242500
2017-09-28,167.26116943359375,167.59822116548298,165.704844443879,166.4780531873477,12178700
2017-09-29,169.382568359375,170.16569986396098,167.3405031211256,167.36033325599084,15340400
2017-10-02,167.9947509765625,170.37385272956294,167.28101742547034,169.89803540415485,13392300
2017-10-03,168.48048400878906,169.24377017365308,167.72709022139367,167.82622575951183,8190300
2017-10-04,166.953857421875,169.18427057520137,166.82498426604315,168.35158662818927,12127900
2017-10-05,169.7493438720703,169.81872664946934,167.13232594495176,167.70726367526288,14580600
2017-10-06,170.73072814941406,170.86950883993305,168.2723208633801,168.76796834751377,13124500
2017-10-09,170.99835205078125,173.3576385019914,170.50270465353262,171.19660798448908,14570400
2017-10-10,170.09628295898438,171.692268303277,169.31316666781586,171.49401235464845,11341100
2017-10-11,171.2362518310547,171.27589696361235,169.90790543804349,170.45312054794098,11283700
2017-10-12,171.04794311523438,172.3366295488127,170.79019675294256,171.10741839085242,10351000
2017-10-13,172.22756958007812,173.12963638159022,171.69226190018958,171.94008560822274,13658300
2017-10-16,173.0007781982422,173.4765954820101,172.5447759204105,172.97104056337912,11498800
2017-10-17,174.57693481445312,174.59676494651444,172.84216884507902,173.18912808933737,15990100
2017-10-18,174.49761962890625,175.201445581014,174.22005829944464,175.11221755472005,12752400
2017-10-19,173.04043579101562,174.49764050802654,171.12724388931116,173.40721006469872,14048400
2017-10-20,173.456787109375,174.34896164506213,173.10984295046387,173.97226472159687,12602200
2017-10-23,169.77906799316406,173.81363004355651,169.75923786150307,173.67484937384677,13852700
2017-10-24,170.30445861816406,171.73192562535988,170.00706713733842,170.80010604422043,12267900
2017-10-25,169.1149444580078,170.75057526795453,167.4198232382407,170.40361594416592,15868200
2017-10-26,169.1446533203125,170.79019135559645,168.90673709939878,169.88812449396312,11833100
2017-10-27,176.33154296875,176.65867210330742,172.38617834660397,172.63400207345416,30285300
2017-10-30,178.30421447753906,179.11708358177958,176.06389337783372,177.69952396432316,24353200
2017-10-31,178.4925537109375,179.22611736764028,177.38230828540637,178.99812378046002,20174200
2017-11-01,181.0699462890625,181.30784740576544,178.99814339264827,180.7725547672227,40918300
2017-11-02,177.3624725341797,180.35618721285795,175.79622485794295,179.05759338106873,35529900
2017-11-03,177.3624725341797,178.29429211221563,175.17171938884402,177.72924678793294,17822100
2017-11-06,178.60157775878906,178.8791390856536,176.75776887264146,177.00559256633895,13312700
2017-11-07,178.680908203125,179.17655565999914,177.40214441981212,178.92873193156206,12928200
2017-11-08,177.99691772460938,178.78004920090777,177.55083802500116,178.2249113264606,10494100
2017-11-09,177.73916625976562,177.83828666731063,175.5483980273867,176.7577789315302,12610300
2017-11-10,176.90650939941406,177.54093758377465,176.41086190769605,176.79746634619764,11070200
2017-11-13,177.21377563476562,177.48141434008096,175.7565710686602,175.95482700347247,9523400
2017-11-14,176.5198974609375,177.41205685773943,175.6376304422426,176.5793727372629,9585900
2017-11-15,176.40090942382812,177.0155224951972,174.8643994343432,175.1221457670316,10253700
2017-11-16,178.0266571044922,178.26457333872565,176.9461492351913,177.20388047780713,15607600
2017-11-17,177.44180297851562,178.41326783217917,177.3426674292605,177.73919450031988,13018000
2017-11-20,177.18406677246094,177.93744549746648,176.54963860246662,177.31292483173618,10052400
2017-11-21,180.27687072753906,180.3066083610986,177.43185952665146,177.59045519698293,14504000
2017-11-22,179.29550170898438,180.14801591844798,178.86925216723236,179.72176637669597,10376300
2017-11-24,181.1888885498047,181.55566283856592,178.7205586953217,178.82960174413725,9426300
2017-11-27,181.43670654296875,182.13060995621382,180.40576648985612,180.97079672422709,12344500
2017-11-28,180.83201599121094,182.6460874948777,180.5048868552094,181.9125238148173,14379700
2017-11-29,173.60548400878906,180.38593762467534,172.48531590998596,180.30663221603828,41933500
2017-11-30,175.63760375976562,176.7280340799437,173.6748443094032,175.31048978967033,25307600
2017-12-01,173.5757293701172,175.93500076065592,170.8397459809802,174.49762629405086,20182500
2017-12-04,169.9773406982422,175.0329508274134,169.30325228890467,174.75537433465558,24459400
2017-12-05,171.32550048828125,173.85330552479402,167.5387466853713,168.96621377074135,20184900
2017-12-06,174.5273895263672,175.23121560858777,170.40359883208157,170.99838186285845,20255800
2017-12-07,178.57183837890625,178.81966207017962,174.26962272863028,174.26962272863028,20404500
2017-12-08,177.44180297851562,180.69324933139703,177.18407172679787,179.94977808986692,19883800
2017-12-11,177.48143005371094,178.65116588679692,177.24352896125654,177.73917640514932,13168600
2017-12-12,175.41952514648438,177.6201855697206,175.06265843240007,177.04524792710015,16854100
2017-12-13,176.74790954589844,177.60042388962344,175.70704672347247,175.7566145009141,14615700
2017-12-14,176.8370819091797,178.78993390995657,176.13325593325177,176.73794637703486,13591000
2017-12-15,178.6114959716797,178.91881007609734,176.8073472388738,177.46160545969784,28463100
2017-12-18,179.2459259033203,179.72174315322292,178.1852332488342,179.43425920206263,17265400
2017-12-19,177.9473419189453,178.51238727197827,176.66857815433568,178.38351409476869,14920600
2017-12-20,176.34141540527344,178.24469943388112,175.81603041890577,178.24469943388112,11860500
2017-12-21,175.90530395507812,177.12459263378864,175.50879198465648,176.3910439759124,11600700
2017-12-22,175.65744018554688,175.984569293323,174.69588299401184,175.5979649161255,8509500
2017-12-26,174.45799255371094,175.4591949439212,173.1494760428211,175.0924206761534,8897300
2017-12-27,176.07382202148438,176.88669122331916,174.72566014782728,175.01314418299793,9496100
2017-12-28,176.3711700439453,177.38229498119344,176.1332538451933,176.40090767804452,12220800
2017-12-29,174.92388916015625,177.2930831555164,174.92388916015625,176.45047651503316,10261500
2018-01-02,179.84072875976562,179.999339582654,176.0044221276621,176.13328018604338,18151900
2018-01-03,183.0624237060547,183.1714667479119,179.751502436514,180.2967176457999,16886600
2018-01-04,182.72540283203125,184.58904220774693,182.49740922520243,183.29043309694796,13880900
2018-01-05,185.22344970703125,185.27300234901395,183.3201502745883,183.97440850911812,13574500
2018-01-08,186.6409912109375,187.25558917125224,184.70796929869047,185.57039096893325,17994700
2018-01-09,186.2345733642578,187.1564855131991,185.47128716005633,187.0573499699718,12393100
2018-01-10,186.204833984375,186.25440175552492,184.01408068357387,185.312674607517,10529900
2018-01-11,186.1354522705078,186.7599577874975,185.7488478548627,186.7599577874975,9588600
2018-01-12,177.8085479736328,179.9001806600527,175.85569595771645,176.50995417264406,77551300
2018-01-16,176.8370819091797,180.16783310140215,176.4901226726313,179.92000939699855,36183800
2018-01-17,176.05398559570312,177.7590140851603,174.26965169674097,177.69952368356135,27992400
2018-01-18,178.2348175048828,179.4045381703737,175.5384942960032,176.57935691632113,23304900
2018-01-19,179.71182250976562,180.78242267833858,178.60157720574531,179.27566551601325,26826500
2018-01-22,183.75634765625,183.77617779134073,178.8395329710299,179.22613741251277,21059500
2018-01-23,187.7017059326172,187.89996189858664,183.93478207535492,184.43042955325888,25678800
2018-01-24,184.9260711669922,189.000293911204,184.89633352933782,188.2369925841679,24334500
2018-01-25,185.84796142578125,186.9780369934205,184.97563220971773,186.31387123336546,17377700
2018-01-26,188.34600830078125,188.34600830078125,185.18377553073591,186.1155950445878,17759200
2018-01-29,184.3610076904297,187.1961115006917,184.01406357655443,187.10689859649167,20453200
2018-01-30,185.49111938476562,186.54188968628011,180.25708288690976,185.98676689498654,20858600
2018-01-31,185.26307678222656,188.17748579191672,183.60761635090384,186.73018878931038,43275100
2018-02-01,191.4091339111328,193.61973249003813,186.25440331358368,186.58153245475748,54211300
2018-02-02,188.62359619140625,192.51939309299877,188.32620469017658,190.36826980548153,26677500
2018-02-05,179.68211364746094,188.95072729752363,179.03777799305453,185.30275408797968,33128200
2018-02-06,183.69683837890625,184.15284064583065,176.19274455076217,177.01552105619726,37758500
2018-02-07,178.6114959716797,183.4688497349977,178.3835023950745,182.54693767366223,27601900
2018-02-08,170.08639526367188,180.25707635977705,169.98725971483276,179.4342997074878,38478300
2018-02-09,174.57693481445312,175.3600510823487,165.7246640309483,173.2386807305524,39887600
2018-02-12,174.8743133544922,176.00438878304413,170.34408901200834,175.5186489022088,32092100
2018-02-13,171.6427001953125,174.43815898111436,171.59314755272283,174.09119972723084,21809400
2018-02-14,177.957275390625,178.24474427349915,171.70220661542277,171.94010772512257,28929700
2018-02-15,178.3934326171875,178.9287251950358,175.3005823170835,178.9287251950358,20922100
2018-02-16,175.81605529785156,178.31412255649565,174.7652851764264,177.43187074454818,20645300
2018-02-20,174.47779846191406,176.40091286195545,173.58563916080317,174.2398973821292,21204900
2018-02-21,176.36126708984375,179.69201832848506,174.86440221377168,175.17171631732015,23200800
2018-02-22,177.43185424804688,178.6412350633489,175.86560671468922,177.14437029757997,18464200
2018-02-23,181.69442749023438,181.79356302621224,177.94733414484938,178.3339385336285,19007300
2018-02-26,183.32015991210938,184.04381608499364,181.62505409148218,182.97321577019545,17599700
2018-02-27,179.88037109375,183.09215674422944,179.88037109375,182.84433303041052,15849800
2018-02-28,176.76773071289062,181.28803346850555,176.58928974834728,180.71308055647225,18783000
2018-03-01,174.40841674804688,178.55202192302252,172.89173685137314,177.45168404445934,23201600
2018-03-02,175.0824737548828,175.56821362731188,171.4840841011129,171.78146042509246,20025900
2018-03-05,178.82958984375,179.57306100184647,174.35885539174205,174.66615438360174,16189300
2018-03-06,178.2149658203125,180.79233817550687,177.55080016457208,180.1975552855521,15086800
2018-03-07,182.1107635498047,182.21980657636811,176.51986181482707,177.18402747627437,19097300
2018-03-08,180.75271606445312,182.7947812244851,179.870464171256,181.96209710357192,17225900
2018-03-09,183.61753845214844,183.89509979647696,181.61513377177266,182.30903713259391,18526300
2018-03-12,183.15164184570312,184.4799885187979,182.61634925054545,183.61755166276623,15301200
2018-03-13,180.2967071533203,184.3709294787594,179.53340590474082,183.9942326059095,18067500
2018-03-14,182.58657836914062,182.64605363266705,180.26695233586727,181.01042338186184,16821700
2018-03-15,182.25949096679688,182.3982716554093,180.60403020764838,181.64489293522192,15614300
2018-03-16,183.478759765625,183.7166759744637,181.81339168163106,182.88399193246673,24403400
2018-03-19,171.0578155517578,175.6276848450814,168.57957873598488,175.4690740586422,88140100
2018-03-20,166.68624877929688,168.71840656155632,160.54022278311524,166.0121754374141,129851800
2018-03-21,167.91542053222656,171.89050711569357,161.87843901146795,163.36538116688382,106598800
2018-03-22,163.45458984375,168.78776041038594,162.2947768075999,164.68380077248662,73743000
2018-03-23,158.0024871826172,165.149729781003,157.6357129246028,163.99982411279248,53609700
2018-03-26,158.66664123535156,159.69759628468182,147.7227534389627,159.420034954314,126116600
2018-03-27,150.89491271972656,161.43238247494358,149.4377079889614,154.94930527971079,79117000
2018-03-28,151.69786071777344,154.52305729612175,149.48727727677547,150.32986888497823,60029200
2018-03-29,158.3990020751953,160.01481756842747,152.79819205869137,153.7993944412321,59434300
2018-04-02,154.0373077392578,157.81413873690323,152.76845152813178,156.4362394861042,36796000
2018-04-03,154.7510223388672,156.0198783949446,149.4971571960068,155.1871944442608,42543900
2018-04-04,153.7498321533203,154.20581929856272,149.19977744796915,150.70654980494265,49885600
2018-04-05,157.95291137695312,160.16350969368824,155.28632591820733,160.153587064976,41449600
2018-04-06,155.83154296875,160.01480832701012,155.44493859326903,156.35692801425085,41644800
2018-04-09,156.55520629882812,159.13257925388,154.68165942316588,156.44617837378374,34915200
2018-04-10,163.60330200195312,164.53512161877373,155.64320524475696,156.55519472850744,57889300
2018-04-11,164.87216186523438,167.18186548698537,161.82887950474625,163.9205121817908,56144600
2018-04-12,162.4434814453125,165.99231880630245,161.68019530518626,165.52640901897402,38263000
2018-04-13,163.08786010742188,164.25758096469156,162.34438884615204,163.14733538816964,19990600
2018-04-16,163.3951416015625,164.33686873955153,161.96767451300823,164.27739346518842,18119400
2018-04-17,167.19183349609375,167.52887019643543,164.21794822633456,164.38646657650537,22743000
2018-04-18,164.91180419921875,166.6564776089216,164.32694389508612,165.42728173256938,20969600
2018-04-19,166.63665771484375,166.8646512778077,163.76189379199397,164.7531885669164,22235000
2018-04-20,164.83248901367188,166.9637666653641,164.3665792733742,166.32933863350559,19119400
2018-04-23,164.39634704589844,166.98362741013062,163.6528758507278,165.81390665685637,23088100
2018-04-24,158.29986572265625,164.65406888804205,156.81292355374302,163.98988807508448,35079900
2018-04-25,158.29986572265625,159.65793472995713,154.83033399519203,158.74594534813863,41083600
2018-04-26,172.6439208984375,174.73555371199632,169.31316947793533,171.71210128586256,77556900
2018-04-27,172.07887268066406,175.55832735149198,171.09750044096126,175.2708433689428,29804700
2018-04-30,170.50274658203125,174.19036533446376,170.21527767635686,172.27715804510706,20750500
2018-05-01,172.3465576171875,172.50516845506792,168.7481517533314,170.50274822322348,26025900
2018-05-02,174.53729248046875,176.52978969481686,172.6835608149028,172.73312858287306,30424500
2018-05-03,172.50514221191406,174.58685242004674,170.62167283203053,173.60548015262694,24026100
2018-05-04,175.07260131835938,175.43937560870106,171.55350122883178,171.57333136305473,17677800
2018-05-07,176.42074584960938,177.93742576162336,175.62770694358582,175.80614788227166,18697200
2018-05-08,177.3624725341797,177.48142307573013,175.5682312779849,176.69830680059127,15577200
2018-05-09,181.0699462890625,181.4168904595747,177.22371689211272,178.1059688271288,23282800
2018-05-10,183.91494750976562,184.50973051930407,180.91132507611303,181.55566073147946,21071400
2018-05-11,185.36221313476562,186.68063698435796,182.57666214559163,183.24084294748693,21207800
2018-05-14,185.01528930664062,186.22467035861766,184.57911710744096,186.0759821661453,15646700
2018-05-15,182.71546936035156,183.6770114244875,181.60520887096772,183.27059204206418,15429400
2018-05-16,181.60523986816406,182.7155005470522,181.06994722684894,182.10088736514376,16975500
2018-05-17,182.1603240966797,182.4577155571271,180.63373678445473,181.08972391464383,14840700
2018-05-18,181.08973693847656,182.58660185086396,181.02035416409177,181.89269847722036,13130500
2018-05-21,182.88400268554688,183.68694913939493,181.53584100811065,182.17026914302417,13532900
2018-05-22,182.1999969482422,183.80588976928098,181.83320756709747,183.3201498461213,12731400
2018-05-23,185.27301025390625,185.28293288349343,180.59409712860074,180.91131875619556,16628100
2018-05-24,184.3114471435547,185.17388396248023,183.41928781469022,184.26189450103053,12354700
2018-05-25,183.3102569580078,184.70798644195935,182.84434713002395,184.4006874332807,10965100
2018-05-29,184.12313842773438,185.18381621040484,182.11081079128255,182.73531635455157,16398900
2018-05-30,186.0363006591797,186.36342977123363,183.63736896340973,184.91613265056702,13736900
2018-05-31,190.11056518554688,191.04238496106575,185.84799340708932,186.2345978750214,30782600
2018-06-01,192.30128479003906,192.85640746104005,190.3980005783392,191.38929538397196,17307200
2018-06-04,191.5974578857422,192.29136122110037,189.80321671647377,190.16999095245777,18939800
2018-06-05,191.26043701171875,193.30250204910965,190.94321538892117,192.60859865668937,15544300
2018-06-06,189.67434692382812,190.8539901778862,187.46376371404816,189.3670479502752,22558900
2018-06-07,186.54183959960938,189.30756043458175,185.14412549180489,189.08947437856395,21503200
2018-06-08,187.45388793945312,187.83056974855285,184.80711701547244,185.897547550669,12677100
2018-06-11,189.8726043701172,190.92338959177852,187.1564662267254,187.16637372964308,12928900
2018-06-12,190.72512817382812,191.59747250538933,189.8924441078612,190.49713458751896,11562700
2018-06-13,190.73504638671875,192.80684900024443,190.2393989599829,191.0621755034795,15853800
2018-06-14,195.0967254638672,195.5626352258746,191.2306818280166,191.41903025852488,19120900
2018-06-15,194.14512634277344,195.35450741885344,192.94565277106884,194.08563593863826,21860900
2018-06-18,196.5836944580078,197.84264324995695,192.44008892561553,193.10425471126862,16826000
2018-06-19,195.77081298828125,196.23672274838665,192.10301017452244,194.5316945041622,19994000
2018-06-20,200.2415771484375,201.7780873250161,197.07934388123675,197.36682788332428,28230900
2018-06-21,199.7459259033203,201.61947269261083,198.34819643922546,200.99495205419396,19045700
2018-06-22,199.98385620117188,200.47950369486628,197.5750015163172,199.408903293371,17420200
2018-06-25,194.64076232910156,198.2589827132341,191.4289613638016,198.2589827132341,25275100
2018-06-26,197.26768493652344,197.3668204768252,194.52179383053024,195.87987812805744,17897600
2018-06-27,194.13519287109375,199.0024545426921,194.09554772984515,197.44611426289367,18734400
2018-06-28,194.5217742919922,195.62211212459644,191.577627527077,193.48091172721118,18172400
2018-06-29,192.62843322753906,195.87987930632607,192.27156645664977,195.60231794296328,15811600
2018-07-02,195.6419677734375,195.7311806868084,190.54671244391182,191.68669556176678,13961600
2018-07-03,191.05226135253906,193.69901691364683,190.84409789460955,192.85642532638016,13489500
2018-07-05,196.7224578857422,196.92071382846268,192.34093650999642,193.04476250150682,19684200
2018-07-06,201.4608612060547,201.8672957511645,195.97900153983116,196.72247272558616,19740100
2018-07-09,202.95773315429688,204.00850337931018,200.3605301041744,203.1460664886615,18149400
2018-07-10,201.76817321777344,203.1262576236307,200.4993168556891,202.71982305231717,13190100
2018-07-11,200.77687072753906,202.71981546763925,199.99375437944363,200.45966421186662,12927400
2018-07-12,205.1187286376953,205.27733944399571,201.42120308082687,201.65910416431842,15454700
2018-07-13,205.51527404785156,206.61559690940115,204.65283716512621,206.00099888742707,11486800
2018-07-16,205.426025390625,206.90306014708625,205.03942100819003,205.69367923260577,11078200
2018-07-17,208.16201782226562,208.62792762711905,203.05684010179664,203.1163153745933,15349900
2018-07-18,207.53750610351562,209.1533216715766,206.62551658762877,207.99350842443914,15334900
2018-07-19,206.27854919433594,208.1620185532827,205.95142006684583,206.95263758230453,11350400
2018-07-20,208.11244201660156,209.65885955343802,206.68497502076514,207.03193426662722,16163900
2018-07-23,209.0740203857422,209.77783132583642,206.98238744769856,208.7468912389247,16732000
2018-07-24,212.80126953125,214.3179494837015,210.74929700038717,213.23744169749008,28468700
2018-07-25,215.6066131591797,216.7168584647963,212.40473527718743,213.84210967305705,58954200
2018-07-26,174.7256317138672,178.56195322047824,172.23748698747983,173.36756255605715,169803700
2018-07-27,173.36756896972656,178.3636887403823,171.49402216498564,178.30421346498736,60073700
2018-07-30,169.57089233398438,173.77398788664595,165.11006556914384,173.77398788664595,65280800
2018-07-31,171.07763671875,172.723189508442,168.52009464374777,169.18426026046424,40356500
2018-08-01,170.15574645996094,173.55589549126455,169.4122753595662,172.4158973950843,34042100
2018-08-02,174.83468627929688,175.25102834505836,168.78779613261557,169.19421556821757,32400000
2018-08-03,176.23240661621094,177.2930994227068,174.61659108428015,176.143193705186,24763400
2018-08-06,184.07354736328125,184.17266777499256,176.8271842627591,177.4120446075218,49716200
2018-08-07,182.20993041992188,186.66085038815535,182.12071750069603,184.8765163738323,33398600
2018-08-08,183.56796264648438,185.22343826289293,182.16032585447192,183.14171314563106,22205200
2018-08-09,181.4961700439453,184.94588700479872,180.8914795817807,184.23215350434344,19732100
2018-08-10,178.69078063964844,180.51477441872422,177.8580967057408,180.45528402976763,21500400
2018-08-13,178.48263549804688,181.02034781896825,177.34263737862955,178.5322032642752,17423300
2018-08-14,179.53341674804688,180.40576108482483,177.0650870456417,179.13690484548934,19102000
2018-08-15,177.96717834472656,179.29550992645753,173.25852740680355,177.778829887056,33020200
2018-08-16,173.17921447753906,178.928727872026,172.49521858241766,178.84942246561022,31351800
2018-08-17,172.28701782226562,174.68594912457849,170.5423295107971,172.98092107071042,24893200
2018-08-20,170.99835205078125,173.05033953585055,169.42219695776055,172.52493937888548,21518000
2018-08-21,171.11734008789062,172.65385038129463,169.89805145870795,171.30568856027688,19578500
2018-08-22,172.12844848632812,172.72323148588757,170.63159860958226,170.71090401792085,16894100
2018-08-23,171.39488220214844,174.0218227633762,171.32549942463032,171.58323065334875,18053600
2018-08-24,173.129638671875,173.29817210641073,171.41470282486748,172.18791159408283,14631600
2018-08-27,175.91517639160156,177.11463459175593,174.25970081625167,174.45797187085108,17921900
2018-08-28,174.7256317138672,176.68840648504852,174.29938217199907,176.54962580560777,15910700
2018-08-29,174.36875915527344,175.25101097225345,173.22877612102658,174.7652861733291,18494100
2018-08-30,176.09364318847656,178.22492138801357,174.17052846839357,174.36878444319402,24216500
2018-08-31,174.2002410888672,176.07378776467226,173.45676994567535,175.60787797152864,18065200
2018-09-04,169.6700439453125,172.37627487047934,167.33058730414652,171.98967045259835,29809000
2018-09-05,165.72467041015625,169.6402972782341,165.2191154678236,168.01457428368036,31226700
2018-09-06,161.1151580810547,165.52641733879844,158.6071832066759,165.52641733879844,41514800
2018-09-07,161.62069702148438,163.19686724418932,158.76577829223478,158.9144664613776,24300600
2018-09-10,162.75076293945312,163.57353938768975,160.7483584579666,162.0865972796384,20197700
2018-09-11,164.4954833984375,165.73460206315278,162.29480743982631,162.51289353489304,20457100
2018-09-12,160.5897674560547,163.0580971048912,160.39151150907855,161.8288860321045,24078100
2018-09-13,159.955322265625,161.89826664077086,159.45967488814424,160.58975030376206,25453800
2018-09-14,160.906982421875,161.42244483751762,158.9442077878408,160.31219947956913,21770400
2018-09-17,159.18215942382812,160.64927184854693,158.37921286115068,160.51049114791084,21005300
2018-09-18,158.90457153320312,160.35185358058038,157.48701199604824,158.0024895664645,22465200
2018-09-19,161.6405487060547,162.01724561939005,158.09171104504333,158.68649405284017,19629000
2018-09-20,164.5747833251953,165.0010328711957,163.03827320694597,163.0680108438316,18936000
2018-09-21,161.5116729736328,165.79407425981805,161.39272242433654,165.18938375762875,45994800
2018-09-24,163.97007751464844,164.25754635300876,159.47951325288895,159.62820142342736,19222800
2018-09-25,163.47442626953125,164.1484994614074,159.74714820541337,160.57984731873293,27622800
2018-09-26,165.49667358398438,167.8262225515981,162.78053535259377,162.8697482596192,25252200
2018-09-27,167.3702392578125,170.27474138807148,165.75443874088646,166.09147540076444,27266900
2018-09-28,163.02835083007812,167.3206440392169,161.14488161871418,166.86465689793098,34265600
2018-10-01,161.02593994140625,164.43599668976157,159.85620413774518,161.61080028025717,26407700
2018-10-02,157.9430389404297,160.86735625365242,157.28878059041784,160.1734527578649,36031000
2018-10-03,161.01602172851562,162.23532533395408,158.1412725977874,158.60718240618235,23109500
2018-10-04,157.46719360351562,160.05447377741564,155.98025132256063,160.05447377741564,25739600
2018-10-05,155.96043395996094,159.4993490128948,154.84026584295069,157.82407327832271,25744000
2018-10-08,155.88113403320312,156.9616419202774,153.04602981395192,154.1860129790727,24046000
2018-10-09,156.52545166015625,159.19203724206622,156.04963436470246,156.31728821100234,18844400
2018-10-10,150.06222534179688,156.31729367976462,149.99282743901162,155.45487196546546,30610000
2018-10-11,152.0150909423828,153.46237313987413,147.86156256398013,148.8231199028163,35338900
2018-10-12,152.4016571044922,155.52422945092417,149.98289554521895,155.36561866403082,25293500
2018-10-15,152.18359375,154.21575127301105,151.22203650924783,151.9853377997949,15433500
2018-10-16,157.3977813720703,158.0718696768923,153.66059587760898,154.04720023041824,19180100
2018-10-17,158.03224182128906,159.09293469642188,156.57503700974743,158.17102251162822,17592000
2018-10-18,153.57139587402344,157.27884404695308,151.94567293006756,157.13014074433553,21675100
2018-10-19,152.708984375,155.98026061313823,152.213336918493,154.50322574740176,19761300
2018-10-22,153.4326171875,155.97032960839704,153.11541069786745,153.41278705503572,15424700
2018-10-23,153.0460205078125,153.42271741381617,149.536843182799,149.90361745909107,19095000
2018-10-24,144.7686767578125,153.3037250497033,144.33251977927108,152.93695083726453,27744600
2018-10-25,149.63597106933594,150.8850123985702,145.72035900560203,146.44400009056494,22105700
2018-10-26,144.10455322265625,147.70295901067368,142.54822789589622,144.5506480855384,31303300
2018-10-29,140.8530731201172,147.5344054519238,137.81971348202526,147.20727635601764,31336800
2018-10-30,144.9471435546875,145.3634856035084,138.52355674637076,138.72181270400546,50528300
2018-10-31,150.46864318847656,155.03851319057912,147.66329198875871,153.65070640888268,60101300
2018-11-01,150.4290008544922,151.42029575303908,148.04989914836352,150.20100726309514,25640800
2018-11-02,149.04116821289062,152.78826106981955,147.66326914778668,150.47854254144468,24708700
2018-11-05,147.38571166992188,148.8825765804582,146.15651573126158,148.79336367380557,15971200
2018-11-06,148.634765625,149.6557982024448,146.71165102252405,148.0102449729076,16667100
2018-11-07,150.21090698242188,151.67801912097306,148.52570876741538,150.25056724684592,21877400
2018-11-08,146.582763671875,149.62604610195993,145.46261078434273,149.17996644756505,24145800
2018-11-09,143.69808959960938,146.4737027212756,142.81583790180323,145.47250049710007,17326900
2018-11-12,140.31776428222656,143.77737301763042,139.2669943467988,143.22225041974076,18542100
2018-11-13,140.9224853515625,143.61880866548017,140.3871776398214,140.76387453875333,15141700
2018-11-14,142.96453857421875,144.3127001195929,140.31778324911562,142.44906103823376,22068400
2018-11-15,142.5977783203125,143.57915059692607,139.60406346804558,141.09100582748175,30320300
2018-11-16,138.31536865234375,140.53587455272964,136.57069516872846,139.8419711857212,37250600
2018-11-19,130.4048614501953,136.55088748038136,130.06782477738918,136.41210678416934,44362700
2018-11-20,131.2771759033203,132.99212696522133,125.74575612786026,125.92418951177702,41939500
2018-11-21,133.6464080810547,135.99577254756178,132.9624120652457,133.23005084241785,25469700
2018-11-23,130.583251953125,133.32914262004758,130.11734221493376,132.48653604009556,11886100
2018-11-26,135.1928253173828,135.8074234151581,131.62415704586968,131.84224316946003,24263600
2018-11-27,133.82479858398438,135.42078382398725,132.54603494182575,134.56826968722874,20750300
2018-11-28,135.56948852539062,135.5992261630699,130.70224193837456,135.09367119656213,29847500
2018-11-29,137.4727783203125,138.77138742870687,134.4790784203067,134.73680966555068,24238700
2018-11-30,139.385986328125,139.7428531223414,136.16427767582408,137.0564370983846,25732600
2018-12-03,139.86178588867188,142.42923590401517,139.53465677508606,141.75516267065694,24819200
2018-12-04,136.72927856445312,142.14175459277394,135.9659924922978,139.50490690908026,30307400
2018-12-06,138.41448974609375,138.4838725125762,132.50636642492378,132.65506971188452,28218100
2018-12-07,136.22377014160156,139.64373519420462,135.4703913147381,138.03784198059128,21195500
2018-12-10,140.61517333984375,141.80472407388615,137.79988461392819,138.38476004127986,26422200
2018-12-11,140.84317016601562,142.62750387132854,139.87170547544025,142.62750387132854,20300300
2018-12-12,143.2421112060547,145.9086968728815,141.26942893510338,141.83447428129028,23696900
2018-12-13,143.74769592285156,144.58039529631088,141.94354671994228,144.3028338804787,18148600
2018-12-14,142.80593872070312,144.7389607213662,141.26942862367775,142.0922051933876,21785800
2018-12-17,138.96961975097656,143.6584398967254,137.21502372830864,141.83446110389585,24334000
2018-12-18,142.409423828125,144.65965227927774,138.61276268293932,139.85188126324957,24709100
2018-12-19,132.08013916015625,143.64854893654393,131.34657548193047,139.98076079733482,57404900
2018-12-20,132.2387237548828,134.3898468384208,128.8683273964364,129.56223074953317,40297900
2018-12-21,123.86228942871094,133.7256702363829,122.34560950669906,132.22882044679108,56901500
2018-12-24,122.98004150390625,128.6106043386835,121.94909391183293,122.02839931806469,22066000
2018-12-26,133.01194763183594,133.0714380339725,124.79411924435239,124.90316229266219,39723400
2018-12-27,133.34898376464844,133.81489354132347,128.54119782489917,131.28708871863012,31202500
2018-12-28,132.04046630859375,134.73678941497596,131.04917149377553,134.16183660726637,22627600
2018-12-31,129.9488525390625,133.4679526685417,128.81877689089325,133.2796042061867,24625300
2019-01-02,134.49888610839844,136.31295760854468,127.44087119055204,127.867135867288,28146200
2019-01-03,130.5932159423828,135.9759408285652,129.97860272285757,133.51753332835068,22717900
2019-01-04,136.74913024902344,136.79869801987482,132.58569463882793,132.8434258709111,29002100
2019-01-07,136.84823608398438,137.66108987084627,134.7268660353043,136.36249623662036,20089300
2019-01-08,141.28924560546875,141.8939360341055,138.3252687296988,138.67222795755654,26263800
2019-01-09,142.97447204589844,143.440381900863,140.04024734863347,141.70561566989826,22205900
2019-01-10,142.9447021484375,143.30156886902716,139.61395113158648,141.83445685147305,16125000
2019-01-11,142.5482177734375,144.09463548546228,141.32892921218115,141.9038669761201,12908000
2019-01-14,144.12435913085938,145.29409493148682,140.04022914681872,140.76387015955348,20520300
2019-01-15,147.65338134765625,149.36831739412628,144.7191567349876,144.73897174350674,24069000
2019-01-16,146.2556610107422,148.3472941139209,145.72036835384506,147.70295839947562,18025700
2019-01-17,147.009033203125,147.70293659145,145.2246994003183,145.6707790695301,15787900
2019-01-18,148.73387145996094,151.10306552764828,147.2568518257791,148.44640261116092,31029600
2019-01-22,146.285400390625,150.21091985120773,145.09583437133543,147.90120084429688,22378700
2019-01-23,143.04383850097656,147.50466497111537,141.8146275394157,146.98918745485338,20098400
2019-01-24,144.560546875,145.16523741000162,141.27936295387815,143.3809034439345,20955500
2019-01-25,147.7128448486328,148.5257139119325,145.26434528122348,146.1961648899975,22237200
2019-01-28,146.1862335205078,147.66326809816766,144.93720761906218,146.76118627303399,15508500
2019-01-29,142.93479919433594,146.81076548069362,142.18140546803033,146.80084285211072,17632100
2019-01-30,149.11056518554688,149.63595023069124,144.4316524195393,144.94712996181704,44613200
2019-01-31,165.2389678955078,170.1855203225295,163.56367690583363,164.15845996314852,77233600
2019-02-01,164.26748657226562,167.62797571991626,164.21791880145875,164.39634462521155,30806500
2019-02-04,167.7766571044922,167.82622487328953,162.19566213421007,164.25755728331245,20036000
2019-02-05,169.6700439453125,170.48289792287443,167.22154425674623,167.67753145426727,22557000
2019-02-06,169.00587463378906,170.96863432011753,167.79649363363717,169.7096855492788,13281200
2019-02-07,164.93161010742188,167.7667134355275,163.8114423031068,166.73575852024032,17517600
2019-02-08,165.87338256835938,165.91302771016467,162.78054722489733,163.03827846153243,12561400
2019-02-11,164.34678649902344,166.8349465555215,163.64297554052686,166.43841949175643,12811200
2019-02-12,163.60330200195312,166.8745781643805,163.06800941673683,165.4074659623436,16292300
2019-02-13,162.64178466796875,164.77306295613545,162.3047328582342,163.94037875176946,14205100
2019-02-14,162.52279663085938,163.43478612823927,160.83759831774523,161.7694179484916,12755200
2019-02-15,161.08541870117188,163.26626442147275,159.45969569593382,163.0779159732994,15504400
2019-02-19,160.87721252441406,162.72102129800552,158.9342833549692,159.10280164128127,14345400
2019-02-20,161.1448974609375,162.2948031818548,159.84630355453947,160.83759846030406,11770700
2019-02-21,158.64682006835938,160.82768082441467,158.2007404140604,160.5203667171822,15607800
2019-02-22,160.480712890625,160.99619041650877,158.91446530787059,159.18211913634306,15858500
2019-02-25,163.18698120117188,164.62437107961182,161.48195255827181,161.65048602236217,18737100
2019-02-26,162.7012176513672,164.79285024952887,162.37408855770687,162.90938108535957,13784100
2019-02-27,161.39273071289062,162.50297623256728,159.0136288490233,161.4819436294445,12697500
2019-02-28,160.0445556640625,162.07671319723192,159.45969531394803,160.9565451403324,11114200
2019-03-01,160.86734008789062,161.70994682907624,160.2824797092118,161.18456172606506,11097800
2019-03-04,165.9130401611328,166.04191335210177,162.40386249854723,162.4732452834034,18894700
2019-03-05,169.7691650390625,170.38377818411251,165.10017436805197,165.9130283488519,28187900
2019-03-06,171.00828552246094,172.05907087000372,169.77908947123353,171.39488994598577,21531700
2019-03-07,167.65769958496094,170.24497969856398,166.1509272067736,170.0070634938106,18306500
2019-03-08,168.12362670898438,168.14344171695552,164.52522126142048,164.75321486077115,13184800
2019-03-11,170.57212829589844,172.7827117860263,170.08638832793187,170.10621846208326,18884000
2019-03-12,170.4234161376953,172.2870553762765,169.72951273799794,170.59193445433897,12155300
2019-03-13,171.86077880859375,172.51503702270958,170.62166027850708,170.81993134408785,11973300
2019-03-14,168.6886749267578,169.66013982945074,166.69617734424276,168.2822403306448,18037400
2019-03-15,164.53514099121094,166.12121905245445,161.09534610758368,165.70487696471935,37135400
2019-03-18,159.07308959960938,162.47322375608724,157.89344627970175,162.1461097585963,37524200
2019-03-19,160.16351318359375,162.39392655443643,159.42004205997952,160.0742851530314,25611500
2019-03-20,163.99981689453125,164.67389010942523,159.8363816895949,160.0941128965911,20211500
2019-03-21,164.63427734375,164.9415763771961,162.32455815157707,163.45463385977706,16223000
2019-03-22,162.90940856933594,165.96259883263585,162.66158483165862,164.20800253461144,16389200
2019-03-25,164.84242248535156,165.09024621068198,160.58977401410408,161.5810689154257,12631200
2019-03-26,166.22030639648438,167.97490244456756,164.90189761069288,165.8931924201928,15437900
2019-03-27,164.4260711669922,167.4693536028453,163.3554709188399,166.3888458515842,10620300
2019-03-28,164.10887145996094,165.26868466187196,161.90819560219353,163.13740670660943,10443000
2019-03-29,165.2389678955078,165.73461540128307,163.37532843348518,164.94157636685037,13455500
2019-04-01,167.23146057128906,167.42971654265463,165.8238235108442,166.36903877657028,10381500
2019-04-02,172.68356323242188,173.3774666158427,168.0740481398785,168.6589084826218,23946500
2019-04-03,172.029296875,176.41083330215372,171.44443655984026,172.98094656020862,27391100
2019-04-04,174.4877166748047,176.4504761631489,174.00197677260604,174.4877166748047,17847700
2019-04-05,174.19033813476562,175.45919437554022,173.57574014731654,175.34024382982997,9594100
2019-04-08,173.40719604492188,173.9722413542248,172.71329269434176,173.68477251111253,7297400
2019-04-09,176.03414916992188,177.63013455501002,174.0218217442837,174.09120452139553,19751000
2019-04-10,176.27206420898438,177.23360633426717,175.00319283671809,176.62891584767104,11701500
2019-04-11,175.96475219726562,176.8470040529445,175.45919724377316,176.68840836472478,8071000
2019-04-12,177.54090881347656,178.06629385948273,176.4009106916839,176.4504784580155,12329800
2019-04-15,178.0861053466797,178.92871197979335,175.33030700382656,176.94612237336904,10834800
2019-04-16,177.31289672851562,178.6015829987426,176.74786655580616,177.4417698933258,11215200
2019-04-17,177.22369384765625,179.166638428535,176.80735182160203,178.0365628932567,9973700
2019-04-18,176.72804260253906,177.32282555603885,175.79622303417014,177.24352015384164,11655600
2019-04-22,179.86053466796875,180.08852824143602,176.6983017701339,176.6983017701339,13389900
2019-04-23,182.18017578125,182.61634795804838,179.90019448268743,181.1492357391482,19954800
2019-04-24,180.99061584472656,183.5283282450124,180.06870376711515,182.88399264176886,37289900
2019-04-25,191.57765197753906,196.75221270198747,190.44757636679515,195.26527031280025,54148800
2019-04-26,189.8230438232422,191.2207579743512,187.44392726368935,190.82424611073804,22075000
2019-04-29,193.0844268798828,193.70894753134465,188.9903739442293,189.2877654509235,19641300
2019-04-30,191.71641540527344,195.67168724983304,190.6061700282569,192.49954679695807,23494700
2019-05-01,191.34963989257812,194.47221255780033,191.3298097607027,193.0844058456924,15996600
2019-05-02,190.85400390625,192.31120860420398,188.0982053229263,191.31991371449158,13209500
2019-05-03,193.7684326171875,194.45242857942398,192.02375888272834,192.6879247099252,14575400
2019-05-06,192.19223022460938,192.58874207268795,188.89121690480226,189.5752126998016,13994900
2019-05-07,188.11802673339844,191.2207693086788,186.2147424485166,190.86390255989102,16253000
2019-05-08,187.8900146484375,189.05975040851527,186.90864245139556,187.74132647493377,12505700
2019-05-09,187.00778198242188,188.11804258663693,184.63858771124293,185.5704073630469,12967000
2019-05-10,186.7004852294922,188.3460384588898,182.98312920727724,186.61127231518952,12578500
2019-05-13,179.9596710205078,183.81580760925243,179.26576760980052,181.9026156964481,16833300
2019-05-14,179.15672302246094,181.89270662678092,176.54962772139402,180.93114936380755,17628100
2019-05-15,184.6485137939453,185.64971624388198,178.45292038254397,178.84943231048948,16746900
2019-05-16,185.36221313476562,186.93836817733208,183.43909887484836,183.43909887484836,12953100
2019-05-17,183.6869354248047,185.9470864320573,182.67581046073104,183.23093314658834,10485400
2019-05-20,181.12940979003906,182.62625968048448,179.79115559176233,180.29672568380295,10352000
2019-05-21,183.2111053466797,184.083434452414,182.28919335164926,182.96328165594517,7502800
2019-05-22,183.70677185058594,185.11440874536711,182.0116509740916,183.12189638384365,9213800
2019-05-23,179.29550170898438,182.29912401217322,178.10595086753645,180.83201181191941,12768800
2019-05-24,179.48385620117188,182.03149141179736,179.25586260432482,180.74280498768937,8807700
2019-05-28,182.70555114746094,183.1020781625244,179.87044727508288,179.95966018123755,14843300
2019-05-29,180.6040496826172,182.95341413816547,179.77136546115227,181.90264379308417,12797700
2019-05-30,181.41685485839844,181.88276462179326,179.3153147348018,181.48625275445895,8581500
2019-05-31,175.92510986328125,178.968377388357,175.61781085963088,178.71064615567346,15226500
2019-06-03,162.72103881835938,173.5261614429403,159.60837368542724,173.4765936766981,56059600
2019-06-04,166.04188537597656,166.81509413959097,159.43985812423,162.28488459513008,46044300
2019-06-05,166.7060546875,167.25126988535305,163.1968775407025,166.02205881437155,19758300
2019-06-06,166.8646697998047,168.22273895188772,165.77423937596896,166.83493216333275,12446400
2019-06-07,171.8409423828125,172.3564047363859,167.37019360292555,168.68861736971115,16917300
2019-06-10,173.29818725585938,176.311717193424,172.28706219004877,173.2287893501652,14767900
2019-06-11,176.54962158203125,178.41324564337222,175.25101260252274,176.9263033452393,15266600
2019-06-12,173.51626586914062,177.70945450651269,171.37508021762997,176.82720258328982,17699800
2019-06-13,175.92510986328125,176.48023259580583,173.0900057999222,174.001995307064,12253600
2019-06-14,179.7515106201172,180.2570655866755,178.43308655435038,178.9386415209087,16773700
2019-06-17,187.36465454101562,187.8503945157161,182.80470681040578,183.3994747095493,29459900
2019-06-18,186.82933044433594,192.83657445682238,185.64968722305372,192.31118942774077,37571400
2019-06-19,185.84796142578125,186.46257454218826,182.94347466348276,185.37214411465936,21417100
2019-06-20,187.880126953125,189.4959425300229,186.00658013966265,189.2877639392114,14635700
2019-06-21,189.47610473632812,190.3286189470669,187.10691055343167,187.10691055343167,22751200
2019-06-24,190.9233856201172,192.2913621662736,189.9023531803661,190.7449446896004,15509000
2019-06-25,187.1961212158203,191.458692218337,186.4923103226598,191.200960995286,16750300
2019-06-26,186.0264129638672,189.09941821704652,185.67945368281707,187.89003717436265,12808600
2019-06-27,187.8503875732422,197.1487387746946,186.6310990553971,188.22708448361715,11159000
2019-06-28,191.31993103027344,191.51818700096754,188.2865708133669,188.89126135585855,16378900
2019-07-01,191.31993103027344,193.5800823733003,190.2592381418205,193.51069959023982,14181800
2019-07-02,193.302490234375,193.302490234375,191.03243174807002,191.3199005909455,9050000
2019-07-03,195.48333740234375,195.68159334310286,192.4698077753127,192.4698077753127,10246100
2019-07-05,194.69032287597656,195.35450380586803,192.47973936427107,194.47223677606365,11164100
2019-07-08,194.055908203125,194.96789780891578,191.95436759525762,193.49087790567233,9723900
2019-07-09,197.47584533691406,197.72366903888874,193.19344450633184,193.27274990607873,14698600
2019-07-10,200.9652099609375,201.19321867762923,197.93185000038574,198.25897913106715,20571700
2019-07-11,199.47825622558594,202.02589122238965,198.46714638045125,201.49058353876885,13678500
2019-07-12,203.08660888671875,203.5128736170728,197.42632271001122,197.94178523728158,15366300
2019-07-15,202.13494873046875,203.54258568756845,200.06314599877723,202.47198536964194,16030300
2019-07-16,202.0655517578125,203.68136730888554,201.33200320163752,202.11511952873352,12132700
2019-07-17,200.04331970214844,202.58103230029513,199.835141111631,202.4025913475716,12083700
2019-07-18,199.03221130371094,200.70750229418204,197.64440433726466,198.40769060582937,11937900
2019-07-19,196.63327026367188,200.56871249282906,196.34580137865802,200.42000917219917,12098300
2019-07-22,200.5587921142578,200.80661584010522,197.0793373227458,198.16976776685834,13589000
2019-07-23,200.5984344482422,202.46207368084626,199.21062765329847,201.07425175994294,14583700
2019-07-24,202.87840270996094,203.02709088347058,195.50316678471034,195.90960129358152,32532500
2019-07-25,198.96278381347656,206.84357436312692,196.53409947895375,204.9006299207003,39889900
2019-07-26,198.0111541748047,201.11391201920256,194.5416220616041,198.447326346332,24434000
2019-07-29,194.23431396484375,197.8921943558041,193.59988587033834,197.26767376438386,16530800
2019-07-30,195.32470703125,196.9801825419337,191.81553034089967,193.68907677640038,11903600
2019-07-31,192.53921508789062,197.0297800289434,191.00270488074463,195.23553857855745,14593500
2019-08-01,191.05226135253906,196.74229950931516,189.21837486781064,192.4797284250376,17777000
2019-08-02,187.37457275390625,190.94322544251955,186.43284559132607,189.4364680327754,15297000
2019-08-05,180.1480255126953,184.0537300029914,177.7788312071651,183.082265195433,23086700
2019-08-06,182.90382385253906,184.17268016509672,181.49618685348165,182.09096986760073,18035700
2019-08-07,183.5382537841797,184.74763483221585,179.6424718944931,182.0017587137703,15833200
2019-08-08,188.50462341308594,188.68304921720795,182.44781156029177,184.9954313391032,14828900
2019-08-09,186.2147216796875,189.317463908914,185.49106563377129,188.3459993056581,11058800
2019-08-12,183.75634765625,185.95702374652518,182.85428071009738,185.2234751337409,10930900
2019-08-13,186.8095245361328,189.71402651548019,183.75633436925915,183.9050376827455,13577000
2019-08-14,178.14561462402344,184.37094543800103,177.74908758513192,184.18259698527254,18903700
2019-08-15,181.00054931640625,181.60523986775857,178.46283655202973,179.37482613135495,12925900
2019-08-16,182.1008758544922,183.4886978338874,180.7725442767816,182.15044362624923,12654600
2019-08-19,184.54937744140625,185.86780152869838,183.24087598414363,184.39076662053793,9691200
2019-08-20,182.20993041992188,184.38086887685148,180.80229334361178,183.8356536049804,10083400
2019-08-21,181.9521942138672,184.28172831068724,181.5457596471759,183.38956889079205,8398200
2019-08-22,180.45530700683594,182.5072945973384,178.34385927172,181.83320623694664,10821400
2019-08-23,176.20265197753906,181.5358228805133,175.12214426793494,179.26574930151776,17323400
2019-08-26,178.78993225097656,178.9287129191165,176.68839209744098,177.83828257947536,8773600
2019-08-27,179.72177124023438,182.4379096286173,179.43428724414596,180.3462767514678,14399600
2019-08-28,180.1777801513672,180.3661286282078,177.36250588164938,178.9584914933489,9386100
2019-08-29,183.95462036132812,184.46017536584702,181.87289481149963,182.17028633661246,10128700
2019-08-30,184.05372619628906,185.17389429750483,181.86297289106756,185.15406416381285,10774500
2019-09-03,180.80227661132812,184.05372268054123,180.5247152487826,182.39826200894478,9779400
2019-09-04,185.5109100341797,186.11560047297843,182.289201903489,183.04258051332087,11308000
2019-09-05,189.2382049560547,189.69420730064962,186.30398029626772,186.8888407021492,13876700
2019-09-06,185.85789489746094,188.5542183610433,184.72781926389777,188.5542183610433,15226800
2019-09-09,187.1168212890625,187.33490737878313,184.2321646040486,186.09578874444315,14722400
2019-09-10,184.54937744140625,186.4625845439744,182.94348447650563,185.80832625236286,15455900
2019-09-11,186.84918212890625,187.79090926366644,184.46015777711304,184.83685468140106,11761700
2019-09-12,185.8380584716797,189.26793039867314,185.6001422473146,188.2072527077104,11419800
2019-09-13,185.56048583984375,186.33369461463457,184.916135110212,185.6992665141406,11441100
2019-09-16,184.59893798828125,186.15526311999932,184.15285830726447,185.3027488986509,8444800
2019-09-17,186.44276428222656,186.68068052612696,183.9248665269878,185.03512720589518,9671100
2019-09-18,186.50222778320312,187.43404743884602,184.39076473907446,186.4526600114425,9681900
2019-09-19,188.4848175048828,189.4364672937098,186.51213514758413,187.0177052428198,10392700
2019-09-20,188.27664184570312,191.41906013557502,186.48240041347879,189.00029804702226,19934200
2019-09-23,185.19369506835938,188.44514068415745,183.59770989330332,187.69174698291502,13327600
2019-09-24,179.70196533203125,186.40311442013953,178.81971334316816,186.3436391373338,18546600
2019-09-25,181.2086944580078,181.82329240046013,176.32160317476445,179.87044041290727,18068300
2019-09-26,178.5421142578125,179.8208779461365,176.12335242778306,179.75149517282722,16083300
2019-09-27,175.55831909179688,179.18644664593606,174.13085212743323,178.91880793458682,14656200
2019-09-30,176.52978515625,177.11464547576873,175.31049675051665,176.3216065865108,10740000
2019-10-01,174.27955627441406,178.27447356464504,173.35765926557306,177.5904776543643,17073000
2019-10-02,173.08010864257812,174.9933006833937,171.58324355008335,173.31800975590428,16151700
2019-10-03,177.8184814453125,178.27446862221802,172.11853585227658,174.04165035077614,16086300
2019-10-04,178.87918090820312,179.40456605160196,176.5496467183686,177.98702145268547,10430200
2019-10-07,178.11587524414062,179.60281771829972,176.53971985176267,178.4330968990892,9178300
2019-10-08,176.20265197753906,178.79983953206306,176.17291434340012,176.70820688385956,9466900
2019-10-09,178.2843780517578,179.1467996981967,176.39100132993687,177.6003822110821,7556900
2019-10-10,178.4628143310547,180.02906204160385,177.61030013736234,178.750298314045,8605000
2019-10-11,182.58657836914062,184.8665592687154,180.55442115156401,180.5643286534994,14930500
2019-10-14,181.6844940185547,183.01282530542653,180.98068324196961,182.59648334055433,7006000
2019-10-15,187.2456817626953,188.7227165199571,182.06121398365255,182.19999465624394,15039100
2019-10-16,187.8999481201172,188.048636302201,185.27300760428005,186.68065964915132,10516900
2019-10-17,188.73263549804688,189.17871517807257,187.12674259957046,188.6434225872337,9603000
2019-10-18,184.232177734375,189.82308080594515,182.31897056109966,188.5740394528963,16874200
2019-10-21,188.1081085205078,188.2568118261365,185.12431641612076,185.4117852721347,8122600
2019-10-22,180.75271606445312,188.99037461097063,179.92003194353995,188.3460389491603,19537600
2019-10-23,184.529541015625,184.7575497350842,180.41567319910627,180.42558070283758,12300400
2019-10-24,184.75753784179688,185.1044819615779,181.208700485608,183.01284923596253,11413500
2019-10-25,186.25440979003906,187.35474780280828,183.478780871472,184.21234458863836,8061200
2019-10-28,187.75123596191406,187.8801091309516,183.46885013420712,185.57039034704746,13657900
2019-10-29,187.6620330810547,190.85400383481056,186.82934900423825,190.02131975799415,13574900
2019-10-30,186.61126708984375,188.79211286995138,184.36102340547032,187.90986100375494,28734600
2019-10-31,189.9816436767578,196.3655846528349,186.6112473839516,194.9876854763928,42286500
2019-11-01,191.9344940185547,192.42023391509704,188.25679878716807,191.17120791450583,21711800
2019-11-04,193.0249481201172,195.65187360892588,192.1228661122772,192.8564297987559,16371300
2019-11-05,192.62843322753906,194.04597768143054,191.91469968576047,193.66928077716966,9942000
2019-11-06,189.88253784179688,192.67798154603338,189.6842818904118,192.3409449160828,10973000
2019-11-07,188.7623748779297,191.7560897403017,187.82064773896667,190.23940973863412,13473000
2019-11-08,189.17869567871094,190.6656378761717,188.04862021367907,188.34601167836288,10760800
2019-11-11,187.9594268798828,188.42533669366813,186.89873407480903,188.27663338286612,8631200
2019-11-12,192.77713012695312,193.36199051719342,188.08830924895616,188.3460404905975,17615500
2019-11-13,191.50827026367188,193.9964150967424,191.06219056962595,193.00512016510245,10860700
2019-11-14,191.4685821533203,192.34092640661814,189.78338403977884,191.25049608999586,9040500
2019-11-15,193.40164184570312,193.5998978013367,191.69661340052664,192.56894263050637,11524300
2019-11-18,195.68157958984375,196.90088303543436,191.36945645906076,192.86630610144013,16167200
2019-11-19,197.58489990234375,198.25897315059532,195.14630787716936,195.6816004492539,19056800
2019-11-20,195.7906494140625,197.85254461233583,193.72875421578917,196.8513422129747,12355400
2019-11-21,196.20701599121094,197.3569218443081,195.14633818561873,195.7014609765038,12131000
2019-11-22,197.08926391601562,197.56508124394298,195.89969790725704,196.65309172959883,9959800
2019-11-25,198.05079650878906,199.22053232730747,197.51550393147346,197.78315778311097,15272300
2019-11-26,197.23797607421875,198.40769696543657,196.31606381798798,198.25900875925194,11735500
2019-11-27,200.2415771484375,201.37165277087047,197.68403439746598,198.15985173165873,12736600
2019-11-29,199.88470458984375,202.02590522077313,199.45845503998015,199.84505944895685,7985200
2019-12-02,197.96157836914062,200.41998536000102,196.32594791826912,200.37043271830595,11503400
2019-12-03,197.08926391601562,197.19829183665968,193.381815457433,195.87988289948183,11595300
2019-12-04,196.98019409179688,198.28869534720863,196.32593590111196,198.25895771362823,8456300
2019-12-05,197.62452697753906,199.5377186331052,196.4845440365078,198.12017436511053,9740400
2019-12-06,199.29981994628906,199.81529747078372,198.31843266184003,198.75460478826182,12270600
2019-12-09,199.5873260498047,201.37166002475382,198.46717301699957,198.90333009891077,11954800
2019-12-10,199.1213836669922,200.2911194084233,198.4076501936345,199.90451503751777,9475700
2019-12-11,200.49928283691406,200.8660722022871,198.53652334826828,198.53652334826828,8036800
2019-12-12,195.03726196289062,201.88711301453668,192.41033665773847,200.58851917968943,23734800
2019-12-13,192.42025756835938,195.08684332389672,191.4884379232018,194.69031628023387,18798000
2019-12-16,196.19705200195312,197.3866026579484,193.1141247731725,193.57012700638194,14911500
2019-12-17,196.66299438476562,197.2676848781239,194.42267335863096,197.10907406407196,10175700
2019-12-18,200.73724365234375,202.5215777322236,198.34821899889243,198.34821899889243,23274400
2019-12-19,204.26622009277344,204.50413630878322,200.74712025150424,201.0147741037703,16514600
2019-12-20,204.50411987304688,205.90184916859667,201.65909351685073,205.67384047434393,27306900
2019-12-23,204.3851776123047,206.7742019794803,203.88953015650694,204.90065520160314,13348900
2019-12-24,203.33441162109375,204.98987234249637,203.21546106955543,204.5041475064081,6046300
2019-12-26,205.9811553955078,206.0109081576368,203.52274834107865,203.78049468916097,9350700
2019-12-27,206.28846740722656,207.11122883413438,204.79160248082297,206.85349761464175,10284200
2019-12-30,202.63055419921875,206.09016303768948,202.12498421925616,206.05051790492615,10524300
2019-12-31,203.4632568359375,203.77055580247915,201.82762647326695,202.22413834119976,8953500
2020-01-02,207.95382690429688,207.9637344071887,204.4743875184786,204.95020479858297,12077100
2020-01-03,206.85350036621094,208.56843626979165,205.1484719660643,205.40621831494474,11188400
2020-01-06,210.74929809570312,210.9277239141144,204.7222233942496,204.90064921266088,17058900
2020-01-07,211.2052764892578,212.7120488834595,209.90668266717276,210.96737540793467,14912400
2020-01-08,213.3465118408203,214.35763697955275,210.75923127692005,211.14583572320578,13475000
2020-01-09,216.39967346191406,216.4789788667449,214.39725358632398,215.6462796790009,12642800
2020-01-10,216.1617431640625,217.96590697301042,215.5273150927095,217.29181863884628,12119400
2020-01-13,219.978271484375,220.03774676270825,217.3017780776525,217.68838251277953,14463400
2020-01-14,217.15306091308594,220.44416728003057,216.72681136156237,219.68086596283632,13288900
2020-01-15,219.22483825683594,219.75022328905106,218.2236359574362,218.689545721998,10036500
2020-01-16,219.8394775390625,220.69199177101737,218.4714857160289,220.6325164962698,10015300
2020-01-17,220.2062530517578,220.3549412394602,218.61026762459173,220.09721000545602,15905900
2020-01-21,219.5123291015625,220.4342260310125,217.2125178404662,220.2260625876987,14275800
2020-01-22,219.3933868408203,220.81093123768824,219.35372657567254,220.37475907681832,12212800
2020-01-23,217.84695434570312,219.5619053548799,217.36122954189034,218.82834170856364,11195000
2020-01-24,216.04283142089844,219.84940053253646,214.2287597834863,218.87793568264115,11905800
2020-01-27,212.99951171875,214.17915496687039,210.6501478512568,211.2449307896908,13810700
2020-01-28,215.8941192626953,216.8358615605444,211.66130074124504,214.2584886549919,13413800
2020-01-29,221.28675842285156,222.2483156951887,216.5483699652949,219.51234719018524,33181300
2020-01-30,207.70599365234375,209.5894476804152,202.9676058229398,204.7321093179417,48775500
2020-01-31,200.15234375,206.8733215207169,199.30973708992997,206.6155751830227,31359900
2020-02-03,202.4125213623047,203.35424855404304,200.7372304509798,201.66905013841216,15495600
2020-02-04,208.00341796875,208.7667193037582,203.4137175806596,204.82135457285582,19628900
2020-02-05,208.28094482421875,210.87813228249038,206.89313819597234,210.66004622291484,12538200
2020-02-06,209.01454162597656,209.35157827127708,207.5176766040334,208.63784471301705,10567500
2020-02-07,210.48162841796875,210.9673683192804,208.10251180296524,208.46930116761217,12242500
2020-02-10,211.2052764892578,211.93884011724154,208.82617492027316,209.67868908891847,11856400
2020-02-11,205.38641357421875,209.0244644109467,204.7123251083773,208.36029857572555,25030800
2020-02-12,208.92530822753906,209.38131053815937,205.59455674975018,206.04065155669,13813700
2020-02-13,211.2845916748047,212.46423501084925,207.35905726566108,207.69610902307352,15396600
2020-02-14,212.3155517578125,213.0590229935194,210.7988716470473,212.13712592170413,10741700
2020-02-18,215.90403747558594,216.08246330144772,211.54233073434534,211.69103404852362,15609200
2020-02-19,215.59674072265625,216.41951733330308,214.22874887291087,216.09238818984397,12135100
2020-02-20,212.71205139160156,216.8655792462106,211.09623594075467,214.63516582675354,13109200
2020-02-21,208.35032653808594,212.37499599154526,207.01208768032706,211.62160228920382,14092300
2020-02-24,198.97271728515625,201.87720413639323,196.44491221736035,200.0433176124331,23080100
2020-02-25,195.05709838867188,201.72850871686512,194.24422932404505,200.48939011295317,21433500
2020-02-26,195.48333740234375,199.45843935027182,193.7882317140009,195.47342989939133,16524500
2020-02-27,188.0982208251953,194.17486384025085,187.8503970823426,190.15020867647684,21682600
2020-02-28,190.79449462890625,191.062148436695,180.23721198541185,181.10954104723643,32568900
2020-03-02,194.72998046875,194.85885365128047,187.2060555030283,192.34095603269014,24949000
2020-03-03,184.27182006835938,195.52302394887474,182.36853555450094,194.51189885133846,27984100
2020-03-04,190.09072875976562,190.1601266720543,184.76747930991147,187.52327827239506,23062500
2020-03-05,183.5580596923828,187.34481315880845,182.28920353501553,185.15404495490924,19333400
2020-03-06,179.5135955810547,182.18018136792298,174.72563924503544,176.77762701445522,24559600
2020-03-09,168.02447509765625,173.47659670849464,163.75199676458902,168.12361063187322,29949000
2020-03-10,176.63882446289062,176.73794486823076,168.02447015120921,173.14946249940837,24517800
2020-03-11,168.75804138183594,174.34894375307698,166.2004988435292,172.49521209053785,20373900
2020-03-12,153.1253204345703,165.14973209945882,152.99644726061157,158.15117758148926,43266300
2020-03-13,168.79771423339844,169.30326924656868,156.22810068211894,162.1064728706814,35028600
2020-03-16,144.7389373779297,157.74473445791898,141.85428122338843,150.99401979960834,39120400
2020-03-17,148.11927795410156,152.5999350106582,138.78128207529338,149.42779444555768,34255600
2020-03-18,145.6807098388672,146.8900757398305,135.90654120587038,138.53346672486657,37553100
2020-03-19,151.79698181152344,158.53777453936144,143.53949408136737,145.3436428023484,39862300
2020-03-20,148.4265899658203,157.88355234458237,146.71165392213462,154.661843728049,32568400
2020-03-23,146.81076049804688,150.98410298108698,141.01168008224292,148.35717790867255,29830800
2020-03-24,159.5786590576172,159.9057882108282,151.2418799067256,153.85889800645307,30440400
2020-03-25,154.8501739501953,161.57115177000506,151.7275861217966,157.53657450192858,35184300
2020-03-26,161.91812133789062,162.5723796667803,155.65314481623162,156.87243342846332,26556800
2020-03-27,155.42510986328125,158.69638583006187,153.40287506390268,156.8228392049175,24879900
2020-03-30,164.50537109375,165.29840996886728,156.6840556288971,157.79430097848623,22515200
2020-03-31,165.3479766845703,169.44201394815866,162.7706041382974,164.03946028004327,23676300
2020-04-01,158.21067810058594,162.72105796616114,156.66424529203292,160.21308298396346,19507600
2020-04-02,156.8129425048828,159.94543801619128,154.56269884871304,157.71502449327173,20886300
2020-04-03,152.8378448486328,156.53538582342665,149.5170159130177,155.7819919969896,25983300
2020-04-06,164.10887145996094,164.75320708570277,157.13014698953972,158.75586999811065,28453600
2020-04-07,167.3603057861328,171.88060773195613,164.56484714145031,170.29452997421248,31411900
2020-04-08,172.7628631591797,173.4765966526272,166.2798015739834,169.75924101007092,21664200
2020-04-09,173.6649627685547,175.53850959806437,170.07647992999216,174.36877370464606,23534300
2020-04-13,173.26844787597656,173.47662648317942,167.97493616094914,172.15820230679188,19355400
2020-04-14,176.6190185546875,179.65237866656275,175.08250836457879,177.4219650400709,21011800
2020-04-15,175.42947387695312,176.63885496301796,171.31560575901784,173.66497002206395,17423000
2020-04-16,174.71571350097656,176.5000472172421,171.00826539751142,176.4009116840212,23593200
2020-04-17,177.67970275878906,178.71064279610266,175.1221601097714,177.64004249237715,20974800
2020-04-20,176.6884002685547,178.92872119383586,175.23119562271654,175.86562372440423,16110700
2020-04-21,169.3131866455078,173.85331949681193,166.87459432435907,173.7244463083156,24850500
2020-04-22,180.69322204589844,183.17145914344033,176.5892620174074,176.89656099734918,33242000
2020-04-23,183.5184326171875,185.42171704056207,181.5556577930537,182.4775699303214,21426600
2020-04-24,188.41542053222656,188.7524571530218,179.25585061783767,181.63495222175106,28792000
2020-04-27,185.86778259277344,192.0633753458659,185.77856968735904,190.98286759995668,29197800
2020-04-28,181.3177490234375,187.55298712512695,180.97078976717316,187.01769454861898,21731000
2020-04-29,192.49954223632812,195.19586533888122,188.346014547985,189.26791146399665,45954500
2020-04-30,202.92799377441406,207.86463833916753,199.815328268595,205.11874712075365,46230100
2020-05-01,200.50924682617188,205.47562940366856,197.3172756692778,199.84508098154578,30415600
2020-05-04,203.47317504882812,204.11752577558354,197.02975853702785,198.45722553825703,19250700
2020-05-05,205.26742553710938,208.5486089695455,204.7023802295266,205.21785777094198,21071200
2020-05-06,206.6552276611328,209.75798521785813,204.86098649767018,206.30826843159727,21857000
2020-05-07,209.42095947265625,209.75801124137712,207.22028353893103,209.32183905617606,15152000
2020-05-08,210.50146484375,211.3539790092418,209.0145225871451,210.3924218065606,12506000
2020-05-11,211.32423400878906,213.1283979401851,208.53869783260805,209.05417540242968,12911900
2020-05-12,208.27105712890625,213.4059572677164,208.17192159205015,211.43327504157023,14704600
2020-05-13,203.31459045410156,208.94513823709826,200.35061325172475,207.6068840689912,20684600
2020-05-14,205.0096893310547,205.1286398749658,198.94296957623862,200.79668613999704,17178900
2020-05-15,209.04428100585938,209.50026820601656,202.3431175559014,203.483115808215,19383200
2020-05-18,211.3341522216797,212.7715267339531,209.103738801475,210.30319710358134,20151900
2020-05-19,214.99203491210938,218.57060997564648,210.97728768832476,211.41345984857227,31843200
2020-05-20,227.96804809570312,229.3261170225548,221.24707110042877,221.55437004364714,50162900
2020-05-21,229.37574768066406,235.13516916621032,229.187399211959,232.6767618203889,47782600
2020-05-22,232.8650665283203,233.93566673401017,226.74877938987345,229.4946551120467,33925600
2020-05-26,230.1786651611328,238.8029274814234,229.65328009154226,237.6827745670303,33178300
2020-05-27,227.1453094482422,228.5529463704739,219.20504286108883,227.07592667175928,34697600
2020-05-28,223.49737548828125,229.6136637720692,222.05007814494928,222.3474696676571,29377200
2020-05-29,223.13055419921875,225.50967091525212,220.93980105083412,223.2395972377781,23241500
2020-06-01,229.89117431640625,230.4165593357448,221.55438164960725,222.6348893213822,18223800
2020-06-02,230.6941375732422,230.9716989198073,224.58775769689183,228.929633958953,20919000
2020-06-03,228.15640258789062,230.62471682717958,226.54058731005824,230.08942431924868,15380300
2020-06-04,224.3201141357422,229.61364034721157,222.65474598001492,227.56165266323373,17041500
2020-06-05,228.76112365722656,229.3360765026521,223.34864695784768,224.73646886520714,16750400
2020-06-08,229.38560485839844,229.53430815020616,225.43034838721357,227.03624108222348,15466500
2020-06-09,236.59234619140625,237.68277660516696,228.40425596266664,229.50459387983992,27462900
2020-06-10,234.66925048828125,239.11026277787252,233.23187582856167,238.86243903909462,20720700
2020-06-11,222.47630310058594,230.8626644574939,221.60397389010276,227.93834758086746,26708200
2020-06-12,226.59017944335938,229.64336940745946,222.54569462569273,227.8986807845685,22091400
2020-06-15,230.47605895996094,231.73500768933346,222.84309143034983,223.13056028932934,15340300
2020-06-16,233.5986328125,236.38418413576704,230.9717074264881,235.07566763151695,15236700
2020-06-17,233.47972106933594,235.5217864447732,229.71279686781028,232.95433590481906,19578100
2020-06-18,233.88612365722656,234.0843796141801,230.12910747503136,232.94439651722732,15782500
2020-06-19,236.7113037109375,238.73355378768707,233.4995178993327,235.7200088059316,30081300
2020-06-22,237.13754272460938,238.60465478999114,234.8476541619913,236.4832845278733,18917800
2020-06-23,240.13128662109375,243.0556036069175,237.77199987359415,239.17963684344247,24017900
2020-06-24,231.9828643798828,241.10277552155847,230.6545175598473,239.1003553496508,20834900
2020-06-25,233.6283721923828,235.23428019830692,230.7139779243627,232.57760203013643,18704300
2020-06-26,214.19900512695312,231.06092603450634,213.52491672530047,230.61484635194967,76343900
2020-06-29,218.7193145751953,218.8283576234436,205.30709527045812,207.9241133024566,58514300
2020-06-30,225.0933380126953,225.51958755508608,216.56819590528403,218.66973623252326,33927100
2020-07-01,235.48211669921875,236.91949134115922,225.57907477480111,226.51089444123383,43399700
2020-07-02,231.3880615234375,237.91078399988285,230.58511504759153,236.91948906655,30633600
2020-07-06,238.18832397460938,238.30727451561665,230.24805771723553,231.72507735460576,26206200
2020-07-07,238.76327514648438,245.49416043715738,236.7410403335655,237.32590065741434,27887800
2020-07-08,241.45962524414062,244.83994464698375,234.53046811241302,236.0372406686119,29791300
2020-07-09,242.37158203125,244.38390929366182,237.15737675477754,242.86722943826686,22174900
2020-07-10,242.93666076660156,243.3530028306742,237.2367148015291,241.56866889467682,22982700
2020-07-13,236.9194793701172,247.97241137402958,236.34452651720005,244.85974601579528,24674900
2020-07-14,237.6431121826172,238.237895148075,230.01014479769046,234.6989652429233,23378100
2020-07-15,238.18832397460938,242.6888110381981,235.9777407071234,239.44727266211922,19133600
2020-07-16,238.83267211914062,239.65544869823316,234.27272467146835,235.92818533327153,18880700
2020-07-17,239.92308044433594,242.03454321929493,235.78938292259642,238.9020480052615,18152400
2020-07-20,243.2836151123047,243.9081357975486,233.588751300989,237.9702733503476,20872200
2020-07-21,239.64553833007812,244.76062356437544,237.99007768806302,244.07662767391062,19364200
2020-07-22,237.7819061279297,239.79423359282484,236.04714002881593,238.1685105392652,15427900
2020-07-23,230.5751953125,240.309703175952,229.73258861347995,237.54399711408567,21771800
2020-07-24,228.70164489746094,231.45744341133576,224.92479875703089,228.18616733253234,18325800
2020-07-27,231.46734619140625,232.90472069074355,228.82059077169882,229.44511136404245,13163100
2020-07-28,228.1167755126953,232.91465428162354,227.82930664968208,232.58752515242662,14170100
2020-07-29,231.25917053222656,231.66560505382344,228.30511609365914,229.12789264007753,13588300
2020-07-30,232.4586639404297,232.8452683628402,227.00654175845798,228.21592279799037,20615300
2020-07-31,251.46177673339844,253.6228074917732,246.83243134221584,253.59306985470033,53005100
2020-08-03,249.7666778564453,253.17671971855233,248.1508622761092,250.45065865408648,23124900
2020-08-04,247.6551971435547,250.5993440932362,245.27608039961166,249.37013301923434,17183500
2020-08-05,246.95135498046875,250.07394266649422,245.61311608013628,248.01204767368492,13050100
2020-08-06,262.9706726074219,264.27918895050783,246.50526604600296,246.8720402667357,45241600
2020-08-07,266.1031799316406,276.4622227468874,261.1367832769081,261.7811188499135,72766400
2020-08-10,260.7105407714844,271.4759881242458,257.42935729827803,265.70667519444817,30248800
2020-08-11,253.90036010742188,263.60514536343936,252.9090652365863,257.9250148628608,28238300
2020-08-12,257.62762451171875,261.60269615659547,255.8630906956138,256.7156199692329,21415700
2020-08-13,259.02532958984375,262.85174340322044,257.3104088778803,259.2731532998424,17374000
2020-08-14,258.9658508300781,260.3635801658666,256.42813849404035,260.02654355504006,14792700
2020-08-17,258.8865661621094,261.80097543570025,257.14187754882556,260.2148976283439,13351100
2020-08-18,260.0563049316406,262.8418412286436,257.00312989770174,258.67842072781787,18690400
2020-08-19,260.3040771484375,265.57777232444016,259.0748813750512,259.1145416344258,23291500
2020-08-20,266.668212890625,267.2828108011093,259.18391930646,259.2235795673699,20299700
2020-08-21,264.6856384277344,268.1353250252356,264.10077811668583,266.3510064576947,15538600
2020-08-24,269.0275573730469,274.836531396704,266.4303391309209,268.7103357210728,23685600
2020-08-25,278.37542724609375,280.6256556665897,267.9073560424017,270.03863392111543,42127200
2020-08-26,301.26446533203125,302.0178592082746,281.52777836633004,281.52777836633004,69015200
2020-08-27,290.6674499511719,298.60773063791044,289.47788414162295,297.5470379871194,30301300
2020-08-28,291.1036376953125,294.64256742942354,288.44697486350793,292.4319691112148,17157400
2020-08-31,290.647705078125,294.29566340482825,289.012044132342,291.3911763255091,17345100
2020-09-01,292.8681945800781,298.8655171752459,290.16194836378156,292.14453834590944,17295900
2020-09-02,299.86669921875,300.9571296299292,290.4989505638761,296.2782166171665,24341400
2020-09-03,288.58575439453125,295.00935596893214,281.1609655842515,293.413355515593,32294100
2020-09-04,280.2688293457031,286.48423773033767,268.77972461851283,284.74947158491176,30333700
2020-09-08,268.7995300292969,276.86865482377584,267.0746865754725,268.9184805775717,24864000
2020-09-09,271.3372497558594,276.05582330859846,268.98788560941557,273.3693922638843,22918800
2020-09-10,265.75628662109375,276.7299300973121,264.7055162870741,273.1117092111557,24814700
2020-09-11,264.28912353515625,269.0275422844676,260.3537117530146,267.7091031026115,18913900
2020-09-14,263.8331298828125,274.231833888043,263.3870653318415,268.5913635232722,24093800
2020-09-15,270.0485534667969,272.1302484280536,266.95568815618236,268.31378749780447,18478500
2020-09-16,261.22601318359375,270.0683767325323,259.51109242016884,264.9632142037472,29183400
2020-09-17,252.6017608642578,259.2236031998785,248.01206086978098,256.0316325737268,31281400
2020-09-18,250.33168029785156,256.9436300742948,247.87327337349672,256.1505760652015,28130800
2020-09-21,245.98983764648438,247.7741715951275,242.0048428081355,245.38514711738756,24709400
2020-09-22,252.53237915039062,253.0974245114038,246.05922457694612,251.10491205515729,30293100
2020-09-23,246.8522491455078,255.74415008323095,245.9898123355929,253.03791936305436,19641300
2020-09-24,247.35781860351562,250.04423447504365,243.4818518607491,244.35419622510534,20006800
2020-09-25,252.6017608642578,253.52365781403032,244.46322349269434,247.2289294679709,18351300
2020-09-28,254.58438110351562,257.3401799062247,252.60179116625955,257.14190881173045,18826300
2020-09-29,259.5111083984375,261.03768081045007,254.6636616660201,255.56574368325687,20200200
2020-09-30,259.62017822265625,263.7637844416188,257.8358591600378,259.6994987709962,20142500
2020-10-01,264.3089599609375,265.99414311385937,262.4948733807721,263.04010371853553,20009800
2020-10-02,257.6772155761719,262.8418538723602,256.9238217222917,258.93614929080496,16367600
2020-10-05,262.34619140625,262.56427749613204,258.5693602261399,259.91753703229796,12822300
2020-10-06,256.4083251953125,263.3771266628919,255.99196805450927,259.50116023470514,18696900
2020-10-07,255.87301635742188,257.9150812844997,252.60175552330386,256.9535240905326,23133400
2020-10-08,261.4639587402344,262.3164578536441,256.8940734112496,257.4888564158184,16312800
2020-10-09,262.1479187011719,262.44529503670765,259.8877677953517,262.2172863448528,14107800
2020-10-12,273.3495788574219,277.74100816754435,265.5381699141355,267.8479040582493,31019300
2020-10-13,273.7361145019531,276.67033814535966,271.01005426096,275.16355094184195,18063300
2020-10-14,269.4537658691406,276.32343172750234,269.1365442655314,275.20326373795046,15577800
2020-10-15,264.398193359375,266.6980049306729,261.37475582736255,265.2705377658619,15416100
2020-10-16,263.61505126953125,269.00769806378014,262.9905306285475,265.0524410067769,16622700
2020-10-19,259.1244812011719,266.21223369649806,257.6177238415861,263.2185339846654,13587000
2020-10-20,265.2308349609375,267.3522203594009,260.5915825452743,260.77000834928066,18763200
2020-10-21,276.3036193847656,280.5859900670945,273.9641478504965,277.1263807843947,28998600
2020-10-22,275.69891357421875,279.9912371337842,272.6457388053963,277.4336795285745,16720000
2020-10-23,282.3109130859375,282.75697768725735,274.41029068205205,276.3730354317049,17535200
2020-10-26,274.69769287109375,282.7470322158828,271.87252683746,280.69504467935377,21322900
2020-10-27,280.8239440917969,282.033325094517,273.9046947153265,276.3333793505012,16287200
2020-10-28,265.3399353027344,276.3631304196497,264.93350073882925,276.3631304196497,23121800
2020-10-29,278.38531494140625,281.131220993011,271.3966984619704,274.14257426165767,32368100
2020-10-30,260.8196105957031,274.29133614687277,256.84453825257276,272.11047506561437,47247800
2020-11-02,259.0848388671875,268.11555177589446,255.09984397803464,262.29665514165265,27165700
2020-11-03,262.99053955078125,267.69919058864355,258.6090327892569,260.8691840773539,17961900
2020-11-04,284.8782958984375,286.42471331978567,276.1945440309318,278.5538304242982,35364400
2020-11-05,292.1147766113281,294.7912849671993,286.4346761422821,289.35897797355784,23823600
2020-11-06,290.8558349609375,292.03547829068356,285.5524012917974,291.3911426677605,13891000
2020-11-09,276.34326171875,290.03304153749013,276.10536062910086,287.34664089380567,25117700
2020-11-10,270.0584411621094,271.6147812934847,261.70183307109477,270.7226220038531,29067700
2020-11-11,274.07318115234375,275.9764501158663,270.10800218443785,271.08937429838187,14957000
2020-11-12,272.68536376953125,277.3147238557322,272.04102819165286,274.76708892660645,12899500
2020-11-13,274.5391540527344,275.34210055831124,270.7226623677045,275.30244028897164,10391200
2020-11-16,276.5316162109375,276.97771101570106,272.23932261444486,272.6556495304327,12970400
2020-11-17,272.6060791015625,275.26274199380117,270.91097340750423,275.26274199380117,15040300
2020-11-18,269.6025085449219,274.97534087902386,269.47363535165783,272.13029875214187,12152900
2020-11-19,270.56402587890625,271.08941095311593,266.8466700938607,268.66072640611867,12963700
2020-11-20,267.35223388671875,270.6234948000177,267.06474990888495,270.1873226446554,18114700
2020-11-23,266.0932922363281,268.59137483464673,262.2272480388358,268.53189955867924,20990800
2020-11-24,274.50946044921875,275.4016200149844,265.5382213801,266.1528195198069,16930400
2020-11-25,273.19097900390625,277.74101931681827,270.27656935219704,275.7187993456942,12467000
2020-11-27,275.3916015625,276.7001179380281,272.4276398385268,274.9752746942331,7808400
2020-11-30,274.5589294433594,275.2825855577572,268.65082074499577,273.62710988582904,16693300
2020-12-01,284.0555419921875,286.7816029719664,276.53161731822826,276.7298883993437,20738900
2020-12-02,285.01708984375,289.24001566629744,278.3853247499967,282.8758892964831,17361600
2020-12-03,279.3964538574219,284.1546569401702,278.62324510017737,283.7581450585941,12921700
2020-12-04,277.26519775390625,280.9924460351421,276.86865558933414,277.8599504969249,10880300
2020-12-07,283.0939636230469,285.9786352022847,275.7782332052152,276.759605404161,13007700
2020-12-08,280.9329528808594,283.93657504961703,279.09905136815115,283.5202481560011,10747700
2020-12-09,275.50067138671875,285.12613567782824,269.3843689987013,281.1906940080465,25189700
2020-12-10,274.7076416015625,276.30364214337,269.4934206756961,273.1414089490046,20065100
2020-12-11,271.1687316894531,274.0732489938562,267.8974703319594,272.14021166775035,14391400
2020-12-14,271.8031311035156,274.806753220003,269.19602086754435,270.9902620847114,16376900
2020-12-15,273.1512756347656,273.6766606794515,265.1416267975304,272.43754215406807,23979500
2020-12-16,273.270263671875,275.44117155415506,270.1377683264025,272.36818173124277,15885000
2020-12-17,272.0906677246094,277.998777567719,271.2282156464043,274.658118193766,16377800
2020-12-18,273.99395751953125,275.58003571793324,268.77976590423503,273.36943677094155,26693200
2020-12-21,270.4153747558594,272.27901421846406,265.4588996965588,270.60372322826663,16553700
2020-12-22,264.7649841308594,269.1365988136433,262.3264068441914,269.1365988136433,17312900
2020-12-23,265.7760314941406,269.80071617130704,263.91242270147467,264.5666808927801,14329000
2020-12-24,265.072265625,268.04615049794745,263.8827298269738,266.5393930530124,6702000
2020-12-28,274.5887145996094,274.8860909984067,263.34743294623155,266.4006082309336,23299700
2020-12-29,274.3706359863281,278.0681773226546,273.87498847350855,274.5391694515331,16383000
2020-12-30,269.5033264160156,275.65925897281426,269.3447156095578,275.5304160537405,11803800
2020-12-31,270.7820739746094,274.67785503035066,267.4612305554548,269.6321684495214,12900400
2021-01-04,266.5988464355469,272.6060909653944,262.89141327903155,272.3880048825454,15106100
2021-01-05,268.6112060546875,270.0287506373371,265.87522218736854,265.9545427280597,9871600
2021-01-06,261.017822265625,265.41917344429424,257.7465616404671,259.7192285430629,24354100
2021-01-07,266.40057373046875,269.24558516756673,262.4750545151092,263.5852999293993,15789800
2021-01-08,265.2407531738281,266.6087448189351,260.88895454198536,265.9743016349195,18528300
2021-01-11,254.60415649414062,261.17644595376123,253.6723369484737,258.21248413938997,30412300
2021-01-12,248.9042205810547,257.4590999880245,248.1211043039548,254.39600252775776,26383500
2021-01-13,249.44944763183594,251.7393364270185,247.03068565955243,249.36023472120903,19528900
2021-01-14,243.5016632080078,252.80992112440126,242.48063073575494,251.19410569943693,29739400
2021-01-15,249.17189025878906,251.65012754449234,245.00845464399956,245.74200319995333,24942900
2021-01-19,258.8270568847656,259.9174871247992,250.5200023087561,254.66360696896973,28028500
2021-01-20,265.1515808105469,267.96685480321304,261.3053516121977,266.588940318972,25199900
2021-01-21,270.49456787109375,271.2182238604713,265.161397782914,266.9160086847951,20838700
2021-01-22,272.1104431152344,276.045884978016,269.6322059283925,269.6421285577539,21954000
2021-01-25,275.58990478515625,277.6617074955917,269.1464879361957,275.7187779624426,19087000
2021-01-26,279.5946960449219,282.905647414727,275.39161562612856,275.71875986267514,19373600
2021-01-27,269.77099609375,280.9825384725556,265.78597141936456,280.0705338960137,35346200
2021-01-28,262.6932067871094,284.29353592138875,262.39583035189446,274.7671740876546,37758800
2021-01-29,256.08123779296875,264.2396069718371,252.63155036892067,262.9905655241373,30389500
2021-02-01,259.72918701171875,261.870387630748,252.69098715556086,257.2608421338814,22914300
2021-02-02,264.7550048828125,266.5096160599849,260.97817407203195,261.70183017494816,17320800
2021-02-03,264.3287658691406,266.8565858893887,261.5432297590339,263.30773338307216,14223400
2021-02-04,264.1701354980469,265.8256110868303,261.70182118340733,264.6856281434221,16060000
2021-02-05,265.76611328125,266.8268058633691,263.3572744373787,264.4774120290199,12454400
2021-02-08,264.2593994140625,267.51084570093855,262.6931666745466,266.4105228067336,13755200
2021-02-09,267.10443115234375,271.01013559908193,263.43662780833625,264.12062373060746,14613400
2021-02-10,269.5033264160156,271.41651821880134,265.38945883299453,270.078294370915,14687200
2021-02-11,268.03631591796875,271.19851968298707,266.15283089075103,269.52325867508097,12828600
2021-02-12,268.1452941894531,268.8193675206695,266.0040933856579,268.16510919851635,9097600
2021-02-16,271.5850830078125,274.19219360834205,267.6991934307805,268.4426646551784,15417200
2021-02-17,271.1885986328125,271.58511060907136,267.23331074573196,268.87886418653466,12763200
2021-02-18,267.044921875,269.5826341540799,263.71415560125973,267.22334767932983,15249100
2021-02-19,259.28314208984375,267.9173138788324,257.885412378564,267.51087926049496,25622600
2021-02-22,258.0637512207031,260.7799194308348,255.2881379971181,255.70449510661345,17434900
2021-02-23,263.545654296875,265.1317322276039,252.74056078837012,257.2410330934261,21924600
2021-02-24,262.0091552734375,264.0611429978449,256.14070634660726,260.04638046071045,15736100
2021-02-25,252.472900390625,264.6162629103088,251.82854963033122,260.01664005540107,19053100
2021-02-26,255.37734985351562,263.23830999745786,254.23736693604718,254.23736693604718,26619500
2021-03-01,262.6038818359375,264.3287249282592,255.65489632873502,258.54949015507526,22157300
2021-03-02,256.74542236328125,264.3882988596184,256.39846303943244,263.4664017077334,15191700
2021-03-03,253.1865997314453,258.7180112130726,252.8793007742391,258.02412302824894,15513500
2021-03-04,255.3972625732422,264.170199267772,251.29328668398887,254.2374340930853,31626500
2021-03-05,261.97943115234375,263.13925956786613,253.38490565331423,258.4008708631088,26820100
2021-03-08,253.08749389648438,263.2680814436607,252.82976267251672,263.2383438072783,18391800
2021-03-09,263.4266662597656,266.19238717808435,257.548295450208,258.90636446418875,22039700
2021-03-10,262.593994140625,266.62857135494477,260.58166684791667,266.3014573722322,14210300
2021-03-11,271.495849609375,275.4808441808268,265.48860498958203,265.7760587266134,21834000
2021-03-12,266.06353759765625,267.3918690959222,261.72166121793634,266.79711637424987,20600200
2021-03-15,271.3669738769531,273.5577270950663,266.1626757478061,266.7376134683723,16844800
2021-03-16,276.8488464355469,279.6839656622003,272.40783426494863,273.6766905634166,22437700
2021-03-17,281.53765869140625,283.7383344580266,273.0125169715293,273.3098933243491,21315000
2021-03-18,276.194580078125,282.7073948287662,275.85754344250125,277.4336987025886,18728300
2021-03-19,287.5845031738281,290.2510884508248,278.75209364143296,278.77190864559003,38930500
2021-03-22,290.98468017578125,297.10095206901144,284.2537801031509,287.9215829149258,28273100
2021-03-23,288.10009765625,295.40593764976325,287.28722841970466,290.59815039937365,23000900
2021-03-24,279.68389892578125,289.1804887644347,278.71241923691866,288.466755376108,18675000
2021-03-25,276.31353759765625,285.5524135552309,275.33216530293356,278.53405880002805,24505600
2021-03-26,280.5562744140625,282.0234017709081,275.3519761388524,275.87736123084443,17629200
2021-03-29,288.28839111328125,290.62783256475734,282.2216711438117,283.2823336991601,21718800
2021-03-30,285.4928894042969,289.92397816866935,284.2042183237241,287.30694549487737,17474500
2021-03-31,291.9660339355469,293.918885752478,286.097555856898,287.46554741672674,19498200
2021-04-01,296.0601501464844,299.76758353816194,294.01808499206,295.8024037816997,17616000
2021-04-05,306.2208557128906,308.0646493719393,298.06248927320576,298.27068294587053,28237000
2021-04-06,303.5939636230469,308.63965066599314,302.59274616641994,306.1514909677622,17335200
2021-04-07,310.364501953125,311.51440761304855,302.8405776476892,303.6732616941335,22855200
2021-04-08,310.2951354980469,313.13025479645944,307.35098827565594,312.10922220428597,20894100
2021-04-09,309.7399597167969,312.00011061408475,307.62849698671556,308.68918966598244,15988600
2021-04-12,308.8280029296875,309.43267826117784,305.249412826226,308.3422478867747,10881900
2021-04-13,307.0635681152344,311.69289911414137,306.62739586775854,309.492222866213,14036900
2021-04-14,300.1839599609375,305.3485984541713,299.32153814894536,304.62494221154947,17421400
2021-04-15,305.1404113769531,307.44022286569765,301.4527930422147,303.67328399580504,14558300
2021-04-16,303.5146789550781,306.2605853135544,301.9583386311956,305.4873764666447,13059200
2021-04-19,299.6090087890625,305.0215015896528,297.9436403513075,302.354915462235,14553500
2021-04-20,300.0154113769531,302.44409611177736,294.62276441424297,299.36115307795654,16796400
2021-04-21,298.8456726074219,299.3512426834739,294.80120275476366,299.3215050467602,14863500
2021-04-22,293.9387512207031,300.2830627469146,293.46294903258087,298.7068772430014,16375400
2021-04-23,298.50860595703125,299.9558878847626,294.5632417888713,296.15924213713583,17536800
2021-04-26,300.4020080566406,303.1379613464025,298.9348807476967,300.6993844190325,16172600
2021-04-27,300.9273986816406,302.6819797559511,298.48879145737527,301.6312095868947,15309300
2021-04-28,304.42669677734375,308.2134508908724,302.71174555790657,304.68441290284227,33907200
2021-04-29,326.64154052734375,328.92150633604183,318.81028785417476,327.24621579980425,56526800
2021-04-30,322.2500915527344,326.9488493488843,321.6751538951361,323.3008918440618,26332400
2021-05-03,319.7718505859375,325.68988151721123,319.0383021436549,323.3306253984266,18719500
2021-05-04,315.5885925292969,319.3852684884699,310.39421754807074,317.2341454989644,24032600
2021-05-05,312.2777099609375,318.265139655346,311.75232487156865,315.4201281194098,15577600
2021-05-06,317.2341613769531,317.45224745015986,310.54292125818995,311.78203979870165,19012200
2021-05-07,316.3023376464844,320.1287513801617,315.9752236669433,319.57362870148063,15916700
2021-05-10,303.3064880371094,311.84152221893976,302.1763973813296,311.61354376348527,24239200
2021-05-11,303.86163330078125,304.16893230854123,297.0811796183367,298.13194982266197,18920100
2021-05-12,299.916259765625,302.3052841038309,295.59422852439974,298.50863794930353,24645500
2021-05-13,302.6026306152344,306.171267343287,300.1342862343046,303.415469279963,18079200
2021-05-14,313.1896667480469,314.09174860369416,306.3893690100581,306.8453863779117,19245700
2021-05-17,312.71392822265625,312.9320143438868,308.8676985856401,310.82055104559214,15401300
2021-05-18,307.26171875,313.7447950229054,307.1130305847325,312.8427131510615,14522400
2021-05-19,310.8601379394531,311.9208306537847,300.92737476678593,301.54197271283465,19106200
2021-05-20,315.83642578125,316.470868982354,310.43388720270923,310.85021408300645,17320200
2021-05-21,313.4771423339844,317.1449146718476,313.0607852379029,316.5105017777166,13600900
2021-05-24,321.8040466308594,323.11256307150484,315.26149467954974,315.4399204891148,16445400
2021-05-25,324.9365234375,326.3144074465937,321.97253148283835,324.23268236442,16437000
2021-05-26,324.8077087402344,326.95880185253304,322.98372965239616,325.4917046796638,9686900
2021-05-27,329.8534240722656,330.87445675187894,323.91557647206116,325.144772639228,20477700
2021-05-28,325.868408203125,329.97235367090116,325.4718660113677,328.1186369069308,12037400
2021-06-01,326.2649230957031,328.5349970807944,323.79660826486094,327.27603308922255,11765900
2021-06-02,326.28466796875,328.9809909571406,324.27234079280555,327.5039714283095,11654300
2021-06-03,323.2017822265625,324.5301136988752,320.6640698239475,322.94403588426127,12610800
2021-06-04,327.4742431640625,329.565860670719,322.34923573825716,323.0629692041893,13289400
2021-06-07,333.6499938964844,334.7503468667708,326.0665946490602,326.6118249458043,20136700
2021-06-08,330.7752380371094,335.3550151234234,329.34777112034703,333.76896766205743,14580500
2021-06-09,327.3751220703125,333.86809119455836,327.1272983594341,332.81732108058753,13727900
2021-06-10,329.56585693359375,331.03298411135006,325.6898906801004,327.91041157777425,13240200
2021-06-11,328.3763732910156,329.93268336382044,326.0666391271776,329.6848596274726,13587900
2021-06-14,333.83837890625,333.887961803341,326.9389747420912,329.0107774921073,12250800
2021-06-15,333.8185729980469,336.96099128707715,332.1135444811946,334.0564741044241,15795200
2021-06-16,328.1979064941406,334.61158579150225,325.8584650203184,333.76900931696525,17232200
2021-06-17,333.58062744140625,335.0378320276333,327.2759766952282,327.61301330165884,17794100
2021-06-18,326.790283203125,333.2237774793998,326.136024933211,331.6178845677562,23039500
2021-06-21,329.3974304199219,330.0219511223624,324.7978070096396,328.2078642960425,11337500
2021-06-22,336.07867431640625,336.9609412079676,329.7046560226814,329.793868924314,15345300
2021-06-23,337.6251220703125,340.43050354273737,335.2559430204176,336.3959260905471,14817800
2021-06-24,340.19256591796875,341.8975943029009,338.8146817809146,338.87415705290726,12329100
2021-06-25,338.3982849121094,341.1243454822214,336.7229943597782,339.6076657205629,14594400
2021-06-28,352.54412841796875,355.0223656374678,338.79484291257626,339.4788388053115,29156100
2021-06-29,348.8267822265625,353.6345383636902,346.0114780457379,353.1686285434748,21417300
2021-06-30,344.68310546875,349.84777314361486,344.14782805963426,349.10430204570434,15107500
2021-07-01,351.3049621582031,351.5825234790626,343.4836320334063,343.80085361493576,17137000
2021-07-02,351.6123352050781,353.33717875875,349.55042474255595,352.0088471395874,11521300
2021-07-06,349.7090148925781,355.6667069440098,346.1403471891255,353.3966331441592,13488500
2021-07-07,347.4389343261719,353.386703632117,346.95320951346713,352.1674302856265,14218900
2021-07-08,342.64105224609375,345.2977151324137,339.5779548488796,342.7203727736386,14406500
2021-07-09,347.3695373535156,347.65699106432334,342.2643449286511,342.31392781983334,13018700
2021-07-12,350.085693359375,351.1067258462657,346.5963463730506,348.1725015565857,10018600
2021-07-13,349.0249938964844,355.36927477322456,345.76362542747296,348.4401335756202,11456000
2021-07-14,344.6037902832031,352.107898616075,343.71163108059113,351.47345547080425,13894200
2021-07-15,341.4614562988281,346.18995265869313,337.2583753139895,346.18995265869313,14781600
2021-07-16,338.1902160644531,342.9781577484986,337.1791060245473,341.9075724269468,11026100
2021-07-19,334.0167541503906,336.8320274081888,331.6277303440531,334.63135201099203,14372300
2021-07-20,338.685791015625,340.4602172096877,331.5881164912914,335.85067210625715,11024300
2021-07-21,343.216064453125,343.5035182097744,338.27940466793854,338.52722840762203,9279700
2021-07-22,348.1328430175781,348.47980226768016,342.20488888598493,343.66209353487886,12385400
2021-07-23,366.5708923339844,372.0626434415521,354.0805724928568,357.76819015543896,33694300
2021-07-26,369.21771240234375,371.1804873142144,365.01463145174716,366.3627780766852,14925200
2021-07-27,364.608154296875,369.9016651357157,361.37652342353266,368.67246920927926,15705400
2021-07-28,370.03057861328125,374.26339716924025,363.73584961530185,371.2994349422472,29676900
2021-07-29,355.2008056640625,362.3381109905446,353.6345427376173,357.8574688091655,33413200
2021-07-30,353.1983642578125,357.58982369964633,349.86762788183586,350.91839806606083,15976200
2021-08-02,348.8862609863281,356.2713900270993,347.6867723455861,354.9827187252499,13180400
2021-08-03,348.1824035644531,350.69037839785096,344.673241474728,349.6594535052351,12406100
2021-08-04,355.7955627441406,357.3419802981205,348.450064236777,349.3521461852516,14180600
2021-08-05,359.8102722167969,360.73216911380524,353.79310556296895,356.50927386702796,10247200
2021-08-06,360.3456115722656,361.9713194447513,358.25396364410295,358.25396364410295,8925000
2021-08-09,358.4621276855469,362.59584065348304,357.60962860812293,360.59343588294473,7798900
2021-08-10,357.98626708984375,360.9304136184514,355.9144647551812,358.6801552427262,7469900
2021-08-11,356.8264465332031,359.2055478614427,354.6951688902367,358.9478318000606,8400300
2021-08-12,359.4930725097656,359.8400317588148,354.00129055177996,355.32965227693023,7170700
2021-08-13,360.0184631347656,361.48559043105394,358.3332800092168,359.810299682887,7195700
2021-08-16,363.3689880371094,363.7556074965874,354.26890982070904,359.36414892098384,11222100
2021-08-17,355.32965087890625,361.4955060524368,351.9790694475264,359.82021533674686,12328700
2021-08-18,352.3557434082031,356.72732678810877,352.05833682157106,353.14876713538985,10042400
2021-08-19,352.02862548828125,354.45730999360205,347.9444955095023,348.29145476053645,12004500
2021-08-20,356.2416076660156,356.85620560210634,350.23436359428507,351.51314235764846,8697700
2021-08-23,360.1869812011719,362.50660746457834,355.97397818922514,356.3110147999508,10942000
2021-08-24,362.3282165527344,364.75687096002576,358.69015087883326,360.49431489699504,9235100
2021-08-25,365.1831359863281,367.6316053022577,362.2191437187731,362.4174147958785,9684500
2021-08-26,361.2080993652344,366.22404995648645,360.9602755998487,365.1732796114052,7888700
2021-08-27,369.38623046875,370.48655330780355,360.9106407610319,361.9217809395353,11219100
2021-08-30,377.34625244140625,378.16901374968154,367.2945094411481,369.31675914421385,13547300
2021-08-31,376.07745361328125,379.4280351230296,375.5024856460896,376.6424989511328,12345400
2021-09-01,378.7242126464844,380.984363857357,375.5124267815391,376.28563561020815,11567200
2021-09-02,372.01318359375,378.4268634056196,370.80380249276317,378.1790396574823,14832900
2021-09-03,372.984619140625,373.8767784772449,369.862016084577,371.48775419959367,7509600
2021-09-07,378.85308837890625,379.6262972127844,369.9016963878122,372.6079424323459,10793800
2021-09-08,374.2831726074219,377.5544332392482,371.52737436398115,376.85062242489346,11067200
2021-09-09,374.70947265625,376.5235290146142,373.29192820798465,374.3526210127369,9098900
2021-09-10,375.3934631347656,380.4490731082647,374.9672135938655,378.04020354167477,11549600
2021-09-13,373.2324523925781,378.4268279867525,371.0912517788471,378.35743008330803,13026300
2021-09-14,373.2522277832031,375.2942926398303,371.84457586409377,374.1146494141582,8711600
2021-09-15,370.6650390625,374.2733371251888,364.46944532333697,373.7182143463136,17940300
2021-09-16,369.8124694824219,370.30811692774245,366.4916255483903,369.5448307526397,11934200
2021-09-17,361.5450744628906,368.17683971497365,358.4423166085418,368.17683971497365,26299000
2021-09-20,352.6036376953125,357.8872266459762,346.7549730917287,356.17227543400634,19822800
2021-09-21,354.3681335449219,356.90584622489916,352.09805961371984,355.3792435144386,11751900
2021-09-22,340.22235107421875,346.79464181465096,337.7242985458591,344.20737636584164,43692900
2021-09-23,342.9483642578125,346.6260900015658,340.0141399174007,342.3535812862905,21806300
2021-09-24,349.8874206542969,351.2653350122628,339.38961185696587,340.2520335333708,18801900
2021-09-27,350.50201416015625,352.0583543102863,344.0585977379562,346.7648435259705,15205800
2021-09-28,337.6845703125,346.5566709453313,335.9696496557969,344.94085556790003,21710300
2021-09-29,336.6535949707031,342.2246968681128,335.92996916562356,340.162786850445,14452200
2021-09-30,336.435546875,339.8158354226693,335.20632078756825,337.48631691218293,16547100
2021-10-01,340.0240783691406,342.0165605763661,335.69212443224353,338.6362412870357,14905300
2021-10-04,323.3901062011719,333.0155700215492,319.89083684616867,332.60913553248565,42885000
2021-10-05,330.0614929199219,332.262168484536,323.32070069147386,325.71961705579815,35377900
2021-10-06,330.73565673828125,331.46920530979725,322.96387782374825,326.86958228902955,26443000
2021-10-07,326.35406494140625,335.89031577540686,326.11616387754583,334.066337031341,28307500
2021-10-08,327.17681884765625,330.4976622974551,325.84848751811967,328.6241309583326,15946100
2021-10-11,322.6169128417969,327.5832793428931,322.4781170454003,324.77792829946685,14708200
2021-10-12,320.9515380859375,321.5562437044352,314.60725679206337,320.21798954237187,31658700
2021-10-13,321.71484375,324.15342064578897,319.8512045646959,324.1236830099349,14761500
2021-10-14,325.67010498046875,327.6427721065974,324.25256056573227,325.5015715404052,14302200
2021-10-15,321.93292236328125,326.2054007094238,319.70250897020327,325.8187812003698,21596400
2021-10-18,332.4208068847656,332.96603719606185,324.6490589958284,326.0864486097068,21585000
2021-10-19,337.03033447265625,339.4788340210917,334.34393383511576,336.6932978457845,18786300
2021-10-20,337.8134765625,340.9856323597062,336.4950676495125,340.4602472700604,13639500
2021-10-21,338.9039306640625,339.3301802425629,334.8594302277221,337.317852654751,16354400
2021-10-22,321.7841796875,326.7604987774042,318.3146480041585,323.5090531528066,35224500
2021-10-25,325.8287048339844,326.6911265083267,316.9367888694215,317.51172656834376,38409000
2021-10-26,313.06085205078125,327.33549311220946,306.90491895434997,325.4024861336373,65654000
2021-10-27,309.5020446777344,316.47084548411294,309.34343388923537,311.45489652400113,29971800
2021-10-28,314.16119384765625,322.68630580861134,305.42785792385024,310.2653818889196,50806800
2021-10-29,320.7533264160156,323.16216597555615,316.81788410494806,317.4027445174339,37059400
2021-11-01,327.1074523925781,330.54724638407043,323.1620883981324,323.20174865865613,31518900
2021-11-02,325.2239685058594,331.8755780645793,320.98122818284804,328.4952593343893,28353000
2021-11-03,328.7332458496094,329.25863099399135,320.38655881984874,324.6391926245561,20786500
2021-11-04,332.9263916015625,334.33401339052415,329.7542358838118,331.1024126520275,22495300
2021-11-05,338.1604309082031,343.77116361985196,336.6834112016594,337.34756183736033,26872800
2021-11-08,335.6722412109375,341.7885434537286,335.3946798762904,341.4217692170789,18342500
2021-11-09,332.4505615234375,338.33885557432916,331.55840217522467,337.04026169208083,17556700
2021-11-10,324.78790283203125,330.2895778882843,322.6764396774072,329.5956592992424,21872600
2021-11-11,324.886962890625,329.56587577012334,324.15341438577855,326.94887310974923,12376600
2021-11-12,337.9225158691406,338.88404283160503,326.9092143568686,327.30572624640484,25414300
2021-11-15,344.5344543457031,350.57143667963453,340.2124230860424,341.3424835453799,25076600
2021-11-16,339.97442626953125,343.63230618032713,337.9026239497763,340.8368478294579,18181100
2021-11-17,337.80352783203125,344.27668185234273,337.13937723798097,341.24332209715345,13602800
2021-11-18,335.7416687011719,339.4788395456353,332.3811645032816,336.7627012277553,17487200
2021-11-19,342.29412841796875,349.0349521165506,336.94114182774706,339.2211383258241,26488500
2021-11-22,338.0414733886719,350.74985063397304,337.5458259535409,346.01146236419726,27116800
2021-11-23,334.314208984375,338.42807681771274,330.59685306534936,335.9795771756377,17225000
2021-11-24,338.0910339355469,338.80476746889843,329.91285106468973,333.0750841949081,13566200
2021-11-26,330.22015380859375,334.8098540575957,329.0107728148004,332.8768168926907,14750700
2021-11-29,335.08740234375,337.7044353109097,332.3910790981545,333.95734192750814,16650900
2021-11-30,321.6355285644531,332.8867315122885,320.61449604727216,332.08378507896754,25390000
2021-12-01,307.8962097167969,327.62297267144055,307.588910710239,327.41480920775433,30329600
2021-12-02,307.6880187988281,311.8613615896398,304.52578585047945,308.6892060123132,24396200
2021-12-03,304.1689147949219,311.0187659884353,296.89281406704816,310.9989509816925,27471000
2021-12-06,315.1029052734375,317.3135037928877,303.6732762774191,305.4477026203686,21758300
2021-12-07,319.9998779296875,323.6974184932654,318.20563672841274,318.7706820353999,18794000
2021-12-08,327.68243408203125,329.85337229580705,320.25764508948055,322.1708369530798,19937700
2021-12-09,326.9488525390625,333.20392019867387,325.1446887738211,326.67129120994196,16879200
2021-12-10,326.8794860839844,332.1135218307641,323.5289045553866,329.66502227155183,14528000
2021-12-13,331.5782165527344,338.120768847072,326.72087766442525,328.0690544396318,22948700
2021-12-14,330.8347473144531,332.7777070826221,324.7977650571663,325.19427696326966,20461000
2021-12-15,338.685791015625,339.1318555324003,321.1597059007008,329.59560422727736,24681300
2021-12-16,331.984619140625,341.46139491344286,330.8347135539258,336.02911882514184,22635000
2021-12-17,330.88433837890625,334.17541450753987,327.87079336466917,329.90293584106695,40012600
2021-12-20,322.6169128417969,327.02815666114145,319.7223186424487,326.9092061224686,17901800
2021-12-21,331.2907409667969,333.0750595421487,320.9316979963412,323.5685458479466,16116800
2021-12-22,327.5733947753906,331.5980494399973,325.40245663710306,330.89420831620754,16764600
2021-12-23,332.32171630859375,333.73929110820535,325.5016020696293,327.226475890015,13987700
2021-12-27,343.1664733886719,344.8417642492237,335.0676107095978,335.90029482489064,17795000
2021-12-28,343.2060852050781,349.63957874532895,342.1949754046615,343.6125197013411,16637600
2021-12-29,339.9546813964844,346.6459220889968,338.66601010462034,343.8901234286759,10747000
2021-12-30,341.3622741699219,344.2073157522339,340.2322137913024,341.0054225509634,10593300
2021-12-31,333.4220275878906,340.4503044176008,333.3427070591163,340.03394727133025,12870500
2022-01-03,335.5929870605469,338.1108543487535,334.2547328826255,335.3550557110125,14537900
2022-01-04,333.60052490234375,340.10341806741985,328.98108629845854,336.9907673140269,15998000
2022-01-05,321.3480529785156,332.8371562358702,321.0209087490122,330.12098787578486,20564500
2022-01-06,329.56585693359375,336.21746674620033,319.91065537364796,320.00979090288706,27962800
2022-01-07,328.9017333984375,334.0663712007667,326.01706169641426,329.8434453738167,14722000
2022-01-10,325.2141418457031,325.4817805917903,312.6841591437298,322.4781581002386,24942400
2022-01-11,331.4592590332031,331.71700537861085,322.4483923442952,323.9353346411827,16226800
2022-01-12,330.3589172363281,333.4418295668102,327.15702411733304,332.2621863257024,14104900
2022-01-13,323.6379699707031,332.7083122589069,322.92423643234406,332.06397662403594,14797100
2022-01-14,329.0107421875,329.8335338228713,318.4137982227158,318.98876615498534,16868500
2022-01-18,315.3804626464844,321.38770724912837,314.8749228247817,320.4757328930127,22645600
2022-01-19,316.8079528808594,324.25258771682417,316.55020651044543,316.7980302506369,20814700
2022-01-20,313.8043212890625,324.96631190525255,313.2293835392829,321.08042246053043,16925000
2022-01-21,300.5308532714844,315.5390405849981,300.40198010913116,312.0695088375882,28710700
2022-01-24,306.0226135253906,306.83548253324034,286.4941238429113,295.24724373871493,38878100
2022-01-25,297.537109375,303.5641983193583,294.98947463946723,297.33886857867225,25108500
2022-01-26,292.065185546875,304.8330671393812,288.3180924927191,304.3374197499325,28348800
2022-01-27,292.0751647949219,299.0835972488767,291.69846786561044,295.15807763400534,21629900
2022-01-28,299.0835876464844,299.27193610509295,290.47915483437316,293.046605096765,21871600
2022-01-31,310.5330505371094,311.0584356248489,296.7143971894849,298.0625437346582,21579500
2022-02-01,316.22308349609375,316.87734178183337,309.40296951956975,311.8217315752421,18023800
2022-02-02,320.188232421875,325.1447066079721,314.1115902294131,324.96628079773285,58458300
2022-02-03,235.6902313232422,245.8410948797507,233.6977343463759,242.52025145901632,188119900
2022-02-04,235.02609252929688,240.49804434059385,228.10685870647143,232.92455228605658,89342200
2022-02-07,222.95211791992188,236.2255547358029,222.0599435210588,235.63077180322753,88613800
2022-02-08,218.26329040527344,223.80464005138572,214.26837341391084,218.927471258292,94729700
2022-02-09,229.98040771484375,231.3384768338874,220.27563768264372,222.24830477510113,86563300
2022-02-10,226.0846405029297,232.9543070635339,224.72655617184256,226.28289646247256,49310400
2022-02-11,217.63876342773438,228.41413242288982,216.86555473977413,226.47120320092318,46156900
2022-02-14,215.8048858642578,219.0761618951234,212.9103067167767,217.4008711781249,38184000
2022-02-15,219.07615661621094,219.22484478977512,213.18786292773044,218.55077156833923,42685500
2022-02-16,214.65496826171875,215.56697278399525,210.51136327892735,210.5609310438708,45817500
2022-02-17,205.90187072753906,215.60664116164554,205.35665550630617,212.15693913832794,38747500
2022-02-18,204.36534118652344,208.9153807236556,203.39386138428333,207.5672191801396,37128400
2022-02-22,200.32089233398438,205.6738792012657,198.31847222951438,200.57862358467415,39852400
2022-02-23,196.7224578857422,205.13855651896256,196.32594600030123,202.38275807505894,44481400
2022-02-24,205.7928009033203,206.5362719829913,188.5640929101041,189.39677688910578,49957200
2022-02-25,208.6477508544922,209.48045008433152,201.41129490191867,203.15598364447717,37627600
2022-02-28,209.19296264648438,211.29450300532383,205.02952706959343,205.87211866348667,34239800
2022-03-01,201.71861267089844,209.90670342528273,200.45966386254756,208.0430640988383,27094900
2022-03-02,206.29840087890625,207.32934101260844,200.26141802281788,202.99738674861155,29452100
2022-03-03,201.20310974121094,207.25992166380965,199.66659975329932,207.20044639508353,27263500
2022-03-04,198.31845092773438,204.09770188319834,197.05950219705525,200.60833967639832,32130900
2022-03-07,185.8380584716797,199.14123438340457,185.64971001813566,199.04209884176245,38560600
2022-03-08,188.63351440429688,194.9877188332705,184.48990866339375,186.21476736768085,37508100
2022-03-09,196.77203369140625,197.36681666982452,192.23190132562794,194.03606526779308,31894700
2022-03-10,193.51068115234375,194.57135881377323,189.40672093356542,193.1438917592487,24853000
2022-03-11,185.97683715820312,191.87503879956054,185.04501753022495,190.96304930488995,34694500
2022-03-14,185.00534057617188,190.6160572606137,184.2023942638273,185.40185241838046,31010500
2022-03-15,190.3583526611328,190.60617637861344,184.29163289751435,189.1390642063968,31721700
2022-03-16,201.85739135742188,201.95651177480704,192.82669394360815,193.00511977047762,40640300
2022-03-17,206.0307159423828,206.22897188521705,199.3593059035766,199.94416622902315,29499700
2022-03-18,214.60543823242188,214.91273723110518,204.2067492915965,204.9006526960362,52128000
2022-03-21,209.64894104003906,212.84091148088274,205.82254253724898,212.6327329191068,30142300
2022-03-22,214.76402282714844,217.5495740565906,208.3503439487697,209.52998723836356,31998800
2022-03-23,211.60179138183594,214.91271233225916,210.31310513662962,211.47291821952788,23717300
2022-03-24,217.6586151123047,218.74903035989297,212.92021186485715,213.12839043651937,31502300
2022-03-25,219.8890380859375,223.53699599289988,216.98453621485453,218.59042908411953,40039000
2022-03-28,221.64361572265625,222.08969538769563,217.6288684853834,220.19633368710993,26224100
2022-03-29,227.85903930664062,228.8800718121414,223.3288144925983,224.1020384066852,31417900
2022-03-30,225.8665313720703,229.1377921857716,224.7364558793833,226.91730146383702,25588000
2022-03-31,220.42433166503906,226.50097416228894,220.3251961259612,226.46131389627396,24192300
2022-04-01,222.8926544189453,225.30149365853208,220.7613614029989,222.59526293695754,19544800
2022-04-04,231.85394287109375,232.3099451398338,223.89384674433114,224.01279728141182,28054800
2022-04-05,229.82180786132812,234.7981125352081,229.00895390219355,232.04231390079502,29727200
2022-04-06,221.3561553955078,226.99662582724713,219.4826086293868,224.9347306089512,28995100
2022-04-07,221.0092010498047,223.55683627381228,216.6574169233372,221.9806658434369,21037200
2022-04-08,220.3946075439453,223.17023642278167,218.11462613897402,220.44417531652394,18375700
2022-04-11,214.57569885253906,218.6895666015548,213.34648774183083,216.51862836918798,20516600
2022-04-12,212.27587890625,220.09719467995484,211.27467655152802,218.3227835510992,20128800
2022-04-13,213.11849975585938,214.72439268188097,209.49035672762682,209.97609668254103,19231800
2022-04-14,208.35032653808594,213.11846706561946,208.17190074076785,213.01933153869314,18379500
2022-04-18,208.93521118164062,211.52249123883075,206.48671179270767,208.17190994324702,16580800
2022-04-19,215.4182891845703,216.52853461621248,207.1806311048147,208.68740356630022,20089900
2022-04-20,198.67532348632812,212.29572095663042,197.18838112552498,211.7505057324773,43036500
2022-04-21,186.43283081054688,201.20311811315037,183.96450117399772,199.8450490008672,49954100
2022-04-22,182.50730895996094,191.04235885583572,181.67462485450002,188.71280973536275,36426800
2022-04-25,185.36221313476562,185.55054643388652,180.07861023411346,181.13928776477397,29281100
2022-04-26,179.37478637695312,185.5604712136734,177.93741197946932,185.00534856024166,31747400
2022-04-27,173.42701721191406,179.6325321607996,167.52881634793283,172.91153969557533,71062900
2022-04-28,203.9390869140625,206.7147155418311,191.22077206999722,201.1535507830585,100890600
2022-04-29,198.72488403320312,210.6303299905901,198.15983869617668,202.68015601451035,49193400
2022-05-02,209.29208374023438,210.03555486785692,199.24035469981607,199.41878050998523,49915300
2022-05-03,210.1842498779297,213.02926131184137,206.27854567365722,208.61800216969073,41556300
2022-05-04,221.46517944335938,222.3474312284275,205.15838267388668,208.8162478551521,41375900
2022-05-05,206.46688842773438,218.25338349099627,204.36534820355035,216.83583912776692,41129200
2022-05-06,201.9961700439453,207.55733514909008,199.27010901448142,205.53508504215011,34747200
2022-05-09,194.50198364257812,200.80661996260716,193.87746300031426,198.10037393010384,36303200
2022-05-10,195.92942810058594,201.19321664925386,192.49955626673494,197.77323719295447,34452500
2022-05-11,187.09701538085938,198.9231569416904,186.63110554161176,194.62094046425895,31153400
2022-05-12,189.5752716064453,196.32598850524704,183.17149890102877,185.4316504144788,38262200
2022-05-13,196.8909454345703,198.1498939194056,189.61484607911063,190.9035321944104,24549800
2022-05-16,198.29861450195312,203.58221785060556,194.2243920764948,195.33465259058252,27112600
2022-05-17,200.8561553955078,203.67144423340272,196.6332448276037,200.36050797611236,24872700
2022-05-18,190.56651306152344,199.2502498483765,189.96182264351245,198.25895507301146,23960000
2022-05-19,189.6248016357422,193.58998137940185,187.94952589985266,189.5355887217403,24446900
2022-05-20,191.85519409179688,196.18716276985003,186.23455423988324,193.2727535593855,31465600
2022-05-23,194.5217742919922,195.27516802030826,189.57522292255692,193.49083435582054,25059200
2022-05-24,179.70196533203125,182.08106740003268,174.576971742123,178.97832418129147,50406300
2022-05-25,182.22972106933594,183.8356137712795,177.75898706063882,178.8295721112959,28030200
2022-05-26,189.96182250976562,191.15137321417458,180.6733801854834,181.28799323142837,23056500
2022-05-27,193.43138122558594,193.62963718300583,188.1477775238642,189.69419516808324,22562700
2022-05-31,191.95436096191406,195.87989577167042,190.3385452904036,193.19347969749913,26131100
2022-06-01,186.9978485107422,197.79304816477324,183.38953608152775,194.79933366482274,36623500
2022-06-02,197.12887573242188,199.1907706394857,186.09576026067737,186.8094936948901,31951600
2022-06-03,189.1192169189453,194.89846730147926,188.12792213894204,194.27394674977066,19465000
2022-06-06,192.5590362548828,195.2057918492942,186.75995498137883,192.30130502364528,30574200
2022-06-07,193.9468536376953,194.81919804623945,189.82307808357928,190.2592351618906,18828700
2022-06-08,194.92825317382812,200.27133275526288,192.71766950263446,192.9754007638714,22267200
2022-06-09,182.3982696533203,197.71377350934452,182.08104801085352,192.58878046517898,23501600
2022-06-10,174.0416717529297,181.50612195042973,173.49645647353194,181.44663154416335,27450800
2022-06-13,162.83009338378906,171.0776741390652,162.60209979408089,169.1049918602242,31749300
2022-06-14,162.30471801757812,165.2984330034951,159.9553538250922,164.58469942902533,27244300
2022-06-15,167.8757781982422,170.6613141290513,162.55251490737075,165.74448533100573,30008300
2022-06-16,159.46958923339844,163.64294698629192,158.22056323389432,162.29478545665458,26944100
2022-06-17,162.31463623046875,164.45582176964723,158.5080522282356,160.2725559821109,31374200
2022-06-21,155.68287658691406,166.29963714436744,154.61227621435427,164.48556555136005,50724900
2022-06-22,154.49331665039062,159.39030076437285,154.08688211001586,157.00129154437553,47267800
2022-06-23,157.36807250976562,158.35936745470903,152.90724525752032,154.90966528157492,40499200
2022-06-24,168.67872619628906,168.7679390977407,159.89585369459297,160.32210319661192,68736000
2022-06-27,168.01458740234375,170.25490855575194,166.54745997795482,169.82865898547666,29174600
2022-06-28,159.28121948242188,169.80877910843427,159.21183672138187,168.420957502116,27744500
2022-06-29,162.51287841796875,164.88207247948387,158.92439593906067,162.1461041676376,28595200
2022-06-30,159.84629821777344,163.79164757572488,157.11032981455412,160.7384575527912,35250600
2022-07-01,158.6369171142578,159.2217774583534,153.6507051194892,158.9144784682679,31423900
2022-07-05,166.72589111328125,166.7853663869358,155.65312893111812,156.76337437522923,28618600
2022-07-06,168.2921600341797,170.09630910779737,164.0196809116976,166.7358195899737,23085900
2022-07-07,170.6910858154297,171.21647094718156,166.3194713031898,167.9749321123274,24083400
2022-07-08,169.39247131347656,170.89922861706972,166.686225442263,168.50029685970665,19249200
2022-07-11,161.46209716796875,166.0319666680864,160.50054002986025,165.61562467931125,21885600
2022-07-12,161.8487091064453,164.46572681989724,160.6888959849567,163.36538896731187,16639700
2022-07-13,162.06680297851562,163.54382264724677,158.2205740607195,158.7657892618441,16555100
2022-07-14,156.67416381835938,161.17463606202577,155.91086250108654,159.81656687331278,23765200
2022-07-15,163.26626586914062,163.54382722913314,158.42875707644262,159.14247548359506,23342800
2022-07-18,165.77423095703125,170.19541257482624,164.198075800227,165.29841367168555,23574300
2022-07-19,174.24981689453125,174.9536429313068,168.03439361548112,168.8869078373699,25933700
2022-07-20,181.4961700439453,182.00174009691054,175.16179657187416,175.9449279721321,24784300
2022-07-21,181.5754852294922,182.24957362777684,177.31291412933265,179.05760283598016,27195800
2022-07-22,167.79649353027344,174.0713921211751,166.94397930324826,171.5634172107559,42583900
2022-07-25,165.19931030273438,169.0852001218569,163.37533108214168,167.52885966802955,26166300
2022-07-26,157.76458740234375,164.55496395320677,156.57503647124767,164.49548867554608,28468400
2022-07-27,168.10379028320312,169.38255404365438,160.60960328940018,161.17463351463593,43846600
2022-07-28,159.3209228515625,160.1040391932578,153.50202643480458,159.6579594985726,73214300
2022-07-29,157.7150115966797,158.74595155199424,153.8192150963796,156.3172822730475,42065400
2022-08-01,158.53778076171875,163.7520014408737,153.87869791368956,155.88111777957656,40596700
2022-08-02,158.7955322265625,160.8276897938803,156.63450148211984,156.9318929768912,27374500
2022-08-03,167.33056640625,168.0641148826389,160.1635091886448,161.27375453190913,31721900
2022-08-04,169.08514404296875,170.65137635630674,165.34795879304377,166.83490084131583,23938200
2022-08-05,165.6552734375,170.1161000053061,164.35667967902532,165.53632290266512,25832700
2022-08-08,168.76795959472656,175.96475524575519,165.67512429444318,166.53754603180064,27299100
2022-08-09,167.06295776367188,168.05425283857693,165.1497655295671,167.4792998800165,18655100
2022-08-10,176.7875213623047,178.90889175358808,172.43573754030913,174.4579875213586,30262100
2022-08-11,175.94493103027344,181.50609582783787,174.8346704958459,178.14560684060112,24079100
2022-08-12,178.9287109375,179.88036059846178,177.35255583980407,179.23600990455236,21274000
2022-08-15,179.31533813476562,179.86055336796744,176.64875236998225,177.40214619257392,15878700
2022-08-16,177.90768432617188,179.41445670283701,175.49883002409837,177.87794669135258,21156700
2022-08-17,173.3279266357422,176.5892803390604,172.65383820977354,175.22128847897727,20118100
2022-08-18,173.1395721435547,174.22998746603588,170.36394337785367,172.82235051275006,18844500
2022-08-19,166.49789428710938,170.81994055822395,165.59581231831734,168.71838513218586,26240800
2022-08-22,161.63063049316406,164.0493923798729,160.84749908058643,164.0493923798729,19499700
2022-08-23,159.70755004882812,163.61325506229431,159.3011154380748,161.06561946050942,18111800
2022-08-24,161.83880615234375,164.01966711697898,158.3791964989149,159.20197311267086,20891500
2022-08-25,167.3107147216797,167.40985023996825,162.5921574946981,163.7420478266809,15550500
2022-08-26,160.37167358398438,169.43210756676726,160.2626305495521,167.01334580369445,24023600
2022-08-29,157.784423828125,161.63065328045607,157.62581299739847,159.26145882808834,20052700
2022-08-30,155.7919158935547,160.25274310903546,154.5527972225878,158.95414916201582,19567900
2022-08-31,161.5116729736328,166.3789346284713,160.72855664749912,165.61564843587365,40953000
2022-09-01,163.92054748535156,165.90313755405396,158.95416480859836,162.15604353428338,30145700
2022-09-02,158.92442321777344,166.46816372077225,157.8339926567037,165.99234635137884,22634200
2022-09-06,157.159912109375,160.28250062300654,156.31732038420753,158.70634510831488,19339800
2022-09-07,158.99378967285156,159.55883503081463,155.44495208745863,156.38667922477052,16831200
2022-09-08,160.6492156982422,160.81773398111656,156.36683048542625,157.32838754873518,22530800
2022-09-09,167.6775360107422,168.06414043912878,161.6009082069204,161.82890181187642,22086800
2022-09-12,167.48919677734375,169.89803617879264,165.8238134418822,165.93285648840623,23220400
2022-09-13,151.79698181152344,160.2229878472796,151.34097953534305,160.13375981705477,44444100
2022-09-14,150.1514434814453,152.20341611044483,147.75251157835422,151.995252646758,43064200
2022-09-15,148.2481689453125,152.8576846035777,147.40556215248668,148.49599269308936,34606300
2022-09-16,145.01651000976562,147.28658357814408,143.0339204046636,146.7611985428687,40122800
2022-09-19,146.73147583007812,147.28659855580412,143.83689652739272,143.9756772088242,22169500
2022-09-20,144.81822204589844,147.54428215000792,143.95580059872213,144.51092314522435,23217400
2022-09-21,140.88284301757812,148.29774063763287,140.7638924558105,145.11567697669463,38338600
2022-09-22,141.57675170898438,143.32142537181252,139.64371445995508,140.3178028899763,34418500
2022-09-23,139.18771362304688,141.37846677265173,137.68094121464907,140.188915976952,31710700
2022-09-26,135.18289184570312,141.00180367529504,135.00446600941672,138.90024802794656,30497000
2022-09-27,133.2300262451172,138.2063307938041,132.95246488791165,136.71938846907756,30826500
2022-09-28,140.37725830078125,140.79360030483306,133.10115804366748,133.44810215073147,32658500
2022-09-29,135.22254943847656,138.6226838987271,134.02307587866284,138.14686655208894,38985400
2022-09-30,134.49888610839844,139.76267478552438,134.32046028508566,134.8656755106968,33166400
2022-10-03,137.40338134765625,138.40458371235383,134.9152366908158,135.94617669127948,27723100
2022-10-04,139.058837890625,141.15047059220228,138.12701832793766,139.26701646086826,34670700
2022-10-05,137.77015686035156,138.9894604417,133.60672142963895,137.03660833682997,27979300
2022-10-06,137.85939025878906,140.2186618566196,135.41089062341658,136.5211360812192,36231100
2022-10-07,132.2882843017578,137.08614736813666,131.28708202735578,135.5694675770126,33214800
2022-10-10,132.6253204345703,134.92513155816465,130.72203629398763,132.3874193707211,24024000
2022-10-11,127.42105102539062,131.50519665914558,125.88454833270393,130.47424140170796,38481400
2022-10-12,126.39009857177734,128.5412066696093,125.15097995832855,127.20296764266038,34605200
2022-10-13,129.1558074951172,129.99841422113215,121.46336441940831,122.45465933191532,34325700
2022-10-14,125.65653991699219,130.6427443431372,125.41862370269885,129.8596280507722,23559400
2022-10-17,132.8731689453125,133.61664016062548,129.04676981879663,129.16573549889992,29612200
2022-10-18,131.6439666748047,136.6400863506628,130.25614472942863,135.89661517041276,25445000
2022-10-19,132.07020568847656,135.80739142500235,131.06900335762276,131.73316907721394,30691000
2022-10-20,130.385009765625,135.57940019928222,130.1669236896268,131.7728164983782,26356300
2022-10-21,128.8782196044922,128.98726262746356,124.34801065222379,125.21043220829755,46348600
2022-10-24,128.5907745361328,132.31803788284694,123.485604332285,126.14227494403816,63563400
2022-10-25,136.3129425048828,137.1456416326247,129.45318430388568,129.740668266427,38433200
2022-10-26,128.68994140625,134.37005828217548,127.41116221434199,130.53373583241475,82791500
2022-10-27,97.08741760253906,101.60771958540467,95.54099253236453,97.12707030310553,232316600
2022-10-28,98.33644104003906,99.97207897105858,96.66115797247939,98.71313790398267,95928300
2022-10-31,92.34902954101562,98.45540173117791,91.79389929610683,97.36497893611102,121361400
2022-11-01,94.37126922607422,96.64133540102044,92.73563873008625,93.50884752374887,110189600
2022-11-02,89.7518310546875,94.37126083616003,89.69235578753322,93.38988111321918,71821100
2022-11-03,88.13603210449219,89.67253464279368,87.64038466059239,89.29584530810257,60664000
2022-11-04,89.99966430664062,90.59443973026505,87.32316355586093,89.56349213325879,55638100
2022-11-07,95.87804412841797,96.0366473799833,92.28955386062118,93.95492959844655,81987300
2022-11-08,95.63021850585938,96.94864251443767,93.96484280107093,95.08500329540075,52088300
2022-11-09,100.58668518066406,103.98682666795818,99.86303664453173,100.83450888217827,107677300
2022-11-10,110.89616394042969,111.76850073569403,103.69936079981403,106.18751313338271,80671000
2022-11-11,112.0361328125,113.89977184094667,107.86278269236072,108.2791322482135,59961700
2022-11-14,113.22570037841797,115.25785030828123,109.83547376457382,110.02381464557875,53395000
2022-11-15,116.06079864501953,117.70634410360653,113.41404330659984,115.05958876518682,50670500
2022-11-16,112.24431610107422,115.06950483314925,111.67927835465922,113.50325719818159,33287800
2022-11-17,110.47980499267578,111.35214927717924,108.84417458519039,109.44886503222872,35093800
2022-11-18,111.07459259033203,113.32482860499377,109.65704063160446,112.80935860317447,33357700
2022-11-21,108.9036636352539,111.39181607334933,108.23949783494731,110.54920931683293,24351100
2022-11-22,110.46990203857422,110.64833541657183,107.37705934094218,108.90365433870404,29029000
2022-11-23,111.262939453125,111.68919657028627,109.7660895726345,110.74746942359464,21343100
2022-11-25,110.44017028808594,111.74867927547221,110.05355831267225,110.33112724222208,12007600
2022-11-28,107.83305358886719,111.06467694794803,107.4365341325355,109.81564330754605,23309400
2022-11-29,108.50714111328125,109.97426092364222,107.59515160134391,108.5864465220532,23899200
2022-11-30,117.07191467285156,117.13139750383256,108.42782278422197,108.55669594886484,43348600
2022-12-01,119.39156341552734,120.14494211462276,117.36932085710157,118.16235226083045,36551400
2022-12-02,122.41500854492188,122.960223780531,116.58619709077205,116.80428318501569,39950500
2022-12-05,121.36422729492188,123.58472561396967,120.29362705497797,120.69014650269564,35474900
2022-12-06,113.12657928466797,119.50060593921687,112.74988237378976,118.86617779381996,43689200
2022-12-07,112.938232421875,114.87125452292487,111.8973697133219,112.76971409777941,29461100
2022-12-08,114.32604217529297,116.31853947098587,113.59247850687862,115.37681234494076,30619400
2022-12-09,114.89107513427734,116.5167980904086,112.8787477899795,114.29629973425023,26033400
2022-12-12,113.71143341064453,114.71264334504619,112.15510077026792,114.17734320872192,24747100
2022-12-13,119.10408782958984,122.22666838420444,117.60723036165444,121.06684756358977,44701100
2022-12-14,120.53153228759766,123.05933707765865,118.35068673133345,118.35068673133345,36922000
2022-12-15,115.138916015625,117.59732338575841,113.01754531600153,117.29993942289329,34531000
2022-12-16,118.39035034179688,122.2365718354215,117.78565984708287,119.1833892878749,67064000
2022-12-19,113.48344421386719,116.77454300063903,113.33474846530926,115.81298573134167,29769900
2022-12-20,116.07072448730469,116.30864072561505,111.48103149570495,112.27407049744532,28742500
2022-12-21,118.71746826171875,119.29241350219432,114.61350836378021,115.68410100799696,20392800
2022-12-22,116.10047149658203,117.58741397575608,113.38431778927813,116.1797693476061,23618100
2022-12-23,117.012451171875,117.15123185315484,114.53421391619223,115.01994630067168,17796600
2022-12-27,115.862548828125,117.56757731975019,115.0397797831497,116.90341153100645,21392300
2022-12-28,114.61351013183594,117.1214848233782,114.50446709629242,115.23802314751119,19612500
2022-12-29,119.2131118774414,119.97640552723817,114.76219288792947,115.38671343710577,22366200
2022-12-30,119.29241943359375,119.37172483725053,116.71505431858502,117.13140390629331,19583800
2023-01-03,123.65412139892578,125.26993689605494,121.21553689802785,121.75083704158786,35528500
2023-01-04,126.26123046875,127.92660615490277,124.75445802924148,126.27113797211675,32397100
2023-01-05,125.83496856689453,127.40121621871867,123.45585945423423,125.03201460904681,25447100
2023-01-06,128.88818359375,129.195482631842,124.94282606017198,127.84732079062806,27584500
2023-01-09,128.3429718017578,131.79267435307256,128.1546233214168,130.01826286252302,26649100
2023-01-10,131.83229064941406,132.27837024954658,126.04312553468338,126.16207606113016,28684400
2023-01-11,131.73316955566406,132.68481924934517,129.20536471009615,129.8199777912905,25423000
2023-01-12,135.51991271972656,136.4814547169637,130.61299157779078,132.27837463301904,30757700
2023-01-13,135.7875518798828,136.19398636138445,133.66618170023415,133.79505485923653,22423800
2023-01-17,134.18165588378906,135.5595549598786,133.08131812331774,134.99450970068324,21147600
2023-01-18,131.86204528808594,136.05521827168238,131.6439592108342,134.6277512663834,20215500
2023-01-19,134.9647979736328,136.25348440118418,130.98971077016242,131.3366700442586,28625200
2023-01-20,138.15676879882812,138.72181416630133,133.43821040315862,134.70706669654805,28688600
2023-01-23,142.0228271484375,142.50855197768175,137.45295697105522,138.07746248379212,27470100
2023-01-24,141.89395141601562,143.73776053550952,140.1294477036565,140.45657683585247,21970200
2023-01-25,140.2682342529297,141.92369499048152,139.088590852133,139.9906728793258,26622000
2023-01-26,146.01773071289062,146.2258941555542,142.05255141383566,143.1429666455006,25482100
2023-01-27,150.41909790039062,151.85647252156616,146.1069589109038,146.94956565053786,35771900
2023-01-30,145.7798309326172,149.80448595440728,145.67078788457044,148.1093800836338,28040100
2023-01-31,147.67320251464844,148.5752845041938,146.23582793433843,146.66207748102659,29842100
2023-02-01,151.7870635986328,152.24306588807985,145.77981918793483,146.7413764088904,55661000
2023-02-02,187.12673950195312,195.4437029742972,178.591689945036,181.78366068183163,150475700
2023-02-03,184.90623474121094,195.05709986672147,181.29792194431568,181.87287479600266,76809700
2023-02-06,184.44033813476562,189.0399461515418,183.90504551092542,184.90624797679354,42483800
2023-02-07,189.95191955566406,192.09312012094964,182.79476933118949,183.96450515195008,47080700
2023-02-08,181.83323669433594,189.16882885482534,181.32768168382998,188.34605218018598,36139100
2023-02-09,176.3711700439453,185.02516946385683,175.726834470518,184.50970705549832,37118800
2023-02-10,172.6339874267578,177.33273033452983,171.84096366888724,174.8148481387777,33433600
2023-02-13,177.86805725097656,179.42439768472548,174.28949676835344,176.6685987535674,31463200
2023-02-14,177.9176025390625,179.92992995474845,174.34895001230046,175.61780626083268,24034600
2023-02-15,175.61782836914062,176.6388610238248,173.80375667779919,174.8842646131894,25308900
2023-02-16,170.9388885498047,174.3192076619539,170.29453781345282,171.2461875370984,25827500
2023-02-17,171.3750762939453,171.6724526790404,168.2227504782921,168.7382280890579,24171300
2023-02-21,170.58201599121094,176.6189978696537,170.3837600506006,172.79259922463552,34592600
2023-02-22,169.63034057617188,171.2560632441761,168.21279644611224,169.58078794300278,22433200
2023-02-23,170.54237365722656,172.17801937262993,167.90554063056828,170.50272851531994,20017800
2023-02-24,168.90673828125,169.2338674150604,166.20050742549483,167.17197219726032,19791300
2023-02-27,168.0641326904297,171.61297028977367,167.58831536803652,170.3837742797613,19277000
2023-02-28,173.41714477539062,176.00442525665616,170.37386195170444,170.4035995907796,46051100
2023-03-01,171.91033935546875,176.30178310717199,171.54356512627285,173.0701524358075,30998400
2023-03-02,173.0106964111328,173.48651372435538,169.93767619340952,170.8794184422329,17352000
2023-03-03,183.6373748779297,184.99544401107892,175.50875995980698,177.36247652852418,45877700
2023-03-06,183.2904052734375,188.00897827423148,183.03267406683992,186.36342525082924,33209400
2023-03-07,182.90382385253906,188.70290529933874,182.40817638275996,187.35474357650114,36701500
2023-03-08,183.35980224609375,183.64727108561956,179.7613972448921,181.27807709436618,19432400
2023-03-09,180.10836791992188,187.28533312080012,178.7304686513036,184.7278056589579,26582800
2023-03-10,177.9473419189453,183.16156276961232,177.2435310110156,179.4342842678197,25665000
2023-03-13,179.3252410888672,182.18017523686387,173.29818141681156,176.4108467930736,24728000
2023-03-14,192.33103942871094,192.62843092188572,184.93597286944848,185.94709789585886,41642600
2023-03-15,196.028564453125,196.05830208974152,189.1787131345453,191.2703459570102,42123600
2023-03-16,203.1460723876953,203.96884903376738,194.38302842074785,196.53413670584482,50447100
2023-03-17,193.90719604492188,200.14243431213578,193.72875509737597,198.81410277601756,50141100
2023-03-20,196.08802795410156,197.62453796620042,191.95433032702135,196.7521936752625,25186300
2023-03-21,200.4001922607422,201.77809164678217,196.22683383377986,201.4311323612343,31827000
2023-03-22,198.0706329345703,205.56482001084692,197.93185225263778,200.7372186543796,28477800
2023-03-23,202.50169372558594,206.0703609359866,200.39023103226907,201.07422684142568,27389700
2023-03-24,204.2166748046875,205.77301519457242,201.7780976074665,203.39389815045016,27716400
2023-03-27,201.07424926757812,204.06796403208844,199.6071370845429,203.02710138580258,18527200
2023-03-28,198.9330596923828,199.28001896896532,196.17726099151233,198.40767458850203,19127300
2023-03-29,203.5624237060547,203.92919799665844,200.7768721952202,201.7879972778657,18851100
2023-03-30,206.0307159423828,206.2785396524153,201.05442673562075,201.60954942594012,22608300
2023-03-31,210.09503173828125,210.3230253172204,204.9700392079461,205.43594899488193,25440300
2023-04-03,211.2152099609375,211.63155200058463,206.387593549827,207.02202167585494,17924600
2023-04-04,212.850830078125,214.35760247602127,210.6897994530681,211.53240612071065,21026400
2023-04-05,209.63905334472656,213.31676429191103,208.11246576583304,212.28580906573094,19396600
2023-04-06,214.21884155273438,215.0515256680938,206.83368218453202,207.42846519605177,26104400
2023-04-10,212.88055419921875,213.78263608007165,208.82616217554968,212.84090906340407,16106100
2023-04-11,211.98843383789062,214.13954209197752,211.55226163411987,213.6042343415459,16710100
2023-04-12,212.1370849609375,214.95235853299292,210.7294481749098,212.96976895391873,18972200
2023-04-13,218.43182373046875,219.224847500562,213.81238615247736,213.85203129059846,23310400
2023-04-14,219.5618896484375,220.17648758119475,215.6561857349428,215.983314832495,21591200
2023-04-17,216.95481872558594,219.05635923123276,215.2398826549583,217.87671579141596,15481900
2023-04-18,215.99327087402344,218.52107619519816,214.3279025041907,217.99569104571796,12281000
2023-04-19,213.82229614257812,215.4381115885571,211.07640517251718,211.61171286211123,15898100
2023-04-20,211.2152099609375,214.8631679041083,210.91781846805821,211.62162937104753,16475400
2023-04-21,211.03675842285156,211.55223597623976,207.7555749142046,208.3800955053103,17717200
2023-04-24,210.93765258789062,212.05782075798314,208.8757723359463,211.81990451693062,15750900
2023-04-25,205.74327087402344,209.42096668543763,205.32692880816302,208.98480961117474,19198200
2023-04-26,207.57713317871094,212.24613852452936,207.0616707532641,210.65015322914314,41992700
2023-04-27,236.4833221435547,239.5860801943098,234.7089108287852,237.80174624937138,71196500
2023-04-28,238.2279815673828,238.3370094781109,233.69775691934507,236.92937263012743,39554000
2023-05-01,241.0630645751953,241.87593357965255,234.40157736953907,236.54276266287647,29143900
2023-05-02,237.1573944091797,242.78794211157887,236.9095706872228,241.0630835614137,24350100
2023-05-03,234.96661376953125,239.6455266055783,230.7238730814823,237.38537558955068,34463900
2023-05-04,231.48719787597656,236.126450919723,230.9023223675368,234.00508036001702,17889400
2023-05-05,230.7536163330078,232.63707051688766,227.84912965326185,230.21832376395497,27000500
2023-05-08,231.23936462402344,233.56889855403585,228.26547993603842,229.40546301604877,16400500
2023-05-09,231.3384552001953,233.82661474883614,229.06839683657938,229.4450936887785,16865600
2023-05-10,231.05101013183594,234.6890604898904,228.71155363342422,234.1141076501327,19119000
2023-05-11,233.7374267578125,236.13637381843506,230.27781710507037,231.0212883085138,20449000
2023-05-12,231.77464294433594,234.8972307500688,229.43518652876685,234.67914467629853,16161400
2023-05-15,236.78070068359375,238.16850749476043,233.2814308927608,234.8575861552915,20653200
2023-05-16,236.74102783203125,237.55388169029442,233.46975201609268,233.7373907173731,18163800
2023-05-17,240.3791046142578,241.71734364737938,236.06696576918233,236.37426476658152,21193100
2023-05-18,244.70115661621094,244.93905771597244,239.09042374878152,239.19946679482555,22943300
2023-05-19,243.5016632080078,246.52511548669978,241.29107995629087,245.315734575223,21733600
2023-05-22,246.15835571289062,251.36265391430516,242.98619994649877,243.2736839367334,27738500
2023-05-23,244.59210205078125,249.41970323490676,244.50287401661294,244.66148482629066,17748100
2023-05-24,247.04058837890625,247.41727012429223,242.81766277139562,243.1447918766224,17724300
2023-05-25,250.49029541015625,253.3947820293933,247.00093333989307,251.19410627565514,22371400
2023-05-26,259.7589111328125,260.0265498517954,250.51012836120594,250.7281993124649,25727200
2023-05-30,260.2347412109375,266.31138413742116,259.015467775104,262.94098733413506,23816500
2023-05-31,262.4156188964844,262.693180291999,256.200210011966,257.73670519214994,25473700
2023-06-01,270.2369079589844,271.6148224918179,263.57543478497155,263.58532716339073,25609500
2023-06-02,270.2369079589844,272.95307675520934,268.7598881304285,270.28649085876737,19416900
2023-06-05,269.0275573730469,273.17116310172264,267.21347063050644,267.94701923026497,20742900
2023-06-06,268.75982666015625,274.16239512591744,267.3422824340207,267.7883771704285,19419000
2023-06-07,261.30535888671875,271.8626442161029,260.5123047633767,269.3051165166383,26163600
2023-06-08,262.2767639160156,265.32004620136956,256.6264017277857,258.35124499287787,20899400
2023-06-09,262.6435546875,265.6174389213562,259.4218467674891,260.1950554582151,16949800
2023-06-12,268.6904296875,269.38434811275147,263.0202225116279,264.84423147196054,15442500
2023-06-13,268.9581298828125,273.3198212360052,266.7475314444002,272.4871371800981,16164000
2023-06-14,270.970458984375,272.59616684149415,265.9842469943128,269.5231769435399,19175100
2023-06-15,279.37664794921875,281.5178487136144,269.0572939381977,269.9296080997618,25973500
2023-06-16,278.5538635253906,285.3442395585109,277.6914418131458,282.2712193553558,43127700
2023-06-20,281.8548583984375,282.3207681995998,273.81547148594564,276.3036313019316,20701600
2023-06-21,279.1882629394531,281.52770398687585,275.9367871755133,281.06179425259563,20556200
2023-06-22,282.4001159667969,282.7768128958016,275.37183825791345,276.6505869881599,17563100
2023-06-23,286.21661376953125,287.1484334816398,276.52174996331246,279.05946272124834,51092000
2023-06-26,276.0458679199219,287.2673324689784,275.18344627250076,286.18682475251495,24232700
2023-06-27,284.5511474609375,286.83114354969996,278.20686707622247,279.55504367467665,26108300
2023-06-28,282.8064880371094,287.0293831058703,281.5871846024581,282.34057829397415,16722100
2023-06-29,279.0792236328125,284.0753578917488,278.2465396316425,282.0233703967676,15395700
2023-06-30,284.4817810058594,286.533738166813,281.94406884139056,282.2811054294308,19694900
2023-07-03,283.5301513671875,286.88073290993367,282.3703532958794,284.2042548786633,8629300
2023-07-05,291.80743408203125,295.5247894373961,283.8671533623589,285.1459320751407,33865500
2023-07-06,289.44818115234375,295.5248235823149,288.7741078971482,293.3142553701415,47600500
2023-07-07,288.0008544921875,293.62150887910394,286.14713820158397,289.63648473378396,25586000
2023-07-10,291.539794921875,295.5347115939885,284.55114871379277,292.9771541725064,37058300
2023-07-11,295.6933898925781,297.5669216854234,289.35900041008506,291.3415903824076,27585900
2023-07-12,306.6471252441406,306.7561834015163,297.48757110889034,299.12320145419704,36677100
2023-07-13,310.68170166015625,313.48705258601495,307.58886677660786,310.88986509411,30281000
2023-07-14,306.1812438964844,312.13893578938223,304.68437895121997,309.0758382489042,23054100
2023-07-17,307.916015625,308.9965234309528,302.05745916188715,304.8628406574557,25323100
2023-07-18,309.3335876464844,311.46489606355357,304.9421581279669,308.17378945631805,20731900
2023-07-19,313.2591247558594,315.9058653137581,307.81689494508896,310.3050549337283,21763700
2023-07-20,299.886474609375,312.79315151790587,299.58909828739195,310.7709017726767,23836900
2023-07-21,291.69842529296875,302.800909197342,288.66506554438087,301.9186725328554,42139300
2023-07-24,289.071533203125,294.9300905422449,285.7903490282836,293.20524684663945,24915700
2023-07-25,291.9066467285156,295.70329335700313,289.3193509866379,292.6203803553864,19585600
2023-07-26,295.97088623046875,299.14301133786523,289.35893681509447,298.56807368309666,47256900
2023-07-27,308.9964904785156,322.5177659332042,307.14277406177325,322.28975724084523,64229200
2023-07-28,322.6466369628906,323.36037041695147,311.51438565561364,314.12149577602924,39220300
2023-07-31,315.8265380859375,322.82507714780235,314.8253206295678,320.87222512758746,25799600
2023-08-01,319.90081787109375,321.3183927874067,311.9209048005017,314.7758393915576,22817900
2023-08-02,311.5738525390625,315.61835208722226,307.9457100995338,315.2317326112138,20461100
2023-08-03,310.463623046875,313.1996063950057,307.23199229520856,307.23199229520856,15180200
2023-08-04,308.0250244140625,315.6381607311768,307.49963941370754,312.2181817889227,17612800
2023-08-07,313.8043212890625,314.30989138505396,307.75741615279827,310.50332247597623,16236500
2023-08-08,309.9184265136719,315.12272430973746,307.41042158153704,311.6630848225731,15183500
2023-08-09,302.5530700683594,310.8997853919067,300.21362891825964,310.156314310015,19955800
2023-08-10,303.07855224609375,309.62110591444275,301.224835261312,305.2594135528519,14358900
2023-08-11,299.01422119140625,302.0673963056542,297.74533462225077,299.93611822813244,14046300
2023-08-14,303.5245666503906,303.5443816563155,295.65368327400716,298.35992905267074,15641900
2023-08-15,299.3215026855469,304.5555384693023,297.4182031951271,303.4750306746695,11623600
2023-08-16,291.72821044921875,298.45908163543555,291.718287818725,297.58676745772937,18547700
2023-08-17,282.60821533203125,293.47279727093206,282.4694497986728,290.4989130347723,23950100
2023-08-18,280.7842712402344,283.20303313726754,271.9914906051631,276.60100568899685,35347900
2023-08-21,287.37640380859375,287.97118683695453,279.39649145484435,280.98256944649927,20181500
2023-08-22,285.096435546875,290.35028671568716,284.2538287834448,290.0033274305193,12980200
2023-08-23,291.6786193847656,294.81111508897186,285.1658344882448,285.98859599429807,18287000
2023-08-24,284.2537841796875,296.8531326295478,284.1447562725001,295.9014980911481,18360900
2023-08-25,283.01470947265625,285.87956641170797,273.62714504469477,283.6392301342168,23701400
2023-08-28,287.73321533203125,288.9128584699036,283.3120190960079,285.49287958247294,14239300
2023-08-29,295.39599609375,296.5459019579426,285.6713942766928,286.0679062380191,20844500
2023-08-30,292.5310974121094,295.69333019974454,290.875621808572,294.58308487968134,17717000
2023-08-31,293.314208984375,298.47884600085996,293.0862003082704,293.2249658379628,17229900
2023-09-01,293.79998779296875,299.1133139449209,291.90661090057637,296.76394986830445,12842300
2023-09-05,297.537109375,298.76633542065633,292.9375175245404,294.4343520066862,14956000
2023-09-06,296.5657043457031,300.65972681313633,293.08624961534355,299.0835715746785,15418100
2023-09-07,296.070068359375,304.3770944136162,289.6762039967024,295.40588744923144,33748700
2023-09-08,295.2967834472656,302.59269768964253,294.1964306337633,296.6151920460956,17548000
2023-09-11,304.8826599121094,306.34978726869906,298.65732909121135,298.78620226973936,19489300
2023-09-12,299.0339660644531,305.97302903945666,297.61642188859025,303.6632954224195,13480400
2023-09-13,302.4044494628906,304.5059900169056,298.69701585352163,299.72794086935227,13210900
2023-09-14,309.0064697265625,310.146452893405,302.3747039470629,304.0698098777926,19343100
2023-09-15,297.69580078125,309.2840418195797,296.1493829923059,308.89742224638235,28131100
2023-09-18,299.916259765625,300.9571375613304,295.2076089926441,295.59422852439974,14234200
2023-09-19,302.4142761230469,303.50470632444024,297.20005641123794,299.84682652498753,15924400
2023-09-20,297.06134033203125,305.3782883735429,296.8234089972703,302.39448120124234,19379500
2023-09-21,293.1556396484375,297.64620415124955,290.7170325130372,293.1259020127335,21319600
2023-09-22,296.4764709472656,302.7216470856656,295.6735244833445,296.6945570394368,25369600
2023-09-25,298.2112121582031,298.33019295011604,291.14330539019653,293.0664197919008,18987000
2023-09-26,296.3575134277344,297.6858449572033,293.4332116377571,295.0688421646148,19417200
2023-09-27,295.14813232421875,298.677139729877,284.2934713763144,297.8345632707552,36429800
2023-09-28,301.3139953613281,303.6633594810206,294.1172148146599,296.3377057544672,22167100
2023-09-29,297.5966491699219,307.93587851423496,296.754042410053,304.70424728900844,25373700
2023-10-02,304.1491394042969,304.5059910836601,299.0043159300185,300.10463885997774,16265600
2023-10-03,298.3202209472656,304.0994555729332,297.03154997470955,301.6113265180523,17362300
2023-10-04,302.91986083984375,304.2283772759008,295.9015067543039,296.1295154558936,16880500
2023-10-05,302.13677978515625,303.54440159622794,296.89282131542484,301.97816897158543,19130000
2023-10-06,312.6841735839844,313.5565180214866,298.29058112096453,298.8159662591981,21803900
2023-10-09,315.5885925292969,317.54144446147717,309.10554643120525,309.77961962304516,22503700
2023-10-10,319.0383605957031,321.83381959341597,315.3904024685447,316.34203714260326,19038000
2023-10-11,324.9662780761719,325.97738791097737,320.13867709965075,320.19815236923245,22036300
2023-10-12,321.338134765625,327.66260060248845,319.88093015978995,325.1447032712535,20530500
2023-10-13,311.9505615234375,322.2203610808488,309.65075033810035,320.713603882826,21341000
2023-10-16,318.3543395996094,319.0185204694929,312.7733446736432,315.8662100616769,16536100
2023-10-17,321.1795349121094,321.57604680606164,314.5378472437151,315.4101915615611,16387800
2023-10-18,314.2107238769531,323.10263972349975,312.8129945346358,318.5922603419994,16851000
2023-10-19,310.0869140625,319.08788750004817,309.03614402821887,317.09537533508325,18709200
2023-10-20,305.9631652832031,312.5552703274842,303.80214965849547,311.4053948634876,22312300
2023-10-23,311.2765197753906,314.59733347334077,304.5852792316508,306.80577011666287,17796800
2023-10-24,309.8291931152344,315.5787213935738,307.9259239452391,314.0223812193745,19525500
2023-10-25,296.92254638671875,308.1737490291754,296.2385505173556,307.3014047174126,42192500
2023-10-26,285.83990478515625,292.4320101500182,276.9678028849212,292.4320101500182,66684100
2023-10-27,294.1469421386719,296.70446963131815,290.41966369017985,291.9165286472556,29596300
2023-10-30,300.0252990722656,306.70661659471585,296.44670897879655,296.48636924282346,28435100
2023-10-31,298.6473693847656,301.03639345003336,294.2757557468523,300.66961921940054,19434200
2023-11-01,309.1353454589844,310.017582259887,299.22239566233213,299.22239566233213,20434600
2023-11-02,308.163818359375,316.0446243432361,305.64592102556026,314.53783684335446,21631800
2023-11-03,311.86138916015625,312.8031011868626,308.31253639094047,309.82921641467783,16764300
2023-11-06,313.0509033203125,315.5588780950848,311.7126794666905,313.2293593857912,12887700
2023-11-07,316.0446472167969,318.20566283791453,312.3768439867447,314.299958512523,14055600
2023-11-08,316.9962463378906,318.5327411596939,312.138907923376,315.3705386153294,13609700
2023-11-09,317.7596130371094,321.3580188733632,316.0248467167497,316.63947505329315,16103100
2023-11-10,325.9079895019531,326.23513373605715,316.67903707934255,317.1548694871678,19096200
2023-11-13,326.3243408203125,329.4369907917262,322.8647316151257,323.36037901996815,16908900
2023-11-14,333.3823547363281,335.15678091466447,330.42828531533473,331.6277738153951,17179400
2023-11-15,329.8137512207031,335.4542221949826,327.14716524859887,334.98831233456497,14531200
2023-11-16,331.2808532714844,331.667442561079,323.5388423305294,326.5028044744622,18932600
2023-11-17,332.1234436035156,332.5794307757708,326.4829733409951,327.38505530805384,14494400
2023-11-20,337.010498046875,338.8939521370626,331.2808152503726,331.97473371871814,16960500
2023-11-21,334.0465393066406,336.94110323972745,332.97592396005564,335.38476311199616,12027900
2023-11-22,338.5173034667969,339.9348782395706,335.6326315263406,336.2571521863876,10702700
2023-11-24,335.2856750488281,338.88405001830046,333.83836275604654,337.16912925300625,5467500
2023-11-27,331.78643798828125,336.94115367224947,331.290790504135,333.25353518012435,15684500
2023-11-28,336.0390319824219,336.42565149537353,330.4976973935413,330.4976973935413,12637200
2023-11-29,329.30816650390625,336.9411188190531,327.90051448369286,336.7329553677821,16024500
2023-11-30,324.3020935058594,330.59682164758357,319.593443122573,329.00085151227404,23146400
2023-12-01,321.992431640625,324.01465154921027,317.96777657976315,322.64668993525703,15276400
2023-12-04,317.2341613769531,318.0668454059469,310.92954076374997,314.5279458457028,19037100
2023-12-05,315.51922607421875,319.0779707276208,312.64447724367363,316.2032218970757,16952100
2023-12-06,314.68658447265625,319.4447879881586,314.2801499252027,319.12756635327975,11294300
2023-12-07,323.74700927734375,325.38263987014375,315.0037806878623,315.0037806878623,15905100
2023-12-08,329.8534240722656,330.2697812992964,320.1882974465569,320.2775103697941,14087400
2023-12-11,322.4483947753906,327.0182798666103,317.2143590609615,326.5325248079935,25802500
2023-12-12,331.310546875,331.55837057321145,321.7346355458796,321.77429580813003,18485500
2023-12-13,331.8260803222656,335.4244860310397,329.74438501312073,331.0231337882988,16353300
2023-12-14,330.2696838378906,331.78636358920426,325.77911984855695,330.9437570047156,19607300
2023-12-15,332.0045166015625,335.7119500187242,328.3367132008549,329.0999994185291,31776900
2023-12-18,341.6199951171875,344.5344041297469,334.08614889595844,334.5421662666255,18993900
2023-12-19,347.31005859375,350.5218745666176,342.11568311875016,342.57167029164464,17729400
2023-12-20,346.239501953125,351.8700500578923,344.76248214532603,345.6149812888574,16369900
2023-12-21,351.0075988769531,353.30741024884486,346.17007504363573,349.90727608593943,15289600
2023-12-22,350.3137512207031,354.0905827144297,348.16262778042943,352.4846594181729,11772800
2023-12-26,351.74114990234375,353.8724581015916,350.3731883758891,351.8997607137992,9898600
2023-12-27,354.7149963378906,355.87482453649875,352.21694439339376,352.9703381036662,13207900
2023-12-28,355.2008056640625,358.7496281934857,354.69523557044886,356.5687975042497,11798800
2023-12-29,350.8786926269531,356.86612158180657,348.757337524102,355.86490417120007,14987100
2024-01-02,343.2754821777344,350.0856725621482,337.05015209068665,348.2616937741124,19042200
2024-01-03,341.4713134765625,344.92103019558954,340.1925347420734,341.9768834940871,15451100
2024-01-04,344.0982971191406,345.11932970434566,340.41067870668667,341.501109198634,12099900
2024-01-05,348.8862609863281,350.4227560194501,343.2457904424102,343.96941637649724,13920700
2024-01-08,355.53778076171875,355.8550023440489,348.9853066945852,351.61226199910743,13890200
2024-01-09,354.31854248046875,357.500621013295,352.266554698049,353.2975099042569,13463900
2024-01-10,367.2449951171875,369.69349454560995,355.9541325367698,357.0346705179699,22117200
2024-01-11,366.4520263671875,369.53493921555446,359.77067767079683,368.8906035328076,17205400
2024-01-12,371.23004150390625,373.7776768226446,366.3231495817238,366.93774761928864,19310000
2024-01-16,364.2611999511719,372.3402469912931,364.0332214951215,370.39731754067816,15306900
2024-01-17,365.1632995605469,365.33183300535507,355.48825160061466,363.1113118453537,12724800
2024-01-18,372.8557434082031,373.5694769229854,367.7208432542545,368.25612070140227,16354300
2024-01-19,380.1120300292969,381.0140817393726,374.6797232506199,375.70075575671575,21670800
2024-01-22,378.45654296875,386.9519470116833,377.8419450079911,384.5728454450382,17680500
2024-01-23,381.8467712402344,384.9990814617669,378.75390603497135,381.2718033118794,15506100
2024-01-24,387.29888916015625,392.70142765086376,384.434032676857,386.60497070171994,15698500
2024-01-25,389.7572937011719,392.04718233656905,382.3027674759573,386.7735168364553,15091100
2024-01-26,390.708984375,393.3359097959545,388.18116424199445,390.91714783237995,13163700
2024-01-29,397.529052734375,399.422429541813,389.6780144066085,391.55154595567524,18742400
2024-01-30,396.5774230957031,402.8225686731587,396.09169829023307,400.0766927751704,18614700
2024-01-31,386.7437744140625,394.5353371545359,383.7302296999333,385.61368380179516,20180800
2024-02-01,391.3433837890625,397.01359160077834,389.6284327898342,390.51069973653455,29727100
2024-02-02,470.8551330566406,481.72963881592403,449.0664915252919,455.59912098341835,84707600
2024-02-05,455.4107360839844,467.7919981396143,455.22238765663445,465.78959358537116,40832400
2024-02-06,450.7615966796875,463.05364680414374,449.05656832277816,459.96081170368444,21655200
2024-02-07,465.50213623046875,467.415327994543,452.2088689116338,454.01303276517825,23066000
2024-02-08,465.9085998535156,466.49346021033546,460.98186302371124,464.24323169322327,18815100
2024-02-09,464.03509521484375,469.467402790828,463.4006821358827,468.8329897118669,18413100
2024-02-12,464.81817626953125,474.9789490756288,462.5183648227148,464.1143653554513,19382000
2024-02-13,456.1145935058594,463.8169740536251,451.1283814896447,452.892885158852,20916600
2024-02-14,469.1600646972656,469.98282618084056,462.0326517085822,463.8566307551382,16858400
2024-02-15,479.8164367675781,484.366476420445,468.10924721096126,471.1426069795392,24212300
2024-02-16,469.1997375488281,474.79062539009806,465.1254995337819,473.94801862403494,23324600
2024-02-20,467.6433410644531,472.03476994795795,462.49851842146023,465.63101374806274,18015500
2024-02-21,464.447998046875,465.41057550181085,458.25576468630754,462.92970889465835,12921800
2024-02-22,482.40948486328125,486.23992842019754,472.41654676636847,476.5645485214587,21625800
2024-02-23,480.3255310058594,490.57645821723105,478.658395960272,484.31475349723246,18374300
2024-02-26,478.0531005859375,482.41945039379345,476.921841069552,479.76987131875444,12101400
2024-02-27,483.3223876953125,483.54070515337867,476.2469820474711,476.306520419306,10809600
2024-02-28,480.3155822753906,487.2917775435945,479.0553130170317,481.2880928291256,12715500
2024-02-29,486.3788757324219,487.93686726454155,478.91640943030325,484.70180744595217,17732000
2024-03-01,498.4556884765625,500.3907764734073,488.0856846060254,488.34367413066025,16273600
2024-03-04,494.3772277832031,500.5595589126642,492.62078494513406,499.1504132084591,12324100
2024-03-05,486.4681701660156,491.7871336101802,484.15601582408954,491.2115858850194,15325300
2024-03-06,492.29327392578125,499.12062411100493,490.5070619679342,493.8214963331061,11757900
2024-03-07,508.27008056640625,515.871429965554,497.5428147005372,499.428267454864,18586400
2024-03-08,502.07781982421875,519.5629636532714,495.52832561465306,510.2547468573878,18597100
2024-03-11,479.8888854980469,493.5138151285209,472.3569784877546,493.206190107269,20428300
2024-03-12,495.9252624511719,498.4656675759742,481.02022594568126,489.48494207040557,15448200
2024-03-13,491.7771911621094,497.1457896765636,487.2719293079291,491.5985760497797,12090700
2024-03-14,488.0657958984375,497.51295454338015,484.42390097766923,496.43130042569084,12620000
2024-03-15,480.39501953125,488.0658397573239,477.61643073962875,485.2674452189563,29153600
2024-03-18,493.17645263671875,493.6130875886428,483.0842738072249,488.1452478161507,11755300
2024-03-19,492.4421081542969,492.82913789689565,477.59661025996246,484.43389344040116,10903100
2024-03-20,501.6510925292969,504.31060469928195,491.3803284187274,495.6771763017406,11711100
2024-03-21,503.8739318847656,511.09818381772453,502.13732529141583,510.7707530405325,9712500
2024-03-22,505.67999267578125,506.06702240568086,500.4801059197025,503.11975164327384,8120600
2024-03-25,499.1701965332031,503.33806453967446,496.4114740821437,501.91901611098194,8380600
2024-03-26,492.0947570800781,506.09675270183544,491.41993839395826,501.26402973226214,11205400
2024-03-27,490.0803527832031,496.06423277502273,484.3346868891994,495.47872154095535,9989700
2024-03-28,481.8636779785156,489.1177599265289,481.4369761827551,489.06812442310434,15212800
2024-04-01,487.5895080566406,493.6229620607857,478.0927438247273,483.4712757226848,9247000
2024-04-02,493.5634460449219,493.7222251422253,480.94079550745505,481.3873636113719,11081000
2024-04-03,502.8617248535156,503.3578981717305,494.9328849193272,495.11150004572073,12099200
2024-04-04,507.0097351074219,525.9436947950782,506.6723106155449,512.4676110901486,26476300
2024-04-05,523.303955078125,526.6382243046844,510.47286336932007,512.9041240600253,19263300
2024-04-08,515.2760620117188,527.4223768254514,514.9188317096773,525.2293292201076,13260600
2024-04-09,512.9439697265625,521.845289446962,502.86169458913326,518.2331333714253,10863800
2024-04-10,515.8516235351562,518.5607107573752,501.92896968081385,505.39228040139363,11418500
2024-04-11,519.1561279296875,519.8507828068974,513.3310570289301,517.1218290927488,10369500
2024-04-12,507.98223876953125,516.2088008915841,505.43190063751956,513.787472668167,11984500
2024-04-15,496.4015808105469,514.5615428654139,493.4741460488993,512.7653372648631,13512900
2024-04-16,495.9351501464844,500.90678605584037,493.30540740997316,494.29775401725584,9847900
2024-04-17,490.3879699707031,499.30915689281545,483.41177405310106,499.2496185150052,12193700
2024-04-18,497.95953369140625,508.28989617034574,495.22067754794534,495.994706718665,14808700
2024-04-19,477.3882141113281,498.95188761147057,472.08908659081203,498.95188761147057,25215400
2024-04-22,478.04315185546875,488.2444739766785,469.7768874878293,485.9719917197624,17271100
2024-04-23,492.30316162109375,494.9428072503399,485.2277254126733,487.4902744828821,15079200
2024-04-24,489.7230529785156,506.0967720750617,480.8713078752949,504.17161722523144,37772700
2024-04-25,438.001953125,442.35833901070566,411.3276713078903,418.1748568844393,82890700
2024-04-26,439.8973693847656,443.023255377978,428.6540645124844,438.0813579966591,32691400
2024-04-29,429.3089904785156,436.3943598912081,425.28006561859786,436.195878453334,21502600
2024-04-30,426.8778381347656,436.2554972650773,426.43126995921796,427.7510778839802,18429500
2024-05-01,435.8287353515625,446.51629805901524,423.84117064830116,425.31978777610783,20344900
2024-05-02,438.2996520996094,440.562201203768,428.9715998380439,435.48139130558843,15221300
2024-05-03,448.5009765625,450.694084429791,440.4530598909977,442.5171275663126,16489100
2024-05-06,462.115966796875,462.592304076786,449.8704131384758,452.093259876696,15094600
2024-05-07,464.6563720703125,467.9212009325345,457.7794172557727,462.7213143300044,13406800
2024-05-08,468.9830627441406,471.94023656788784,459.4565282400275,459.95270159665824,11683900
2024-05-09,471.7814636230469,472.4363857703792,464.05107464244514,466.4029313871889,9437700
2024-05-10,472.5554504394531,473.8454888714661,466.00595699720174,473.4386231422278,10750000
2024-05-13,464.42816162109375,469.7272890553807,459.30764931420595,469.13187501336745,14668800
2024-05-14,468.2388000488281,468.9235216998096,456.558859918331,459.82368906593655,10478600
2024-05-15,477.8546142578125,478.8072585621629,467.59375353224107,471.34482265738814,13100500
2024-05-16,469.60821533203125,474.0340729044409,469.1318780385458,471.36465799748123,16608200
2024-05-17,468.2983093261719,469.18148209338233,464.8350292226781,467.22655798949256,10807300
2024-05-20,465.2518310546875,469.5784784874787,463.46561907811537,466.35335165798784,11745100
2024-05-21,461.07403564453125,467.0975871671568,458.73208176825443,463.5449691486391,11742200
2024-05-22,464.19989013671875,470.094431348203,462.0861870387401,464.28919769640606,10078600
2024-05-23,462.2152099609375,470.72953068178265,458.0076699601858,469.26087705798136,11747900
2024-05-24,474.55999755859375,476.1775273800848,462.7312126296393,464.04111742441904,12024300
2024-05-28,476.24700927734375,477.17978725076165,471.2058714243165,472.93254487428226,10175800
2024-05-29,470.7296142578125,476.1776187915823,470.0746920187129,471.027336468697,9226200
2024-05-30,463.4754943847656,468.1196997588506,461.1534068397315,468.06016138210737,10719600
2024-05-31,463.25714111328125,465.52962326344255,450.98181875095815,462.2350253461456,16919800
2024-06-03,473.8356018066406,475.92946902820285,464.65639510838076,467.2563385385533,11279400
2024-06-04,473.33941650390625,475.22489935660434,469.60821371186694,473.3493496612414,7088700
2024-06-05,491.2710876464844,492.84891504946904,480.2064295125393,480.74230513672717,15690500
2024-06-06,489.98114013671875,498.9717992536911,487.1331098145105,489.20711088439725,10667300
2024-06-07,489.187255859375,495.0917312617214,486.41863017217537,492.1146909480718,9380700
2024-06-10,498.75347900390625,498.81301738575456,489.6338100145634,490.080347878426,11220900
2024-06-11,503.5861511230469,503.71516103182034,494.4565499121785,496.332099600009,9673700
2024-06-12,504.9456787109375,510.07612434807345,500.60912858458613,510.0562580327931,11983200
2024-06-13,500.241943359375,505.4616660517263,497.52289299395886,501.83960690092306,9954600
2024-06-14,500.7982177734375,503.76827047428316,497.41095233353604,499.29827689365226,10243300
2024-06-17,503.25177001953125,507.3442927979167,492.70258957460356,498.3248520419291,11266600
2024-06-18,496.1593322753906,502.6259325307895,491.71913754817786,501.19553219490325,13060400
2024-06-20,498.3546447753906,500.31150990328194,493.45749528868265,498.652632230771,11801200
2024-06-21,491.48077392578125,500.09297514636967,489.1067263628177,500.09297514636967,22359200
2024-06-24,495.5832214355469,504.4139262555408,490.9940329117928,495.8712961742398,13525300
2024-06-25,507.1953125,507.3045644664891,492.19599361461826,493.7356460502404,12063200
2024-06-26,509.698486328125,510.383887800089,501.3147622286422,503.27162738652333,8882300
2024-06-27,516.0955810546875,519.3934506311559,510.4733485069415,510.8209904621114,10121200
2024-06-28,500.8578796386719,518.4001270053003,500.48040861531496,513.7016858832206,15855100
2024-07-01,501.31475830078125,503.2020829318588,489.8815282371348,501.58297732671764,10328200
2024-07-02,506.1026306152344,507.0959625693369,496.11965660213826,497.4209190368857,7739500
2024-07-03,506.5595397949219,507.87074521081,502.6458095867641,502.9934818232005,6005600
2024-07-05,536.309814453125,537.2634349299381,508.18862031678924,508.18862031678924,21354100
2024-07-08,525.7904052734375,539.1904418001548,523.1382262947874,538.7334873376542,14917500
2024-07-09,526.4659423828125,533.8960460931625,524.6680139481037,530.1909372581625,8753200
2024-07-10,531.1246337890625,535.2866968575805,524.8368259127777,527.2506151441854,10983300
2024-07-11,509.2812805175781,531.8895244068907,504.98013638714235,527.3499903194348,16458300
2024-07-12,495.54345703125,504.7019779354112,490.93441299316135,494.44087322434433,19750500
2024-07-15,492.8515930175781,503.3014344107721,490.0801883381436,495.3051241917836,12539200
2024-07-16,486.5240783691406,500.5896628261979,482.5507504540652,498.15598735257976,14075800
2024-07-17,458.909423828125,475.9748899890231,456.0585659449274,475.9748899890231,28076600
2024-07-18,472.677001953125,476.04438141112735,461.4424203212603,471.83266375516723,19267200
2024-07-19,473.6107482910156,483.46458424586564,472.5379328105717,472.88560505542085,15149400
2024-07-22,484.1499938964844,488.77892449316187,480.6733320174168,483.3354544094365,12023100
2024-07-23,485.431396484375,491.91785295092694,484.4678632735356,486.5737221720912,9455500
2024-07-24,458.1942138671875,473.12399173942754,457.5088124022394,469.1606069922724,17649700
2024-07-25,450.3865966796875,460.4589658515136,439.69833629849063,460.17092144183493,18240500
2024-07-26,462.5946960449219,466.63753399730916,456.3565726815499,461.1046981366571,14222400
2024-07-29,462.60455322265625,470.7995407344392,461.91915184199877,466.746760248626,11339600
2024-07-30,460.1014099121094,469.57780482339075,453.6546955153981,463.88600206485654,11390400
2024-07-31,471.663818359375,473.32269613102295,463.6377091692654,467.8792258794459,24285800
2024-08-01,494.4210510253906,523.6548039805784,488.8186744101764,517.5259626274621,43083100
2024-08-02,484.8850402832031,497.80826747717975,472.9749703834954,485.73929115246585,24044700
2024-08-05,472.55780029296875,480.2561225927905,447.79401274658,448.34036348534045,21396200
2024-08-06,490.7953796386719,499.2089024694643,475.4583319023931,475.80600414778166,20955000
2024-08-07,485.6598815917969,506.74829997819876,483.6135898383969,499.77512044060245,20105300
2024-08-08,506.2317199707031,506.55950614585913,491.4211383206397,494.18259967510517,16156800
2024-08-09,514.3174438476562,514.8836502692486,502.32792131826227,504.32449769396317,13696600
2024-08-12,512.5096435546875,514.5658480140165,505.7053134773553,513.4135489736507,9767400
2024-08-13,525.015625,527.9559092747828,514.6949525499102,516.5425353486345,13743800
2024-08-14,523.24755859375,530.4392723612109,519.6417586898049,524.5388780300436,11444200
2024-08-15,533.7471313476562,536.1708639926986,523.1880067278528,528.2440329479462,13482100
2024-08-16,523.903076171875,530.1014573197285,521.1614705192093,528.3532441619528,14776700
2024-08-19,525.750732421875,528.1148065447744,519.2741890909025,523.3567686125551,9879700
2024-08-20,523.2177734375,527.5487472706451,522.3734654428142,524.8269665148338,7944400
2024-08-21,531.5914306640625,535.803208512871,523.4163291780279,523.6348937052984,13423300
2024-08-22,528.383056640625,540.6010274942679,525.0653618809546,533.4192569001465,15708300
2024-08-23,524.479248046875,536.2700929585844,521.55884980876,533.3397517008707,11323900
2024-08-26,517.6450805664062,524.4792084356696,511.51624012553435,524.0818514507407,9584000
2024-08-27,515.6386108398438,520.5159048538387,511.87390443058763,515.5194158515097,6282700
2024-08-28,513.3341064453125,517.615364659823,509.0329621910887,514.2181257900095,9106100
2024-08-29,514.764404296875,523.684565573268,512.2413632137636,515.5888867116108,8317400
2024-08-30,517.8338012695312,520.0489117955093,511.76455848669906,517.8735127156259,9157500
2024-09-03,508.3475341796875,521.9859615332059,505.22845751609213,516.1749942685213,12459100
2024-09-04,509.3210144042969,513.1453787891634,500.70884337263965,502.6955072728807,8335200
2024-09-05,513.41357421875,518.1517873635855,507.74165686241577,508.3078633902029,8640900
2024-09-06,496.9341125488281,521.0820376560034,494.9275931294912,518.4000295415103,14744500
2024-09-09,501.42401123046875,507.92037993887993,498.7320599932226,502.7848710640587,11047800
2024-09-10,501.42401123046875,510.7513818768451,496.6957417525211,504.7715348360927,9899000
2024-09-11,508.4170837402344,509.6984904565573,492.29532543071457,503.6292467318183,10782500
2024-09-12,522.0952758789062,523.1979204782829,511.7844848502824,513.6022993894097,11970500
2024-09-13,521.1218872070312,524.0621720816487,513.6619533531348,516.8704572987319,10321400
2024-09-16,530.2294311523438,531.0446869851908,514.4402669362904,521.5393768501115,9527600
2024-09-17,533.2520141601562,538.9989183875797,527.5349067624319,534.5246604241431,11690800
2024-09-18,534.8726806640625,541.0869276726933,530.845860739671,533.9977098303668,10323500
2024-09-19,555.9017944335938,558.8548369035116,543.3937986366567,546.8538728123792,15647000
2024-09-20,558.1388549804688,561.2708601396214,553.1177549056164,556.7966017328396,22066800
2024-09-23,561.1813354492188,570.696598725916,559.1927762027452,566.2422454333392,12830700
2024-09-24,560.1076049804688,564.5023042983775,551.0198738833946,563.438417728342,12993000
2024-09-25,565.0589599609375,573.5799422527921,560.4951905177006,560.8233197330189,16543400
2024-09-26,564.5917358398438,574.0970460697704,559.1330900425771,572.436555499505,14400800
2024-09-27,564.1144409179688,567.5745750797583,561.2807684246667,566.8387572234752,9398400
2024-09-30,569.1654052734375,571.392581823153,561.5690947166503,564.4525297734127,12792300
2024-10-01,573.17236328125,579.7047878934193,566.8388067371769,574.6737352692572,15259300
2024-10-02,569.5333251953125,572.7050797135277,566.0832039311861,571.5715863452846,6524700
2024-10-03,579.4363403320312,580.0229313102662,565.4766159470373,566.8885366691163,11581000
2024-10-04,592.5308837890625,593.4356513652355,578.1038796024136,580.3907101459058,14169500
2024-10-07,581.434814453125,599.5008565761534,580.698996622439,594.7978731184487,12014200
2024-10-08,589.4984130859375,590.1645633879729,582.6179549512773,586.3167064096679,7857400
2024-10-09,587.1319580078125,590.9897670648169,578.2828467749312,590.5920310170018,9529700
2024-10-10,580.490234375,586.8535869486327,579.1877306195246,584.2088301034865,7740400
2024-10-11,586.5752563476562,587.82805834101,579.376681824714,581.4845497009563,8587100
2024-10-14,587.04248046875,596.6670986656153,586.585150741633,590.8207303998246,8252000
2024-10-15,582.916259765625,587.2313987957768,576.8213215978997,586.7839608852024,9564200
2024-10-16,573.4905395507812,578.7503177573541,570.7463786831075,578.0742148752304,11268400
2024-10-17,573.6297607421875,581.6237474143095,571.9096763385753,579.9931748825336,8701200
2024-10-18,573.17236328125,580.6294606897518,571.9593712320872,577.7758829363129,7694300
2024-10-21,571.8697509765625,573.9378692579733,565.8543723443174,572.7348299431258,8171900
2024-10-22,578.6806640625,580.1919884331684,568.8472245196812,571.0047942012734,8544500
2024-10-23,560.4654541015625,581.6535493433651,559.2822589840049,576.6522939692993,14248400
2024-10-24,564.5320434570312,565.6257266322763,558.3078440792799,563.885737507838,7184700
2024-10-25,569.9707641601562,577.9647500652169,568.4494872870167,570.6468669862153,11337900
2024-10-28,574.8526611328125,580.410710743533,570.8357934356153,578.67072146079,10925100
2024-10-29,589.8862915039062,590.2740144668209,572.108565553997,576.8313941446783,13019100
2024-10-30,588.41455078125,597.7608016379978,586.0084115680872,597.5420286080739,26864900
2024-10-31,564.3331909179688,586.5255172425846,559.7893261973286,581.6535232859577,26838400
2024-11-01,563.9155883789062,570.3883582518947,559.3419265164682,564.3630263338429,15303200
2024-11-04,557.4727172851562,565.4369071400736,554.698698856843,560.8731367595427,12064600
2024-11-05,569.1554565429688,570.1994379718212,563.4283964137084,564.0547974082218,9775400
2024-11-06,568.7776489257812,569.7222267093605,551.9942039542266,559.530860524769,18305400
2024-11-07,588.3153076171875,591.397550397011,571.9196451578358,573.5900277629676,14653700
2024-11-08,585.96875,589.707190216614,581.1763151778936,588.1561165108458,9415700
2024-11-11,579.8340454101562,583.6421534545929,573.2121696554306,583.0057999151439,10209100
2024-11-12,581.474609375,596.2296848177605,577.0600054748132,585.1733003985561,16287700
2024-11-13,576.68212890625,582.2898800347385,571.8797417717248,579.2771839216865,10757600
2024-11-14,573.8583374023438,577.4377800631241,569.7321138322568,573.6992793820006,11053700
2024-11-15,550.910400390625,569.2946185704093,548.3451422976771,567.9523048385856,17712900
2024-11-18,551.2285766601562,556.6971138862053,546.9432344613651,553.8534284072965,14327300
2024-11-19,557.8803100585938,558.2183311036446,547.4502671516217,548.7030690284671,9522400
2024-11-20,562.2849731445312,563.1101814515828,551.0297217043255,559.7097624878369,9797300
2024-11-21,559.868896484375,566.7393414481576,545.9091728138703,566.2621066854078,11154700
2024-11-22,555.94140625,560.604579130286,551.4174470523492,560.3261517650154,9164000
2024-11-25,561.8773193359375,569.3145718667378,553.207230520728,558.8845280879963,13599800
2024-11-26,570.259033203125,574.1964018053228,561.9667762936829,562.7621877433986,10356600
2024-11-27,565.9439697265625,571.6908743519631,560.8731072719025,571.601423170664,7200200
2024-11-29,571.03466796875,575.1510000832634,563.6571303183109,565.7450932068846,7130500
2024-12-02,589.4387817382812,591.0992116485587,572.2775064388576,574.196458750282,12522400
2024-12-03,610.1396484375,610.6864900333547,587.8677630350062,591.5963112149323,14907200
2024-12-04,610.2689208984375,614.2460390304662,601.6385211482492,609.4536043990507,14697000
2024-12-05,605.4467163085938,616.3539959197653,603.5774656613376,613.550119948881,8081200
2024-12-06,620.2018432617188,626.1873655515558,605.0490309451652,606.609996608488,16935500
2024-12-09,610.06005859375,622.8166811211822,602.7023662786942,620.3508267816162,11426000
2024-12-10,615.7772827148438,622.0114355661352,609.2349055981941,614.0273408137083,10938900
2024-12-11,629.0607299804688,634.7480401253283,617.9745502630952,619.8039905100828,10837200
2024-12-12,627.1815185546875,633.017934128409,623.6220417827839,627.887478818055,7474700
2024-12-13,616.8013305664062,627.4699920270454,613.3611619616729,623.6320266186848,8453300
2024-12-16,621.1697387695312,628.0457867533739,615.5376035416824,626.8814975325155,10885600
2024-12-17,616.3932495117188,629.2596452404018,613.5074890422593,623.0901281665253,12897800
2024-12-18,594.2527465820312,624.2743396016706,593.3870305020766,617.9456355913278,17075500
2024-12-19,592.6407470703125,608.512310503509,592.0735432784724,607.3878634532757,14958100
2024-12-20,582.3714599609375,600.143601343373,577.1472819775203,587.6752614717944,48989400
2024-12-23,596.899658203125,598.1336103729398,583.3665730831542,586.7000720639313,10205800
2024-12-24,604.7608032226562,604.9996130735921,596.3324917694366,599.7555139461255,4726100
2024-12-26,600.3824462890625,603.3179490935831,595.994163249834,602.5019749107529,6081400
2024-12-27,596.8599243164062,598.8898690255031,586.8991472446073,596.4618673609139,8084200
2024-12-30,588.3319091796875,594.0038852291777,582.6997752560201,585.8541662451341,7025900
2024-12-31,582.6302490234375,591.0486006579675,580.9783795227164,589.3570104919964,6019500
2025-01-02,596.2926635742188,601.9347590067932,584.9288491785778,586.8194676993116,12682300
2025-01-03,601.6561279296875,606.5021699414652,593.4765264756181,601.7854933825649,11436800
2025-01-06,627.1004028320312,627.8864953892827,602.641281410124,608.8207596792694,14560800
2025-01-07,614.8509521484375,628.9910220723464,605.2384303850833,628.5930258941997,12071500
2025-01-08,607.7161254882812,613.4080230721381,599.82513672869,610.382997271492,10085800
2025-01-10,612.8308715820312,626.8117543633127,594.4020036952091,607.0295902270824,19256600
2025-01-13,605.3380126953125,605.9748187670136,595.5066015316934,604.1140210154849,10785000
2025-01-14,591.3271484375,602.5118541569082,585.6551720564437,602.093936955974,13598000
2025-01-15,614.084716796875,619.3984789584875,603.5169556717734,607.2087300599234,15524300
2025-01-16,608.2933959960938,613.2190622741323,606.7112501958828,608.4924244716136,8355300
2025-01-17,609.756103515625,621.896049094774,600.7008255237737,620.9805911305821,17280600
2025-01-21,613.4280395507812,618.443229069153,606.0146693079478,614.7912965163201,11674000
2025-01-22,620.433349609375,630.5831936184607,616.3833603918935,620.2343211513619,12274000
2025-01-23,633.3196411132812,633.468866899262,618.0949061109532,624.2743234364817,9910200
2025-01-24,644.305419921875,648.7932479651176,631.0808064099955,633.2699982280365,19065300
2025-01-27,656.6343994140625,660.6047649681485,622.0254349357211,623.5280177511174,28399200
2025-01-28,671.013427734375,679.2228513674787,656.2264682196907,662.7243805632816,20950100
2025-01-29,673.1627197265625,677.7002892439266,662.3959298804792,671.6800579089199,21377800
2025-01-30,683.62109375,707.2940643458387,672.7746794678412,693.3928028440545,29322900
2025-01-31,685.790283203125,701.8309926464267,682.2080139805101,687.6013388802664,19303900
2025-02-03,694.0296020507812,700.5374135449807,671.9288188867163,672.5855459885331,21415700
2025-02-04,700.7264404296875,704.2291467274541,688.2082982161528,699.0447502736523,13826300
2025-02-05,701.4031982421875,714.6079511816394,695.5720343457091,700.0896831751202,17778200
2025-02-06,708.4880981445312,715.3641456188349,700.0398655613205,702.4081644926629,13080700
2025-02-07,711.005615234375,721.4440099000519,708.249220189881,713.2743693522815,16427100
2025-02-10,713.8715209960938,717.652818700605,707.8313687608933,715.0257888589608,12904300
2025-02-11,716.2596435546875,720.1006435254067,706.5476385055467,709.8115349418778,12998000
2025-02-12,721.812255859375,723.523766963731,709.0950845634602,711.7818168815365,12016500
2025-02-13,724.9766845703125,725.4145229257568,714.5084061760308,717.9713316181679,12569100
2025-02-14,733.0467529296875,737.2658892402018,722.0511132817282,722.5685751543255,16901200
2025-02-18,712.8465576171875,733.3750946365709,702.9654052178096,732.3800130970368,21938700
2025-02-19,700.30859375,703.5226878675882,691.9698051227019,700.6369269472729,17535500
2025-02-20,691.4224853515625,702.1593933249234,690.228375354197,693.8504867433877,12587400
2025-02-21,680.18798828125,700.4080528713276,679.0038387952945,693.1539301625503,15660400
2025-02-24,664.8438110351562,683.8896856241412,659.1917553729045,682.9045646514273,15677000
2025-02-25,654.26611328125,664.7144694629277,638.703023401866,662.6944247816905,20579700
2025-02-26,670.3864135742188,679.650619839028,654.7636219966097,656.4055307530449,14488700
2025-02-27,655.00244140625,685.2629040436697,654.3357538023921,679.0933865536915,12500000
2025-02-28,664.9134521484375,666.3364113660828,639.4393300085176,654.8033903750937,17534200
2025-03-03,651.828125,677.8992724698688,647.638870751695,670.3664982200642,10843800
2025-03-04,636.8522338867188,646.5542796373367,620.5826737681288,642.3351433054311,21495200
2025-03-05,653.2411499023438,656.256276123591,634.523668550264,637.847267619745,13770000
2025-03-06,624.8416137695312,647.3603163884869,621.0403945748483,644.8129097915485,13446500
2025-03-07,622.5827026367188,631.6678021460568,597.6559216844704,622.294150848658,21375700
2025-03-10,595.048828125,607.109212093194,583.9835257431913,605.0792675215534,21999900
2025-03-11,602.7308349609375,611.9054572036264,590.4117211785095,592.1232321992892,17401500
2025-03-12,616.5127563476562,630.2150494744315,606.352951302888,626.801926859784,15747000
2025-03-13,587.7349853515625,617.4481060645986,583.6252936627146,617.1993356753703,16480300
2025-03-14,605.1494140625,606.4043419789234,592.381172955088,600.3687854957838,12364500
2025-03-17,602.4603271484375,610.62720608086,595.5881320780952,605.0099996635669,15473900
2025-03-18,580.01123046875,597.8290917063831,572.34227369431,597.6298861819188,20297700
2025-03-19,581.7044067382812,589.9311027976759,572.4518964146898,581.9235510596104,20537500
2025-03-20,583.6365356445312,607.7389439842362,577.172720940167,580.4096129893901,24336500
2025-03-21,593.84521484375,595.1299901540924,578.6069346961235,581.0669435562578,25015900
2025-03-24,616.3540649414062,620.0291850741187,609.7309218178737,612.4897086743648,15741300
2025-03-25,623.7840576171875,631.3235347184631,618.6747423038911,624.2322549021957,15312500
2025-03-26,608.5158081054688,624.2222248223229,604.163437823038,622.3697410659778,12609800
2025-03-27,600.1497802734375,611.7726975303846,597.6797409070035,599.572102422941,10436500
2025-03-28,574.4139404296875,599.3230823357646,571.605306475786,597.8888875675808,17602800
2025-03-31,574.0354614257812,576.3660506926756,551.0684674021583,561.2273418254761,21124700
2025-04-01,583.6365356445312,587.5307390242879,567.70106709451,568.537705940541,12836600
2025-04-02,581.5748901367188,590.2696609066593,571.0475136953103,572.5912500878843,13470800
2025-04-03,529.4758911132812,550.3314393515183,528.1612075786397,544.016982785148,34777500
2025-04-04,502.69439697265625,515.9108671247398,492.2068664686997,504.5767586556749,38589800
2025-04-07,514.1678466796875,537.1945936136326,479.9563819403582,483.14348777248983,36606100
2025-04-08,508.3912658691406,545.2220987278512,500.83185110030036,541.0589647931961,28034200
2025-04-09,583.4075317382812,585.5189766353849,500.0849095170737,507.21603593950647,39216600
2025-04-10,544.0867309570312,578.9555415344041,533.141064552052,573.1689763297147,28173500
2025-04-11,541.377685546875,545.1922554454453,526.4581222037267,533.3501954996136,17642300
2025-04-14,529.3365478515625,555.5205604797574,526.1495019253548,553.926976727649,14130900
2025-04-15,519.4166259765625,535.7703838427552,515.4128199804695,529.9638803667925,15558700
2025-04-16,500.28411865234375,511.2995098605443,493.6310672206579,506.4591254364096,18735100
2025-04-17,499.4574890136719,505.25399323772916,496.00148267523775,503.212273262548,14593500
2025-04-21,482.705322265625,491.50966603004946,477.8649073178194,489.34840447960073,16166000
2025-04-22,498.2623291015625,504.8357168469179,484.3984562132767,489.8862436640875,17399400
2025-04-23,518.1716918945312,533.1809196011152,514.4368162114096,526.398387792126,18173900
2025-04-24,530.999755859375,531.7467310045646,515.4128501808216,516.6378699664548,13910000
2025-04-25,545.0628051757812,547.6423253119987,534.0872308807745,544.5946691393716,17098900
2025-04-28,547.5228271484375,556.2375374162976,538.409766598872,553.3990561017924,15179000
2025-04-29,552.2039184570312,554.3253329246786,541.9255322333729,543.7979549633997,11835000
2025-04-30,546.7858276367188,546.8854000110363,527.3644731031741,536.2286028212618,29244000
2025-05-01,569.9022827148438,590.558627980007,568.1991573093333,589.6921415778174,31159000
2025-05-02,594.6121826171875,601.9026676753685,575.9975586829169,581.1068737819331,24739300
2025-05-05,596.8531494140625,600.7772617327329,585.6783683283057,588.8355666226496,13887700
2025-05-06,584.9413452148438,593.6262086030198,584.2143087960085,590.1403242884969,10600700
2025-05-07,594.4029541015625,600.6476855016655,584.3038359796805,587.9789559689339,13139100
2025-05-08,595.59814453125,608.8345220578558,594.2137360230962,603.8447184228645,14622800
2025-05-09,590.1004638671875,604.5220462267766,589.3236412362096,601.2851535548689,10427300
2025-05-12,636.85107421875,637.8072242767122,618.5253206919152,628.3753866174048,21965100
2025-05-13,653.3841552734375,658.254386921773,640.2373808266427,642.9364120582926,18570800
2025-05-14,656.7007446289062,659.9973927569988,651.6711237576287,658.543319934739,12348200
2025-05-15,641.283203125,654.6590319374474,636.0045904601806,651.6412836963046,14341800
2025-05-16,637.7573852539062,637.8569576148437,623.6246144224174,635.3869794893193,18519000
2025-05-19,637.8470458984375,640.4066880114517,625.2679796518272,625.7161768945482,9592400
2025-05-20,634.530517578125,636.7714432087338,629.7100715967877,633.4449476478025,6743500
2025-05-21,632.9368896484375,644.0020660016361,627.6283696820823,629.2418310050065,11464600
2025-05-22,634.0026245117188,640.6556757699244,628.1662733645643,631.492768599171,8228400
2025-05-23,624.5309448242188,629.8992205141227,620.1387579436545,621.4832888202177,8454100
2025-05-27,639.7294311523438,640.4863756807556,630.1980211513535,632.8472662118028,9508400
2025-05-28,640.9843139648438,648.254859263292,639.9584390080566,640.0082251890005,9042900
2025-05-29,642.4484252929688,650.6850908623647,636.9208212538034,649.0218431897822,8858800
2025-05-30,644.8786010742188,646.790840509364,630.227966818394,639.9087359485001,16241000
2025-06-02,668.1942138671875,670.5446811489596,641.6616412070963,641.791121766507,15766300
2025-06-03,664.1605224609375,672.8553550898889,662.3479161440031,668.7420068089284,11585000
2025-06-04,685.1754150390625,686.2211680866209,665.8735723856402,666.6205475323237,14031900
2025-06-05,681.8588256835938,691.5794719470881,679.4983890924821,688.8704104821669,13083100
2025-06-06,694.89599609375,699.9754022986715,689.0795234172199,693.3621683649559,11728000
2025-06-09,691.2607421875,702.3458579741853,691.1412310298801,695.6430205968694,12773200
2025-06-10,699.567138671875,700.3937473880201,688.7708312874433,698.5213248498013,10850100
2025-06-11,691.3403930664062,706.0109642368116,689.199040180601,700.871802415462,9582500
2025-06-12,690.5635375976562,692.575410020333,684.2292032313352,690.5037820202001,7322700
2025-06-13,680.1159057617188,691.768730540237,678.2634219344503,685.1754345871889,9274400
2025-06-16,699.8262939453125,704.839891030923,691.2444358848513,697.0454302800655,13720300
2025-06-17,694.9523315429688,703.6637707541142,693.7861706289875,699.7067687984049,10066100
2025-06-18,693.4970703125,699.2980647722242,692.6299173050131,695.8991705300261,10068300
2025-06-20,680.120849609375,699.5272759324512,676.4528788689065,698.4607641474819,22538600
2025-06-23,696.248046875,696.7663067524254,676.5326356722177,681.4564999402276,11080100
2025-06-24,709.8734130859375,710.860169242287,699.8163481052391,702.5872956643889,13823200
2025-06-25,706.3648681640625,714.2390846812559,703.0756608117819,710.9897247556078,9320400
2025-06-26,723.718017578125,725.84100327131,708.7271116959034,712.0262960706955,13964800
2025-06-27,731.2333984375,733.0275060697373,723.4887618360168,724.1466398304902,18775700
2025-06-30,735.6788940429688,745.4568450948445,731.8514114766995,742.1177521024767,15402100
2025-07-01,716.8704223632812,735.3399177465482,713.0330238804761,734.4727647300622,13431200
2025-07-02,711.2388916015625,717.946886332231,710.4713875973353,712.9931517050737,9336700
2025-07-03,716.6611328125,726.6484187341657,712.0861007528597,724.23628063908,8601700
2025-07-07,716.0032348632812,724.6250009558648,711.1790804792781,715.2556849998467,9457100
2025-07-08,718.3157348632812,720.5484076114845,712.4748926138262,719.2128191233631,7770700
2025-07-09,730.3861694335938,735.1206520424314,720.3589752323313,720.3589752323313,11418000
2025-07-10,724.8642578125,733.3962917497249,717.2492014044612,729.1601755610233,9913600
2025-07-11,715.1660766601562,722.791049443565,707.3815924903404,720.1397657932962,10873900
2025-07-14,718.5648193359375,725.6217068153527,714.2091004956787,715.2556580979717,8939400
2025-07-15,708.0692749023438,722.1032338104419,707.5011297082585,721.5351494521201,11529500
2025-07-16,700.6136474609375,711.6375132851348,696.985585155631,711.0394977501286,13067600
2025-07-17,699.1185913085938,703.5939743779064,694.8326508122145,702.0888975460598,11803300
2025-07-18,701.9793090820312,702.4078970710398,689.3905635084973,699.896109861645,12779800
2025-07-21,710.6408081054688,714.6576719200774,703.4544009949688,704.4909815749821,9404400
2025-07-22,702.5075073242188,714.258969568067,699.1185901916039,713.8503357336546,8921100
2025-07-23,711.2489013671875,712.2954590710364,702.6271347622425,704.062433018762,8771600
2025-07-24,712.4649047851562,721.256099225235,711.6675303636672,714.7075545657141,10920800
2025-07-25,710.3517456054688,718.2957401275581,709.5743254141869,714.5778842585692,8271700
2025-07-28,715.28564453125,722.3724029167645,710.3518030699777,712.8635901780652,8715700
2025-07-29,697.7132568359375,722.1032896273051,697.6235240780348,717.6479213169642,13267000
2025-07-30,692.9389038085938,706.1854660197899,688.9419939778502,705.7768321791035,27077300
2025-07-31,770.913330078125,782.1863801577031,763.0092430876867,772.667590247117,38831100
2025-08-01,747.5598754882812,763.497629588928,742.8752172910131,758.2448261685668,19028700
2025-08-04,773.8338012695312,774.3122137700193,755.9324499017634,757.5172825632864,15801700
2025-08-05,760.9659423828125,780.571667176634,760.507423214992,773.913496774336,11640300
2025-08-06,769.468017578125,771.1126516160077,757.9757159507556,767.4845283360178,9733900
2025-08-07,759.3412475585938,772.4682063669705,757.0686667309535,770.9631295472946,9019700
2025-08-08,766.786865234375,767.3849416766147,756.101914160301,760.2582747146965,7320800
2025-08-11,763.3681030273438,770.9333352985195,762.1720109386977,767.5643719861222,7612000
2025-08-12,787.419189453125,791.077183084039,769.9065806861354,770.4747258826147,14563100
2025-08-13,777.5316162109375,792.8613769942957,775.6876233736197,788.5654595317508,8811800
2025-08-14,779.5748901367188,785.2363270315518,769.986322264654,775.3387743217048,8116200
2025-08-15,782.664794921875,793.6488143059948,778.269228256533,781.5883668624648,13375400
2025-08-18,764.8631591796875,773.2755899130946,754.0884756033142,772.5579712024165,16513700
2025-08-19,749.0250244140625,764.6637703117248,746.9119549568848,764.613945820292,12286700
2025-08-20,745.2772827148438,747.7492222984731,728.6119336256934,745.1278092436016,11898200
2025-08-21,736.6854858398438,743.0646026719377,730.7150636889187,742.2772053426181,8876300
2025-08-22,752.32421875,754.4273720053774,731.9908982789533,736.81505282597,10612700
2025-08-25,750.8390502929688,756.40083816002,747.679423323267,752.3541041091971,6861200
2025-08-26,751.636474609375,752.4039786334924,745.4966249237331,748.3472672479323,7601800
2025-08-27,744.9384765625,751.6863799088018,740.4133296583533,749.8423869559551,8315400
2025-08-28,748.6563110351562,750.5899760103364,738.3799934657852,741.5695520935569,7468000
2025-08-29,736.2868041992188,744.6992345800578,732.9477115811937,742.8453254860702,9070500
2025-09-02,732.7084350585938,733.5955420945892,719.3721416683287,723.6680587816751,9350900
2025-09-03,734.6421508789062,737.8317091036498,731.5921498947655,733.5955932459119,7699300
2025-09-04,746.204345703125,758.6734271200463,743.3835736708148,746.1245900119145,11439100
2025-09-05,749.9918823242188,755.4739147328357,742.596139272426,750.1613099282893,9663400
2025-09-08,749.8423461914062,764.0059463353695,749.5632925404257,753.5302710608411,13087800
2025-09-09,763.1985473632812,763.7965628893893,750.9686127504068,755.0153467057662,10999000
2025-09-10,749.5233764648438,763.1985869501963,748.5465974429485,762.6304417530438,12478300
2025-09-11,748.447021484375,754.6267189634892,745.9252571616319,752.184771170502,7923300
2025-09-12,753.1216430664062,755.095155276553,741.330272625368,746.2840072815898,8248600
2025-09-15,762.2018432617188,771.5412279036273,749.5333431691193,754.9954213012545,10533800
2025-09-16,776.4551391601562,778.8074148399552,762.6005237676653,764.494341124313,11782500
2025-09-17,773.1858520507812,780.7311297077449,763.8066193659058,777.4419223006557,9400900
2025-09-18,777.7011108398438,786.203274581819,770.8336042127465,778.1994774600552,10955000
2025-09-19,775.837158203125,788.2165669565625,766.6771780735046,783.8508708699721,23696800
2025-09-22,763.1751098632812,783.6917575585782,762.4868973227559,779.8218176027002,11706900
2025-09-23,753.4404296875,768.6009504341728,749.1216451610411,767.254476840496,10872600
2025-09-24,758.686767578125,759.1356124217834,750.5779133776451,755.5349916265823,8828200
2025-09-25,746.9672241210938,754.8068807440363,742.6185490172081,751.4954858581857,10591100
2025-09-26,741.8206787109375,749.9794521140951,735.4372562509625,748.0544659269957,9696300
2025-09-29,741.4715576171875,748.8324179023273,737.2325826153279,746.777703342028,9246800
2025-09-30,732.4749755859375,741.0426584785586,724.4159185837501,740.3245554260684,16226800
2025-10-01,715.4791259765625,719.9773751402398,708.357633728991,719.6183236513255,20419600
2025-10-02,725.1639404296875,725.8821043267139,716.2770807321521,720.7055653205383,11415300
2025-10-03,708.7167358398438,729.1037149276121,708.3377167266436,727.7372737109582,16154300
2025-10-06,713.8035278320312,715.0203947681905,688.718804278428,703.3607165744016,21654700
2025-10-07,711.230224609375,716.636147605649,703.9192222306009,715.8581417735932,12062900
2025-10-08,715.9779052734375,717.7832075860277,705.9738944950672,711.599278595462,10790600
2025-10-09,731.6072387695312,731.6072387695312,710.5918883665408,716.4167658258609,12717200
2025-10-10,703.4703979492188,733.3626856542741,702.6824691715568,729.0239332852144,16980100
2025-10-13,713.8433837890625,718.072374881022,705.8042950194317,711.1603595995662,9251800
2025-10-14,706.8117065429688,713.6937706407739,697.5158763660478,705.9439682909708,8829800
2025-10-15,715.6885986328125,722.0221626881838,707.6694770310874,715.1998794771447,10246800
2025-10-16,710.2228393554688,723.6080097298942,702.0540824517458,715.6886043056783,9017000
2025-10-17,715.0602416992188,716.6760344343375,704.2882698394852,705.2458014471516,12232400
2025-10-20,730.2706909179688,731.8665769499745,718.3118034233538,719.3191931642514,8900200
2025-10-21,731.3678588867188,736.5842723709278,726.8595646449745,734.110725168398,7647300
2025-10-22,731.5074462890625,738.6787972623451,722.1518348008319,731.9264006052239,8734500
2025-10-23,732.095947265625,740.4841042897723,731.1982575844598,732.7941435868839,9856000
2025-10-24,736.444580078125,739.2872233202683,729.2533227506186,734.8786455644157,9151300
2025-10-27,748.872314453125,753.7895182960361,746.069606274355,747.7851152228061,11321100
2025-10-28,749.49072265625,756.4326899204912,743.5860965317024,750.6776381609803,12193800
2025-10-29,749.7200927734375,757.1906533932021,740.5838813084906,752.7921200604676,26818600
2025-10-30,664.7410888671875,679.1935516668058,648.4833846789722,667.414190282622,88440100
2025-10-31,646.6680908203125,673.1392823636344,643.8953340746643,672.7602632515434,56953200
2025-11-03,636.0557250976562,657.619635334369,634.5296648817072,654.298256711345,33003600
2025-11-04,625.6926879882812,640.0752642850032,624.3860886703497,626.410791028598,27356600
2025-11-05,634.30029296875,640.5639703518489,624.9146693781357,630.6697208898194,20219900
2025-11-06,617.3344116210938,634.3501538797125,616.3968476378337,634.2005186436334,23628800
2025-11-07,620.0972290039062,620.5161224262619,599.640424749484,614.8907386759073,29946800
2025-11-10,630.1212158203125,633.3528014765299,616.5065997528014,629.4529708548182,19245000
2025-11-11,625.4533081054688,627.9268552540688,617.7832543081277,626.3709044869131,13302200
2025-11-12,607.43017578125,627.3583261459861,606.1934022078184,626.5005716840028,24493300
2025-11-13,608.3079223632812,616.0478021853295,601.4357808374693,611.4796659420805,20973800
2025-11-14,607.8790283203125,612.088052043071,593.6560102918138,600.2288811530552,20724100
2025-11-17,600.4483642578125,610.1032465254069,593.855525554584,607.4600964135232,16501300
2025-11-18,596.1395874023438,602.0940719298206,582.2656968950795,590.065358149623,25500600
2025-11-19,588.7886352539062,593.7856483585136,579.7421567881397,592.1797786556917,24744700
2025-11-20,587.6217041015625,605.1460720070379,581.8367012414765,601.9344542639864,20603000
2025-11-21,592.70849609375,596.5684523172222,580.3506215479276,586.9734117815261,21052600
2025-11-24,611.4596557617188,615.1002115339802,596.0796743085915,597.1668126146857,23554900
2025-11-25,634.569580078125,635.3974440566444,616.696082618217,622.3813086708644,25213000
2025-11-26,631.9663696289062,636.7040478933542,629.9915253276793,636.0358029520913,15209500
2025-11-28,646.2691650390625,646.3688812783262,633.8514494094911,634.4299618769652,11033200
2025-12-01,639.20751953125,643.6459879981971,636.1056017671217,637.8909364271796,13029900
2025-12-02,645.42138671875,646.1894088056151,636.414842355605,640.6737853801045,11640900
2025-12-03,637.9408569335938,647.1668624868771,635.8961867971512,642.7383773862279,11134300
2025-12-04,659.81396484375,674.3461154685141,658.3377626918029,674.2463992276428,29874600
2025-12-05,671.673095703125,672.9398207362489,660.6717397649775,662.2775487290173,21207900
2025-12-08,665.0702514648438,674.9545781663558,663.344758713728,667.603701448277,13161000
2025-12-09,655.2557983398438,662.7562492699393,651.6451938720459,662.0481300460407,12997100
2025-12-10,648.4434814453125,652.8121240146866,641.730959438269,648.2639556943986,16910900
2025-12-11,651.016845703125,653.5801862453618,639.1377070000864,641.6212380225077,13056700
2025-12-12,642.5587768554688,709.1555875928369,636.9533606253732,648.1143349664432,14016900
2025-12-15,646.3570556640625,651.8372704406642,637.5627451568915,644.5502809809109,15549100
2025-12-16,655.9798583984375,661.3602142938313,642.054686531657,642.3541401459643,14309100
2025-12-17,648.343505859375,660.0526000253047,648.0440522221027,654.4426118233187,15598500
2025-12-18,663.2669067382812,669.366012780715,655.2911433094866,655.8601356908653,20260300
2025-12-19,657.5969848632812,669.8051880946751,657.0080086354003,665.2333263832898,49977100
2025-12-22,660.3220825195312,672.380589007267,655.4807431709672,660.4718397886508,15659400
2025-12-23,663.7559814453125,664.8140915262984,657.0778915122911,658.8746741689592,8486800
2025-12-24,666.3613891601562,666.9902722948509,661.0209394131572,661.3503688947783,5627500
2025-12-26,662.10888671875,667.7588423243637,660.1424238558649,666.8704124858896,7133800
2025-12-29,657.5171508789062,659.0743707339258,653.2248195668056,656.8383689858442,8506500
2025-12-30,664.7642211914062,671.0230153954109,656.6686764849229,657.5171386037911,9187500
2025-12-31,658.9146728515625,663.8159033150052,658.2658058687088,663.5663484641349,7940400
2026-01-02,649.2518920898438,663.2070415689074,642.3542224297569,661.5499631466852,13726500
2026-01-05,657.616943359375,663.3567049684374,646.5966230035071,649.8508280292294,12213700
2026-01-06,659.4437255859375,664.3350252422523,650.7392812609531,658.3956073528642,11074400
2026-01-07,647.5349731445312,657.9763704555172,643.6618768302103,654.4726104611178,12846300
2026-01-08,644.9096069335938,645.9477331499952,634.5879917891143,644.7299347572825,11921700
2026-01-09,651.8970947265625,653.7837438291153,641.7052537227476,644.2906685217797,11634900
2026-01-12,640.826904296875,652.8055375702352,640.0882316599212,651.3681600668523,14797200
2026-01-13,629.96630859375,641.1263941859123,622.9887038024194,641.1263941859123,18030400
2026-01-14,614.4240112304688,627.3309804807691,613.7252454803604,625.3844405077801,15527900
2026-01-15,619.694580078125,623.0585745209008,613.1362714280776,617.378703801015,13076100
2026-01-16,619.1455688476562,627.9598630097294,618.9758886129073,623.0685636897582,17012500
2026-01-20,603.0443115234375,610.3113781504126,598.9316523845154,606.7976262932837,15169600
2026-01-21,611.8685913085938,617.169133937088,599.0115204374271,605.659634898437,14494700
2026-01-22,646.476806640625,659.3937675491238,625.4343255489129,628.2293275614567,21394700
2026-01-23,657.5870361328125,665.3032527677875,643.3025186421843,643.6219561683764,22797700
2026-01-26,671.1627807617188,674.0776252750454,660.1124846991261,663.9456740004919,16327400
2026-01-27,671.7716674804688,675.6148486525956,663.4764668627315,673.3888389297905,13297400
2026-01-28,667.5392456054688,676.4733214975852,664.9139236867763,673.2989910894674,25709600
2026-01-29,736.995361328125,742.6752321400184,711.2812198864386,736.1169233837337,59852900
2026-01-30,715.2241821289062,730.8662626744616,712.3193905555435,726.2045952530067,23744600
2026-02-02,705.152099609375,720.0156002559207,702.2672920108814,713.3275184694113,14365200
2026-02-03,690.4683227539062,715.7232596178901,685.1877035052055,706.1104025957663,13760700
2026-02-04,667.7987670898438,687.603466213174,666.2715231343633,686.5053883494637,16882800
2026-02-05,669.0166015625,680.2864759062725,652.3363345630947,662.3984025060512,17131800
2026-02-06,660.2822265625,670.7934451675868,645.3488423980709,664.3050190645899,18159300
2026-02-09,676.0140991210938,682.0932819515241,657.6069922476072,661.9991209626965,14837500
2026-02-10,669.5256958007812,679.4380681924739,668.597359057372,676.3934502400131,10455800
2026-02-11,667.4993286132812,678.0605068549233,655.9299390360635,672.7998711552045,14323800
2026-02-12,648.6529541015625,674.7963229561075,644.1310518439949,668.7770306530766,14960100
2026-02-13,638.630859375,650.2700710327099,633.4401061931457,643.9513250294082,12336400
2026-02-17,638.151611328125,641.4557148619026,627.6803003409905,638.3612593202278,12674700
2026-02-18,642.0746459960938,643.8515057528024,627.0315334227189,632.67143641335,14649200
2026-02-19,643.6318969726562,646.0375787806976,635.5861905818066,637.432932921519,10035700
2026-02-20,654.4924926757812,662.1688021543367,637.6426055733327,638.5509584025834,14183500
2026-02-23,636.1152954101562,656.5288937722072,634.8675211939732,651.3780476889771,8605900
2026-02-24,638.16162109375,639.9683956881865,627.8599900449855,631.9527259539814,10135600
2026-02-25,652.5260620117188,652.7157261405878,640.9966397738364,641.3859599741169,11330700
2026-02-26,655.8401489257812,659.823034651462,646.3470725216666,649.3916295582877,10637700
2026-02-27,647.02587890625,648.2836451675449,636.983793627941,642.3043203814821,15703000
2026-03-02,652.396240234375,658.764884603327,633.3701817354564,636.0254184162494,9816100
2026-03-03,653.91357421875,657.866484005116,637.7025010942567,647.1356255764312,12263800
2026-03-04,666.541015625,671.5720803574089,656.4989309709863,656.788453587829,10810100
2026-03-05,659.393798828125,669.5057662619517,649.1520579976961,660.751362594833,13341400
2026-03-06,643.7117309570312,648.3135076492586,634.9773114336934,646.7463568472266,13159400
2026-03-09,646.2373046875,646.596649067328,625.6640164348609,633.6497720389343,13489700
2026-03-10,652.9053344726562,659.1242214972237,647.8443550809549,652.3962328583322,9859300
2026-03-11,653.6939086914062,657.9463328691638,647.2054829186618,653.5941111270305,8977200
2026-03-12,637.0436401367188,652.336368433984,635.7659510050273,647.5948263527883,11617500
2026-03-13,612.6171875,628.0496188589474,608.4645611002024,622.7790526456299,18957600
2026-03-16,626.8690185546875,634.1622468505053,622.5230098937741,631.4147932406764,15134900
2026-03-17,622.0834350585938,635.9605885584036,621.1243629754691,627.4085169382369,10348800
2026-03-18,615.1099243164062,622.0735023862151,614.04090772979,615.769347359454,11726300
2026-03-19,606.1382446289062,612.4323990135786,601.7023533616688,611.5832104537112,13247700
2026-03-20,593.1102905273438,603.400802317344,586.7062525156723,602.9712077810872,21214900
2026-03-23,603.5006713867188,608.0764476338709,598.4553596033379,605.2290499891692,13638000
2026-03-24,592.3709716796875,600.443507118967,590.4527665679026,598.5452420228083,10739700
2026-03-25,594.3391723632812,603.1110107561809,592.850561795072,598.1855830392399,12585000
2026-03-26,547.032958984375,582.460145169462,542.8468364624507,581.9506076701073,35780100
2026-03-27,525.233154296875,543.0966023049141,519.7782492802263,539.599843303006,30133000
2026-03-30,535.8833618164062,539.0504095872608,528.0505941707193,535.8833618164062,22795200
2026-03-31,571.6002197265625,573.1587727471259,546.2637174010383,549.4707059552647,32898300
2026-04-01,578.6936645507812,592.0013387220274,573.2887005646345,579.5928556215499,23608100
2026-04-02,573.9281005859375,577.9643377947169,559.1817578546791,565.5158531822124,13518500
2026-04-06,572.4894409179688,582.2503530791108,571.4703658572956,577.1550997330287,9515700
2026-04-07,574.5175170898438,574.6973431004155,564.2370671243236,571.9498894780604,9580800
2026-04-08,611.8529052734375,629.3667024291958,591.2820049792073,605.4388670235439,32036600
2026-04-09,627.8081665039062,636.9097166035551,622.4231426572783,626.3894374266143,19012900
2026-04-10,629.2767333984375,637.9886903650855,623.7518859014353,633.882449891805,13294800
2026-04-13,633.9425048828125,634.4120404303904,623.8218795800174,628.9171329935918,9538900
2026-04-14,661.8765258789062,665.6430543798978,638.7779398291946,642.624350345733,17818000
2026-04-15,670.9581909179688,677.8717665104965,663.6049593103575,666.3824145357423,14952600
2026-04-16,676.2432250976562,676.9525896021297,667.131674939706,675.3640350842893,9544800
2026-04-17,687.9124145507812,690.8796961433965,674.5048580761284,677.9716157075654,16283500
2026-04-20,670.2887573242188,682.7472426832454,667.381478611767,680.7290935491282,12534000
2026-04-21,668.220703125,675.5738733736962,666.7120915784461,670.3786762058809,8660100
2026-04-22,674.09521484375,677.7518600207422,669.1298460769134,673.7355628200382,9215600
2026-04-23,658.5396728515625,668.9400066983026,652.4452846667049,663.0854475032797,11667000
2026-04-24,674.4049682617188,680.0396994180859,653.2345872360809,659.7085674039201,13348300
2026-04-27,677.9916381835938,681.8680504402118,670.2188736545023,670.3786986745525,12805200
2026-04-28,670.7183837890625,677.5520159823654,665.0136491453696,673.6156618787633,10606800
2026-04-29,668.5004272460938,673.6256820299297,663.1953464496755,668.290599742094,18947500
2026-04-30,611.3433837890625,620.2751083620838,599.4444385151393,618.7465567527638,52765000
2026-05-01,608.1863403320312,618.3069655430758,605.548770151405,614.120842749119,21404000
2026-05-04,609.8447875976562,613.4314904063681,602.1919069095087,607.3771038685389,16203900
2026-05-05,604.3998413085938,613.7811000159977,599.8040642277598,612.7420849871345,17171300
2026-05-06,612.3125,619.3759607512419,597.5461564796674,600.4934370812971,19915500
2026-05-07,616.2388305664062,624.4012480600104,612.9718390781961,614.150739078972,12307400
2026-05-08,609.0654907226562,616.1988937552933,605.4987892063378,614.6303402495529,13557000
2026-05-11,598.3054809570312,604.3498668649182,597.5262348938886,604.010215830275,15940600
2026-05-12,602.441650390625,603.1909559259367,592.0512559095129,594.2692320029287,11351600
2026-05-13,616.0590209960938,619.3260125714435,596.1074810052941,598.275515544453,14634400
2026-05-14,617.8573608398438,623.152441138389,614.4305441468357,615.429618202359,10651200
2026-05-15,613.6612548828125,620.6248329546977,608.7458274653094,613.421486859321,13272600
2026-05-18,610.64404296875,615.0199919776213,603.1309869574205,608.5459509764945,13772400
2026-05-19,602.052001953125,613.361527578881,599.9939118379299,608.3561568042173,11749900
2026-05-20,604.499755859375,607.4370360716302,597.2564688338498,600.2037495434126,11329700
2026-05-21,606.8175659179688,609.0354809096541,594.2591985256718,599.4443949814065,13476100
2026-05-22,609.6949462890625,614.2407210713809,606.3880135859368,607.3171451453314,11688600
2026-05-26,611.7730102539062,613.9009818092591,604.7394901495815,608.3261927003538,12234200
2026-05-27,634.6718139648438,637.908804248614,608.4361186960156,608.8357727220844,23143600
2026-05-28,634.7017211914062,642.4046039468743,628.7272779804616,638.9078448274123,16772400
2026-05-29,631.92431640625,633.9124639439917,622.7727642602187,632.9133899267435,19806500
2026-06-01,599.9139404296875,635.1613007084701,598.974869401479,629.8162791560948,29138800
2026-06-02,597.0765991210938,608.3161816139932,596.1274666259658,602.68138962268,18252000
2026-06-03,622.4031372070312,623.5720977596394,599.7142043737263,602.4416570391962,23020100
2026-06-04,626.9888916015625,641.8051764288737,621.8536364911718,623.0924785224576,21469200
2026-06-05,592.450927734375,628.567480013855,582.3702434655938,622.8827460758752,30091600
2026-06-08,584.8479614257812,591.4518261333767,578.6836307521693,591.4518261333767,19512400
2026-06-09,584.0487060546875,597.0766092757164,580.4720040020986,590.4527436689563,16977400
2026-06-10,570.4512939453125,590.7724873942649,570.0716409197756,580.192266144374,17064000
2026-06-11,567.9036254882812,571.6401524850257,556.4942175026772,565.3060574843756,17628000
2026-06-12,566.4549560546875,575.5365655300229,560.3806300495169,572.4194595335534,14326400
2026-06-15,593.47998046875,601.27001953125,579.2999877929688,579.9000244140625,17653300
2026-06-16,600.2100219726562,605.8099975585938,592.0,593.6500244140625,11344400
2026-06-17,567.5800170898438,593.8099975585938,566.1900024414062,592.0,20478300
2026-06-18,577.219970703125,580.219970703125,563.0999755859375,572.8200073242188,28824600
2026-06-22,563.8499755859375,575.8099975585938,559.8099975585938,572.02001953125,15405500
2026-06-23,562.2000122070312,572.2000122070312,561.02001953125,562.25,13103300
2026-06-24,557.6699829101562,569.0399780273438,555.5499877929688,561.8900146484375,13963600
2026-06-25,542.97998046875,556.3400268554688,540.2050170898438,555.552978515625,12192061
