Date,Close,High,Low,Open,Volume
1986-03-13,0.05912533402442932,0.061765302393499935,0.05384661160857498,0.05384661160857498,1031788800
1986-03-14,0.061236824840307236,0.06229317651652654,0.05912533581019218,0.05912533581019218,308160000
1986-03-17,0.06229318305850029,0.06282105537146572,0.06123683127134387,0.06123683127134387,133171200
1986-03-18,0.06070895865559578,0.0628210550581491,0.06018108634526308,0.0622931827478164,67766400
1986-03-19,0.05965324863791466,0.061236866487519956,0.05912537602137956,0.060708993870984856,47894400
1986-03-20,0.05806959047913551,0.05965320722946868,0.05754171822902446,0.05965320722946868,58435200
1986-03-21,0.05648597702383995,0.059125338428359014,0.05543023246203233,0.05806959386655139,59990400
1986-03-24,0.05490235611796379,0.05648597284347633,0.05437448387612628,0.05648597284347633,65289600
1986-03-25,0.055958092212677,0.055958092212676995,0.05437447572457245,0.05490234788727397,32083200
1986-03-26,0.05754176527261734,0.05806963795429367,0.05543027454591204,0.055958147227588365,22752000
1986-03-27,0.05859744921326637,0.058597449213266366,0.057541704956560295,0.057541704956560295,16848000
1986-03-31,0.05806959047913551,0.05859746272924657,0.0570138459789134,0.05859746272924657,12873600
1986-04-01,0.05754176527261734,0.05806963795429367,0.05754176527261735,0.05806963795429367,11088000
1986-04-02,0.05806959047913551,0.059125334979357624,0.05754171822902446,0.05754171822902446,27014400
1986-04-03,0.05859744921326637,0.06018106559832548,0.058597449213266366,0.058597449213266366,23040000
1986-04-04,0.05859744921326637,0.05912532134161941,0.058597449213266366,0.058597449213266366,26582400
1986-04-07,0.05754176527261734,0.05912538331764632,0.05648601990926469,0.05859751063597,16560000
1986-04-08,0.05806959047913551,0.059125334979357624,0.05754171822902446,0.05754171822902446,10252800
1986-04-09,0.05912533402442932,0.05965320626601476,0.05806958954125845,0.05806958954125845,12153600
1986-04-10,0.05965324863791466,0.06018112125444976,0.05806963078830935,0.05912537602137956,13881600
1986-04-11,0.06070895865559578,0.0617653104374837,0.06018108634526308,0.06018108634526308,17222400
1986-04-14,0.061236824840307236,0.061765304258997775,0.06070895258277847,0.06070895258277847,12153600
1986-04-15,0.061236824840307236,0.06123682484030723,0.05912533581019218,0.06123682484030723,9302400
1986-04-16,0.06334894150495529,0.06387681393308403,0.060708972202953564,0.06123684463108231,31910400
1986-04-17,0.06387678533792496,0.06387678533792496,0.06334891314610412,0.06334891314610412,22003200
1986-04-18,0.061765313148498535,0.06387680248250724,0.06123683365374719,0.06387680248250724,21628800
1986-04-21,0.061765313148498535,0.06229318548200071,0.06018108898674285,0.061765313148498535,22924800
1986-04-22,0.06070895865559578,0.0617653104374837,0.06070895865559578,0.0617653104374837,15552000
1986-04-23,0.06097288057208061,0.06123681894094472,0.06018107452759429,0.060708946734269506,15609600
1986-04-24,0.06704406440258026,0.06809980950922698,0.06070898660119799,0.06097292061233167,62352000
1986-04-25,0.07126760482788086,0.07417090421536984,0.0675718922388284,0.0675718922388284,85795200
1986-04-28,0.0717955008149147,0.07232337319377136,0.07073914889590008,0.07126762843605806,28886400
1986-04-29,0.06968337297439575,0.07179546870655243,0.06915550083161402,0.07179546870655243,30326400
1986-04-30,0.06809978932142258,0.07021127890877664,0.06651617213090703,0.06968340651193812,30902400
1986-05-01,0.06704406440258026,0.06809980950922698,0.06598831929593356,0.06809980950922698,54345600
1986-05-02,0.06704406440258026,0.06809980950922698,0.06651619184925692,0.06704406440258026,20246400
1986-05-05,0.06651616841554642,0.06704404078289983,0.06651616841554642,0.06704404078289983,3254400
1986-05-06,0.06704406440258026,0.06809980950922698,0.06704406440258026,0.06704406440258026,9734400
1986-05-07,0.06704406440258026,0.06757193695590362,0.06598831929593356,0.06704406440258026,5155200
1986-05-08,0.06757188588380814,0.06757188588380814,0.06651614157511272,0.06704401372946044,3542400
1986-05-09,0.06704406440258026,0.06757193695590362,0.06704406440258026,0.06757193695590362,6076800
1986-05-12,0.06757188588380814,0.06915550234685125,0.06704401372946044,0.06704401372946044,10483200
1986-05-13,0.06809978932142258,0.06862766171826108,0.06757191692458406,0.06757191692458406,3830400
1986-05-14,0.06757188588380814,0.06809975803815585,0.06757188588380814,0.06809975803815585,9302400
1986-05-15,0.06757188588380814,0.06862763019250355,0.06757188588380814,0.06757188588380814,3801600
1986-05-16,0.06809978932142258,0.06968340651193812,0.06757191692458406,0.06757191692458406,11952000
1986-05-19,0.06704406440258026,0.06809980950922698,0.06651619184925692,0.06809980950922698,11001600
1986-05-20,0.06651616841554642,0.06704404078289983,0.06598829604819301,0.06704404078289983,61977600
1986-05-21,0.06546042859554291,0.06704404581649953,0.06546042859554291,0.06651617340951399,8092800
1986-05-22,0.06546042859554291,0.06598830100252845,0.06546042859554291,0.06546042859554291,4406400
1986-05-23,0.06546042859554291,0.06651617340951399,0.06546042859554291,0.06546042859554291,4089600
1986-05-27,0.06757188588380814,0.06757188588380814,0.06546039726641731,0.06546039726641731,13881600
1986-05-28,0.06968337297439575,0.06968337297439575,0.06757188440326886,0.06757188440326886,15523200
1986-05-29,0.07126760482788086,0.07232334923586721,0.06915550885080793,0.06968338105480111,45676800
1986-05-30,0.07390699535608292,0.07496274018558781,0.07179550569707314,0.07179550569707314,27072000
1986-06-02,0.0717955008149147,0.0739069903303413,0.0717955008149147,0.0739069903303413,19728000
1986-06-03,0.0717955008149147,0.0717955008149147,0.07073914889590008,0.0717955008149147,5011200
1986-06-04,0.07126760482788086,0.07232334923586721,0.07073912546278747,0.07179547703187404,4723200
1986-06-05,0.07232337445020676,0.07232337445020676,0.0707391501248136,0.07126762967415258,13708800
1986-06-06,0.07232337445020676,0.07232337445020676,0.07126762967415258,0.07232337445020676,3427200
1986-06-09,0.06915554404258728,0.0723233860396937,0.06915554404258728,0.0723233860396937,12672000
1986-06-10,0.06915554404258728,0.06915554404258728,0.06809979909735488,0.06915554404258728,3427200
1986-06-11,0.06915554404258728,0.06915554404258728,0.06809979909735488,0.06915554404258728,2304000
1986-06-12,0.06651616841554642,0.06915553025231347,0.06598829604819301,0.06915553025231347,13708800
1986-06-13,0.06651616841554642,0.06704404078289983,0.06598829604819301,0.06651616841554642,7891200
1986-06-16,0.06598829478025436,0.06704403949467547,0.06546042242304381,0.06651616713746492,9590400
1986-06-17,0.06704406440258026,0.06809980950922698,0.06651619184925692,0.06651619184925692,13075200
1986-06-18,0.06651616841554642,0.06704404078289983,0.0654604236808396,0.06704404078289983,4348800
1986-06-19,0.06598829478025436,0.06704403949467547,0.06546042242304381,0.06651616713746492,8467200
1986-06-20,0.0662522092461586,0.06651614306371288,0.06598827089755165,0.06598827089755165,3801600
1986-06-23,0.06704406440258026,0.06704406440258026,0.06493257418928684,0.06625225783812322,46195200
1986-06-24,0.06651616841554642,0.06757191315025324,0.06598829604819301,0.06704404078289983,14572800
1986-06-25,0.06546042859554291,0.06704404581649953,0.06546042859554291,0.06651617340951399,15235200
1986-06-26,0.06334894150495529,0.065988303645599,0.06334894150495529,0.06546043121747026,19152000
1986-06-27,0.06282103806734085,0.06387678240246578,0.06229316589977839,0.06334891023490331,10396800
1986-06-30,0.06493251770734787,0.06651613398979984,0.062293157236594586,0.06282102933074525,62352000
1986-07-01,0.06493251770734787,0.06493251770734787,0.06440464561319721,0.06493251770734787,47577600
1986-07-02,0.06493251770734787,0.06493251770734787,0.06440464561319721,0.06493251770734787,52617600
1986-07-03,0.06598829478025436,0.06651616713746492,0.06546042242304381,0.06546042242304381,14140800
1986-07-07,0.06334894150495529,0.065988303645599,0.06334894150495529,0.065988303645599,14054400
1986-07-08,0.061765313148498535,0.06334893014900506,0.06123683365374719,0.06334893014900506,14256000
1986-07-09,0.05912533402442932,0.061765302393499935,0.05859746178284389,0.061765302393499935,46137600
1986-07-10,0.05754176527261734,0.05965325599932265,0.054902401864235714,0.05912538331764632,46886400
1986-07-11,0.05912533402442932,0.06018107850760019,0.05754171729967302,0.05754171729967302,17395200
1986-07-14,0.05833355337381363,0.05965323692148192,0.05754174687005717,0.05754174687005717,28598400
1986-07-15,0.05912533402442932,0.06018107850760019,0.05754171729967302,0.05833352339652451,13190400
1986-07-16,0.061236824840307236,0.06123682484030723,0.05965320806772094,0.05965320806772094,9360000
1986-07-17,0.06229318305850029,0.06229318305850028,0.06070895895837843,0.06123683127134387,6940800
1986-07-18,0.06282103806734085,0.06334891023490331,0.06070894223603271,0.06229316589977839,12326400
1986-07-21,0.06282103806734085,0.06387678240246578,0.06282103806734085,0.06282103806734085,3513600
1986-07-22,0.06493251770734787,0.06493251770734787,0.06282102933074525,0.06282102933074525,10512000
1986-07-23,0.06334894150495529,0.065988303645599,0.06334894150495529,0.06493255878934152,20793600
1986-07-24,0.06546042859554291,0.06651617340951399,0.06440468378157183,0.06440468378157183,14140800
1986-07-25,0.06598829478025436,0.06651616713746492,0.06546042242304381,0.06546042242304381,20448000
1986-07-28,0.0644046813249588,0.0659882984855109,0.0644046813249588,0.0659882984855109,11808000
1986-07-29,0.06282103806734085,0.06493252673759069,0.06176529373221593,0.06440465457002822,14054400
1986-07-30,0.06070895865559578,0.0628210550581491,0.05859746941426497,0.0628210550581491,26409600
1986-07-31,0.06018107011914253,0.061236814455156385,0.06018107011914253,0.06070894228714946,15638400
1986-08-01,0.05965324863791466,0.060708993870984856,0.05912537602137956,0.06018112125444976,12902400
1986-08-04,0.05965324863791466,0.05965324863791466,0.05806963078830935,0.05965324863791466,12441600
1986-08-05,0.05912533402442932,0.06018107850760019,0.05912533402442932,0.05965320626601476,2822400
1986-08-06,0.05859744921326637,0.05965319346997244,0.057541704956560295,0.05912532134161941,18316800
1986-08-07,0.05806959047913551,0.059125334979357624,0.05754171822902446,0.05859746272924657,3657600
1986-08-08,0.05859744921326637,0.05965319346997244,0.05806957708491333,0.05806957708491333,4147200
1986-08-11,0.06070895865559578,0.06123683096592848,0.059653214034930374,0.059653214034930374,7948800
1986-08-12,0.06229318305850029,0.06229318305850028,0.06070895895837843,0.06070895895837843,9993600
1986-08-13,0.06282103806734085,0.06282103806734085,0.06176529373221593,0.06229316589977839,6883200
1986-08-14,0.0644046813249588,0.0649325537118095,0.0628210641644067,0.0628210641644067,20131200
1986-08-15,0.06466859579086304,0.06493252962083758,0.06387678523883367,0.06440465742983563,6105600
1986-08-18,0.06387678533792496,0.06493252972156664,0.06387678533792496,0.06466859589118265,12787200
1986-08-19,0.06387678533792496,0.06414072369936182,0.06282104095428329,0.06387678533792496,20390400
1986-08-20,0.06334894150495529,0.06387681393308403,0.06334894150495529,0.06387681393308403,20764800
1986-08-21,0.06334894150495529,0.06440468636121278,0.06334894150495529,0.06334894150495529,49536000
1986-08-22,0.06229318305850029,0.0638767999973966,0.06123683127134387,0.06334892768443115,5760000
1986-08-25,0.06229318305850029,0.06229318305850028,0.06123683127134387,0.06229318305850028,2419200
1986-08-26,0.061765313148498535,0.06229318548200071,0.061765313148498535,0.06229318548200071,10857600
1986-08-27,0.061765313148498535,0.06229318548200071,0.06123683365374719,0.061765313148498535,9532800
1986-08-28,0.061765313148498535,0.06229318548200071,0.061765313148498535,0.061765313148498535,3427200
1986-08-29,0.06018107011914253,0.06229316595222906,0.05912532578312868,0.06176529378422213,25430400
1986-09-02,0.05859744921326637,0.06018106559832548,0.057805638755210643,0.06018106559832548,5212800
1986-09-03,0.0570138543844223,0.05806959904029203,0.0554302374006177,0.05806959904029203,18316800
1986-09-04,0.061765313148498535,0.061765313148498535,0.05806959965273415,0.05806959965273415,39427200
1986-09-05,0.0644046813249588,0.0644046813249588,0.061236839842544084,0.061765319390705314,26352000
1986-09-08,0.06387678533792496,0.06493252972156664,0.06387678533792496,0.06440465752974579,9619200
1986-09-09,0.06493251770734787,0.06651613398979984,0.06387677351904655,0.06387677351904655,37526400
1986-09-10,0.06387678533792496,0.06546040191338748,0.06387678533792496,0.06493252972156664,10886400
1986-09-11,0.061236824840307236,0.06440466554664159,0.06123682484030723,0.06387679328911283,35654400
1986-09-12,0.05965324863791466,0.061765346265629774,0.05965324863791466,0.061236866487519956,24451200
1986-09-15,0.06070895865559578,0.06070895865559578,0.05859746941426497,0.059653214034930374,22492800
1986-09-16,0.06070895865559578,0.06123683096592848,0.059653214034930374,0.06070895865559578,5184000
1986-09-17,0.06229318305850029,0.06334892768443115,0.060181086645412996,0.06070895895837843,8035200
1986-09-18,0.06282103806734085,0.06387678240246578,0.06229316589977839,0.06229316589977839,5356800
1986-09-19,0.06282103806734085,0.06334891023490331,0.06229316589977839,0.06282103806734085,2505600
1986-09-22,0.06229318305850029,0.06282105537146572,0.06229318305850028,0.06282105537146572,4492800
1986-09-23,0.06334894150495529,0.06387681393308403,0.062293196648697806,0.062293196648697806,5961600
1986-09-24,0.06255712360143661,0.06334892983220307,0.0622931851704784,0.06334892983220307,4780800
1986-09-25,0.061236824840307236,0.0628210487740553,0.06123682484030723,0.06255711491081764,5155200
1986-09-26,0.061236824840307236,0.061765304258997775,0.06070895258277847,0.06123682484030723,2332800
1986-09-29,0.05965324863791466,0.061236866487519956,0.05965324863791466,0.061236866487519956,6192000
1986-09-30,0.05965324863791466,0.060708993870984856,0.05965324863791466,0.05965324863791466,5184000
1986-10-01,0.05912533402442932,0.06070895074918563,0.05806958954125845,0.05965320626601476,32428800
1986-10-02,0.05912533402442932,0.06018107850760019,0.05859746178284389,0.05912533402442932,22723200
1986-10-03,0.05965324863791466,0.06018112125444976,0.05912537602137956,0.05912537602137956,14716800
1986-10-06,0.0644046813249588,0.0654604260986602,0.061236839842544084,0.061236839842544084,85334400
1986-10-07,0.06572435796260834,0.0670440365317868,0.06440467486237579,0.06440467486237579,59788800
1986-10-08,0.06757188588380814,0.06836369184980341,0.06493252511206961,0.06572433560911745,119606400
1986-10-09,0.06968337297439575,0.07126759656377071,0.06757188440326886,0.06757188440326886,92563200
1986-10-10,0.07285122573375702,0.0744348424390759,0.06862764069177064,0.06968338516198323,76752000
1986-10-13,0.06968337297439575,0.07285121299211587,0.06968337297439575,0.07285121299211587,27129600
1986-10-14,0.07073913514614105,0.07126761458357704,0.07021126286988838,0.07021126286988838,12873600
1986-10-15,0.07390699535608292,0.07443486777083536,0.07073915370622565,0.07073915370622565,63532800
1986-10-16,0.07390699535608292,0.07443486777083536,0.07337912294133048,0.07390699535608292,21859200
1986-10-17,0.07601847499608994,0.07654634281021622,0.07390698561536801,0.07390698561536801,124444800
1986-10-20,0.0765463188290596,0.07760206318866696,0.07443483464089766,0.0760184511803087,43545600
1986-10-21,0.07971356809139252,0.07971356809139252,0.0770742111875826,0.0770742111875826,112377600
1986-10-22,0.07971356809139252,0.08050537878737844,0.0791857003354735,0.07971356809139252,54576000
1986-10-23,0.07971356809139252,0.08024144490941894,0.07892176645751398,0.07971356809139252,70444800
1986-10-24,0.07918570935726166,0.07971357717332173,0.07707421996880451,0.07971357717332173,101376000
1986-10-27,0.08182567358016968,0.08182567358016968,0.07971356820594065,0.07971356820594065,125654400
1986-10-28,0.08367323130369186,0.08499291900118343,0.08182568483899925,0.08182568483899925,142646400
1986-10-29,0.08129782229661942,0.08393718909534124,0.08024147022816551,0.08367324607199189,53222400
1986-10-30,0.08288142085075378,0.08393716546054682,0.0807699316311677,0.08129779940501036,44380800
1986-10-31,0.08182567358016968,0.08393716273109476,0.0812977967613847,0.08288141815563221,63734400
1986-11-03,0.08340930938720703,0.08393718635455885,0.08235356451461336,0.08235356451461336,42192000
1986-11-04,0.08657652884721756,0.08657652884721756,0.0834092947839541,0.0834092947839541,54403200
1986-11-05,0.09185587614774704,0.09238375311865282,0.08604866761696219,0.08657654458786795,45100800
1986-11-06,0.09396733343601227,0.09607882246577397,0.0913279766798636,0.09185584440625058,72576000
1986-11-07,0.09343945980072021,0.09449520424883812,0.0918558385974902,0.09396732749372601,44323200
1986-11-10,0.08974376320838928,0.09343948132011334,0.08921588633170553,0.09343948132011334,28684800
1986-11-11,0.09027223289012909,0.09132797741349061,0.09027223289012909,0.09027223289012909,11894400
1986-11-12,0.09027223289012909,0.09238372193685213,0.08921587214349404,0.09027223289012909,34156800
1986-11-13,0.0889519602060318,0.09080012300420469,0.0886880262756549,0.0902722551434509,30211200
1986-11-14,0.08974376320838928,0.08974376320838927,0.0871043969491874,0.08895195242441786,18720000
1986-11-17,0.09027223289012909,0.09132797741349061,0.08868800441286677,0.08974374893622829,24307200
1986-11-18,0.08552079647779465,0.09080012783825787,0.08552079647779465,0.09027225994940125,59673600
1986-11-19,0.08868804574012756,0.08921591371673317,0.08552081069416034,0.08552081069416034,48729600
1986-11-20,0.09555096924304962,0.09555096924304962,0.08868802557360564,0.08868802557360564,98179200
1986-11-21,0.09871816635131836,0.09977452695174238,0.09607880993928175,0.09607880993928175,91065600
1986-11-24,0.10663692653179169,0.10716479451437846,0.09555099205278855,0.09871822713464316,173836800
1986-11-25,0.1076926440000534,0.10822051184755649,0.10610902233332624,0.10663689924293829,95788800
1986-11-26,0.10663692653179169,0.10822053954166334,0.10663692653179169,0.10769267155907655,38793600
1986-11-28,0.10505326837301254,0.10716475770226563,0.10399753277049419,0.10663688990100645,41328000
1986-12-01,0.10294181108474731,0.10558116880442235,0.10241393410354618,0.10505329182322122,40291200
1986-12-02,0.10346966236829758,0.10558115182940277,0.10346966236829756,0.10346966236829756,28771200
1986-12-03,0.10267779976129532,0.10452535437333121,0.10241386597731995,0.10346961017532558,35164800
1986-12-04,0.10399755835533142,0.10505329421757541,0.10188606850662264,0.10267787040330563,42508800
1986-12-05,0.10346966236829758,0.10452540709885016,0.10346966236829756,0.10399753926462824,107510400
1986-12-08,0.10241390764713287,0.10452539690225951,0.10083029523684182,0.10346965227469619,22665600
1986-12-09,0.10188604891300201,0.10294179363432703,0.10135817202128518,0.10241391674261019,16099200
1986-12-10,0.10267779976129532,0.10294174260737485,0.1008302542113636,0.10188599840936922,27590400
1986-12-11,0.10346966236829758,0.10399753926462824,0.10241391763774498,0.10267785155485594,11635200
1986-12-12,0.09977453202009201,0.10346963299706827,0.09977453202009202,0.10346963299706827,25286400
1986-12-15,0.09713459759950638,0.1003024393038804,0.09555097579694104,0.09977457141109844,50774400
1986-12-16,0.09819035232067108,0.09977458144389101,0.09766247531269892,0.09766247531269892,77299200
1986-12-17,0.0992460697889328,0.09977455381195878,0.09819032512748097,0.09819032512748097,23356800
1986-12-18,0.10003850609064102,0.10030244003896628,0.09871821106343753,0.09924608802219788,12672000
1986-12-19,0.10241390764713287,0.10346965227469619,0.10030241839200624,0.10030241839200624,56592000
1986-12-22,0.10346966236829758,0.10452540709885016,0.10241391763774498,0.10241391763774498,18316800
1986-12-23,0.1045253798365593,0.1045253798365593,0.10346963538136578,0.10346963538136578,23788800
1986-12-24,0.10426145792007446,0.10452539179855111,0.10399752404159782,0.10452539179855111,7027200
1986-12-26,0.10399755835533142,0.10505329421757541,0.10399755835533142,0.10426149232089242,3715200
1986-12-29,0.09977453202009201,0.10505324511231347,0.09977453202009202,0.10399750974355411,41702400
1986-12-30,0.10083028674125671,0.10135815447950826,0.09871818144075388,0.0997745422026465,25401600
1986-12-31,0.10188604891300201,0.1034696614639352,0.100830304191677,0.100830304191677,23356800
1987-01-02,0.10083028674125671,0.10294177581847712,0.10030240994089805,0.10188603127986691,12643200
1987-01-05,0.10663692653179169,0.10769267155907655,0.10030245636808248,0.10083033341278055,48499200
1987-01-06,0.10822049528360367,0.10874837211242024,0.10610900609255257,0.10663688292136914,40032000
1987-01-07,0.1140277087688446,0.1140277087688446,0.10822050146926424,0.10822050146926424,60998400
1987-01-08,0.11772281676530838,0.11877917770045028,0.11455558263003311,0.11455558263003311,61488000
1987-01-09,0.12247425317764282,0.12300212995043225,0.11719492359913819,0.11772279130982098,63705600
1987-01-12,0.13039301335811615,0.13144875836675438,0.12141856909218997,0.12247431410082821,128793600
1987-01-13,0.12669721245765686,0.12933718496984606,0.124585723801591,0.12933718496984606,76320000
1987-01-14,0.12669721245765686,0.1272250800906207,0.12405784710652189,0.12669721245765686,69465600
1987-01-15,0.1335601508617401,0.1367273837899184,0.12669721022069627,0.12669721022069627,117014400
1987-01-16,0.13039301335811615,0.1335602393219197,0.12775303914401936,0.1335602393219197,65433600
1987-01-19,0.13514377176761627,0.13514377176761627,0.12775295444570528,0.13039292690953946,88243200
1987-01-20,0.1372552365064621,0.14042307604247659,0.13461587166284614,0.13514374825641076,95760000
1987-01-21,0.1430625319480896,0.1467576435028012,0.13461596587551194,0.13725533256632164,108489600
1987-01-22,0.15731629729270935,0.15784416516282967,0.13883955345998497,0.14306252360727562,116035200
1987-01-23,0.14253459870815277,0.16365070062911968,0.14253459870815277,0.15731623434948006,317894400
1987-01-26,0.145174041390419,0.1467576634323815,0.1388395804089024,0.14359042841056763,116553600
1987-01-27,0.15098118782043457,0.15309266789457,0.145173981003521,0.145173981003521,114105600
1987-01-28,0.15150906145572662,0.15362055054765417,0.14675759930665655,0.15098118465169116,76723200
1987-01-29,0.145174041390419,0.15309273157534295,0.14200681543071628,0.1515091276576027,79228800
1987-01-30,0.15441234409809113,0.15467626887767846,0.14306247299888505,0.14517396185664527,104169600
1987-02-02,0.15414847433567047,0.15731631628652143,0.15414847433567047,0.15441241736470754,46915200
1987-02-03,0.15150906145572662,0.15573203963958168,0.14886969555976365,0.15414841828958245,59328000
1987-02-04,0.15203694999217987,0.15256481780630615,0.14992546061145795,0.1515090821780536,31737600
1987-02-05,0.15098118782043457,0.15309266789457,0.14939757549930616,0.15203693238855595,42652800
1987-02-06,0.14543794095516205,0.1517730162661467,0.1446461301709198,0.1509812054819044,45619200
1987-02-09,0.14411824941635132,0.14517399407956524,0.143326447715522,0.14517399407956524,136080000
1987-02-10,0.14464610815048218,0.14464610815048218,0.14095100682339542,0.14411823135398005,44668800
1987-02-11,0.15150906145572662,0.15150906145572662,0.14517397795665735,0.14517397795665735,60307200
1987-02-12,0.16206713020801544,0.16285894100610324,0.15150908500804142,0.15150908500804142,185731200
1987-02-13,0.16048353910446167,0.16417863228136126,0.15678842780334357,0.16206714269846786,81763200
1987-02-17,0.161539226770401,0.16206709447801118,0.15678838115348312,0.16048349135518064,70732800
1987-02-18,0.15150906145572662,0.1641785941063642,0.15098118465169116,0.16153923727250838,128592000
1987-02-19,0.145174041390419,0.15098125062291148,0.14359042841056763,0.15098125062291148,317750400
1987-02-20,0.14359039068222046,0.14517400324597793,0.1414789012224713,0.14517400324597793,87897600
1987-02-23,0.15256480872631073,0.15467629798136598,0.14042314287957056,0.14359037676215342,125913600
1987-02-24,0.15995563566684723,0.16048352159815016,0.1525648157716256,0.1525648157716256,120816000
1987-02-25,0.15731629729270935,0.16285895523951952,0.15625994532903234,0.15995565476752965,65001600
1987-02-26,0.16312287747859955,0.16787434017691213,0.15414843610827922,0.15731627727353478,145209600
1987-02-27,0.16206713020801544,0.16417861962817717,0.15942777296386756,0.16312288398020486,37555200
1987-03-02,0.15731629729270935,0.16206714437222966,0.15625994532903234,0.16206714437222966,79516800
1987-03-03,0.15731629729270935,0.15889991902728903,0.15520419146457298,0.15731629729270935,81100800
1987-03-04,0.16840212047100067,0.16892998799964526,0.15678832799674694,0.15731619552539153,98179200
1987-03-05,0.17632083594799042,0.18001594556651918,0.16840215098769262,0.16840215098769262,128188800
1987-03-06,0.17579302191734314,0.17737664339725234,0.17156942716372525,0.17632088970257428,63561600
1987-03-09,0.17262515425682068,0.176320862531482,0.1715694007248345,0.17579299482759542,38275200
1987-03-10,0.17790450155735016,0.18001599070825297,0.17209728563800977,0.1726251715188966,74102400
1987-03-11,0.1805438995361328,0.1815996352896419,0.17843240990489567,0.1805438995361328,43862400
1987-03-12,0.18133559823036194,0.1826552761679409,0.17632081119303733,0.18054378784297304,71337600
1987-03-13,0.17473669350147247,0.18265538193536116,0.171041582262056,0.18133570323361634,105120000
1987-03-16,0.17368091642856598,0.17420878421379618,0.16840220232783218,0.17420878421379618,88473600
1987-03-17,0.1794881522655487,0.18054388795131524,0.1731530675548916,0.17368093539777485,54547200
1987-03-18,0.18899041414260864,0.19057401726892648,0.1805438420821462,0.1805438420821462,119347200
1987-03-19,0.19268549978733063,0.19268549978733063,0.18582316543003446,0.18899040782522503,62812800
1987-03-20,0.190574049949646,0.19268553927103976,0.18951831435105723,0.19268553927103976,38246400
1987-03-23,0.18925441801548004,0.19321345467189108,0.1874068712006657,0.1905740969009504,67478400
1987-03-24,0.190574049949646,0.19162980367245103,0.1847668516856216,0.1847668516856216,69609600
1987-03-25,0.18978218734264374,0.19162975132176877,0.1884625091428181,0.1905739978873814,33840000
1987-03-26,0.18846248090267181,0.19004610175484962,0.1879346133266821,0.18978215890475045,33379200
1987-03-27,0.19374124705791473,0.1979648227984325,0.18951826941639255,0.18951826941639255,120873600
1987-03-30,0.2042998969554901,0.2042998969554901,0.18687890512029462,0.19374123897024925,186134400
1987-03-31,0.2042998969554901,0.2090507420728271,0.20165992434758898,0.20165992434758898,125337600
1987-04-01,0.19215764105319977,0.2085228995569271,0.19110188749752047,0.20429992158263674,259430400
1987-04-02,0.20060428977012634,0.20482788596087503,0.19532557387323518,0.19532557387323518,159955200
1987-04-03,0.21063438057899475,0.2116901159705383,0.20060418751503448,0.20060418751503448,155606400
1987-04-06,0.20957860350608826,0.21116222453961342,0.20588351192681045,0.21063435690317525,98956800
1987-04-07,0.1984928399324417,0.20957875714453758,0.1984928399324417,0.20957875714453758,73728000
1987-04-08,0.2042998969554901,0.2064113856881078,0.19849270031076807,0.19849270031076807,106214400
1987-04-09,0.20060428977012634,0.20430001799603031,0.19902068587559218,0.20430001799603031,71568000
1987-04-10,0.2019239217042923,0.20218784653943064,0.20007635723724324,0.20060422503173606,43372800
1987-04-13,0.19532547891139984,0.2016599457825602,0.19426912727173234,0.2016599457825602,50256000
1987-04-14,0.1984928399324417,0.20166006619711843,0.19215775305524896,0.195325595543541,87379200
1987-04-15,0.2027156800031662,0.20482778517100775,0.20007632335347217,0.20007632335347217,95961600
1987-04-16,0.20799511671066284,0.21221807828385958,0.2021878988721509,0.2027157668032729,188092800
1987-04-20,0.20218788087368011,0.21010656973176983,0.20166001298954814,0.207995098195242,100310400
1987-04-21,0.20535559952259064,0.20693922035065115,0.1979647829755718,0.20218775976759432,113184000
1987-04-22,0.20799511671066284,0.20852298464178484,0.20535574080661126,0.20535574080661126,74678400
1987-04-23,0.20799511671066284,0.21010658843515082,0.20482787287548926,0.20799511671066284,48326400
1987-04-24,0.2090507596731186,0.2101064950662057,0.20535564954888808,0.20799502428003144,54172800
1987-04-27,0.2090507596731186,0.21063438088696204,0.20535564954888808,0.2090507596731186,53107200
1987-04-28,0.22436034679412842,0.22488823280953477,0.20693934706850228,0.20905083675746938,111081600
1987-04-29,0.21802520751953125,0.23016687184572132,0.21802520751953122,0.22436027259044955,85161600
1987-04-30,0.219608873128891,0.2243603364013772,0.21485802607983717,0.21802526952868545,88041600
1987-05-01,0.22172042727470398,0.2222483134193536,0.21696957884242457,0.21960893706877715,37843200
1987-05-04,0.2259439080953598,0.2275275294691249,0.22066457812513302,0.22172031362483335,34531200
1987-05-05,0.24442070722579956,0.24442070722579956,0.2264718225861601,0.2264718225861601,110995200
1987-05-06,0.238613560795784,0.246532269741393,0.23755782476576948,0.2444207795571403,153504000
1987-05-07,0.2496993988752365,0.2502272666850145,0.23702986459611636,0.23861346802545022,289699200
1987-05-08,0.2671203017234802,0.27081602756055606,0.25022717845110914,0.25022717845110914,150048000
1987-05-11,0.2597295641899109,0.26712038378728586,0.25946563935911204,0.26712038378728586,127382400
1987-05-12,0.25075510144233704,0.2623694958306659,0.247059991279594,0.25972952297298624,148464000
1987-05-13,0.2570902407169342,0.25814599455067627,0.25233939377564024,0.25233939377564024,73382400
1987-05-14,0.2592017948627472,0.2639532592116979,0.25709030479322076,0.25709030479322076,59961600
1987-05-15,0.25181153416633606,0.25867387087560023,0.25181153416633606,0.25867387087560023,84326400
1987-05-18,0.24336490035057068,0.2518114729709407,0.23650196720992137,0.2518114729709407,172598400
1987-05-19,0.23491835594177246,0.24336491080062184,0.23491835594177246,0.24336491080062184,78336000
1987-05-20,0.23122255504131317,0.2338625273753776,0.22647171041676756,0.2338625273753776,228355200
1987-05-21,0.2354462593793869,0.23808561673562945,0.23175055010692583,0.23175055010692583,93312000
1987-05-22,0.2285832315683365,0.2365019353791655,0.22752749622289975,0.23544618190951686,64627200
1987-05-26,0.23122255504131317,0.23227830836021737,0.2280553313330192,0.22858319893036663,46886400
1987-05-27,0.23122255504131317,0.23650190161053347,0.2301668198466183,0.23122255504131317,48758400
1987-05-28,0.24547633528709412,0.24600422103859795,0.23069470053130972,0.23122256815860318,108662400
1987-05-29,0.24336490035057068,0.24969936764838155,0.24283703260680672,0.245476389449841,80380800
1987-06-01,0.238613560795784,0.24336502540290214,0.238613560795784,0.24336502540290214,30326400
1987-06-02,0.23755767941474915,0.24230914111465837,0.2343904551383662,0.23861341479880596,51552000
1987-06-03,0.23914127051830292,0.24230911061923088,0.23861338476849817,0.23861338476849817,21628800
1987-06-04,0.23755767941474915,0.23914130061504693,0.2359740582144514,0.23914130061504693,20390400
1987-06-05,0.2306947559118271,0.23861344281797045,0.2259439098772786,0.237557707309944,59270400
1987-06-08,0.23175054788589478,0.23227841572724078,0.2269997010653454,0.23069479407898508,111571200
1987-06-09,0.23016706109046936,0.2322785518171747,0.22911130666500254,0.23175068366655543,25833600
1987-06-10,0.21855317056179047,0.23122270813061616,0.21380232279177536,0.23016697223693341,176256000
1987-06-11,0.20588362216949463,0.22330462281602512,0.2053557361261833,0.22224827075434972,268704000
1987-06-12,0.20746706426143646,0.21433001245793265,0.2053555761061951,0.20588346173816013,196156800
1987-06-15,0.20746706426143646,0.2106343055564016,0.20324348985214666,0.20746706426143643,125222400
1987-06-16,0.21169011294841766,0.21433008573703344,0.20693926750587,0.20746713519410584,73526400
1987-06-17,0.21908091008663177,0.21960877772404494,0.21274584596608784,0.21274584596608784,71078400
1987-06-18,0.22145648300647736,0.22172040793155318,0.2153859559906216,0.2185531819610874,56188800
1987-06-19,0.22066450119018555,0.2243602084981344,0.21960874793436028,0.2222481220118193,40809600
1987-06-22,0.21908091008663177,0.22172026639790826,0.21749730717439233,0.22172026639790826,87436800
1987-06-23,0.21696947515010834,0.21908096434692917,0.212218012764998,0.21908096434692917,100771200
1987-06-24,0.22119252383708954,0.2238324978643432,0.21802529809744514,0.21802529809744514,82684800
1987-06-25,0.22066450119018555,0.22172023632180254,0.2185530128027433,0.22066450119018555,44035200
1987-06-26,0.22119252383708954,0.22224827783311832,0.21908103396925294,0.22119252383708954,21945600
1987-06-29,0.2201366275548935,0.22119236265740236,0.21644151844769696,0.22119236265740236,25632000
1987-06-30,0.21538586914539337,0.22119245077069297,0.2148579832596448,0.22066458300915937,38332800
1987-07-01,0.2164415717124939,0.21802519288018335,0.2143300828636454,0.21485795054480447,21945600
1987-07-02,0.21116229891777039,0.21696949743565727,0.20852294168170232,0.21696949743565727,56880000
1987-07-06,0.20588362216949463,0.21327382740942882,0.20482786820709237,0.21063446968975377,65491200
1987-07-07,0.190574049949646,0.20535568952189356,0.18899044655176286,0.20535568952189356,197078400
1987-07-08,0.1969091147184372,0.200076339326075,0.18687893880077913,0.19215765252158032,193449600
1987-07-09,0.20218788087368011,0.20693934430275887,0.1969091657839221,0.19796490155218602,92707200
1987-07-10,0.20482781529426575,0.20588356898393692,0.19849274942976722,0.20113210646762159,75830400
1987-07-13,0.20957860350608826,0.2101064711425264,0.20271565363659655,0.20482775852972343,48326400
1987-07-14,0.22172042727470398,0.2222483134193536,0.21010662398060645,0.2111623781456818,152812800
1987-07-15,0.21591375768184662,0.22330457765040596,0.21591375768184665,0.2217203398658474,96768000
1987-07-16,0.21538586914539337,0.21749735831574277,0.211162274581385,0.21644160466846057,72979200
1987-07-17,0.21591375768184662,0.21960885049233347,0.2148580039329813,0.21538588986952234,51264000
1987-07-20,0.21010653674602509,0.21538588535462197,0.20957866894476593,0.21538588535462197,42019200
1987-07-21,0.20957860350608826,0.21327371320957675,0.20799500059677378,0.2101064711425264,36547200
1987-07-22,0.21116229891777039,0.21221803456251076,0.20799507385933214,0.20957867732644272,53366400
1987-07-23,0.2064114809036255,0.21116232821248002,0.19849279187347504,0.21116232821248002,148492800
1987-07-24,0.20799511671066284,0.21010658843515082,0.20641149479307605,0.20693936272419805,57744000
1987-07-27,0.21063438057899475,0.21063438057899472,0.204827781552867,0.20799502397592312,41817600
1987-07-28,0.21010653674602509,0.21485799942914643,0.20957866894476593,0.211690158274019,38160000
1987-07-29,0.20957860350608826,0.21063435690317525,0.2064113795632486,0.2101064711425264,27676800
1987-07-30,0.20482781529426575,0.20957866158724672,0.20271570981580478,0.20957866158724672,55555200
1987-07-31,0.1984928399324417,0.2037715564149776,0.1942692432731081,0.2037715564149776,186624000
1987-08-03,0.19374124705791473,0.19954844394505633,0.1926854935854282,0.19849270859678178,116352000
1987-08-04,0.1979648768901825,0.1979648768901825,0.19374129999561826,0.19374129999561826,135072000
1987-08-05,0.20535559952259064,0.20799497361076097,0.1979647829755718,0.19849266866773085,211190400
1987-08-06,0.21327385306358337,0.2145941483057293,0.20588364693470057,0.20588364693470057,152553600
1987-08-07,0.21855317056179047,0.22066466047337732,0.2127459706745667,0.21327383862140806,171014400
1987-08-10,0.21855317056179047,0.2196089064554732,0.21644168065020358,0.21908103850863184,56448000
1987-08-11,0.21433009207248688,0.22066455889119715,0.21327374044156608,0.2196088053593056,68544000
1987-08-12,0.21116229891777039,0.21485800802195942,0.21116229891777036,0.2143301401995892,42364800
1987-08-13,0.21749727427959442,0.22066449774926572,0.2111621929929723,0.2111621929929723,80640000
1987-08-14,0.21855317056179047,0.21908103850863184,0.21644168065020358,0.2174974346681077,50832000
1987-08-17,0.2201366275548935,0.2201366275548935,0.2174972716744136,0.21855300677692244,33667200
1987-08-18,0.2164415717124939,0.21960879592366056,0.2143300828636454,0.2185530605613424,46944000
1987-08-19,0.2164415717124939,0.21696943939365299,0.21221797779158114,0.21644157171249392,48902400
1987-08-20,0.22224822640419006,0.22330457825506794,0.2164416260802495,0.2164416260802495,82051200
1987-08-21,0.2259439080953598,0.22858326496882522,0.22172031362483335,0.22172031362483335,68976000
1987-08-24,0.23597408831119537,0.2370298419541183,0.22277607125965646,0.22594391216330248,97747200
1987-08-25,0.24230912327766418,0.24653210075145235,0.23544617319062808,0.23808552958069287,185961600
1987-08-26,0.2438928335905075,0.24917154830187493,0.24125286001141522,0.24230921192741012,114105600
1987-08-27,0.24442070722579956,0.24547644294339052,0.24125286572538515,0.24389283936700407,72432000
1987-08-28,0.2539227604866028,0.2560342479096104,0.2449483272470709,0.2449483272470709,114796800
1987-08-31,0.25075510144233704,0.253922942002062,0.2465321235775487,0.25286718847375844,84326400
1987-09-01,0.23966926336288452,0.25075519613659103,0.23861350943589,0.24917157430820913,93859200
1987-09-02,0.24283702671527863,0.24336489444623588,0.2370298292030471,0.23755769693400436,78393600
1987-09-03,0.24336490035057068,0.2486436321608536,0.2401970595404836,0.245476389449841,70934400
1987-09-04,0.2365020364522934,0.24389285762478402,0.23597415042976214,0.24336497160225276,48355200
1987-09-08,0.2354462593793869,0.23650201319641465,0.22858330678006045,0.23597412722579184,96336000
1987-09-09,0.2380855530500412,0.2407249097002813,0.2354461963998011,0.23650194993442497,60710400
1987-09-10,0.24178063869476318,0.2444206113002964,0.23861339653657196,0.2391412823124113,58176000
1987-09-11,0.24547633528709412,0.24600422103859795,0.2407248741698795,0.24178062754867677,41040000
1987-09-14,0.25181153416633606,0.2533951559066951,0.24600433510194555,0.24600433510194555,94464000
1987-09-15,0.24890746176242828,0.2523392441938327,0.24547629555407705,0.2523392441938327,39052800
1987-09-16,0.24653218686580658,0.25339513935009034,0.24653218686580655,0.24917154417780596,57715200
1987-09-17,0.24494850635528564,0.24811573074359566,0.24019704448746382,0.24705999532223008,69436800
1987-09-18,0.24283702671527863,0.24494851576332158,0.2407249214439618,0.24494851576332158,31651200
1987-09-21,0.2259439080953598,0.24178068368366287,0.22383241897174458,0.22594390809535983,85550400
1987-09-22,0.24178063869476318,0.24389274364866825,0.22383237732253553,0.22594386605325928,82008000
1987-09-23,0.25445085763931274,0.2549787254408014,0.24389281288931747,0.24389281288931747,107697600
1987-09-24,0.2586737871170044,0.2671203409308526,0.2533950738573471,0.2533950738573471,118440000
1987-09-25,0.26184171438217163,0.2745112683732677,0.2586738727789247,0.2597296085307863,82454400
1987-09-28,0.27028754353523254,0.27556687223975274,0.26078523759593075,0.26184158906566923,95544000
1987-09-29,0.2713439464569092,0.27556692449244724,0.26870397349248626,0.27239970002790054,57412800
1987-09-30,0.2797898054122925,0.281374024255838,0.2702875009694456,0.2702875009694456,85680000
1987-10-01,0.28929221630096436,0.29034856799303244,0.27873415476871427,0.2797899083617185,127224000
1987-10-02,0.3061852753162384,0.3072410468621624,0.2903485208852668,0.2914042743069797,131644800
1987-10-05,0.3336365818977356,0.3336365818977356,0.31040898312286924,0.31040898312286924,184320000
1987-10-06,0.31146469712257385,0.33469225532852825,0.3098810757643372,0.3336365198391801,203040000
1987-10-07,0.30829694867134094,0.3177992602010932,0.3019624790924396,0.31252054461411927,125640000
1987-10-08,0.30407389998435974,0.313576209358871,0.29351585498159594,0.30935323059742714,96940800
1987-10-09,0.30301812291145325,0.3177991446540184,0.30301812291145325,0.3051295938791665,93888000
1987-10-12,0.30196237564086914,0.3082968430495974,0.29140433186057035,0.3040738647771119,117187200
1987-10-13,0.3093531131744385,0.31252035510542103,0.29985080740677356,0.3051295197927979,96811200
1987-10-14,0.3009067475795746,0.3156877567859966,0.2987946414658628,0.3093533052396415,114220800
1987-10-15,0.2977386713027954,0.30724099419568074,0.29562718294552676,0.2977386713027954,128822400
1987-10-16,0.27345550060272217,0.3146319658386147,0.27134401108206624,0.2977388353507618,210240000
1987-10-19,0.19110193848609924,0.26817617343264744,0.1900462027729488,0.2597295990071504,146880000
1987-10-20,0.2027156800031662,0.21960880588222323,0.18159957623491352,0.1942691261257442,324000000
1987-10-21,0.23914127051830292,0.2555065262275051,0.2111622202018203,0.2185530375559245,262080000
1987-10-22,0.22488820552825928,0.24494856040050997,0.21538589591928498,0.23966922965717866,223200000
1987-10-23,0.20377157628536224,0.22383255679574118,0.20060433158761387,0.2217204501483088,112766400
1987-10-26,0.16576218605041504,0.2027156581862706,0.1573162311810039,0.19638121015842336,148320000
1987-10-27,0.17420874536037445,0.1815995633012231,0.16576219208452386,0.17209725656615882,234720000
1987-10-28,0.17420874536037445,0.17948809263121923,0.16259494983109454,0.16893003243694127,149760000
1987-10-29,0.20165997743606567,0.20588357223637538,0.17420878613997295,0.17420878613997295,167040000
1987-10-30,0.21010653674602509,0.2206645996156465,0.2048278224850006,0.2101065367460251,168480000
1987-11-02,0.2122180461883545,0.21538590576793382,0.20482784189766642,0.20799508525383137,84772800
1987-11-03,0.2027156800031662,0.21116225200480124,0.1847668187139168,0.20799502765001102,116150400
1987-11-04,0.20588362216949463,0.2143301794711042,0.19426920488140512,0.19849280070606687,95342400
1987-11-05,0.21327385306358337,0.21644169530689433,0.20588364693470057,0.20693938289987415,81432000
1987-11-06,0.20060428977012634,0.21327384589527848,0.19849281791074747,0.21221809184136706,75355200
1987-11-09,0.1984928399324417,0.20060431202607687,0.19215775305524896,0.19743708576140015,86587200
1987-11-10,0.1984928399324417,0.20482790868541048,0.19215775305524896,0.19638134971458257,91166400
1987-11-11,0.20693932473659515,0.20799507852925647,0.19954850446144123,0.2006042401298851,54619200
1987-11-12,0.21116229891777039,0.2196088546717253,0.2069393200903747,0.2143301401995892,99172800
1987-11-13,0.20377157628536224,0.21221813607983983,0.20377157628536222,0.2111623999300742,58492800
1987-11-16,0.20165997743606567,0.21010653268912496,0.20060422372971626,0.20588357223637538,59472000
1987-11-17,0.19743698835372925,0.20060421305582146,0.1911019046020185,0.19743698835372925,69321600
1987-11-18,0.2027156800031662,0.2027156800031662,0.19004614823654856,0.2006041910585684,89308800
1987-11-19,0.19532547891139984,0.20482778637928112,0.19426912727173234,0.20377143473961362,75024000
1987-11-20,0.20060428977012634,0.20166004382403777,0.1889905058231076,0.1921577317363979,82468800
1987-11-23,0.20165997743606567,0.20588357223637538,0.19849275256544946,0.19954848814758286,44640000
1987-11-24,0.20060428977012634,0.2069393759444759,0.1921577317363979,0.20482788596087503,72230400
1987-11-25,0.19426919519901276,0.20166001629408137,0.19426919519901276,0.20060426238429796,32155200
1987-11-27,0.19110193848609924,0.19532553381055803,0.1900462027729488,0.19426918187398703,18316800
1987-11-30,0.18899041414260864,0.19004614956015387,0.17104153460413848,0.18687892518330504,164160000
1987-12-01,0.18476682901382446,0.1932133833621033,0.18159958635826184,0.18793466976845105,73540800
1987-12-02,0.18582333624362946,0.18899058155023346,0.1805440020078012,0.183711229190176,68515200
1987-12-03,0.17051368951797485,0.18899043921658845,0.1699858217391683,0.18687894997714666,127670400
1987-12-04,0.1773766428232193,0.17896024617378778,0.1689300695666559,0.16998582325791728,121752000
1987-12-07,0.18265533447265625,0.1847668234716245,0.17843235647471978,0.18159958091106537,66211200
1987-12-08,0.20060428977012634,0.20060428977012634,0.18159966559484664,0.18265541964875806,112521600
1987-12-09,0.19532547891139984,0.20377143473961362,0.19426912727173234,0.19954845682550673,83793600
1987-12-10,0.20060428977012634,0.20905086592807676,0.18687901583950675,0.1921577317363979,165600000
1987-12-11,0.2027156800031662,0.20482778517100775,0.19743696670377817,0.20165994459297382,72475200
1987-12-14,0.21433009207248688,0.2153858456043784,0.2016599441127948,0.20271567952047334,95112000
1987-12-15,0.2164415717124939,0.2190809282425015,0.211162242429263,0.21644157171249392,112219200
1987-12-16,0.22911109030246735,0.23122257903517465,0.21221796611865637,0.21327371954711563,105537600
1987-12-17,0.219608873128891,0.23122267304159033,0.21855313739542062,0.23122267304159033,94017600
1987-12-18,0.219608873128891,0.22699971198349028,0.219608873128891,0.2217203627200503,52488000
1987-12-21,0.21749727427959442,0.22594382579652542,0.21433003268571513,0.22172023286442016,51163200
1987-12-22,0.22172042727470398,0.22383253370424266,0.2111623781456818,0.21749746498707417,41774400
1987-12-23,0.22488820552825928,0.22699969496108074,0.22066461043923008,0.22488820552825925,60710400
1987-12-24,0.22488820552825928,0.22699969496108074,0.2238324517497399,0.22488820552825925,12672000
1987-12-28,0.2164415717124939,0.2248881433311037,0.211162242429263,0.22383238984457335,50716800
1987-12-29,0.23016706109046936,0.2322785518171747,0.21327392095352768,0.21644176420523525,79459200
1987-12-30,0.2354462593793869,0.23650201319641465,0.22911117462646538,0.23016692844349315,70704000
1987-12-31,0.22911109030246735,0.23544617272377114,0.22699961969397126,0.23333468399106383,61545600
1988-01-04,0.2365020364522934,0.23861350804553977,0.23016695107642599,0.23122268687304917,110347200
1988-01-05,0.24072489142417908,0.24494848521683235,0.23861340263945097,0.24178064487864898,155520000
1988-01-06,0.24706001579761505,0.2523393458136503,0.24072493214850418,0.24178068578157982,121680000
1988-01-07,0.2555064558982849,0.2560343233785816,0.24283691140295027,0.24494839944834249,90676800
1988-01-08,0.2365020364522934,0.260785373463762,0.23491841463313895,0.25445090431136386,145440000
1988-01-11,0.24442070722579956,0.24494857508459503,0.23122266956375614,0.23544626490597984,143568000
1988-01-12,0.23966926336288452,0.24706008457843986,0.22911119849056538,0.2449485948486706,168480000
1988-01-13,0.23966926336288452,0.24706008457843986,0.23122268822033462,0.23650203783034052,96148800
1988-01-14,0.23755767941474915,0.24494849769901295,0.23650194403069236,0.2417806571994015,40608000
1988-01-15,0.2438928335905075,0.25022728399446126,0.2438928335905075,0.24917154830187493,92174400
1988-01-18,0.24178063869476318,0.24494847895192454,0.23755766123331568,0.24494847895192454,30038400
1988-01-19,0.24178063869476318,0.24600423237939203,0.23544617250259192,0.2365019259300594,47419200
1988-01-20,0.2280554175376892,0.2417807052252385,0.22172033337911992,0.23966921591349905,208800000
1988-01-21,0.23227836191654205,0.23755769157880585,0.22911111935376896,0.22911111935376896,125107200
1988-01-22,0.22752754390239716,0.23702985272263605,0.22277608138061022,0.23491836346507788,75297600
1988-01-25,0.2354462593793869,0.2375577488892245,0.22911117462646538,0.22911117462646538,75499200
1988-01-26,0.23016706109046936,0.23597426321950152,0.22911130666500254,0.2322785518171747,43560000
1988-01-27,0.2354462593793869,0.2375577488892245,0.231222664136303,0.231222664136303,100411200
1988-01-28,0.238613560795784,0.23966931495002217,0.23650208873575498,0.23650208873575498,29318400
1988-01-29,0.2354462593793869,0.24072497409187196,0.23016692844349315,0.23861348458203435,66700800
1988-02-01,0.2333347052335739,0.24072490740873895,0.232278353609975,0.23966917200837803,48729600
1988-02-02,0.2354462593793869,0.23650201319641465,0.231222664136303,0.2333347698695493,60753600
1988-02-03,0.22277601063251495,0.23544615647659647,0.22066452204551282,0.23544615647659647,75801600
1988-02-04,0.21538586914539337,0.22488817757316773,0.21010652093410281,0.22383242392588554,114710400
1988-02-05,0.21749727427959442,0.22594382579652542,0.21644152104023198,0.2196087445099033,94104000
1988-02-08,0.21855317056179047,0.22172039636706006,0.21433019073861673,0.21433019073861673,72878400
1988-02-09,0.22277601063251495,0.2238323620870504,0.21960876868990678,0.22066452204551282,49939200
1988-02-10,0.22699964046478271,0.22805537586563213,0.22172029286465864,0.22383239801380864,77025600
1988-02-11,0.23122255504131317,0.23122255504131317,0.22699959613832435,0.2280553313330192,69436800
1988-02-12,0.2333347052335739,0.23755768308344333,0.2301668646850403,0.23122260008540121,80222400
1988-02-16,0.24283702671527863,0.24389278030140707,0.2301668781046871,0.23227836715273006,67334400
1988-02-17,0.24283702671527863,0.248115740273279,0.24178067503009024,0.24494851576332158,101318400
1988-02-18,0.24494850635528564,0.2491714842891745,0.2407249121981466,0.24178066574372542,84153600
1988-02-19,0.2481156587600708,0.24811565876007083,0.24389270017556355,0.24600418852992118,53164800
1988-02-22,0.2481156587600708,0.2491714119993536,0.24494843529063837,0.24811565876007083,52228800
1988-02-23,0.25128301978111267,0.25339512536236314,0.24811577668217508,0.24811577668217508,91728000
1988-02-24,0.2528671622276306,0.25656227200684295,0.2512829430626872,0.2512829430626872,79560000
1988-02-25,0.24547633528709412,0.2555065270498743,0.24442060003250723,0.2523392850376929,61560000
1988-02-26,0.2460043579339981,0.24811582961815415,0.24178076209374927,0.24600435793399808,29923200
1988-02-29,0.25075510144233704,0.25128296914438236,0.24494850234719984,0.247059991279594,39326400
1988-03-01,0.24917162954807281,0.2533952261674303,0.24706013935019877,0.2523394720063814,43300800
1988-03-02,0.25128301978111267,0.25656235033708413,0.24811577668217508,0.24917153042322646,67896000
1988-03-03,0.2576181888580322,0.25972967905934113,0.252339472416872,0.2533952265796383,83664000
1988-03-04,0.2565622627735138,0.2586737514107582,0.25233928549902496,0.25761799803003077,68356800
1988-03-07,0.2644810676574707,0.2650089536491805,0.25656237904901413,0.25761811478399643,78004800
1988-03-08,0.26975974440574646,0.27345545305453617,0.265008898341398,0.2660646338560466,96897600
1988-03-09,0.27028754353523254,0.2723996483757716,0.2671203015470412,0.26817605491784174,81734400
1988-03-10,0.2650088369846344,0.27451114313659336,0.263425215955098,0.2713439010775206,97948800
1988-03-11,0.26395317912101746,0.26606466854985966,0.25761809461110574,0.26395317912101746,84297600
1988-03-14,0.26870399713516235,0.2692318649049971,0.25972955632779093,0.26289741541854933,46281600
1988-03-15,0.26395317912101746,0.2692318936310144,0.26289744346870497,0.2692318936310144,43761600
1988-03-16,0.27345550060272217,0.27345550060272217,0.26184170107781185,0.2650089444209047,54547200
1988-03-17,0.26975974440574646,0.2766226777226969,0.26923185852420733,0.2745112066933997,125308800
1988-03-18,0.2460043579339981,0.27028769599098884,0.24600435793399808,0.26923194202469036,169920000
1988-03-21,0.2481156587600708,0.24811565876007083,0.23966910724377685,0.247059923644996,198720000
1988-03-22,0.25445085763931274,0.2565623469694838,0.24811577342544325,0.24811577342544325,115833600
1988-03-23,0.24917162954807281,0.26342540723777363,0.24811587538702387,0.2607854327978776,151200000
1988-03-24,0.238613560795784,0.24811587378641475,0.2354463345815168,0.24811587378641475,159840000
1988-03-25,0.23702983558177948,0.2433649009954518,0.2354462142220768,0.23966919243180765,47332800
1988-03-28,0.24019712209701538,0.24072498997825637,0.2322784332822938,0.23439053915492622,67147200
1988-03-29,0.238613560795784,0.24600440172638577,0.23755782476576948,0.24178080513427488,80712000
1988-03-30,0.23122255504131317,0.2407248605135223,0.22911106652771407,0.23966912531882742,100713600
1988-03-31,0.238613560795784,0.238613560795784,0.2301670019593914,0.2301670019593914,50256000
1988-04-04,0.2333347052335739,0.23861341848380424,0.2301668646850403,0.23650194768308241,47721600
1988-04-05,0.2365020364522934,0.23650203645229342,0.23016695107642599,0.23439054673482737,41760000
1988-04-06,0.24547633528709412,0.24600422103859795,0.23544616164852436,0.2365019150273216,75297600
1988-04-07,0.24178063869476318,0.24811570298590457,0.2417806386947632,0.24600423237939203,74923200
1988-04-08,0.24494850635528564,0.24705999532223008,0.24125279803304264,0.24283701738834124,57974400
1988-04-11,0.24283702671527863,0.24706000481136453,0.2407249214439618,0.24706000481136453,40406400
1988-04-12,0.2354462593793869,0.24389283364214603,0.23227841795333076,0.24178072790889973,52444800
1988-04-13,0.24072489142417908,0.24072489142417908,0.23439044319420643,0.23650193197893454,42206400
1988-04-14,0.223832368850708,0.2386133875052979,0.22277601736425223,0.2343904283278963,110030400
1988-04-15,0.22911109030246735,0.2322783324636339,0.22277602600537477,0.22488813096126395,114220800
1988-04-18,0.23122255504131317,0.23333465977803017,0.22699959613832435,0.2280553313330192,48052800
1988-04-19,0.22911109030246735,0.2407248854934338,0.2280553549982193,0.23122257903517465,75772800
1988-04-20,0.23016706109046936,0.2322785518171747,0.2269998340625256,0.22911130666500254,65404800
1988-04-21,0.22963908314704895,0.23439054670311915,0.22699972553162837,0.23227844076246956,63979200
1988-04-22,0.2333347052335739,0.23544619415850862,0.2301668646850403,0.2301668646850403,33926400
1988-04-25,0.23280689120292664,0.2354462484364992,0.23122265338971626,0.23333475902479775,23385600
1988-04-26,0.2354462593793869,0.23861348458203435,0.2333347698695493,0.2354462593793869,46454400
1988-04-27,0.2343905121088028,0.2365020015143429,0.22911116330946582,0.23544624774946435,47894400
1988-04-28,0.23386263847351074,0.2354462601420733,0.2322784187057555,0.23439052444584357,28468800
1988-04-29,0.23016706109046936,0.2322785518171747,0.22911130666500254,0.2322785518171747,64771200
1988-05-02,0.23227836191654205,0.2333347135779174,0.22594389491520941,0.23016687291609783,49262400
1988-05-03,0.238613560795784,0.2407250509800367,0.2333348443972641,0.2333348443972641,62740800
1988-05-04,0.24125289916992188,0.24389287317751648,0.23650205153372278,0.23966927724978188,75153600
1988-05-05,0.24072489142417908,0.24178064487864898,0.23755766730919275,0.23966915609392087,24883200
1988-05-06,0.24178063869476318,0.24494847895192454,0.23966914996403943,0.23966914996403943,43977600
1988-05-09,0.24178063869476318,0.24600423237939203,0.23966914996403943,0.2417806386947632,34790400
1988-05-10,0.24072489142417908,0.24336486409723335,0.23755766730919275,0.24178064487864898,46828800
1988-05-11,0.2354462593793869,0.23861348458203435,0.23227841795333076,0.23861348458203435,59486400
1988-05-12,0.2365020364522934,0.23861350804553977,0.23439054673482737,0.23544628253145056,26409600
1988-05-13,0.23966926336288452,0.24072499916565923,0.23755777363311525,0.23861350943589,17913600
1988-05-16,0.2460043579339981,0.24864371566341362,0.23966927228537277,0.23966927228537277,59788800
1988-05-17,0.24494850635528564,0.25022721971054007,0.24494850635528567,0.2491714842891745,70430400
1988-05-18,0.23966926336288452,0.2465322166770525,0.23861350943589,0.2449485948486706,81374400
1988-05-19,0.24072489142417908,0.24178064487864898,0.23544617852446464,0.23650193197893454,57729600
1988-05-20,0.23755767941474915,0.24389276231495616,0.23650194403069236,0.2417806571994015,42523200
1988-05-23,0.23227836191654205,0.2386134270169212,0.23016687291609783,0.23755769157880585,50227200
1988-05-24,0.23966926336288452,0.23966926336288452,0.23122268822033462,0.23227844214732915,55324800
1988-05-25,0.2354462593793869,0.24072497409187196,0.23439052368657703,0.23861348458203435,53582400
1988-05-26,0.23702983558177948,0.24072492792213315,0.2354462142220768,0.23650196783661673,43387200
1988-05-27,0.2343905121088028,0.23755773715500444,0.2343905121088028,0.23755773715500444,33148800
1988-05-31,0.24494850635528564,0.2460042599008645,0.2333347098759478,0.2343904634215266,44049600
1988-06-01,0.2502271831035614,0.25339504137589314,0.2438927352536393,0.24600422391168353,95788800
1988-06-02,0.24917162954807281,0.2533952261674303,0.24811587538702387,0.25128311974594686,63230400
1988-06-03,0.25128301978111267,0.25233937162131176,0.24811577668217508,0.24917153042322646,34833600
1988-06-06,0.2565622627735138,0.25761799803003077,0.25022718063862653,0.2512829340193539,81748800
1988-06-07,0.2576181888580322,0.26184178548426046,0.2549788306374521,0.2576181888580322,82166400
1988-06-08,0.26184171438217163,0.2639532040101138,0.2565623831509825,0.2565623831509825,66283200
1988-06-09,0.26078543066978455,0.26553689526878116,0.26025756265567956,0.2628975370740326,69264000
1988-06-10,0.26289743185043335,0.2650089211859622,0.2586738369560179,0.26078532629154677,45014400
1988-06-13,0.2634252905845642,0.2660646476320584,0.2628974227999085,0.2639531583692199,31118400
1988-06-14,0.26606467366218567,0.2681761631315993,0.26500893798958763,0.26606467366218567,60379200
1988-06-15,0.27028754353523254,0.27028754353523254,0.2639530776830601,0.2650088310538606,51033600
1988-06-16,0.26817625761032104,0.2692319936548558,0.26606476739702767,0.2671205034415624,73713600
1988-06-17,0.26606467366218567,0.2713440044970079,0.26500893798958763,0.2681761631315993,42105600
1988-06-20,0.2650088369846344,0.26606457225485153,0.26184159492556164,0.2650088369846344,28137600
1988-06-21,0.27028754353523254,0.27028754353523254,0.2639530776830601,0.2639530776830601,39715200
1988-06-22,0.2829577624797821,0.2850692516413029,0.2718718326895443,0.2745112077346065,127324800
1988-06-23,0.27873414754867554,0.2840134953517958,0.277678412107232,0.28295774178613875,41054400
1988-06-24,0.275566965341568,0.27978994400310625,0.2745112297382916,0.2787341902756135,28555200
1988-06-27,0.27028754353523254,0.27556687223975274,0.27028754353523254,0.27556687223975274,23630400
1988-06-28,0.27767837047576904,0.27873410575892943,0.26923179949047293,0.2702875528978442,32140800
1988-06-29,0.27767837047576904,0.2808462106726306,0.2766226170683978,0.27873410575892943,49809600
1988-06-30,0.2829577624797821,0.2829577624797821,0.27873416793343336,0.2797899215763012,31550400
1988-07-01,0.2871807813644409,0.2871807813644409,0.28190206677717683,0.2829578024449426,42940800
1988-07-05,0.29404371976852417,0.294571587577216,0.2829577889415476,0.28506927830053164,48096000
1988-07-06,0.29034870862960815,0.29773891486338533,0.28929235642587336,0.29457168879868734,89380800
1988-07-07,0.29034870862960815,0.2914044627339894,0.2861251122369526,0.2882366023214922,68428800
1988-07-08,0.28929221630096436,0.29034856799303244,0.2861249736461657,0.28718072723916993,40089600
1988-07-11,0.281902015209198,0.2903485696022536,0.281902015209198,0.2903485696022536,65764800
1988-07-12,0.27715060114860535,0.2840135535194645,0.2734554900983451,0.2829577997375827,90000000
1988-07-13,0.281902015209198,0.281902015209198,0.2745111962907839,0.27662266724006684,57427200
1988-07-14,0.2829577624797821,0.2829577624797821,0.27873416793343336,0.2819020269611291,34848000
1988-07-15,0.2829577624797821,0.28401351612264997,0.2797899215763012,0.2829577624797821,31579200
1988-07-18,0.28506919741630554,0.28612493273413975,0.28295770865642567,0.28401346209847134,20102400
1988-07-19,0.27873414754867554,0.28506923079323937,0.277678412107232,0.2840134953517958,36460800
1988-07-20,0.27028754353523254,0.2808462009442729,0.269231790164432,0.2808462009442729,111096000
1988-07-21,0.2576181888580322,0.270287746289496,0.2555067167809472,0.2692319921267296,128937600
1988-07-22,0.26078543066978455,0.26395327310224254,0.2555067142802874,0.25656245030849734,68817600
1988-07-25,0.2555064558982849,0.26395300617862977,0.25445070281348614,0.2618415181332375,52704000
1988-07-26,0.24494850635528564,0.2491714842891745,0.239669176776781,0.24494850635528567,228960000
1988-07-27,0.24336490035057068,0.2491714999046176,0.24283703260680672,0.24600427531781935,68140800
1988-07-28,0.2460043579339981,0.24706009377607613,0.2407250081274508,0.2428371141593231,57945600
1988-07-29,0.25128301978111267,0.25339512536236314,0.2460043054485055,0.2470600410653403,59385600
1988-08-01,0.24706001579761505,0.2533950994467259,0.24706001579761505,0.2523393458136503,51825600
1988-08-02,0.24283702671527863,0.248115740273279,0.23966918598204728,0.24706000481136453,65476800
1988-08-03,0.23755767941474915,0.24283700880668677,0.2343904551383662,0.2417806571994015,91987200
1988-08-04,0.2343905121088028,0.238613472795666,0.2343905121088028,0.23755773715500444,53496000
1988-08-05,0.2259439080953598,0.23439048081311678,0.21855308900151776,0.23439048081311678,201600000
1988-08-08,0.22488820552825928,0.22699969496108074,0.22277609987205158,0.22699969496108074,148320000
1988-08-09,0.21855317056179047,0.22488825652007696,0.21538594475652084,0.22383250250217285,138830400
1988-08-10,0.21327385306358337,0.21855318536146406,0.21116236300901362,0.21644169530689433,113169600
1988-08-11,0.21855317056179047,0.2196089064554732,0.2111623487098212,0.21538594475652084,123105600
1988-08-12,0.219608873128891,0.22066462698657993,0.21749740166195028,0.21855313739542062,58262400
1988-08-15,0.21433009207248688,0.22066455889119715,0.21116225150199597,0.2196088053593056,41083200
1988-08-16,0.22172042727470398,0.22277618143977934,0.2122181141865333,0.21327386835160866,90878400
1988-08-17,0.22172042727470398,0.2275276460956706,0.21696957884242457,0.22172042727470398,59112000
1988-08-18,0.22277601063251495,0.22488811544265644,0.22172025727690892,0.22277601063251495,32025600
1988-08-19,0.21327385306358337,0.22383251765934478,0.2122180989741872,0.22277616547060353,67377600
1988-08-22,0.2027156800031662,0.21327374094939908,0.20165994459297382,0.21221798741499362,110174400
1988-08-23,0.20852291584014893,0.2101065191110088,0.2016599644038074,0.2037714535558354,88315200
1988-08-24,0.21749727427959442,0.21802514183717164,0.207994969523301,0.20905070463845543,102585600
1988-08-25,0.21433009207248688,0.2174973345439485,0.21116225150199597,0.21221798690967453,72633600
1988-08-26,0.21696947515010834,0.21855309657877778,0.21433011818513614,0.21433011818513614,24451200
1988-08-29,0.2201366275548935,0.22172023020865678,0.21855300677692244,0.2196087418794313,35035200
1988-08-30,0.2164415717124939,0.22066454941019092,0.21538583635017577,0.21960879592366056,20966400
1988-08-31,0.21116229891777039,0.2185531190269849,0.20799507385933214,0.21749738338224453,71884800
1988-09-01,0.2064114809036255,0.210106574297057,0.20271575316250826,0.2090508385058536,82382400
1988-09-02,0.21749727427959442,0.21855300939474887,0.20905070463845543,0.21010643975360987,115329600
1988-09-06,0.219608873128891,0.2217203627200503,0.2164416478042613,0.21749740166195028,67752000
1988-09-07,0.21855317056179047,0.22277615038496418,0.21433019073861673,0.22066466047337732,72115200
1988-09-08,0.219608873128891,0.22488822239233097,0.2164416478042613,0.21749740166195028,69206400
1988-09-09,0.2280554175376892,0.2312226424431903,0.21749737287985718,0.2185531084736188,111124800
1988-09-12,0.22699964046478271,0.23227835371745564,0.2259438869397204,0.22699964046478271,43257600
1988-09-13,0.2280554175376892,0.22911115313145083,0.22277608709709776,0.2248881926321881,40608000
1988-09-14,0.2280554175376892,0.23333474797828063,0.22699968194392756,0.2317505283642873,79214400
1988-09-15,0.22066450119018555,0.22911105283882738,0.21960874793436028,0.22805531770721038,72921600
1988-09-16,0.219608873128891,0.2217203627200503,0.21855313739542062,0.22066462698657993,48700800
1988-09-19,0.21855317056179047,0.22172039636706006,0.21538594475652084,0.22172039636706006,44697600
1988-09-20,0.22488820552825928,0.22488820552825925,0.21855312100640858,0.2196088566607107,53625600
1988-09-21,0.22699964046478271,0.22805537586563213,0.2259438869397204,0.2259438869397204,16056000
1988-09-22,0.23016706109046936,0.2322785518171747,0.2269998340625256,0.22805557036376406,59688000
1988-09-23,0.22699964046478271,0.23016686479154388,0.22699964046478271,0.23016686479154388,35092800
1988-09-26,0.22119252383708954,0.22805547760001638,0.21855316603334904,0.22699974172820858,50212800
1988-09-27,0.219608873128891,0.22066462698657993,0.21749740166195028,0.219608873128891,35366400
1988-09-28,0.223832368850708,0.22383236885070798,0.21855304006264012,0.2206645287134462,25516800
1988-09-29,0.223832368850708,0.22594385750151405,0.22172026397674394,0.22277601736425223,56462400
1988-09-30,0.22066450119018555,0.2238323409323259,0.2185530128027433,0.2227759895776278,37252800
1988-10-03,0.21696947515010834,0.21855309657877778,0.21327376642551601,0.21644160738195695,41097600
1988-10-04,0.21591375768184662,0.21960885049233347,0.2148580039329813,0.21749737924303628,29260800
1988-10-05,0.2122180461883545,0.2164416414705101,0.21116231048577824,0.2164416414705101,67089600
1988-10-06,0.21116229891777039,0.2143301401995892,0.21116229891777036,0.21221803456251076,33609600
1988-10-07,0.21010653674602509,0.21221802607527818,0.20218784913113233,0.21116229047275983,208065600
1988-10-10,0.20799511671066284,0.2111623424216156,0.20166003094102894,0.2111623424216156,106358400
1988-10-11,0.21010653674602509,0.2132737798020129,0.20693931181425365,0.2101065367460251,65952000
1988-10-12,0.21380223333835602,0.2185530791206491,0.2069392823046408,0.20905077133279482,137534400
1988-10-13,0.21749727427959442,0.22066449774926572,0.21221792810812673,0.21274581378991195,82468800
1988-10-14,0.2164415717124939,0.22066454941019092,0.21538583635017577,0.21960879592366056,56764800
1988-10-17,0.219608873128891,0.2217203627200503,0.2164416478042613,0.2164416478042613,25675200
1988-10-18,0.22172042727470398,0.22277618143977934,0.2164417108219988,0.21855320102792566,37224000
1988-10-19,0.22488820552825928,0.22699969496108074,0.22066461043923008,0.2259439411825614,80683200
1988-10-20,0.2259439080953598,0.22805539721897505,0.22277606724874827,0.22277606724874827,73296000
1988-10-21,0.223832368850708,0.22594385750151405,0.22172026397674394,0.22383236885070798,24264000
1988-10-24,0.219608873128891,0.22488822239233097,0.2190810052621558,0.22488822239233097,28627200
1988-10-25,0.21327385306358337,0.2206646754160338,0.21116236300901362,0.21960892132663765,74548800
1988-10-26,0.21010653674602509,0.2132737798020129,0.2048278224850006,0.21221802607527818,157420800
1988-10-27,0.2090507596731186,0.2090507596731186,0.20165994132563658,0.20799502428003144,114336000
1988-10-28,0.2090507596731186,0.2101064950662057,0.20482778185234451,0.20799502428003144,46540800
1988-10-31,0.20693932473659515,0.20799507852925647,0.20482783527548995,0.20799507852925647,41284800
1988-11-01,0.20588362216949463,0.21010658364644244,0.2058836221694946,0.20693935800767646,53280000
1988-11-02,0.19954846799373627,0.20588355144270276,0.19743697891850806,0.20588355144270276,221803200
1988-11-03,0.19954846799373627,0.2016599570689645,0.19479762210552634,0.19954846799373627,118339200
1988-11-04,0.19638124108314514,0.20165995464567585,0.19638124108314517,0.19638124108314517,106603200
1988-11-07,0.19743698835372925,0.19849274200390335,0.19426914742832574,0.1963812528277702,55065600
1988-11-08,0.20535559952259064,0.20693922035065115,0.19849266866773085,0.1995484038036323,56606400
1988-11-09,0.21010653674602509,0.21116229047275983,0.20165998132987314,0.20271571693239152,124732800
1988-11-10,0.20693932473659515,0.21327379311991074,0.20693932473659513,0.2101065498661442,78796800
1988-11-11,0.20113210380077362,0.2069393018055457,0.20060421790082952,0.2048278125784157,54936000
1988-11-14,0.20482781529426575,0.20588356898393692,0.20060422056067814,0.20271570981580478,34329600
1988-11-15,0.1984928399324417,0.20482790868541048,0.19638134971458257,0.20482790868541048,93902400
1988-11-16,0.19532547891139984,0.19954845682550673,0.1921576383146789,0.19902058911729667,199008000
1988-11-17,0.19426919519901276,0.19743703690338676,0.19321344128922935,0.19532554720803946,65865600
1988-11-18,0.1969091147184372,0.1974369824656744,0.19321338801605475,0.19532549335251104,34430400
1988-11-21,0.19426919519901276,0.19532554720803946,0.19110195159388207,0.19426919519901276,47102400
1988-11-22,0.19426919519901276,0.19638130111782287,0.19215770550366545,0.19426919519901276,30312000
1988-11-23,0.1979648768901825,0.19849276283277084,0.19426916781398967,0.19532551967410847,56548800
1988-11-25,0.1958533078432083,0.19638119357111705,0.19321333547737757,0.19532544023950915,11462400
1988-11-28,0.1984928399324417,0.20060431202607687,0.195325595543541,0.195325595543541,58737600
1988-11-29,0.20060428977012634,0.20060428977012634,0.19743706385683604,0.19849281791074747,21873600
1988-11-30,0.19954846799373627,0.2016599570689645,0.19954846799373627,0.19954846799373627,35193600
1988-12-01,0.20693932473659515,0.20905081419770033,0.19849276879299738,0.2006042401298851,82008000
1988-12-02,0.21010653674602509,0.21221802607527818,0.2048278224850006,0.2048278224850006,91497600
1988-12-05,0.2090507596731186,0.21327373749389264,0.2058835353696444,0.2101064950662057,70142400
1988-12-06,0.21010653674602509,0.2101065367460251,0.20693931181425365,0.20905080114350674,44366400
1988-12-07,0.20799511671066284,0.2111623424216156,0.20746723065532005,0.20905085257290684,30888000
1988-12-08,0.20693932473659515,0.20905081419770033,0.20588358906815127,0.20799507852925647,40176000
1988-12-09,0.20693932473659515,0.20799507852925647,0.20482783527548995,0.20588358906815127,22305600
1988-12-12,0.2000764161348343,0.20693937007952276,0.2000764161348343,0.20588363417975436,38894400
1988-12-13,0.20165997743606567,0.20165997743606567,0.19954848814758286,0.19954848814758286,39168000
1988-12-14,0.2042998969554901,0.20588351803600619,0.2006041709191745,0.20165992434758898,28008000
1988-12-15,0.20693932473659515,0.20799507852925647,0.20482783527548995,0.20693932473659513,23198400
1988-12-16,0.21010653674602509,0.21221802607527818,0.20588357621173528,0.20588357621173528,51796800
1988-12-19,0.21433009207248688,0.2174973345439485,0.21327374044156608,0.2138022243686476,83534400
1988-12-20,0.2164415717124939,0.22172028477250907,0.21538583635017577,0.21696943939365299,92188800
1988-12-21,0.22066450119018555,0.22172023632180254,0.21644152441530104,0.2174972776711263,46440000
1988-12-22,0.219608873128891,0.22383246853464203,0.21855313739542062,0.2217203627200503,74592000
1988-12-23,0.219608873128891,0.219608873128891,0.21749740166195028,0.21855313739542062,17121600
1988-12-27,0.21855317056179047,0.22172039636706006,0.21855317056179047,0.2196089064554732,30772800
1988-12-28,0.22066450119018555,0.22066450119018555,0.2185530128027433,0.21960874793436028,21268800
1988-12-29,0.22488820552825928,0.2259439411825614,0.2196088566607107,0.2196088566607107,38275200
1988-12-30,0.22488820552825928,0.229111166269685,0.22488820552825925,0.2259439411825614,63820800
1989-01-03,0.22647178173065186,0.22699966761843507,0.22277607303814784,0.22594391396708374,51825600
1989-01-04,0.22911109030246735,0.2317504648115099,0.225943866265512,0.225943866265512,53899200
1989-01-05,0.2254159301519394,0.23122250881020037,0.2248880626601349,0.23122250881020037,47246400
1989-01-06,0.223832368850708,0.22699961088902235,0.22383236885070798,0.22594385750151405,59054400
1989-01-09,0.22172042727470398,0.22488828786931803,0.22013682321342676,0.22383253370424266,46008000
1989-01-10,0.219608873128891,0.2217203627200503,0.21855313739542062,0.22066462698657993,54129600
1989-01-11,0.22172042727470398,0.22172042727470398,0.21749746498707417,0.2190810690483514,48297600
1989-01-12,0.22172042727470398,0.22699977807524485,0.22066469123385252,0.22066469123385252,54590400
1989-01-13,0.223832368850708,0.22488812223821628,0.22172026397674394,0.22172026397674394,35568000
1989-01-16,0.22436034679412842,0.2285833261720626,0.2227761268971067,0.22488823280953477,27532800
1989-01-17,0.21749727427959442,0.2233044698844313,0.21644152104023198,0.22224811854620538,41745600
1989-01-18,0.21749727427959442,0.21855300939474887,0.21221792810812673,0.21855300939474887,63633600
1989-01-19,0.2259439080953598,0.22699966171927474,0.22066457812513302,0.22066457812513302,84297600
1989-01-20,0.2285832315683365,0.22963898503798513,0.22488813973509605,0.22594387508053276,61027200
1989-01-23,0.223832368850708,0.22805534615232012,0.2233045012190591,0.22805534615232012,52228800
1989-01-24,0.22277601063251495,0.2259438506740525,0.22172025727690892,0.2238323620870504,56217600
1989-01-25,0.223832368850708,0.22488812223821628,0.22172026397674394,0.22383236885070798,49046400
1989-01-26,0.22911109030246735,0.2301668437309266,0.2217202725769155,0.22224815835325076,87134400
1989-01-27,0.23386263847351074,0.23861348535498042,0.22699970397617095,0.22858330752051553,166420800
1989-01-30,0.24706001579761505,0.24811575130647592,0.23333472921383375,0.23439048284690936,110088000
1989-01-31,0.25181153416633606,0.2544508916507886,0.24706007084603906,0.24917156045844485,125092800
1989-02-01,0.2502271831035614,0.25233928798476574,0.2491714478366446,0.25128293649468886,131212800
1989-02-02,0.2570902407169342,0.2660646829681786,0.2502272880089558,0.2512830418426979,180028800
1989-02-03,0.2576181888580322,0.26395327568556937,0.2533952265796383,0.2555067167809472,91324800
1989-02-06,0.2555064558982849,0.2576179258194718,0.2523392147680939,0.2565621908588784,87580800
1989-02-07,0.2623694837093353,0.26395310486652174,0.2555065514281441,0.2560344191058022,127094400
1989-02-08,0.26395317912101746,0.27028764740754413,0.259729584039948,0.26184168969217525,133315200
1989-02-09,0.2692318558692932,0.2734554503579729,0.2607853012394471,0.26184165296698364,199036800
1989-02-10,0.261313796043396,0.2681761314779536,0.2602574442720855,0.26606464225776544,129038400
1989-02-13,0.2586737871170044,0.2618416276711953,0.2576180335905452,0.2597295225192507,94075200
1989-02-14,0.25445085763931274,0.2628974311833533,0.25339512203633535,0.2613138096546709,62956800
1989-02-15,0.26289743185043335,0.26289743185043335,0.25445085828496034,0.25550661201483293,81936000
1989-02-16,0.2650088369846344,0.26817606091949653,0.2586737547675375,0.2639530835902066,61387200
1989-02-17,0.26395317912101746,0.2671204042021722,0.26289744346870497,0.26606466854985966,29692800
1989-02-21,0.26078543066978455,0.2650090272546762,0.2597296765173509,0.2628975370740326,33753600
1989-02-22,0.25339511036872864,0.2607853136219365,0.25339511036872864,0.25972955994335506,95515200
1989-02-23,0.2549787163734436,0.2565623378458105,0.2502272538572244,0.2544508485907266,75945600
1989-02-24,0.2481156587600708,0.25656222840057274,0.24811565876007083,0.25445074004621515,76017600
1989-02-27,0.25233936309814453,0.25445085238471177,0.24706003272049093,0.24811576830166654,68788800
1989-02-28,0.25128301978111267,0.25445086097919795,0.24917153042322646,0.25339512536236314,43444800
1989-03-01,0.2502271831035614,0.25445077664280996,0.2502271831035614,0.25339504137589314,59889600
1989-03-02,0.2565622627735138,0.25761799803003077,0.25022718063862653,0.25022718063862653,92304000
1989-03-03,0.26078543066978455,0.26184178292159893,0.2555067142802874,0.25656245030849734,68947200
1989-03-06,0.26184171438217163,0.26289746825825216,0.25761811890284414,0.26078536240686684,56635200
1989-03-07,0.2259439080953598,0.2533950972480314,0.2248881725956595,0.2523393436241165,788688000
1989-03-08,0.22172042727470398,0.2301670043220232,0.22119255925427825,0.22699977807524485,253612800
1989-03-09,0.21855317056179047,0.22277615038496418,0.2174974346681077,0.22277615038496418,123307200
1989-03-10,0.21855317056179047,0.22172039636706006,0.21538594475652084,0.2174974346681077,66902400
1989-03-13,0.22277601063251495,0.22277601063251495,0.2185530334585107,0.21960876868990678,60206400
1989-03-14,0.22277601063251495,0.22488811544265644,0.22066452204551282,0.22488811544265644,63720000
1989-03-15,0.2122180461883545,0.2227761100586219,0.2122180461883545,0.2227761100586219,104889600
1989-03-16,0.2164415717124939,0.2174973251990243,0.2132737312781115,0.2143300828636454,102888000
1989-03-17,0.19638124108314514,0.2132737515810462,0.19426913581001565,0.2122179979940117,245577600
1989-03-20,0.19638124108314514,0.19638124108314517,0.19321338222298115,0.19585335522752093,238996800
1989-03-21,0.21063438057899475,0.2111622482747665,0.19532547430889122,0.19743696321619106,224467200
1989-03-22,0.20693932473659515,0.2101065498661442,0.20482783527548995,0.20905081419770033,167025600
1989-03-23,0.2122180461883545,0.2122180461883545,0.20588359572446074,0.20588359572446074,87811200
1989-03-27,0.21010653674602509,0.21380226382662806,0.20905080114350674,0.21116229047275983,75542400
1989-03-28,0.21010653674602509,0.2132737798020129,0.20799506554098837,0.21221802607527818,70804800
1989-03-29,0.2090507596731186,0.2101064950662057,0.20799502428003144,0.2101064950662057,30009600
1989-03-30,0.21063438057899475,0.2111622482747665,0.20746713815593862,0.21010649475901022,46742400
1989-03-31,0.21063438057899475,0.21221798366631006,0.20905075936746667,0.2111622482747665,29736000
1989-04-03,0.2122180461883545,0.2143301519411395,0.20957868880769576,0.21116231048577824,35049600
1989-04-04,0.21116229891777039,0.21221803456251076,0.2090508095040725,0.21221803456251076,25027200
1989-04-05,0.21274589002132416,0.21327375776804772,0.21010651503927746,0.21116226865693905,19641600
1989-04-06,0.2164415717124939,0.2174973251990243,0.21221797779158114,0.2132737312781115,51681600
1989-04-07,0.2164415717124939,0.2185530605613424,0.21538583635017577,0.21644157171249392,29448000
1989-04-10,0.21696947515010834,0.22066458577559858,0.21644160738195695,0.21644160738195695,28670400
1989-04-11,0.21696947515010834,0.21960883211508056,0.21274589865736462,0.21749736104247497,28728000
1989-04-12,0.20324353873729706,0.2185530413358837,0.20113205007418988,0.2185530413358837,71020800
1989-04-13,0.20588362216949463,0.2127459594903379,0.2006042723824306,0.20166002634483285,92880000
1989-04-14,0.21433009207248688,0.21644158101205696,0.20799502715474733,0.20799502715474733,62625600
1989-04-17,0.21749727427959442,0.22119236530684294,0.21433003268571513,0.21644152104023198,51638400
1989-04-18,0.22488820552825928,0.22488820552825925,0.2196088566607107,0.2217203460935322,69336000
1989-04-19,0.23175054788589478,0.23544625712293724,0.23016692623763907,0.23227841572724078,168969600
1989-04-20,0.2365020364522934,0.23861350804553977,0.23016695107642599,0.23227844079389204,138801600
1989-04-21,0.2333347052335739,0.23650194768308241,0.232278353609975,0.23650194768308241,58190400
1989-04-24,0.23280689120292664,0.234390512792757,0.23016691774597406,0.2322784071576755,29332800
1989-04-25,0.23122255504131317,0.23544614829162927,0.2301668198466183,0.2343904130969344,24897600
1989-04-26,0.2280554175376892,0.23227839616116813,0.22647179602283055,0.23227839616116813,44510400
1989-04-27,0.23122255504131317,0.23175044076286994,0.2280553313330192,0.2280553313330192,34588800
1989-04-28,0.23597408831119537,0.23755770971347231,0.2269996658062254,0.2312226260052724,69782400
1989-05-01,0.2306947559118271,0.23650197180191754,0.2291111345255727,0.23386259678342197,33739200
1989-05-02,0.2280554175376892,0.23227839616116813,0.22594392822594972,0.2312226424431903,34372800
1989-05-03,0.2280554175376892,0.2312226424431903,0.2280554175376892,0.2280554175376892,28857600
1989-05-04,0.22172042727470398,0.22911125015694783,0.22066469123385252,0.22911125015694783,37425600
1989-05-05,0.219608873128891,0.22488822239233097,0.21855313739542062,0.22488822239233097,35827200
1989-05-08,0.21749727427959442,0.22066449774926572,0.21538578592507754,0.2196087445099033,49003200
1989-05-09,0.223832368850708,0.22594385750151405,0.21749730479934234,0.21855304006264012,54590400
1989-05-10,0.2280554175376892,0.2312226424431903,0.2248881926321881,0.22594392822594972,58752000
1989-05-11,0.2280554175376892,0.22911115313145083,0.22594392822594972,0.22911115313145083,34401600
1989-05-12,0.22911109030246735,0.2322783324636339,0.225943866265512,0.23069471138305062,71092800
1989-05-15,0.23122255504131317,0.23227830836021737,0.2280553313330192,0.22858319893036663,74736000
1989-05-16,0.23755767941474915,0.23861341479880596,0.23016686113048537,0.23122259651454216,83433600
1989-05-17,0.24230912327766418,0.24494847966772895,0.23808552958069287,0.23808552958069287,89812800
1989-05-18,0.2460043579339981,0.24758796169711514,0.24178076209374927,0.24178076209374927,52574400
1989-05-19,0.2460043579339981,0.2512830733928291,0.2454764718887386,0.2454764718887386,62568000
1989-05-22,0.2502271831035614,0.25128293649468886,0.2438927352536393,0.24600422391168353,74275200
1989-05-23,0.23914127051830292,0.24917144412458977,0.23755764951730926,0.2460042202468127,97545600
1989-05-24,0.24283702671527863,0.24283702671527863,0.2354462078859614,0.2370298292030471,69364800
1989-05-25,0.24283702671527863,0.24706000481136453,0.2407249214439618,0.24283702671527863,33840000
1989-05-26,0.24864356219768524,0.24917142979291818,0.24389271759217032,0.2449484527826362,37886400
1989-05-30,0.24917162954807281,0.25181160398796887,0.24706013935019877,0.24917162954807281,63907200
1989-05-31,0.2555064558982849,0.2576179258194718,0.24917137553912694,0.24917137553912694,80971200
1989-06-01,0.25339511036872864,0.2565623351560419,0.25233935669014723,0.2544508459230946,62798400
1989-06-02,0.2460043579339981,0.25445091526677943,0.24600435793399808,0.25392304734574045,54043200
1989-06-05,0.23966926336288452,0.24706008457843986,0.23861350943589,0.24706008457843986,61416000
1989-06-06,0.24706001579761505,0.2475878835520455,0.23861344300656767,0.23966919663964328,53899200
1989-06-07,0.25233936309814453,0.25339511680353616,0.24811576830166654,0.24811576830166654,44928000
1989-06-08,0.25233936309814453,0.25445085238471177,0.2512830112936254,0.25233936309814453,29217600
1989-06-09,0.25233936309814453,0.253922984594124,0.2502272575882338,0.25233936309814453,36144000
1989-06-12,0.24917162954807281,0.25445096220425545,0.24758800736861133,0.2523394720063814,51681600
1989-06-13,0.24178063869476318,0.2470599676826483,0.2417806386947632,0.24653210003102016,40564800
1989-06-14,0.2438928335905075,0.24494856928309383,0.23861348453151363,0.2438928335905075,47304000
1989-06-15,0.23966926336288452,0.2438928590458959,0.23755777363311525,0.2438928590458959,52113600
1989-06-16,0.23966926336288452,0.24072499916565923,0.23755777363311525,0.23914139546149715,47361600
1989-06-19,0.238613560795784,0.2407250509800367,0.2343905985515023,0.2407250509800367,27158400
1989-06-20,0.23016706109046936,0.2396693765222929,0.2301670610904694,0.23861362209682604,45806400
1989-06-21,0.23227836191654205,0.2365019561406905,0.22488815947709406,0.22488815947709406,80496000
1989-06-22,0.2343905121088028,0.2343905121088028,0.23227840647988446,0.23333475834392425,36072000
1989-06-23,0.23386263847351074,0.236502013962521,0.2333347706253959,0.23439052444584357,33537600
1989-06-26,0.23122255504131317,0.2343904130969344,0.22911106652771407,0.23333465977803017,30240000
1989-06-27,0.22752754390239716,0.23333474199085533,0.22699967611906158,0.23122263650996214,35899200
1989-06-28,0.22277601063251495,0.22805533926105465,0.21960876868990678,0.22805533926105465,57456000
1989-06-29,0.219608873128891,0.22330460066790683,0.2164416478042613,0.22330460066790683,77198400
1989-06-30,0.223832368850708,0.22594385750151405,0.21644155141183405,0.2196087753259379,67248000
1989-07-03,0.2280554175376892,0.22911115313145083,0.22436030671109108,0.22436030671109108,14688000
1989-07-05,0.2333347052335739,0.2343904587581477,0.2280553757601056,0.2301668646850403,26539200
1989-07-06,0.22277601063251495,0.2365019098322025,0.22119238966121088,0.23544615647659647,94780800
1989-07-07,0.2259439080953598,0.2291111327186754,0.2222481994988981,0.22277606724874827,41457600
1989-07-10,0.23175054788589478,0.23227841572724078,0.2259439472584357,0.2269997010653454,27259200
1989-07-11,0.2259439080953598,0.23439048081311678,0.2248881725956595,0.23175050771635541,43488000
1989-07-12,0.22488820552825928,0.2259439411825614,0.2196088566607107,0.2238324517497399,52156800
1989-07-13,0.223832368850708,0.22699961088902235,0.22172026397674394,0.22436023648235687,33408000
1989-07-14,0.22277601063251495,0.2259438506740525,0.2185530334585107,0.22488811544265644,42768000
1989-07-17,0.22488820552825928,0.2259439411825614,0.2217203460935322,0.22277609987205158,31291200
1989-07-18,0.2259439080953598,0.2291111327186754,0.2248881725956595,0.2248881725956595,42984000
1989-07-19,0.2285832315683365,0.23016685271070347,0.22488813973509605,0.22805536389561812,29764800
1989-07-20,0.2259439080953598,0.23333472718920187,0.22594390809535983,0.2291111327186754,44524800
1989-07-21,0.2333347052335739,0.23861341848380424,0.22277604628663727,0.22383239791023618,99763200
1989-07-24,0.2333347052335739,0.23544619415850862,0.2291111111604665,0.23122260008540121,38361600
1989-07-25,0.219608873128891,0.24072498336313036,0.21749740166195028,0.23227842689927927,326030400
1989-07-26,0.22277601063251495,0.22488811544265644,0.21960876868990678,0.22277601063251495,123638400
1989-07-27,0.22699964046478271,0.22805537586563213,0.22488815153887096,0.2264717546401451,45561600
1989-07-28,0.22911109030246735,0.2301668437309266,0.22488813096126395,0.2280553549982193,29217600
1989-07-31,0.23122255504131317,0.23227830836021737,0.22699959613832435,0.2280553313330192,33336000
1989-08-01,0.22911109030246735,0.23333468399106383,0.2280553549982193,0.23122257903517465,62136000
1989-08-02,0.22911109030246735,0.23122257903517465,0.2280553549982193,0.2280553549982193,28368000
1989-08-03,0.23227836191654205,0.2333347135779174,0.22911111935376896,0.22963900519704017,27590400
1989-08-04,0.24072489142417908,0.24283699643210424,0.23016684940155316,0.23122258473181137,178128000
1989-08-07,0.2438928335905075,0.24494856928309383,0.24072497404090418,0.2438928335905075,93571200
1989-08-08,0.24917162954807281,0.25022736558489794,0.2428371589544507,0.2428371589544507,110548800
1989-08-09,0.2481156587600708,0.2533950049311403,0.24811565876007083,0.24864354444181622,113774400
1989-08-10,0.24706001579761505,0.24917150493955156,0.24600428028875415,0.24917150493955156,48340800
1989-08-11,0.2438928335905075,0.2512830378112655,0.2438928335905075,0.24917154830187493,61473600
1989-08-14,0.24072489142417908,0.24389274988657414,0.24072489142417908,0.24389274988657414,68990400
1989-08-15,0.24283702671527863,0.24494851576332158,0.23914131825109003,0.2407249214439618,17856000
1989-08-16,0.23597408831119537,0.24494852894038027,0.23439048503313334,0.24389279342167225,46670400
1989-08-17,0.238613560795784,0.23966931495002217,0.2333348443972641,0.2354463345815168,39960000
1989-08-18,0.24283702671527863,0.24389278030140707,0.23861343239591884,0.23861343239591884,24912000
1989-08-21,0.23702983558177948,0.24442065460999174,0.23650196783661673,0.24283703325028905,32097600
1989-08-22,0.24653218686580658,0.24811579037847564,0.23650200923196701,0.23650200923196701,64771200
1989-08-23,0.2502271831035614,0.2518114203513073,0.24494847052055613,0.24758782681205876,46094400
1989-08-24,0.24917162954807281,0.25550671636530436,0.24600440331337367,0.252867340024794,92764800
1989-08-25,0.24864356219768524,0.25022716498338404,0.24389271759217032,0.24811567647824304,85147200
1989-08-28,0.2496993988752365,0.25128302042878703,0.24600430608257418,0.248115777321686,28540800
1989-08-29,0.24706001579761505,0.2533950994467259,0.2465321480431846,0.25286721356808073,54417600
1989-08-30,0.2502271831035614,0.2518114203513073,0.24705995917860035,0.24811569444551718,40377600
1989-08-31,0.2481156587600708,0.2523392516918575,0.24811565876007083,0.25128290035371126,14198400
1989-09-01,0.2528671622276306,0.25445078329360893,0.24811570093073063,0.24917145434945318,44409600
1989-09-05,0.25339511036872864,0.25761807071040776,0.2518114889129643,0.25233935669014723,93340800
1989-09-06,0.2502271831035614,0.25339504137589314,0.24811569444551718,0.25233928798476574,42379200
1989-09-07,0.2460043579339981,0.25022731942653065,0.2449486039676996,0.24917158358445263,41904000
1989-09-08,0.24917162954807281,0.25128311974594686,0.24389291311549963,0.24494864915232473,39787200
1989-09-11,0.25075510144233704,0.25128296914438236,0.247059991279594,0.24811572668368462,27907200
1989-09-12,0.25445085763931274,0.25761808257246116,0.25022726275561435,0.25128301648280804,67795200
1989-09-13,0.26289743185043335,0.2681761461271472,0.25550661201483293,0.2576180832261453,181022400
1989-09-14,0.2692318558692932,0.272399714853735,0.26289740659543626,0.2650088957281268,78163200
1989-09-15,0.2650088369846344,0.2723996544719484,0.2639530835902066,0.2702875495841415,89150400
1989-09-18,0.26817625761032104,0.26817625761032104,0.26395327718373424,0.26395327718373424,39110400
1989-09-19,0.26395317912101746,0.27028764740754413,0.26395317912101746,0.2692318936310144,49204800
1989-09-20,0.2745111584663391,0.2745111584663391,0.2628973630011767,0.26500885178373523,72129600
1989-09-21,0.2766227126121521,0.28190206144721025,0.2723997518967155,0.2776784663841741,89352000
1989-09-22,0.27873414754867554,0.27873414754867554,0.27345543409303075,0.2766226585415749,43948800
1989-09-25,0.2829577624797821,0.2871807408028238,0.2766226787719125,0.27873416793343336,69940800
1989-09-26,0.28401339054107666,0.2850691255929176,0.28084614913714,0.2829576373650288,39988800
1989-09-27,0.28137415647506714,0.2845413994527751,0.2776784476100216,0.2797899368870883,69235200
1989-09-28,0.2871807813644409,0.2871807813644409,0.2808463129851935,0.2808463129851935,41428800
1989-09-29,0.28929221630096436,0.29351581064783117,0.2861249736461657,0.28718072723916993,64324800
1989-10-02,0.29404371976852417,0.2956273231945997,0.2871807676595156,0.2882365032768993,50428800
1989-10-03,0.2914043366909027,0.29773878608041643,0.29087645080493074,0.29773878608041643,68918400
1989-10-04,0.31885555386543274,0.31991128953968684,0.28929227260211443,0.2914043782982382,260020800
1989-10-05,0.33469218015670776,0.34736234437503466,0.3177990749294603,0.318855426404842,284760000
1989-10-06,0.3368038237094879,0.33997168322444277,0.3304693733748172,0.33627593774475056,87609600
1989-10-09,0.34525030851364136,0.3463060439214145,0.3336364940596164,0.33574800112358866,58536000
1989-10-10,0.34313878417015076,0.35052962037247515,0.3410273134609323,0.3484181134148325,68299200
1989-10-11,0.3378600776195526,0.339971584617636,0.3336364836485877,0.33891581299438184,106401600
1989-10-12,0.3315250873565674,0.33997166097230075,0.33046935174462916,0.33786015349999127,58881600
1989-10-13,0.31040892004966736,0.3294135359715888,0.30829683288398246,0.32835780050038604,102643200
1989-10-16,0.31991127133369446,0.3220227788104731,0.2914043617145599,0.2987945653864188,253065600
1989-10-17,0.33205291628837585,0.3441945819113784,0.31357618491782685,0.31779916335011943,177206400
1989-10-18,0.339971661567688,0.3410273971814751,0.33152508793716223,0.3331087094820595,134784000
1989-10-19,0.35580843687057495,0.3631992389738769,0.3389159050672131,0.3420831483005664,179424000
1989-10-20,0.3600320816040039,0.36108781741113155,0.3484182627568055,0.3547527500964507,93542400
1989-10-23,0.3510575294494629,0.36214345939681714,0.34841817249120904,0.3579204810139249,60912000
1989-10-24,0.34155526757240295,0.3484182200741273,0.33258084371508734,0.3484182200741273,157089600
1989-10-25,0.3368038237094879,0.34947399307406835,0.33469231609897404,0.3441946259485996,71481600
1989-10-26,0.32835790514945984,0.3389159519465182,0.3273015531183138,0.3325808846285809,135460800
1989-10-27,0.3251899480819702,0.3294135425224815,0.32202274160537714,0.3283578070302838,97041600
1989-10-30,0.33627599477767944,0.336803880831947,0.3288858075085823,0.32941365731440836,45921600
1989-10-31,0.34525030851364136,0.3463060439214145,0.3378600881623773,0.33891582357015043,56563200
1989-11-01,0.34683454036712646,0.3505296689934357,0.3452503390164734,0.3452503390164734,74649600
1989-11-02,0.32202282547950745,0.3415552964886805,0.32096708971233257,0.3415552964886805,226051200
1989-11-03,0.33046939969062805,0.3325808712208464,0.3220228248494273,0.3230785606145365,98755200
1989-11-06,0.3262457549571991,0.33680379973636004,0.3230785118910851,0.3304693498525648,88027200
1989-11-07,0.3420831859111786,0.34789040328471776,0.32624580805324715,0.3273015438309604,131544000
1989-11-08,0.35158538818359375,0.3568647179156353,0.3463060584515522,0.3468345242766412,106488000
1989-11-09,0.35369691252708435,0.35686477183361304,0.34841819822076064,0.3547526843870955,111528000
1989-11-10,0.35686469078063965,0.35897619777265244,0.35369683219361153,0.35475260381383034,59169600
1989-11-13,0.3721735179424286,0.37270136739232096,0.353696757284838,0.35686461520095136,178905600
1989-11-14,0.3653106689453125,0.3769250636998367,0.36319916182213074,0.3748129766018224,95241600
1989-11-15,0.37375718355178833,0.3769250055988773,0.3642548773600078,0.3663669641324553,94492800
1989-11-16,0.3695342540740967,0.3769250544255737,0.36425492454542147,0.3758693190141728,68054400
1989-11-17,0.36689504981040955,0.37270161510907146,0.36636716376123973,0.37006225736010484,31651200
1989-11-20,0.3653106689453125,0.36636702060594944,0.35686471294943956,0.36636702060594944,56937600
1989-11-21,0.3721735179424286,0.37375713878893985,0.36531056888340024,0.36531056888340024,67118400
1989-11-22,0.3727015554904938,0.3737573274199486,0.36953434844743543,0.3727015554904938,38232000
1989-11-24,0.3700622022151947,0.37586941912043437,0.3695343524931238,0.37534153314992763,17971200
1989-11-27,0.3663671016693115,0.37059008060163556,0.3621435065135915,0.3695343449306633,37281600
1989-11-28,0.3674227297306061,0.3727014427878886,0.3642549074220758,0.3674227297306061,56664000
1989-11-29,0.3610877990722656,0.3716458453276764,0.35580846783283815,0.36953437382065824,85896000
1989-11-30,0.3674227297306061,0.3684785013408021,0.3536968288358709,0.35475260044606693,111211200
1989-12-01,0.3589763045310974,0.37059008579480496,0.35844841856399634,0.36795072845617083,52070400
1989-12-04,0.364254891872406,0.3684784856108314,0.35633678637607363,0.35897617904046636,40536000
1989-12-05,0.3663671016693115,0.36847860925969106,0.3631992421845638,0.3663671016693115,44049600
1989-12-06,0.3600320816040039,0.3674228847258124,0.35686483793418133,0.36531079688808177,57384000
1989-12-07,0.3610877990722656,0.36425504258123076,0.35475273207932906,0.35475273207932906,40348800
1989-12-08,0.357920378446579,0.36319909085039415,0.3505295793574666,0.36108762038823605,107625600
1989-12-11,0.35052967071533203,0.3579204717306945,0.3463060762186696,0.3579204717306945,103377600
1989-12-12,0.34841814637184143,0.3536968598926274,0.33997161026437084,0.3536968598926274,93628800
1989-12-13,0.3378600776195526,0.3484181200879178,0.33469221902341695,0.3410273199924652,95788800
1989-12-14,0.32941362261772156,0.33680384535685814,0.32941362261772156,0.33363660186173705,61516800
1989-12-15,0.3251899480819702,0.3315250497553058,0.3167434116726682,0.3304693142631081,107164800
1989-12-18,0.33046939969062805,0.33363660698595554,0.3251900321447548,0.32624580415830223,78436800
1989-12-19,0.33944377303123474,0.3399716589582932,0.32835784232711285,0.33046934978691367,70473600
1989-12-20,0.34947389364242554,0.350529629023089,0.3410273218770416,0.34313879263836844,111009600
1989-12-21,0.35264119505882263,0.35264119505882263,0.3431388853455003,0.3494739880611361,55022400
1989-12-22,0.3621433675289154,0.36425487430893333,0.3494738556193329,0.3526410614167281,54892800
1989-12-26,0.3610877990722656,0.3647828923337664,0.35792055556330044,0.3626714208267482,23817600
1989-12-27,0.364254891872406,0.3674227140457052,0.3600319143571697,0.36319912030727974,62798400
1989-12-28,0.3600320816040039,0.36214355321825914,0.35052977061950047,0.3526412422337557,123091200
1989-12-29,0.3674227297306061,0.3727014427878886,0.3600319297265649,0.3610876650883365,77630400
1990-01-02,0.3748130798339844,0.3748130798339844,0.3637271478438737,0.3684786292166395,53035200
1990-01-03,0.37692496180534363,0.3811479386616787,0.37375714012631234,0.3779807332057403,113774400
1990-01-04,0.3880111277103424,0.38853901373701133,0.37481310708106813,0.37692519491433857,125740800
1990-01-05,0.3785088360309601,0.38853903353310515,0.3779809862258368,0.38642752556728766,69566400
1990-01-08,0.38431528210639954,0.3843152821063995,0.3737572390716309,0.37798083326917736,58982400
1990-01-09,0.383259654045105,0.3885389851531217,0.3811481463422076,0.38431538977233515,70300800
1990-01-10,0.3727015554904938,0.38537172485483684,0.3721737057742018,0.38009239397790245,103766400
1990-01-11,0.3653106689453125,0.3779808353856411,0.3589762200726213,0.3748129766018224,95774400
1990-01-12,0.36372724175453186,0.3684787243540819,0.3547528151520556,0.35950426150315923,148910400
1990-01-15,0.36372724175453186,0.36742295210490394,0.3600321476277482,0.3621436196292114,62467200
1990-01-16,0.3748130798339844,0.37692516751371635,0.35686481123823466,0.3610877903992769,80092800
1990-01-17,0.3695342540740967,0.3822037677310045,0.3674227470028687,0.3716457248968985,97588800
1990-01-18,0.4012085795402527,0.4012085795402527,0.3779810116462152,0.378508861486838,292363200
1990-01-19,0.39751341938972473,0.40543210813842545,0.39487406188130586,0.4022642846539414,99259200
1990-01-22,0.383259654045105,0.3969855596912659,0.38220388206943784,0.3969855596912659,167688000
1990-01-23,0.37903663516044617,0.3853717013317069,0.37692512767885855,0.3843153494917655,139348800
1990-01-24,0.383259654045105,0.383259654045105,0.36795074290730906,0.3716458360768332,180345600
1990-01-25,0.383259654045105,0.3906504566075821,0.38220388206943784,0.3864274774502243,112752000
1990-01-26,0.383259654045105,0.38537174172299415,0.38009241061497745,0.38220388206943784,68083200
1990-01-29,0.38642749190330505,0.38959473545189316,0.3811481605978319,0.38642749190330505,55080000
1990-01-30,0.38537153601646423,0.3906502480833413,0.3800922077264873,0.3874830425922656,73108800
1990-01-31,0.39065033197402954,0.3906503319740296,0.3853716187735687,0.3885388611932154,112939200
1990-02-01,0.395929753780365,0.39804126130228457,0.390650423124841,0.390650423124841,89193600
1990-02-02,0.395929753780365,0.40331997573443257,0.3927619306467605,0.3927619306467605,71395200
1990-02-05,0.3980411887168884,0.3980411887168884,0.3938175944683071,0.39540183198211826,59731200
1990-02-06,0.3969856798648834,0.398041415911701,0.3895948388166491,0.3969856798648834,81964800
1990-02-07,0.393817663192749,0.40015272943529706,0.3927619275642918,0.3948740150445773,134150400
1990-02-08,0.3980411887168884,0.4012083950495563,0.3938175944683071,0.39540183198211826,95227200
1990-02-09,0.39909693598747253,0.40015267146297956,0.3969854650364585,0.3980412005119655,62380800
1990-02-12,0.4001528322696686,0.4033200762174167,0.39698562457036335,0.39909709636990015,56088000
1990-02-13,0.4001528322696686,0.4022643403176483,0.39909709636990015,0.40120856816943695,58752000
1990-02-14,0.4012085795402527,0.4022643517183861,0.3990971076808738,0.4022643517183861,35870400
1990-02-15,0.4096549451351166,0.4138785391549333,0.40120837331871323,0.40120837331871323,89496000
1990-02-16,0.4138786494731903,0.4170458927269568,0.41282229758135197,0.4149343851416341,70876800
1990-02-20,0.4233807623386383,0.4244364975161684,0.40965486383927685,0.41282210562028526,132652800
1990-02-21,0.40595993399620056,0.42232457884678176,0.40437631247607647,0.4170458646119897,103348800
1990-02-22,0.40701568126678467,0.4149343690694356,0.4064878315772261,0.4085993028323275,60811200
1990-02-23,0.41176655888557434,0.41282229454625635,0.4033199848798588,0.40437633676393075,56851200
1990-02-26,0.4191572070121765,0.42232444907922684,0.41071063610915964,0.4117664076304573,69220800
1990-02-27,0.4138786494731903,0.4202130997322884,0.41387864947319025,0.4202130997322884,62020800
1990-02-28,0.41704583168029785,0.4212688099843539,0.41387858889014845,0.41387858889014845,39312000
1990-03-01,0.42232459783554077,0.4297153998205382,0.41599014771866427,0.41599014771866427,76867200
1990-03-02,0.43816182017326355,0.44080117648454004,0.4228529155956425,0.42338080135726636,100209600
1990-03-05,0.4444969892501831,0.4466084601262155,0.4318268228021876,0.4371061524639556,75528000
1990-03-06,0.4413290023803711,0.4434410888666862,0.4328830488306021,0.4423853537350692,68630400
1990-03-07,0.4339389503002167,0.44555276616815614,0.43393895030021673,0.44238552331081726,47606400
1990-03-08,0.4487200081348419,0.45294360308460735,0.4297153895435287,0.43499475636121904,88977600
1990-03-09,0.4497758150100708,0.4561108816918953,0.4444971002533226,0.44766430735830987,75744000
1990-03-12,0.457166463136673,0.45927797007597027,0.44766415630768885,0.4487198916531256,68875200
1990-03-13,0.4487200081348419,0.46033382491791486,0.44872000813484186,0.45822231743049846,85204800
1990-03-14,0.45558303594589233,0.45927816560065354,0.44766434688811746,0.4529436783344568,130968000
1990-03-15,0.46878018975257874,0.47194801142315523,0.4550549078451335,0.45558275729550585,81676800
1990-03-16,0.4814503788948059,0.48672909157329863,0.47194807260066335,0.4730038441350993,118900800
1990-03-19,0.4920087158679962,0.49412018755215226,0.4772270366381486,0.48039489663631935,81172800
1990-03-20,0.477227121591568,0.493064539482786,0.47511564953153895,0.49200880345277154,92145600
1990-03-21,0.47828254103660583,0.48778484701729824,0.4740595637834296,0.4766989200356122,69840000
1990-03-22,0.46983593702316284,0.4803945937302027,0.46561296006914915,0.4793382423306965,92419200
1990-03-23,0.46561306715011597,0.4782826171489878,0.4603337375824641,0.4730039038045849,53596800
1990-03-26,0.4708925187587738,0.475115497778449,0.4661410737935029,0.4666689235156899,55929600
1990-03-27,0.4751153588294983,0.4772268295976119,0.4677245224210219,0.46930814362131973,52516800
1990-03-28,0.46878018975257874,0.47405951796989587,0.4582221132926187,0.47405951796989587,99532800
1990-03-29,0.4666689932346344,0.47617130460982016,0.4645575215335672,0.46614114343358826,64785600
1990-03-30,0.46772462129592896,0.4687803931515965,0.4613901714040885,0.46455741447422516,36691200
1990-04-02,0.4708925187587738,0.47458761180782616,0.4613902088032048,0.46350171643726035,74059200
1990-04-03,0.4898970127105713,0.4909527481319369,0.4751153756196732,0.4761711110410388,84643200
1990-04-04,0.4941200315952301,0.5015108688774166,0.48778496607033395,0.4898970533113571,79646400
1990-04-05,0.4835619628429413,0.49464789195851144,0.4835619628429413,0.49359212025568083,66369600
1990-04-06,0.48250624537467957,0.48672918734970805,0.47828265092792954,0.4846177163621938,72878400
1990-04-09,0.4835619628429413,0.4867291692061503,0.48039472023130464,0.48039472023130464,31176000
1990-04-10,0.49834325909614563,0.49834325909614563,0.4835622296116417,0.48409007950583044,45187200
1990-04-11,0.5110129117965698,0.5110129117965698,0.4993991022618286,0.5004548372224221,70372800
1990-04-12,0.5099574327468872,0.5152361468224892,0.5067896098272506,0.514180411257055,48254400
1990-04-16,0.5131245255470276,0.5215710963191592,0.5078451967928678,0.5152359960600615,39470400
1990-04-17,0.5236825942993164,0.5321291655144702,0.5046779812452282,0.5120688171484917,66780000
1990-04-18,0.5120689868927002,0.5215712965696364,0.4962315745243866,0.5205155609077835,97797600
1990-04-19,0.5025666356086731,0.5173476586195994,0.5004551282113425,0.5067896141549024,58003200
1990-04-20,0.5004549622535706,0.5110130394654951,0.4962313688846035,0.5067894460965281,44661600
1990-04-23,0.49834325909614563,0.5025668557155032,0.4835622296116417,0.4972875230593205,64879200
1990-04-24,0.4898970127105713,0.5046780335782192,0.4772268464624044,0.5046780335782192,47916000
1990-04-25,0.4898970127105713,0.4962314614871913,0.48145044061954345,0.492008519801729,53870400
1990-04-26,0.4846176505088806,0.4962314280821963,0.4835619151585844,0.49411995738160375,46296000
1990-04-27,0.4751153588294983,0.4835619306220315,0.4698360294375607,0.4825061952379747,57124800
1990-04-30,0.4898970127105713,0.48989701271057134,0.4708923976857844,0.4751153756196732,51451200
1990-05-01,0.48250624537467957,0.4962314955136726,0.4793383864216867,0.4962314955136726,52473600
1990-05-02,0.4920087158679962,0.49412018755215226,0.4835621404109944,0.4835621404109944,33264000
1990-05-03,0.49834325909614563,0.5046783277891533,0.49200880662674734,0.49412027870039754,45892800
1990-05-04,0.5215714573860168,0.5215714573860168,0.49834323575093875,0.5025668321724392,47815200
1990-05-07,0.5405757427215576,0.5574688490906918,0.5194596225612076,0.5236826001040004,97351200
1990-05-08,0.5300176739692688,0.5363521218389931,0.5257940804168169,0.5300176739692688,50824800
1990-05-09,0.5300176739692688,0.5342406150501374,0.5236825736279612,0.531073409239486,35164800
1990-05-10,0.5447988510131836,0.5490224457928099,0.5300178279670603,0.5342407702749137,48801600
1990-05-11,0.5532454252243042,0.5574690202873404,0.5342408061233147,0.5490224826330847,49168800
1990-05-14,0.5553567409515381,0.5616918051220916,0.5532452341367956,0.5595803345557709,47232000
1990-05-15,0.5469110012054443,0.5553569592880679,0.5426874059407206,0.553245451643194,54122400
1990-05-16,0.5469110012054443,0.5469110012054443,0.5363523392795592,0.5447989135855946,38556000
1990-05-17,0.5469110012054443,0.5511339802467561,0.5426874059407206,0.5469110012054443,41731200
1990-05-18,0.5764737725257874,0.5849203483792262,0.5447990133921744,0.545854749283803,101822400
1990-05-21,0.5933662056922913,0.6102593182377697,0.5806966522085644,0.5806966522085644,159595200
1990-05-22,0.6039247512817383,0.6102592005662518,0.5828080474978411,0.599701156785953,142437600
1990-05-23,0.6408777832984924,0.641934207832747,0.6070921710927664,0.6081479069066617,141184800
1990-05-24,0.646156907081604,0.6651615219957688,0.6419339654207226,0.6482683779120447,146649600
1990-05-25,0.6271522045135498,0.644045346236205,0.6250407339782187,0.6271522045135498,104688000
1990-05-29,0.6355990171432495,0.6377105610990316,0.6250410073768424,0.6271524788357504,61480800
1990-05-30,0.637710452079773,0.6461569889433014,0.631375313817326,0.6429897460479557,65073600
1990-05-31,0.6165945529937744,0.63771072287721,0.6123709565326246,0.6313755819246093,69436800
1990-06-01,0.6345434784889221,0.635599178237509,0.616594552849957,0.6187060973409156,69069600
1990-06-04,0.646156907081604,0.6524919720445991,0.6250408213369985,0.6324316579636402,59162400
1990-06-05,0.6197615265846252,0.6546035179128367,0.6144828126549934,0.6524920468403561,80258400
1990-06-06,0.6165945529937744,0.6292641099300508,0.6123709565326246,0.6187060974852254,86292000
1990-06-07,0.6081477999687195,0.6229294762047317,0.5997012262224608,0.6187058812199169,90122400
1990-06-08,0.6208173036575317,0.6229294272197514,0.6039247737167545,0.6081477521461182,63770400
1990-06-11,0.6324318647384644,0.6377105797888786,0.6165944146434493,0.6165944146434493,58240800
1990-06-12,0.6408777832984924,0.641934207832747,0.6292640006252853,0.6377106121052466,46656000
1990-06-13,0.646156907081604,0.656714986202333,0.6345431287940808,0.640877541285403,80265600
1990-06-14,0.637710452079773,0.6482684600412446,0.6271523716214396,0.6461569889433014,58204800
1990-06-15,0.6419341564178467,0.6503800422525463,0.6292639502251891,0.6292639502251891,51552000
1990-06-18,0.6324318647384644,0.644045646823136,0.6292639687369543,0.639822051309669,52790400
1990-06-19,0.633487343788147,0.6377103578569373,0.6229293373866395,0.6313752205305181,41716800
1990-06-20,0.6556593775749207,0.6567151495010954,0.6334875146534139,0.6366547579350679,39564000
1990-06-21,0.6503798961639404,0.656715034085705,0.6419340122263588,0.6546034906044517,34308000
1990-06-22,0.6398217082023621,0.6567148487503106,0.6377102378138573,0.6524918354764636,34034400
1990-06-25,0.629263699054718,0.6461568414218313,0.6271522284388362,0.6387660055462155,68983200
1990-06-26,0.6313756108283997,0.6387664518681793,0.6292641387371799,0.6355992074829017,50198400
1990-06-27,0.6440456509590149,0.6461571224933645,0.6292639727779094,0.6313754443122591,35762400
1990-06-28,0.646156907081604,0.6524919720445991,0.6429896645875166,0.6472126787452506,30052800
1990-06-29,0.6419341564178467,0.6461570993351965,0.6355990170730809,0.6461570993351965,34956000
1990-07-02,0.6229293942451477,0.6419340104937095,0.6218729700356519,0.6419340104937095,35474400
1990-07-03,0.6081477999687195,0.620817352476422,0.6039248212072756,0.6197615805997359,79257600
1990-07-05,0.6102592349052429,0.6123707060360825,0.5975897194000086,0.6039247852642929,61855200
1990-07-06,0.6187056303024292,0.6250406939745495,0.6060360829328907,0.6092033247815998,41803200
1990-07-09,0.6271522045135498,0.6313751455842121,0.6187056699006435,0.6208171404359746,37317600
1990-07-10,0.6229293942451477,0.6334874016103479,0.6208172707947326,0.6271523362025403,29700000
1990-07-11,0.637710452079773,0.6398219231777161,0.6187058347579112,0.6250409005234964,28922400
1990-07-12,0.6546035408973694,0.6567150845408516,0.6355989231373952,0.6355989231373952,89042400
1990-07-13,0.6619940996170044,0.6799430104870899,0.6546032649986856,0.656714807752206,93628800
1990-07-16,0.6693843603134155,0.6820545607801631,0.6630499488000346,0.665161419304495,48729600
1990-07-17,0.6567153334617615,0.671496942034445,0.6503801926520038,0.6704412423094156,54475200
1990-07-18,0.6419341564178467,0.6567151815973121,0.6377105610286299,0.6524921661830883,41853600
1990-07-19,0.6482685208320618,0.6482685208320618,0.6229294878402245,0.6366547399841154,63136800
1990-07-20,0.6187056303024292,0.6609384456576738,0.6165940874053979,0.6503797162167888,87724800
1990-07-23,0.6081477999687195,0.6250409474612368,0.6018127337273995,0.6187058812199169,74203200
1990-07-24,0.5870319604873657,0.6123710038196979,0.5638037368405562,0.6123710038196979,137102400
1990-07-25,0.6039247512817383,0.6060362585421958,0.5806965402373836,0.5912545840176824,60148800
1990-07-26,0.5806967616081238,0.6250411133662699,0.5574691579323409,0.6018128934669524,303321600
1990-07-27,0.5828081369400024,0.5912546747561136,0.5722500552909509,0.5785851580194264,51019200
1990-07-30,0.5743615627288818,0.5828081367912724,0.555356943268569,0.5785851578717741,87955200
1990-07-31,0.5616922378540039,0.5796411289357167,0.5574692572195247,0.5764738843977448,42307200
1990-08-01,0.5638033151626587,0.568026908791057,0.5384642182849614,0.5595803377574335,111117600
1990-08-02,0.5574690103530884,0.5638034966239038,0.5426873703551656,0.5532454153653179,91771200
1990-08-03,0.5342406034469604,0.5553567220811129,0.5099572790709452,0.5532452153381171,117180000
1990-08-06,0.5110129117965698,0.5236824200434939,0.49411977498746945,0.5194594439527094,113184000
1990-08-07,0.5173475742340088,0.5257941461720699,0.5067895314914551,0.5173475742340088,91065600
1990-08-08,0.5363525152206421,0.540576111870843,0.5236829577172676,0.5279065543674685,86263200
1990-08-09,0.5500780940055847,0.5553568073004606,0.5342406854260451,0.54057578660188,77054400
1990-08-10,0.5447988510131836,0.5553568955030217,0.5300178279670603,0.5500781813697732,73188000
1990-08-13,0.5490223169326782,0.5532452582493719,0.5342406448841641,0.5384642386724776,53942400
1990-08-14,0.5426874756813049,0.5564133827141946,0.5384644960972994,0.5511340510728069,33710400
1990-08-15,0.5426874756813049,0.5553570306568124,0.5426874756813049,0.5469110714888015,51408000
1990-08-16,0.5215714573860168,0.5447990627975143,0.5215714573860168,0.5405760825995946,53330400
1990-08-17,0.5089017152786255,0.5215712674830082,0.5067896278493145,0.5152361651449223,95227200
1990-08-20,0.46878018975257874,0.5110130030702588,0.46878018975257874,0.5089014965235181,113601600
1990-08-21,0.4582221806049347,0.4624457742935312,0.4286595259259092,0.4582221806049347,165650400
1990-08-22,0.45399928092956543,0.468780301509973,0.4508314222553531,0.4645573236581495,79236000
1990-08-23,0.43710634112358093,0.45399949286332764,0.43077127328951575,0.44344140895764605,107445600
1990-08-24,0.4835619628429413,0.48778494090898095,0.4413291373146247,0.4413291373146247,95443200
1990-08-27,0.5131245255470276,0.5173475028215164,0.49834289076421906,0.49834289076421906,110116800
1990-08-28,0.5310735702514648,0.5342407770223566,0.5067896217624203,0.5089017091663636,79826400
1990-08-29,0.5110129117965698,0.5384640506829966,0.506789319482804,0.5279060123572595,77954400
1990-08-30,0.5067895650863647,0.5268499164990197,0.5067895650863647,0.5131246303914567,65383200
1990-08-31,0.5194597244262695,0.5236827027971803,0.5004551074347583,0.5067895931153394,40737600
1990-09-04,0.525794267654419,0.5279063551701387,0.513124714931705,0.5152361862240433,47376000
1990-09-05,0.49834325909614563,0.5321295309081204,0.49412027870039754,0.5279065505123723,54676800
1990-09-06,0.48567357659339905,0.4941201514329734,0.47511553022401287,0.4898971721249116,115617600
1990-09-07,0.4877850115299225,0.4983430563226587,0.4772269304887534,0.48145052538954974,53704800
1990-09-10,0.4708925187587738,0.5067896709720213,0.4708925187587738,0.4962315890752067,74246400
1990-09-11,0.46878018975257874,0.47722672341738104,0.4603336198393593,0.47300378282073413,78868800
1990-09-12,0.4846176505088806,0.4877848928081934,0.4708923659865484,0.4751153436361575,75016800
1990-09-13,0.48567357659339905,0.4941201514329734,0.4814505972853372,0.4898971721249116,49867200
1990-09-14,0.5046781897544861,0.5089017852186469,0.4761712583956324,0.48145058960786374,67672800
1990-09-17,0.5131245255470276,0.5215710963191592,0.5004549775004071,0.5025664842618619,70394400
1990-09-18,0.5215714573860168,0.5268501735713053,0.5046783041471762,0.512069144779228,60638400
1990-09-19,0.5236825942993164,0.5342406361382508,0.5215711236755359,0.5321291655144702,52696800
1990-09-20,0.5046781897544861,0.5236828106603886,0.5046781897544861,0.5194598314196687,52444800
1990-09-21,0.5110129117965698,0.5131243817177568,0.49411977498746945,0.5046778133132065,79891200
1990-09-24,0.4941200315952301,0.5067895826701505,0.4856734588041827,0.5025666043862774,81439200
1990-09-25,0.5099574327468872,0.5110132045607527,0.496231529204281,0.5036223668825168,53308800
1990-09-26,0.5089017152786255,0.5131246939389676,0.5025666491889723,0.5110132227330129,39268800
1990-09-27,0.5004549622535706,0.5194595737318743,0.4920084279871914,0.5152359803629073,65728800
1990-09-28,0.5321293473243713,0.5363523262631986,0.48989712929094614,0.4920086368845773,97984800
1990-10-01,0.5669711232185364,0.5701383652561584,0.5447986890309724,0.5469107757802641,131623200
1990-10-02,0.5564132332801819,0.5785850935264614,0.5532453741573577,0.5764735861773187,83469600
1990-10-03,0.5553567409515381,0.5690826408242273,0.5511337635704748,0.5532452341367956,57600000
1990-10-04,0.5416315197944641,0.555356805027582,0.5405757843894949,0.5511338271592793,69292800
1990-10-05,0.5469110012054443,0.5553569592880679,0.5257942935770857,0.5321293602382473,82101600
1990-10-08,0.5574690103530884,0.5616919891174874,0.5447988778615819,0.5574690103530884,38678400
1990-10-09,0.5321293473243713,0.5574690333790906,0.5279063683855441,0.5511339668716704,66376800
1990-10-10,0.5025666356086731,0.5257942319353975,0.4983430408391042,0.5236827245380671,115596000
1990-10-11,0.4898970127105713,0.5089016277353583,0.48145044061954345,0.5046780335782192,83815200
1990-10-12,0.4814503788948059,0.4962313978674412,0.45611070211884264,0.4941199272954128,109252800
1990-10-15,0.477227121591568,0.48989729514429514,0.46878058087939906,0.4877852068606606,130334400
1990-10-16,0.4613899886608124,0.48672904688725405,0.45611066024383756,0.4793382480921026,300888000
1990-10-17,0.477227121591568,0.47933862990004433,0.451888043181772,0.4624460922024173,135820800
1990-10-18,0.5162917375564575,0.5194595593650385,0.47933825084623577,0.4814503374596625,123739200
1990-10-19,0.5236825942993164,0.5342406361382508,0.5110130818366015,0.5236825942993164,170337600
1990-10-22,0.5405757427215576,0.5469108071347284,0.5215711294568155,0.5236826001040004,80294400
1990-10-23,0.5426874756813049,0.5553570306568124,0.5342409002898029,0.5384644960972994,71884800
1990-10-24,0.5521896481513977,0.5532453837200016,0.5342407660447328,0.5363522734303722,54734400
1990-10-25,0.5469110012054443,0.5595805545527917,0.5405759345442828,0.553245451643194,51501600
1990-10-26,0.5352964997291565,0.5447988078898803,0.5342407279873305,0.53846432243264,59126400
1990-10-29,0.5279063582420349,0.5426873823430982,0.5236827631609654,0.5384644034854138,67881600
1990-10-30,0.5395200252532959,0.5426872313288913,0.5236826174351945,0.5279062113409596,52567200
1990-10-31,0.5384643077850342,0.551133858329734,0.5384643077850342,0.5447987930699604,61200000
1990-11-01,0.5363525152206421,0.5426875839599125,0.5300180627049857,0.5321295347940553,49442400
1990-11-02,0.5490223169326782,0.5553567651561421,0.5342406448841641,0.5363521517909343,74764800
1990-11-05,0.5543012022972107,0.5574690254935922,0.5469109801966902,0.5511339590757827,50702400
1990-11-06,0.5426874756813049,0.5616920981320913,0.5363524082060259,0.5553570306568124,59212800
1990-11-07,0.5384643077850342,0.5469108802225926,0.536352220632402,0.5384643077850342,63100800
1990-11-08,0.5363525152206421,0.5469111806101132,0.5321295347940553,0.5363525152206421,43466400
1990-11-09,0.5469110012054443,0.553245451643194,0.5447989135855946,0.5469110012054443,43344000
1990-11-12,0.5817523002624512,0.5849201593857377,0.5574689689119151,0.5574689689119151,87660000
1990-11-13,0.5796408653259277,0.5870317033608087,0.5722500272910469,0.5806966009423065,67658400
1990-11-14,0.5870319604873657,0.591254904802577,0.5764738747303562,0.578585383136411,59724000
1990-11-15,0.5733058452606201,0.5849202429183994,0.568027130505784,0.5828081552924258,63129600
1990-11-16,0.5743615627288818,0.5806966292073058,0.5680271124738518,0.5701385838093835,67075200
1990-11-19,0.5870319604873657,0.5891434326449714,0.5743617863491166,0.5743617863491166,45554400
1990-11-20,0.5764737725257874,0.5954783960159223,0.5754180366341588,0.5849203483792262,68868000
1990-11-21,0.5806967616081238,0.5828082696735214,0.5659157339205793,0.574361693685283,60739200
1990-11-23,0.5806967616081238,0.593366317478714,0.5785852897911695,0.5849203577140103,22060800
1990-11-26,0.5933662056922913,0.5954782933348762,0.572250077811607,0.5785851807893978,47577600
1990-11-27,0.6070920825004578,0.6102592894799563,0.5891431988427815,0.5954782652736028,63417600
1990-11-28,0.5944225192070007,0.6144828738331388,0.5933661673422723,0.6102592787959272,77623200
1990-11-29,0.6018129587173462,0.6018129587173462,0.589143401473084,0.5933663818133043,65865600
1990-11-30,0.6102592349052429,0.6271523813923535,0.5954782120207376,0.601812697910119,72165600
1990-12-03,0.6239851117134094,0.6292638255627765,0.6144828033115548,0.6187058178891643,68241600
1990-12-04,0.629263699054718,0.6355987633739703,0.6165941503909752,0.6208171641195841,54547200
1990-12-05,0.6355990171432495,0.6398220325579396,0.6271524788357504,0.6292639502946584,68630400
1990-12-06,0.6313756108283997,0.6482687649991786,0.6250411945547403,0.6440458208167391,108201600
1990-12-07,0.6271522045135498,0.6355987391264563,0.6102590627908946,0.6271522045135498,81921600
1990-12-10,0.6250408887863159,0.6366546683271035,0.6144828085262449,0.6187058231396922,55526400
1990-12-11,0.6092036366462708,0.6292639569089243,0.6081478646572823,0.6187059470315408,61768800
1990-12-12,0.6123705506324768,0.6144826736990806,0.5954780609040033,0.606036138847466,71560800
1990-12-13,0.6144826412200928,0.6208171251671336,0.6060361068149267,0.6165941117034928,50709600
1990-12-14,0.6218728423118591,0.6271522073944412,0.612370536139216,0.6165941297008616,48636000
1990-12-17,0.6250408887863159,0.6271523598446094,0.6123706849962082,0.6165942795845384,27288000
1990-12-18,0.6355990171432495,0.6398220325579396,0.6271524788357504,0.6292639502946584,51876000
1990-12-19,0.6324318647384644,0.639822051309669,0.6313754402577447,0.6366548077800452,34264800
1990-12-20,0.637710452079773,0.6419340467474149,0.6250409005234964,0.6271523716214396,46994400
1990-12-21,0.6398217082023621,0.6419338310624032,0.6355986949285151,0.6398217082023621,33472800
1990-12-24,0.6355990171432495,0.6377105610990316,0.6313754217535664,0.6377105610990316,13550400
1990-12-26,0.633487343788147,0.6398218286429069,0.6292637497445485,0.6355988145741166,16214400
1990-12-27,0.6313756108283997,0.6355992074829017,0.6292641387371799,0.6334877353916819,22629600
1990-12-28,0.633487343788147,0.6355988145741166,0.6271522789585788,0.6292637497445485,20268000
1990-12-31,0.6355990171432495,0.6355990171432495,0.6292639502946584,0.6334875456843415,23702400
1991-01-02,0.6313756108283997,0.6355992074829017,0.6313756108283997,0.6334877353916819,38109600
1991-01-03,0.6355990171432495,0.6419341564887148,0.6313754217535664,0.6313754217535664,52826400
1991-01-04,0.6408777832984924,0.646157151088328,0.6334875963527857,0.6334875963527857,58485600
1991-01-07,0.6324318647384644,0.656715200916641,0.6313754402577447,0.6355990357712119,87552000
1991-01-08,0.6208173036575317,0.6355989062343035,0.6165942889797373,0.6313753115816173,76442400
1991-01-09,0.6250408887863159,0.6398219111629738,0.6208172941979857,0.6250408887863159,115624800
1991-01-10,0.6609387993812561,0.6651617424416928,0.6271525000164532,0.6271525000164532,123890400
1991-01-11,0.6588265895843506,0.6672731270771742,0.6482685083394051,0.6630501845666645,62006400
1991-01-14,0.6482685208320618,0.6546035871917123,0.637710511880522,0.6524921158957677,58658400
1991-01-15,0.6619940996170044,0.6714964044920109,0.648268201757127,0.648268201757127,83440800
1991-01-16,0.694724440574646,0.7000037355803314,0.66093879395891,0.6630502654718057,139917600
1991-01-17,0.7095059156417847,0.7285105332038423,0.7073937920453911,0.7263984096074487,163526400
1991-01-18,0.7200641632080078,0.7221756348222631,0.69472447392432,0.6968359455385753,103032000
1991-01-21,0.7559616565704346,0.7601845982406155,0.7147845316856675,0.7147845316856675,154512000
1991-01-22,0.7506821751594543,0.7686310156854221,0.7380126271314629,0.7570172391608162,113716800
1991-01-23,0.7517381906509399,0.7622961990989232,0.7454030520965707,0.7454030520965707,77083200
1991-01-24,0.764407753944397,0.7675756498041418,0.7496267289915609,0.7538497443410356,86083200
1991-01-25,0.7559616565704346,0.7686311340526516,0.7517380624285794,0.7665196632175612,86889600
1991-01-28,0.77918940782547,0.7939710848035268,0.7517382502005658,0.7517382502005658,130989600
1991-01-29,0.7813006639480591,0.7971380359959062,0.7601845786997512,0.779189193167245,146980800
1991-01-30,0.8129757046699524,0.8150871760328784,0.7728543414214307,0.7813008793449719,148586400
1991-01-31,0.828812301158905,0.8404260805893244,0.8108634561420653,0.8150870506902579,111420000
1991-02-01,0.842538058757782,0.8530961370962026,0.8214213221061633,0.836202994264188,117878400
1991-02-04,0.83725905418396,0.8509849594834784,0.8277567441585627,0.844649820311349,88236000
1991-02-05,0.8552075028419495,0.8615425665582734,0.8277563575364335,0.8383143620826105,88740000
1991-02-06,0.8932172060012817,0.8995522731277154,0.8488728960662828,0.8530964916412038,106351200
1991-02-07,0.8699890971183777,0.9206677899968921,0.8636539614591315,0.8974395875522001,133466400
1991-02-08,0.878435492515564,0.88477063188513,0.8594308718724839,0.8699896066478011,74232000
1991-02-11,0.8805471658706665,0.8826586362571492,0.8636540253388953,0.8794914669258437,152337600
1991-02-12,0.872100830078125,0.8847703802451313,0.8657657650072066,0.8721008300781249,96206400
1991-02-13,0.8911054730415344,0.8921611722591598,0.8594306541794021,0.865765791944283,95493600
1991-02-14,0.850985050201416,0.8911057659811473,0.8362033713771156,0.8889942943549213,133704000
1991-02-15,0.872100830078125,0.8805473660154547,0.8552076857066117,0.857319156573023,115452000
1991-02-19,0.8657658696174622,0.8742124065753846,0.857319260162677,0.8636543259990597,66564000
1991-02-20,0.8678773641586304,0.8784353725230001,0.857319283297396,0.859430754475914,52552800
1991-02-21,0.8446498513221741,0.8742125544327471,0.8446498513221741,0.8699896114754323,68277600
1991-02-22,0.863654375076294,0.8826589936904805,0.8425382852205828,0.8425382852205828,105343200
1991-02-25,0.8699890971183777,0.8784349780396132,0.8573188982967175,0.8721005673486866,88524000
1991-02-26,0.859430730342865,0.8657658686691712,0.8488727222749669,0.8573192592236378,55540800
1991-02-27,0.8889939785003662,0.893216920252431,0.8552076896033914,0.863654225579208,87674400
1991-02-28,0.8763236403465271,0.8974397232830683,0.872100699247222,0.8953282527334158,55008000
1991-03-01,0.8932172060012817,0.897440149104307,0.8615430303191502,0.8699896414939738,77724000
1991-03-04,0.9037750363349915,0.907998630730411,0.8826588767793206,0.893216956557156,47023200
1991-03-05,0.9417845606803894,0.95023109961972,0.9037753166956005,0.9058867883124542,76356000
1991-03-06,0.9058866500854492,0.9544538972156661,0.9016636349992417,0.9502309546263271,101088000
1991-03-07,0.878435492515564,0.9079988479339611,0.8742125495816825,0.8805476164543743,165391200
1991-03-08,0.8657658696174622,0.895328495231172,0.859430731284217,0.8826589435333071,134697600
1991-03-11,0.838314414024353,0.8657656335275776,0.8256448657814095,0.859430496921892,160970400
1991-03-12,0.8087523579597473,0.8351477517701993,0.807696585705465,0.8298684555174295,152884800
1991-03-13,0.8488729596138,0.8541522551112523,0.8108637139598229,0.8108637139598229,110268000
1991-03-14,0.8277567028999329,0.8573193309547396,0.8193100927476796,0.8573193309547396,100216800
1991-03-15,0.8161425590515137,0.8340914723666613,0.812975389483456,0.8298678788064381,76932000
1991-03-18,0.838314414024353,0.8425380075874432,0.8108632670179711,0.8129753900353087,66218400
1991-03-19,0.8362030386924744,0.8530961824220381,0.8171984241767363,0.8298679738622923,92505600
1991-03-20,0.8362030386924744,0.8530961824220381,0.8340915679063,0.8362030386924744,83217600
1991-03-21,0.8003056645393372,0.8509851200507125,0.7939712491407267,0.8404263836121978,119188800
1991-03-22,0.791858971118927,0.806640575789578,0.7855244844533583,0.7981940377594697,95688000
1991-03-25,0.8298677802085876,0.8340913732669993,0.7939706828117082,0.7939706828117082,59824800
1991-03-26,0.887937605381012,0.8889940295998656,0.8340916513465423,0.8340916513465423,89928000
1991-03-27,0.9101101756095886,0.9227797273782726,0.8868819632306596,0.8868819632306596,91936800
1991-03-28,0.8963842988014221,0.914333145162439,0.8953285269548124,0.9058866079052355,30492000
1991-04-01,0.9016631245613098,0.910109729926989,0.8826585162274277,0.8953280617918093,59205600
1991-04-02,0.9481193423271179,0.9502308133077688,0.9016635009036261,0.9079986388141561,96256800
1991-04-03,0.9607888460159302,0.9861285264518712,0.9523422375393803,0.9523422375393803,91778400
1991-04-04,0.9607888460159302,0.9861285264518712,0.9523422375393803,0.9629003168929322,73850400
1991-04-05,0.9291146993637085,0.9650124598838793,0.920668090715233,0.9629003364921989,108914400
1991-04-08,0.9407287240028381,0.9565661012336086,0.9248913467720676,0.929114942187563,46526400
1991-04-09,0.9312261343002319,0.9565658142727982,0.9270031926234508,0.9417842134607132,60768000
1991-04-10,0.9079985618591309,0.9312261181179979,0.8911054180053604,0.9270031765146002,74340000
1991-04-11,0.9375612139701843,0.9417842282099548,0.9122215336007744,0.916444475343691,47937600
1991-04-12,0.9058866500854492,0.9291148642391311,0.8763239495508904,0.9248912691779758,176731200
1991-04-15,0.9607888460159302,0.9650124402416216,0.8868818555599419,0.8953283915396376,88819200
1991-04-16,0.9481193423271179,0.9671239585932733,0.9291147260609625,0.9607888931796009,81331200
1991-04-17,0.9417845606803894,0.992463286838216,0.9386173170066691,0.9629006542896374,128383200
1991-04-18,0.9291146993637085,0.946007844163804,0.9122215545636131,0.9396727064353083,88084800
1991-04-19,0.9058866500854492,0.9248912691779758,0.8868820309929227,0.8974400399380864,96588000
1991-04-22,0.8625986576080322,0.8974399985229701,0.8594307620919697,0.895328527325741,139708800
1991-04-23,0.8583752512931824,0.8699896866211841,0.8488729400981471,0.8636545466692633,103910400
1991-04-24,0.8699890971183777,0.8847701136988593,0.8488723649039944,0.8573188982967175,82130400
1991-04-25,0.850985050201416,0.876324087156847,0.848872926103271,0.8657660765537976,65707200
1991-04-26,0.850985050201416,0.8636545324306916,0.8340918997508895,0.8467614544770449,88372800
1991-04-29,0.8256450295448303,0.8573191964220057,0.8256450295448302,0.8552077254574512,71258400
1991-04-30,0.8362030386924744,0.8383145094786486,0.8108633593465542,0.8256449597930926,115178400
1991-05-01,0.850985050201416,0.850985050201416,0.8193102209265891,0.8319804281246633,111628800
1991-05-02,0.8488729596138,0.8657661107312089,0.8467614879042203,0.8552080272144835,66888000
1991-05-03,0.8552075028419495,0.8552075028419495,0.8425379553840079,0.8488724391256256,23047200
1991-05-06,0.8678773641586304,0.8721009589874466,0.8467612749330263,0.8488727461115442,44755200
1991-05-07,0.8552075028419495,0.8763235844311414,0.8552075028419495,0.8721006436012886,50904000
1991-05-08,0.8699890971183777,0.8721005673486866,0.8467608946736855,0.8530959578360997,57592800
1991-05-09,0.8932172060012817,0.8953286775527943,0.8678775174705654,0.8721011130454864,76298400
1991-05-10,0.8678773641586304,0.9037751290742849,0.8615428781262123,0.8974399905700863,52070400
1991-05-13,0.8710449934005737,0.8763237064211404,0.8552076218924511,0.8721007650034264,68745600
1991-05-14,0.8552075028419495,0.8721006436012886,0.8509845620120966,0.8668212788440087,58816800
1991-05-15,0.8277567028999329,0.8488727932993548,0.8161428495554074,0.8467613220034629,111160800
1991-05-16,0.8393701314926147,0.8446494237401886,0.8319799488099658,0.8383143600393057,70243200
1991-05-17,0.838314414024353,0.8404258845701056,0.8277564088240048,0.8362029434786004,44812800
1991-05-20,0.83725905418396,0.844649820311349,0.8256452002605545,0.8404262250372279,65937600
1991-05-21,0.8615428805351257,0.8721009614258809,0.8404261387786979,0.8425382624349018,83570400
1991-05-22,0.9016631245613098,0.9016631245613098,0.8636539078935457,0.8678769205890755,88783200
1991-05-23,0.9248911142349243,0.9270032376475752,0.903775027385216,0.903775027385216,67752000
1991-05-24,0.9291146993637085,0.9502307860037636,0.9248911050520483,0.9291146993637085,67932000
1991-05-28,0.9354492425918579,0.9438958524183921,0.9291148289484503,0.9333377713773887,43941600
1991-05-29,0.9312261343002319,0.9460078076091698,0.9270031926234508,0.9396726701254697,64202400
1991-05-30,0.9312261343002319,0.9438956842991038,0.9206680551397507,0.9301703626326102,61833600
1991-05-31,0.9270035624504089,0.9375615733261431,0.9122218832443378,0.933337977492688,81784800
1991-06-03,0.9460081458091736,0.94811961740242,0.9206683842807338,0.9248913999641053,46951200
1991-06-04,0.954454243183136,0.9586778397752468,0.9333381451418454,0.9460083549430199,35035200
1991-06-05,0.9460081458091736,0.9650127675890869,0.9460081458091737,0.9502310889956664,41385600
1991-06-06,0.9386166334152222,0.9544533477281528,0.9333372694976759,0.952341877649076,32680800
1991-06-07,0.9312261343002319,0.9312261343002319,0.9185565843013601,0.9270031926234508,51984000
1991-06-10,0.9333379864692688,0.9375615823433453,0.9270035713660671,0.9312265147682016,29498400
1991-06-11,0.934393584728241,0.9544539033485667,0.9333378128256881,0.9375614079139823,41846400
1991-06-12,0.9386166334152222,0.9481189374909222,0.9312257994185991,0.9354487395767528,51069600
1991-06-13,0.9375612139701843,0.9481192932960152,0.9333376197555822,0.9375612139701843,38001600
1991-06-14,0.9586775898933411,0.9607891338998853,0.9375614973560172,0.9396729688656854,46360800
1991-06-17,0.9586775898933411,0.9692356724104411,0.9502310513827853,0.9607891338998853,29419200
1991-06-18,0.9417845606803894,0.9586776385590505,0.9270035343936182,0.9565661669421969,46850400
1991-06-19,0.8731570243835449,0.9270037305797155,0.8699898525364209,0.9270037305797155,157039200
1991-06-20,0.850985050201416,0.8594309367063204,0.8362033713771156,0.8530965218276421,187999200
1991-06-21,0.863654375076294,0.8699895137695338,0.8552078376383961,0.8552078376383961,67680000
1991-06-24,0.828812301158905,0.8573192263354801,0.8235335873149059,0.8530962842590247,79696800
1991-06-25,0.8340916633605957,0.846761214496068,0.8277565978054223,0.838314605416222,97228800
1991-06-26,0.850985050201416,0.8573194650800944,0.8298683040265185,0.8362033713771156,96638400
1991-06-27,0.8615428805351257,0.8647101235601906,0.8457055054599666,0.8583750575351434,56510400
1991-06-28,0.8631265759468079,0.8710452641623695,0.8298682014364424,0.8583751310274839,61526400
1991-07-01,0.9043028354644775,0.9074706579536841,0.8583749191318115,0.8710450491389895,72388800
1991-07-02,0.8631265759468079,0.915388990209567,0.8615429542986889,0.9027194370496487,43920000
1991-07-03,0.8108633756637573,0.8235335055790856,0.7823564533164984,0.8171984406214214,191630400
1991-07-05,0.7823566794395447,0.8076963666192625,0.7791894360327003,0.8076963666192625,78758400
1991-07-08,0.8488729596138,0.8520407834016727,0.7665199806802243,0.7696872244930352,109185600
1991-07-09,0.8599593639373779,0.8710452958525027,0.8425383652243297,0.8552079188451882,76948800
1991-07-10,0.8267012238502502,0.8710455441251234,0.8235339795360286,0.8647104755215261,67310400
1991-07-11,0.8393701314926147,0.8457051951934976,0.8235333422024649,0.8330356477664368,51148800
1991-07-12,0.8615428805351257,0.8678773665852554,0.8362031964098546,0.8488727484850314,35174400
1991-07-15,0.8852981925010681,0.8900496360975776,0.8678771992718761,0.871045021661151,36763200
1991-07-16,0.8552075028419495,0.8868816614741566,0.8552075028419495,0.8868816614741566,42734400
1991-07-17,0.8583752512931824,0.8583752512931825,0.823533830228085,0.8330361414231203,40526400
1991-07-18,0.8488729596138,0.8773798938542828,0.8457057158009892,0.8615430948151669,25656000
1991-07-19,0.8583752512931824,0.8615430750082266,0.836203385163116,0.8552080075531868,24441600
1991-07-22,0.8552075028419495,0.8710448721454062,0.8425379553840079,0.8457051972548167,35136000
1991-07-23,0.842538058757782,0.8647099145231945,0.8425380587577819,0.8615426722637862,35596800
1991-07-24,0.8298677802085876,0.8520402119527755,0.8235332968313964,0.8488723902895069,54321600
1991-07-25,0.8362030386924744,0.8615427180383944,0.8346194174786309,0.8488725883780303,90211200
1991-07-26,0.8995521068572998,0.9090544158030638,0.8457054961729998,0.8488727391632841,149294400
1991-07-29,0.8900493383407593,0.9027188837349761,0.8710447302621283,0.8995516423800749,136468800
1991-07-30,0.9217238426208496,0.9248910851812004,0.8837146119973094,0.8932169196531945,78038400
1991-07-31,0.9312261343002319,0.9375611992870792,0.9217238268073724,0.9248910693133848,111628800
1991-08-01,0.9280587434768677,0.9375610494511197,0.924890921502297,0.9343932274765491,53942400
1991-08-02,0.9280587434768677,0.9470633554253719,0.9280587434768676,0.9343932274765491,81369600
1991-08-05,0.9153887033462524,0.9280588325105895,0.9090542187388695,0.9280588325105895,28252800
1991-08-06,0.943895697593689,0.9502307626697644,0.915388774713596,0.915388774713596,53097600
1991-08-07,0.9629002213478088,0.9692352858218968,0.9438956079003207,0.9470634301247525,69235200
1991-08-08,1.0009093284606934,1.0040771503060215,0.9629001061144048,0.9629001061144048,91852800
1991-08-09,1.0230821371078491,1.0389189322502075,0.9914073868732938,0.9977424529151887,114806400
1991-08-12,1.051589012145996,1.0610913207498007,1.0104119548795831,1.0104119548795831,56899200
1991-08-13,1.0452542304992676,1.0610916091348785,1.0420869867621645,1.0610916091348785,94497600
1991-08-14,1.0452542304992676,1.0579237854227275,1.0389191630500136,1.0484214742363707,67008000
1991-08-15,1.0325839519500732,1.0547558025220527,1.0262488889403756,1.045253497994827,45460800
1991-08-16,1.0357518196105957,1.0436705081661417,1.016747199067282,1.0230822659067174,52075200
1991-08-19,1.0167468786239624,1.0294164283348386,0.9755704070825079,0.9819048919505413,85425600
1991-08-20,1.019914150238037,1.0373351440731677,1.0135796651887723,1.0214983514751794,57326400
1991-08-21,1.0642586946487427,1.070593761156163,1.0357517653277943,1.0389190085940234,73214400
1991-08-22,1.0642586946487427,1.0800960709298124,1.0547563848750932,1.067425937914972,43627200
1991-08-23,1.0800961256027222,1.095932922710466,1.0642587485199873,1.0642587485199873,43161600
1991-08-26,1.0800961256027222,1.0800961256027222,1.0579236816918949,1.07376105877463,44136000
1991-08-27,1.0737603902816772,1.0769276317363925,1.0642580859429014,1.0737603902816772,34204800
1991-08-28,1.0848462581634521,1.0991000039075882,1.0705930923939153,1.0737603336816792,41558400
1991-08-29,1.0864304304122925,1.0959327390747173,1.0769281217498674,1.0895982532830302,27974400
1991-08-30,1.0800961256027222,1.0927656792839153,1.0705938153480794,1.0864306124558232,22032000
1991-09-03,1.0531725883483887,1.0769280688501117,1.045253901522859,1.0769280688501117,33494400
1991-09-04,1.046837329864502,1.0579232573861401,1.0262490958993513,1.0547560152298887,38467200
1991-09-05,1.019914150238037,1.0515888953836658,1.0135796651887723,1.0515888953836658,58459200
1991-09-06,1.0230821371078491,1.0420867552586146,1.016747071065954,1.0262493801413368,50788800
1991-09-09,1.0230821371078491,1.0325844461832319,1.016747071065954,1.0230821371078491,31915200
1991-09-10,1.0135797262191772,1.045253893297168,1.0135797262191772,1.0389188278916255,65937600
1991-09-11,1.0389189720153809,1.0420867951450379,1.0199143531372035,1.0199143531372035,64032000
1991-09-12,1.0848462581634521,1.086429878807334,1.0515884847181336,1.0515884847181336,53808000
1991-09-13,1.051589012145996,1.086430423710019,1.0452539464184964,1.0832631808337145,51360000
1991-09-16,1.051589012145996,1.0579234978986056,1.0420867035421917,1.051589012145996,21686400
1991-09-17,1.0705935955047607,1.073760838280927,1.0389188478436093,1.0484211561469803,23366400
1991-09-18,1.0737603902816772,1.083262694620453,1.061090844488186,1.0642580859429014,26942400
1991-09-19,1.0927654504776,1.105435001506007,1.0737608339475548,1.076928076710939,51364800
1991-09-20,1.0959327220916748,1.1022677877600853,1.0895982363981493,1.0991005449133224,30316800
1991-09-23,1.0753443241119385,1.0959325595114269,1.0705934605465792,1.0927653171345206,49771200
1991-09-24,1.1149375438690186,1.118105367272405,1.0800961262317,1.0800961262317,47625600
1991-09-25,1.1117706298828125,1.1196893207752743,1.095933248097889,1.1149378742497318,25766400
1991-09-26,1.1307752132415771,1.140277525957893,1.105435519339688,1.1086033435618876,48000000
1991-09-27,1.1181055307388306,1.1339423301711282,1.1117704629808658,1.1339423301711282,33273600
1991-09-30,1.1276073455810547,1.1339418305730624,1.1022676656885613,1.1181050381182223,27700800
1991-10-01,1.1260240077972412,1.130774872737225,1.1149374963206784,1.1276076294439026,19627200
1991-10-02,1.102267861366272,1.1466121640565565,1.092765552216563,1.1212724796656905,67219200
1991-10-03,1.1086028814315796,1.1181051901867791,1.0927655068479472,1.0959327497747138,34632000
1991-10-04,1.1165218353271484,1.127607768192837,1.108603146144503,1.1149376335105887,26457600
1991-10-07,1.1212722063064575,1.1260236497104015,1.0991003503541388,1.105434834926354,27187200
1991-10-08,1.1307752132415771,1.1339424574886354,1.1149378320560037,1.1149378320560037,37708800
1991-10-09,1.1339415311813354,1.1561139627236936,1.1307742895215704,1.1339415311813354,60931200
1991-10-10,1.1371101140975952,1.1466124254132435,1.1212727352464962,1.1466124254132435,42048000
1991-10-11,1.1355260610580444,1.1529464752098055,1.1117700018013668,1.1497792326321827,69921600
1991-10-14,1.1687837839126587,1.1687837839126587,1.1402768623538133,1.1402768623538133,50625600
1991-10-15,1.1576977968215942,1.1687837246476598,1.1497791112387548,1.1687837246476598,57854400
1991-10-16,1.1497793197631836,1.1592816281909786,1.1386933899265697,1.1592816281909786,100200000
1991-10-17,1.1307752132415771,1.1497798386742086,1.1212729005252615,1.1497798386742086,95563200
1991-10-18,1.1402767896652222,1.1561141606243837,1.1371095474632966,1.1402767896652222,37843200
1991-10-21,1.1529467105865479,1.1592817770099475,1.1371099144904797,1.1402771577147024,28704000
1991-10-22,1.1576977968215942,1.1751187891088863,1.1561141756999813,1.1592814179432074,32496000
1991-10-23,1.1434440612792969,1.165616497187405,1.1371095767125075,1.1624486749292284,36724800
1991-10-24,1.1434440612792969,1.1466118835374732,1.1307745121709363,1.1466118835374732,26942400
1991-10-25,1.1339415311813354,1.149778899429496,1.1307742895215704,1.1434438361352983,28080000
1991-10-28,1.1434440612792969,1.1434440612792969,1.1117698985210045,1.1339417544543309,37953600
1991-10-29,1.1497793197631836,1.1497793197631836,1.1371097685177503,1.1434442541530272,36523200
1991-10-30,1.1972912549972534,1.2004584988547626,1.1497796972592673,1.1497796972592673,65592000
1991-10-31,1.1893723011016846,1.2067932983972052,1.1814536132423623,1.1972909889610068,41092800
1991-11-01,1.1735355854034424,1.1877887605424617,1.165616897003996,1.1846215171726753,34296000
1991-11-04,1.1529467105865479,1.1719513298817927,1.149779467362325,1.16878408665757,28838400
1991-11-05,1.187788724899292,1.1972910346984864,1.1529467289772584,1.1561145522269654,51739200
1991-11-06,1.2067930698394775,1.2099603123933775,1.1814533894837835,1.1909556971203148,38308800
1991-11-07,1.2004581689834595,1.2131283008820377,1.1972909259962703,1.2099604779199378,20894400
1991-11-08,1.2067930698394775,1.22579768511254,1.2036258272855775,1.2036258272855775,36494400
1991-11-11,1.235300064086914,1.2416351295353916,1.2115445836111365,1.2162954477163461,40564800
1991-11-12,1.2653908729553223,1.2764768048126303,1.2416353875432313,1.2448026309381806,80035200
1991-11-13,1.279644250869751,1.289146558227757,1.2511373287957328,1.2606396361537389,57523200
1991-11-14,1.2574721574783325,1.2859790873454104,1.2511376708245194,1.2859790873454104,44371200
1991-11-15,1.203626275062561,1.2733096969960347,1.2004584513553256,1.2543050746528104,71592000
1991-11-18,1.2321327924728394,1.238467277797992,1.203625868585099,1.206793111247675,72432000
1991-11-19,1.2194632291793823,1.23371698774167,1.1941241161410596,1.2194632291793823,71976000
1991-11-20,1.2226306200027466,1.2353001720319488,1.216295554000688,1.2289651060298898,36441600
1991-11-21,1.2321327924728394,1.2321327924728394,1.213128176547679,1.2194626618728317,35558400
1991-11-22,1.216295599937439,1.2353002186864614,1.2067932905629277,1.2289651524451415,38102400
1991-11-25,1.2115448713302612,1.2289652904945831,1.2067934261218078,1.2131284930747448,33724800
1991-11-26,1.1972912549972534,1.219463121949957,1.1751193880445499,1.2178795000212026,58809600
1991-11-27,1.2067930698394775,1.2099603123933775,1.1909556971203148,1.194123519649046,15009600
1991-11-29,1.2321327924728394,1.238467277797992,1.2004580459476712,1.2004580459476712,20524800
1991-12-02,1.2828117609024048,1.2859790040240988,1.21629559552228,1.2194628386439743,55852800
1991-12-03,1.2843950986862183,1.3018160919563748,1.2606396205722281,1.279644235053343,64996800
1991-12-04,1.292313814163208,1.3049833641143778,1.266974134286048,1.2891465716691206,36297600
1991-12-05,1.289147138595581,1.2954816263694648,1.276477003097663,1.289147138595581,24892800
1991-12-06,1.3208215236663818,1.3334910811678626,1.279645026805195,1.2859795155683524,51580800
1991-12-09,1.292313814163208,1.3144856715714601,1.2828115067061256,1.3081511865832856,57720000
1991-12-10,1.289147138595581,1.292314382482523,1.2669746914617621,1.292314382482523,46252800
1991-12-11,1.2764769792556763,1.3018166698031435,1.2606401801416909,1.2938979802586186,39134400
1991-12-12,1.292313814163208,1.3081511865832856,1.273309199249043,1.2796442642120383,36979200
1991-12-13,1.292313814163208,1.3018161216202904,1.2859787492002128,1.2954810566572954,26193600
1991-12-16,1.2938973903656006,1.2954810115575133,1.276476397304959,1.2923137691736877,27225600
1991-12-17,1.2907307147979736,1.3113189592836376,1.2701424703123099,1.292314336685324,27480000
1991-12-18,1.303399920463562,1.3081513648269267,1.2828116814970798,1.29231399024891,33561600
1991-12-19,1.301816463470459,1.3081515300970092,1.2828118435657807,1.2970655984817756,38116800
1991-12-20,1.3081514835357666,1.3303233459770671,1.2954813507336362,1.3176537931498886,35356800
1991-12-23,1.352494716644287,1.352494716644287,1.298648701726254,1.3081510078852883,46113600
1991-12-24,1.3461602926254272,1.361997083614412,1.3429924704478167,1.3524947770311142,23995200
1991-12-26,1.3667486906051636,1.3714995544784963,1.3398253887317688,1.346160453871049,24326400
1991-12-27,1.3984225988388062,1.412676347783715,1.3651648179252351,1.3714993019232127,36657600
1991-12-30,1.4031741619110107,1.4095086464511626,1.387336790611072,1.4000063396661553,35524800
1991-12-31,1.4095091819763184,1.419011492371608,1.377835007317019,1.4031746950294581,40512000
1992-01-02,1.4443511962890625,1.4538535067909641,1.3873373332776522,1.4031747107724903,74265600
1992-01-03,1.4316812753677368,1.4475180688289244,1.4158439019316915,1.4443508261316584,38246400
1992-01-06,1.4760249853134155,1.4918623586666757,1.4237625812074242,1.4348485105647646,63057600
1992-01-07,1.5203688144683838,1.5235360561736344,1.46652222563107,1.4760245307214974,64363200
1992-01-08,1.5742154121398926,1.5932200224273976,1.5045314544359214,1.507699276133625,90763200
1992-01-09,1.6122249364852905,1.634396792673372,1.5710478864541257,1.5742157087487005,88348800
1992-01-10,1.5868854522705078,1.618559619270315,1.5710480787831742,1.609057311172887,64641600
1992-01-13,1.6106414794921875,1.6328133379401653,1.5552112533973956,1.571048046585302,52804800
1992-01-14,1.6248948574066162,1.6280621004508562,1.5963879300836932,1.615392548298975,44006400
1992-01-15,1.6660709381103516,1.6882433740378622,1.6248944684910611,1.6312295330381759,65294400
1992-01-16,1.6185601949691772,1.6724068199987028,1.6153929511351106,1.6629045085214373,58761600
1992-01-17,1.6027226448059082,1.6407318729042712,1.5678806590574774,1.6185594365303635,85027200
1992-01-20,1.5520439147949219,1.6122256035965299,1.5520439147949219,1.6122256035965299,58862400
1992-01-21,1.512450933456421,1.5583788624471366,1.4696908278279852,1.5488765523102637,120019200
1992-01-22,1.5900530815124512,1.5900530815124512,1.5077001112983603,1.5203696651832206,56131200
1992-01-23,1.5837186574935913,1.6391489004019955,1.5678812795268975,1.59005314470025,75590400
1992-01-24,1.578966736793518,1.590052666042971,1.571048050193952,1.5773831154685747,37756800
1992-01-27,1.5282877683639526,1.5900524723624267,1.5267041472319063,1.5805501655953709,46233600
1992-01-28,1.529872179031372,1.542541734601016,1.4696910651067165,1.5330394229300135,95539200
1992-01-29,1.5773831605911255,1.5932205342433008,1.5425411705462861,1.5520434787426183,97344000
1992-01-30,1.564713954925537,1.5805507520974094,1.5393742674855508,1.5773835086580335,41923200
1992-01-31,1.5235364437103271,1.5678807387369185,1.517201958688545,1.5647134962260274,49948800
1992-02-03,1.5837186574935913,1.59005314470025,1.4886955496434762,1.4981978604284878,80265600
1992-02-04,1.5773831605911255,1.5963877769837898,1.5520434787426183,1.5868854687874576,58440000
1992-02-05,1.6122249364852905,1.6280617280590108,1.564713401814553,1.5805501933882733,71212800
1992-02-06,1.5995553731918335,1.6343973709360098,1.5932208863110695,1.602723196607209,62356800
1992-02-07,1.593220829963684,1.6153926932121936,1.5710483867402012,1.5995553166204164,36499200
1992-02-10,1.5773831605911255,1.5963877769837898,1.5457089932616406,1.5916369128730565,41371200
1992-02-11,1.5520439147949219,1.580550847393043,1.5393743602985441,1.5742163601323684,41078400
1992-02-12,1.593220829963684,1.6058903832521219,1.502948595355516,1.502948595355516,83342400
1992-02-13,1.5520439147949219,1.6027232927304895,1.5393743602985441,1.5900531582590833,97358400
1992-02-14,1.5013643503189087,1.5520431224056066,1.4950292863175467,1.5488758803922917,82632000
1992-02-18,1.4981968402862549,1.5488756033067954,1.495029018864914,1.510866386047733,73694400
1992-02-19,1.458604335784912,1.4950293606738525,1.4380155217501704,1.4950293606738525,145372800
1992-02-20,1.488694667816162,1.5108665198560323,1.466522235801612,1.4696900575035075,74323200
1992-02-21,1.4506853818893433,1.5013641471169288,1.441183077160755,1.4823595376597525,91118400
1992-02-24,1.4554368257522583,1.476025064227309,1.4316813444271645,1.4506859614771939,59049600
1992-02-25,1.466522455215454,1.4760247617934696,1.434848293280325,1.4570201486374388,57388800
1992-02-26,1.5457093715667725,1.5457093715667725,1.4696908873909478,1.4696908873909478,100670400
1992-02-27,1.5821353197097778,1.586886185967626,1.555212004323255,1.555212004323255,79579200
1992-02-28,1.564713954925537,1.60272319609802,1.5488765777786715,1.5837185755117784,58276800
1992-03-02,1.55837881565094,1.5932208117648725,1.5425414392400676,1.56788112550247,34876800
1992-03-03,1.5615462064743042,1.5868858951307403,1.5520438957250182,1.564714030040747,27734400
1992-03-04,1.5520439147949219,1.5742163601323684,1.5425416039288813,1.5615462256609622,33086400
1992-03-05,1.5362073183059692,1.5615464306246574,1.5108676260121767,1.5520441185113731,55689600
1992-03-06,1.4981968402862549,1.545708361860083,1.4791922316567236,1.5298709946772642,61867200
1992-03-09,1.507698893547058,1.5267034990120438,1.4981965908145651,1.5045310726532057,30427200
1992-03-10,1.542541742324829,1.5552118779329924,1.5108675632545816,1.5140348071690823,45480000
1992-03-11,1.5235364437103271,1.5615456737403128,1.5108668936919396,1.5488761237219255,39532800
1992-03-12,1.5346227884292603,1.5393736516878296,1.5013644257202288,1.5235362808764088,50025600
1992-03-13,1.5330392122268677,1.5583788998585093,1.5267047253002055,1.5520438329568496,36763200
1992-03-16,1.5742154121398926,1.5742154121398926,1.52670388642113,1.533038369867179,55132800
1992-03-17,1.6217273473739624,1.6312296549172185,1.5805502947033028,1.5884689809851538,94473600
1992-03-18,1.6011394262313843,1.6343972191926008,1.596387981536959,1.628062152925014,69230400
1992-03-19,1.6153926849365234,1.6502346812699482,1.5995553084258811,1.6090576183372725,111576000
1992-03-20,1.6280620098114014,1.6343970755221089,1.615392458364875,1.615392458364875,35774400
1992-03-23,1.6280620098114014,1.6375643183900184,1.6185597012327844,1.6280620098114014,37843200
1992-03-24,1.6153926849365234,1.6454832363267675,1.6027231317129915,1.634397304759306,70228800
1992-03-25,1.6280620098114014,1.6375643183900184,1.6090573926541676,1.615392458364875,36739200
1992-03-26,1.5837186574935913,1.634397455021978,1.5742163467085797,1.6312302114186488,60403200
1992-03-27,1.5362073183059692,1.58371887887239,1.5140348700582367,1.5773838108051657,89971200
1992-03-30,1.5203688144683838,1.5457084880344156,1.5203688144683838,1.5393734246492385,40713600
1992-03-31,1.5013643503189087,1.545708638378977,1.491862044304232,1.5267040263496239,86702400
1992-04-01,1.5267038345336914,1.5298710761490721,1.4823595520450636,1.4855267936604444,74203200
1992-04-02,1.482360601425171,1.5393744707107544,1.479193357567662,1.5267049153056482,56918400
1992-04-03,1.488694667816162,1.5108665198560323,1.479192362659835,1.488694667816162,59534400
1992-04-06,1.5362073183059692,1.540958184375059,1.4918630017856085,1.4918630017856085,40123200
1992-04-07,1.4696906805038452,1.5520436401182278,1.4665228574591125,1.5457091539786143,72758400
1992-04-08,1.4855271577835083,1.488694980150025,1.4348483796420561,1.4665225434836135,105388800
1992-04-09,1.5203688144683838,1.5235360561736344,1.4776087315487985,1.4981969625822786,70008000
1992-04-10,1.4696906805038452,1.5457091539786143,1.4443509960206136,1.536206844794268,126446400
1992-04-13,1.488694667816162,1.4966133521088814,1.4475176254889572,1.479192362659835,45552000
1992-04-14,1.482360601425171,1.523537091473069,1.4760255337350827,1.4981979806628565,72806400
1992-04-15,1.632813811302185,1.6375646766434055,1.6027232575494073,1.631230189521778,223305600
1992-04-16,1.616976261138916,1.6343972588159192,1.6090575731061916,1.6343972588159192,66393600
1992-04-20,1.4966139793395996,1.5837183831155968,1.463355607366535,1.5773833170314597,226118400
1992-04-21,1.4712742567062378,1.5013648048670376,1.4633555693007834,1.4981975618948191,99244800
1992-04-22,1.4902790784835815,1.5013650103787324,1.450686216011619,1.476025323207682,61790400
1992-04-23,1.466522455215454,1.5076995037033654,1.4221787445012268,1.501364439326433,115334400
1992-04-24,1.4221796989440918,1.479193576674922,1.419011874642275,1.4696912637197836,90393600
1992-04-27,1.434848666191101,1.476025145405829,1.425346357143478,1.425346357143478,99585600
1992-04-28,1.3810018301010132,1.450685805088902,1.355662730082529,1.4411834975882647,199876800
1992-04-29,1.411092758178711,1.4126763792134382,1.3714993324368143,1.387336702733573,137308800
1992-04-30,1.3968397378921509,1.4285139150408808,1.390504670472387,1.4190116038987572,95870400
1992-05-01,1.441183090209961,1.4443503318232835,1.3968388077501492,1.4000060493634718,62083200
1992-05-04,1.4443511962890625,1.4696908842858025,1.425346575285259,1.438016129296126,73920000
1992-05-05,1.4760249853134155,1.4886951159859654,1.4348485105647646,1.4411835759010394,59246400
1992-05-06,1.4696906805038452,1.4855274758278048,1.4633556143893058,1.482360232757998,50016000
1992-05-07,1.4570200443267822,1.476024656122239,1.4475177384290538,1.4696901721735702,40579200
1992-05-08,1.4506853818893433,1.4823595376597525,1.4348480140168116,1.4696899913465196,59822400
1992-05-11,1.4443511962890625,1.4601885737839007,1.4348488857871606,1.4538535067909641,41112000
1992-05-12,1.447517991065979,1.460188121124099,1.4285133759536257,1.4538530560950391,49905600
1992-05-13,1.4285130500793457,1.4475176608563423,1.4063411974977478,1.4411831772471395,64320000
1992-05-14,1.4031741619110107,1.4316810822660326,1.384169548340996,1.4285132600211774,72307200
1992-05-15,1.393671989440918,1.4126766048424995,1.3873369243154456,1.3968392320162364,40814400
1992-05-18,1.4285130500793457,1.4380153554678439,1.4000061339138508,1.4031739556931462,37526400
1992-05-19,1.4506853818893433,1.4506853818893433,1.4348480140168116,1.4348480140168116,51240000
1992-05-20,1.4791934490203857,1.4823606930737132,1.450686512615122,1.450686512615122,58800000
1992-05-21,1.4776087999343872,1.482359662712139,1.4601878097998924,1.482359662712139,48566400
1992-05-22,1.466522455215454,1.482359826170402,1.4570201486374388,1.482359826170402,36969600
1992-05-26,1.4633558988571167,1.482360520920196,1.4570208315110773,1.4696909662031559,38217600
1992-05-27,1.4570200443267822,1.4728574141479045,1.4538528023524477,1.4665223502245106,31166400
1992-05-28,1.507698893547058,1.5140333753856987,1.4506850771521003,1.4538523180714207,62702400
1992-05-29,1.5330392122268677,1.5488765894935184,1.5140345914968858,1.5172024149352148,89918400
1992-06-01,1.5742154121398926,1.5742154121398926,1.520368823000402,1.52670388642113,68529600
1992-06-02,1.55679452419281,1.5773827566838614,1.548875839394394,1.5742155147543817,42585600
1992-06-03,1.55837881565094,1.5742161920618123,1.5520437490915977,1.5520437490915977,28190400
1992-06-04,1.5536271333694458,1.5647130590349072,1.5520429325818128,1.5615452374343028,41755200
1992-06-05,1.5330392122268677,1.5583788998585093,1.5298719687635367,1.5520438329568496,40939200
1992-06-08,1.4981968402862549,1.5330382361239765,1.4981968402862549,1.5298709946772642,40228800
1992-06-09,1.4570200443267822,1.5076993957644838,1.4443504964547194,1.5013643318410899,84604800
1992-06-10,1.4253458976745605,1.4633551216125487,1.419010833693319,1.4601878796092933,65457600
1992-06-11,1.3683327436447144,1.4601886072606853,1.3619976765065378,1.425346607963244,130732800
1992-06-12,1.4253458976745605,1.431680961655802,1.3794179887537028,1.3968389797210692,138028800
1992-06-15,1.4396004676818848,1.482360579012008,1.4253467105884694,1.4253467105884694,54940800
1992-06-16,1.382585883140564,1.453852891769327,1.3778344399121072,1.434848278805022,57376000
1992-06-17,1.37545907497406,1.392088257117779,1.3588298928303413,1.3778345067160802,70032000
1992-06-18,1.3730838298797607,1.4205953710525057,1.3493277693059544,1.3873370022441502,53356800
1992-06-19,1.3968397378921509,1.4110934945928588,1.3825865611664883,1.3968397378921509,43110400
1992-06-22,1.411092758178711,1.4158436212828929,1.358829784184253,1.3920881458124976,54080000
1992-06-23,1.3968397378921509,1.4396004280192292,1.3825865611664883,1.4205958057349823,57420800
1992-06-24,1.3730838298797607,1.4015907545834076,1.3635815216452118,1.4015907545834076,34096000
1992-06-25,1.3303229808807373,1.3730836523964431,1.2638068318367006,1.3730836523964431,165340800
1992-06-26,1.2685589790344238,1.3255728526994517,1.2495543544794148,1.320821406573142,140982400
1992-06-29,1.3730838298797607,1.3825861381143099,1.297065364003369,1.3018162281332095,90963200
1992-06-30,1.3303229808807373,1.3873368229184833,1.3208206738744463,1.3825859594027343,74048000
1992-07-01,1.3707082271575928,1.3825865509790065,1.3208212390227942,1.3350749956184744,45136000
1992-07-02,1.3279472589492798,1.3873365197675818,1.3065672178506378,1.3825856572899573,80563200
1992-07-06,1.3208215236663818,1.335075283333818,1.2875637177343078,1.330323836786284,36224000
1992-07-07,1.292313814163208,1.3255721802504066,1.2780606429649946,1.3255721802504066,54396800
1992-07-08,1.3041918277740479,1.3113187048594106,1.2448025386708899,1.2923140859484048,93417600
1992-07-09,1.3113187551498413,1.3445771295070659,1.297065580407434,1.3113187551498413,61174400
1992-07-10,1.3208215236663818,1.330323836786284,1.2851877044729578,1.316070657094014,28905600
1992-07-13,1.3303229808807373,1.3540790383838612,1.3018160598618644,1.3255721173649884,35113600
1992-07-14,1.3517030477523804,1.3588299231120533,1.3350744452128798,1.3398253088027938,41116800
1992-07-15,1.3588298559188843,1.392088219302887,1.349327549234137,1.3635812992486447,80172800
1992-07-16,1.3730838298797607,1.3730838298797607,1.3445769051761138,1.3493277693059544,42291200
1992-07-17,1.3350746631622314,1.3683324536453294,1.3255723544563611,1.3635815892798424,59865600
1992-07-20,1.3160696029663086,1.3350742139840552,1.3018158547156478,1.3208204657333946,48707200
1992-07-21,1.3635814189910889,1.3825860340294678,1.3208207451673246,1.330323052686514,45907200
1992-07-22,1.3303229808807373,1.3635813453901522,1.3208206738744463,1.3635813453901522,59008000
1992-07-23,1.349327564239502,1.3730836212029394,1.3065674736700061,1.325572087250844,68441600
1992-07-24,1.382585883140564,1.4015904961048689,1.3493275204656499,1.3517029520924977,76259200
1992-07-27,1.3873370885849,1.396839397410824,1.373083915333466,1.38258622415939,30512000
1992-07-28,1.406341552734375,1.4158438605231207,1.3825860732499309,1.3968392449456293,45363200
1992-07-29,1.406341552734375,1.420595304404914,1.3683323215793919,1.4158438605231207,145273600
1992-07-30,1.3897124528884888,1.415843945876574,1.3873370207918108,1.3968393291533985,32035200
1992-07-31,1.382585883140564,1.3968390528764123,1.3730835766584115,1.3968390528764123,35312000
1992-08-03,1.4015913009643555,1.4110936129031812,1.3683329191909182,1.382586677086704,31516800
1992-08-04,1.4039660692214966,1.4158438085275193,1.3968391936479554,1.4063415010877374,31430400
1992-08-05,1.3683327436447144,1.4015911211513665,1.3540795675525916,1.4015911211513665,60150400
1992-08-06,1.3588298559188843,1.3683321626036318,1.3350743791944024,1.3588298559188843,3705600
1992-08-07,1.3445771932601929,1.4015910548830635,1.3398257481374576,1.3588303686784144,55008000
1992-08-10,1.3469524383544922,1.3778347974413463,1.3445770061112523,1.3493278705977323,42067200
1992-08-11,1.3564550876617432,1.365957398993918,1.3303235865044976,1.3540796548224636,33436800
1992-08-12,1.349327564239502,1.377834484610759,1.3445767008316822,1.3635813144125202,30441600
1992-08-13,1.3469524383544922,1.363581624006995,1.3398255616498609,1.3540793150591235,28227200
1992-08-14,1.349327564239502,1.3635813144125202,1.3445767008316822,1.349327564239502,33942400
1992-08-17,1.3208215236663818,1.349328463026088,1.3208215236663818,1.3445775964537199,63318400
1992-08-18,1.3208215236663818,1.3445775964537199,1.2923145843066757,1.3113192105464797,66313600
1992-08-19,1.3160696029663086,1.3398250767511413,1.3065672974574352,1.3208204657333946,27433600
1992-08-20,1.3374505043029785,1.3445773830053218,1.311319002377769,1.320821313989202,36534400
1992-08-21,1.32557213306427,1.3469521790879389,1.311318382398624,1.339825303755116,52710400
1992-08-24,1.3113187551498413,1.330323374789694,1.3065678902273603,1.3231964974310082,42800000
1992-08-25,1.3374505043029785,1.3445773830053218,1.3018166907663358,1.3065681365595894,37123200
1992-08-26,1.3612056970596313,1.3730840189697546,1.3350747807972347,1.3350747807972347,50016000
1992-08-27,1.399214267730713,1.40634114148189,1.368331921441839,1.368331921441839,88028800
1992-08-28,1.413468599319458,1.4158440315598912,1.3968394136866042,1.3968394136866042,49468800
1992-08-31,1.4158438444137573,1.4253461520943866,1.396839229052499,1.4110929805608596,25651200
1992-09-01,1.4158438444137573,1.4182192763402062,1.3920883651996012,1.406341536733128,30825600
1992-09-02,1.4324731826782227,1.4396000592027154,1.4015908243719493,1.4158439974460382,61955200
1992-09-03,1.456229329109192,1.46810765539646,1.4348492697523674,1.439600716262307,85296000
1992-09-04,1.4443511962890625,1.4538535067909641,1.4348488857871606,1.4491026415275163,28585600
1992-09-08,1.458604335784912,1.460979767413042,1.430097416323071,1.444350586066611,49376000
1992-09-09,1.4847354888916016,1.4894869329074631,1.4538531327005013,1.458604576716363,60982400
1992-09-10,1.5013643503189087,1.5013643503189087,1.4728574322748786,1.48711118128426,53302400
1992-09-11,1.4966139793395996,1.5061162884783434,1.4823602256440225,1.4918625347827663,30796800
1992-09-14,1.5536271333694458,1.5583779958083601,1.5156179139594856,1.5156179139594856,95100800
1992-09-15,1.5441256761550903,1.553627986223814,1.5203696109957912,1.5488765412019623,44614400
1992-09-16,1.527496099472046,1.5536275904988204,1.5108669160936594,1.5156183599052693,35708800
1992-09-17,1.5417494773864746,1.5488763540707113,1.5251208717564682,1.529871736229353,23590400
1992-09-18,1.5179940462112427,1.5488764062501046,1.4894871184888483,1.54412554161717,71683200
1992-09-21,1.503739595413208,1.5108664690343938,1.4871109969299883,1.4966133017666825,31811200
1992-09-22,1.4776087999343872,1.5037397051614267,1.472857357181933,1.501364273772551,30777600
1992-09-23,1.503739595413208,1.5156179114400712,1.4728572496876164,1.4776086920932938,37654400
1992-09-24,1.5251213312149048,1.5298721971190368,1.5061167076482087,1.5061167076482087,36953600
1992-09-25,1.4966139793395996,1.527496339046786,1.4443509890890476,1.525120906755831,41817600
1992-09-28,1.4633558988571167,1.487111966423485,1.4491027222973263,1.453853587825577,52854400
1992-09-29,1.4966139793395996,1.50136484392151,1.463355607366535,1.463355607366535,39392000
1992-09-30,1.529872179031372,1.529872179031372,1.4966143781704027,1.5156190015124074,59843200
1992-10-01,1.5132428407669067,1.53937434030284,1.5108674080750095,1.5203697188176197,47804800
1992-10-02,1.4966139793395996,1.515618597617087,1.4823602256440225,1.5061162884783434,36803200
1992-10-05,1.5536271333694458,1.5536271333694458,1.4395994751395658,1.49186186184093,71347200
1992-10-06,1.5678813457489014,1.5868859681216152,1.5441258577705328,1.5631304801432468,74316800
1992-10-07,1.5417494773864746,1.6011393431219019,1.5393740451500322,1.5678809719120699,58153600
1992-10-08,1.5845106840133667,1.6058907411952679,1.5536283147533871,1.5631306268314658,59532800
1992-10-09,1.5655049085617065,1.5868849500204083,1.5488757296606381,1.5868849500204083,40182400
1992-10-12,1.594011902809143,1.596387334205654,1.5726318602911364,1.5773827230841582,34700800
1992-10-13,1.6011394262313843,1.6225194774189478,1.5821348074035633,1.6106417356452947,86643200
1992-10-14,1.5868854522705078,1.6153923765627922,1.5773831441730795,1.603514636434722,47456000
1992-10-15,1.6058896780014038,1.6106411208822584,1.5726318977342961,1.5821342035212866,35942400
1992-10-16,1.6225193738937378,1.6248948061019155,1.5916370152627195,1.6106416328779467,47644800
1992-10-19,1.6700308322906494,1.6771577085246108,1.6153924144550686,1.6153924144550686,83280000
1992-10-20,1.6700308322906494,1.7056646334855825,1.6534016477363644,1.6771577085246108,84150400
1992-10-21,1.710415005683899,1.710415005683899,1.6676549205291546,1.6771572261162875,60396800
1992-10-22,1.7056643962860107,1.715166703284889,1.6771574752893765,1.7104152597980538,49174400
1992-10-23,1.68428373336792,1.7151666654134632,1.6771574382572068,1.7151666654134632,46006400
1992-10-26,1.710415005683899,1.7151664484648186,1.6676549205291546,1.6819080889225007,40121600
1992-10-27,1.6724060773849487,1.7151667500327634,1.6629037701270797,1.7104153064164247,49116800
1992-10-28,1.6819087266921997,1.6866601712748384,1.6581532437037843,1.677157862084487,36172800
1992-10-29,1.710415005683899,1.710415005683899,1.6819080889225007,1.68665953170342,32774400
1992-10-30,1.6866604089736938,1.710415895309939,1.68190896372144,1.7080404626713162,24998400
1992-11-02,1.7032885551452637,1.7104154311019006,1.6676553353117785,1.6914108152007685,31091200
1992-11-03,1.6771577596664429,1.7056646854966808,1.6652794389226757,1.7009132412041956,35267200
1992-11-04,1.6819087266921997,1.7056647896555412,1.6724064175018483,1.677157862084487,23657600
1992-11-05,1.746049404144287,1.7531762808080165,1.6771578096613253,1.691410983013876,90361600
1992-11-06,1.7626785039901733,1.772180812421455,1.7341715786963288,1.7436738871276103,61155200
1992-11-09,1.746049404144287,1.7626785897013528,1.719917909693885,1.7626785897013528,54796800
1992-11-10,1.7650549411773682,1.7721818215528002,1.7389234331175911,1.7484257469597637,38710400
1992-11-11,1.7816836833953857,1.8054391719866256,1.75317674910086,1.7626790605323686,60748800
1992-11-12,1.7769317626953125,1.7911855160198946,1.7484248360210561,1.7816832071284758,46960000
1992-11-13,1.7721799612045288,1.7816822650716455,1.7579262154165536,1.7769308231507865,25811200
1992-11-16,1.7626785039901733,1.776931676649656,1.7531761955588918,1.7674293682183744,19312000
1992-11-17,1.710415005683899,1.7864334503809611,1.696161837290553,1.7650534078035889,56649600
1992-11-18,1.7484253644943237,1.7579276762578797,1.708040684492981,1.7199184292036553,33273600
1992-11-19,1.7864344120025635,1.805439033406846,1.753176614532578,1.753176614532578,46857600
1992-11-20,1.8054391145706177,1.8054391145706177,1.7816836267348424,1.7864344923119797,41113600
1992-11-23,1.6819087266921997,1.7436740264169468,1.6581532437037843,1.7151670988458927,309884800
1992-11-24,1.7389215230941772,1.7626775715936793,1.696161447759476,1.7341706613790207,145513600
1992-11-25,1.7317960262298584,1.7579275263449607,1.7151674170430056,1.7484252153917448,53152000
1992-11-27,1.7436739206314087,1.7579270935647586,1.729420167723168,1.7389224763370315,17593600
1992-11-30,1.7698049545288086,1.7721809668248016,1.7436740390472574,1.7579272129485644,35251200
1992-12-01,1.7698049545288086,1.7769318314669271,1.7484249036893829,1.7626786575656201,33593600
1992-12-02,1.7246696949005127,1.7769321141527892,1.719918249527566,1.7674298033819187,49881600
1992-12-03,1.7412985563278198,1.7579277475825124,1.7199184989861336,1.7246699450482343,26048000
1992-12-04,1.7436739206314087,1.7579270935647586,1.7341716120175452,1.7389224763370315,23548800
1992-12-07,1.7745559215545654,1.7769313532363213,1.729419819727329,1.7484244331309258,46422400
1992-12-08,1.757927656173706,1.786434591138685,1.73892303286372,1.7816837252987268,26908800
1992-12-09,1.7484253644943237,1.7721814338907556,1.7341721868365312,1.7436744986000872,26048000
1992-12-10,1.6914111375808716,1.7436741312576487,1.6819088278191812,1.7104157571042522,89296000
1992-12-11,1.6415241956710815,1.6914111781219459,1.629646453178014,1.6819088681324967,112934400
1992-12-14,1.6557774543762207,1.6771580879146186,1.6438997112826694,1.6486511565050925,51286400
1992-12-15,1.6415241956710815,1.6676556931358104,1.624895008195802,1.6581533831463613,45289600
1992-12-16,1.6534024477005005,1.6771585199826249,1.620144642475711,1.6439001347826816,73792000
1992-12-17,1.710415005683899,1.7151664484648186,1.6534011721611024,1.6581526149420218,51859200
1992-12-18,1.710415005683899,1.7151664484648186,1.6819080889225007,1.6914103945096335,74387200
1992-12-21,1.719917893409729,1.7484248198198349,1.6961624113887586,1.7056647201921271,64928000
1992-12-22,1.667655348777771,1.738922368995059,1.6534015967494005,1.7294200609677637,56928000
1992-12-23,1.6581542491912842,1.677158879096197,1.6343981718225042,1.67240743163233,59974400
1992-12-24,1.6581542491912842,1.6581542491912844,1.6343981718225042,1.6581542491912844,32723200
1992-12-28,1.6629042625427246,1.667655707566051,1.6343973323277066,1.6581533974943783,45731200
1992-12-29,1.6438993215560913,1.6629039379902657,1.639148457434981,1.6581530738691554,60035200
1992-12-30,1.6320222616195679,1.653402319027002,1.62014451639045,1.6486514529253984,50860800
1992-12-31,1.6225193738937378,1.6391485593007873,1.62014394168556,1.634397114909529,30851200
1993-01-04,1.617767572402954,1.6296458907716758,1.6058898340090073,1.6153921407191199,72646400
1993-01-05,1.6438993215560913,1.6486507656520684,1.6106415327837194,1.6153923969048296,71529600
1993-01-06,1.6914111375808716,1.6961625824491973,1.6486510336407458,1.6534018985341103,87440000
1993-01-07,1.6581542491912842,1.708041257697861,1.6534028017274172,1.6914120615372428,58748800
1993-01-08,1.6557774543762207,1.6771580879146186,1.6391488460352506,1.6581534669749345,43977600
1993-01-11,1.6937862634658813,1.6961622754574854,1.6391484272063912,1.6581530432900893,58348800
1993-01-12,1.7056643962860107,1.7341713172826452,1.6866597822882547,1.6914106458002975,85129600
1993-01-13,1.7341711521148682,1.7531757643025667,1.6771573155517723,1.700912790799027,83696000
1993-01-14,1.7341711521148682,1.7864335456436706,1.7199174029867255,1.7531757643025667,121264000
1993-01-15,1.7056643962860107,1.7294198737958097,1.6534014178047853,1.6629037248036633,181958400
1993-01-18,1.6961623430252075,1.705664651445587,1.6771577261844481,1.7009132072479578,50611200
1993-01-19,1.6795330047607422,1.696162187969964,1.677157572866518,1.6914107442066895,52960000
1993-01-20,1.6795330047607422,1.6914107442066895,1.6676552653147951,1.6819084366549664,47968000
1993-01-21,1.7009137868881226,1.7104160985467154,1.6486513627534003,1.667655986070586,73363200
1993-01-22,1.6985368728637695,1.7151660487596374,1.6866591386415373,1.7056637453869372,49088000
1993-01-25,1.6819087266921997,1.7151670988458927,1.6676555528941357,1.6961624804651898,49609600
1993-01-26,1.6724060773849487,1.7104153064164247,1.6629037701270797,1.6819083846428176,42345600
1993-01-27,1.639148235321045,1.6676551561094564,1.6248944849394453,1.662903712657327,64192000
1993-01-28,1.6534024477005005,1.655777880936167,1.610642329557892,1.6391492683113489,77030400
1993-01-29,1.6438993215560913,1.672406246207353,1.6296461492178937,1.6629039379902657,39424000
1993-02-01,1.6629042625427246,1.6724065726143975,1.6248950222560339,1.639148777351033,42854400
1993-02-02,1.6914111375808716,1.7009134473425618,1.658153343402436,1.6605287758491183,70371200
1993-02-03,1.6795330047607422,1.71516680307341,1.6724061291032435,1.7009130517584123,71728000
1993-02-04,1.6153926849365234,1.6676556794366606,1.605890375025132,1.6676556794366606,124214400
1993-02-05,1.6914111375808716,1.7009134473425618,1.5631302457855332,1.6106417945939846,177216000
1993-02-08,1.6296461820602417,1.6914108967286228,1.6153924294599207,1.681908588320035,92665600
1993-02-09,1.594011902809143,1.6581526103378679,1.586885028644906,1.64865030477712,64550400
1993-02-10,1.6248948574066162,1.6391486110555382,1.5963879300836932,1.6058902391913341,39193600
1993-02-11,1.620144248008728,1.6438997345317967,1.6106419374044978,1.639148869217188,31635200
1993-02-12,1.5892618894577026,1.6201448452879559,1.5821355888586224,1.6201448452879559,34752000
1993-02-16,1.5227447748184204,1.5916369456413135,1.515618478505606,1.5750077609616582,91180800
1993-02-17,1.5251213312149048,1.544125954781601,1.4681074605148166,1.5393745089023847,121913600
1993-02-18,1.5512514114379883,1.572632036323943,1.5013644466536327,1.5441251164507728,138553600
1993-02-19,1.5156184434890747,1.558378540277551,1.5108669994154305,1.556003108228161,97094400
1993-02-22,1.458604335784912,1.5393736509394145,1.458604335784912,1.5156181747085942,76256000
1993-02-23,1.510867714881897,1.5298723402263235,1.4586052851722937,1.4823607768652574,105974400
1993-02-24,1.594011902809143,1.596387334205654,1.496613415805153,1.5013642785981745,77548800
1993-02-25,1.6035150289535522,1.615392771989134,1.5678812198718064,1.5678812198718064,60806400
1993-02-26,1.5845106840133667,1.6153930532733463,1.5773838049610323,1.6011398751437798,29833600
1993-03-01,1.548876166343689,1.5916368412915172,1.5441253024466188,1.5916368412915172,26432000
1993-03-02,1.60826575756073,1.6106417699460127,1.5441256026320909,1.5536279122483654,38380800
1993-03-03,1.6106414794921875,1.624894651358788,1.5868854197480562,1.6106414794921875,42352000
1993-03-04,1.5916370153427124,1.6106416329588946,1.553627780110348,1.6106416329588946,56659200
1993-03-05,1.5726326704025269,1.6153927774655847,1.5678812251871852,1.586885846098545,35724800
1993-03-08,1.5892618894577026,1.6058910841393426,1.5583795136026757,1.5702572612430359,48022400
1993-03-09,1.6011394262313843,1.61539260036478,1.5916371168174737,1.596387981536959,41312000
1993-03-10,1.6153926849365234,1.6296464397910955,1.5868857552023494,1.605890375025132,26592000
1993-03-11,1.6438993215560913,1.6676553820862428,1.6153923969048296,1.6201438410008067,57779200
1993-03-12,1.6914111375808716,1.6961625824491973,1.6201441043556748,1.6343972790107297,73580800
1993-03-15,1.665279746055603,1.69616268971537,1.653402003096076,1.69616268971537,35347200
1993-03-16,1.667655348777771,1.686659964832362,1.6534015967494005,1.6771576568050666,36336000
1993-03-17,1.6225193738937378,1.6629040413323697,1.62014394168556,1.648650868108401,39644800
1993-03-18,1.620144248008728,1.648651179821418,1.6153928027191067,1.629646558612958,34406400
1993-03-19,1.6011394262313843,1.6296463544731157,1.596387981536959,1.6296463544731157,45404800
1993-03-22,1.5845106840133667,1.5963884291171893,1.5678814928829539,1.5821352509876228,34083200
1993-03-23,1.5797590017318726,1.6153928116893623,1.5773835690613773,1.5868858797183736,34409600
1993-03-24,1.639148235321045,1.6486505422505155,1.577382950292093,1.5821343937442223,50576000
1993-03-25,1.6605284214019775,1.677157604929103,1.6415238059352162,1.643899237874852,43833600
1993-03-26,1.6462743282318115,1.6771572569385798,1.6343965910232865,1.6724058140703397,28380800
1993-03-29,1.6534024477005005,1.6819093864539576,1.648651581229168,1.648651581229168,48262400
1993-03-30,1.7294200658798218,1.7341715098943926,1.6581530454601148,1.6819085256083983,140777600
1993-03-31,1.757927656173706,1.7911860369537198,1.7246698553687687,1.7341721670237618,179660800
1993-04-01,1.7674286365509033,1.8006869922797726,1.7579263320533178,1.7579263320533178,100412800
1993-04-02,1.7056643962860107,1.748424487793566,1.705664396286011,1.7436736242815232,73251200
1993-04-05,1.7389215230941772,1.753175268188793,1.672405399259974,1.6866591443545897,61187200
1993-04-06,1.7056643962860107,1.7674291017913222,1.6961620892871327,1.7436736242815232,55699200
1993-04-07,1.715167760848999,1.719918627290403,1.696163135133083,1.7104163144324451,39417600
1993-04-08,1.6914111375808716,1.7151672019725777,1.6771579629258166,1.7104157571042522,40185600
1993-04-12,1.7127913236618042,1.734171957280923,1.6819089595119743,1.6866604047523361,48976000
1993-04-13,1.6890356540679932,1.753176388013916,1.6866602216931295,1.7151671501163237,53337600
1993-04-14,1.6914111375808716,1.7151672019725777,1.6676556531641262,1.6914111375808716,38592000
1993-04-15,1.6557774543762207,1.708040451947854,1.6343974008128273,1.6724066426921955,109152000
1993-04-16,1.6534024477005005,1.667656207064806,1.6248955089470436,1.6581538941469869,49600000
1993-04-19,1.6534024477005005,1.6581538941469869,1.6153931960292247,1.6534024477005007,45673600
1993-04-20,1.6486512422561646,1.6629044187147741,1.615392863894352,1.6486512422561648,46009600
1993-04-21,1.613016963005066,1.648650763772229,1.6011392227409669,1.648650763772229,92528000
1993-04-22,1.5821353197097778,1.6153931234400982,1.5750084403478777,1.6058908109492742,79872000
1993-04-23,1.5465006828308105,1.582134480770071,1.5346229435093304,1.577383037056587,89296000
1993-04-26,1.527496099472046,1.567880761983986,1.5156183599052693,1.5488761466872105,65376000
1993-04-27,1.5678813457489014,1.5726327913296039,1.525121235397819,1.5298721010034735,58208000
1993-04-28,1.6343965530395508,1.6343965530395508,1.572631857010873,1.5773827197939851,55372800
1993-04-29,1.6248948574066162,1.6296463019478973,1.5963879300836932,1.6296463019478973,49660800
1993-04-30,1.6248948574066162,1.6486509201631794,1.615392548298975,1.615392548298975,46825600
1993-05-03,1.636772871017456,1.653402059715243,1.6153928169631686,1.6248951276511872,38096000
1993-05-04,1.6724060773849487,1.6819083846428176,1.6438991556113416,1.64865059922768,49664000
1993-05-05,1.6961623430252075,1.7104155156683374,1.662903973566439,1.6724062819868188,51868800
1993-05-06,1.6581542491912842,1.7056658239535665,1.648651934238828,1.6914120615372428,47244800
1993-05-07,1.6534024477005005,1.667656207064806,1.6439001347826816,1.6581538941469869,31798400
1993-05-10,1.6937862634658813,1.710415447532831,1.6724062153654349,1.681908523407284,69091200
1993-05-11,1.667655348777771,1.686659964832362,1.6581530407504756,1.6771576568050666,38220800
1993-05-12,1.639148235321045,1.6724060195867976,1.6296459283915745,1.662903712657327,48272000
1993-05-13,1.6296461820602417,1.6343970462770963,1.605890121051333,1.6296461820602415,43708800
1993-05-14,1.6248948574066162,1.6486509201631794,1.6106416837326152,1.6343971665142571,49116800
1993-05-17,1.6438993215560913,1.6462747536166464,1.6201438410008067,1.6296461492178937,27763200
1993-05-18,1.6819087266921997,1.6866601712748384,1.643899489930794,1.6486509345134328,84185600
1993-05-19,1.757927656173706,1.767429967828699,1.700913786243748,1.7246698553687687,181017600
1993-05-20,1.7888094186782837,1.8101900476475554,1.7484247528055707,1.7531761970125912,150256000
1993-05-21,1.757927656173706,1.7911860369537198,1.748425344518713,1.776932279483692,75500800
1993-05-24,1.7508012056350708,1.7864350280500871,1.7484257721341279,1.753177219111232,64252800
1993-05-25,1.7341711521148682,1.7484243212682735,1.7104150968928762,1.7436734582087174,36716800
1993-05-26,1.8101893663406372,1.8101893663406372,1.7341709274386612,1.7389217898827036,87484800
1993-05-27,1.7888094186782837,1.8149409118796958,1.767429369683892,1.805438603440535,95052800
1993-05-28,1.7603025436401367,1.781683173220101,1.7436739383778044,1.7769317288773656,35136000
1993-06-01,1.8291950225830078,1.8624528186427018,1.7626788504886255,1.7674297156507273,173088000
1993-06-02,1.8196924924850464,1.8529502845275665,1.810190183333623,1.8196924924850464,70710400
1993-06-03,1.7983123064041138,1.8244438080232128,1.7959368735228503,1.819692942260686,23936000
1993-06-04,1.7864344120025635,1.7959367227047047,1.776932101300422,1.7864344120025635,32652800
1993-06-07,1.7721799612045288,1.8196914805401114,1.76742851928367,1.791184568938762,52761600
1993-06-08,1.753175973892212,1.7721805883518846,1.7246690522027028,1.7674291447495631,48131200
1993-06-09,1.7294200658798218,1.7674292980969608,1.724669201840108,1.7626784340572468,62480000
1993-06-10,1.7317960262298584,1.7579275263449607,1.7009136606256647,1.7341720389494377,56544000
1993-06-11,1.6985368728637695,1.7579261239495019,1.6914100003406018,1.7436729588777373,67542400
1993-06-14,1.753175973892212,1.753175973892212,1.7151667449728665,1.7294199158302177,40489600
1993-06-15,1.757927656173706,1.767429967828699,1.73892303286372,1.767429967828699,42345600
1993-06-16,1.7341711521148682,1.7721803764902653,1.6961619277394708,1.762678070396416,66966400
1993-06-17,1.727044701576233,1.7436738863169647,1.7199178252623653,1.738922442116093,28083200
1993-06-18,1.6629042625427246,1.73417187806776,1.653401952471052,1.719918122972761,75910400
1993-06-21,1.68428373336792,1.6961620518353349,1.6534013812971566,1.6866597450462708,68102400
1993-06-22,1.6724060773849487,1.7056644427748944,1.6581529064855491,1.6961621355170253,41062400
1993-06-23,1.68428373336792,1.6961620518353349,1.6676551314681425,1.6724059948752847,33129600
1993-06-24,1.6819087266921997,1.7009133450729024,1.6581532437037843,1.677157862084487,35782400
1993-06-25,1.6819087266921997,1.6961624804651898,1.6486509345134328,1.6819087266921997,45484800
1993-06-28,1.715167760848999,1.715167760848999,1.681909375858571,1.686660822275125,52224000
1993-06-29,1.6914111375808716,1.7436741312576487,1.6819088278191812,1.7151672019725777,42361600
1993-06-30,1.6724060773849487,1.7151667500327634,1.6581529064855491,1.6961621355170253,56422400
1993-07-01,1.6557774543762207,1.6819089531620375,1.6438997112826694,1.6771580879146186,57907200
1993-07-02,1.6581542491912842,1.6629051166798736,1.6439004867749607,1.6581542491912844,25404800
1993-07-06,1.6343965530395508,1.6676549124201492,1.6201433847155111,1.648650301338294,47721600
1993-07-07,1.5845106840133667,1.6011398751437798,1.5441260026753088,1.5607546138306192,182569600
1993-07-08,1.613016963005066,1.6248947032691647,1.5963877786504075,1.5963877786504075,70105600
1993-07-09,1.60826575756073,1.615392634766674,1.5868857059178503,1.615392634766674,50000000
1993-07-12,1.5916370153427124,1.6106416329588946,1.5868855709512155,1.6106416329588946,26540800
1993-07-13,1.5726326704025269,1.5963881565542248,1.5678812251871852,1.5963881565542248,36476800
1993-07-14,1.6011394262313843,1.6248949097786904,1.5678810532952276,1.577383362709138,43491200
1993-07-15,1.5868854522705078,1.6011392044040798,1.5726322801117951,1.6011392044040798,34432000
1993-07-16,1.5417494773864746,1.5821347252805436,1.5346231806771473,1.5821347252805436,86217600
1993-07-19,1.4966139793395996,1.525120906755831,1.4823602256440225,1.5108671530602538,122435200
1993-07-20,1.529872179031372,1.529872179031372,1.4823606206763604,1.506116689841405,74822400
1993-07-21,1.5013643503189087,1.5013643503189087,1.4586042632402298,1.491862044304232,178963200
1993-07-22,1.4752330780029297,1.5536275489886942,1.4586044750436613,1.5346229341996875,147584000
1993-07-23,1.4752330780029297,1.4871113972271712,1.4586044750436613,1.4633553387535048,92790400
1993-07-26,1.487112045288086,1.5061166683590195,1.477609733752619,1.487112045288086,65801600
1993-07-27,1.434848666191101,1.4966139649881105,1.434848666191101,1.49186252047684,112220800
1993-07-28,1.487112045288086,1.5108675341392181,1.4205958645398185,1.4443513533909509,113459200
1993-07-29,1.5013643503189087,1.534622711357643,1.4728574322748786,1.4823597382895555,96534400
1993-07-30,1.406341552734375,1.4110929966161683,1.3683323215793919,1.3873369371568833,287936000
1993-08-02,1.382585883140564,1.4395997220334786,1.3730835766584115,1.4205951090691737,148208000
1993-08-03,1.3873370885849,1.3920885329853139,1.368332470933052,1.3873370885849,85136000
1993-08-04,1.3873370885849,1.401590841811238,1.3635816065075421,1.3920885329853139,94416000
1993-08-05,1.4205957651138306,1.4253466305615212,1.3920888325026002,1.3968396979502908,67910400
1993-08-06,1.3920884132385254,1.4419753852896466,1.3825861052299855,1.4205953372641453,71760000
1993-08-09,1.3873370885849,1.406341706236748,1.373083915333466,1.3920885329853139,70876800
1993-08-10,1.349327564239502,1.3920882347837773,1.337449825745173,1.387336791401178,192028800
1993-08-11,1.37545907497406,1.3873368136589497,1.3517030176294917,1.354079029346301,95974400
1993-08-12,1.406341552734375,1.4158438605231207,1.3730837654611852,1.3778346293681376,77366400
1993-08-13,1.4300975799560547,1.439599887530597,1.3873369058831997,1.4063415210322847,61900800
1993-08-16,1.4776087999343872,1.4871111054645934,1.4348481350611089,1.4395995778135633,78451200
1993-08-17,1.4681073427200317,1.4918628302848187,1.4443512751802068,1.4823605192638964,54272000
1993-08-18,1.4681073427200317,1.5061165868037214,1.453853586201129,1.477609653740954,66012800
1993-08-19,1.411092758178711,1.4799843330125486,1.4015904519956042,1.4681065952773509,114742400
1993-08-20,1.4491024017333984,1.4586047106628799,1.3920885481565088,1.3968394126337944,73683200
1993-08-23,1.4633558988571167,1.487111966423485,1.4348489657624974,1.4348489657624974,59472000
1993-08-24,1.4419752359390259,1.463355281750118,1.4395998041766367,1.4538529747257667,39417600
1993-08-25,1.411092758178711,1.444350539832213,1.3849612711814818,1.4253459274659996,68800000
1993-08-26,1.3707082271575928,1.4015911731232193,1.35883048331122,1.3968397275996456,136256000
1993-08-27,1.3659566640853882,1.3778344018664124,1.354078926304364,1.3730835387439007,67763200
1993-08-30,1.3802101612091064,1.3920884817858177,1.3635815563564992,1.3778347290837172,54012800
1993-08-31,1.4277215003967285,1.4348483757334758,1.3968391472372246,1.4015905907866562,93020800
1993-09-01,1.458604335784912,1.4681066422721925,1.4253459730920504,1.430097416323071,86035200
1993-09-02,1.456229329109192,1.4918631480206734,1.4467270160644743,1.46810765539646,55497600
1993-09-03,1.4396004676818848,1.458605090489731,1.4300981562779616,1.4538536448002386,26800000
1993-09-07,1.4205957651138306,1.449102697725061,1.4110934542434204,1.4396003868546507,38659200
1993-09-08,1.4158438444137573,1.420595288241489,1.3920883651996012,1.406341536733128,54777600
1993-09-09,1.4491024017333984,1.453853266210684,1.4158440304927578,1.4253463394222392,29856000
1993-09-10,1.482360601425171,1.4871120471865047,1.4491028009961155,1.4633559783299765,56540800
1993-09-13,1.4514782428741455,1.4918629222076543,1.4491028099663095,1.4918629222076543,33481600
1993-09-14,1.4300975799560547,1.4491021951051395,1.4110929648069697,1.4443507513304545,57756800
1993-09-15,1.4538531303405762,1.458604574348725,1.413468466158163,1.4395999582658416,60428800
1993-09-16,1.4443511962890625,1.4681072625313198,1.4396003310256147,1.4586049520294182,25641600
1993-09-17,1.4443511962890625,1.4538535067909641,1.430098020523713,1.4348488857871606,25286400
1993-09-20,1.43722403049469,1.477609277018507,1.4253462897405742,1.4491023512236956,34691200
1993-09-21,1.4443511962890625,1.4704826951630439,1.4205957100218112,1.4348488857871606,57846400
1993-09-22,1.4681073427200317,1.4823605192638964,1.430098098636342,1.4443512751802068,72051200
1993-09-23,1.4966139793395996,1.5061162884783434,1.4586047427846247,1.4681070519233683,72214400
1993-09-24,1.5203688144683838,1.534622562091363,1.4918618991971015,1.4918618991971015,91481600
1993-09-27,1.5631296634674072,1.5678805265909164,1.5441250510238809,1.553627357245644,73472000
1993-09-28,1.5963877439498901,1.601139187937168,1.563129955938361,1.563129955938361,84012800
1993-09-29,1.5773831605911255,1.5963877769837898,1.534623063695064,1.5916369128730565,87529600
1993-09-30,1.5678813457489014,1.582135102515961,1.5631304801432468,1.5726327913296039,38400000
1993-10-01,1.55837881565094,1.5821348802672484,1.55837881565094,1.56788112550247,46048000
1993-10-04,1.5702561140060425,1.5963876037032183,1.567880682208518,1.567880682208518,40505600
1993-10-05,1.5821353197097778,1.61064225718225,1.5678815609859778,1.5726330072189536,86931200
1993-10-06,1.613016963005066,1.6248947032691647,1.5773831622379026,1.582134606328462,77321600
1993-10-07,1.5987623929977417,1.6296453138536882,1.591636100469049,1.6153915688471638,41596800
1993-10-08,1.6058896780014038,1.6106411208822584,1.5631295919473056,1.6011388150952677,38086400
1993-10-11,1.5963877439498901,1.6106414959368696,1.563129955938361,1.605890051949592,36457600
1993-10-12,1.6011394262313843,1.620144045059205,1.5631301885757423,1.6011394262313843,79296000
1993-10-13,1.5821353197097778,1.6011399446914258,1.5441260697464814,1.5916376322006018,62409600
1993-10-14,1.5607537031173706,1.5963874976113142,1.5583782714777115,1.5916366343319959,63257600
1993-10-15,1.5346227884292603,1.5773828776554302,1.52512048193736,1.5631297079049606,126425600
1993-10-18,1.5773831605911255,1.5821346046767244,1.534623063695064,1.5393739278057972,67750400
1993-10-19,1.5251213312149048,1.5963883796024732,1.5108675735523407,1.558379132469081,91392000
1993-10-20,1.5393738746643066,1.5536276264541766,1.5061160871126855,1.5298715667960083,81590400
1993-10-21,1.510867714881897,1.52037002755411,1.4823607768652574,1.4966145358611465,127142400
1993-10-22,1.527496099472046,1.5346229752020448,1.5061160522568815,1.5061160522568815,47625600
1993-10-25,1.529872179031372,1.5441259365254143,1.5013652440183651,1.529872179031372,48553600
1993-10-26,1.510867714881897,1.5346237865499992,1.5061168485333598,1.5298723402263235,66944000
1993-10-27,1.5179940462112427,1.5298717877685082,1.5108671692869118,1.5108671692869118,45564800
1993-10-28,1.5013643503189087,1.5298712683629385,1.4966134872989365,1.5156180993282897,56009600
1993-10-29,1.5227447748184204,1.5251207868975694,1.5061161701136425,1.5108670343221855,39843200
1993-11-01,1.5369981527328491,1.5488758903337492,1.5156181090562821,1.5251204151319493,30163200
1993-11-02,1.5251213312149048,1.5488768206857328,1.5108675735523407,1.544125954781601,42422400
1993-11-03,1.4918625354766846,1.5298717720493389,1.4776093617494008,1.5203694629061753,56796800
1993-11-04,1.4538531303405762,1.5013646705477846,1.4538531303405762,1.4966138065144916,63177600
1993-11-05,1.4966139793395996,1.50136484392151,1.4443509890890476,1.4491024336458809,56432000
1993-11-08,1.4918625354766846,1.5108671537630118,1.4776093617494008,1.5013648446198482,28819200
1993-11-09,1.487112045288086,1.520369845674685,1.482360599532818,1.5013652226037515,36320000
1993-11-10,1.5465006828308105,1.5512515465694745,1.501364577439402,1.5203691923436982,57177600
1993-11-11,1.5512514114379883,1.5678805930243631,1.539373673151193,1.5441251164507728,31158400
1993-11-12,1.5560030937194824,1.5678808338305446,1.5536276616922415,1.5536276616922415,34339200
1993-11-15,1.529872179031372,1.558379114044379,1.529872179031372,1.558379114044379,29244800
1993-11-16,1.5631296634674072,1.5726319696891704,1.5298713017038639,1.5393736079256268,47664000
1993-11-17,1.5346227884292603,1.5773828776554302,1.5346227884292603,1.5726320143968608,72217600
1993-11-18,1.5251213312149048,1.5488768206857328,1.5203698853356886,1.534623642998253,48438400
1993-11-19,1.5227447748184204,1.5251207868975694,1.5108670343221855,1.515618478505606,38403200
1993-11-22,1.4633558988571167,1.5156188995181044,1.453853587825577,1.5156188995181044,80355200
1993-11-23,1.4704822301864624,1.491862277061472,1.4681067983058662,1.4776091058030731,98256000
1993-11-24,1.4966139793395996,1.515618597617087,1.4728579165052789,1.4728579165052789,32467200
1993-11-26,1.5013643503189087,1.5061157933136131,1.4966134872989365,1.5013643503189087,6403200
1993-11-29,1.510867714881897,1.52037002755411,1.5013654022096838,1.5013654022096838,32105600
1993-11-30,1.5203688144683838,1.5298711195588113,1.487111036639226,1.4918618991971015,44153600
1993-12-01,1.548876166343689,1.5631299179845781,1.5298715508057297,1.5298715508057297,58886400
1993-12-02,1.575008749961853,1.577384183557738,1.553628687648405,1.5583795548401749,51936000
1993-12-03,1.6296461820602417,1.643899354685684,1.5868855042341574,1.5916369484258905,114502400
1993-12-06,1.613016963005066,1.6248947032691647,1.5963877786504075,1.6153923950629123,59337600
1993-12-07,1.6248948574066162,1.6343971665142571,1.615392548298975,1.615392548298975,32780800
1993-12-08,1.5868854522705078,1.5916368963066516,1.563129972014367,1.5773831441730795,105900800
1993-12-09,1.5417494773864746,1.5868855897534282,1.529871736229353,1.5868855897534282,61465600
1993-12-10,1.5560030937194824,1.563129969776063,1.5346230455245986,1.54412535360842,19916800
1993-12-13,1.5465006828308105,1.5583784221522907,1.5346229435093304,1.5488761147001426,20112000
1993-12-14,1.5203688144683838,1.548875729739666,1.5061156468200807,1.5393734246492385,47414400
1993-12-15,1.5156184434890747,1.539373923932703,1.5156184434890747,1.5203693075878546,35219200
1993-12-16,1.5203688144683838,1.5393734246492385,1.5156179519105082,1.5203688144683838,29113600
1993-12-17,1.529872179031372,1.529872179031372,1.5156190015124074,1.529872179031372,26112000
1993-12-20,1.55837881565094,1.55837881565094,1.5298718860963496,1.5393741959478797,35462400
1993-12-21,1.5678813457489014,1.5678813457489014,1.5488767233761873,1.5583790345625443,31008000
1993-12-22,1.5417494773864746,1.5678809719120699,1.5393740451500322,1.563130107439185,24169600
1993-12-23,1.5369981527328491,1.563129639434618,1.5346227212076164,1.539373584258082,31820800
1993-12-27,1.529872179031372,1.5441259365254143,1.5156190015124074,1.5346236248544118,24537600
1993-12-28,1.5726326704025269,1.5773835356428652,1.5298719833644656,1.5298719833644656,27776000
1993-12-29,1.548876166343689,1.5868853974196078,1.5298715508057297,1.5726322257535579,48988800
1993-12-30,1.5441256761550903,1.5631302962925377,1.5346233660863666,1.553627986223814,25328000
1993-12-31,1.5322465896606445,1.548875768983899,1.5251202956432703,1.5393734636527094,22995200
1994-01-03,1.5227447748184204,1.534623095289533,1.5061161701136425,1.5298716511061126,36646400
1994-01-04,1.529872179031372,1.5346236248544118,1.506116689841405,1.5251213131834096,45302400
1994-01-05,1.5631296634674072,1.5678805265909164,1.5203689954821007,1.5251204385803547,53974400
1994-01-06,1.60826575756073,1.6106417699460127,1.5678810866853012,1.5702565190956317,82006400
1994-01-07,1.620144248008728,1.629646558612958,1.5821350055918078,1.6011396268002678,70832000
1994-01-10,1.6296461820602417,1.643899354685684,1.6153924294599207,1.6153924294599207,74185600
1994-01-11,1.620144248008728,1.6343974239275667,1.6035150594575722,1.6153928027191067,35360000
1994-01-12,1.6248948574066162,1.6296463019478973,1.591637065517333,1.615392548298975,39488000
1994-01-13,1.6225193738937378,1.6248948061019155,1.596387879679075,1.6106416328779467,40755200
1994-01-14,1.6272701025009155,1.6343969785055543,1.6106414984565636,1.6248946704909872,45216000
1994-01-17,1.6106414794921875,1.634396959261471,1.6058900355534222,1.6201437873948705,30755200
1994-01-18,1.60826575756073,1.6248949443829486,1.5963880155341248,1.6201440795622872,43686400
1994-01-19,1.5821353197097778,1.6011399446914258,1.5678815609859778,1.5916376322006018,76563200
1994-01-20,1.639148235321045,1.6415236670597155,1.5821343937442223,1.5821343937442223,145004800
1994-01-21,1.639148235321045,1.6534014057278565,1.615392178009975,1.639148235321045,99078400
1994-01-24,1.620144248008728,1.6534020451360267,1.6153928027191067,1.6343974239275667,38374400
1994-01-25,1.617767572402954,1.6225190157453977,1.5963875272988948,1.6201435840615634,70361600
1994-01-26,1.6011394262313843,1.61539260036478,1.596387981536959,1.61539260036478,50489600
1994-01-27,1.6011394262313843,1.6106417356452947,1.5821348074035633,1.596387981536959,51129600
1994-01-28,1.613016963005066,1.6248947032691647,1.6011392227409669,1.60589008685666,41875200
1994-01-31,1.617767572402954,1.6320213224555102,1.610641277351451,1.6201435840615634,62566400
1994-02-01,1.617767572402954,1.6296458907716758,1.6058898340090073,1.6153921407191199,44003200
1994-02-02,1.5963877439498901,1.6248946679489953,1.5963877439498901,1.6106414959368696,40924800
1994-02-03,1.6058896780014038,1.6058896780014038,1.5868850664274228,1.6011388150952677,31792000
1994-02-04,1.5441256761550903,1.6058904016143045,1.5441256761550903,1.5963880915455808,78217600
1994-02-07,1.5346227884292603,1.5441250949211605,1.510866732212129,1.5156181754454598,118851200
1994-02-08,1.4966139793395996,1.5298717713377412,1.4823602256440225,1.5298717713377412,149875200
1994-02-09,1.5132428407669067,1.525121164176435,1.4823604758471791,1.4918627865897893,98585600
1994-02-10,1.5084915161132812,1.5346230076933154,1.501364640232391,1.5156183919941713,66620800
1994-02-11,1.4966139793395996,1.5108671530602538,1.4823602256440225,1.5061162884783434,53747200
1994-02-14,1.503739595413208,1.5108664690343938,1.4966133017666825,1.5013641641976994,55270400
1994-02-15,1.5156184434890747,1.5251207516614986,1.5061161353166506,1.5156184434890747,28876800
1994-02-16,1.4966139793395996,1.525120906755831,1.4966139793395996,1.525120906755831,43731200
1994-02-17,1.4942378997802734,1.5108670850179056,1.4823601588854922,1.501364776307101,85017600
1994-02-18,1.5203688144683838,1.534622562091363,1.4918618991971015,1.4918618991971015,79465600
1994-02-22,1.510867714881897,1.525121473877786,1.4918630895374705,1.52037002755411,63235200
1994-02-23,1.5393738746643066,1.5583784904009028,1.4871114713760891,1.5156183949809838,139462400
1994-02-24,1.5179940462112427,1.534623232376372,1.5061163046539774,1.52036947852771,82553600
1994-02-25,1.5393738746643066,1.5441253185858783,1.5156183949809838,1.525120702849282,52995200
1994-02-28,1.5678813457489014,1.5773836569352584,1.5393744121898305,1.5441258577705328,55494400
1994-03-01,1.5821353197097778,1.5821353197097778,1.5631306947281296,1.577383873476802,48070400
1994-03-02,1.5726326704025269,1.5773835356428652,1.5393742938201456,1.553628049491167,68499200
1994-03-03,1.5393738746643066,1.582134550059071,1.5298715667960083,1.5773831061374992,31564800
1994-03-04,1.5393738746643066,1.5488761825326047,1.5298715667960083,1.5393738746643064,25705600
1994-03-07,1.5441256761550903,1.5631302962925377,1.5346233660863666,1.5441256761550903,30540800
1994-03-08,1.5393738746643066,1.5441253185858783,1.5156183949809838,1.5441253185858783,24723200
1994-03-09,1.5369981527328491,1.5536273333589508,1.5203689721067475,1.5441250272832836,37024000
1994-03-10,1.5369981527328491,1.563129639434618,1.5298712781824149,1.5488758903337492,46588800
1994-03-11,1.5536271333694458,1.5631294382219356,1.5346225236644657,1.53937338610338,34857600
1994-03-14,1.594011902809143,1.6011387769733803,1.5631295547303885,1.5678804175234102,69203200
1994-03-15,1.613016963005066,1.6201438391534717,1.586885470444155,1.5963877786504075,62934400
1994-03-16,1.6106414794921875,1.6201437873948705,1.6058900355534222,1.6153923434561053,41286400
1994-03-17,1.6058896780014038,1.620143426669249,1.6058896780014038,1.6106411208822584,30992000
1994-03-18,1.6106414794921875,1.6153923434561053,1.5868854197480562,1.6058900355534222,36857600
1994-03-21,1.5821353197097778,1.6225200028019984,1.577383873476802,1.6153931234400982,65078400
1994-03-22,1.6106414794921875,1.6296460952975533,1.5631299399787726,1.5631299399787726,89024000
1994-03-23,1.639148235321045,1.662903712657327,1.615392178009975,1.620143621462104,116441600
1994-03-24,1.6581542491912842,1.6581542491912844,1.6153935419175915,1.629647304333915,60166400
1994-03-25,1.6629042625427246,1.6961626377810692,1.653401952471052,1.653401952471052,102051200
1994-03-28,1.6415241956710815,1.6724065581430476,1.5916372132202175,1.6629042481535985,118403200
1994-03-29,1.5678813457489014,1.6438998352397571,1.5678813457489014,1.6438998352397571,78339200
1994-03-30,1.5892618894577026,1.615393398246676,1.567881827710009,1.572633274751289,86860800
1994-03-31,1.6106414794921875,1.6296460952975533,1.5678808039426904,1.5868854197480562,72297600
1994-04-04,1.6058896780014038,1.6296457324562394,1.558378149066451,1.5678804548534415,73996800
1994-04-05,1.667655348777771,1.6676553487777712,1.6153923646402188,1.620143808641294,101878400
1994-04-06,1.6914111375808716,1.6961625824491973,1.658153343402436,1.6629042082958005,80780800
1994-04-07,1.7056643962860107,1.7127906915540752,1.6866597822882547,1.6961620892871327,76630400
1994-04-08,1.6534024477005005,1.7104163252074145,1.648651581229168,1.7056654587360818,118710400
1994-04-11,1.6534024477005005,1.6581538941469869,1.6343978218648627,1.6534024477005007,40400000
1994-04-12,1.6106414794921875,1.6486507111029194,1.5963877276507392,1.6486507111029194,84969600
1994-04-13,1.613016963005066,1.6248947032691647,1.5773831622379026,1.6106415309472193,69644800
1994-04-14,1.5987623929977417,1.6201430105075283,1.591636100469049,1.605889265501004,53088000
1994-04-15,1.613016963005066,1.6201438391534717,1.586885470444155,1.586885470444155,35241600
1994-04-18,1.5773831605911255,1.6296461456583848,1.5631299882840601,1.6106415292657206,78006400
1994-04-19,1.674781322479248,1.700912809518611,1.629645803017773,1.6534012785264711,291273600
1994-04-20,1.7009137868881226,1.7032892198090015,1.6534022285951582,1.681909163570937,104732800
1994-04-21,1.7389215230941772,1.7436729647839069,1.696161447759476,1.7009123094746326,141980800
1994-04-22,1.7436739206314087,1.7626785378591359,1.7246693034036815,1.748424784950895,66060800
1994-04-25,1.7816836833953857,1.7911859948268942,1.7389229919660656,1.7484253033975743,142745600
1994-04-26,1.8042508363723755,1.8101899237340207,1.7864338642748603,1.7959361720635563,113193600
1994-04-28,1.7508012056350708,1.810191102985171,1.7436749051322422,1.810191102985171,141382400
1994-04-29,1.757927656173706,1.776932279483692,1.7341721670237618,1.748425344518713,56803200
1994-05-02,1.81494140625,1.8161290501346763,1.7484252290575917,1.7626789855863412,79260800
1994-05-03,1.7769317626953125,1.8149409982609876,1.772180898237057,1.8101901338027322,41929600
1994-05-04,1.8078142404556274,1.8101902528158769,1.7626787052350787,1.781683324267398,68889600
1994-05-05,1.7935600280761719,1.8291938131310665,1.7864331550702708,1.810189205098404,56374400
1994-05-06,1.757927656173706,1.7911860369537198,1.727045288288748,1.7721814136437337,96403200
1994-05-09,1.753175973892212,1.7793068837931572,1.7412976548738117,1.7436736666623756,47600000
1994-05-10,1.7864344120025635,1.7959367227047047,1.7626789252347195,1.7674297905982808,65305600
1994-05-11,1.7769317626953125,1.7911855160198946,1.7626785893456383,1.7864340715867313,57433600
1994-05-12,1.7959357500076294,1.8110799044931842,1.7721802761059917,1.7769311388964375,58998400
1994-05-13,1.8339452743530273,1.8529498885950277,1.7959360458690268,1.8529498885950277,179920000
1994-05-16,1.8054391145706177,1.8386974935107567,1.8006882489934806,1.8291951823814376,56633600
1994-05-17,1.7983123064041138,1.810190630760565,1.7769322505226084,1.8054391850229712,122464000
1994-05-18,1.844634771347046,1.8529494330273715,1.8006870466985434,1.8101893514832992,96953600
1994-05-19,1.8695793151855469,1.8814570556441266,1.8434478221967705,1.8481992663651279,89651200
1994-05-20,1.857701301574707,1.88620822246863,1.848198994610066,1.8624521650696324,78140800
1994-05-23,1.9218419790267944,1.9384711658847402,1.843448069517841,1.862452688791221,74947200
1994-05-24,1.9432226419448853,1.9717295713134533,1.909964267694074,1.947973506852165,85144000
1994-05-25,1.995484709739685,2.004987017881303,1.9099639364651273,1.9384708608899799,86003200
1994-05-26,1.9764801263809204,2.0049870512806454,1.9479732014811955,2.0049870512806454,64296000
1994-05-27,1.9907333850860596,2.0049865540134832,1.947972718354332,1.9669773302407159,47544000
1994-05-31,2.0429961681365967,2.04359035235894,1.9717291499332048,1.9859823215839476,76000000
1994-06-01,2.0144896507263184,2.0334942700727927,1.9907341665307026,2.0334942700727927,100764800
1994-06-02,1.9859822988510132,2.028742973263451,1.9764799912010085,2.023991529451033,60291200
1994-06-03,2.0097389221191406,2.0334944079251613,1.985982856338125,1.9954851666555322,86841600
1994-06-06,2.0715036392211914,2.076255084344516,1.966978226232966,2.000236602171261,764504000
1994-06-07,2.03824520111084,2.062000679318347,2.033493757484453,2.0524983720403824,166171200
1994-06-08,1.9764801263809204,2.03824542031776,1.9622269539184938,2.03824542031776,203835200
1994-06-09,1.9859822988510132,1.9978600384198113,1.9669776835510036,1.971729127363422,79356800
1994-06-10,1.9978605508804321,2.0144897385271134,1.9717296331213399,1.9859828082649373,53726400
1994-06-13,2.0097389221191406,2.028743542753955,1.9717296808495115,2.0002366118017334,56628800
1994-06-14,2.0358688831329346,2.057249506273999,2.0144888399665923,2.019240282878403,59249600
1994-06-15,2.062000036239624,2.076253782698641,2.023990818981751,2.0382445654407677,58860800
1994-06-16,2.0358688831329346,2.0620003692110873,2.0334934516643903,2.0620003692110873,48478400
1994-06-17,2.0144896507263184,2.0382457148968895,2.009738785877177,2.0334942700727927,47622400
1994-06-20,2.033493757247925,2.033493757247925,1.990733664489462,1.9954845281404872,45668800
1994-06-21,2.0002365112304688,2.028743440749371,1.9764804466439005,1.9812318915512004,86995200
1994-06-22,1.9574748277664185,2.0144886577013628,1.9479725227772613,2.0049863527122054,82924800
1994-06-23,1.9052132368087769,1.9859825729957905,1.9004617923404694,1.9574756461106835,85979200
1994-06-24,1.8814574480056763,1.914715824195295,1.8719551376622132,1.9004620686926024,81454400
1994-06-27,1.9717289209365845,1.9812312275917612,1.8767058543848159,1.8909590243801953,76161600
1994-06-28,1.9503486156463623,2.004987032862639,1.9075885186770094,1.9764801082247816,99417600
1994-06-29,1.9527243375778198,1.9717289511796732,1.9337197239759667,1.95272433757782,53435200
1994-06-30,1.9622257947921753,1.9812304001655885,1.9384697480881443,1.966976656148264,40827200
1994-07-01,1.9099644422531128,1.966978306200967,1.8951170818500258,1.962227440859487,66622400
1994-07-05,1.8672044277191162,1.9384714712327997,1.8624529821648468,1.9147159833865868,40430400
1994-07-06,1.8363217115402222,1.8624532154238775,1.8149416538059215,1.8458240238638135,89254400
1994-07-07,1.9147164821624756,1.9194673489792817,1.8220687794827952,1.8434488401088152,89667200
1994-07-08,1.8814574480056763,1.9337204448822212,1.86720427247798,1.895711203508369,48945600
1994-07-11,1.838697910308838,1.8862094767254076,1.8149418371129649,1.8862094767254076,85406400
1994-07-12,1.8244433403015137,1.833945649365584,1.781683239500656,1.833945649365584,83752000
1994-07-13,1.8814574480056763,1.8814574480056763,1.819692720760665,1.8339458962883612,82956800
1994-07-14,1.8529493808746338,1.8862077366725245,1.8386962140859955,1.8767054321552188,81446400
1994-07-15,1.8481990098953247,1.87670593102501,1.8244429522998562,1.8529498734295413,45520000
1994-07-18,1.9194672107696533,1.9669787753926646,1.8814579590712444,1.9574764624680623,150499200
1994-07-19,1.9052132368087769,1.9242178547321813,1.886208618885372,1.9242178547321813,70126400
1994-07-20,1.838697910308838,1.9004626566627905,1.81969328374221,1.9004626566627905,112604800
1994-07-21,1.81494140625,1.8577020958612103,1.8054390952225132,1.8481997848337235,85740800
1994-07-22,1.9218419790267944,1.9289688562480503,1.7959365213343916,1.843448069517841,152916800
1994-07-25,1.945597529411316,1.9622267118786707,1.9099637326883554,1.9242174833674597,51513600
1994-07-26,1.9147164821624756,1.9479742898057066,1.8909604081528566,1.9432234229889005,54308800
1994-07-27,1.8814574480056763,1.914715824195295,1.8814574480056763,1.914715824195295,29291200
1994-07-28,1.8814574480056763,1.9099643790360652,1.8719551376622132,1.8814574480056763,39899200
1994-07-29,1.9574748277664185,1.9622262702483322,1.886207830335073,1.8957101353242305,67064000
1994-08-01,2.028743028640747,2.0382453365501303,1.9574754293329486,1.9622268732750643,83934400
1994-08-02,2.0073626041412354,2.07625477844184,2.0002363074686818,2.04299640740363,95249600
1994-08-03,2.028743028640747,2.052498508426781,2.019240720731364,2.042996200517398,58771200
1994-08-04,2.0049870014190674,2.038245369629087,2.0049870014190674,2.03349392560986,40192000
1994-08-05,1.995484709739685,2.0097384619395426,1.9859824015980676,2.000236153797925,31204800
1994-08-08,2.0144896507263184,2.0144896507263184,1.9764804120333688,1.9907341665307026,34537600
1994-08-09,2.033493757247925,2.0477475081506187,2.0049868354173466,2.014489142694206,40198400
1994-08-10,2.0572502613067627,2.0667525706431102,2.023991888642078,2.033494197978426,48646400
1994-08-11,2.1000092029571533,2.1285161152144902,2.047746820472676,2.047746820472676,81428800
1994-08-12,2.1000092029571533,2.114262949073129,2.085756036815792,2.10476064498735,38088000
1994-08-15,2.0691285133361816,2.10951319298285,2.0667530804099257,2.10951319298285,36113600
1994-08-16,2.0857574939727783,2.095259804697085,2.052499116450196,2.0857574939727783,56779200
1994-08-17,2.123765707015991,2.1380188762033105,2.0952587886666136,2.104761094783073,79790400
1994-08-18,2.1095120906829834,2.1427704541721297,2.1047612273129768,2.123765840742553,61276800
1994-08-19,2.0857574939727783,2.1285176022446475,2.0810060486231152,2.123766736870004,74761600
1994-08-22,2.07625412940979,2.0905072982742974,2.071502686471804,2.0905072982742974,62835200
1994-08-23,2.1095120906829834,2.1427704541721297,2.0715028638238304,2.076254307168612,58363200
1994-08-24,2.1190145015716553,2.128516808753591,2.10951219438972,2.10951219438972,35246400
1994-08-25,2.1356441974639893,2.1570242487686206,2.1190150109048567,2.1237664556252986,55174400
1994-08-26,2.161775588989258,2.195033380524905,2.138019526485297,2.142770970976055,60961600
1994-08-29,2.16890287399292,2.209288140653137,2.166527440652666,2.1807812006445495,56625600
1994-08-30,2.2187891006469727,2.223539964429709,2.1522729478648874,2.1665261191879215,39851200
1994-08-31,2.2092857360839844,2.25204580956955,2.195031991605764,2.218788039077949,60968000
1994-09-01,2.133268117904663,2.166525900958306,2.1190143680425537,2.166525900958306,115568000
1994-09-02,2.1285173892974854,2.1475220088447844,2.119015079523836,2.1475220088447844,46964800
1994-09-06,2.1285173892974854,2.138019699071135,2.116639647074164,2.1237665243981416,28804800
1994-09-07,2.161775588989258,2.1974088127828266,2.133268661969454,2.138019526485297,43588800
1994-09-08,2.2021591663360596,2.2045345974172057,2.1665253802203575,2.1665253802203575,28377600
1994-09-09,2.161775588989258,2.199784825015663,2.1237663529628525,2.133268661969454,60800000
1994-09-12,2.133268117904663,2.171277344237265,2.1237658113215128,2.171277344237265,36238400
1994-09-13,2.1879053115844727,2.199783626351405,2.1427698033786853,2.1427698033786853,41134400
1994-09-14,2.1902832984924316,2.209287923295077,2.1855318523042095,2.195034164705532,29968000
1994-09-15,2.2140378952026367,2.2140378952026367,2.1807801052192257,2.190282413782327,40640000
1994-09-16,2.161775588989258,2.2092871340222646,2.1570241444984997,2.2045356895315065,52921600
1994-09-19,2.161775588989258,2.1760287625117023,2.1522732799826567,2.1712778979958594,48350400
1994-09-20,2.1285173892974854,2.171278073266389,2.1261419568478135,2.1617757634927397,40276800
1994-09-21,2.176028251647949,2.180779695023216,2.090507490666152,2.1403944562451724,82948800
1994-09-22,2.1665260791778564,2.185530693907487,2.152272908118041,2.1760283865426717,44320000
1994-09-23,2.1285173892974854,2.1855312479393825,2.1285173892974854,2.1617757634927397,48371200
1994-09-26,2.1118884086608887,2.1285175973842074,2.100010665276383,2.1285175973842074,29921600
1994-09-27,2.1475207805633545,2.1475207805633545,2.085756092348626,2.1095115632082506,50585600
1994-09-28,2.1665260791778564,2.185530693907487,2.1475214644482263,2.152272908118041,33355200
1994-09-29,2.1475207805633545,2.176027693579682,2.1427699183812816,2.1617745270588333,27105600
1994-09-30,2.133268117904663,2.1855305141246073,2.133268117904663,2.147521287792005,34608000
1994-10-03,2.123765707015991,2.1427703192489096,2.1095119578539334,2.1332680131324504,28833600
1994-10-04,2.090508460998535,2.1332691513246655,2.085757595392881,2.1285177057439633,42622400
1994-10-05,2.1095120906829834,2.123765840742553,2.0572496937390357,2.0857566138834005,50985600
1994-10-06,2.0715036392211914,2.1237666357028,2.0620013289495347,2.1095128803078187,40790400
1994-10-07,2.0667524337768555,2.085757051191011,2.0477478163627,2.076254742483933,51518400
1994-10-10,2.081005334854126,2.104761393504255,2.0667521636439052,2.0667521636439052,39480000
1994-10-11,2.1213910579681396,2.1522740076622444,2.0952601343463586,2.0952601343463586,55692800
1994-10-12,2.138019561767578,2.14752187093099,2.1190149434407552,2.123766388009923,27912000
1994-10-13,2.176028251647949,2.1950328651994595,2.1522727746959505,2.1522727746959505,63033600
1994-10-14,2.12614107131958,2.1807794747551545,2.0976341538716348,2.1760280318598038,99878400
1994-10-17,2.0952587127685547,2.1380187987563226,2.090507269895071,2.128516492984072,31160000
1994-10-18,2.1522741317749023,2.1570249981709666,2.0928842419980875,2.1000111215673285,52686400
1994-10-19,2.1902832984924316,2.2045364771068545,2.138020290297596,2.1522740488871412,59488000
1994-10-20,2.266300678253174,2.2758029859607873,2.1997845242998815,2.214037695873883,136558400
1994-10-21,2.2567992210388184,2.2663015323274553,2.2187899758842704,2.252047775406973,67099200
1994-10-24,2.2377941608428955,2.2615496444313847,2.2187895419821273,2.2615496444313847,57145600
1994-10-25,2.2686755657196045,2.2710509970827113,2.218788607220876,2.233041775374214,44780800
1994-10-26,2.318563461303711,2.323314905924996,2.27105191496552,2.275803359586805,97904000
1994-10-27,2.3423192501068115,2.3423192501068115,2.309060881578131,2.3233146337975263,41238400
1994-10-28,2.361323595046997,2.3708259021096114,2.332816673859155,2.342318980921769,58414400
1994-10-31,2.394582509994507,2.4230894446372986,2.356573263804118,2.366075575351715,59932800
1994-11-01,2.3850796222686768,2.389831066882175,2.3613241391259754,2.3850796222686768,39624000
1994-11-02,2.394582509994507,2.4373432019462298,2.3755778868993125,2.38508019844691,61408000
1994-11-03,2.380328893661499,2.404084378161782,2.370826583866393,2.394582068366676,63441600
1994-11-04,2.3375675678253174,2.399332854523551,2.330440692441905,2.380328240150987,46947200
1994-11-07,2.3518221378326416,2.356573003093311,2.3138128958472657,2.337568382100623,47094400
1994-11-08,2.418337345123291,2.427839651823236,2.344694323205027,2.351821198223679,43328000
1994-11-09,2.423089027404785,2.4563474020821396,2.3993335426137916,2.4420936472275674,60206400
1994-11-10,2.420712947845459,2.446844438110379,2.4135860723232416,2.4135860723232416,24689600
1994-11-11,2.3660738468170166,2.3827030248706373,2.309060019182872,2.3660738468170166,132899200
1994-11-14,2.451596260070801,2.451596260070801,2.3850800824719807,2.3850800824719807,48934400
1994-11-15,2.4539713859558105,2.47535216446275,2.442093787870015,2.451596098328653,52544000
1994-11-16,2.4563469886779785,2.4658492969901276,2.4515955445344675,2.4610978528466165,30196800
1994-11-17,2.4420933723449707,2.461097990028589,2.4278401990697094,2.456347125595137,33232000
1994-11-18,2.437342405319214,2.4610978864363715,2.432590961110854,2.437342405319214,25694400
1994-11-21,2.413586139678955,2.4610976778616114,2.408835275848105,2.45159537022508,35560000
1994-11-22,2.3565733432769775,2.427840972274915,2.3518224773304963,2.4040849026172393,56358400
1994-11-23,2.3375675678253174,2.3589476140007504,2.3209383852556233,2.34231901140586,87507200
1994-11-25,2.3660738468170166,2.3708252891071853,2.342318375290113,2.347069237605635,12563200
1994-11-28,2.408834457397461,2.4135853196141084,2.366073797574461,2.37557610198239,43449600
1994-11-29,2.437342405319214,2.446844713761053,2.413586344227175,2.4183377884355353,37673600
1994-11-30,2.38983154296875,2.4420939642790276,2.3850800974087,2.4420939642790276,40934400
1994-12-01,2.3779525756835938,2.410023302102466,2.375577143533782,2.3803285878082936,43096000
1994-12-02,2.4040842056274414,2.4040842056274414,2.356572660061682,2.3850795874011377,37715200
1994-12-05,2.4064605236053467,2.4420943408883575,2.3993342241288524,2.408836536739313,38166400
1994-12-06,2.408834457397461,2.4373413706212497,2.3945807107982495,2.404083015206179,38830400
1994-12-07,2.394582509994507,2.4278408903986324,2.394582509994507,2.4135871330897016,36744000
1994-12-08,2.375577449798584,2.423088998794556,2.36607513999939,2.3993335142840517,41934400
1994-12-09,2.3993332386016846,2.4040841029679276,2.366074868138395,2.3755771768457783,79956800
1994-12-12,2.3993332386016846,2.4135864116753107,2.342319386357386,2.3993332386016846,65313600
1994-12-13,2.3850796222686768,2.413586550024876,2.3660750037645437,2.408835685386308,30219200
1994-12-14,2.4040842056274414,2.41833795928463,2.375577278287986,2.375577278287986,33641600
1994-12-15,2.413586139678955,2.437342198757699,2.394581524405892,2.408835275848105,28854400
1994-12-16,2.408834457397461,2.442092232837897,2.4023011881360334,2.4183367618053904,54020800
1994-12-19,2.380328893661499,2.4183381328419227,2.3755774487764647,2.4088358230468168,31507200
1994-12-20,2.275803327560425,2.3850795926130015,2.23304264647034,2.3803287280335046,253456000
1994-12-21,2.3375675678253174,2.34231901140586,2.2853051682881693,2.2900560318939083,69395200
1994-12-22,2.304309844970703,2.356572245921059,2.2900560938184484,2.3375676310345987,57355200
1994-12-23,2.313812732696533,2.332817352349174,2.294808113043892,2.3043104228702127,19486400
1994-12-27,2.3090620040893555,2.342320388786034,2.3043111376899126,2.3185643168633856,20566400
1994-12-28,2.318563461303711,2.318563461303711,2.2805542242331587,2.309061152036073,34961600
1994-12-29,2.3494443893432617,2.3518204001930894,2.3043088828151945,2.3138111862907733,23446400
1994-12-30,2.3233144283294678,2.3518213502723153,2.3233144283294678,2.3518213502723153,20686400
1995-01-03,2.2876803874969482,2.3375673505952324,2.2853049559148277,2.3375673505952324,39545600
1995-01-04,2.304309844970703,2.309060708704908,2.261549171488758,2.2900560938184484,51611200
1995-01-05,2.266300678253174,2.318563080657629,2.2567983705455608,2.31381221679124,39824000
1995-01-06,2.304309844970703,2.3280653235913684,2.271051478931988,2.275802922641013,46681600
1995-01-09,2.290055990219116,2.318562911259188,2.2710513761924016,2.3138120477399062,46000000
1995-01-10,2.318563461303711,2.3375680798389875,2.299558842768435,2.304310287389719,42184000
1995-01-11,2.3328170776367188,2.347070250710264,2.309061015880948,2.32331476892939,31512000
1995-01-12,2.3280651569366455,2.361323520594558,2.318562850173639,2.3280651569366455,26996800
1995-01-13,2.3850796222686768,2.3945819315207433,2.3518218298739093,2.356572694512477,41307200
1995-01-16,2.437342405319214,2.4515955779945324,2.3945817273434966,2.404084035785336,74648000
1995-01-17,2.4563469886779785,2.4753516053022766,2.4468446803658295,2.4610978528466165,73932800
1995-01-18,2.4729764461517334,2.4801034702491984,2.4420942216630035,2.4658502920169285,50504000
1995-01-19,2.413586139678955,2.470599985498143,2.41121070776353,2.45159537022508,67108800
1995-01-20,2.3423192501068115,2.4135862712791987,2.3280654978874162,2.389830790880024,82388800
1995-01-23,2.387455463409424,2.394582341562594,2.2995592327704273,2.3185638545288607,53843200
1995-01-24,2.357166290283203,2.3993327770609816,2.356572106115842,2.3945813336338393,36739200
1995-01-25,2.3470709323883057,2.366075555322624,2.318563997986828,2.342320066642259,52459200
1995-01-26,2.275803327560425,2.318563428675587,2.271051883006005,2.3138125640960903,80836800
1995-01-27,2.275803327560425,2.290056501273838,2.271051883006005,2.2853056366943414,58376000
1995-01-30,2.242544412612915,2.2853050833492814,2.2377935491837535,2.2853050833492814,55164800
1995-01-31,2.2567992210388184,2.271052397984247,2.214038530252425,2.2472969097501814,59945600
1995-02-01,2.247296094894409,2.3090608058875173,2.2419504667577885,2.2567984027375676,66705600
1995-02-02,2.242544412612915,2.2567981628499645,2.2187889355175425,2.2330421057798095,46312000
1995-02-03,2.2853057384490967,2.299558912797142,2.252047365012077,2.26154967456909,60332800
1995-02-06,2.313812732696533,2.3233150425228537,2.2853058032175717,2.2853058032175717,48345600
1995-02-07,2.318563461303711,2.323314905924996,2.304310287389719,2.309061152036073,33152000
1995-02-08,2.3518221378326416,2.356573003093311,2.318563761107935,2.3280660716042787,49150400
1995-02-09,2.3518221378326416,2.3755776240859987,2.347070692596967,2.3613244483289857,42398400
1995-02-10,2.3565733432769775,2.3803294129346533,2.3375687195408728,2.3565733432769775,49862400
1995-02-13,2.3565733432769775,2.3850802788811345,2.3423201654624437,2.3565733432769775,38160000
1995-02-14,2.3518221378326416,2.366075313589655,2.337568382100623,2.3613244483289857,31121600
1995-02-15,2.3090620040893555,2.3328180760120034,2.2663018865937916,2.2853065121418523,147001600
1995-02-16,2.313812732696533,2.3233150425228537,2.2900566681432495,2.313812732696533,56744000
1995-02-17,2.294806718826294,2.313811326932621,2.2900552768124056,2.309059884918733,37824000
1995-02-21,2.2710518836975098,2.3090611202447486,2.2615495745607004,2.299558811107939,55392000
1995-02-22,2.3375675678253174,2.356572182197881,2.266300553915606,2.271051417521345,60902400
1995-02-23,2.3423192501068115,2.3613238664160963,2.3185631897327736,2.3280654978874162,59939200
1995-02-24,2.3280651569366455,2.3518212138315513,2.3280651569366455,2.332816600305538,34177600
1995-02-27,2.3470709323883057,2.3565732438554647,2.32331544370794,2.3328177551750993,28592000
1995-02-28,2.394582509994507,2.4040848215421042,2.3470709522565207,2.3518223980178545,52544000
1995-03-01,2.4040842056274414,2.4325911329668974,2.3850795874011377,2.3993333410583264,52032000
1995-03-02,2.423089027404785,2.423089027404785,2.3993335426137916,2.4040844075820025,26038400
1995-03-03,2.418337345123291,2.427839651823236,2.3993327317234017,2.418337345123291,31776000
1995-03-06,2.4444684982299805,2.4468446552585084,2.3898308059706386,2.404083978305173,45156800
1995-03-07,2.483665704727173,2.5092037399322904,2.44209339317708,2.446844837625969,91750400
1995-03-08,2.603632926940918,2.608384371904574,2.4991075174651876,2.4991075174651876,140096000
1995-03-09,2.5798768997192383,2.61313468757366,2.5418676678999854,2.6036323796188463,58238400
1995-03-10,2.6060078144073486,2.613134835765059,2.527614059321839,2.579877046024582,44324800
1995-03-13,2.6226375102996826,2.6487691522919623,2.5941305808399036,2.6083843355572753,34550400
1995-03-14,2.7271623611450195,2.7366646690235736,2.632139282359479,2.636890726286179,78643200
1995-03-15,2.679649591445923,2.731912550769924,2.6748987296753297,2.727161109024751,57294400
1995-03-16,2.6653969287872314,2.679650096761384,2.6463923181719027,2.6606454861460547,47510400
1995-03-17,2.6582720279693604,2.7271634988410414,2.6558964500086972,2.6796519396277825,59868800
1995-03-20,2.703407049179077,2.7176602218938766,2.660646371084914,2.6653978153064353,37772800
1995-03-21,2.677276134490967,2.7176606620337,2.674900556989189,2.708158352026589,74772800
1995-03-22,2.6962804794311523,2.6986557667031157,2.6558956660209825,2.679651148627742,52464000
1995-03-23,2.7651710510253906,2.7841756630599295,2.7081572149217745,2.7129086579177755,105286400
1995-03-24,2.807932138442993,2.8174344458827756,2.7794252161236472,2.784176079856129,65683200
1995-03-27,2.7746741771698,2.8079325480479858,2.760421003918366,2.765171868343876,61008000
1995-03-28,2.798429489135742,2.812682658566781,2.7699225702989168,2.7699225702989168,47603200
1995-03-29,2.7461671829223633,2.8126833430623517,2.7390401614913484,2.798430170162656,65763200
1995-03-30,2.7414169311523438,2.7651724179513577,2.6749007561500773,2.7556701072367487,75011200
1995-03-31,2.703407049179077,2.7414162830517186,2.6796509880212347,2.727162530362037,63080000
1995-04-03,2.6606459617614746,2.7129089402834716,2.6416413477488927,2.698655189786639,65617600
1995-04-04,2.6558945178985596,2.7176592099556736,2.651143075446269,2.670147685306099,66689600
1995-04-05,2.6844019889831543,2.6844019889831543,2.613134397252511,2.6558950682858544,65792000
1995-04-06,2.6606459617614746,2.6939043262708897,2.6392660609847165,2.6844020192645988,35414400
1995-04-07,2.646392822265625,2.689152914307855,2.641641378719377,2.670148300072464,43148800
1995-04-10,2.6962804794311523,2.708158075740803,2.6368910479456087,2.641641912476994,43169600
1995-04-11,2.7414169311523438,2.7420105355844973,2.7034076882939058,2.7224123097231248,43624000
1995-04-12,2.722411870956421,2.784176590659353,2.689153498827976,2.741416489322696,40430400
1995-04-13,2.7556705474853516,2.7556705474853516,2.703408120193013,2.727163610787227,32814400
1995-04-17,2.940964460372925,2.969471382864545,2.8696968641564617,2.8696968641564617,187913600
1995-04-18,2.917208194732666,2.9457151152023666,2.888701274262966,2.9409642517781407,75609600
1995-04-19,2.8934524059295654,2.926710186240392,2.869696351443501,2.912457017528529,59163200
1995-04-20,2.8601951599121094,2.921960461658481,2.8126836124052637,2.907706707418955,83913600
1995-04-21,2.850691795349121,2.883950156282226,2.8459409323442375,2.8744478502977286,53555200
1995-04-24,2.955217123031616,2.9558113071353427,2.855443201469679,2.864945507331517,68089600
1995-04-25,3.0407376289367676,3.0454890714693192,2.9504660205650453,2.9504660205650453,69371200
1995-04-26,3.0264861583709717,3.050241644430437,3.007481537533399,3.031237023592864,44305600
1995-04-27,2.988476276397705,3.0597432992817355,2.902955500951942,3.026485509929155,128844800
1995-04-28,3.1072537899017334,3.1215075376409165,2.9884752652903837,2.997977570458279,92104000
1995-05-01,3.1215083599090576,3.1832730697831044,3.1072546084151496,3.1120060522380637,65550400
1995-05-02,3.0241096019744873,3.1262597154924787,3.021734314670542,3.1215088508971256,78099200
1995-05-03,3.0739963054656982,3.078747168516164,3.0502402502891623,3.0502402502891623,61566400
1995-05-04,3.097752332687378,3.1642684870702356,3.0787477171494184,3.097752332687378,66524800
1995-05-05,3.0407376289367676,3.1025029020118837,3.0359867663788918,3.0930005969214562,43707200
1995-05-08,3.0359880924224854,3.0549927109040818,3.0074811647000907,3.0359880924224854,43988800
1995-05-09,3.03361177444458,3.054992549078749,3.0074810053914813,3.0407387959851198,36748800
1995-05-10,3.0122320652008057,3.0549927472810294,2.997978891157355,3.0454904379270835,38688000
1995-05-11,3.093001365661621,3.0977522294002853,3.002729154878804,3.007480598592288,38673600
1995-05-12,3.0692451000213623,3.1262589408886323,3.0549919297919357,3.093001157036782,36192000
1995-05-15,3.090625047683716,3.116756681802073,3.035987362657402,3.064494283527543,35232000
1995-05-16,3.226033926010132,3.2313789743761485,3.097752475238291,3.097752475238291,86708800
1995-05-17,3.2687931060791016,3.3020514654597,3.2355353266732068,3.240286189456319,66515200
1995-05-18,3.2165322303771973,3.297301575525049,3.2165322303771973,3.254541470440887,58326400
1995-05-19,3.2450387477874756,3.249789612203831,3.19277575935815,3.2022780681657634,45190400
1995-05-22,3.316307544708252,3.3258098585899374,3.19277746424634,3.2450404805832167,91382400
1995-05-23,3.3638174533843994,3.3638174533843994,3.269982150129679,3.3258082166229936,55516800
1995-05-24,3.325808525085449,3.401827005658831,3.306803904942104,3.387573830538812,68684800
1995-05-25,3.3923239707946777,3.3970754148028264,3.311554642429851,3.3400615665541764,43440000
1995-05-26,3.325808525085449,3.3923246955871584,3.306803904942104,3.3899494080567303,52934400
1995-05-30,3.154766321182251,3.3590662373908238,3.140513148875186,3.3448124851088927,99612800
1995-05-31,3.218907117843628,3.2212824048509296,3.0787477851672604,3.164268556977462,119756800
1995-06-01,3.1975255012512207,3.254539323740325,3.188023197503037,3.230783274382568,61153600
1995-06-02,3.1595189571380615,3.197528204261677,3.140514333576254,3.183274446602779,55556800
1995-06-05,3.2212822437286377,3.24503830247511,3.107254553685146,3.140512919935243,55852800
1995-06-06,3.1595189571380615,3.269389437104762,3.159518957138062,3.2260351396043885,49036800
1995-06-07,3.1927754878997803,3.2212824118988856,3.121508467889444,3.1500153918885494,64590400
1995-06-08,3.1975255012512207,3.216530108747589,3.178520893754853,3.197525501251221,29320000
1995-06-09,3.226033926010132,3.2640431588351415,3.1405131521538596,3.1832732490945626,81214400
1995-06-12,3.1832733154296875,3.2212825490467587,3.1642686986211523,3.2165316848320638,45832000
1995-06-13,3.188023805618286,3.2212815850935517,3.1690191944967903,3.1975261111790343,37691200
1995-06-14,3.1856489181518555,3.1975273848088914,3.145264393420182,3.1690204567718503,43096000
1995-06-15,3.226033926010132,3.2307847901258246,3.1880246931851217,3.192775557300815,43912000
1995-06-16,3.306804895401001,3.325809521236639,3.226035525587117,3.2307863920584494,92278400
1995-06-19,3.4137046337127686,3.4166743956241477,3.30205306934961,3.316306244596774,78982400
1995-06-20,3.473095417022705,3.4730954170227055,3.411330097416193,3.4350861680264244,56670400
1995-06-21,3.439835786819458,3.511103392832174,3.4208311692127205,3.4920987752254367,57224000
1995-06-22,3.492098808288574,3.4968496727477882,3.444587263821892,3.444587263821892,46296000
1995-06-23,3.463592052459717,3.503976867248488,3.4303336797050252,3.449338298429153,46356800
1995-06-26,3.411328077316284,3.4635910537249486,3.401825770694233,3.4588396104265384,41048000
1995-06-27,3.3020520210266113,3.4398351845645885,3.2973005774693704,3.4018259560058635,66004800
1995-06-28,3.340061664581299,3.38282176203532,3.226033964737412,3.297300987152405,107286400
1995-06-29,3.397073745727539,3.4113269107993034,3.3448107871904034,3.3448107871904034,57643200
1995-06-30,3.435084104537964,3.458839580902937,3.406577184915138,3.406577184915138,53342400
1995-07-03,3.4564661979675293,3.4635929317984155,3.4350859964748692,3.4540906200239,16763200
1995-07-05,3.446962356567383,3.496849181258246,3.435084472120174,3.4825960099090087,48547200
1995-07-06,3.5253560543060303,3.534858361730036,3.4350844237653875,3.444586731189393,47070400
1995-07-07,3.634631395339966,3.634631395339966,3.52535461460351,3.5301060563625035,66699200
1995-07-10,3.7581639289855957,3.7914217242989734,3.639384762923576,3.648887073009538,111982400
1995-07-11,3.6678905487060547,3.7676650634639564,3.6678905487060547,3.7629136199160564,78227200
1995-07-12,3.796173572540283,3.8009244381003873,3.6773943938621247,3.6773943938621247,94675200
1995-07-13,3.8056750297546387,3.857937439064859,3.729656558048927,3.8056750297546387,84811200
1995-07-14,3.9387073516845703,3.9387073516845703,3.7249051102177777,3.734407419172415,89905600
1995-07-17,4.143007278442383,4.1525095887140395,4.047984175725814,4.095495727084098,155830400
1995-07-18,3.8721923828125,4.071740932381394,3.848436313114372,4.066989486451732,289624000
1995-07-19,3.591871500015259,3.7534106944603893,3.3638161666809565,3.686894555571218,305092800
1995-07-20,3.653636932373047,3.7011484621830038,3.5728670417087556,3.6203785715187125,177848000
1995-07-21,3.4968507289886475,3.648887717205545,3.4873484172250913,3.572869223097096,169257600
1995-07-24,3.558612823486328,3.5633636850791546,3.501599004525062,3.520603610845484,94811200
1995-07-25,3.663141965866089,3.710653531052581,3.610878954173368,3.6298835802479643,109422400
1995-07-26,3.6488866806030273,3.7296565976350844,3.6061265798021696,3.710651979506944,77470400
1995-07-27,3.6678905487060547,3.7106512207379554,3.6583882415850546,3.6678905487060547,52916800
1995-07-28,3.52060604095459,3.6488869321764383,3.496849976669087,3.6488869321764383,158468800
1995-07-31,3.439835786819458,3.5538634924598815,3.4208311692127205,3.53961031924228,101435200
1995-08-01,3.401827573776245,3.454684182377168,3.34006283798293,3.4493391320692095,166144000
1995-08-02,3.382822275161743,3.5206060566937327,3.344813036114982,3.458840753255265,129804800
1995-08-03,3.463592052459717,3.4730943618217807,3.3258082767223236,3.3448128954464513,113536000
1995-08-04,3.568115472793579,3.568115472793579,3.4683409899448447,3.473092431973172,77705600
1995-08-07,3.558612823486328,3.629879807200632,3.487345259797466,3.5918705945597877,64273600
1995-08-08,3.553863525390625,3.6061265142808825,3.5491126609323698,3.577619587606626,43913600
1995-08-09,3.6678905487060547,3.7296558349799556,3.6488859344640545,3.7154020843110556,144384000
1995-08-10,3.5776193141937256,3.6916470121763965,3.5681170060285035,3.6868955681063533,71883200
1995-08-11,3.6678905487060547,3.6726419922539546,3.501600464075952,3.6013743988590536,97195200
1995-08-14,3.753413200378418,3.7724178241778024,3.639385457582111,3.682146151118272,88872000
1995-08-15,3.7391586303710938,3.7771678638184496,3.6821447802000593,3.7724164196500922,63267200
1995-08-16,3.753413200378418,3.7581646463158096,3.6916484630179642,3.739160022516425,38118400
1995-08-17,3.7676663398742676,3.829431067098028,3.7492553236026445,3.758164029534074,74564800
1995-08-18,3.6916470527648926,3.791420999609281,3.686895608642609,3.7890457125292913,77502400
1995-08-21,3.591871500015259,3.7344060833491977,3.587120637224813,3.7058991666824097,110491200
1995-08-22,3.774793863296509,3.777170021719346,3.5871237459089436,3.615630687280504,94320000
1995-08-23,3.7201552391052246,3.819929219783683,3.7059014818796925,3.8009245967996845,111188800
1995-08-24,3.653636932373047,3.729655380068978,3.6298808774807036,3.729655380068978,95275200
1995-08-25,3.5871200561523438,3.677391654320185,3.5871200561523438,3.6631384882829936,73489600
1995-08-28,3.4232075214385986,3.5871229792682295,3.4160813675939186,3.5871229792682295,112622400
1995-08-29,3.492098808288574,3.492098808288574,3.306803494881061,3.4255826460352194,163929600
1995-08-30,3.544358968734741,3.5633635744652223,3.477842848678057,3.5301058044241507,79499200
1995-08-31,3.515855312347412,3.57286918227737,3.47784606572744,3.549113693127426,38764800
1995-09-01,3.411328077316284,3.4968488369147424,3.3970749073705924,3.487346530292691,80262400
1995-09-05,3.6108782291412354,3.6156296746934173,3.430334317684174,3.4540903854949936,92052800
1995-09-06,3.553863525390625,3.6678912320876504,3.5348589076077874,3.6203796876305567,100265600
1995-09-07,3.5966246128082275,3.672643092550806,3.5443616179977178,3.582370857869007,93932800
1995-09-08,3.6298828125,3.6346342580012627,3.544362013252618,3.5633666353075917,64417600
1995-09-11,3.7106518745422363,3.720154183337511,3.6108773422044003,3.6251310953847633,77408000
1995-09-12,3.6583895683288574,3.7154034317313847,3.6346340818986422,3.7154034317313847,71155200
1995-09-13,3.653636932373047,3.686894713252652,3.615627708525081,3.653636932373047,61208000
1995-09-14,3.606126546859741,3.667891265224511,3.6013751023836518,3.653638091746069,54230400
1995-09-15,3.5514888763427734,3.6251317834845884,3.515854921609228,3.6013757169997227,88316800
1995-09-18,3.4968507289886475,3.5491137336757475,3.4540906160401863,3.5443622878064276,76827200
1995-09-19,3.5467381477355957,3.591874425879072,3.4778466663273555,3.496851292919308,58011200
1995-09-20,3.5396101474761963,3.5966239975297065,3.5206055307916926,3.5538633200021366,44652800
1995-09-21,3.444585084915161,3.537231958045577,3.439833643486611,3.46834055213429,83836800
1995-09-22,3.411328077316284,3.4493373038044877,3.382821157450131,3.416079520614694,99899200
1995-09-25,3.429738759994507,3.444586695164046,3.3638167929173255,3.439835251514327,57878400
1995-09-26,3.3543150424957275,3.4920988115658673,3.349564178032055,3.435084958152342,76548800
1995-09-27,3.368568181991577,3.373319045589513,3.1690197314074084,3.344812124077489,140756800
1995-09-28,3.4778430461883545,3.4778430461883545,3.378069150424336,3.3828200121394927,105510400
1995-09-29,3.439835786819458,3.525356566049776,3.423206456426111,3.482596466422068,95158400
1995-10-02,3.3543150424957275,3.454089575956851,3.349564178032055,3.4398358226160153,67731200
1995-10-03,3.3780713081359863,3.3923244823601117,3.316306006564927,3.349564379712792,80736000
1995-10-04,3.2735462188720703,3.349564701981146,3.2497901529129845,3.349564701981146,73473600
1995-10-05,3.325808525085449,3.3258085250854497,3.2307854243687224,3.268794664655413,101289600
1995-10-06,3.2640445232391357,3.382823135480533,3.2497907649841076,3.3258092624106363,76616000
1995-10-09,3.1595189571380615,3.2592929408500098,3.145265199479164,3.2260351396043885,108614400
1995-10-10,3.1832733154296875,3.197527068023528,3.0549924419595125,3.0882502313870104,157644800
1995-10-11,3.2925493717193604,3.3210562901759144,3.2307840917427892,3.2640424532628063,107009600
1995-10-12,3.3305599689483643,3.3495645890850883,3.2925507286749163,3.3068039037899695,78700800
1995-10-13,3.2782959938049316,3.3733190660891323,3.2687936865765117,3.3638167588607124,68644800
1995-10-16,3.29730224609375,3.3210583159522895,3.2497906863517647,3.259292998300162,61067200
1995-10-17,3.463592052459717,3.477845226515344,3.2973013486361324,3.31630596736026,123140800
1995-10-18,3.634631395339966,3.7486590378608344,3.606124484709749,3.734405292558435,294329600
1995-10-19,3.6773953437805176,3.686897657330338,3.6013768353819535,3.6203814624815944,95840000
1995-10-20,3.6298828125,3.6821458131386975,3.606127324918802,3.667892056609948,79984000
1995-10-23,3.663141965866089,3.6916489049779844,3.591874328098771,3.610878954173368,93473600
1995-10-24,3.7058987617492676,3.7296548130298524,3.6631386814087117,3.6631386814087117,68681600
1995-10-25,3.644134521484375,3.715401524159933,3.644134521484375,3.710650661303095,60211200
1995-10-26,3.7249045372009277,3.729655980934769,3.6251305985133144,3.6393837697651925,82841600
1995-10-27,3.8009228706359863,3.8062679184228183,3.7011489352691935,3.705899798870087,130683200
1995-10-30,3.9054477214813232,3.929203776197891,3.7439085213227283,3.7724154389977747,125464000
1995-10-31,3.8009228706359863,3.929204307507353,3.7914205634593965,3.914950556755066,91958400
1995-11-01,3.7391586303710938,3.8389325781829653,3.734407186202736,3.805674788903967,72819200
1995-11-02,3.8009228706359863,3.815176621388273,3.734406720399857,3.748660471152143,63504000
1995-11-03,3.7819182872772217,3.805674345400789,3.7534113655138253,3.8009229017861523,40635200
1995-11-06,3.7011513710021973,3.758165251582654,3.6821467441420457,3.686897610869491,87729600
1995-11-07,3.5348572731018066,3.701147891796873,3.5301064108403337,3.667889536068004,115921600
1995-11-08,3.620377779006958,3.629880082888866,3.5491107898799488,3.5681153976437647,71280000
1995-11-09,3.7629148960113525,3.763509080395317,3.6488871718897964,3.6678917925767225,99814400
1995-11-10,3.6821439266204834,3.7629132389850652,3.6720474363391187,3.7439086266669586,60819200
1995-11-13,3.660764455795288,3.696398406513937,3.6512621462669745,3.6726429226806268,59003200
1995-11-14,3.572868824005127,3.648887309622257,3.5681179586415652,3.6441364442586957,75657600
1995-11-15,3.572868824005127,3.5966248907479894,3.492099473024435,3.587122580045848,108686400
1995-11-16,3.4160802364349365,3.4909103367890415,3.406577927821731,3.4398357179805057,195126400
1995-11-17,3.321056842803955,3.444586843337903,3.321056842803955,3.420830784017033,143803200
1995-11-20,3.2687931060791016,3.3970745208689763,3.259290800538174,3.3590652987052656,115296000
1995-11-21,3.3448121547698975,3.3733190765435044,3.202277545901862,3.2640428330654148,130163200
1995-11-22,3.321056842803955,3.4018261685502718,3.316305398949846,3.3590660737374773,65428800
1995-11-24,3.3448121547698975,3.3543144620277663,3.3210566766126286,3.330558983870498,15014400
1995-11-27,3.316307544708252,3.4018283696434217,3.3121502823850144,3.3685705610451286,79100800
1995-11-28,3.4778430461883545,3.4778430461883545,3.2877969780906304,3.306801584900403,86537600
1995-11-29,3.411328077316284,3.5158534501588443,3.392323464072182,3.4920979735911017,91067200
1995-11-30,3.3115551471710205,3.411329106826094,3.302052837681254,3.4018267973363274,93512000
1995-12-01,3.2782959938049316,3.3400612807770655,3.2640428229497047,3.3115543590918053,96124800
1995-12-04,3.340061664581299,3.4065778228235666,3.240287137230461,3.2735455063390315,130436800
1995-12-05,3.2687931060791016,3.349562993164338,3.2355353266732068,3.3400606876234105,104528000
1995-12-06,3.444585084915161,3.45883824925173,3.2687921916005362,3.2735436330290866,145272000
1995-12-07,3.439835786819458,3.4968496396396698,3.3774768852973507,3.4635918488153306,132876800
1995-12-08,3.591871500015259,3.596622942780409,3.5057565659303185,3.5206044983356413,147041600
1995-12-11,3.5396101474761963,3.601374861713395,3.5348587033176333,3.5918725533711435,61924800
1995-12-12,3.473095417022705,3.5396116027661964,3.463593104773635,3.534860156654105,44739200
1995-12-13,3.4873478412628174,3.501601596541576,3.439836290291934,3.4635923557648693,39577600
1995-12-14,3.3733198642730713,3.553863744332757,3.3685689995221306,3.506352196948629,92822400
1995-12-15,3.3590660095214844,3.411328411068548,3.316305335551318,3.3875729321766532,115470400
1995-12-18,3.306804895401001,3.382823398743553,3.2450401514227547,3.3590679064365823,99460800
1995-12-19,3.454089403152466,3.459434451642577,3.3210570851763714,3.3210570851763714,84340800
1995-12-20,3.3115551471710205,3.473094408497047,3.306803702438665,3.463592099007281,84980800
1995-12-21,3.420830011367798,3.420830011367798,3.321056092690257,3.335309261083603,60593600
1995-12-22,3.439835786819458,3.454089540011962,3.3875733783883812,3.425582613601856,36057600
1995-12-26,3.43033504486084,3.4683442974354755,3.4160818651329357,3.43033504486084,34707200
1995-12-27,3.3780713081359863,3.444587474456773,3.35906668918719,3.435085164982375,40539200
1995-12-28,3.321056842803955,3.363816937616749,3.316305398949846,3.3543146298833686,49777600
1995-12-29,3.335310220718384,3.3733194540029237,3.2782963707915735,3.316305604076114,52342400
1996-01-02,3.411328077316284,3.4113280773162837,3.321056454394185,3.3400610676382865,57779200
1996-01-03,3.3020520210266113,3.425582013842467,3.2973005774693704,3.387572785283742,62857600
1996-01-04,3.321056842803955,3.325807706683227,3.2260337654701483,3.316305398949846,102353600
1996-01-05,3.283048391342163,3.330559941289409,3.2735460813527144,3.2782969463599514,62083200
1996-01-08,3.2782959938049316,3.330558973548645,3.2735451301781247,3.2877983010333516,11377600
1996-01-09,3.0478649139404297,3.268793236601262,3.0359870315399893,3.268793236601262,177424000
1996-01-10,3.131009817123413,3.164267594950874,3.0591480549060464,3.0597422389615057,181571200
1996-01-11,3.2925493717193604,3.3020516778715447,3.159517085588775,3.1737702548296816,116617600
1996-01-12,3.259291648864746,3.3020523249159965,3.1880246287458016,3.287798572907295,80544000
1996-01-15,3.1357626914978027,3.264044182501146,3.1120072035194344,3.264044182501146,84572800
1996-01-16,3.283048391342163,3.2872050719875725,3.1642692264865615,3.1785229814582228,122006400
1996-01-17,3.226033926010132,3.325807872188349,3.2165316178038794,3.2212824819195722,143078400
1996-01-18,3.3305599689483643,3.3780715192901742,3.2307854232430735,3.2497900433797975,121331200
1996-01-19,3.492098808288574,3.5443612172144703,3.4065780282485467,3.430333510494434,227440000
1996-01-22,3.4968507289886475,3.5253576642793156,3.4540906160401863,3.482597551330855,82643200
1996-01-23,3.401827573776245,3.487348378703581,3.3923252621176525,3.47309520120323,66473600
1996-01-24,3.468341827392578,3.515853359274668,3.401825682757652,3.416079432309656,92217600
1996-01-25,3.397073745727539,3.482594476081839,3.3828200006812037,3.4730921727091393,59881600
1996-01-26,3.439835786819458,3.454089540011962,3.382821933999246,3.3875733783883812,50881600
1996-01-29,3.435084104537964,3.4683418874438794,3.3964806942280044,3.449337274361995,39587200
1996-01-30,3.4517130851745605,3.473093858113252,3.444586934161467,3.4540892421453955,45120000
1996-01-31,3.515855312347412,3.520606758162447,3.425583641612517,3.449339130762461,68774400
1996-02-01,3.5776193141937256,3.5823701782889055,3.4968494048019023,3.506351712967125,78587200
1996-02-02,3.5348572731018066,3.5776179333282614,3.5015994973475775,3.5728664910921486,44686400
1996-02-05,3.6916470527648926,3.6963979169123062,3.5253563680577527,3.5253563680577527,126480000
1996-02-06,3.6678905487060547,3.7058997771900555,3.6346327637699543,3.6678905487060547,98158400
1996-02-07,3.6821439266204834,3.6916462327795365,3.629286768636009,3.6488855650764265,65555200
1996-02-08,3.7581639289855957,3.7819194142130113,3.629882452837614,3.6726431382119347,103924800
1996-02-09,3.8056750297546387,3.810425894248789,3.743909731506292,3.7534120404695055,122832000
1996-02-12,3.7819182872772217,3.8436835744186504,3.7676651163829273,3.791420594531687,87779200
1996-02-13,3.7866714000701904,3.810426888690454,3.7059014628161524,3.715403774259271,114513600
1996-02-14,3.753413200378418,3.8056762058142706,3.739160022516425,3.8056762058142706,80212800
1996-02-15,3.7439091205596924,3.7676651790785716,3.7154021983219283,3.7439091205596924,52195200
1996-02-16,3.7201552391052246,3.772417662323687,3.7201552391052246,3.7534130393396885,62206400
1996-02-20,3.715402126312256,3.743909047997516,3.6821443410001886,3.6963975118554155,64182400
1996-02-21,3.796173572540283,3.805675883635534,3.7059013271478776,3.7154036382431284,80046400
1996-02-22,3.8959450721740723,3.900696514688451,3.8009220216332413,3.8009220216332413,106500800
1996-02-23,3.933955430984497,3.9387068748740734,3.8721907202439008,3.900697643656832,102640000
1996-02-26,3.824679374694824,3.924453321699756,3.8199279305648957,3.9149510134147683,63696000
1996-02-27,3.8056750297546387,3.8318057994285644,3.7908270920247045,3.8294305121752172,60958400
1996-02-28,3.8056750297546387,3.876942056991287,3.7961727207914246,3.8294305121752172,60051200
1996-02-29,3.751037836074829,3.8056761283864238,3.7462861002465675,3.762915435720245,61723200
1996-03-01,3.6298828125,3.748661990331106,3.596625013891315,3.7391596793036186,157652800
1996-03-04,3.6583895683288574,3.701150255868258,3.6298826366275936,3.6488872577617695,72564800
1996-03-05,3.7296574115753174,3.735002461590332,3.6393851657786636,3.648887476916467,57369600
1996-03-06,3.6868953704833984,3.7581629678899526,3.6868953704833984,3.7344069087628236,44256000
1996-03-07,3.6987733840942383,3.7106518499846204,3.672642615055072,3.691647232519846,44291200
1996-03-08,3.615629196166992,3.7059008499606,3.601375441371968,3.6298823709870494,108524800
1996-03-11,3.6678905487060547,3.6726419922539546,3.615628149527954,3.615628149527954,74592000
1996-03-12,3.6393840312957764,3.672642399898183,3.6013747985929485,3.6583886476471905,76888000
1996-03-13,3.834182024002075,3.838932888579688,3.7154028698877672,3.733813303839967,156710400
1996-03-14,3.7866714000701904,3.872192203058255,3.7866714000701904,3.8436852687289003,60640000
1996-03-15,3.891195058822632,3.9197019802060398,3.786669680416801,3.800922851121105,121721600
1996-03-18,4.000472068786621,4.024228131154045,3.8911958058262237,3.8911958058262237,119472000
1996-03-19,4.062236309051514,4.06936245893476,3.981466414006718,4.043231696096828,92491200
1996-03-20,3.9767167568206787,4.052735231694432,3.942864199753524,4.038481477668135,92944000
1996-03-21,3.8294320106506348,3.9672158345201756,3.81992969796912,3.962464388191848,66313600
1996-03-22,3.843684434890747,3.8555623216178896,3.791421443303852,3.8436844348907475,48046400
1996-03-25,3.796173572540283,3.8911966834927925,3.755788170410424,3.857938304671893,63379200
1996-03-26,3.9054477214813232,3.910199164414527,3.7534108272144104,3.7771668819309783,79899200
1996-03-27,3.8959450721740723,3.952958902498571,3.843682684363952,3.9244519873363215,52729600
1996-03-28,3.8864448070526123,3.933956357261079,3.8436847018524807,3.872191631977561,54955200
1996-03-29,3.919703483581543,3.9577127266709393,3.881694240492146,3.8911965512644953,53508800
1996-04-01,3.9054477214813232,3.9339546391563696,3.8816922467394805,3.9202950744370764,31692800
1996-04-02,3.9767167568206787,3.990969930872039,3.9006982819469256,3.905449146639067,54396800
1996-04-03,3.9719645977020264,3.9957206568144548,3.9292045032644207,3.9577114262144355,46072000
1996-04-04,3.9672129154205322,3.986217526799853,3.933954555519365,3.976715221110193,28961600
1996-04-08,3.9434573650360107,3.9482088084752545,3.8721903532456445,3.8959458305175043,73753600
1996-04-09,3.8626902103424072,3.9529618865132057,3.8579387642412537,3.9529618865132057,66942400
1996-04-10,3.8626902103424072,3.914952637604425,3.8484364520140586,3.8579387642412537,51910400
1996-04-11,3.843684434890747,3.8911959817993167,3.786670578600464,3.857937608975849,62465600
1996-04-12,3.843684434890747,3.862689053654175,3.8199283714489938,3.8436844348907475,33737600
1996-04-15,3.9345521926879883,3.9387094550757475,3.8389348677819233,3.8389348677819233,50102400
1996-04-16,4.000472068786621,4.009974377738608,3.9529605240266847,3.9624628329786717,80116800
1996-04-17,4.026603698730469,4.028978985975311,3.9648381107158426,4.000472059187749,62630400
1996-04-18,4.143007278442383,4.1525095887140395,4.009974934639187,4.0289795551825005,133958400
1996-04-19,4.171514511108398,4.26178675520874,4.162012200149154,4.242782133290251,169492800
1996-04-22,4.28554105758667,4.309297118403301,4.190517974269892,4.20002028260157,92758400
1996-04-23,4.28079080581665,4.304546290056859,4.233279257361277,4.285541670674709,57139200
1996-04-24,4.2380290031433105,4.299794289813295,4.228526695961375,4.295042846234925,69251200
1996-04-25,4.28554105758667,4.323550290913381,4.190517974269892,4.2380295159282815,63896000
1996-04-26,4.314048767089844,4.328302522166837,4.271288661808821,4.285541836910836,54296000
1996-04-29,4.28079080581665,4.314048599747934,4.257034741601485,4.309297734889874,34267200
1996-04-30,4.3045477867126465,4.3045477867126465,4.252285355227997,4.280792294212849,28441600
1996-05-01,4.3758111000061035,4.38056196182122,4.280788063957921,4.290290367562739,65014400
1996-05-02,4.242782115936279,4.3805653342942446,4.223777494095524,4.375814468821571,87340800
1996-05-03,4.2142744064331055,4.352057599395952,4.185767478926145,4.276039126044057,75300800
1996-05-06,4.247531414031982,4.271287472554246,4.166762091000886,4.219024491790157,75852800
1996-05-07,4.299795150756836,4.314048324396236,4.2427812962493965,4.2427812962493965,47366400
1996-05-08,4.342553615570068,4.347305058309684,4.2095213385066526,4.290291225282505,77851200
1996-05-09,4.314048767089844,4.375814072465183,4.304546457030174,4.3425556972688515,47776000
1996-05-10,4.366312503814697,4.376408419979914,4.337805568795151,4.347307880468333,43913600
1996-05-13,4.508844375610352,4.518346681375626,4.371060652026505,4.371060652026505,95606400
1996-05-14,4.523100852966309,4.561110103831572,4.493999730285021,4.532603165682625,76832000
1996-05-15,4.470836162567139,4.55160548983142,4.461333854655173,4.523098566095524,56323200
1996-05-16,4.451831817626953,4.461334126117112,4.3948179666859994,4.409071139433796,67092800
1996-05-17,4.44708251953125,4.485091771834936,4.4233270268290275,4.480340905284557,35392000
1996-05-20,4.437578201293945,4.480338880801359,4.432827336890289,4.461334263236931,38457600
1996-05-21,4.3758111000061035,4.442327225239832,4.3758111000061035,4.4375757834501295,42113600
1996-05-22,4.442330837249756,4.456584014258791,4.356810035270376,4.371063212279411,45646400
1996-05-23,4.504095554351807,4.527851622579586,4.442330820914679,4.442330820914679,51976000
1996-05-24,4.504095554351807,4.523100176944008,4.494593243055706,4.504095554351807,26443200
1996-05-28,4.456584930419922,4.528446174633783,4.451834063765271,4.513598810126786,43376000
1996-05-29,4.451831817626953,4.494591915845227,4.432827200646635,4.461334126117112,33569600
1996-05-30,4.49459171295166,4.49459171295166,4.432827000541233,4.456582480706826,33824000
1996-05-31,4.51359748840332,4.537353554645578,4.485090556897615,4.50647046553939,40259200
1996-06-03,4.499342441558838,4.542102531047847,4.489840135008529,4.513595611396919,31684800
1996-06-04,4.480339527130127,4.518348767742153,4.4185742211480905,4.508846457589146,65852800
1996-06-05,4.594367980957031,4.608621158469916,4.480340240953653,4.485091106799588,50968000
1996-06-06,4.553980827331543,4.6751355445402885,4.551605540314631,4.627624004453497,88136000
1996-06-07,4.60861873626709,4.60861873626709,4.4708355795001,4.4708355795001,70198400
1996-06-10,4.584863185882568,4.608618662195162,4.560512945450331,4.5991163556751715,45819200
1996-06-11,4.6418776512146,4.68463774633572,4.584863804403211,4.58961466831674,65259200
1996-06-12,4.751154899597168,4.7654086542834415,4.665634111404419,4.670385556291498,88844800
1996-06-13,4.736901760101318,4.784413309450504,4.703643385569404,4.755906379840993,62577600
1996-06-14,4.675135135650635,4.751153593140889,4.670384272044895,4.741651285954608,55944000
1996-06-17,4.736901760101318,4.75115493491859,4.651380971272784,4.679887900882295,57499200
1996-06-18,4.651381969451904,4.732151330691012,4.637128211600831,4.732151330691012,74585600
1996-06-19,4.62762451171875,4.679887501530548,4.613371338117752,4.656131438895662,73409600
1996-06-20,4.62762451171875,4.6555372545920175,4.523099112070072,4.637126820777721,102228800
1996-06-21,4.708395004272461,4.717897314493015,4.6181227671896945,4.651381142949131,56806400
1996-06-24,4.717898845672607,4.755908098890614,4.6751381458147625,4.713147399032768,48102400
1996-06-25,4.637126922607422,4.722647706016166,4.6133714394257925,4.722647706016166,41145600
1996-06-26,4.580111980438232,4.637125822518376,4.523098138358089,4.632374958999095,71457600
1996-06-27,4.558731555938721,4.5991160661187225,4.523097618744859,4.580111454275256,77582400
1996-06-28,4.565859794616699,4.5991175863487035,4.527850558365883,4.580112968223296,52000000
1996-07-01,4.6490044593811035,4.656131481227587,4.5658598343341055,4.570610698919325,47862400
1996-07-02,4.622874736785889,4.660883981980531,4.608620979850371,4.651381670681871,38548800
1996-07-03,4.603869438171387,4.6703856074949925,4.584864818364641,4.622874057978131,44243200
1996-07-05,4.499342441558838,4.565858587411003,4.499342441558838,4.565858587411003,35331200
1996-07-08,4.5729851722717285,4.589614500303717,4.489840562023655,4.504093733217313,64432000
1996-07-09,4.561107158660889,4.6133701348412615,4.561107158660889,4.594365521680174,35571200
1996-07-10,4.5421037673950195,4.561108385668639,4.489841357130028,4.561108385668639,77980800
1996-07-11,4.352056503295898,4.499342548307494,4.323549582968632,4.494591104932227,140915200
1996-07-12,4.2712883949279785,4.378189376419815,4.199426599616856,4.378189376419815,139478400
1996-07-15,4.204773902893066,4.323552528524279,4.176266963144555,4.271290095639594,111832000
1996-07-16,4.38531494140625,4.3948172483432355,4.085991982903809,4.19051735921065,182100800
1996-07-17,4.451831817626953,4.4898410515875895,4.3948179666859994,4.475587298864909,126208000
1996-07-18,4.5563578605651855,4.561108725500099,4.404320903048516,4.4565833172073885,98537600
1996-07-19,4.598525047302246,4.622875302962363,4.475589169807052,4.475589169807052,99208000
1996-07-22,4.55160665512085,4.618122827533889,4.480339617522948,4.5997123912284925,144475200
1996-07-23,4.26178503036499,4.561107414450933,4.190517437026794,4.561107414450933,257678400
1996-07-24,4.3615593910217285,4.399568623187495,4.162010922151453,4.162010922151453,192225600
1996-07-25,4.504095554351807,4.513597865647908,4.3758146418419726,4.409072441390799,100920000
1996-07-26,4.52785062789917,4.542103801724649,4.494592255681504,4.542103801724649,59304000
1996-07-29,4.442330837249756,4.556358573222263,4.437579391596707,4.532602504907128,56748800
1996-07-30,4.508844375610352,4.51359523850563,4.413821317957601,4.480337458314526,66976000
1996-07-31,4.480339527130127,4.546855698201173,4.47083721697712,4.523099632831164,56320000
1996-08-01,4.584863185882568,4.594365492402558,4.461333201122698,4.480337814162677,96025600
1996-08-02,4.689391136169434,4.708395759659533,4.58486570697389,4.641879577444186,109289600
1996-08-05,4.62762451171875,4.703642984190515,4.6086198936008085,4.694140675131544,55072000
1996-08-06,4.713146686553955,4.7178981324755265,4.594368078190846,4.622875013795003,67388800
1996-08-07,4.7416510581970215,4.75590480827919,4.670384047710506,4.727397888089629,76790400
1996-08-08,4.760656833648682,4.784412896259138,4.7036429793534875,4.7178967329147445,54379200
1996-08-09,4.732147693634033,4.770156912056797,4.70839222210713,4.741649998239724,44313600
1996-08-12,4.760656833648682,4.793915205308337,4.7131452884026865,4.722647597451886,66187200
1996-08-13,4.694141864776611,4.784414113702155,4.6893909990305644,4.751155733579566,72508800
1996-08-14,4.746403217315674,4.755905525478494,4.703642540595555,4.708393984664397,52032000
1996-08-15,4.755906105041504,4.779661588356005,4.727399177079142,4.741652351072855,35556800
1996-08-16,4.722646713256836,4.760655942337374,4.703642098716567,4.755905078689711,47598400
1996-08-19,4.694141864776611,4.717897933432042,4.646630307440816,4.708395621964883,43131200
1996-08-20,4.689391136169434,4.717898071404582,4.684639690309368,4.703644313799467,25678400
1996-08-21,4.694141864776611,4.694141864776611,4.627625684506497,4.656132618907975,49345600
1996-08-22,4.751154899597168,4.755906344484247,4.694141040802002,4.717897105287469,50236800
1996-08-23,4.684638500213623,4.7511546655310575,4.684638500213623,4.7464038008529945,44006400
1996-08-26,4.670385837554932,4.703643633867506,4.665634392381707,4.68939045829783,31944000
1996-08-27,4.7416510581970215,4.7416510581970215,4.675134911088045,4.67988635444036,28038400
1996-08-28,4.774911880493164,4.779662746317075,4.746404945624474,4.751155811448385,32070400
1996-08-29,4.717898845672607,4.760658965555276,4.698894219063605,4.760658965555276,34182400
1996-08-30,4.656130313873291,4.722646461214339,4.656130313873291,4.722646461214339,28088000
1996-09-03,4.689391136169434,4.689391136169434,4.58486570697389,4.637128131584121,48524800
1996-09-04,4.689391136169434,4.698893447914483,4.672762090615597,4.689391136169434,27126400
1996-09-05,4.618124008178711,4.6656355720488625,4.618124008178711,4.6656355720488625,40372800
1996-09-06,4.656130313873291,4.665632620636298,4.622872530190157,4.637125700347278,41921600
1996-09-09,4.746403217315674,4.751154081409652,4.6466286916186395,4.656130999781459,41747200
1996-09-10,4.7273993492126465,4.755906278212999,4.698892420212293,4.741652523725345,38904000
1996-09-11,4.755906105041504,4.770159279035218,4.69889224911678,4.710770135767764,36387200
1996-09-12,4.8889384269714355,4.9221959275883505,4.758281391801863,4.770158987740062,95944000
1996-09-13,4.979211330413818,4.993465377937792,4.898442260945162,4.92694919604295,80137600
1996-09-16,4.998213768005371,5.059979347014483,4.979209152917898,4.983960886664592,62409600
1996-09-17,5.0884881019592285,5.116995034855498,5.026722500708942,5.050478858097535,75624000
1996-09-18,5.18826150894165,5.240524796424308,5.064731473014468,5.093238404382279,86049600
1996-09-19,5.235772132873535,5.254776750415726,5.159753662704772,5.188260589018058,75912000
1996-09-20,5.250027656555176,5.269032279456823,5.1645068534977625,5.207266675051405,104849600
1996-09-23,5.235772132873535,5.250026176005078,5.178758280246963,5.231021558462888,46385600
1996-09-24,5.2025146484375,5.25952850124257,5.174007722034966,5.2262698404647105,72520000
1996-09-25,5.155004024505615,5.240524818977091,5.145501714008785,5.226270773256839,44067200
1996-09-26,5.017217636108398,5.174006267211525,5.007715329979406,5.159752228043296,92604800
1996-09-27,5.1074910163879395,5.140748513673463,4.988711589054654,5.036223127998032,98372800
1996-09-30,5.012469291687012,5.126497015934488,5.007717556535036,5.074233729012731,89574400
1996-10-01,5.021970748901367,5.088486910079201,4.974459205202914,5.007716705816932,69124800
1996-10-02,5.121746063232422,5.159755310454926,5.0314746810540605,5.050479304665313,68760000
1996-10-03,5.093235492706299,5.135996445287646,5.078982615145412,5.1217424077774165,58294400
1996-10-04,5.183510780334473,5.193013090509283,5.102740563873591,5.116994609110794,45166400
1996-10-07,5.226269245147705,5.250025594418668,5.164504824952615,5.183509440389515,42432000
1996-10-08,5.145501136779785,5.235772496397911,5.13124709265857,5.235772496397911,48465600
1996-10-09,5.112242698669434,5.174008292661782,5.0647311494252945,5.1692565577624014,64955200
1996-10-10,5.08373498916626,5.174007498855304,5.069482106554689,5.08373498916626,51739200
1996-10-11,5.212017059326172,5.216767633844741,5.10273992600114,5.116993969456504,36523200
1996-10-14,5.19301176071167,5.250025607160747,5.183509452970156,5.221518683936209,36091200
1996-10-15,5.2785325050354,5.288034812731279,5.221518658860129,5.273780771212627,61206400
1996-10-16,5.245275020599365,5.280908682424089,5.207265781319659,5.273781950059144,36427200
1996-10-17,5.15024995803833,5.283282244777328,5.15024995803833,5.2547753261903996,49097600
1996-10-18,5.121746063232422,5.131248375038048,5.076610082155699,5.093239127815544,69646400
1996-10-21,5.093235492706299,5.169253932895945,5.074230882658887,5.1217424077774165,71401600
1996-10-22,5.0362229347229,5.069481590681738,4.988711397602874,5.059979283257733,113806400
1996-10-23,5.112242698669434,5.121745008518262,5.007717290332327,5.040975954778191,67443200
1996-10-24,5.19301176071167,5.221518683936209,5.088486375555027,5.126495606521079,81417600
1996-10-25,5.185885429382324,5.240524289190433,5.1740081224370185,5.193012741509422,53084800
1996-10-28,5.19301176071167,5.231020991677721,5.178757719124563,5.19538675767221,51240000
1996-10-29,5.145501136779785,5.221519612226579,5.126496517918087,5.20251499336488,66756800
1996-10-30,5.178757667541504,5.207264590482099,5.126495555458577,5.145500170752308,60526400
1996-10-31,5.216768264770508,5.221519999813589,5.174008449132619,5.183510759268813,37028800
1996-11-01,5.221519470214844,5.27378159068818,5.188260808136479,5.216767735653713,56531200
1996-11-04,5.245275020599365,5.2595290653042195,5.197763471499733,5.216768091139586,36006400
1996-11-05,5.378307342529297,5.378307342529297,5.257152892675501,5.264279625019842,86417600
1996-11-06,5.492334365844727,5.492334365844727,5.359302045564751,5.373556088426781,71438400
1996-11-07,5.454324722290039,5.554099534989703,5.440071840447054,5.50183626168281,76742400
1996-11-08,5.454324722290039,5.454324722290039,5.378306259261606,5.449574148325608,67369600
1996-11-11,5.459074974060059,5.501834767929381,5.435318630838697,5.44957266876139,38593600
1996-11-12,5.387808799743652,5.544597466483551,5.378306491454863,5.473329574342758,81156800
1996-11-13,5.511341094970703,5.539848031668828,5.440074333200504,5.459078957665921,90409600
1996-11-14,5.687130928039551,5.687130928039551,5.520839987010272,5.520839987010272,114969600
1996-11-15,5.663375377655029,5.734643265234583,5.601610957705773,5.729891531419434,104041600
1996-11-18,5.715639114379883,5.76790123089582,5.64912295520975,5.677629880568378,98585600
1996-11-19,5.924690246582031,5.924690246582031,5.710887713922817,5.720390022931008,104739200
1996-11-20,5.824917793273926,6.005461737926788,5.824917793273926,5.929443234915056,123857600
1996-11-21,5.715639114379883,5.877178358078777,5.701385071725688,5.872426623877458,130718400
1996-11-22,5.720390319824219,5.7964087958351715,5.677630507043003,5.729892629325588,94424000
1996-11-25,5.834416389465332,5.8391681228517305,5.7203887075865305,5.744145054619397,75129600
1996-11-26,5.8439178466796875,5.905683412025796,5.79165574672473,5.853420152121443,108238400
1996-11-27,5.910434246063232,5.91993655192507,5.843918105030366,5.858172143797846,44446400
1996-11-29,5.962698459625244,5.972200767003173,5.910435189071819,5.910435189071819,17152000
1996-12-02,5.995957374572754,5.995957374572754,5.9009342783037715,5.986455064945855,64502400
1996-12-03,5.879554748535156,6.062474229600695,5.877179750833999,6.019714411404549,77563200
1996-12-04,5.824917793273926,5.900936296285657,5.782157965304978,5.896185719822575,102542400
1996-12-05,5.815412521362305,5.905685027730857,5.772652715150673,5.829666563399323,74950400
1996-12-06,5.810662269592285,5.872426695312431,5.635462875386292,5.663375906806163,110238400
1996-12-09,6.214507579803467,6.224009884971362,5.9294384247666105,5.957945340270296,94718400
1996-12-10,6.22401237487793,6.428312597692347,6.214510065908651,6.414058554263516,125725600
1996-12-11,6.33804178237915,6.35704640541477,6.0909816829160945,6.157497863540764,113558400
1996-12-12,6.157495498657227,6.480573966179365,6.157495498657226,6.461569350442768,78272800
1996-12-13,6.081475257873535,6.233512139320374,6.0232736391946675,6.166996003687382,74532000
1996-12-16,5.834416389465332,6.138490207808802,5.815411775818865,6.100480980515869,64883200
1996-12-17,6.0719757080078125,6.090980326812219,5.805911044746124,5.824915663550531,68944800
1996-12-18,6.281025409698486,6.290527717428741,6.081476947363134,6.186002332395938,61796800
1996-12-19,6.452067852020264,6.47107247014109,6.3095332161140725,6.385551688597375,94609600
1996-12-20,6.357048034667969,6.509085057918623,6.338043406761637,6.4995827439654565,90414400
1996-12-23,6.366546630859375,6.442565098093517,6.300030472029501,6.395053556072178,36892800
1996-12-24,6.452067852020264,6.47107247014109,6.319035525174486,6.395053997657787,16246400
1996-12-26,6.499579429626465,6.54709097516467,6.471072502303541,6.4805748114111825,27905600
1996-12-27,6.404556751251221,6.518584467890708,6.386739920526301,6.499579848450794,19079200
1996-12-30,6.347541809082031,6.50908104673831,6.34754180908203,6.4900764305434535,27279200
1996-12-31,6.281025409698486,6.4045554101918,6.271523101968231,6.38555079473129,34367200
1997-01-02,6.205006122589111,6.319033800186461,6.1384899773239905,6.319033800186461,54480800
1997-01-03,6.433063507080078,6.442565816544008,6.233515008337565,6.252519627265423,44131200
1997-01-06,6.414060115814209,6.480576294793023,6.319037002987331,6.433064738379584,55948000
1997-01-07,6.461570739746094,6.471073049657485,6.338040710898007,6.423561500100528,36880800
1997-01-08,6.33804178237915,6.479388666206571,6.31903715934353,6.461571832110678,50593600
1997-01-09,6.262019634246826,6.366544999917107,6.2525173282768005,6.366544999917107,47763200
1997-01-10,6.404556751251221,6.414059060971178,6.205008247132118,6.23351517629199,66556800
1997-01-13,6.366546630859375,6.499578948519123,6.34754201405084,6.47107202330632,50361600
1997-01-14,6.490076541900635,6.58509962450533,6.40455576755641,6.40455576755641,63728000
1997-01-15,6.433063507080078,6.556593530111158,6.41405888815222,6.509081982791512,53058400
1997-01-16,6.537586212158203,6.623106962026552,6.461567767830783,6.461567767830783,58688000
1997-01-17,6.623110294342041,6.6706218459513815,6.499580260157757,6.509082570479625,65368800
1997-01-20,6.898677825927734,7.060217113862682,6.585101561112838,6.613608494277829,146220800
1997-01-21,7.221756458282471,7.226508193822175,6.813157079721752,6.889175568756305,114592000
1997-01-22,7.402301788330078,7.487822604883314,7.193250903422168,7.231260155223606,129236800
1997-01-23,7.202751159667969,7.582843569149128,7.183746539193911,7.459313536067752,105048000
1997-01-24,7.293024063110352,7.430806988679908,7.1742445990451795,7.2312584634084525,89817600
1997-01-27,7.307272911071777,7.4034837540166425,7.259761383691597,7.335779827499885,53263200
1997-01-28,7.269262790679932,7.506820398218492,7.202746660569136,7.478313485313865,64656800
1997-01-29,7.392796039581299,7.4022983481154645,7.278768337171304,7.3547868054446335,48933600
1997-01-30,7.687367916107178,7.696870225026964,7.449810193112518,7.46881481095209,79937600
1997-01-31,7.75388240814209,7.848905476869321,7.668361646287582,7.744380101269367,86516000
1997-02-03,7.782389163970947,7.859595405677008,7.687366097255795,7.801393777313978,60804800
1997-02-04,7.8394060134887695,7.848908323808149,7.639857496781782,7.782392151572487,56464000
1997-02-05,7.4783172607421875,7.867911933792289,7.3642895515567925,7.83940500649594,110099200
1997-02-06,7.383293151855469,7.478316229742926,7.297772381756756,7.4688139219541805,102122400
1997-02-07,7.630353927612305,7.639856236364001,7.411800826323285,7.47831698758516,62448000
1997-02-10,7.430804252624512,7.715873469477114,7.421301945396092,7.658859626106594,66804800
1997-02-11,7.487818241119385,7.497320548531973,7.231255940979508,7.468813626294209,88834400
1997-02-12,7.592347145080566,7.601849456901694,7.411803220479151,7.478319403227041,72001600
1997-02-13,7.601845741271973,7.687366505861283,7.554334205389023,7.639854969978333,58292000
1997-02-14,7.440309524536133,7.63985805584553,7.421304902506666,7.554337256712931,57395200
1997-02-18,7.402301788330078,7.440311040131515,7.316780971776842,7.421306414230797,52545600
1997-02-19,7.411797523498535,7.459309046085064,7.3357790873600885,7.402295218981229,56383200
1997-02-20,7.240755558013916,7.411797027888261,7.231253254132008,7.36428550847872,75395200
1997-02-21,7.221756458282471,7.250263391670428,7.145737969247919,7.2122541471531525,61131200
1997-02-24,7.611349105834961,7.620851414331634,7.14573598949799,7.164740606491336,68599200
1997-02-25,7.563836574554443,7.679052050014836,7.516325038282116,7.601845803572305,63941600
1997-02-26,7.620851039886475,7.630353347916259,7.478316419439721,7.563837191707774,48849600
1997-02-27,7.307272911071777,7.620848991780969,7.2977706055957405,7.620848991780969,56628800
1997-02-28,7.411797523498535,7.478313655119676,7.25501007893763,7.307272173808171,78412000
1997-03-03,7.563836574554443,7.61134811082677,7.3452835077017395,7.373790429465135,53874400
1997-03-04,7.535331726074219,7.611350205025786,7.497322486598434,7.544834035943165,63920800
1997-03-05,7.668363094329834,7.6778654029969085,7.5448330816578535,7.563837698992004,46393600
1997-03-06,7.430804252624512,7.668361933335014,7.429616464220959,7.658859626106594,57018400
1997-03-07,7.354790687561035,7.563841585657085,7.335786060461394,7.478320763708701,46032000
1997-03-10,7.601845741271973,7.611348048448563,7.293021338007603,7.383292676210404,45997600
1997-03-11,7.4783172607421875,7.644608249945811,7.4783172607421875,7.5733403517300175,47577600
1997-03-12,7.506826400756836,7.563840272154989,7.430807905559298,7.430807905559298,43234400
1997-03-13,7.5733418464660645,7.611351090363009,7.449811803800998,7.46881642574947,45505600
1997-03-14,7.525829792022705,7.620852895457335,7.516327481679242,7.582843654083483,61327200
1997-03-17,7.639857769012451,7.6588623903284025,7.449811555852937,7.48782079848484,83958400
1997-03-18,7.5733418464660645,7.663614380696342,7.516327980620649,7.649360334259953,59012000
1997-03-19,7.354790687561035,7.468818450158881,7.217007721063831,7.430809195959599,111560000
1997-03-20,7.297773361206055,7.43080568810304,7.250261815885702,7.345284906526406,81410400
1997-03-21,7.145737648010254,7.3832954155637855,7.060216851690982,7.33578386205308,85829600
1997-03-24,6.851166248321533,7.10772864597019,6.661120027841047,7.079221712898117,186269600
1997-03-25,6.865420341491699,6.946189405769794,6.756143183997707,6.889175539238168,89701600
1997-03-26,7.164742469787598,7.193249402691262,6.889175451718844,6.898677762686733,81270400
1997-03-27,7.12673282623291,7.307276724497478,6.917681996663411,7.23125824101766,93919200
1997-03-31,6.969944953918457,7.183746348604325,6.93668628899624,7.079220938770136,93825600
1997-04-01,7.088717937469482,7.126727148930445,6.822653457242746,6.851160365838468,86680800
1997-04-02,6.993701457977295,7.117231510903524,6.917682963868845,7.060217640322187,63331200
1997-04-03,7.231257438659668,7.250262057420929,6.889174300956976,6.917681229098868,92252800
1997-04-04,7.159994125366211,7.354790980932489,7.126735446640009,7.126735446640009,94964000
1997-04-07,7.28826904296875,7.421301333192431,7.221752897856911,7.269264430079653,76511200
1997-04-08,7.468815803527832,7.468815803527832,7.259764979510513,7.345285771153962,53339200
1997-04-09,7.4498090744018555,7.544832149330451,7.430804459416136,7.535329841837592,73762400
1997-04-10,7.354790687561035,7.430809195959599,7.25976755206283,7.430809195959599,67913600
1997-04-11,7.221756458282471,7.3927980586102136,7.217005882692856,7.259765702799747,60033600
1997-04-14,7.402301788330078,7.402301788330077,7.098227773918572,7.202753216372527,59107200
1997-04-15,7.383293151855469,7.525827768686655,7.288270073968011,7.4403069985879435,84440000
1997-04-16,7.468815803527832,7.487820423893043,7.316778840606146,7.345285771153962,42710400
1997-04-17,7.459314823150635,7.601849501300011,7.41180326376751,7.487821758780511,71720800
1997-04-18,8.18148422241211,8.18148422241211,7.829898953853168,7.905917390298344,231764000
1997-04-21,8.18148422241211,8.504562577304108,8.067456567744344,8.133972699633874,155695200
1997-04-22,8.409546852111816,8.423800901327832,8.17198903143069,8.181491344257937,82300000
1997-04-23,8.75162124633789,8.79913276233321,8.390533724773462,8.40953833117159,102814400
1997-04-24,8.67561149597168,8.960680877000323,8.571086056261178,8.865657749990776,118163200
1997-04-25,8.637595176696777,8.770627445644802,8.609088261922201,8.628092871771917,58566400
1997-04-28,8.732625007629395,8.746879056060925,8.485564887718226,8.647104196890913,67224000
1997-04-29,9.046201705932617,9.055704018648933,8.856155451606302,8.922671640620512,73953600
1997-04-30,9.236248016357422,9.321768831323695,8.998690197006665,9.017694822554725,90204000
1997-05-01,9.198234558105469,9.369276109805778,9.06520224011634,9.274253025527829,72325600
1997-05-02,9.17922592163086,9.38827661549823,9.041443089738355,9.274248964297845,96192000
1997-05-05,9.136467933654785,9.179227731310373,8.780130873427312,9.093706976049717,111063200
1997-05-06,8.917916297912598,9.10321071687201,8.846648410655366,9.07470379395905,74770400
1997-05-07,8.78012752532959,9.046191995794123,8.75162061777982,8.846643642945724,70532800
1997-05-08,8.846648216247559,8.979680520251282,8.751625141959186,8.761127449388024,53834400
1997-05-09,8.87515640258789,9.008188725538886,8.799137932330177,8.97017949041003,58392000
1997-05-12,8.979681968688965,9.008188895573692,8.894161188034785,8.932170423881086,42976000
1997-05-13,8.951175689697266,9.065203405489587,8.884659522151745,8.998687237944067,49813600
1997-05-14,8.808635711669922,9.017686397383772,8.789631103877753,8.998681789591602,60744800
1997-05-15,8.90366268157959,8.960676530127591,8.808639600666254,8.818141908757587,41861600
1997-05-16,8.775382995605469,8.894161278863233,8.732622024866785,8.84664973357016,59913600
1997-05-19,8.75162124633789,8.903658097522914,8.75162124633789,8.827639671930402,45632000
1997-05-20,9.05570125579834,9.065203565615546,8.76112965146492,8.808641200550955,64876800
1997-05-21,9.150720596313477,9.34551844754929,9.103209066737602,9.169725208143827,76620000
1997-05-22,9.16972541809082,9.245743867152713,9.103209275161664,9.19823233648903,33655200
1997-05-23,9.340770721435547,9.350273031426834,9.188733761574948,9.226743001540097,28904800
1997-05-27,9.625843048095703,9.682856925971887,9.302764406797328,9.33127134573542,69036000
1997-05-28,9.568828582763672,9.67335401911958,9.492810083595739,9.67335401911958,52241600
1997-05-29,9.568828582763672,9.811137548861462,9.50231239599173,9.67335401911958,51111200
1997-05-30,9.42629337310791,9.54982342739259,8.93217315596919,8.93217315596919,83337600
1997-06-02,9.454797744750977,9.54031852837184,9.359774651838906,9.502309291207013,38939200
1997-06-03,9.17922592163086,9.38827661549823,9.169723617364161,9.378774311231531,41995200
1997-06-04,9.060449600219727,9.29325552364928,8.989181723284478,9.16972554225108,54639200
1997-06-05,9.164976119995117,9.236242845930253,9.084205926655681,9.142407559815478,35892000
1997-06-06,9.431039810180664,9.450044423239014,9.198232720241121,9.226739639828645,35964000
1997-06-09,9.511811256408691,9.587829727988382,9.312262768512007,9.49280663851377,48200000
1997-06-10,9.488054275512695,9.659095804325597,9.407284084709579,9.511809463428575,53135200
1997-06-11,9.65434455871582,9.682851481625415,9.39303167868604,9.488054755051353,49056800
1997-06-12,9.65434455871582,9.739865327444601,9.530814559440913,9.635339943442757,44614400
1997-06-13,9.85389232635498,9.8871504007448,9.621086385601037,9.635339266079026,50116000
1997-06-16,9.986922264099121,9.986922264099121,9.79687616963482,9.85388999797411,40612800
1997-06-17,10.200727462768555,10.257741309789152,9.948916305094249,9.996427844278081,53191200
1997-06-18,9.89665699005127,10.148468233677153,9.887154678971047,10.12946361151671,55657600
1997-06-19,9.830140113830566,9.939416683486488,9.730365854579507,9.758872785794095,65519200
1997-06-20,9.872895240783691,9.986922904777344,9.768369882122844,9.834886019452474,64240000
1997-06-23,9.735114097595215,9.996427555558972,9.730362943814056,9.872897557248832,35724800
1997-06-24,10.03918743133545,10.043938584876072,9.758869372438719,9.844390136169924,39319200
1997-06-25,9.915657997131348,10.129459918487798,9.868146459052138,10.100952995640272,49576000
1997-06-26,9.749367713928223,9.94416502205252,9.720860790788082,9.891902329628927,37312000
1997-06-27,9.69235610961914,9.882402307846966,9.673351489796357,9.815886138467228,38198400
1997-06-30,9.606837272644043,9.787381197649221,9.592584384855563,9.720865014752578,38286400
1997-07-01,9.497559547424316,9.644844774348247,9.369277780795441,9.611587268894443,59377600
1997-07-02,9.758872985839844,9.768375296439494,9.431043850126954,9.54982215264756,53237600
1997-07-03,9.849146842956543,9.887156092712285,9.768377187225592,9.887156092712285,28764000
1997-07-07,9.844393730163574,10.01543532006989,9.834891419613223,9.929914525116732,39320000
1997-07-08,9.977424621582031,9.982175776163738,9.801631902058919,9.834889984130859,36007200
1997-07-09,9.939413070678711,10.081947674942747,9.844390001169355,10.072445367991811,48266400
1997-07-10,9.872895240783691,9.977420599444539,9.796876798121257,9.920406767447714,43780800
1997-07-11,9.863396644592285,9.963170888106948,9.763622401077624,9.901405880216918,38094400
1997-07-14,10.333758354187012,10.338509507453304,9.920408020019531,9.944163786350995,57424000
1997-07-15,10.526177406311035,10.585566807159099,10.3860184203096,10.49529491787004,75503200
1997-07-16,11.283995628356934,11.3647652812757,10.642589561060856,10.823133491114566,111217600
1997-07-17,11.364763259887695,11.459786364067359,11.136707809856505,11.440781743231426,131668000
1997-07-18,10.680595397949219,11.20322239695919,10.642586161657585,11.022678524573928,158927200
1997-07-21,10.333758354187012,10.718601768756734,10.16746798986676,10.709099462224149,127223200
1997-07-22,10.956160545349121,11.008423236588861,10.395524402959182,10.405026710457317,101384000
1997-07-23,10.751863479614258,11.165213953642732,10.718605395497024,11.041683926921579,95556000
1997-07-24,10.49055004119873,10.671093927777331,10.31000615462013,10.519056970658509,141855200
1997-07-25,10.528556823730469,10.813626051809814,10.43353374770402,10.528556823730469,90308800
1997-07-28,10.414531707763672,10.595075596858115,10.31950860824028,10.585573286905776,56404000
1997-07-29,10.637835502624512,10.647337812140032,10.348015062401156,10.395526609978756,79061600
1997-07-30,10.728102684020996,10.794618821122986,10.614075020417584,10.699595768120144,78324000
1997-07-31,10.747113227844238,10.804127091121927,10.709103985659112,10.794624780575646,42240800
1997-08-01,10.690099716186523,10.780371669345431,10.58082314130995,10.747113581339518,58912800
1997-08-04,10.761366844177246,10.794624931554395,10.599827562631097,10.6615925820458,46312800
1997-08-05,10.894394874572754,10.975164483324493,10.794620651997077,10.813625265821015,59333600
1997-08-06,10.903899192810059,10.994171125125263,10.813627260494856,10.894396884145301,43410400
1997-08-07,10.941912651062012,10.975170744226334,10.794626809905727,10.970419588060002,43947200
1997-08-08,10.642583847045898,10.880141522203173,10.642583847045898,10.856385754687446,66815200
1997-08-11,10.509553909301758,10.661590855548438,10.367019272195495,10.642586237267603,72696000
1997-08-12,10.338510513305664,10.623579737018137,10.324257052120041,10.595072814646889,60887200
1997-08-13,10.34326457977295,10.509555007100488,10.243490323376426,10.500052696967487,66731200
1997-08-14,10.357515335083008,10.395524565670469,10.1959761050863,10.338510719789276,45900800
1997-08-15,10.100953102111816,10.338510795011905,10.091450794395811,10.300501564147892,51078400
1997-08-18,10.17697525024414,10.17697525024414,9.95842209360958,10.110459072137969,69969600
1997-08-19,10.552311897277832,10.566565357742412,10.233984613568866,10.243486920545253,91013600
1997-08-20,10.685343742370605,10.694846048944523,10.414528005013947,10.566564910196632,51433600
1997-08-21,10.481047630310059,10.8231307805287,10.452540701125171,10.766116922158925,64412000
1997-08-22,10.433536529541016,10.452541149813404,10.195978776136165,10.281499567361912,72161600
1997-08-25,10.3765230178833,10.566569227002041,10.31000684469174,10.481048432898609,38856800
1997-08-26,10.262494087219238,10.405028727319506,10.243489468539202,10.33851256193938,34327200
1997-08-27,10.22923469543457,10.286248544178283,10.110455843885166,10.281497390116307,49371200
1997-08-28,10.03918743133545,10.167468576932258,10.034436277794827,10.148463962769767,43641600
1997-08-29,10.048693656921387,10.17697485254166,10.015435569167982,10.0391913461347,37857600
1997-09-02,10.42878532409668,10.452541099322413,10.110457936071862,10.119960246162155,50112800
1997-09-03,10.38127326965332,10.557065997789326,10.3527663407664,10.462042901499593,42872800
1997-09-04,10.504801750183105,10.528557520762444,10.319506739664272,10.338511356127743,44476000
1997-09-05,10.438286781311035,10.618830658274995,10.357517152142947,10.571319111705531,48398400
1997-09-08,10.590324401855469,10.628333641521166,10.471545527900158,10.471545527900158,42416000
1997-09-09,10.604575157165527,10.661589002096523,10.51905438976903,10.585570542188528,39465600
1997-09-10,10.271991729736328,10.576065490468578,10.267240577224888,10.557060880422812,53294400
1997-09-11,10.400276184082031,10.443036570403063,10.10095347983481,10.262492717047596,61779200
1997-09-12,10.485794067382812,10.519052136468304,10.310001416502358,10.405024471032332,48576000
1997-09-15,9.934664726257324,10.433535982238682,9.929913571438455,10.31000595694806,129003200
1997-09-16,10.367021560668945,10.414533116858996,9.958422177434514,10.015436044862575,102538400
1997-09-17,10.124710083007812,10.395525885321957,10.081949693168736,10.38602357646883,61609600
1997-09-18,10.05344295501709,10.271996062734852,9.991677946314244,10.205479899516403,61077600
1997-09-19,10.276749610900879,10.281500766523116,10.034440674166738,10.05344529665569,77435200
1997-09-22,10.134211540222168,10.3290088553413,10.124709232167577,10.262492698959157,43251200
1997-09-23,10.30049991607666,10.30049991607666,10.11995609835945,10.1532141700442,39946400
1997-09-24,10.067693710327148,10.34326059810392,10.043937944139497,10.310002525441206,60040000
1997-09-25,10.091451644897461,10.19597703858284,10.039188948054772,10.100953953414313,39272000
1997-09-26,10.138961791992188,10.167468713619158,10.005929491066329,10.157966406410168,36652000
1997-09-29,10.224485397338867,10.243490017036525,10.100955369304105,10.148466918548245,27505600
1997-09-30,10.05819320678711,10.319506681691829,10.053442052697934,10.219732445819117,43892800
1997-10-01,10.17697525024414,10.224486806034262,9.986929027083653,10.072449827505872,61466400
1997-10-02,10.124710083007812,10.233986634818782,10.091452002021864,10.167470472846887,28831200
1997-10-03,10.257743835449219,10.357518092301667,10.138964958243925,10.257743835449219,60284800
1997-10-06,10.271991729736328,10.357512474942274,10.205475594576148,10.329005559873625,41776800
1997-10-07,10.38127326965332,10.466794056314079,10.233987470404234,10.262494399291153,54548800
1997-10-08,10.566572189331055,10.571323345891006,10.357521300693211,10.386028240052916,71196800
1997-10-09,10.561816215515137,10.614078913837524,10.50005120840686,10.528558134764527,34672800
1997-10-10,10.3765230178833,10.547564606090168,10.357518396971427,10.514306519494388,24893600
1997-10-13,10.395528793334961,10.481049596936437,10.381275326068048,10.41453341635751,19051200
1997-10-14,10.390774726867676,10.443037425539622,10.291000483948508,10.424032807840733,33361600
1997-10-15,10.31950569152832,10.338510306061522,10.252989540662115,10.31950569152832,45003200
1997-10-16,10.179348945617676,10.386024175085293,10.053443346056943,10.348014937482052,47327200
1997-10-17,10.05344295501709,10.233986826610025,9.910908319548984,10.119959118235538,87720000
1997-10-20,10.081952095031738,10.281500628486656,9.692357339238807,10.110459028382442,154052800
1997-10-21,10.528556823730469,10.584382880896008,10.286247979863026,10.348012979280218,115682400
1997-10-22,10.314756393432617,10.5285583453923,10.291000620992653,10.519056036416313,55775200
1997-10-23,10.310007095336914,10.433537134267219,10.034440085415467,10.034440085415467,66413600
1997-10-24,10.291000366210938,10.43353499732189,10.129461117618522,10.4050280710997,70030400
1997-10-27,9.796879768371582,10.357515952982565,9.777875151944091,10.252990562631364,96795200
1997-10-28,10.138961791992188,10.262491785709056,9.388279522481989,10.05344102711128,160057600
1997-10-29,9.948915481567383,10.267242767749337,9.891901639266138,10.167468543722158,85532800
1997-10-30,9.777875900268555,9.986926696970118,9.768373591327576,9.844392062855416,72097600
1997-10-31,9.882400512695312,9.99642821091872,9.85389358813946,9.958418978177583,46808800
1997-11-03,10.195979118347168,10.205481428802292,9.982177133106898,10.005932909244706,67714400
1997-11-04,10.20547866821289,10.257741361578972,10.124709051192584,10.186474052443407,49134400
1997-11-05,10.153214454650879,10.23398405957791,10.072444849723848,10.224481753115906,42512800
1997-11-06,10.03918743133545,10.148463962769767,10.015431663632336,10.129459348607277,40266400
1997-11-07,10.001178741455078,10.034436818029988,9.872897588951853,9.887151050341101,63628800
1997-11-10,9.89665699005127,10.072449745035378,9.863398901270493,10.005933567473823,36764800
1997-11-11,9.929914474487305,9.991679492749666,9.834891369468288,9.915661008734451,37013600
1997-11-12,9.820632934570312,9.958416367130805,9.806379476029571,9.891900227274016,45784000
1997-11-13,10.001178741455078,10.005929895251494,9.820634897191281,9.887151050341101,60094400
1997-11-14,10.134211540222168,10.176971926467832,9.986925765375995,10.005930381485179,46663200
1997-11-17,10.252985954284668,10.324253233855693,10.143709458942432,10.224479042456258,60094400
1997-11-18,10.186470985412598,10.300498645697067,10.167466375365185,10.257738273090391,36683200
1997-11-19,10.267243385314941,10.271994539125822,10.13896223242114,10.157966847664666,31720800
1997-11-20,10.405027389526367,10.424032005762944,10.252990459633745,10.281497383988611,53680800
1997-11-21,10.481047630310059,10.490549940038353,10.36701991357051,10.47629647544591,68220800
1997-11-24,10.30049991607666,10.500048346185157,10.30049991607666,10.424029896620015,39084000
1997-11-25,10.566572189331055,10.585576815570858,10.319512048213602,10.329014361333504,56463200
1997-11-26,10.761366844177246,10.785122620875208,10.509555611178838,10.56656947525395,63053600
1997-11-28,10.756614685058594,10.813628543813321,10.728107755681231,10.737610065473685,17392800
1997-12-01,10.93240737915039,10.946660843790742,10.766116958346277,10.789872732746865,49006400
1997-12-02,10.813626289367676,11.013174753406973,10.794621673744885,10.913400521387324,50167200
1997-12-03,10.998924255371094,11.027431186486528,10.718606099402674,10.770868806447632,57712000
1997-12-04,10.837381362915039,11.089192503745593,10.813625594912155,11.003671738935216,62630400
1997-12-05,10.880143165588379,11.003673175328684,10.804124698055883,10.804124698055883,48136000
1997-12-08,11.108201026916504,11.146210269095858,10.880145573840373,10.908652505474889,49952800
1997-12-09,10.970415115356445,11.05118473725383,10.908650110376094,11.022677811878284,51782400
1997-12-10,10.813626289367676,10.889644751858837,10.718603211253724,10.813626289367676,66434400
1997-12-11,10.571318626403809,10.718604414007638,10.557065163087309,10.671092869619306,70189600
1997-12-12,10.395528793334961,10.528561154492813,10.33851492426731,10.471547285425162,54308000
1997-12-15,10.348012924194336,10.414529077058761,10.110455235392813,10.371768693074488,84305600
1997-12-16,10.571318626403809,10.671092869619306,10.262493587879653,10.329009750023317,65401600
1997-12-17,10.310007095336914,10.67109490144088,10.300504784649968,10.633085658693094,51472000
1997-12-18,9.948915481567383,10.24348700012382,9.910906253366552,10.224482386023404,98774400
1997-12-19,9.782623291015625,9.896650954436886,9.597328337956078,9.787374443658178,138065600
1997-12-22,9.65434455871582,9.882399941992572,9.568823789987038,9.815883788536853,59063200
1997-12-23,9.374027252197266,9.749367831424435,9.350270902652674,9.659096487034237,67195200
1997-12-24,9.041450500488281,9.416791246693181,8.970182580099255,9.407288934637991,88411200
1997-12-26,9.17922592163086,9.17922592163086,9.027189053363681,9.03669135763038,32388800
1997-12-29,9.60208511352539,9.635342619515194,9.283757139315922,9.302761759867234,67815200
1997-12-30,9.901403427124023,9.95841726643568,9.597329617461867,9.611583657264545,77864800
1997-12-31,9.825387001037598,9.99642855424715,9.806382384014313,9.958419320200582,46147200
1998-01-02,9.96792221069336,9.996429137892674,9.844392192829668,9.853894501896105,39748000
1998-01-05,9.910911560058594,10.1579716756497,9.720865317296205,9.97742774502543,80377600
1998-01-06,9.96792221069336,10.110456846689928,9.82538757469679,9.863396810962543,67834400
1998-01-07,9.849146842956543,9.972676904662704,9.692358687714108,9.872902624053882,61492800
1998-01-08,9.92040729522705,10.043937271125472,9.69235195510689,9.77787270765195,77619200
1998-01-09,9.65434455871582,9.996427633630947,9.568823789987038,9.887151095810838,87534400
1998-01-12,9.844393730163574,9.882402972364977,9.454798997599186,9.473803618699888,78393600
1998-01-13,10.043940544128418,10.05344285306326,9.73986665821346,9.844392056496726,66945600
1998-01-14,9.96792221069336,10.072447610424177,9.82538757469679,10.043940683224863,54774400
1998-01-15,10.05819320678711,10.110455901768054,9.872898197309217,9.91090743002263,50622400
1998-01-16,10.281498908996582,10.291001218524306,10.058194635095084,10.062945789858947,72943200
1998-01-20,10.476297378540039,10.490550844361183,10.186476906843467,10.195979217390896,64956000
1998-01-21,10.414531707763672,10.523808272215572,10.310006298287941,10.43353632766835,85567200
1998-01-22,10.538061141967773,10.63308423612438,10.286249942452763,10.305254561284084,159139200
1998-01-23,10.509553909301758,10.599825846135724,10.39196283368909,10.547563145863428,63312000
1998-01-26,10.775617599487305,10.785119907776094,10.524994218370482,10.633082975155462,74277600
1998-01-27,11.036931037902832,11.089193733304008,10.761364098514814,10.82312910217075,97540800
1998-01-28,11.326750755310059,11.364759986032576,11.06068614025244,11.117699986336214,79387200
1998-01-29,11.26973819732666,11.412272828827419,11.212724344726357,11.322000895543605,73571200
1998-01-30,11.341009140014648,11.402774166751218,11.222230242444324,11.298248736889331,50071200
1998-02-02,11.773361206054688,11.792365824627819,11.440780381024894,11.53580347389055,98397600
1998-02-03,11.84937858581543,11.868383202633098,11.692590497069677,11.792364735362428,61374400
1998-02-04,11.92064380645752,12.010915720496058,11.787611512084936,11.849376505900779,61940800
1998-02-05,11.816121101379395,12.067932286893312,11.76385840249915,12.020420742456723,67014400
1998-02-06,12.020424842834473,12.029927154963195,11.792369351745123,11.811373976002567,50070400
1998-02-09,11.949150085449219,12.077431219567362,11.83037125756205,12.067928913336388,54681600
1998-02-10,12.105944633483887,12.124949256142417,11.915898406898583,11.953907652215642,48099200
1998-02-11,12.082184791564941,12.167705564765164,11.939650169564567,12.115442870031695,76460000
1998-02-12,12.067930221557617,12.08218368244922,11.892137537227839,12.015667531621737,76658400
1998-02-13,11.972908020019531,12.067931099543495,11.963405712067134,12.0584287915911,42203200
1998-02-17,11.735352516174316,12.048928737254277,11.697343277255532,12.048928737254277,85673600
1998-02-18,11.754352569580078,11.858877936003184,11.687836427310831,11.75435256958008,76608800
1998-02-19,11.773361206054688,11.86363314427706,11.72584965962186,11.820872752487515,73773600
1998-02-20,11.792364120483398,11.839875660050213,11.621322578042866,11.820871044223487,86092000
1998-02-23,12.410012245178223,12.419514551644669,12.067929212386174,12.305486874047318,120803600
1998-02-24,12.486031532287598,12.913635351886487,12.448022303878806,12.676077674331548,118302000
1998-02-25,12.913637161254883,12.923139469688477,12.62856790824705,12.685581758848615,94944400
1998-02-26,12.99915885925293,13.027665786575852,12.837619604423033,12.99915885925293,61388000
1998-02-27,12.88512897491455,13.075175124987037,12.856622052403678,13.008658972461667,47532400
1998-03-02,12.66657543182373,13.056170025000604,12.628566203221109,13.056170025000604,50093600
1998-03-03,12.84711742401123,12.85661972979822,12.552545944614524,12.562048250401514,50753600
1998-03-04,12.51453685760498,12.742592198973638,12.400509186920653,12.533541469385703,71513600
1998-03-05,12.172454833984375,12.381505580547728,12.048924847378757,12.048924847378757,92255600
1998-03-06,12.58105754852295,12.581057548522947,12.20096517545579,12.210467484782468,51404800
1998-03-09,12.101191520690918,12.543048926040058,12.086938056002236,12.543048926040058,52256000
1998-03-10,12.391009330749512,12.391009330749512,12.15345163652502,12.343497791904614,47406400
1998-03-11,12.267477035522461,12.467025461352028,12.124942445644198,12.467025461352028,39838800
1998-03-12,12.44802474975586,12.562052457387212,12.286485497278113,12.543047839448654,47962000
1998-03-13,12.524039268493652,12.619062328193907,12.40050929088332,12.533541574463678,32542400
1998-03-16,12.46703052520752,12.58105824342588,12.372007426692218,12.53354669416823,27979600
1998-03-17,12.219968795776367,12.419517275334146,12.115443401722292,12.419517275334146,53842400
1998-03-18,12.429015159606934,12.43851746477483,12.143946004570077,12.172452920073763,33887600
1998-03-19,12.46703052520752,12.514542074465169,12.353002806989158,12.391012046395279,30299200
1998-03-20,12.438522338867188,12.619066207804144,12.238973852147392,12.486033883324282,56310000
1998-03-23,12.752093315124512,12.866120975170334,12.324489589952675,12.343494199960313,55050000
1998-03-24,12.913637161254883,12.932641778122072,12.685581758848615,12.79960946005175,32281600
1998-03-25,13.502778053283691,13.825856486648677,13.265220381691789,13.759340338602945,124244800
1998-03-26,13.41726016998291,13.616808656930248,13.30323246315586,13.455269405591928,45441200
1998-03-27,13.35074234008789,13.588300032972016,13.31273310922643,13.588300032972016,38924000
1998-03-30,13.369738578796387,13.474263898175746,13.246208655893506,13.388743182319907,27463200
1998-03-31,13.60731029510498,13.645319541739353,13.455273308567495,13.47427793188468,38177200
1998-04-01,13.740335464477539,13.778344691211919,13.455266263969708,13.65481470432519,36835600
1998-04-02,13.882875442504883,13.97789854614968,13.664322304121848,13.787852338860084,41414800
1998-04-03,14.139429092407227,14.148931396904812,13.911373784465175,13.987392220445859,40987600
1998-04-06,13.673820495605469,14.082419718198265,13.540788190575254,14.082419718198265,74232000
1998-04-07,13.265230178833008,13.778355128444026,13.189211667779523,13.57880653692863,62630800
1998-04-08,13.52178955078125,13.53129186248243,13.170204017837534,13.189208641239897,36793200
1998-04-09,13.531289100646973,13.626312198263875,13.303233666366404,13.369749834698236,33619200
1998-04-13,13.474270820617676,13.531284660479246,13.189201621309827,13.502777740548462,33156400
1998-04-14,13.445762634277344,13.61680413775225,13.303228048048256,13.483771857271767,28476800
1998-04-15,13.892379760742188,13.892379760742188,13.512287291228038,13.56930116165516,40498400
1998-04-16,13.939889907836914,13.996903772490645,13.711834449221996,13.74034138154886,39695600
1998-04-17,14.006409645080566,14.025414271464665,13.730842562511139,13.911386513160075,37402800
1998-04-20,14.38649845123291,14.44351231563674,14.01590833260802,14.044415264809937,45535200
1998-04-21,14.424504280090332,14.443508897060147,14.158439642512906,14.395997354635607,51938400
1998-04-22,15.03265380859375,15.070663047047844,14.538533708690544,14.595547566371682,80154000
1998-04-23,14.367486000061035,14.804592055618448,14.312847743116357,14.785587444507255,64215200
1998-04-24,14.006409645080566,14.405506799146634,13.96840039231237,14.215460535305649,51436000
1998-04-27,13.730838775634766,13.764096862634574,13.455271769064932,13.60730873820691,58752000
1998-04-28,13.66431999206543,14.025407724818201,13.533663246661467,14.006403107304898,56668000
1998-04-29,13.759343147277832,13.911380088131729,13.62631082403067,13.69282698565425,50061600
1998-04-30,13.702332496643066,13.930387961219651,13.635816319474896,13.911383339171602,54473600
1998-05-01,13.626309394836426,13.759341704130504,13.398254007475145,13.711830165096904,35996000
1998-05-04,13.388755798339844,13.664322809093466,13.369751176908558,13.559797391221402,37899600
1998-05-05,13.341240882873535,13.61680782418645,13.227213183019915,13.322236266231265,50828000
1998-05-06,13.13219165802002,13.303233228095534,13.075177801328183,13.303233228095534,48110800
1998-05-07,12.6760835647583,13.113189894577552,12.64757663020487,13.103687583059742,78022000
1998-05-08,13.037166595458984,13.094180443544083,12.448023498579643,12.448023498579643,96274800
1998-05-11,12.809113502502441,13.103685103821118,12.78060657334257,13.09418279410116,51474400
1998-05-12,13.027664184570312,13.03716649250946,12.657074174943586,12.657074174943586,64147200
1998-05-13,13.217711448669434,13.493278401948666,13.151195287533067,13.4837760932149,80680400
1998-05-14,13.52178955078125,13.835365836920237,13.046673965722174,13.056176277423356,94774400
1998-05-15,13.597801208496094,13.711828891586208,13.493275832330156,13.702326584662032,48150800
1998-05-18,13.084673881530762,13.151190016004774,12.847116258409288,12.847116258409288,80395600
1998-05-19,13.15119457244873,13.21771072996834,13.008659949192422,13.046669182060771,52234400
1998-05-20,13.037166595458984,13.208208139714278,12.980152747373888,13.094180443544083,35698800
1998-05-21,13.13219165802002,13.284228609198255,12.999159325739065,13.046670872982263,36680000
1998-05-22,13.008655548095703,13.189199343138666,12.989650938091179,13.170194733134144,36129200
1998-05-26,12.714096069335938,13.103690941415739,12.695091441429605,12.970658546071416,44473600
1998-05-27,13.075172424316406,13.094177035398262,12.600057147270025,12.600057147270025,58574400
1998-05-28,13.122694969177246,13.13219728269584,12.932648698805382,13.037174147509909,30746800
1998-05-29,12.894636154174805,13.15119855370518,12.885133843081087,13.132193931517746,34091200
1998-06-01,12.73309326171875,12.863750002277431,12.638070177676074,12.752097878527286,42436800
1998-06-02,12.99915885925293,13.065675023006417,12.752098822454263,12.780605749777186,38570800
1998-06-03,12.818607330322266,13.141685647024234,12.790100420025032,13.056164916132538,36010800
1998-06-04,13.084673881530762,13.09417618645562,12.714083989461264,12.875623173183865,33717600
1998-06-05,13.113183975219727,13.151193204133406,12.885128601737645,13.056170131849205,34431600
1998-06-08,13.027664184570312,13.122687263961781,12.923138797239698,13.018161876631165,18886400
1998-06-09,13.236711502075195,13.312729945733919,12.961144643812323,12.970646949269664,35690400
1998-06-10,13.075172424316406,13.436260034871657,13.056167813234552,13.170195479725683,33290400
1998-06-11,12.970643997192383,13.246210792737129,12.942137087308444,13.141685456496019,41271200
1998-06-12,13.037166595458984,13.094180443544083,12.771101971061864,12.904134283260424,41323600
1998-06-15,13.065677642822266,13.274728485107422,12.85662680053711,12.875631422563034,42846000
1998-06-16,13.66431999206543,13.673822300822081,12.999158379099796,13.122688392936272,61138400
1998-06-17,13.844858169555664,14.044406571450427,13.645309767660901,13.673816682217296,76147600
1998-06-18,13.863873481750488,13.949394291439148,13.740343423311312,13.806859608624714,39228400
1998-06-19,14.396000862121582,14.405503172921662,14.063419984118774,14.120433848919255,91226800
1998-06-22,14.567039489746094,14.586044107475704,14.243960988342723,14.405500239044407,48969600
1998-06-23,15.317728042602539,15.33673266796557,14.481524526629201,14.567045340762837,124675200
1998-06-24,15.954374313354492,15.982881235891753,15.194189712360828,15.46025432270861,105724800
1998-06-25,15.441252708435059,16.2489490039532,15.412745780357946,16.09691205420861,88969600
1998-06-26,15.878353118896484,15.906860036524666,15.50776318973014,15.545772413234381,55680400
1998-06-29,16.3344669342041,16.372476164999224,16.001886164746775,16.039895395541897,65906000
1998-06-30,16.477005004882812,16.505511933957003,15.906866423398977,16.00188952031295,77010000
1998-07-01,16.6290340423584,16.74306170436314,16.29645336151123,16.59102482169015,53470400
1998-07-02,16.305959701538086,16.59102892708945,16.28695508650133,16.543517389497556,27321200
1998-07-06,16.391477584838867,16.429486808224002,16.020887656833814,16.248942997144617,35307600
1998-07-07,16.410491943359375,16.505515058260123,16.19193877908765,16.391487320379223,32422800
1998-07-08,16.705059051513672,16.743068287125762,16.229943606362543,16.43899440222904,41553600
1998-07-09,16.876096725463867,17.028133632900477,16.6860505911681,16.724059818027257,43690000
1998-07-10,17.20868492126465,17.21818723209914,16.705062447036582,16.89510866372642,45396800
1998-07-13,17.873838424682617,17.978363795587192,17.275193118592767,17.351211570159734,69223200
1998-07-14,17.712303161621094,18.054386269892746,17.56026622461147,17.978367801387932,56972400
1998-07-15,17.84532928466797,17.940352337301984,17.57926473729273,17.636278568873138,48690000
1998-07-16,17.84532928466797,18.073384610989606,17.731301621507153,17.949854642565388,65125200
1998-07-17,17.930849075317383,18.187411303740046,17.626775323112742,17.864332942022617,83108400
1998-07-20,17.788330078125,18.168422601161858,17.759823138897236,17.96887402656751,45794800
1998-07-21,17.151674270629883,18.092403219545318,17.104162707553346,17.769324590624866,74605200
1998-07-22,17.75031280517578,17.826331275433493,17.009132720163088,17.028137337727514,71654400
1998-07-23,17.180166244506836,17.8643321568987,17.180166244506836,17.683788374461958,51029600
1998-07-24,17.303699493408203,17.579266371666765,17.10415106432442,17.294197187261357,60366400
1998-07-27,17.75031280517578,17.75031280517578,16.82858885330102,17.199178895807368,58998000
1998-07-28,17.066144943237305,17.76931572597648,17.02813571173789,17.636283415728528,78378400
1998-07-29,16.82859230041504,17.37022401194731,16.733569193128673,17.21818704028913,59738000
1998-07-30,17.24668312072754,17.275190034976674,16.838084016489915,17.018627806734447,72746400
1998-07-31,16.714553833007812,17.258560772712016,16.714553833007812,17.170664454943218,53705200
1998-08-03,16.48650550842285,16.857095545787978,16.32496626136626,16.591030903577117,73566400
1998-08-04,15.887858390808105,16.667047618108505,15.840346852558081,16.515010695708426,91412000
1998-08-05,15.859353065490723,16.153924632315295,15.431749178164731,15.83084613966899,120208800
1998-08-06,16.248945236206055,16.25844754336173,15.754825264110899,15.773829878422251,68308000
1998-08-07,16.096912384033203,16.34397243243041,15.973382359834602,16.33447012287667,54972400
1998-08-10,15.878353118896484,16.16342229517829,15.878353118896486,16.08740384816981,46763200
1998-08-11,15.726314544677734,15.868849117590221,15.507761532878586,15.640793800930242,60976400
1998-08-12,15.973384857177734,15.992389479256472,15.659808592878589,15.859357124705319,53760000
1998-08-13,15.802350044250488,16.115926443204348,15.773843098891046,15.83085698960993,51193200
1998-08-14,15.849854469299316,15.973384510127188,15.735826739304358,15.916370645129708,29566400
1998-08-17,16.315465927124023,16.32496823692433,15.659806550902966,15.735825029305406,54073200
1998-08-18,16.914112091064453,16.99963288253613,16.324968860926255,16.40098734223441,70591200
1998-08-19,16.80957794189453,17.142158624747164,16.762066415772725,17.066140182952278,55709600
1998-08-20,17.113658905029297,17.142165832688978,16.676552680914167,16.743068845453426,49970400
1998-08-21,16.819093704223633,17.009139960768533,16.53402431940628,16.895112206841592,59523600
1998-08-24,16.78108024597168,17.028140317543176,16.724066383301334,16.771577935526622,26319200
1998-08-25,17.151674270629883,17.28470664724419,16.895111830016585,16.933121080477815,58026800
1998-08-26,17.113658905029297,17.294202780207282,16.857096556092156,16.91411041141152,44804400
1998-08-27,16.610029220581055,17.1421583031626,16.496001560027867,16.809577626549135,74874000
1998-08-28,16.001888275146484,16.66704990178559,15.925869803530585,16.45799910484187,72730000
1998-08-31,14.58604621887207,16.191936649484045,14.557539288151148,15.944876583236049,132690400
1998-09-01,15.393736839294434,15.469755292821812,14.367487716674804,14.481515396965873,140112400
1998-09-02,15.289215087890625,15.849851315476423,15.241703543179964,15.479261266733268,63438400
1998-09-03,15.0896635055542,15.317718873396327,14.95663120764629,15.013645049606822,67506800
1998-09-04,14.690573692321777,15.241707763573176,14.614555199735378,15.156186959413477,50890400
1998-09-08,15.503021240234375,15.517274707510104,15.061163754686783,15.20369842744407,60625600
1998-09-09,15.54577922821045,15.878360079669719,15.450756127793515,15.54577922821045,65480800
1998-09-10,15.317728042602539,15.374741918691631,15.004151724112537,15.203700290424358,60758000
1998-09-11,15.849854469299316,15.906868334296796,15.222701954327041,15.374738927653654,58989200
1998-09-14,16.115917205810547,16.27745647025558,15.944875631692273,15.954377941365511,45086800
1998-09-15,16.467498779296875,16.48650339416046,15.982881100275444,16.096908789456958,49367600
1998-09-16,16.448497772216797,16.49600931979686,16.134921558188402,16.40098622463674,42886800
1998-09-17,15.954374313354492,16.19193200116501,15.93536969832965,16.011388158429014,45178400
1998-09-18,16.020893096923828,16.15392542394455,15.859353842684383,16.077906951361282,47361600
1998-09-21,16.400985717773438,16.429492645440483,15.564782506206774,15.58378712465147,45872000
1998-09-22,16.60052490234375,16.705050245174764,16.229935050488336,16.486497255619007,43082000
1998-09-23,17.275190353393555,17.31319957309299,16.496001349555122,16.667042838202583,65263600
1998-09-24,16.743074417114258,17.427240908619492,16.57203279423795,17.199185411451083,63521600
1998-09-25,17.18967628479004,17.199178593405183,16.51501237311503,16.591030842036158,47878400
1998-09-28,16.92361831665039,17.389231622386422,16.686060507601397,17.180180750423304,41405200
1998-09-29,17.161169052124023,17.33221060413855,16.933113649437992,16.99962980855475,48743200
1998-09-30,16.733570098876953,17.265699528483488,16.728818943255465,17.075653303624012,38875600
1998-10-01,15.821342468261719,16.6480432458826,15.811840160472972,16.42949016674145,65442400
1998-10-02,15.830857276916504,15.992396636885038,15.355741512303164,15.716829493409302,65889600
1998-10-05,15.384237289428711,15.640799616059086,14.671564159899896,15.583785765696781,114937600
1998-10-06,14.842605590820312,15.754827189231806,14.804596357553168,15.583785639529651,76550000
1998-10-07,14.31047534942627,15.165683039631025,14.196447657398968,14.80459534821124,90710400
1998-10-08,13.863873481750488,13.968398915814404,13.3412463114309,13.7688503598742,144719200
1998-10-09,14.728575706481934,14.74758032029675,14.025404995333764,14.16793959894488,72661600
1998-10-12,15.16568660736084,15.355732805448069,14.97564040927361,15.089668128125949,51502800
1998-10-13,14.662057876586914,15.165680084920748,14.557532512593099,15.12767086165027,47995600
1998-10-14,15.23220443725586,15.412748345121026,14.576544982377097,14.576544982377097,62403200
1998-10-15,16.030391693115234,16.058898613731326,15.14667715401641,15.222695608992654,66253600
1998-10-16,15.973384857177734,16.191938011083202,15.811845569508478,16.115919522768255,68620000
1998-10-19,15.650299072265625,15.840345205505036,15.374732179068475,15.830842898843066,60177600
1998-10-20,15.24170207977295,15.716817481262131,15.146678999475114,15.697812865202565,94368400
1998-10-21,16.18242835998535,16.2489445070904,15.66930379660355,15.944870691753037,125377200
1998-10-22,16.72406768798828,16.743072310360994,16.00189203782515,16.115919772061435,81910800
1998-10-23,16.172922134399414,16.724055791153333,16.14441522111904,16.572018920324666,59882000
1998-10-26,16.277448654174805,16.419983230831328,16.06839794174524,16.239439433733065,59678400
1998-10-27,16.030391693115234,16.40098166112442,15.963875545011021,16.381977047380357,65434800
1998-10-28,16.06839942932129,16.21093401917334,15.944869451449511,15.944869451449511,56808400
1998-10-29,16.210941314697266,16.343973658428663,16.03039741963323,16.03039741963323,52402800
1998-10-30,16.096912384033203,16.448497837521533,15.98288466938834,16.305963194215455,59322800
1998-11-02,16.08740997314453,16.24894923454055,15.963879949724047,16.17293075858948,48388400
1998-11-03,15.992385864257812,16.201436659869024,15.92586970201788,16.039897408714907,36546800
1998-11-04,16.03989601135254,16.315462945196867,15.944872930716564,16.087407551670527,67459600
1998-11-05,16.172922134399414,16.362968222935248,16.001880654717166,16.01138295914396,76727200
1998-11-06,16.61954116821289,16.68605734212798,16.10641639801078,16.125421019129373,74461200
1998-11-09,16.82859230041504,16.93311771843004,16.54352297855595,16.600536842927767,68956800
1998-11-10,17.037633895874023,17.246684618522785,16.73356011747583,16.74306242305077,72075600
1998-11-11,16.885610580444336,17.446247060042655,16.857103640803743,17.246698482558507,63899200
1998-11-12,16.53401756286621,16.8951053027449,16.496008327089505,16.762072977526433,38526800
1998-11-13,16.72406768798828,16.800086177479137,16.477007597143,16.486509908329356,28368800
1998-11-16,16.543508529663086,16.990116743846983,16.34396017864475,16.92360062684087,42620400
1998-11-17,17.009126663208008,17.08514510639553,16.562518309481316,16.572020614879758,58744000
1998-11-18,16.686058044433594,16.885606574577732,16.591034934841147,16.65755111155586,41691200
1998-11-19,16.99012565612793,17.10415334509523,16.58152643732843,16.58152643732843,45220800
1998-11-20,17.275190353393555,17.29419496324327,16.914102766248913,17.14215808444553,48405200
1998-11-23,18.120899200439453,18.272936110353996,17.104152365385957,17.104152365385957,110870400
1998-11-24,18.500995635986328,19.014120322346503,18.0353824946595,18.04488480366617,101114800
1998-11-25,18.890586853027344,18.909591467567612,18.35845764589981,18.65302917127398,41394000
1998-11-27,19.47022819519043,19.479730502752748,18.900089741451325,19.023619739761465,26335600
1998-11-30,18.548507690429688,19.805188091074836,18.539005381162053,19.669780184010992,70900000
1998-12-01,19.68878746032715,19.726796702528553,18.263440877774507,18.28244549887521,86330800
1998-12-02,19.270671844482422,19.72678242068319,19.080625771065435,19.641261687645546,65759600
1998-12-03,18.567508697509766,19.603260206224487,18.548504082670966,19.28968406138425,51426800
1998-12-04,19.36570167541504,19.36570167541504,18.85257709716557,18.99511170223487,44352000
1998-12-07,20.306428909301758,20.33493582868777,19.27067750494336,19.413212101873416,89809200
1998-12-08,19.94533920288086,20.410952171409285,19.726786176836907,20.201901450845504,77585200
1998-12-09,20.315940856933594,20.344447789847905,19.764806820590213,20.08788539361909,44781600
1998-12-10,20.002357482910156,20.467970554958896,19.973850560131662,20.239915172730942,57015600
1998-12-11,20.372941970825195,20.477467326085957,19.878822109592495,19.916831329687316,51728800
1998-12-14,19.45122718811035,20.33494195532787,19.413217950810672,20.182905006129157,64077600
1998-12-15,20.049875259399414,20.068879880498372,19.65077821632132,19.6602805268708,51719600
1998-12-16,20.33493995666504,20.543990741266267,19.63176913573363,20.14489378884574,60024000
1998-12-17,20.429962158203125,20.505980622047602,20.106883686864098,20.401455234261448,46963600
1998-12-18,20.952594757080078,21.01911093091208,20.39195843478179,20.52499078244579,59648000
1998-12-21,21.351686477661133,21.617751106666255,20.943087225974693,21.076119540477254,48112000
1998-12-22,21.047611236572266,21.361187385920747,20.88607200812002,21.361187385920747,41350000
1998-12-23,21.826801300048828,21.864810531742428,21.190146669181058,21.34218359595545,34940000
1998-12-24,21.55123519897461,21.89331829737103,21.51322596581945,21.836304447638295,13832400
1998-12-28,21.646268844604492,21.83631510311726,21.513236463645555,21.74129197386088,23636400
1998-12-29,21.361190795898438,21.67476699530442,21.22815846887772,21.67476699530442,29651600
1998-12-30,21.13314437866211,21.795930718775274,21.114139752422304,21.418213772259172,34942800
1998-12-31,21.08562660217285,21.285175118912658,20.981101188642477,21.161645084740396,23834400
1999-01-04,21.437196731567383,22.08335337063945,21.190136840157475,21.225770478341595,69305200
1999-01-05,22.273414611816406,22.50147005152784,21.503727502790326,21.570243672706162,64281600
1999-01-06,22.99558448791504,23.033593718473576,22.31141833786137,22.72951987400528,69064800
1999-01-07,22.881561279296875,22.900565898299615,22.539478137247585,22.767533565280445,51150400
1999-01-08,22.78653335571289,23.185630270199937,22.349427211274694,23.138118732761,50244800
1999-01-11,22.425453186035156,22.94808027299784,21.93133303108862,22.93857796232579,46463200
1999-01-12,21.617755889892578,22.520475366613365,21.43721199454842,22.520475366613365,57907200
1999-01-13,21.86481475830078,22.463460273195587,20.677026038271404,20.677026038271404,75346000
1999-01-14,21.55123519897461,22.13087600459077,21.51322596581945,22.083364463146822,59214000
1999-01-15,22.76752471923828,22.80553394247574,21.494215740783385,21.731773386017508,59344000
1999-01-19,23.66075897216797,24.078860737138005,22.93858319631063,23.014601699032458,102741600
1999-01-20,24.72500228881836,25.50419144626767,24.703622098522494,25.38066145789156,125481200
1999-01-21,24.0693359375,24.829520254515394,23.983815201835768,24.591962655448082,80077200
1999-01-22,23.75577163696289,24.361543813705442,23.603734698486328,23.66074855041504,82160000
1999-01-25,24.61097526550293,24.829528327706235,24.19287375520095,24.582468344345976,103076400
1999-01-26,26.08384132385254,26.11234825426112,25.010080278462617,25.162117240641724,120203200
1999-01-27,25.63721466064453,26.52092887985874,25.61821005377971,26.226357473454005,98048000
1999-01-28,26.454439163208008,26.46394147612583,25.81778419771414,26.112355898166527,78838400
1999-01-29,26.606468200683594,26.625472820826943,25.979315735953197,26.568458960396907,79571600
1999-02-01,26.292896270751953,26.74900722882788,25.969817675448173,26.672988735815228,81729200
1999-02-02,25.485191345214844,26.23587371518948,25.27614055863963,26.22637140670879,91965600
1999-02-03,25.361663818359375,25.827276979505722,25.238133796014424,25.295147652481322,73749200
1999-02-04,24.18338394165039,25.5992284238924,24.154877005766323,25.561219176046976,89151600
1999-02-05,24.32590103149414,24.572960963845254,23.546712014079095,24.363910251855852,127945200
1999-02-08,25.124101638793945,25.17161317744522,24.57296779043916,24.715502406392986,109866800
1999-02-09,24.33540153503418,25.352148104440136,24.28789001309932,25.07658127721796,77293600
1999-02-10,24.420934677124023,24.991073229897346,24.116860782311583,24.306906966569358,73694000
1999-02-11,24.744007110595703,24.915048634401664,24.38291944922756,24.744007110595703,60366000
1999-02-12,23.983829498291016,24.88654891284634,23.888806402022034,24.5824750047856,62930400
1999-02-16,23.75577163696289,24.30690553894043,23.499209303283692,24.287900921630857,73666800
1999-02-17,22.80553436279297,23.432686557769774,22.577479019165036,23.25214274406433,101215600
1999-02-18,22.15938377380371,23.014591552381038,21.890943554416936,22.948075391825025,117035200
1999-02-19,22.46345329284668,22.691508656225835,22.15937947500781,22.415941758809357,73085600
1999-02-22,22.62498664855957,22.653493561598495,22.007336866049542,22.539465909442796,92514400
1999-02-23,23.63224220275879,23.660749129420743,22.881559800660703,23.25214984726609,95106800
1999-02-24,23.242645263671875,24.23088529123601,23.22364064775718,23.784276817240677,67696800
1999-02-25,23.337665557861328,23.375674785154263,22.748522534820854,23.166624035043128,70817200
1999-02-26,22.82454490661621,23.185632627869925,22.72952182207576,23.166628010961833,59273200
1999-03-01,23.07159996032715,23.195129943640268,22.729516929613897,22.7390192360226,58332000
1999-03-02,22.586986541748047,23.43269196968897,22.444451919061372,23.090608875240957,58569600
1999-03-03,22.748523712158203,22.910062936513544,22.35892911224238,22.653500639008,76798400
1999-03-04,23.147615432739258,23.337661536456327,22.52046329047292,22.976573939393894,61696400
1999-03-05,23.55622673034668,23.62274290102535,23.28065973753504,23.52771980005582,47302800
1999-03-08,24.17388343811035,24.20951711063115,23.565735427088708,23.641753928466414,46726000
1999-03-09,24.60147476196289,25.048083226162294,24.287898606248415,24.306903221746264,90129600
1999-03-10,24.534954071044922,24.705995578898836,24.202373361328974,24.677488660923185,53114800
1999-03-11,24.544471740722656,25.019587337716903,24.221393134766572,24.477955557143463,62948400
1999-03-12,24.35442352294922,24.744018280827063,23.84129871989059,24.72501365849156,73395200
1999-03-15,25.219125747680664,25.238130363918554,24.00283030845567,24.41142955757032,60609600
1999-03-16,25.703746795654297,25.846281435925945,24.972068975593157,25.162115162622026,68554000
1999-03-17,25.40917205810547,25.760757460554945,25.352158209059606,25.703743611509083,44919600
1999-03-18,26.216856002807617,26.235860610276127,25.266625629382187,25.304634844319207,56231200
1999-03-19,26.026809692382812,26.473417963847577,25.827261315770897,26.435408749254833,91980400
1999-03-22,26.273880004882812,26.59695845702242,26.150350008476494,26.292884619714556,55719200
1999-03-23,25.323657989501953,26.473437583021553,25.27614643605073,26.25488443714593,69581200
1999-03-24,26.036325454711914,26.121846231752937,24.801025341897112,25.390168472624172,82634400
1999-03-25,27.357139587402344,27.376144199828467,26.226365148048096,26.311885903965646,109447600
1999-03-26,27.08158302307129,27.42366617704693,26.72049524943034,27.20511305089583,94687600
1999-03-29,28.088815689086914,28.164834134794862,26.720483666343842,27.404649677715376,79777000
1999-03-30,28.278858184814453,28.43089505677582,28.050802876872403,28.392885838785478,67502400
1999-03-31,27.25261878967285,28.772988038748043,27.10058186476533,28.734978807521163,58752600
1999-04-01,28.18385124206543,28.240865101624564,27.447422222759943,27.7467449854454,41106000
1999-04-05,28.868009567260742,28.8917653355024,28.43090343161427,28.677963421327494,39848600
1999-04-06,28.601959228515625,29.07707483031821,28.35489911557828,28.944042461813485,39674800
1999-04-07,28.373905181884766,28.887030057913492,27.746752555627435,28.849020807837288,46910200
1999-04-08,28.753990173339844,28.772994793414757,27.670726829069938,28.35489315176672,38637000
1999-04-09,28.65896987915039,28.887025342379708,28.27887744043487,28.658969879150394,31816800
1999-04-12,28.278858184814453,28.468904274766164,27.784738350940007,27.860756786920692,37858800
1999-04-13,27.404664993286133,28.316886851592468,27.119595662565406,28.316886851592468,46746800
1999-04-14,26.112356185913086,27.708744773698164,26.112356185913086,27.61372164347286,52944000
1999-04-15,27.02457046508789,27.328644394371583,25.504200818669446,26.549454950582128,72594600
1999-04-16,26.34039306640625,27.10057757048724,26.112337715181955,27.081572957885214,44774000
1999-04-19,24.629981994628906,26.796508188600892,24.43993583726294,26.416415873868964,75389000
1999-04-20,25.276147842407227,25.542212556537827,24.325916720512218,25.010083128276623,108459400
1999-04-21,24.93406105041504,25.08609800803952,24.325913219917112,24.972070289821158,92732800
1999-04-22,25.827274322509766,25.92229740684571,25.35215890083004,25.846278939376955,55096400
1999-04-23,26.150344848632812,26.4544186259425,25.238123516703762,25.84627107132313,56592000
1999-04-26,26.75849723815918,27.04356645589525,26.378404947844416,26.511437249454584,48349800
1999-04-27,25.542203903198242,26.986554719152906,25.52319928719884,26.986554719152906,58665800
1999-04-28,24.972063064575195,26.302386058882853,24.848533072246628,25.941298388999346,55963400
1999-04-29,24.953062057495117,25.447182098237594,24.449439708276824,25.048085142253285,60880600
1999-04-30,24.72500228881836,25.46618221907502,24.287896176102894,25.16210840153383,58558600
1999-05-03,24.28790283203125,24.782022920945813,23.88880583713872,24.763018302141408,67180000
1999-05-04,23.736772537231445,24.877049840861456,23.64174942859561,24.477952784590954,66502200
1999-05-05,24.059837341308594,24.287892671557962,23.24263907458168,24.05983734130859,67028200
1999-05-06,23.69875717163086,24.66799262933188,23.56572485390719,24.534960311608213,74021000
1999-05-07,24.040849685668945,24.439946795075304,23.717771073292365,24.211891303985958,48011600
1999-05-10,24.23089027404785,24.477950331744022,23.793784018123848,24.287904133516196,46218000
1999-05-11,24.28790283203125,24.634737125211664,24.154870500400406,24.553967495292937,42786200
1999-05-12,24.477954864501953,24.62999185123799,24.09786239766186,24.55397335786997,60142600
1999-05-13,24.059837341308594,24.858030997181388,24.05983734130859,24.667984888640248,51737200
1999-05-14,23.37567138671875,24.306897320010798,23.299652943184707,23.98381893499111,84401000
1999-05-17,24.059837341308594,24.192869617287393,23.41368057226871,23.527708237393394,66850200
1999-05-18,23.92681312561035,24.401928557016436,23.698757718535433,24.268896236222734,63858400
1999-05-19,24.116859436035156,24.287900992319095,23.489707062994054,24.287900992319095,46510800
1999-05-20,23.850793838500977,24.325909253610554,23.831789221896592,24.19287693737987,42386200
1999-05-21,23.584728240966797,24.02183440498149,23.413686698526263,23.869797478367683,56568800
1999-05-24,23.489713668823242,23.67975989591728,23.128625837344565,23.67975989591728,38990000
1999-05-25,23.185638427734375,24.09786026751409,23.14762918441022,23.337675401030996,50791600
1999-05-26,23.869800567626953,23.869800567626953,22.957578889883248,23.470703583614082,52022800
1999-05-27,23.831777572631836,24.154855896981708,23.565713070226057,23.79376835800244,56702200
1999-05-28,24.534954071044922,24.591967906996224,23.75576497971042,23.945811099548102,41548000
1999-06-01,23.869800567626953,24.553966825934733,23.850795949340625,24.515957589362078,36046400
1999-06-02,23.850793838500977,23.907807688314126,23.18563225734756,23.736766138874675,42812600
1999-06-03,23.223649978637695,24.002839544205735,23.147631484435934,23.831797932251774,32934400
1999-06-04,24.19287872314453,24.2308879591589,23.337670912821274,23.394684766842825,35668200
1999-06-07,24.401933670043945,24.648993746142523,24.078855108991963,24.30691056385219,32392200
1999-06-08,24.135860443115234,24.972063482089304,24.021832755982405,24.287897359292337,41516400
1999-06-09,25.02907371520996,25.124096774113568,24.325903079323275,24.363912302884717,53310800
1999-06-10,24.28790283203125,25.029082965403095,24.04084278757397,24.89605063377225,35277400
1999-06-11,23.75577163696289,24.477947094726563,23.584730081176758,24.32591015625,34543000
1999-06-14,23.584728240966797,24.230885179075475,23.546719009313346,23.94581594167459,28369800
1999-06-15,23.62274169921875,23.983829464532636,23.31866779158601,23.73676941458103,36981000
1999-06-16,24.629981994628906,24.82002815199487,24.002829675321223,24.040838906794416,48325200
1999-06-17,25.20013999938965,25.23814926032387,24.477964041639417,24.53497793304075,44475200
1999-06-18,25.846282958984375,25.84628295898437,24.97207044713637,25.02908430660472,69116200
1999-06-21,27.0435791015625,27.06258372496486,25.808278580408906,25.808278580408906,56194400
1999-06-22,26.30238914489746,26.891532254356868,26.226370679160762,26.891532254356868,38751000
1999-06-23,26.150344848632812,26.568446292433627,25.865275682404985,26.13134023755096,33942000
1999-06-24,25.732254028320312,26.226374120444632,25.54220783904173,26.074337169021767,33559000
1999-06-25,25.827274322509766,26.2833851273223,25.656232770705063,25.96030664058009,24933000
1999-06-28,26.37841796875,26.39742259264679,25.827283875742975,25.998325490814118,31701000
1999-06-29,26.75849723815918,26.777501852674916,26.15034957365556,26.35940033332868,38973200
1999-06-30,27.423662185668945,27.44266680256823,26.378408256208242,26.68248212659681,57610200
1999-07-01,27.727746963500977,27.822770085377265,26.87253886661438,27.328649851620565,47737800
1999-07-02,27.97480583190918,28.012815078963403,27.46168099667715,27.632722608421158,32094800
1999-07-06,27.233610153198242,28.259859244805156,27.138587089160566,28.050808503922266,45419400
1999-07-07,28.069812774658203,28.0698127746582,27.32863288419668,27.385646721924488,33834600
1999-07-08,28.14583396911621,28.278866270118108,27.575695536250926,27.917778595970095,37790400
1999-07-09,28.35487174987793,28.373876355608413,28.05079805819023,28.088807269651195,33884200
1999-07-12,28.639972686767578,28.811014328559818,28.088838507659244,28.335898656914704,43847800
1999-07-13,28.468902587890625,28.601934842974227,28.22184268559251,28.31686572493794,30845000
1999-07-14,28.868009567260742,28.887014181854067,28.126829598121066,28.506921889987566,37985200
1999-07-15,28.69696044921875,28.963024983185015,28.506914353528558,28.88700654490894,40926200
1999-07-16,30.236347198486328,30.369379524312475,28.887019322249664,29.039056266050977,115369800
1999-07-19,29.91326904296875,30.635444534476257,29.742227479190657,30.407389116105467,81181600
1999-07-20,28.373905181884766,29.41915955898032,28.06983118127515,29.324136433789814,92287400
1999-07-21,28.792001724243164,28.98204794024477,28.27887694103883,28.468923157040436,54050800
1999-07-22,27.689716339111328,28.7349698728458,27.366637974138857,28.696960653437273,60904200
1999-07-23,27.44268035888672,27.898791389782346,27.27163872230086,27.84177751092039,68833200
1999-07-26,26.64447593688965,27.309637604358365,26.64447593688965,27.024568318300343,50885000
1999-07-27,27.005556106567383,27.290625312477662,26.758496128111805,27.005556106567383,65513000
1999-07-28,27.366640090942383,27.518676980336508,26.87252020041148,27.11958014567693,62215200
1999-07-29,26.435422897338867,27.005561421364867,26.245376722663533,26.9675521864298,57968200
1999-07-30,26.093338012695312,26.948545740715186,25.998314931804213,26.644471881863677,51127400
1999-08-02,25.78927230834961,26.435429462722407,25.656239953037563,26.055337018973706,48050600
1999-08-03,25.7702579498291,26.169354864981322,25.65623025978561,26.112341019959576,55051200
1999-08-04,25.827274322509766,26.511440529728567,25.7702604719082,25.884288173111333,75573400
1999-08-05,26.07433319091797,26.26437935120163,25.770259334464114,25.960305494747775,76634000
1999-08-06,25.884281158447266,26.28337800450262,25.8272673232965,26.16935033420109,67205800
1999-08-09,25.485191345214844,26.093339087979107,25.44718211129208,26.036325237094957,39333600
1999-08-10,25.219125747680664,25.561208839962692,24.820028806684963,25.409171910059566,62743000
1999-08-11,25.59922218322754,25.75125913754515,25.029083604536506,25.542208325358438,66105200
1999-08-12,24.858030319213867,25.599210122309692,24.820021098542284,25.52319168096653,61062000
1999-08-13,25.75125503540039,26.03632427933471,25.162111931269457,25.219125780056324,65099800
1999-08-16,25.63721466064453,26.11708098398128,25.029067240970235,25.86526994302239,57321800
1999-08-17,25.7132511138916,25.998320416706363,25.219130989012676,25.979315796518712,51749000
1999-08-18,25.846282958984375,26.207370735617243,25.561213661642633,25.67524138057933,58361200
1999-08-19,25.485191345214844,25.884288301403892,25.27614055863963,25.71324674875144,71478200
1999-08-20,25.3521671295166,25.779771147818042,25.257144014338504,25.542213359872797,46072800
1999-08-23,26.283382415771484,26.34039626049116,25.50419320460255,25.637225508948468,60447000
1999-08-24,28.031803131103516,28.43089998924126,26.473424923137085,26.473424923137085,120450000
1999-08-25,28.982040405273438,29.191091188524588,28.335883438860783,28.46891575547515,81877600
1999-08-26,28.77299690246582,29.30512630356823,28.487927580446677,29.00105236008114,61246000
1999-08-27,28.35487174987793,28.925009921792366,28.088807269651195,28.906005316061886,41948400
1999-08-30,28.050811767578125,28.411899452933127,27.841761002372596,28.240857917764966,33300800
1999-08-31,28.14583396911621,28.316875498975794,27.40465400639134,27.917778595970095,46882800
1999-09-01,28.088815689086914,28.411894083345693,27.86076035196307,28.069811077659924,36607200
1999-09-02,27.917770385742188,28.14582569182041,27.57568742662486,27.822747341542932,33340800
1999-09-03,29.153076171875,29.32411768787688,28.43090088208931,28.5069193336457,52098000
1999-09-07,28.65896987915039,29.40015013464566,28.506932903664183,28.849016098508155,47028000
1999-09-08,28.050811767578125,28.791991753306814,27.99379792252207,28.487917913007863,42568200
1999-09-09,28.601959228515625,28.625715008605752,27.913041605901874,28.107839002640937,38475200
1999-09-10,28.887025833129883,28.982048944423074,28.582951876991675,28.90603045538852,34455000
1999-09-13,28.544919967651367,28.829989075184503,28.39288311030036,28.734966039340122,27870800
1999-09-14,28.906021118164062,29.058058047122188,28.468914947409445,28.48791956352921,40207800
1999-09-15,28.164844512939453,29.115075434428636,28.08882603922032,29.0390569607095,48413800
1999-09-16,28.582950592041016,28.601955213445297,27.556701036209756,28.24086740676393,45796000
1999-09-17,29.324115753173828,29.343120364809067,28.525922064493788,28.69696356921094,79773400
1999-09-20,29.666213989257812,29.761237096206106,28.88702451228179,29.191098454516336,48601800
1999-09-21,28.77299690246582,29.362140167972058,28.62095993072228,29.362140167972058,47082800
1999-09-22,29.210092544555664,29.381134075395615,28.487917192120328,28.81099563926245,48531600
1999-09-23,27.727746963500977,29.457167781649424,27.371410256464895,29.457167781649424,71073600
1999-09-24,27.6517276763916,27.784760043219602,27.02457508991674,27.423672190400744,70277000
1999-09-27,27.803754806518555,28.259865616741692,27.63271325268488,27.974796360352233,34132200
1999-09-28,28.012819290161133,28.183860927618017,27.081592597340308,27.746754520783753,46000600
1999-09-29,27.21462059020996,28.01281476953176,27.100592850306846,27.84177315967709,37484400
1999-09-30,27.537691116333008,27.879774235790563,27.005561819399038,27.366649556604234,47455400
1999-10-01,27.361888885498047,27.556686149659434,26.853515537564675,27.42365387169556,44239000
1999-10-04,28.14583396911621,28.164838583545052,27.442663235249025,27.518681692964396,29998000
1999-10-05,27.917770385742188,28.5449224774573,27.214599858667675,28.202839518339967,43397000
1999-10-06,28.487926483154297,28.58294958683393,27.9938063440202,28.069824826963906,35500200
1999-10-07,28.50693130493164,28.906028343200685,28.183852750142417,28.487926684061687,46036400
1999-10-08,28.868009567260742,28.944028025634044,28.012801910561116,28.43090343161427,35697000
1999-10-11,28.677974700927734,28.88702554367804,28.62096083472311,28.772997811268784,19943800
1999-10-12,28.14583396911621,28.677963173123807,28.08882012582968,28.582940100979595,27668600
1999-10-13,27.689716339111328,28.316868459352012,27.46166102266017,27.974785484675277,38098400
1999-10-14,27.575695037841797,28.046059236454195,27.271621212476212,27.632708880097848,42737800
1999-10-15,26.777511596679688,27.309640996755647,26.549456139504272,27.214617889599225,73788000
1999-10-18,26.72049331665039,26.758502553231686,25.865285493571253,26.51144251545327,75312800
1999-10-19,26.245389938354492,27.138607409102256,25.922311278722326,26.834533376507274,69945600
1999-10-20,28.050811767578125,28.088820997615493,27.442664086980223,27.841761002372596,88090600
1999-10-21,28.29787254333496,28.316877158877833,27.51868330607725,27.53768792162012,60801200
1999-10-22,28.18385124206543,28.544939019273283,27.89878194426976,28.449915920008056,43650600
1999-10-25,28.107824325561523,28.44990738023367,27.708727428444018,27.974792026522355,30492200
1999-10-26,28.088815689086914,28.963027814728317,28.055557619089686,28.6969632547505,52467600
1999-10-27,27.632715225219727,27.86077064661081,27.27162747468384,27.822761409712296,54416600
1999-10-28,27.32863998413086,27.63271386434372,27.157598426511125,27.366649219157466,70570400
1999-10-29,28.14583396911621,28.582940100979595,27.74673706611051,27.80375090939704,79452600
1999-11-01,28.088815689086914,28.639949420469538,28.012797243378966,28.35488024906473,53261200
1999-11-02,28.14583396911621,28.734977016410337,27.95578782482778,28.202847812402737,46349000
1999-11-03,27.97480583190918,28.43091679655987,27.82276884369228,28.25987518481586,44517000
1999-11-04,27.89878273010254,28.20285665631619,27.461676461170413,28.069824313597717,54239400
1999-11-05,27.84177017211914,28.24086721895498,27.518691610394892,27.91778865723073,70167400
1999-11-08,27.347640991210938,27.594700986267046,25.6562302558268,25.78926256085701,243819200
1999-11-09,27.02457046508789,27.328644394371583,26.2833902624589,27.29063515321112,109769800
1999-11-10,26.492441177368164,27.100589037967723,26.283390350287068,26.796515107667943,69385400
1999-11-11,27.25261878967285,27.49967879264757,26.83451724617717,26.83451724617717,69274600
1999-11-12,27.119583129882812,27.366643102334443,26.473426278855474,27.290624649272406,49414200
1999-11-15,26.454439163208008,26.91055018326332,26.435434537372373,26.83453167992077,47080400
1999-11-16,26.54944610595703,26.682478405700554,26.11233997822832,26.435418420462586,59165200
1999-11-17,25.846282958984375,26.4734354131362,25.84628295898437,26.28338921490837,66819000
1999-11-18,25.827274322509766,26.09333895865041,25.69424200443944,25.827274322509766,64493200
1999-11-19,26.150344848632812,26.32138634836951,25.656224960504577,25.67522957158643,58226000
1999-11-22,27.309640884399414,27.480682476577282,26.891539214631297,27.252627020340125,90596600
1999-11-23,27.25261878967285,27.78474802684917,26.87252647740405,27.13859109599221,70787400
1999-11-24,27.879779815673828,28.05082140963502,27.214618061380317,27.23362268293156,53771000
1999-11-26,27.708736419677734,28.3929027510278,27.670727179047173,27.86077338219997,28514200
1999-11-29,27.423662185668945,27.993800692647508,27.214611399776803,27.404657568769657,51460200
1999-11-30,27.68497657775879,28.240861640329197,27.23361691156914,27.290630764140463,64145600
1999-12-01,28.335880279541016,28.56393565402424,27.632709541551066,27.68972338517187,48864200
1999-12-02,28.83000373840332,28.963036056246974,28.24086061652428,28.297874467028702,55473800
1999-12-03,29.22909164428711,29.533165419520266,29.110312825836658,29.13406858952675,64100600
1999-12-06,29.020050048828125,29.552179322807948,28.810999262621767,28.963036198044573,49098200
1999-12-07,28.278858184814453,28.848996454669585,28.24084896682411,28.810987236679242,56859200
1999-12-08,27.89878273010254,28.67797216602502,27.879778109714184,28.31688437864631,40955800
1999-12-09,28.202848434448242,28.37388996808034,27.803751522640013,27.974793056272112,46258200
1999-12-10,28.544919967651367,28.62093839632687,28.0508001812606,28.39288311030036,36836000
1999-12-13,29.381147384643555,29.476170500376554,28.202860749554354,28.464174317820106,52691600
1999-12-14,30.008302688598633,30.749483058994674,28.982052944973347,29.248117693320644,144116200
1999-12-15,32.9730110168457,33.06803410334958,29.95127686602238,29.970281483323156,155571600
1999-12-16,34.56941604614258,34.9685132077528,33.125064413648445,33.22008754736516,128660200
1999-12-17,35.044525146484375,35.614663841926095,34.550404943768214,35.46262685647497,105898800
1999-12-20,34.28432846069336,34.96849466057416,33.80921304410948,34.911480810584095,39433800
1999-12-21,35.23454284667969,35.462598140185705,33.63815579213757,34.17028481031827,57446000
1999-12-22,35.747676849365234,35.880709139607426,35.006496946587326,35.362833438307476,38565200
1999-12-23,35.70967483520508,36.260808720367905,35.5006240511778,35.65266098501582,31028400
1999-12-27,36.22280502319336,36.26081426246218,35.310583280741476,36.0137542072148,32202200
1999-12-28,35.72868728637695,36.127784325214144,35.595654940097894,36.108779704317136,24591000
1999-12-29,35.861698150634766,35.9947304172243,35.51961517940454,35.55762439843012,17449200
1999-12-30,35.766685485839844,36.46985624193765,35.61464856560248,35.842703945958526,22360000
1999-12-31,35.50062561035156,35.80469949138241,35.34858866983613,35.72868102112469,12517600
2000-01-03,35.44362258911133,36.07077516039319,34.05628508294236,35.690682692949636,53228400
2000-01-04,34.24632263183594,35.614655167625166,34.13229492052017,34.53139191012536,54119000
2000-01-05,34.607398986816406,35.386588090857856,33.25807151396415,33.79020065818757,64059600
2000-01-06,33.44813537597656,34.62642196308483,32.954015194286,34.11329715902155,54976600
2000-01-07,33.885215759277344,34.13227566105559,32.63091164255704,33.030008406968044,62013600
2000-01-10,34.13228988647461,34.56939604871788,33.866225265978706,34.49337758571905,44963600
2000-01-11,33.2580680847168,34.74042769077846,33.04901737104143,33.904224836077006,46743600
2000-01-12,32.17481994628906,33.10604627668963,31.756718328558193,32.99201856276303,66532400
2000-01-13,32.782955169677734,33.0300151216811,30.86348938872849,31.737701526586562,83144000
2000-01-14,34.13228988647461,34.64541451171671,32.15580984850503,32.592916010748304,73416400
2000-01-18,35.06351852416992,35.42460624880907,33.98025535025248,33.99925996733875,81483600
2000-01-19,32.5359001159668,33.90423236383456,32.231826283107296,33.60015853097506,97568200
2000-01-20,32.231834411621094,33.3531069530631,32.19382517292814,32.55491294051116,56349800
2000-01-21,31.547658920288086,32.61191729350262,31.395622009828866,32.53589883827301,68416200
2000-01-24,30.787473678588867,32.13680122869986,30.654441384915952,31.56191167389905,63597600
2000-01-25,31.262582778930664,31.5856611419956,30.274343080143797,30.711449100761065,59823200
2000-01-26,30.217327117919922,31.47163126243735,30.14130868491886,31.148552922182862,49365000
2000-01-27,30.027305603027344,30.768485931203333,29.57119463184212,30.374139987366107,63654800
2000-01-28,29.875263214111328,30.483411065798073,29.571189288267956,29.837253973380907,58225400
2000-01-31,29.76123809814453,29.856261208291862,28.849016240730137,29.685219610026664,73194200
2000-02-01,31.30059814453125,31.395621211150953,29.704210625320183,29.95127059853142,70196600
2000-02-02,30.654457092285156,31.604688248276634,30.559433976686005,31.148577293400724,49915600
2000-02-03,31.509654998779297,31.680696551848666,30.44539644634767,31.034539573586606,49186000
2000-02-04,32.40287399291992,32.839980211006235,31.66644503853538,31.737712356701625,55365400
2000-02-07,32.42188262939453,32.49790111152676,31.699707049138382,32.478896490993705,40005800
2000-02-08,33.429107666015625,33.448112275262936,32.36484954816635,32.36484954816635,56229000
2000-02-09,31.623682022094727,33.27708366627876,31.585672788895092,33.27708366627876,55090000
2000-02-10,32.231834411621094,32.402875985739364,31.16757572821851,31.59042850867757,54527800
2000-02-11,30.388381958007812,31.889746670129522,30.141321942089046,31.889746670129522,115559000
2000-02-14,30.293367385864258,30.939524532112305,30.122325788328013,30.78273640103741,81028600
2000-02-15,29.97028923034668,30.40739554125218,29.8372568748537,30.33137705239905,71027600
2000-02-16,29.685211181640625,30.46440046361711,29.533174248572045,30.179331214113517,65202600
2000-02-17,30.293367385864258,30.312372007812733,29.537933663412502,29.951284190791764,80343400
2000-02-18,28.906021118164062,30.42639040774534,28.849007269804762,30.407385791625575,79063000
2000-02-22,28.525936126708984,29.533181039910566,28.221862190648128,28.925033167788857,66296200
2000-02-23,28.65896987915039,29.11508080560902,27.993808111398227,28.43091441592108,75847200
2000-02-24,28.811004638671875,29.15308780720492,27.974801337813325,28.658967674879413,69733200
2000-02-25,27.765750885009766,28.796751559555815,27.51869081553329,28.792000404373574,65301400
2000-02-28,27.84177017211914,28.012811763620213,26.796516001834803,27.442673125283303,76131800
2000-02-29,27.176586151123047,27.898761167726313,27.024549305522356,27.898761167726313,58437400
2000-03-01,27.613706588745117,28.611448912151253,27.043568118227324,27.25261889075051,106889800
2000-03-02,28.392894744873047,29.00104242347809,27.70872860644237,27.917779370962855,106932600
2000-03-03,29.22909164428711,30.06529452617829,28.54492565001251,28.810990203341518,101435200
2000-03-06,27.55668067932129,29.609178274746597,27.404643820400896,29.191076912715516,93609400
2000-03-07,28.240875244140625,29.647217618344126,27.95580584396424,29.22911583141876,135061000
2000-03-08,29.058059692382812,29.248105864340843,27.670722637089195,28.52593041090033,94290000
2000-03-09,30.40738296508789,30.40738296508789,28.8870138168335,28.982036888599396,88198800
2000-03-10,30.711475372314453,31.167586392695362,30.255364351933547,30.27436897778275,85589000
2000-03-13,29.799236297607422,30.483402437093307,29.64719937772167,29.68520860769311,61831800
2000-03-14,28.925029754638672,30.179334592881872,28.925029754638672,29.989288405269267,73489200
2000-03-15,29.00103187561035,29.381124036496463,28.4879074584141,28.753971971034378,53208000
2000-03-16,29.00103187561035,29.400128644540768,28.354875202103962,29.1720733480091,77300800
2000-03-17,30.217327117919922,30.25533633442045,28.73496767439932,28.963022973402488,81161600
2000-03-20,29.609207153320312,30.331382937547634,29.343142390710245,30.02730892313613,47773000
2000-03-21,31.243581771850586,31.35760944255077,29.343120593514175,29.419139040647632,81648800
2000-03-22,31.395605087280273,32.11778002270197,30.749448566113486,31.26257286233417,93975800
2000-03-23,34.018253326416016,34.3223270991661,32.42186601947806,32.4788798518687,148224000
2000-03-24,33.96123504638672,34.96847928671044,33.31507836391489,34.24630417100664,112196800
2000-03-27,31.642684936523438,32.91599418021537,31.604675705368454,32.76870840948981,111434000
2000-03-28,31.718706130981445,32.66893699170588,31.1295629973323,31.50965534162207,81114400
2000-03-29,32.59291076660156,33.12503992197465,31.965758547768996,31.98476316046089,64363800
2000-03-30,31.433639526367188,33.03002750715004,31.167574862903376,32.28884737321514,64178400
2000-03-31,32.3078498840332,32.915997646556185,31.66169288635254,32.231831413717835,64281400
2000-04-03,27.632715225219727,29.343130885652858,27.366650566930126,28.715978476827374,260118200
2000-04-04,26.929533004760742,27.974786579398597,25.827265598779004,27.84175430626287,181244400
2000-04-05,26.26438331604004,26.91054035854754,26.112346364861807,26.83452188295842,82887600
2000-04-06,26.150344848632812,26.75849240325218,25.927040668421014,26.720483181088472,66421400
2000-04-07,27.08158302307129,27.176606121397857,25.846282744825935,26.454430574115957,82613600
2000-04-10,26.169347763061523,26.948536766899956,26.150343153211804,26.948536766899956,60685400
2000-04-11,25.504186630249023,26.16934798051632,25.3901589702032,25.884278830401765,71961800
2000-04-12,24.135860443115234,25.010072711133578,23.945814297893854,24.972063482089304,153003800
2000-04-13,24.097856521606445,25.010078219585235,24.021838046774878,24.591976608011624,94316200
2000-04-14,22.53947639465332,24.17387350252869,22.273411749185236,24.05984579732808,151217800
2000-04-17,23.07159996032715,23.109609185961954,22.197387770726614,22.577480027074674,119772200
2000-04-18,24.4969425201416,24.91504394406954,23.071596756750896,23.261642858536323,91794600
2000-04-19,23.92681312561035,24.7820209021413,23.755771570304162,24.763016284885058,53715400
2000-04-20,24.002832412719727,24.28790168127934,23.565726200928314,23.907809323199853,52387400
2000-04-24,20.258920669555664,20.677022221835422,19.764800653225038,20.448966829682828,313645800
2000-04-25,21.095125198364258,21.133134432955906,20.562995914081196,20.90507902540602,159517400
2000-04-26,20.677021026611328,21.627251772319568,20.48697487746968,21.285168703864603,107091200
2000-04-27,21.22815704345703,21.266166277196437,20.486976985538657,20.50598160240836,77669800
2000-04-28,21.209150314331055,21.589242613871036,20.753039554883074,21.51322415396304,78082600
2000-05-01,22.330427169799805,22.501468739611038,21.798297841498194,22.15938559998857,107811000
2000-05-02,21.247156143188477,22.34942363541113,21.133128471579234,22.140372904127524,97716200
2000-05-03,21.456205368041992,21.53222381044427,20.92407627122607,21.399191536240288,55354800
2000-05-04,21.4182071685791,21.66526723352278,21.076124001734005,21.380197927818536,43317200
2000-05-05,21.62725257873535,21.836303350586043,21.247160266279543,21.361187960016288,36402200
2000-05-08,21.22815704345703,21.703272465199582,21.19014780971763,21.57024014711167,36187600
2000-05-09,20.620014190673828,21.418208288377333,20.524991083804363,21.34218980288176,60778400
2000-05-10,20.125883102416992,20.6390076007789,19.992850825063908,20.600998378678018,67740000
2000-05-11,20.63901138305664,20.715029841189445,19.992854488927794,20.258919092392613,58390800
2000-05-12,20.9240779876709,21.209147170064234,20.753036478234897,20.810050314713564,37886000
2000-05-15,21.095125198364258,21.114129815660082,20.677023617856136,20.981097494589314,33899600
2000-05-16,21.13314437866211,21.47522765097858,21.00011199498348,21.152149004901915,48410600
2000-05-17,20.582000732421875,21.01910693449547,20.44896841005165,20.943088464569627,53242000
2000-05-18,20.125883102416992,20.696021433930223,20.030860047164786,20.696021433930223,53640400
2000-05-19,19.7838134765625,20.049878211117612,19.612771861491353,19.87883659604647,66578000
2000-05-22,19.517745971679688,19.840824532067764,18.98561657809933,19.80281528966917,69955000
2000-05-23,19.213674545288086,19.935850245308803,19.175665297918574,19.422725405820398,57963200
2000-05-24,19.93584442138672,20.23991831151273,19.15665507793881,19.194664314204562,85482400
2000-05-25,18.70054054260254,19.688780489975844,18.586512856367158,19.631766646858154,94348800
2000-05-26,18.681541442871094,19.042629222540015,18.35846290316732,18.87158764269684,55822000
2000-05-30,19.270671844482422,19.498727132582808,18.852570482965053,18.98560273435694,68536400
2000-05-31,19.023622512817383,19.370456789399718,18.871585569658002,19.351452171504796,54968200
2000-06-01,19.631772994995117,20.068879266906915,19.403717548780264,19.574759133441404,94507200
2000-06-02,20.163904190063477,20.29693654570009,19.764807123153645,20.06888107889447,80463200
2000-06-05,20.33493995666504,20.791050759431357,20.06887532171802,20.073626475913503,64400000
2000-06-06,21.171138763427734,21.24715721500198,20.620004989514445,20.734032666875816,99019000
2000-06-07,21.437196731567383,21.51321515969351,20.41094795186469,21.057104590936756,76310600
2000-06-08,20.9240779876709,21.931322432127352,20.753036478234897,21.76028092269135,94765600
2000-06-09,20.9240779876709,21.19014255790468,20.772041090394453,21.171137945745123,35710200
2000-06-12,20.33493995666504,20.981096927250658,20.1829030224096,20.981096927250658,49260600
2000-06-13,20.63901138305664,20.677020612123044,20.106882176127,20.296928321459017,44289200
2000-06-14,21.437196731567383,21.589233587819635,21.133123019062882,21.228146054220538,79992400
2000-06-15,22.007343292236328,22.10236636344633,21.47521409346032,21.53222793618632,65592600
2000-06-16,22.064361572265625,22.235403134841327,21.741283065178187,22.083366190329592,68710600
2000-06-19,22.40644073486328,22.444449964269328,21.89331613788168,22.06435767020888,46604800
2000-06-20,22.78653335571289,22.881556430590756,22.425445671176988,22.463454901128134,62275000
2000-06-21,24.534954071044922,24.991064758655362,23.39467735201882,23.41368196400259,160399600
2000-06-22,24.28790283203125,24.934059871381066,24.116861262791595,24.744013683337002,87315200
2000-06-23,23.62274169921875,24.34491722984652,23.41369088772124,24.306907991392425,49811600
2000-06-26,24.17388343811035,24.363929691554617,23.565735427088708,23.565735427088708,48287000
2000-06-27,23.964824676513672,24.36392167747068,23.831792342861338,24.09785701016601,31071200
2000-06-28,24.002832412719727,24.344915534991266,23.907809323199853,24.0218370306237,37459200
2000-06-29,23.470705032348633,24.0028343772116,23.43269579342985,23.79378356315829,38449000
2000-06-30,24.32590103149414,24.32590103149414,23.31865669190884,23.432684352993967,52356400
2000-07-03,24.32590103149414,24.344905641674995,24.135854929685593,24.230877980589867,15734800
2000-07-05,23.869800567626953,24.287902169926152,23.793782094481646,24.287902169926152,34824400
2000-07-06,24.61097526550293,24.839030634758554,23.869795315422145,23.98382300004996,47873200
2000-07-07,24.93406105041504,25.20012572625788,24.49695479724465,24.71075676890408,54153200
2000-07-10,24.15486717224121,24.72500565781732,24.13586255605534,24.534959495958617,52689800
2000-07-11,24.059837341308594,24.477938780099105,23.86979123276745,23.96481428703802,37164800
2000-07-12,24.420934677124023,24.629985479807573,23.47070375583515,23.793782269073365,58370200
2000-07-13,24.306903839111328,24.32590845509187,23.527714583909166,23.9648207514616,80843200
2000-07-14,24.002832412719727,24.249892445471392,23.850795469487927,24.173873973855496,51180600
2000-07-17,23.774776458740234,24.192878043146536,23.56572566653708,23.793781076213246,53992800
2000-07-18,23.869800567626953,24.17387446020819,23.546722056759393,23.603735911618372,70617200
2000-07-19,22.23539924621582,23.5657222780407,22.140376172514042,23.128616139012525,139924600
2000-07-20,22.748523712158203,22.881556014568485,22.235399117147114,22.330422190297316,54690600
2000-07-21,21.988338470458984,22.80553687515193,21.8553061720206,22.729518418901424,56100600
2000-07-24,21.456205368041992,21.93132063305621,21.285163872636875,21.91231602245564,56165600
2000-07-25,20.98110008239746,21.58924791087275,20.79105388599893,21.53223405195319,64188600
2000-07-26,20.620014190673828,21.13313896776894,20.448972598308792,21.000106618151687,85404600
2000-07-27,21.095125198364258,21.323180605914143,20.524986679489547,20.639014383264488,74337600
2000-07-28,21.190153121948242,21.836310257505406,21.171148500314207,21.570245554628926,75645600
2000-07-31,21.22815704345703,21.627253997720775,21.057115491629716,21.342184744675244,70283800
2000-08-01,20.88607406616211,21.304175639825047,20.73403713028468,21.26616640585569,47163600
2000-08-02,21.095125198364258,21.41820369239326,20.829060556222725,20.84806517351855,48269200
2000-08-03,21.361190795898438,21.399200032190073,20.715033778940658,20.734038397086472,54543400
2000-08-04,21.019107818603516,21.247163237973535,20.73403854439099,21.11413091000769,38107400
2000-08-07,21.285167694091797,21.627250746318275,21.20914923804147,21.342181536129544,52741800
2000-08-08,22.53947639465332,22.710517952454232,21.285171637446645,21.304176254980078,138038800
2000-08-09,22.577476501464844,22.76752259996202,22.235393524169922,22.4254396226671,63945600
2000-08-10,22.08336639404297,22.5204726135464,21.817301738693054,22.444454140589283,48986000
2000-08-11,22.026351928710938,22.102370399560673,21.779291898449294,22.026351928710938,35629600
2000-08-14,21.950326919555664,22.311414548535367,21.70326696288534,21.98833614365879,53427000
2000-08-15,21.7792911529541,22.19739272831622,21.74128191883027,21.89331885532559,40714200
2000-08-16,21.58924102783203,21.96933329944879,21.456208732766164,21.85530561796376,44976200
2000-08-17,21.760286331176758,21.893318649358623,21.456212461046775,21.62725401299489,36112800
2000-08-18,21.58924102783203,21.722273322897898,21.28516721053862,21.627250254993708,54438800
2000-08-21,21.47521209716797,21.532225934594077,21.30417058488964,21.494216709643336,34119600
2000-08-22,21.665266036987305,22.026353804270425,21.35168981803091,21.53223370167247,54428200
2000-08-23,21.513229370117188,21.627257087626642,21.399201652607733,21.532233989702096,36726800
2000-08-24,21.62725257873535,21.646257194358142,21.266164881902334,21.47521565375303,42405400
2000-08-25,21.47521209716797,21.798290509249256,21.456207484692598,21.494216709643336,52729400
2000-08-28,21.68427085876465,21.931330912370207,21.323183088110373,21.342187707618493,56421600
2000-08-29,21.570241928100586,22.121375862827385,21.55123730966173,21.646260401856004,59400200
2000-08-30,21.285167694091797,21.570236904280527,21.19014462402889,21.4942184482302,53498800
2000-08-31,21.22815704345703,21.893318633896598,21.19014780971763,21.551235530241964,72575400
2000-09-01,21.342178344726562,21.47521062292165,21.190141455360745,21.28516451121438,37629800
2000-09-05,21.323171615600586,21.494213099148183,21.228148569185255,21.28516239703445,50755200
2000-09-06,21.11412811279297,21.49422042805477,21.07611888126679,21.30417427042387,62960800
2000-09-07,21.304180145263672,21.91232801738538,21.114133935225638,21.285175524259866,111711200
2000-09-08,21.076122283935547,21.551237754718585,21.0381130462729,21.399200804068013,56709600
2000-09-11,20.9240779876709,21.19014255790468,20.69602264175623,21.019101048468677,48495200
2000-09-12,20.715030670166016,21.07611836074689,20.562993747816172,20.905076823103318,46781200
2000-09-13,20.7530460357666,20.905083003061595,20.42996748026474,20.543995205735985,40744800
2000-09-14,20.011869430541992,20.905086774545293,19.973860181861003,20.886082150204796,78503000
2000-09-15,19.517745971679688,19.954852259263557,19.251681274889506,19.897838395665662,99915200
2000-09-18,19.156660079956055,19.650780280431114,18.90959997971853,19.536752541859947,69037800
2000-09-19,19.764801025390625,19.99285642183744,19.270680999755857,19.34669946523813,79311200
2000-09-20,19.536746978759766,19.764802390963187,19.21366847813825,19.72679315559595,67791400
2000-09-21,19.517745971679688,19.80281528966917,19.327699759686702,19.460732108081793,48952200
2000-09-22,19.23267364501953,19.30869211792475,18.548507388872594,18.5865166253252,84476600
2000-09-25,18.624521255493164,19.30868734242965,18.37746127965499,19.232668888325595,53484200
2000-09-26,19.061626434326172,20.030861676749538,18.377460380850856,18.52949728162315,155704800
2000-09-27,18.43447494506836,19.32769177230363,18.187414971577752,19.289682545612767,106155600
2000-09-28,18.643531799316406,18.814573375456924,18.434480984033552,18.491494842747056,52360400
2000-09-29,18.33945083618164,18.643524632429212,17.826326305013865,18.548501571101845,74053600
2000-10-02,17.97836685180664,18.491491487111904,17.712302226092802,18.39646840649982,58562400
2000-10-03,17.19917869567871,18.187418797529862,17.18017407833542,18.111400328156698,85374000
2000-10-04,16.85709571838379,17.19917883330026,16.5720264559534,17.14216498081418,136453400
2000-10-05,16.838090896606445,17.40822941455023,16.80008166207686,16.87610013113603,81099400
2000-10-06,16.895109176635742,17.2561969993085,16.648049087438594,16.97112766561948,61794000
2000-10-09,16.477005004882812,16.952120489452675,16.115917236609718,16.914111250687085,58323600
2000-10-10,16.591039657592773,16.895113694845335,16.362984129653356,16.400993384309924,62066200
2000-10-11,16.952116012573242,17.313203685486798,16.419986810384845,16.419986810384845,101205800
2000-10-12,16.53401756286621,17.294202278400288,16.362976001871044,17.12316071740512,90219600
2000-10-13,16.343969345092773,16.686052424408672,15.849849341636482,16.381978576127874,104521200
2000-10-16,15.317728042602539,16.362982437569215,15.070667912883144,16.267959310754062,119759000
2000-10-17,15.336726188659668,15.94487394335249,15.279712336657214,15.773832387345134,81276600
2000-10-18,15.735821723937988,16.191932498544887,14.72857709668109,15.089664793244884,110536400
2000-10-19,18.814573287963867,18.909596385377828,17.636286880030777,17.76931921641032,256993200
2000-10-20,19.821823120117188,20.106892484260772,18.58652254216166,18.643536414990376,160378600
2000-10-23,18.890586853027344,20.144891412685094,18.453480718601156,19.650771434638102,185170400
2000-10-24,18.70054054260254,19.1376466731715,18.301443640778704,19.042623601308684,94427400
2000-10-25,18.624521255493164,19.289682728903635,18.37746127965499,18.833572004279315,167603800
2000-10-26,19.593759536743164,19.78380570101807,18.49149178394869,18.548505633231162,114826600
2000-10-27,20.582000732421875,21.03811155197693,19.650774475830303,19.669779093311764,124292400
2000-10-30,21.00010871887207,21.323187314547027,20.486983890447142,20.52499313699714,110057600
2000-10-31,20.94308853149414,21.133134706916046,20.67702388590347,20.98109776657852,104474000
2000-11-01,21.171138763427734,21.304171053682666,20.810051118450062,20.829055731343622,81309400
2000-11-02,21.380199432373047,21.5417387169732,21.171148593478733,21.39920405409071,77985200
2000-11-03,20.7530460357666,21.171147695827834,20.69603217303098,21.057119970356588,68711000
2000-11-06,21.13314437866211,21.32319064106015,20.75305185386603,20.886084237544658,74851400
2000-11-07,21.437196731567383,21.855298086261072,21.133123019062882,21.209141447189005,104331200
2000-11-08,21.11412811279297,22.0073450536582,20.6770219502419,21.6272527383964,206149400
2000-11-09,21.55123519897461,21.684267515017662,20.810055152449028,20.829059769026607,91058600
2000-11-10,20.486984252929688,21.380201562658534,20.31594264042842,21.26617382099102,93744400
2000-11-13,20.201906204223633,20.715030820887826,19.5842562026834,20.27792466595166,83364800
2000-11-14,20.9240779876709,21.22815178222379,20.467967295841557,20.677018029596674,84218600
2000-11-15,21.304180145263672,21.551240218313115,20.886078483179997,21.000106209202816,60422200
2000-11-16,20.962095260620117,21.741284658340355,20.962095260620117,21.114132216272846,92128600
2000-11-17,21.00010871887207,21.28517806799703,20.615265097553376,21.114136458522054,106525600
2000-11-20,20.429962158203125,20.82905909338663,19.93584214321403,20.715031397619914,80157200
2000-11-21,20.60099983215332,21.05711052954417,20.48697215780561,20.48697215780561,59487600
2000-11-22,20.7530460357666,21.133138454004083,20.06887968293913,20.087884303851006,76343200
2000-11-24,21.266172409057617,21.418209387853384,20.829066095019794,20.981103073815557,34439200
2000-11-27,21.494226455688477,21.969341983002547,21.475221834595914,21.72228190879923,85307600
2000-11-28,20.372941970825195,21.209144812911305,20.31592814068296,21.095117152626834,127446200
2000-11-29,19.7838134765625,20.4109660651567,19.232679383555475,20.315942945672727,98280400
2000-11-30,17.446237564086914,18.871583770303165,17.332209867589615,18.85257915422028,197200800
2000-12-01,17.218191146850586,18.434487210204267,17.047149512941473,17.655297544618314,109809800
2000-12-04,17.161169052124023,17.94035834463464,16.78107671431397,17.40822907170056,80407200
2000-12-05,18.2064266204834,18.396472827377796,17.712306482557963,17.99737579289956,101734400
2000-12-06,17.237186431884766,18.263435679207564,17.047140274973138,18.2444310635164,90560800
2000-12-07,16.1539249420166,16.419989588120405,15.8878602959128,16.248948029910817,145308400
2000-12-08,16.55302619934082,16.99013251688943,16.248952239307005,16.610040066847162,120939800
2000-12-11,17.655284881591797,17.864335617541755,16.724058875996537,16.87609577486923,95576200
2000-12-12,17.75031280517578,18.24443286185091,17.256192748500652,17.579271247095928,63106000
2000-12-13,17.408226013183594,18.396465917862137,17.27519371832302,18.396465917862137,98360400
2000-12-14,16.876096725463867,17.859585470444447,16.838087498604715,17.61727664921735,71201400
2000-12-15,14.956634521484375,15.811842340374842,14.51952830294036,15.522021912861963,116899800
2000-12-18,14.538525581359863,15.203686882467832,14.291465669519761,14.899613144818476,107187400
2000-12-19,13.626309394836426,14.59554479112186,13.531286316769226,14.424503250600901,120271800
2000-12-20,12.619065284729004,13.379249940435571,12.581056051943676,13.018162228974951,149037800
2000-12-21,13.208206176757812,13.721330733264951,12.257975516559409,12.391007808987185,163173000
2000-12-22,14.120437622070312,14.329488515532994,13.607312701752816,13.607312701752816,109551800
2000-12-26,14.25346565246582,14.76659041595459,13.94939171854655,14.25346565246582,66941600
2000-12-27,14.120437622070312,14.234465382140867,13.68333120846652,14.025414488678182,69003800
2000-12-28,13.550292015075684,14.063416677638156,13.341241226624305,13.721333569263173,77619200
2000-12-29,13.189208984375,13.930389316349963,13.075181240994235,13.360250599446145,99977600
2001-01-02,13.189208984375,13.683329205691642,13.037171993200648,13.417264471136527,82413200
2001-01-03,14.5765380859375,14.861607279273958,13.113182893477022,13.132187506366119,135962200
2001-01-04,14.728575706481934,15.355727962370842,14.25346036111155,14.53852956833378,112397000
2001-01-05,14.937631607055664,15.165687051438193,14.462516097925395,14.747585403403555,93414600
2001-01-08,14.880619049072266,15.12767913545533,14.196452656011472,14.880619049072266,79817600
2001-01-09,15.754827499389648,16.00188752048985,15.127675138135297,15.203693606166127,114965400
2001-01-10,16.077909469604492,16.36297878644145,15.431752351440718,15.507770835930573,90230200
2001-01-11,16.72406768798828,16.95212315646085,15.90686892596158,16.115919772061435,101854800
2001-01-12,16.2679500579834,16.724060807272654,15.963876225123897,16.686051578165216,73712000
2001-01-16,15.98288631439209,16.26795563034439,15.545780029931903,16.229946388217414,68462400
2001-01-17,16.096912384033203,16.686055576364996,15.98288466938834,16.305963194215455,72844200
2001-01-18,16.876096725463867,17.085147473189206,16.001884507703352,16.324962936006152,109788800
2001-01-19,18.548507690429688,18.681540020176623,17.902350660230294,18.24443379386527,209348800
2001-01-22,18.28244400024414,18.548508673844367,17.94036084847242,18.472490195672872,76673000
2001-01-23,18.415477752685547,18.529505478708366,17.921357606586657,18.1684176796361,70295200
2001-01-24,19.137657165527344,19.28969416386321,18.47249529780792,18.548513796975858,110455000
2001-01-25,18.795557022094727,19.460718291835185,18.719538591267245,19.08062613769778,85657400
2001-01-26,19.460729598999023,19.555752692744136,18.548507899045944,18.548507899045944,93080000
2001-01-29,19.612770080566406,19.65077932490859,19.308696125828945,19.327700748000034,84983800
2001-01-30,19.270671844482422,19.68877320599979,19.118634985748834,19.612754776632997,57276800
2001-01-31,18.567508697509766,19.384707135578264,18.548504082670966,19.156651757512638,81898800
2001-02-01,18.966604232788086,19.042622686626917,18.358456602077446,18.491488896295397,71792800
2001-02-02,18.491498947143555,19.270688522511374,18.4724943233541,19.004623789458947,71100000
2001-02-05,18.833580017089844,18.871589260313034,18.3204552335768,18.472492206469553,51399200
2001-02-06,19.023622512817383,19.40371487071583,18.75755786228847,18.871585569658002,96442000
2001-02-07,19.669780731201172,19.783808445584945,18.795568254258896,18.852582111450786,126061800
2001-02-08,18.928590774536133,19.612756706145873,18.852572337690606,19.384701395609294,88041200
2001-02-09,17.97836685180664,18.71954688058091,17.78832069058247,18.643528416091243,100575200
2001-02-12,17.864343643188477,18.073394473055576,17.389228120763253,17.883348264085488,71289400
2001-02-13,17.693296432495117,18.567508715948154,17.674291817637442,18.130402574221634,76070600
2001-02-14,17.75031280517578,17.94035898082006,17.142165043114083,17.522257394402644,61728400
2001-02-15,17.883342742919922,18.301444273572674,17.598273517474865,17.94035658800893,65627800
2001-02-16,17.427234649658203,17.712303918736584,17.06614690882559,17.332211559965412,66958400
2001-02-20,16.99012565612793,17.712301019587507,16.83808873750486,17.446236411997138,60730800
2001-02-21,17.104156494140625,17.65529042561849,16.781077982584634,16.80008260091146,63947200
2001-02-22,16.78108024597168,17.275200389114673,16.381983207279262,17.123163421993752,100816400
2001-02-23,17.256195068359375,17.484250509791437,16.515014883705174,16.55302412394385,92620600
2001-02-26,18.11140251159668,18.225430229403162,17.446240824392184,17.52225930292984,87936800
2001-02-27,18.05438995361328,18.60552396272358,17.84058796732049,18.05438995361328,99148600
2001-02-28,17.94035530090332,18.268184886645464,17.693295323242577,18.11139682389922,84608400
2001-03-01,18.04962921142578,18.092389585972462,17.104149818671445,17.807320422327937,81781600
2001-03-02,17.237186431884766,17.674292592781512,17.161167969120115,17.484246435869885,79800800
2001-03-05,17.46525001525879,17.826337882821267,17.19918527073907,17.408236141433136,49383600
2001-03-06,18.073396682739258,18.244438291724173,17.750318087989978,17.826336580872162,66781800
2001-03-07,18.453481674194336,18.58651398286515,18.03538013265749,18.20642167237711,59743600
2001-03-08,18.016382217407227,18.424981603139564,17.769322123708605,18.339460801474658,54626000
2001-03-09,17.237186431884766,17.693297208472675,16.686052576841043,17.617278745708024,103794400
2001-03-12,15.79283618927002,16.724062390562715,15.697813107505459,16.629039308798156,114376000
2001-03-13,16.477005004882812,16.64804657932796,15.811843326485004,15.868857184633388,91035600
2001-03-14,16.419984817504883,16.800077058650828,15.86885106784326,15.963874128129746,90686200
2001-03-15,16.324966430664062,17.05189304995731,16.267952578170476,16.819086485608494,71638400
2001-03-16,16.591039657592773,16.76208130354734,15.9591357989273,15.96388695575937,112848800
2001-03-19,16.515010833740234,16.876098527458378,16.153923140022094,16.572024680116783,61036400
2001-03-20,16.020893096923828,17.06614709494377,16.00188847877801,16.591031641298343,91822800
2001-03-21,15.222698211669922,16.191933678330553,15.127675126703194,15.887859806437023,124988600
2001-03-22,16.419984817504883,16.43898942956218,15.355726542296232,15.37473115435353,126363200
2001-03-23,17.19917869567871,17.33221101708175,16.53401708866351,16.705058644753134,99519600
2001-03-26,17.047138214111328,17.484244322165463,16.89510130696206,17.370216641803516,63118600
2001-03-27,17.712303161621094,17.807326247252107,16.990127710825384,17.047141562203993,95135600
2001-03-28,16.895109176635742,17.617284821981254,16.83809530989794,17.446243221767844,78681600
2001-03-29,16.838090896606445,17.389224797285436,16.59103087216414,16.838090896606445,86985000
2001-03-30,16.6290340423584,17.08514469037737,16.381974108014788,16.952112418038503,91201600
2001-04-02,16.971128463745117,17.313211680259577,16.610040624090963,16.66705449351004,75924000
2001-04-03,16.229942321777344,16.819085427134603,16.039896158758875,16.819085427134603,94187600
2001-04-04,15.79283618927002,16.724062390562715,15.526771560329248,16.229942365387,104046600
2001-04-05,17.256195068359375,17.44624126955276,16.267954822153772,16.343973302631124,113364000
2001-04-06,17.08515167236328,17.389225561971525,16.743068546554007,17.142165526664826,92622000
2001-04-09,17.37782096862793,17.45991988726425,16.92475042234586,17.201457579084003,56295600
2001-04-10,18.147125244140625,18.271795461014282,17.56938453573127,17.621077687090832,109199400
2001-04-11,18.256603240966797,18.70055100264144,18.153218034554182,18.442088566585035,109879600
2001-04-12,18.907310485839844,18.946840407780694,18.04678100638289,18.110637391041056,87520000
2001-04-16,18.48465347290039,18.724872142860423,18.28092334776026,18.670138745655606,65857400
2001-04-17,18.694461822509766,18.886028689844068,18.256595857124,18.402551178919257,85149200
2001-04-18,19.895557403564453,20.1631416277536,19.156657658236476,19.275246305766892,156696400
2001-04-19,20.68918800354004,20.98109866307309,19.992858508652983,20.011102199905142,159375600
2001-04-20,20.98110008239746,21.619654838316542,20.829063125278637,21.37639709886634,192919600
2001-04-23,20.7530460357666,20.8199426725604,20.34254668805012,20.710475870516003,92171200
2001-04-24,20.540185928344727,21.263880730500368,20.415514557944103,20.737832040600985,89176600
2001-04-25,21.19091033935547,21.22131726466666,20.448969298284027,20.54627285121965,76744000
2001-04-26,21.020627975463867,21.589247006430963,20.753043777308637,21.306458185240874,118737600
2001-04-27,20.409440994262695,21.187869435555278,20.132732631831498,21.14225788659522,121572400
2001-04-30,20.60099983215332,20.99933576550699,20.57971475907104,20.838177023612726,74368200
2001-05-01,21.336856842041016,21.376387918650966,20.555387310852943,20.573633315403253,83702800
2001-05-02,21.212188720703125,21.63485111279,21.08751735042622,21.589239579276526,92864400
2001-05-03,20.838191986083984,21.33991457744617,20.71960330520391,21.05712564921662,66273400
2001-05-04,21.513229370117188,21.60445247208469,20.664862873458862,20.677026108381185,119538400
2001-05-07,21.704784393310547,21.938922490239268,21.49801414143135,21.537545215403025,109356200
2001-05-08,21.91156578063965,21.923729015743152,21.51322969057436,21.81730360846234,75084000
2001-05-09,21.40679931640625,21.68046624298816,21.242599160457104,21.66222023461647,76676600
2001-05-10,21.285167694091797,21.662218586529658,21.273004462735845,21.628770280275578,64334600
2001-05-11,21.10272979736328,21.285173679205073,20.874674365086083,21.27301044442898,51128800
2001-05-14,20.895957946777344,21.041912113819286,20.768247470640727,21.020627034463182,44968000
2001-05-15,20.759117126464844,21.0723150864827,20.677018221927444,20.902032182417884,61385600
2001-05-16,21.029739379882812,21.24867050739374,20.473283921033946,20.585789711581572,91893800
2001-05-17,20.728715896606445,21.327741812944602,20.540191575253044,21.011504698536147,106984800
2001-05-18,20.704395294189453,21.041917583065263,20.448974275526822,20.58276756334073,90605400
2001-05-21,20.917240142822266,21.282127830029285,20.601003064623153,20.69222614637458,103491600
2001-05-22,21.379432678222656,21.391595911194916,21.0358300463794,21.117928969067794,83455600
2001-05-23,21.193950653076172,21.771691547529144,21.136178187560756,21.403762393879052,93637400
2001-05-24,21.808183670043945,21.82642736434535,21.063201114102124,21.266932420034838,80781600
2001-05-25,21.5618839263916,21.86291647361428,21.394642333545654,21.789939378508787,52747600
2001-05-29,21.3885555267334,21.817300809503315,21.30037614337039,21.52843155252896,71210800
2001-05-30,21.03887367248535,21.461536203656827,20.874673489743238,21.151379529621813,86501800
2001-05-31,21.03583335876465,21.400721125791158,20.798656078207433,21.130095529268196,70682600
2001-06-01,21.3885555267334,21.49802230872148,20.889874550965292,21.163541505935495,57587600
2001-06-04,21.52234649658203,21.59532357021259,21.22435542598265,21.45241081099006,43736600
2001-06-05,22.075767517089844,22.221724028629797,21.437212708890147,21.51627258263679,89454200
2001-06-06,22.002782821655273,22.343346351020095,21.756483758395458,22.163941582548695,80022800
2001-06-07,22.404163360595703,22.419367982412616,21.917645621148914,21.92980885462253,66960000
2001-06-08,22.255165100097656,22.425445708192086,21.90852110796297,22.410241088226815,51867000
2001-06-11,21.929813385009766,22.151786062035832,21.74432809604275,22.151786062035832,47345600
2001-06-12,21.917644500732422,22.017989431835506,21.531469397359746,21.59532462990731,66714600
2001-06-13,21.494983673095703,21.98454281353945,21.479779050885796,21.908524342289173,55302400
2001-06-14,20.950687408447266,21.452409693303323,20.79865049303023,21.352064772352268,71972400
2001-06-15,20.683103561401367,20.768246193489556,20.190505378052748,20.528027558443217,108354400
2001-06-18,20.336467742919922,20.664868210944995,20.071924854705657,20.661826821453896,56846800
2001-06-19,20.470252990722656,20.935485644164153,20.327337899555758,20.74087855148143,63457400
2001-06-20,21.105770111083984,21.160501184939147,20.403357837913237,20.415521072069843,64108400
2001-06-21,21.236522674560547,21.452417211627562,20.956775208927287,21.02671323528562,69603800
2001-06-22,20.92940330505371,21.47065437789037,20.85338484381487,21.28516914687565,51092000
2001-06-25,20.935489654541016,21.22740034948316,20.60708925276861,21.01150813717907,49215600
2001-06-26,21.32774543762207,21.34903052009874,20.58580430003533,20.622294007095334,63077000
2001-06-27,21.631811141967773,21.75039974493008,21.09056011923743,21.242597027640297,69199800
2001-06-28,22.118330001831055,23.15522288774018,21.446327108104583,21.756483717454795,128975600
2001-06-29,22.1973934173584,22.322064822706338,21.710875669451017,22.07576340040665,94283800
2001-07-02,21.46761131286621,22.243000484890423,21.330779021285068,21.90851974554829,72810200
2001-07-03,21.428089141845703,21.52843409048088,21.26388894950629,21.37639713311844,28037400
2001-07-05,20.83210563659668,21.504108744886896,20.810820554249023,21.352071779575084,49242600
2001-07-06,20.087120056152344,20.798654151821033,19.9685314268575,20.76824722736844,67467800
2001-07-09,19.9746036529541,20.345573967065473,19.776955268562162,20.129679581719948,66476600
2001-07-10,19.60668182373047,20.144891488788474,19.56715074060186,20.03846611094076,66562600
2001-07-11,20.220916748046875,20.29693523206209,19.521545767146897,19.524587156079512,73822600
2001-07-12,21.771682739257812,21.90851733568677,21.385510049564836,21.49801586629879,128078000
2001-07-13,21.692623138427734,21.893312954058082,21.570995477935433,21.710869143420712,58934600
2001-07-16,21.643970489501953,21.941963797258953,21.33077488557185,21.72606938455308,55990800
2001-07-17,21.83858871459961,21.896363501431583,21.327744439174477,21.485864175798863,63241000
2001-07-18,21.458492279052734,21.74128106259293,21.245641504301815,21.46761412369928,57590800
2001-07-19,22.0666446685791,22.197396549268046,21.656145333360296,21.656145333360296,76549400
2001-07-20,21.03583335876465,21.10272999069614,20.65878235685061,20.686147895422668,124203600
2001-07-23,20.400318145751953,21.0540775366585,20.175304094893384,21.0540775366585,79999400
2001-07-24,20.16617774963379,20.673980525138663,19.97765112643765,20.372948061562038,67530200
2001-07-25,20.518903732299805,20.53106464438152,19.950284816659064,20.147933276526647,74065400
2001-07-26,20.24828338623047,20.470258392342313,19.916843891511583,20.409444529793937,77974000
2001-07-27,19.90772819519043,20.144905580272134,19.780017652438872,20.08409169893355,65396000
2001-07-30,20.0080623626709,20.3364603920926,19.929002503782517,19.962450816393,42196400
2001-07-31,20.126651763916016,20.49153950835163,20.02326543372278,20.071918370260704,59031600
2001-08-01,20.2117919921875,20.315176002016738,19.995899807044356,20.31213693342154,55679000
2001-08-02,20.50977897644043,20.537146827582628,20.147932695021034,20.436801906559936,54198400
2001-08-03,20.339496612548828,20.482411671954022,20.06887111193436,20.46416798603813,43260400
2001-08-06,20.108402252197266,20.409437024845754,19.97156995182926,20.230032252468437,27831600
2001-08-07,20.175296783447266,20.388149841900624,20.06583002650532,20.081034644930224,31347800
2001-08-08,19.72223472595215,20.44592982365986,19.609726539879556,20.223957160200314,54996400
2001-08-09,19.767833709716797,19.93203380124841,19.551941641193316,19.758711869059223,45536200
2001-08-10,19.922914505004883,20.02630080412951,19.126242627751655,19.69485915329059,51756400
2001-08-13,20.017179489135742,20.065830092436986,19.688779217230866,19.837774734708443,32675400
2001-08-14,19.67053985595703,20.096241428063728,19.597560455110536,19.99285742338055,36481200
2001-08-15,19.21746826171875,19.780005600963875,19.21746826171875,19.676619281798,39503000
2001-08-16,19.649246215820312,19.676611739289417,19.065424022877867,19.10799416153996,43905600
2001-08-17,18.81608772277832,19.50025263660841,18.700539349976335,19.39382726688917,52234200
2001-08-20,19.0654239654541,19.080627420652018,18.57890527947588,18.74918699356065,48371200
2001-08-21,18.481611251831055,19.217470692249087,18.46032617164891,19.065433742405265,47111800
2001-08-22,18.44512367248535,18.59412040149591,17.964687489048114,18.588038783990385,78107200
2001-08-23,17.976839065551758,18.70965672772472,17.940350541778002,18.448153127456074,51813200
2001-08-24,18.8677921295166,18.937729012774565,18.01030351224899,18.122810571407424,63399000
2001-08-27,18.946842193603516,19.26611950718929,18.721827032058005,18.822171960300512,44562800
2001-08-28,18.469449996948242,19.14145306668868,18.420798217237394,18.955967794056722,47422800
2001-08-29,18.32044792175293,18.639725205411818,18.104555784797352,18.56370674930496,48170000
2001-08-30,17.3139591217041,18.14104010312423,17.186248701899164,17.952514700576753,97632000
2001-08-31,17.347415924072266,17.65453121549561,17.119360496954883,17.286600911517652,57900800
2001-09-04,17.05854606628418,17.964687348362524,17.049424220072293,17.389986678065206,67189200
2001-09-05,17.55722427368164,17.75487157643279,16.842650043874574,17.082868659169492,89470600
2001-09-06,17.034215927124023,17.754870572302334,16.99772739267122,17.198416072086047,112356800
2001-09-07,16.84569549560547,17.44168009559268,16.818328796629018,17.061587698669722,89863800
2001-09-10,17.508567810058594,17.62107477745261,16.632835048845983,16.699730487863025,84471800
2001-09-17,16.08854866027832,16.754470028136225,16.05510034847705,16.42607084670965,127502000
2001-09-18,16.517297744750977,16.724068134482405,16.1676122197772,16.240590482014817,83182600
2001-09-19,16.380456924438477,16.63283876053221,15.386135359498029,16.559860530833536,126950200
2001-09-20,15.434792518615723,15.99732999755733,15.407425817910994,15.918270124432556,117983200
2001-09-21,15.115513801574707,15.386139396130918,14.443510738246383,14.57122122378755,184976600
2001-09-24,15.8148775100708,15.948670721752006,15.164159776728667,15.401338124731952,85580200
2001-09-25,15.598993301391602,16.11591924501414,15.252349186241796,15.893945402154179,84940600
2001-09-26,15.28580093383789,15.751033807448001,15.066867270985924,15.662852064360369,58524400
2001-09-27,15.191527366638184,15.410460882426095,14.595542973603914,15.23409751471927,81191200
2001-09-28,15.559464454650879,15.687176124950208,14.893542879365526,15.088150034154847,116641200
2001-10-01,15.747987747192383,15.963879940379059,15.328365435402164,15.489524233140122,69999600
2001-10-02,16.13111686706543,16.28315378600092,15.678047498209471,15.699332574064469,80860800
2001-10-03,17.098073959350586,17.31092590517624,15.93347161396631,15.957796920945071,97199200
2001-10-04,17.161930084228516,17.757915795406777,17.09199322811037,17.307885413512015,101778000
2001-10-05,17.551143646240234,17.6362839562243,16.70581752302091,17.07678800500816,80844400
2001-10-08,17.64845085144043,17.833936130925636,17.25315498169079,17.27139867478772,60605800
2001-10-09,16.590267181396484,17.50552882202827,16.477759038633653,17.48424374852168,99477600
2001-10-10,16.87913703918457,16.952115265503554,16.115912270344186,16.29835609621732,86349200
2001-10-11,17.125429153442383,17.28354760243818,16.599381838872198,16.955147479150984,83742600
2001-10-12,17.143686294555664,17.222744995815553,16.587230517405875,16.936915955937693,63307000
2001-10-15,17.65453338623047,17.78832550234128,16.98252909680222,16.99773372177279,68437000
2001-10-16,17.773113250732422,17.91298691569137,17.396061240898018,17.596749895823738,66169000
2001-10-17,17.037267684936523,18.031589911289494,17.022064215288083,17.976856492594806,73710600
2001-10-18,17.256195068359375,17.50857698032017,16.876102665972603,17.13152480677451,78348000
2001-10-19,17.605880737304688,17.639327894726776,16.915632787740275,17.45384377466803,91219600
2001-10-22,18.293073654174805,18.299155267338303,17.475115822844568,17.60586760598701,72323600
2001-10-23,18.375186920166016,18.682301066343456,18.06199115644695,18.387350155249266,80325000
2001-10-24,18.645814895629883,18.737036850471693,18.128888938259497,18.396474344418888,79141400
2001-10-25,19.022863388061523,19.03502546236311,18.113681926888606,18.429919057727002,75318200
2001-10-26,18.91339683532715,19.348222605659668,18.87690829206809,18.949885378586206,64509400
2001-10-29,18.134963989257812,18.913393452574358,18.10455706863867,18.882985372005546,55129400
2001-10-30,17.90386962890625,18.104558334898197,17.69405791813075,17.91603170203474,57395600
2001-10-31,17.68189811706543,18.466408192222705,17.666693493789015,18.03158241337491,64700000
2001-11-01,18.803922653198242,18.928592856942377,18.122796873751405,18.268753309307414,109671200
2001-11-02,18.670141220092773,19.16274070027259,18.399514426957175,18.831300044360535,83360000
2001-11-05,19.238746643066406,19.469842186789275,18.776554395671347,18.810002694356744,66401600
2001-11-06,19.69790267944336,19.74655560664274,18.901229555747573,19.065429705196593,68612000
2001-11-07,19.536746978759766,19.780007013069927,19.469850353329488,19.527625133455565,58899000
2001-11-08,19.588436126708984,20.08711703644326,19.35734051974053,19.60059935864144,74227800
2001-11-09,19.828659057617188,19.96245231812409,19.433363213287482,19.564113925223936,48013600
2001-11-12,20.005020141601562,20.202668620645895,19.354302246827555,19.67357841768423,57752800
2001-11-13,20.6466121673584,20.661814465922184,20.25131528631494,20.312131440267276,60159600
2001-11-14,20.05367088317871,20.78040724995401,20.005020270121125,20.74696125842041,88625600
2001-11-15,20.10537338256836,20.388162290686306,19.90164204281422,20.099290603524697,77922000
2001-11-16,19.992855072021484,20.254358761217055,19.74959507094211,20.178340300867163,59249000
2001-11-19,20.23307991027832,20.36383179510487,19.977656598568306,20.144898190753434,56005000
2001-11-20,19.886430740356445,20.616208462185014,19.773922577940983,20.20570689872559,65921800
2001-11-21,19.475929260253906,19.64316847069945,19.302606114264886,19.570191402866833,50785200
2001-11-23,19.676618576049805,19.707025497102286,19.345178032799133,19.57627364866718,15754600
2001-11-26,19.807369232177734,19.980691223633052,19.582355246054867,19.76175769339492,41983600
2001-11-27,19.38166618347168,19.786083768958306,19.080632585294,19.700943468845246,90819000
2001-11-28,19.095840454101562,19.49721906433889,19.07455537415828,19.20834747093748,54536600
2001-11-29,19.71614646911621,19.73439247685993,19.14144826297299,19.19314025846511,54034400
2001-11-30,19.52458381652832,19.789128930816577,19.439443500177973,19.661418456291056,48234200
2001-12-03,19.69486427307129,19.83474029999533,19.399913396945813,19.409036402151617,47211800
2001-12-04,20.068870544433594,20.093197004899565,19.49112986781102,19.764796748305812,51005800
2001-12-05,20.70742416381836,20.728709235838057,19.825609728904453,20.217865187466465,74243000
2001-12-06,20.874664306640625,20.981089659775687,20.540183631116694,20.67093544208226,56026200
2001-12-07,20.625324249267578,20.932437084755268,20.23611019724056,20.753034675107926,42334800
2001-12-10,20.391191482543945,20.813853945216646,20.330377640969203,20.53106517408533,38367400
2001-12-11,20.470252990722656,20.716552084921204,20.394234522646606,20.573639313653842,54334000
2001-12-12,20.661821365356445,20.67094553142035,20.144896643593967,20.421605016703182,47884200
2001-12-13,20.15097999572754,20.750006058815483,20.09016613263137,20.412483782861365,53227800
2001-12-14,20.506744384765625,20.66182040212499,20.047592150080703,20.074957687297157,43000600
2001-12-17,20.975019454956055,21.014548228322788,20.421605028322585,20.424644097112445,57079800
2001-12-18,21.063199996948242,21.102731092371407,20.85947102172103,20.95677458600119,47255200
2001-12-19,21.130088806152344,21.251718796427888,20.81385175939558,20.86554607119458,56996200
2001-12-20,20.299968719482422,21.057111875993314,20.25739857059581,21.026704958202753,78585000
2001-12-21,20.537153244018555,20.6831074293801,20.37295304556185,20.68006836044753,84307600
2001-12-24,20.455045700073242,20.68614246244167,20.43376062458531,20.591880316695004,11701600
2001-12-26,20.57971954345703,21.002382035708138,20.491537843073054,20.500659687957686,29328000
2001-12-27,20.631420135498047,20.892923957280967,20.452017591663513,20.670951239658557,32406600
2001-12-28,20.637489318847656,20.935480339050205,20.585795010531786,20.746956070729926,28787200
2001-12-31,20.1448917388916,20.822977417424312,20.1448917388916,20.62836802707335,43006200
2002-01-02,20.385108947753906,20.40639402212464,19.919876379437017,20.266520344845645,48124000
2002-01-03,21.05103302001953,21.057113476080037,20.400312866379164,20.406395642338968,67590800
2002-01-04,20.950687408447266,21.257802627161457,20.880749406599772,21.057112785259346,52731400
2002-01-07,20.84730339050293,21.291250953917668,20.783448157398702,21.20915203132637,58508800
2002-01-08,21.09665298461914,21.242609523298327,20.67703170575476,20.88684350513719,47736400
2002-01-09,20.892913818359375,21.473695981609612,20.84426320902548,21.200029054421,76304000
2002-01-10,21.06622886657715,21.224348514502626,20.716543592790487,20.822971260389732,50296600
2002-01-11,20.862510681152344,21.38247677716181,20.707432340970644,21.139216726676782,72993200
2002-01-14,20.81993865966797,20.993260676181695,20.597963709445338,20.768246657526934,50997800
2002-01-15,21.148340225219727,21.169625304973103,20.829061709019403,20.877714645541232,60717400
2002-01-16,20.637489318847656,21.23651274677697,20.631406543799226,20.935480339050205,61955400
2002-01-17,21.242599487304688,21.285169640994727,20.798651941751867,20.838180707349938,78958000
2002-01-18,20.099288940429688,20.631418387596362,19.8925185481632,20.403362910239217,107140400
2002-01-22,19.600595474243164,20.260435016493343,19.536740259176902,20.254354561681765,76837200
2002-01-23,19.38166618347168,19.676617005984607,19.22962927044145,19.475929487132277,80403000
2002-01-24,19.643169403076172,19.81953278528377,19.399910565505035,19.491132484600506,83886000
2002-01-25,19.399919509887695,19.71919695390035,19.311737778127483,19.51850933533255,48981200
2002-01-28,19.405996322631836,19.58235974247497,19.129289118355445,19.530667735938117,41622000
2002-01-29,18.94987678527832,19.612757680291885,18.849533046831883,19.43031388678054,58666000
2002-01-30,19.111040115356445,19.126244735105598,18.648848905712896,18.98941127701064,66100000
2002-01-31,19.372549057006836,19.40295714480759,18.889071480499315,19.17490170607668,69566200
2002-02-01,19.053272247314453,19.612768320211508,18.995498618681868,19.5063429095857,63462200
2002-02-04,18.58500099182129,19.062397038866138,18.472493946071587,18.974216467846187,70308400
2002-02-05,18.5941162109375,18.922515362575023,18.39646774637672,18.48768966850105,66772600
2002-02-06,18.36606216430664,18.81913157985873,18.32045061994513,18.733991267663654,66103000
2002-02-07,18.183616638183594,18.733990743641986,18.168413177138277,18.335653568536216,63314000
2002-02-08,18.44208526611328,18.44512549519151,17.888670777872477,18.280925286166198,61283000
2002-02-11,18.58803367614746,18.62148198326156,18.119759696449282,18.24747014912172,50899600
2002-02-12,18.286998748779297,18.502890875502874,18.250510216363228,18.393425278254668,44973800
2002-02-13,18.797849655151367,18.8160945079465,18.22923174912756,18.323493922027524,54168600
2002-02-14,18.755279541015625,19.153616795127565,18.645812743858148,18.852583102944504,57267000
2002-02-15,18.31436538696289,18.870821014515137,18.305243543871715,18.761354257622923,50179800
2002-02-19,17.919078826904297,18.287008045686996,17.818733861808948,18.21707117302211,52262600
2002-02-20,18.214025497436523,18.353899200941566,17.879543540418204,18.061988560596316,50492000
2002-02-21,17.651487350463867,18.32653169120932,17.63932411766942,18.159291300109693,59398400
2002-02-22,17.63324737548828,17.864343047512154,17.377825232751384,17.65149106857308,71347800
2002-02-25,17.964677810668945,18.210976807225787,17.602829303708752,17.618032759306814,51832200
2002-02-26,17.803525924682617,18.244433294626045,17.605878593294065,17.970766331226724,63276200
2002-02-27,17.75486946105957,18.290040012636897,17.633240633846196,17.961639743266783,65750000
2002-02-28,17.73967170715332,18.15321240454899,17.67885669401574,17.87346380809608,68068000
2002-03-01,18.661014556884766,18.67621801960041,17.894748204527833,17.95556321534026,62115600
2002-03-04,19.24787139892578,19.308686391202933,18.508971968639692,18.62148011033475,74464200
2002-03-05,19.180984497070312,19.424243414608455,18.95596927337877,19.15665802534149,55926400
2002-03-06,19.348220825195312,19.369505903466887,18.910353706580572,19.129287265887942,49835400
2002-03-07,19.071508407592773,19.42423395625593,18.81000476359347,19.360377579036726,58079200
2002-03-08,19.44552230834961,19.673576528498007,19.208343924281888,19.34821877230375,57701800
2002-03-11,19.564115524291992,19.764805431455684,19.156657572026276,19.311734765802782,43718200
2002-03-12,19.01677894592285,19.095837636913057,18.752233860027456,19.010697329700577,66407200
2002-03-13,18.882986068725586,19.16273462053211,18.837375686113997,18.876905612337143,44387400
2002-03-14,18.61540412902832,18.925559639555217,18.563710963965576,18.895151554238943,51819600
2002-03-15,19.0015811920166,19.00766165011531,18.539388659862272,18.548510506960373,69086800
2002-03-18,18.89514923095703,19.153612704591268,18.60932022382769,19.077594240572324,52296800
2002-03-19,18.92251205444336,19.156649014930895,18.700538324099206,18.907308596738865,36376400
2002-03-20,18.274839401245117,18.858661843707388,18.274839401245117,18.67013636622312,55235200
2002-03-21,18.657974243164062,18.7279110992967,18.192741558479607,18.308288802551008,46123400
2002-03-22,18.381267547607422,18.591078121717377,18.31133068957077,18.563711424229133,41341400
2002-03-25,18.010292053222656,18.481606237883863,17.985966751020886,18.390384324715495,47752400
2002-03-26,17.964677810668945,18.524172400353283,17.73054088262097,17.970758264948724,69357200
2002-03-27,18.07415199279785,18.207945249643675,17.815689644718194,17.879544884603774,47318400
2002-03-28,18.33869743347168,18.44208260647227,18.141048933339707,18.229230643241657,43901200
2002-04-01,18.3599796295166,18.366061245790636,18.00117238899651,18.192739241804624,47010000
2002-04-02,17.417348861694336,17.967722919491102,17.365656866626768,17.90994930854212,76509400
2002-04-03,17.12847137451172,17.517685323347585,16.87608965709848,17.465992193296476,76931400
2002-04-04,17.164960861206055,17.32307932683383,16.851764156619694,17.022045848822483,61763800
2002-04-05,16.988609313964844,17.423435105407943,16.97948746769469,17.29876484659943,50166000
2002-04-08,17.399099349975586,17.426466032306642,16.499040219948178,16.511203447639588,73389600
2002-04-09,16.684537887573242,17.462967644022417,16.6632528031346,17.43256071195296,63413000
2002-04-10,17.119361877441406,17.365662176171522,16.742310857107622,16.76055455038024,75636400
2002-04-11,16.66020965576172,17.164972295372856,16.57202794427576,16.994690489739618,58165800
2002-04-12,17.006853103637695,17.107196886188383,16.68149412756902,16.769675835836196,52297600
2002-04-15,16.933876037597656,17.25619480753177,16.845695483138744,17.028139369546768,47388800
2002-04-16,17.57851791381836,17.666698490030075,17.13761039295887,17.149773631039874,51921600
2002-04-17,17.21969985961914,17.721420940666476,17.155843479164435,17.62107718843681,55158600
2002-04-18,17.140640258789062,17.426470381120577,16.01860832310867,17.26835186152112,74794800
2002-04-19,17.393024444580078,17.630201676295133,17.289639289226134,17.466001518977162,104268600
2002-04-22,16.903465270996094,17.240987428153144,16.72406165412657,17.186254042670935,51465200
2002-04-23,16.416950225830078,16.97340485472278,16.207138494322287,16.936916311832242,68281400
2002-04-24,16.121997833251953,16.550741972984135,16.115916216240525,16.374378559502183,61220400
2002-04-25,16.33788299560547,16.556816474123252,16.079420763427017,16.085502377824657,57290400
2002-04-26,15.659798622131348,16.556816445097674,15.647635393357387,16.441268091643703,62776600
2002-04-29,15.884819030761719,16.088547961134722,15.641559013668951,15.650682018277253,70246000
2002-04-30,15.890893936157227,16.207130919948746,15.787508812992668,15.842242181723865,77384000
2002-05-01,16.03989601135254,16.173688091306094,15.40438160166115,15.86049238871383,76413000
2002-05-02,15.571622848510742,16.44127431594083,15.553379158392486,16.006448582225786,79009200
2002-05-03,15.069899559020996,15.714535759252273,15.054694939433539,15.58682414640526,71628000
2002-05-06,14.78407096862793,15.367893391698022,14.708052502495608,15.033411444745965,66299400
2002-05-07,15.042533874511719,15.29187434109979,14.701970324091679,14.954352178780653,88385400
2002-05-08,16.714942932128906,16.714942932128906,15.57466578816777,15.589869251430608,101242000
2002-05-09,15.848321914672852,16.72405455046478,15.781426485236437,16.541610782984836,83288200
2002-05-10,15.21889591217041,16.01556907185403,15.200652223596155,15.972998918581196,64408800
2002-05-13,16.02164649963379,16.08854310011703,15.12767003475943,15.340521905429338,64819000
2002-05-14,16.68757438659668,16.75446984953635,16.413907438366962,16.541619067524085,64832400
2002-05-15,16.648042678833008,17.161927048963058,16.377417147819262,16.568983991101323,70412000
2002-05-16,16.949085235595703,17.03726581385255,16.617644529877868,16.635888227472265,53406400
2002-05-17,17.037267684936523,17.149775912225813,16.806171930409253,17.092001103631212,54646200
2002-05-20,16.423036575317383,16.89131082356235,16.267959342431208,16.876107355232374,52115800
2002-05-21,15.86961555480957,16.60243356730147,15.851371864176043,16.404786239089436,63120000
2002-05-22,16.325727462768555,16.33485046864028,15.766231433881362,15.772313051145883,54169400
2002-05-23,16.66933822631836,16.675419846110405,16.118963814617345,16.328775637616538,51412800
2002-05-24,16.19496726989746,16.57810084104523,16.12807183426079,16.462552492292016,35982000
2002-05-28,15.90914535522461,16.325726247254188,15.735823335914864,16.295319323145385,49602000
2002-05-29,15.827049255371094,16.030779410063527,15.675012276626031,15.7054203683451,45393200
2002-05-30,16.00644874572754,16.225382308981192,15.63851963188721,15.702374867852928,63213000
2002-05-31,15.480405807495117,16.243630963847984,15.471283959554889,16.085513519783362,66468000
2002-06-03,15.027334213256836,15.702378760674632,14.951315724942221,15.504731387026682,88439000
2002-06-04,15.197613716125488,15.57770609946181,14.97259967476233,15.05165838011833,88008400
2002-06-05,15.708455085754395,15.735821778724075,15.304037467368753,15.334444388468537,66969400
2002-06-06,15.781435012817383,15.854412095263235,15.20369417036364,15.65980499547455,78703400
2002-06-07,15.805766105651855,15.994291657583842,15.16112956166006,15.17025141031718,97834400
2002-06-10,16.061174392700195,16.207129644514204,15.647633932585888,15.70540868389403,71825400
2002-06-11,15.985166549682617,16.47472576693508,15.939554995796364,16.18889668777122,74368200
2002-06-12,16.888263702392578,16.961240784577278,15.96387882175446,15.988205289115898,136198600
2002-06-13,16.48687744140625,16.8700098175738,16.48079582782274,16.67540282269827,79771600
2002-06-14,16.800073623657227,16.891295510890856,16.11590772948114,16.16151925307257,109433600
2002-06-17,16.930828094482422,17.16192365596678,16.8365648054832,16.924746479713175,94486600
2002-06-18,17.025096893310547,17.116318824472575,16.830488637561817,16.885222028248993,77518400
2002-06-19,16.529460906982422,17.009897168043032,16.517297670006172,16.866983193397534,81247000
2002-06-20,16.450389862060547,16.754463620397704,16.389576038352583,16.5324899160055,86401200
2002-06-21,15.896985054016113,16.587233030149754,15.896985054016113,16.237548698595276,116820000
2002-06-24,16.468639373779297,16.61459467996357,15.766228375314673,15.839206608381641,104523200
2002-06-25,16.1007137298584,16.7240650119502,16.05510217948221,16.63284307114772,84025200
2002-06-26,16.459522247314453,16.53858095917657,15.52297398092479,15.52297398092479,112131400
2002-06-27,16.69973373413086,16.705815349759952,16.07334240367871,16.602430203964513,95812400
2002-06-28,16.632841110229492,16.964281678698438,16.419989166817825,16.587229565230643,89555600
2002-07-01,16.01253890991211,16.53858686024363,15.988213589871268,16.45648673019877,66473800
2002-07-02,15.641551971435547,16.091580944522853,15.608104836096304,15.927382014846511,82814200
2002-07-03,15.76319408416748,15.969964469125589,15.34053146666344,15.580750172710374,80936600
2002-07-05,16.678455352783203,16.69365997793263,16.131122485955093,16.143285722094618,35673600
2002-07-08,16.09159278869629,16.702782074405878,15.988208759817118,16.544663482081756,63199400
2002-07-09,16.179780960083008,16.641973684927816,16.106803832973604,16.210189063004027,85277200
2002-07-10,15.884819030761719,16.480803520749593,15.851370720413977,16.32572520185547,90673400
2002-07-11,16.08854866027832,16.13720043382114,15.583786074790417,15.824004714136109,129550600
2002-07-12,15.769268035888672,16.33788573809962,15.65371966283607,16.228418980465523,95733800
2002-07-15,15.751028060913086,15.769272912811152,14.59554745288315,15.626357806151038,136965600
2002-07-16,15.583780288696289,16.05509438738894,15.398295108448691,15.602025131981895,97154600
2002-07-17,15.811841011047363,16.207136804333597,15.559459145825922,15.969959560351805,98034800
2002-07-18,15.541219711303711,16.03686057271485,15.4043862023313,15.830090194701002,91053600
2002-07-19,15.069899559020996,15.474317153145703,14.841844184604545,15.164161704745375,112543400
2002-07-22,14.446551322937012,15.200655659765813,13.956993289683155,14.884418506895663,180069800
2002-07-23,13.078215599060059,14.2306557531692,13.066053526788338,14.136393603327601,168061600
2002-07-24,14.057332992553711,14.096862915157624,12.59169722778914,12.695082376172723,202307800
2002-07-25,13.023482322692871,13.89921409284884,12.904892558031525,13.820155409690852,163411400
2002-07-26,13.789746284484863,13.807991129958804,13.281943598263132,13.300188443737072,123538000
2002-07-29,14.671562194824219,14.6867656542279,14.154636455451891,14.245858371823573,112148600
2002-07-30,14.625946998596191,14.8479218581807,14.391811230449642,14.458706667084666,122690600
2002-07-31,14.589463233947754,14.595544850162618,14.096863920040677,14.476956233846996,93875600
2002-08-01,13.911372184753418,14.622904710109264,13.835353757514328,14.467827628919146,92002800
2002-08-02,13.503923416137695,13.941789465253539,13.318438130069522,13.838404280885214,85947600
2002-08-05,13.376202583312988,13.735008482426315,13.321469224476406,13.467424461390923,78941600
2002-08-06,13.887054443359375,14.367491761690248,13.63467370976711,13.652918561332163,88715800
2002-08-07,14.318836212158203,14.382691435889859,13.731973647501604,14.2914695219947,86349400
2002-08-08,14.8722505569458,14.899617247267335,14.112066003513792,14.32491791046467,88748000
2002-08-09,14.63203239440918,14.945229228494343,14.492158710809768,14.641155398087129,69049400
2002-08-12,14.7384614944458,14.82360181058419,14.473916380816126,14.476957769220961,56866600
2002-08-13,14.309718132019043,15.112473041329611,14.267146811719348,14.592506951428431,100122800
2002-08-14,15.115513801574707,15.121595418974275,14.35532902587753,14.367492260676665,96706000
2002-08-15,15.13376235961914,15.428714495999353,14.823606755992051,15.191535999137345,98745600
2002-08-16,15.203691482543945,15.273628324169696,14.875291189745186,15.030369492438913,69334000
2002-08-19,15.811841011047363,15.827044472337267,15.158081736033777,15.215856512865054,79848200
2002-08-20,15.51992416381836,15.720612788352678,15.431742499717858,15.623309283120843,70317600
2002-08-21,15.896985054016113,15.927393143683904,15.553382340395194,15.678052608158097,81203400
2002-08-22,16.18585205078125,16.25274867373663,15.994285186831604,16.07030365475371,72517600
2002-08-23,15.878739356994629,16.070305077959805,15.76319095073398,16.012531454804417,57929200
2002-08-26,15.842248916625977,16.00949048104136,15.56250149969445,15.963878934391744,55652400
2002-08-27,15.459114074707031,15.948673142784763,15.401340462678778,15.91218460676427,65470200
2002-08-28,15.015165328979492,15.404379441500938,14.990838866972126,15.349646061933916,68875000
2002-08-29,15.38005542755127,15.507765883937275,14.753662897794674,14.866169894127534,94275600
2002-08-30,14.923944473266602,15.349647148997862,14.899618009536432,15.24626199804391,58138400
2002-09-03,14.297548294067383,14.753658932780914,14.291466679690615,14.753658932780914,74452600
2002-09-04,14.659401893615723,14.777990524598763,14.337084314010498,14.428306248616696,80232000
2002-09-05,13.960027694702148,14.44958668367396,13.950905852158398,14.443505068661642,90438800
2002-09-06,14.540821075439453,14.677654630844557,14.434395621207956,14.519535984593153,69918400
2002-09-09,14.80840015411377,14.884418634206808,14.178967231739412,14.36749273758416,81653200
2002-09-10,15.139835357666016,15.14895720082999,14.701968326602579,14.759743093173192,83950000
2002-09-11,14.771909713745117,15.538174874042449,14.756705091716759,15.273630922036231,77443200
2002-09-12,14.337077140808105,14.686761241834368,14.297547230274962,14.641150877326204,63726800
2002-09-13,14.5681791305542,14.674604521550984,14.245860409328591,14.261065030856502,59549200
2002-09-16,14.528646469116211,14.63507300004,14.306672723977401,14.473913089772445,50166200
2002-09-17,14.37965202331543,14.86921108624578,14.355325559591114,14.799273083013187,73343400
2002-09-18,14.51953125,14.66852799728903,14.188090594963255,14.206335449718056,83951800
2002-09-19,14.352291107177734,14.540816637108154,14.16680580646147,14.194172509189281,77777600
2002-09-20,14.43134593963623,14.595546111781726,14.382694165661617,14.507364408968428,130619200
2002-09-23,13.753264427185059,14.20329372770454,13.625553926745093,14.169845408079773,89783800
2002-09-24,13.877933502197266,14.133355641008562,13.570819353840204,13.631634369738123,104142200
2002-09-25,14.14246940612793,14.279302823721475,13.698522015668237,14.109022268448873,107116600
2002-09-26,14.048209190368652,14.443504881450028,13.972190743624179,14.32491629012056,100852200
2002-09-27,13.759343147277832,14.321879364457335,13.741098296793433,13.999561792214944,81011600
2002-09-30,13.300188064575195,13.69548375897892,13.108621252383212,13.6437906115845,115577000
2002-10-01,14.057332992553711,14.063414608335052,13.13294827288281,13.47655202485613,110636600
2002-10-02,13.868810653686523,14.233699562758572,13.731977167790772,14.017806213923114,103488600
2002-10-03,13.622511863708496,14.16680447806302,13.561696845576986,13.774548829062274,105221400
2002-10-04,13.309316635131836,13.856649500987112,13.284990162896026,13.801916098406581,107120400
2002-10-07,13.39445686340332,13.70157219325564,13.284990059097545,13.321479767166158,89790000
2002-10-08,13.68028450012207,13.981316994578776,13.418780775272934,13.607306257858433,115667600
2002-10-09,13.376202583312988,13.820149907254951,13.321469224476406,13.44917962179569,123142600
2002-10-10,14.102948188781738,14.175925277186483,13.151196531216405,13.379251962393568,118515000
2002-10-11,14.860099792480469,14.869222803541051,14.294521824647418,14.40094844738352,108828800
2002-10-14,14.987809181213379,14.999972420772355,14.546901606778658,14.671571912382234,76216200
2002-10-15,15.900016784667969,15.924342081676054,15.401336016534493,15.586820031062727,133374200
2002-10-16,15.328361511230469,15.58682379916462,15.28883158909303,15.322279895520893,95437400
2002-10-17,15.437830924987793,15.963878594724747,15.218897361647635,15.896981970381969,182602400
2002-10-18,16.16152000427246,16.17672345952653,15.55033112749506,15.994278516629855,152817200
2002-10-21,15.966922760009766,16.112879278190825,15.617238410065777,15.802723706968713,112378600
2002-10-22,15.711498260498047,15.790558126104273,15.516891145082573,15.638521172192196,87159000
2002-10-23,16.17673110961914,16.19497480057188,15.638520187466446,15.638520187466446,110866600
2002-10-24,15.577696800231934,16.2284143864607,15.477353074106079,16.225374159586853,95833400
2002-10-25,16.018613815307617,16.055102360049002,15.556421328767051,15.583788027310568,75425800
2002-10-28,15.796638488769531,16.26795277647174,15.66284523758581,16.23754585208443,79906600
2002-10-29,15.833130836486816,15.960842501506432,15.462160238037084,15.857457309804872,90517200
2002-10-30,16.149362564086914,16.23450287198376,15.699333399568348,15.872655403472468,94451200
2002-10-31,16.25882911682129,16.44127296268586,16.070302494818257,16.173687650128098,105973800
2002-11-01,16.115917205810547,16.18889545447897,15.781436369292555,15.942595170166689,105097800
2002-11-04,17.05854606628418,17.408231530438908,16.88218379980479,17.25619457384119,139964200
2002-11-05,17.234907150268555,17.27139569010677,16.900426355193773,16.961240201607538,76658200
2002-11-06,17.341331481933594,17.362616558867906,16.88522070199889,17.32916940936377,115407000
2002-11-07,17.03117561340332,17.216660845156785,16.876098462236303,17.08895038654273,73699600
2002-11-08,16.754470825195312,17.195378196374104,16.727104128778706,17.028137789361413,64522200
2002-11-11,16.37742805480957,16.754479216559833,16.365264814765904,16.745357366502294,58341200
2002-11-12,16.575069427490234,16.85481804649323,16.389585304396387,16.45039916248618,81398600
2002-11-13,16.833526611328125,17.00684859336362,16.45343434196089,16.492964262760957,107370200
2002-11-14,17.32917594909668,17.332216178399044,16.988612269725444,17.025101981054593,78337000
2002-11-15,17.237943649291992,17.307880485497257,16.927788227892876,17.210576960346497,77533600
2002-11-18,16.98252296447754,17.34133017715855,16.949075817489994,17.317004873899464,58086400
2002-11-19,16.681499481201172,16.967328617718113,16.514259016643916,16.891310119287525,76403400
2002-11-20,17.216659545898438,17.301801005165597,16.702775202239444,16.727100504923218,76435400
2002-11-21,17.587636947631836,17.636288732219267,17.26531814977133,17.32613317049313,82922200
2002-11-22,17.70318603515625,17.727511348387527,17.347418904554388,17.469048950561028,70002000
2002-11-25,17.706220626831055,17.830890862316465,17.5055319267826,17.654528627704046,61583000
2002-11-26,17.30180549621582,17.712304800136014,17.265315792794112,17.526819534233596,68650400
2002-11-27,17.660608291625977,17.821767047499108,17.45383799807763,17.51465183504513,55191800
2002-11-29,17.53898048400879,17.82785088541018,17.53898048400879,17.767035880912562,28393000
2002-12-02,17.542022705078125,17.92819669356624,17.335252362266385,17.833934527838736,63735000
2002-12-03,17.24403953552246,17.438646746878064,17.152817550193333,17.41736165563295,58457400
2002-12-04,17.192337036132812,17.46600282551793,16.973403476664906,17.067666794757983,83892000
2002-12-05,16.827444076538086,17.359573224581908,16.81528084619492,17.31700307833032,68435800
2002-12-06,16.86697769165039,16.949077774535112,16.48688535974877,16.684532676367766,71670200
2002-12-09,16.277076721191406,16.79096239324581,16.270995103539583,16.724065759025716,63862800
2002-12-10,16.423036575317383,16.56595172950975,16.261877723109166,16.286204200397346,63730200
2002-12-11,16.620676040649414,16.727101420622475,16.292276896768506,16.3743758127765,69186200
2002-12-12,16.4716854095459,16.74231220096186,16.32573005189969,16.724067346274808,55242000
2002-12-13,15.96387767791748,16.343970003582182,15.960837449690043,16.322684926140937,65245400
2002-12-16,16.565942764282227,16.587227840415096,16.015568692968856,16.11591361755209,60140400
2002-12-17,16.529460906982422,16.721027829532915,16.35309745067718,16.547704602496673,49549800
2002-12-18,16.277076721191406,16.541621869270877,16.052062667823765,16.37134005486972,62709400
2002-12-19,16.149362564086914,16.648043498825064,16.07942571689312,16.19193271803534,82686600
2002-12-20,16.12808609008789,16.334856513803143,16.100719382244687,16.264919629303915,98294600
2002-12-23,16.419984817504883,16.505125108337744,16.085504109276236,16.13111448224407,48798400
2002-12-24,16.365259170532227,16.489929438106067,16.274037221567223,16.280118839491557,18386000
2002-12-26,16.234500885009766,16.62979661465653,16.167604274164315,16.429107942069738,37228000
2002-12-27,16.106788635253906,16.41998426014319,16.08550356326819,16.2010507654908,40891600
2002-12-30,16.03989601135254,16.188892712167622,15.893940698689647,16.118954704063796,48019600
2002-12-31,15.720619201660156,16.112874769620138,15.58682595742278,16.03685630264881,58208800
2003-01-02,16.33485221862793,16.34397406552701,15.723662957489239,15.903066626187908,67025200
2003-01-03,16.35613250732422,16.35917273541614,16.0794253529724,16.295317505938723,55546800
2003-01-06,16.65412712097168,16.7940008322061,16.3591750760188,16.426071703109105,59456200
2003-01-07,16.96732521057129,17.031180458042392,16.626762730775415,16.699739825042386,80517400
2003-01-08,16.492961883544922,16.891297782011552,16.453431968447298,16.836564410322346,64566000
2003-01-09,16.970361709594727,17.00380885819206,16.581146399170176,16.638921172096687,61808000
2003-01-10,17.003807067871094,17.119355441608427,16.693652799335922,16.75446663398232,67730200
2003-01-13,17.146730422973633,17.256197234192243,16.95820489251386,17.186260362569264,60817800
2003-01-14,17.32308578491211,17.332207628269444,17.08590741807535,17.12847872695856,54206400
2003-01-15,17.110248565673828,17.429526116655172,17.085922082575927,17.332222504164676,59622600
2003-01-16,16.830488204956055,17.225785163080573,16.757511125882125,17.125440229416725,81371000
2003-01-17,15.6476411819458,16.115915223429624,15.602030797094635,16.097670373519296,155876000
2003-01-21,15.608114242553711,15.857454754128216,15.595951007854977,15.77231327118699,86159200
2003-01-22,15.50776481628418,15.933468628162004,15.480398126092755,15.687168416439176,86948000
2003-01-23,15.896985054016113,15.976044927202354,15.647644518490306,15.796641257987442,71374800
2003-01-24,15.15808391571045,15.827046748208334,15.112473525282129,15.820965130827908,103027000
2003-01-27,14.951308250427246,15.38613387900316,14.720212671859036,14.996919784593754,114838600
2003-01-28,14.844895362854004,15.112480857672338,14.765836618449972,15.109439467531525,86151200
2003-01-29,15.176326751708984,15.215856679455324,14.574260630429068,14.81751949358008,106884000
2003-01-30,14.668522834777832,15.25538429013848,14.65331821452498,15.25234406205771,87877400
2003-01-31,14.43134593963623,14.701971504866885,14.30059407958887,14.428305711240851,106858400
2003-02-03,14.765829086303711,14.93002811168393,14.431347098414632,14.574262203418595,80129800
2003-02-04,14.388778686523438,14.577304203731897,14.254986571077117,14.534734037905794,81854800
2003-02-05,14.279315948486328,14.756712075370727,14.209379061867315,14.543861185639098,101072000
2003-02-06,14.419185638427734,14.480000658250736,14.157683025103864,14.248904974863356,83312000
2003-02-07,14.16375732421875,14.580338080828293,14.112064178098176,14.559053008881417,75208000
2003-02-10,14.407024383544922,14.449594551862285,14.151602213690662,14.230660932001463,74081400
2003-02-11,14.121186256408691,14.495196875376006,13.987394207656388,14.382689898926353,84292000
2003-02-12,14.121186256408691,14.321874909511871,14.066452881930603,14.15463455858413,71315200
2003-02-13,14.288431167602539,14.327959934171858,14.026927462853035,14.11206777232507,73558200
2003-02-14,14.686763763427734,14.747578753162625,14.221531237862305,14.36748651725637,90446400
2003-02-18,15.179364204406738,15.197609050788072,14.838801858268644,14.97259507849934,57415500
2003-02-19,14.965831756591797,15.179366943389073,14.746194234538038,15.14276107760661,46902700
2003-02-20,14.727890968322754,15.173267191522463,14.703487445282496,15.112256638402549,50897200
2003-02-21,15.026845932006836,15.13056355449737,14.459450758749073,14.819411850705634,56853200
2003-02-24,14.68518352508545,14.947528081687457,14.544860071356766,14.910922216297253,62403700
2003-02-25,14.758395195007324,14.80720339937103,14.264210816685518,14.36182838909231,68113000
2003-02-26,14.40453052520752,14.929218252814492,14.386227018414177,14.685177313964855,57096000
2003-02-27,14.386240005493164,14.770604685704035,14.215410612243868,14.581472932818054,75434300
2003-02-28,14.459447860717773,14.68518541733739,14.367931439930741,14.483851386229253,56585400
2003-03-03,14.361824989318848,14.715684678108838,14.276409779142567,14.654674146176955,50653500
2003-03-04,14.075081825256348,14.43504283671884,14.068980653100082,14.386234623148312,56605700
2003-03-05,14.300814628601074,14.367925167218418,14.062873667585933,14.075076006854221,55415900
2003-03-06,14.197104454040527,14.337427937550439,14.111689198429502,14.136093889655431,54607600
2003-03-07,14.37403392791748,14.514358576251345,13.971365828844052,14.001871693125212,66167600
2003-03-10,14.00186824798584,14.313019841337125,13.965261219855554,14.22150459837031,48413600
2003-03-11,13.910354614257812,14.191002734137722,13.885951087652423,14.068981610071729,53990700
2003-03-12,14.270309448242188,14.300815297840499,13.757822811782294,13.916449738655992,72379500
2003-03-13,15.051249504089355,15.093956551870107,14.30082267219387,14.471650863316876,80701300
2003-03-14,15.16716480255127,15.22817418709516,14.801102676890837,15.057346048485197,75451400
2003-03-17,15.819972038269043,15.83217437837124,14.843806939997968,14.959726843610454,100983800
2003-03-18,15.887080192565918,15.88708019256592,15.557624065553023,15.795563825943043,78108800
2003-03-19,16.057912826538086,16.125024537494475,15.704053087850395,15.850477686926755,73652100
2003-03-20,16.01521110534668,16.17993927028479,15.661351249375729,15.874887630182949,71798500
2003-03-21,16.210433959960938,16.350757348484333,15.880978997180845,16.320252668780615,85586800
2003-03-24,15.4295072555542,15.819972849411412,15.36239554523027,15.588133030299247,61105200
2003-03-25,15.551535606384277,15.710162630842134,15.270888599506456,15.618647353107189,63595100
2003-03-26,15.405106544494629,15.630845251423061,15.399005372558232,15.533227664120275,51673600
2003-03-27,15.276981353759766,15.411203609553393,15.002434508182748,15.215970814333845,60043300
2003-03-28,15.051249504089355,15.313594127519432,15.008542456308605,15.051249504089357,39584600
2003-03-31,14.770601272583008,15.075652941958252,14.648581303040771,14.795005964699316,71384000
2003-04-01,14.8560152053833,15.069551587623405,14.795004644217604,14.923125775353867,49803200
2003-04-02,15.691848754882812,15.862678013957611,15.313585546210287,15.313585546210287,68282500
2003-04-03,15.697951316833496,15.917588788884458,15.618638431747998,15.856578250683722,57394300
2003-04-04,15.307485580444336,15.740658186327037,15.209869185775581,15.716254669499456,55740600
2003-04-07,15.356290817260742,16.125020649834248,15.356290817260742,16.002999598182964,65627100
2003-04-08,15.60643482208252,15.75896057333965,15.374596192190497,15.441706731441824,54132100
2003-04-09,14.990233421325684,15.6613470837834,14.971931072542596,15.62474122253788,76875800
2003-04-10,15.002432823181152,15.124453888328171,14.813301219514482,15.075644531326068,51608900
2003-04-11,14.764496803283691,15.362397615366568,14.611971014669932,15.185467142008486,71565500
2003-04-14,15.106156349182129,15.17936808625924,14.642477747535295,14.807205901478167,51599600
2003-04-15,15.008540153503418,15.124460096607928,14.703488529097577,15.05734836686117,63399000
2003-04-16,15.203770637512207,15.704055037382542,15.008537814507141,15.61864096823768,86178700
2003-04-17,15.557625770568848,15.582030447990595,15.09394737266727,15.11225088073358,58356600
2003-04-21,15.38070011138916,15.624742306433541,15.301387212575337,15.624742306433541,41557800
2003-04-22,15.716254234313965,15.74065775046581,15.270879300510368,15.289181646704455,58844000
2003-04-23,15.691848754882812,15.856576844310748,15.539323004748606,15.710152263823403,55559300
2003-04-24,15.551535606384277,15.69185910982319,15.447817981303368,15.545434432711296,51703600
2003-04-25,15.386801719665527,15.643045100796682,15.356297026258268,15.453913441576853,53657400
2003-04-28,15.704052925109863,15.826074004915299,15.447809588461853,15.490516617289979,56287600
2003-04-29,15.740668296813965,16.015215310465358,15.667456535626902,15.832184743817738,65877300
2003-04-30,15.600341796875,15.789473501343842,15.405108919529132,15.697958235547933,55566800
2003-05-01,15.691848754882812,15.83217332940242,15.460010126697632,15.582031192276649,42085800
2003-05-02,15.923693656921387,16.039613590054145,15.594237372337597,15.649146753101562,52695400
2003-05-05,15.777264595031738,16.100618453448256,15.765062255251712,16.01520440234641,50391500
2003-05-06,16.08841896057129,16.1677318500811,15.752861563588446,15.777266245701798,54299500
2003-05-07,15.856587409973145,16.07622500889405,15.765072131649402,15.929800330840079,49120000
2003-05-08,15.704052925109863,15.948093921041474,15.685749414035268,15.71015409546806,46401400
2003-05-09,16.08232879638672,16.167742914880158,15.795579403707173,15.801680578411004,58913600
2003-05-12,15.984702110290527,16.149429067272127,15.899286882718547,15.954196256272196,53900800
2003-05-13,15.856587409973145,15.984709730570305,15.795576836530683,15.887093278534326,44501900
2003-05-14,15.630843162536621,15.972500599559234,15.582034957247677,15.911490052028201,45021000
2003-05-15,15.734566688537598,15.868789012869685,15.600343200525666,15.77117256541365,45450200
2003-05-16,15.600341796875,15.893191112893803,15.502725358202065,15.789473501343842,60620900
2003-05-19,15.106156349182129,15.582037294901674,15.093954005109417,15.49662205007227,55336300
2003-05-20,15.026845932006836,15.252584697549713,14.947533003598718,15.16717059562099,52677600
2003-05-21,14.66077709197998,15.075646199286652,14.57536187145513,15.026838000563558,108960900
2003-05-22,14.74008560180664,14.807197291503389,14.6668739073001,14.764490275761423,93157100
2003-05-23,14.776705741882324,14.971939831324757,14.660786919510914,14.764504556782194,76968000
2003-05-27,15.124457359313965,15.185466742209696,14.776697592939605,14.795001106015956,68486800
2003-05-28,14.89262580871582,15.173274013781617,14.825514053740948,15.118364607653092,91467000
2003-05-29,14.886510848999023,15.051238914842154,14.78279330721027,14.929217866733401,75451300
2003-05-30,15.01464557647705,15.197676137467079,14.953635001587063,15.087857335401091,85096700
2003-06-02,15.032946586608887,15.270887690979539,14.99023953711872,15.240381824429546,66310800
2003-06-03,15.179368019104004,15.203772707141457,14.990236341532029,15.100055110341424,61058200
2003-06-04,15.173264503479004,15.386799656050279,15.09395044937027,15.246476223309354,83484600
2003-06-05,14.697389602661133,14.95973422592394,14.64858138184571,14.929228360614442,115877900
2003-06-06,14.441134452819824,14.984125614941233,14.42893211658188,14.910913924871226,119629400
2003-06-09,14.489956855773926,14.63028036919928,14.398441571526085,14.471653333452368,73610000
2003-06-10,15.057350158691406,15.100057205001642,14.550964448464802,14.60587384048646,80655300
2003-06-11,15.179368019104004,15.228176231499338,14.898721088750722,15.05124689794609,75768600
2003-06-12,15.246474266052246,15.337989485931624,15.093948511693567,15.234271926420556,66177700
2003-06-13,15.039045333862305,15.405107527651332,14.94142890400918,15.374602829702095,55157500
2003-06-16,15.490523338317871,15.508826857333993,15.051249355048782,15.130562276759122,69658600
2003-06-17,15.838272094726562,15.948090812409532,15.575928802536065,15.64303933603641,122213900
2003-06-18,15.905385971069336,16.125023436527343,15.685748505611333,15.850476604704836,89957700
2003-06-19,15.905385971069336,16.100618756507924,15.8687801147194,15.917588311079047,63626900
2003-06-20,16.06401824951172,16.094522946014933,15.868785399060162,16.070119421548277,86048900
2003-06-23,15.728460311889648,16.009107214563382,15.551529832107066,15.948096664166647,52584500
2003-06-24,15.679652214050293,15.887087388643355,15.56983345530344,15.649146356798685,51820300
2003-06-25,15.41120719909668,15.85658226238692,15.337994301997142,15.643045906499422,60483500
2003-06-26,15.71015453338623,16.17383302042089,15.380698306935564,15.490517049085787,51758100
2003-06-27,15.63694953918457,16.070123555782875,15.57594013048273,15.832183603542044,76040300
2003-06-30,15.643044471740723,15.935894869599508,15.557630402691593,15.82607611586239,48073100
2003-07-01,15.954203605651855,15.984709473722859,15.490524884091542,15.61254602901579,60926000
2003-07-02,16.399574279785156,16.430080139435983,16.13723086886543,16.167735564836693,94069300
2003-07-03,16.16773796081543,16.442284919961548,16.112828568986206,16.283657917308204,39440900
2003-07-07,16.72903060913086,16.808343516992814,16.442282510024345,16.484989549925363,88960800
2003-07-08,16.899858474731445,16.960867861510835,16.625311579506345,16.631412750920177,61896800
2003-07-09,16.759531021118164,16.899855612511487,16.625308763784624,16.81444039086354,62300700
2003-07-10,16.417882919311523,16.729035802777975,16.22265001133569,16.625318174955822,55350800
2003-07-11,16.66191864013672,16.74733388238115,16.40567524076251,16.442282271872784,50377300
2003-07-14,16.716825485229492,16.96696767477623,16.503289157556107,16.85714892547681,60464400
2003-07-15,16.63751983642578,16.796146858533707,16.533802212881366,16.759539817038117,53567600
2003-07-16,16.79004669189453,16.851057267699602,16.59481378026226,16.814450224008592,49838900
2003-07-17,16.283658981323242,16.637518883078258,16.192143710187946,16.55820479472914,72805000
2003-07-18,16.40567970275879,16.613114947416822,16.32026560096308,16.539903192643315,63388400
2003-07-21,15.887080192565918,16.41786906784811,15.862675517818769,16.393465556779898,48480800
2003-07-22,16.094518661499023,16.204337401563112,15.941992892227624,16.03350928473388,51791000
2003-07-23,16.137235641479492,16.259255625131722,15.948102746746697,16.1189321202757,49828200
2003-07-24,15.86268138885498,16.423976315315485,15.85047904696512,16.338562249445204,53556600
2003-07-25,16.40567970275879,16.442286743825402,15.905395111647016,16.033517428020442,54173000
2003-07-28,16.23484992980957,16.472789855342555,16.161637018433403,16.436183981494345,52658300
2003-07-29,16.149425506591797,16.411769974910108,16.009102100084498,16.399567635993186,62391100
2003-07-30,16.00301170349121,16.210446950003185,15.966405825777294,16.143335204461113,41240300
2003-07-31,16.112817764282227,16.46667740562899,16.051807240530245,16.2287376430431,64504800
2003-08-01,15.966397285461426,16.173832421017778,15.93589259762989,16.064013682937446,42649700
2003-08-04,15.972501754760742,16.11282520965534,15.710157195978978,15.95419824007382,51825600
2003-08-05,15.655243873596191,16.192135199094718,15.618638017119217,16.05181061585446,58825800
2003-08-06,15.649150848388672,15.97860721918918,15.514928528995764,15.582040270532119,56294900
2003-08-07,15.685746192932129,15.746756720306198,15.527120450910177,15.691847362037437,44258500
2003-08-08,15.60643482208252,15.850475791358102,15.557626628227402,15.789465258119423,33241400
2003-08-11,15.624747276306152,15.856586038925576,15.582040227693085,15.624747276306152,36433900
2003-08-12,15.697951316833496,15.722355997585483,15.527123206286507,15.685748976457505,38208400
2003-08-13,15.618647575378418,15.795576959693236,15.557637001460238,15.734567549454965,39636900
2003-08-14,15.63694953918457,15.685757764353967,15.569838956876572,15.655253060003048,37338300
2003-08-15,15.58203411102295,15.655245833140702,15.514922396015558,15.624741142871528,27607900
2003-08-18,15.679652214050293,15.758965115545537,15.533226426601512,15.59423697742526,45817400
2003-08-19,16.240942001342773,16.259244346170412,15.722354230442967,15.771162422781824,72952900
2003-08-20,16.137235641479492,16.186043867676364,15.862688641822148,16.045719199140443,56739300
2003-08-21,16.009109497070312,16.30805995658992,15.94199776569747,16.259251742049567,63802700
2003-08-22,15.996901512145996,16.442277621930508,15.990800342019718,16.338560057142228,65846300
2003-08-25,16.16773796081543,16.192142652152743,16.00300978532776,16.051818004322655,36132900
2003-08-26,16.210433959960938,16.271444483047308,15.83827081644513,16.051807065407953,47546000
2003-08-27,16.118921279907227,16.216537666651565,16.04570840800941,16.173830642910808,30633900
2003-08-28,16.1738338470459,16.21654087924718,16.00910572540151,16.16773267620581,46211200
2003-08-29,16.179943084716797,16.19824544268272,16.07622545608349,16.14333604142509,34503000
2003-09-02,16.63141441345215,16.65581793786747,16.149432296694084,16.2897569258806,74168900
2003-09-03,17.265913009643555,17.32692353734443,16.704618249417738,16.729022925969698,109437800
2003-09-04,17.345232009887695,17.369635529746215,17.076786309367797,17.14389802541761,59840800
2003-09-05,17.314725875854492,17.540464540217066,17.186604780387686,17.22321064142401,64024500
2003-09-08,17.595378875732422,17.644187092105174,17.290327232482802,17.320831931335896,46105300
2003-09-09,17.308629989624023,17.51606402733577,17.272022956192878,17.47945815758424,44315200
2003-09-10,16.808338165283203,17.192703729370976,16.765631138979938,17.10118850676695,54763500
2003-09-11,16.985267639160156,17.149995728695938,16.832741888926087,16.875448912802966,37813300
2003-09-12,17.290327072143555,17.326932943163744,16.747335524572076,16.76563787824234,55777200
2003-09-15,17.302528381347656,17.455054192428143,17.284224865093346,17.30862955343243,41432300
2003-09-16,17.631980895996094,17.66248675186591,17.278121113662145,17.333030490548396,52060600
2003-09-17,17.3879451751709,17.662492143408663,17.36964165606179,17.54657218307719,47221600
2003-09-18,17.998043060302734,18.00414423149013,17.339131699896456,17.381838734528806,67268100
2003-09-19,18.2786922454834,18.284793417436045,18.01024766164437,18.156672297469175,92433800
2003-09-22,17.735700607299805,18.303096794105812,17.577073628776006,17.930933453581538,65678700
2003-09-23,18.05905532836914,18.126165890462996,17.619780270477218,17.766206065560876,57827800
2003-09-24,17.3635311126709,18.120059869397714,17.339127597374727,18.065150505382395,66336500
2003-09-25,17.229326248168945,17.668600439698128,17.217123896373057,17.369649802780728,56224500
2003-09-26,17.198810577392578,17.558771580328084,17.16830471733389,17.247618789806907,49864700
2003-09-29,17.589271545410156,17.63807974469568,17.14389658146984,17.333028208241338,47380300
2003-09-30,16.96086883544922,17.45505327523179,16.930364140307862,17.442850931703436,63333700
2003-10-01,17.400144577026367,17.467255141711348,16.966970674178146,17.10119413090725,58375900
2003-10-02,17.3879451751709,17.540471010040818,17.198813465762534,17.357440473668824,38143600
2003-10-03,17.741804122924805,17.97364286759072,17.650288859600884,17.79061234094288,57303000
2003-10-06,17.808914184570312,17.876024750735173,17.638084855729684,17.78450949601611,34047600
2003-10-07,17.778406143188477,17.91873075780381,17.64418386364278,17.699093242474987,52356800
2003-10-08,17.583175659179688,17.912631976125464,17.497761575680983,17.912631976125464,46989100
2003-10-09,17.656389236450195,17.906531487977595,17.570973986008884,17.8272174099735,62653300
2003-10-10,17.63808250427246,17.81501298166379,17.49165788350694,17.63808250427246,37604700
2003-10-13,17.558767318725586,17.7540001209989,17.38793803489679,17.68078723830676,39320300
2003-10-14,17.49774932861328,17.552658676338623,17.37572829729501,17.485546992745693,34851300
2003-10-15,17.835206985473633,17.951777294652942,17.608202939933726,17.91496604919941,57242100
2003-10-16,17.933368682861328,17.982450726956074,17.669552257023977,17.737040506482344,42232500
2003-10-17,17.749300003051758,17.970169645879533,17.669541000827287,17.964034248000154,49960000
2003-10-20,18.00698471069336,18.019255509074153,17.669544776467912,17.76157459411614,38794500
2003-10-21,18.00698471069336,18.0560667340088,17.896549865681674,18.00698471069336,44166800
2003-10-22,17.724763870239258,17.92109198201278,17.669546442526972,17.810658296796063,48798500
2003-10-23,17.737035751342773,17.841335213358395,17.24008004183679,17.620465489041102,67357900
2003-10-24,16.325927734375,16.810612680708157,16.209357463147324,16.73085481315744,210558300
2003-10-27,16.509981155395508,16.62655139897015,16.454763733186876,16.509981155395508,65619100
2003-10-28,16.687904357910156,16.70017398611832,16.49157509387886,16.620416136830407,71752600
2003-10-29,16.40568733215332,16.71858577515926,16.35660529228228,16.66336833402832,73551500
2003-10-30,16.02529525756836,16.589739070198366,15.896454224253251,16.571332873951164,98729400
2003-10-31,16.037565231323242,16.221623687148575,16.019160204886088,16.17867706518497,69623700
2003-11-03,16.36887550354004,16.411822140599902,16.129600714087605,16.16641195010919,57772300
2003-11-04,15.994620323181152,16.332060276580403,15.957809096154842,16.313654077963342,84026100
2003-11-05,16.013031005859375,16.148006322890957,15.951678163496608,16.043706841936693,61514400
2003-11-06,16.092788696289062,16.135735334385526,15.951677979626925,16.11119489984817,68189800
2003-11-07,16.013031005859375,16.25230580384522,15.97008436726788,16.184817560225362,57822100
2003-11-10,15.951671600341797,16.092782260571905,15.951671600341797,16.02529521492705,54579100
2003-11-11,15.828974723815918,16.00076247275493,15.749216836577846,15.95781582807225,64990700
2003-11-12,15.93940258026123,16.03756663051596,15.70626325345819,15.85964472825718,75877300
2003-11-13,15.761481285095215,15.908727366148861,15.614235204041568,15.865780738784194,78949500
2003-11-14,15.644911766052246,15.963945541739282,15.60810053661386,15.767617424457377,83146400
2003-11-17,15.430184364318848,15.608107531725626,15.239991561738961,15.577430518271832,103900200
2003-11-18,15.430184364318848,15.853517788313933,15.411779326454981,15.540619272335688,106868300
2003-11-19,15.552886962890625,15.669457250252318,15.442452076990934,15.516075724326786,78853300
2003-11-20,15.399511337280273,15.72467954789721,15.387240529654715,15.442457993761105,106845700
2003-11-21,15.405632972717285,15.571284046781576,15.387226777728994,15.540608225342005,70712900
2003-11-24,15.786022186279297,15.835104214767147,15.509936214863087,15.540612043840044,99463800
2003-11-25,15.5835599899292,15.920999988242322,15.571289189217893,15.871917955605063,85663800
2003-11-26,15.614241600036621,15.72467532840748,15.534482542081307,15.712405694282925,69758400
2003-11-28,15.7737455368042,15.798287127050642,15.583552893224,15.644905698632675,33402600
2003-12-01,15.853515625,16.080519642539876,15.644916642812507,15.890326865913014,101914600
2003-12-02,15.743070602416992,16.006886861329633,15.712394783095405,15.92099363106319,85121700
2003-12-03,15.749212265014648,15.994622427828629,15.718536433490888,15.841240929793896,93121600
2003-12-04,16.07438087463379,16.09278590479219,15.743076289287524,15.779887519812247,87202400
2003-12-05,15.93940258026123,16.246165529859212,15.902591353967653,15.927131781427443,96610900
2003-12-08,16.098922729492188,16.16027556593439,15.835106351936329,16.025300261927963,90504000
2003-12-09,16.184810638427734,16.325922466574898,16.10505279661206,16.22162303022663,103547100
2003-12-10,16.31364631652832,16.338186732801162,16.184805327922337,16.227753104262497,82853700
2003-12-11,16.325927734375,16.424091803764195,16.12346419498378,16.313656933149346,79309000
2003-12-12,16.3504638671875,16.448627910764003,16.25843522261049,16.375005463185477,69154100
2003-12-15,16.40568733215332,16.626557096677075,16.368876094802076,16.595880090377587,88860600
2003-12-16,16.602012634277344,16.66336546610879,16.424090709194882,16.460901940210576,73978000
2003-12-17,16.58974838256836,16.614288821132327,16.473178081316654,16.58974838256836,53712300
2003-12-18,16.81061553955078,16.841292547831898,16.595881162415804,16.62655817069692,61177800
2003-12-19,16.78606605529785,16.90263511330972,16.68176662377678,16.86582389342216,76856400
2003-12-22,16.675634384155273,16.829015861316073,16.546793334832145,16.663363585132537,43894800
2003-12-23,16.657228469848633,16.7737987221381,16.57133521563946,16.669499269080752,39609000
2003-12-24,16.58974838256836,16.663370868468576,16.565206773796078,16.651100064082435,19924200
2003-12-26,16.69404411315918,16.718585718115033,16.565204197765354,16.595880033752035,12076900
2003-12-29,16.8474178314209,16.890365620204395,16.66336056032199,16.694036382102613,40426700
2003-12-30,16.88423728942871,16.902642322118265,16.81061364804626,16.816749049012138,34406600
2003-12-31,16.79220962524414,16.902643338647206,16.70631517676422,16.8228854617103,42198900
2004-01-02,16.841291427612305,17.037619586719597,16.767667782843002,16.921049303421594,44487700
2004-01-05,17.264617919921875,17.28915951686593,17.006937003048066,17.01307240228408,67333700
2004-01-06,17.32598114013672,17.350522751809244,17.221681630945394,17.295305295754517,46950800
2004-01-07,17.30756378173828,17.36891660118726,17.184859313048026,17.283023356083312,54298200
2004-01-08,17.276893615722656,17.47322176609549,17.17872954053624,17.41800432752712,58810800
2004-01-09,16.970123291015625,17.21553337345469,16.927176672864736,17.197128348651496,67079900
2004-01-12,16.914915084838867,17.013079171255995,16.779939758567366,16.976267931401626,55845200
2004-01-13,16.829017639160156,16.957857531886333,16.72471817686414,16.902640100658566,51555900
2004-01-14,16.994670867919922,17.013075899203237,16.853558996902557,16.884235999388068,43907000
2004-01-15,16.896501541137695,17.00693520508772,16.82287792829672,16.902635769517453,58504100
2004-01-16,17.062156677246094,17.105103307357066,16.890370156802195,17.000803846998455,63983400
2004-01-20,17.240083694458008,17.30143653867906,17.13578421034467,17.166460047351112,63068500
2004-01-21,17.36278533935547,17.36278533935547,17.086699341361975,17.258485872502465,53570600
2004-01-22,17.18486213684082,17.44867848467597,17.141915507231918,17.39959645509324,78425200
2004-01-23,17.47321891784668,17.645006606524436,17.313702029119025,17.350514428969333,127259100
2004-01-26,17.669551849365234,17.6879580543042,17.375059591591064,17.47935907916211,58299600
2004-01-27,17.332103729248047,17.620460431964347,17.31369753410155,17.5713784151146,63196200
2004-01-28,17.000808715820312,17.448683685748396,16.85356258318125,17.362789230719432,71336000
2004-01-29,17.123504638671875,17.14804623187604,16.914905777266732,17.062151825869027,63748400
2004-01-30,16.963993072509766,17.117374567144044,16.902640240614467,17.08056333609004,40528700
2004-02-02,16.81061553955078,17.05602575475866,16.712451453467626,16.93945663391505,62891800
2004-02-03,16.74312400817871,16.902639727977455,16.675635778119926,16.810611068029594,47993800
2004-02-04,16.571331024169922,16.829011891828756,16.571331024169922,16.700170872895576,60648000
2004-02-05,16.540668487548828,16.669509619067004,16.46091058343457,16.60202135159517,55527500
2004-02-06,16.614276885986328,16.681765091420495,16.522248259617218,16.583601067265782,47209600
2004-02-09,16.50385284423828,16.70631642255383,16.473177005484626,16.681775985592555,48108500
2004-02-10,16.57746696472168,16.657224801751273,16.454761339837233,16.485438331162126,37790600
2004-02-11,16.657228469848633,16.70631049656928,16.47317116219817,16.546793617175226,51515300
2004-02-12,16.534521102905273,16.657225563191258,16.52225030581439,16.620414342126224,44537000
2004-02-13,16.31364631652832,16.602002936425897,16.258428917155364,16.552920933672965,67541100
2004-02-17,16.55906867980957,16.62655692275434,16.313658483021484,16.393416358149565,43477000
2004-02-18,16.424081802368164,16.63268061534658,16.40567561173808,16.503839621350593,50334700
2004-02-19,16.23390007019043,16.552933923549197,16.215495036094307,16.516122685148776,61840600
2004-02-20,16.301380157470703,16.44249080922464,16.25843353912886,16.356597572540956,57821900
2004-02-23,16.325927734375,16.41795640315137,16.24616869661627,16.39955020131289,50256800
2004-02-24,16.4915828704834,16.534530685191115,16.289119281980206,16.32593169458682,55426500
2004-02-25,16.381141662597656,16.55906356144577,16.325924239111885,16.50384613796,64275700
2004-02-26,16.258440017700195,16.350468689419152,16.203222580627212,16.31365745477318,66602700
2004-02-27,16.2768497467041,16.332067195740617,16.166414848631074,16.240037333874223,58266500
2004-03-01,16.381141662597656,16.393411290988457,16.258436017027552,16.338193867502685,51912300
2004-03-02,16.190942764282227,16.3750011754489,16.166402344917778,16.325919166512602,66331000
2004-03-03,16.178680419921875,16.28911411206688,16.086650587822483,16.16640961961423,54998700
2004-03-04,16.178680419921875,16.209356250483054,16.080515187668663,16.154138819306592,44023200
2004-03-05,16.166397094726562,16.319778469116365,16.074368504134085,16.092773520128368,59849800
2004-03-08,15.847376823425293,16.166410630118087,15.835106022350647,16.141869027968795,69367800
2004-03-09,15.779878616333008,15.933260022219551,15.669444987068795,15.828960619408411,81111700
2004-03-10,15.565154075622559,15.828969254694215,15.55288327560772,15.736940594998716,75155800
2004-03-11,15.393367767333984,15.816701044169783,15.381096966218047,15.448585202147697,90536300
2004-03-12,15.571290969848633,15.651050013384877,15.479262294405972,15.571290969848633,64137100
2004-03-15,15.436309814453125,15.601962069674139,15.374956997311157,15.522203056327285,68835300
2004-03-16,15.448578834533691,15.56514905667103,15.399496820508631,15.497660848558752,65453800
2004-03-17,15.41790771484375,15.620371246062197,15.405638084321394,15.491531349017714,56241400
2004-03-18,15.270654678344727,15.356549074222125,15.080462034272337,15.313601291179708,123231000
2004-03-19,15.111148834228516,15.301342786734926,15.068202190181355,15.197043292531125,86281600
2004-03-22,15.031381607055664,15.239980465831408,14.730754115339458,15.019110810608254,127605200
2004-03-23,14.816648483276367,15.12954679537135,14.79210805871218,15.123411396678392,91696300
2004-03-24,14.976179122924805,15.080478656288337,14.835068333729648,14.95777290990463,97584700
2004-03-25,15.45471477508545,15.485390596100135,15.08046367362694,15.092734470115841,85677900
2004-03-26,15.35655689239502,15.651049104798696,15.33815069029178,15.405638927795634,61584900
2004-03-29,15.528342247009277,15.583559678900116,15.338149520611912,15.491531015818031,51881600
2004-03-30,15.460854530334473,15.540612389573663,15.356555071201447,15.466988760100042,59010400
2004-03-31,15.295207977294922,15.460860328073386,15.25839673385804,15.460860328073386,70533200
2004-04-01,15.387225151062012,15.405631344104483,15.24611451502543,15.307467321626213,69051900
2004-04-02,15.859650611877441,15.890326450134262,15.608104993505215,15.632645430069028,98043800
2004-04-05,15.920992851257324,15.939397873865804,15.786016444355454,15.835098454990469,53800300
2004-04-06,15.828974723815918,15.890327574880443,15.743081434450563,15.81056968764237,48992000
2004-04-07,15.700127601623535,15.8166978482548,15.55288152860878,15.792156250981789,63268900
2004-04-08,15.632641792297363,15.859646921280873,15.559019329529919,15.84124072048504,45294600
2004-04-12,15.712406158447266,15.79216404855042,15.601971256605712,15.632647098135768,38786800
2004-04-13,15.614241600036621,15.810569788529227,15.58969999137089,15.755352339239643,56971500
2004-04-14,15.651043891906738,15.755343328670039,15.571284879566052,15.577420278223617,61079600
2004-04-15,15.473123550415039,15.786021915485573,15.399501094050118,15.663317431474754,73756900
2004-04-16,15.436309814453125,15.583555873469251,15.405633990985967,15.540609252532171,51768600
2004-04-19,15.663308143615723,15.70625474606389,15.374950378251484,15.387221170438718,44592100
2004-04-20,15.540611267089844,15.878050049801981,15.509935439646123,15.736939371228383,59902600
2004-04-21,15.614241600036621,15.638782038494043,15.460860056500735,15.559024150747037,49252000
2004-04-22,15.920992851257324,15.94553327147111,15.626499617239796,15.651041207661024,99207700
2004-04-23,16.896501541137695,17.00693520508772,16.773795909805276,16.81060713112195,258269000
2004-04-26,16.712446212768555,16.90263892363789,16.626552956932308,16.84128726673077,89391000
2004-04-27,16.70017433166504,16.792204151480814,16.644956907858685,16.663363105863393,80716800
2004-04-28,16.29525375366211,16.59588141820124,16.240036308113268,16.57134098140633,72842200
2004-04-29,16.246166229248047,16.528388763535766,16.141866775086385,16.264572428291103,77787300
2004-04-30,16.031429290771484,16.411815817125188,15.927129853723503,16.313651778751517,66172200
2004-05-03,16.166397094726562,16.27069647611991,16.06823310873365,16.06823310873365,65916200
2004-05-04,16.154144287109375,16.282985393533494,15.96395149879678,16.1664150915704,55496400
2004-05-05,16.135732650756836,16.319791145111704,16.105056820134987,16.148003451088744,51841700
2004-05-06,16.02529525756836,16.16027051942488,15.970077839034408,16.049835682356974,62693900
2004-05-07,15.816696166992188,16.184810725295836,15.798289970993949,15.970077623021256,68290200
2004-05-10,15.908731460571289,15.98235393494238,15.718538703203158,15.724672934227307,64621400
2004-05-11,15.9148588180542,16.019158245871264,15.82283018649974,16.00688744960866,57917200
2004-05-12,15.9148588180542,15.951670036634475,15.601960534603004,15.87191220134262,64145600
2004-05-13,16.013031005859375,16.068248446965054,15.822838247722117,15.841243281285253,63861500
2004-05-14,15.865777015686035,16.05596967947332,15.73080059540485,15.951670250259475,43775300
2004-05-17,15.669454574584961,15.822836074319547,15.595830939820852,15.626506771684578,55149600
2004-05-18,15.847376823425293,15.933270090531815,15.730806553632156,15.767618956856094,58158600
2004-05-19,15.718538284301758,16.117329992107,15.718538284301758,15.970083877080823,60052800
2004-05-20,15.786022186279297,15.871916613788935,15.700128928977525,15.798292985953227,52089900
2004-05-21,15.884181022644043,16.074374844455853,15.816693987033945,15.933263035000241,57809300
2004-05-24,15.804425239562988,16.055970731763406,15.792154442331839,15.982347118584137,56250500
2004-05-25,16.013031005859375,16.068248446965054,15.706267964253673,15.773755037665394,66615000
2004-05-26,16.037565231323242,16.043700630204857,15.859643344587205,15.945536588514418,50306900
2004-05-27,16.068241119384766,16.068241119384766,15.902588871609924,16.049834924007246,49071900
2004-05-28,16.092788696289062,16.166412340317375,15.963948781999665,16.037571255819856,37393000
2004-06-01,16.0191650390625,16.117329110376357,15.871918932091713,16.031434670320703,48369500
2004-06-02,16.031429290771484,16.123459100678488,15.957806847095053,16.025295062304817,54020000
2004-06-03,15.884181022644043,16.031427059712637,15.865775999390143,15.982345047356437,45933100
2004-06-04,15.920992851257324,16.09891470098146,15.914857453652017,15.970074861892337,48815300
2004-06-07,16.215492248535156,16.215492248535156,15.93326968209289,15.963946683993118,65218600
2004-06-08,16.319786071777344,16.350461892862995,16.098916415296454,16.123458008331024,58447700
2004-06-09,16.24002456665039,16.35045937790422,16.19707795565332,16.19707795565332,50385500
2004-06-10,16.424081802368164,16.43635259612155,16.184806005006273,16.184806005006273,48109200
2004-06-14,16.50385284423828,16.50385284423828,16.27684882896145,16.28911846233797,67377500
2004-06-15,16.816743850708008,16.933314092609937,16.54679214269586,16.55906294083453,114183400
2004-06-16,16.76152801513672,16.871962868417796,16.65722856150546,16.773798814436358,67431100
2004-06-17,17.037616729736328,17.129645392609863,16.74312454045784,16.75539417068849,105427500
2004-06-18,17.393465042114258,17.485493722401053,16.99467331406604,17.037619953519336,134218700
2004-06-21,17.393465042114258,17.583657804068057,17.252354320993962,17.31370599437972,116881700
2004-06-22,17.356651306152344,17.39346253892773,17.0621579333253,17.270756869399126,98932000
2004-06-23,17.36278533935547,17.411867372568178,17.178728007359805,17.301433675495566,58558400
2004-06-24,17.417993545532227,17.577510361518915,17.399588524207807,17.47321094992021,65503800
2004-06-25,17.528438568115234,17.565249802421313,17.332110424872095,17.473221131552098,71136500
2004-06-28,17.350513458251953,17.63887021969917,17.283025232510077,17.54684156563796,77024100
2004-06-29,17.485490798950195,17.534572831577528,17.289162668440873,17.289162668440873,55371700
2004-06-30,17.52229881286621,17.66954488370619,17.417999366411923,17.528434212093845,83544400
2004-07-01,17.565248489379883,17.69408955513206,17.338244529552068,17.60819629143591,78441400
2004-07-02,17.528438568115234,17.59592680618308,17.424139095741314,17.559115571877,36690100
2004-07-06,17.190994262695312,17.381186944829174,17.14191224246052,17.375051546023865,69158900
2004-07-07,17.240083694458008,17.375059015577786,16.90264363634631,16.976267283453204,66255700
2004-07-08,16.957855224609375,17.270753568924636,16.90263780089446,17.105101297779893,59125100
2004-07-09,17.09283447265625,17.178727736874073,16.957858005790573,17.043752440216355,50249300
2004-07-12,17.11123275756836,17.17872096439488,16.927175501032842,16.976257514122814,45757300
2004-07-13,16.933317184448242,17.148051510252234,16.933317184448242,17.123509909493865,43274100
2004-07-14,17.25847816467285,17.399589971069258,16.77379344943897,16.810604665356205,87656300
2004-07-15,17.09897232055664,17.301435879628098,17.056024512092165,17.20940603169806,46759700
2004-07-16,16.85969352722168,17.301432978549645,16.71858283369544,17.28916217818877,66406300
2004-07-19,17.148046493530273,17.338239162934354,16.933312230547557,16.945583027336873,60354500
2004-07-20,17.37505531311035,17.473219374862893,17.086698527988258,17.178727189605272,89010700
2004-07-21,17.70635986328125,18.33829086325598,17.675682862665827,18.33829086325598,201518000
2004-07-22,17.79224395751953,17.976301185548877,17.68794454958095,17.835190566045892,124640700
2004-07-23,17.1971378326416,17.424141845259555,17.191002430921085,17.41187104181852,97372700
2004-07-26,17.583654403686523,17.614330234447216,17.301433016022777,17.39959707870651,72387600
2004-07-27,17.448678970336914,17.64500709413238,17.258485076478124,17.608195863472712,72968400
2004-07-28,17.534582138061523,17.66342327347071,17.350524710572493,17.387335962028583,62718800
2004-07-29,17.47321891784668,17.66954703621675,17.332108229044177,17.657277406474538,60148400
2004-07-30,17.479352951049805,17.675681054068292,17.38118889954056,17.454812523276395,59552900
2004-08-02,17.497756958007812,17.516161983980762,17.276887284671208,17.344375500459094,52267000
2004-08-03,17.221670150756836,17.43640442891296,17.178723529167147,17.411862833600182,53990900
2004-08-04,17.21553611755371,17.301430537754353,17.17258949255727,17.184860291187046,46217900
2004-08-05,16.89036750793457,17.307564113733374,16.88423210885121,17.276888288524308,55591700
2004-08-06,16.65109634399414,17.092835841537894,16.602014307623506,16.79834245310604,75628000
2004-08-09,16.675634384155273,16.736987209061155,16.62655235827213,16.72471641003842,51877500
2004-08-10,17.006938934326172,17.025345134124386,16.71858215873476,16.749257988190568,57632700
2004-08-11,16.816743850708008,16.878096671193642,16.687903980875127,16.80447305256934,53097300
2004-08-12,16.4915828704834,16.75539930978932,16.47931323648949,16.706317263188794,50279700
2004-08-13,16.57746696472168,16.718577614193496,16.552925371661765,16.5713315664567,43333200
2004-08-16,16.62041473388672,16.68790294926973,16.54065572112359,16.583603511954006,54347200
2004-08-17,16.595867156982422,16.798330559943874,16.552920551840177,16.700166556702396,56879700
2004-08-18,16.8474178314209,16.871959425011468,16.49770831420842,16.52224990779899,58844000
2004-08-19,16.638818740844727,16.84128219014869,16.571330534340905,16.77992938152772,46293000
2004-08-20,16.687904357910156,16.792203804029885,16.589740310998383,16.64495656345448,46494800
2004-08-23,16.761743545532227,16.817123849842524,16.68790392222493,16.780204038188877,39572200
2004-08-24,16.761743545532227,16.89711697070204,16.66944342956828,16.86019715904839,40835300
2004-08-25,16.952491760253906,17.02633253319996,16.72481829318384,16.7432776061759,53512700
2004-08-26,16.88481330871582,16.98326693482357,16.854045817019774,16.89711913173444,35465500
2004-08-27,16.897123336791992,17.014037487012896,16.890971010581502,16.92173733627433,33248700
2004-08-30,16.798664093017578,16.8540443997537,16.521763732996675,16.798664093017578,36679600
2004-08-31,16.798664093017578,16.810971088661095,16.64483016845273,16.792511768855523,52106700
2004-09-01,16.854049682617188,16.93404400571438,16.70021570983343,16.755596033928388,48507500
2004-09-02,16.995582580566406,17.032502415730395,16.82944156183787,16.86020789553113,42161700
2004-09-03,16.681743621826172,16.995564827054434,16.675590126783362,16.89711008002865,46174400
2004-09-07,16.835586547851562,16.847892370908326,16.712518928005473,16.792513233003373,44893400
2004-09-08,16.774051666259766,16.903271602548667,16.700210864337727,16.798664484460623,53278100
2004-09-09,16.786365509033203,16.903278497078425,16.724831677942966,16.798671336323086,56904700
2004-09-10,16.91558074951172,16.927887747007006,16.72482698297429,16.823280615616827,52664500
2004-09-13,16.767898559570312,16.964805804410897,16.45407719798322,16.940192985635704,48239200
2004-09-14,16.88481330871582,16.927886623430485,16.780206184268863,16.841739994001156,55920000
2004-09-15,16.73098373413086,16.86020371197137,16.700216234411613,16.83559088585608,52605700
2004-09-16,16.774051666259766,16.82943197428636,16.71867135823317,16.749437674399175,35951500
2004-09-17,16.92788314819336,16.940190142345195,16.77404924227411,16.854042356941914,65283000
2004-09-20,16.92788314819336,17.01402975993708,16.81712254814597,16.8848098423215,51513600
2004-09-21,16.774051666259766,16.94019259033955,16.767898168294618,16.8909657802781,73874400
2004-09-22,16.68790626525879,17.069413777783854,16.657138773177856,16.78635989259815,68409000
2004-09-23,16.829431533813477,16.85404435137015,16.7186709206592,16.730977916267385,52155800
2004-09-24,16.792524337768555,16.897130358055126,16.730990487153655,16.854057014722873,49859800
2004-09-27,16.73098373413086,16.810976886080685,16.694062734467767,16.71867673424316,47813600
2004-09-28,16.78020477294922,16.835585079684474,16.638677844030106,16.743283786019248,62055100
2004-09-29,16.97096061706543,17.03864792784475,16.755592861216556,16.774053356972694,61529300
2004-09-30,17.014034271240234,17.10018207948577,16.9340411353621,16.97711445265493,71218000
2004-10-01,17.38323402404785,17.42630733649887,17.094026659262614,17.118639477666164,66302800
2004-10-04,17.303241729736328,17.512454804042246,17.272474238176784,17.500148981078226,62016200
2004-10-05,17.463233947753906,17.506308450629582,17.290940630891992,17.321706959285848,58017700
2004-10-06,17.555522918701172,17.567828737197573,17.370921557342736,17.469375147270153,56999600
2004-10-07,17.33401107788086,17.592452183861425,17.327857578493226,17.561685860583264,38401500
2004-10-08,17.223251342773438,17.432465638324988,17.210944343350388,17.290938665940132,49556600
2004-10-11,17.266319274902344,17.364772892219985,17.186326150954145,17.35246707030005,44691000
2004-10-12,17.247861862182617,17.327854994975166,17.112487243158547,17.124794240098886,56412900
2004-10-13,17.247861862182617,17.3955423044872,17.19248154961092,17.346315490385674,49500700
2004-10-14,17.10633659362793,17.32785788080752,17.10633659362793,17.254018234187672,41548700
2004-10-15,17.223251342773438,17.377085314581336,17.11864419499766,17.210944343350388,49828500
2004-10-18,17.481689453125,17.506303447734133,17.21709487937611,17.2724751935868,50350700
2004-10-19,17.340167999267578,17.592455655648273,17.33401449866558,17.555535825696523,57026500
2004-10-20,17.660131454467773,17.690897763723505,17.303236868267728,17.364769486779196,69078100
2004-10-21,17.57398796081543,17.777048702927697,17.518607651724835,17.727821891920474,94988500
2004-10-22,17.06941032409668,17.4386119387479,16.970956716677634,17.41399795006335,101912800
2004-10-25,17.001728057861328,17.08787587007958,16.95250123959087,17.02634205382652,61529500
2004-10-26,17.16786766052246,17.16786766052246,17.00172672179325,17.050953536195255,76966600
2004-10-27,17.321699142456055,17.444766747814686,16.970957992941525,17.143252405711674,72392600
2004-10-28,17.235549926757812,17.56167821027262,17.167862636640148,17.297083720168462,63059600
2004-10-29,17.2109432220459,17.32170386231707,17.10633608108535,17.303244538045195,80010100
2004-11-01,17.278623580932617,17.40169117025311,17.204782792608416,17.32785038192891,72930900
2004-11-02,17.3770809173584,17.518607853930245,17.247860977095343,17.389387913667193,89417100
2004-11-03,17.518613815307617,17.629374472457787,17.42016015865417,17.629374472457787,79666700
2004-11-04,17.844736099243164,17.844736099243164,17.463227431745604,17.463227431745604,87867700
2004-11-05,18.03548812866211,18.066255616306016,17.863194892494825,17.973954327033944,95337700
2004-11-08,18.017032623291016,18.140099078936426,17.924731314482088,17.955498808638364,112802100
2004-11-09,18.318546295166016,18.392385930883197,18.06010522283619,18.109332037867592,100401000
2004-11-10,18.293928146362305,18.460069049485977,18.26931533126597,18.41084224563373,84097700
2004-11-11,18.447757720947266,18.509291504720572,18.349304136373696,18.39237743291722,87358900
2004-11-12,18.441614151000977,18.583142281951808,18.337007014381633,18.558528285730816,162269000
2004-11-15,18.784517288208008,18.859957536945046,18.65421306886949,18.750226979559226,104468000
2004-11-16,18.599349975585938,18.750229182696778,18.55134170650871,18.743370858542885,64522600
2004-11-17,18.63364028930664,18.75708750790041,18.558200031701208,18.68850557444925,58830700
2004-11-18,18.565059661865234,18.633641600140976,18.517052697499718,18.606208301594013,63249900
2004-11-19,18.421039581298828,18.565060480747967,18.407322931420318,18.53762848908268,85808600
2004-11-22,18.277019500732422,18.393608422084228,17.899820741819347,18.345601450014403,92410800
2004-11-23,18.194725036621094,18.311313976097825,18.105568096266605,18.18786670981751,70459700
2004-11-24,18.27016258239746,18.331886210696805,18.105566676296547,18.25644723795804,60069200
2004-11-26,18.24272918701172,18.39360842901543,18.208437558311864,18.215295884051837,24398700
2004-11-29,18.359317779541016,18.48276502446544,18.249587185850828,18.270160854610324,67079900
2004-11-30,18.386749267578125,18.52391315995953,18.31131030405099,18.34560062310043,75960400
2004-12-01,18.688508987426758,18.70908396364707,18.38674920998792,18.482764457590896,99889000
2004-12-02,18.578779220581055,18.79138208524702,18.46219029968194,18.70222646719093,96088300
2004-12-03,18.67479133605957,18.81881354570174,18.613067718797463,18.6267843688761,76498400
2004-12-06,18.743371963500977,18.818812225549536,18.565059449262712,18.585634422937314,55297400
2004-12-07,18.565059661865234,18.77766249323753,18.517052697499718,18.695365213779976,111656000
2004-12-08,18.76395034790039,18.76395034790039,18.455332227142073,18.523914177098575,95655000
2004-12-09,18.67479133605957,18.76394825347895,18.47590514228636,18.606209393758146,83006000
2004-12-10,18.571914672851562,18.640496598890735,18.544482687290756,18.571914672851562,70949200
2004-12-13,18.688508987426758,18.70908396364707,18.455331155963812,18.585636722508827,93812500
2004-12-14,18.67479133605957,18.743373278361,18.544487084587786,18.551344101535353,127843200
2004-12-15,18.592487335205078,18.791373457130355,18.565054044958128,18.667926267201636,106303900
2004-12-16,18.62677574157715,18.709074295839272,18.523903529817847,18.619917419714376,88997500
2004-12-17,18.489620208740234,18.736514674109436,18.379889625929863,18.51705350848869,126184400
2004-12-20,18.482757568359375,18.619920101093616,18.441607631256904,18.523906197370515,85552800
2004-12-21,18.565059661865234,18.633641600140976,18.475904057770943,18.517052697499718,94646100
2004-12-22,18.496479034423828,18.61992627045046,18.366174781366176,18.407323424011132,63651900
2004-12-23,18.523910522460938,18.61992444860203,18.400463298512882,18.427896596319844,65801900
2004-12-27,18.4141788482666,18.585633025051035,18.393603876139508,18.523909416761313,55958500
2004-12-28,18.482757568359375,18.537622843071336,18.37988403369453,18.41417564794659,55075900
2004-12-29,18.44845962524414,18.517041522129464,18.39359436935406,18.41416933084692,47594900
2004-12-30,18.352458953857422,18.475906195418165,18.345600628427178,18.441614568266946,48355400
2004-12-31,18.325023651123047,18.44847087920389,18.29759166048935,18.34559862516708,54959500
2005-01-03,18.3387451171875,18.482767357140055,18.27702148693527,18.37989376799165,65002900
2005-01-04,18.407320022583008,18.585632518550387,18.283872809367782,18.427894994149387,109442100
2005-01-05,18.36617660522461,18.585637798580382,18.3524599536169,18.407325251955843,72463500
2005-01-06,18.345598220825195,18.55820104889433,18.27015795908481,18.414180158035393,76890500
2005-01-07,18.29073143005371,18.441610633047787,18.256441118311457,18.393603673372017,68723300
2005-01-10,18.3798885345459,18.42103848172513,18.201577329135823,18.242725968223407,70376600
2005-01-11,18.331878662109375,18.393602264992555,18.249581396992767,18.30444667643432,64712000
2005-01-12,18.36617660522461,18.414183577759697,18.256446008546725,18.359318279420755,72940600
2005-01-13,18.016407012939453,18.37988906690918,17.940966749017424,18.297591786350317,89861600
2005-01-14,17.91353988647461,18.13985943493966,17.858674581031327,18.105567801480067,92180800
2005-01-18,18.05069923400879,18.071274210366344,17.72150746083891,17.85181302825309,69146400
2005-01-19,17.817522048950195,18.009551244328623,17.776373402830487,17.97525961581897,58114100
2005-01-20,17.735219955444336,17.89981580345577,17.65292137739286,17.72150330775384,58380100
2005-01-21,17.591203689575195,17.920395496357216,17.584345363422408,17.796949549882928,76501000
2005-01-24,17.60491371154785,17.831233156985938,17.5843387408384,17.666637315584733,69010900
2005-01-25,17.844951629638672,17.9615405260695,17.659780798585306,17.66663912285672,67580700
2005-01-26,17.838098526000977,17.947829130274986,17.7626582450281,17.879247175580733,64974500
2005-01-27,17.906675338745117,17.940965652199697,17.728362830979773,17.796944765980538,93204100
2005-01-28,17.95468521118164,18.27701865741476,17.803804668104668,18.201579693968096,110466500
2005-01-31,18.023265838623047,18.187861712407383,17.940967247685016,18.071272804965346,71442100
2005-02-01,18.09870147705078,18.1261347716958,17.98211259099242,18.002687561976185,57981700
2005-02-02,18.146713256835938,18.174146558770992,18.02326732240369,18.119281262992715,79329500
2005-02-03,17.95468521118164,18.105564446166795,17.899819915905965,18.084990777995806,62545400
2005-02-04,18.05069923400879,18.08499086127138,17.92725199204713,17.94782696840468,61246500
2005-02-07,17.940963745117188,18.03697765905724,17.87238181740652,18.016403996408066,57763400
2005-02-08,17.995834350585938,18.064416298589816,17.940969053801208,17.961544030629927,61343700
2005-02-09,17.879236221313477,18.043832026879777,17.85866256317468,18.002683402511,77874800
2005-02-10,17.87238883972168,17.920395815554325,17.831240190163978,17.899822144821467,71796400
2005-02-11,17.810667037963867,17.913540634546596,17.700936422494937,17.851816999833805,83835900
2005-02-14,17.838098526000977,17.91353880697385,17.769516571306724,17.78323322386397,58694000
2005-02-15,17.838098526000977,17.941288188273038,17.789943437749198,17.886253614252755,76551600
2005-02-16,17.741783142089844,17.83809329032532,17.659230649225606,17.796817699956883,57506600
2005-02-17,17.645471572875977,17.78993810646537,17.61107546646902,17.686747162989796,67024800
2005-02-18,17.528528213500977,17.6454768472196,17.473493639523255,17.63859736145642,77091100
2005-02-22,17.356544494628906,17.535407182820666,17.335907350074898,17.37030346575005,96419200
2005-02-23,17.335908889770508,17.439098558088514,17.31527043125578,17.363425522328992,83689400
2005-02-24,17.452856063842773,17.501011150869445,17.301510005041564,17.322148461822014,85236300
2005-02-25,17.370304107666016,17.459734799002934,17.30151056164575,17.42533868205668,62467700
2005-02-28,17.308387756347656,17.452854315079943,17.287749301635163,17.34966335364506,82728000
2005-03-01,17.39093780517578,17.480368472035348,17.28774685832507,17.329023761916314,56394800
2005-03-02,17.37718391418457,17.528528668520092,17.308390366894688,17.329028824719988,67739000
2005-03-03,17.315261840820312,17.411571975185424,17.294623392544715,17.40469249242689,52183600
2005-03-04,17.315261840820312,17.40469249242689,17.287743909786183,17.34277845972727,63058200
2005-03-07,17.521648406982422,17.741788010991122,17.308389600738685,17.31526908637593,80407400
2005-03-08,17.473485946655273,17.624831942558302,17.432210362375887,17.473485946655273,52871800
2005-03-09,17.411575317382812,17.590437967056296,17.390938177273036,17.46660987788793,62991800
2005-03-10,17.494129180908203,17.528525291863264,17.370301082065943,17.494129180908203,59132900
2005-03-11,17.26023292541504,17.528526279945268,17.2395944704021,17.507889137059927,60617900
2005-03-14,17.273988723754883,17.301505346592226,17.170797779764623,17.25335027253136,65550500
2005-03-15,17.136398315429688,17.36341598589651,17.12263935064331,17.267105856646072,71469400
2005-03-16,16.943784713745117,17.177681976610895,16.89562962647176,17.074492316435457,74841400
2005-03-17,16.881868362426758,16.978178516407624,16.87498887826706,16.95066057976884,60573200
2005-03-18,16.723636627197266,17.136396338275706,16.70299949452586,16.874982598131297,135904000
2005-03-21,16.647974014282227,16.75804315552313,16.613576587564655,16.751163670179615,71446200
2005-03-22,16.50350570678711,16.696127339719418,16.482867252931943,16.641092774899832,102113300
2005-03-23,16.634212493896484,16.778677727583606,16.482866463792874,16.50350491665995,79293300
2005-03-24,16.7030029296875,16.833709170577446,16.64796837770036,16.67548499763032,78820900
2005-03-28,16.647974014282227,16.83371487004646,16.634215043595198,16.78555978476952,49802000
2005-03-29,16.455347061157227,16.675485272737568,16.38655354200656,16.6066917535869,74231700
2005-03-30,16.620450973510742,16.641089423209106,16.510381866040653,16.537899798971804,59585700
2005-03-31,16.627328872680664,16.72363900450984,16.592932771920854,16.682363421172642,62382300
2005-04-01,16.592941284179688,16.751165528248034,16.57918231196649,16.675492493203254,64619600
2005-04-04,16.668607711791992,16.68924616355534,16.46910792658921,16.58605652899339,62196400
2005-04-05,16.83371925354004,16.85435771494483,16.59294376445752,16.661736011550808,73549600
2005-04-06,16.971298217773438,17.157040344788907,16.819953509905673,16.83371116543738,78020200
2005-04-07,17.26711082458496,17.287747965574958,16.943781619715207,16.964420072832684,77451500
2005-04-08,17.15703773498535,17.370296452752246,17.136399286636102,17.24646838691109,47956300
2005-04-11,17.177684783935547,17.27399628635003,17.102013053908085,17.218961704453726,47791800
2005-04-12,17.41845703125,17.43909548612919,17.06073168610956,17.143284193498733,67517800
2005-04-13,17.225830078125,17.507882292396232,17.191432666551016,17.356536305724877,60929300
2005-04-14,17.088245391845703,17.29462464099088,17.081365908590563,17.205193982928574,66754400
2005-04-15,16.826833724975586,17.129524489595767,16.792437613778365,16.909386228827465,100251600
2005-04-18,16.95754051208496,17.088248090318665,16.78555733992968,16.81995476163722,75766400
2005-04-19,16.943784713745117,17.060733345178004,16.819957908811222,16.998819286647198,65956200
2005-04-20,16.730520248413086,16.991935365366132,16.716761281809816,16.964417432159593,91923500
2005-04-21,17.39093780517578,17.4666095041716,16.833711415840572,16.840590899772447,93562300
2005-04-22,17.18455696105957,17.370299088000245,17.046971220906293,17.232712035719587,80087500
2005-04-25,17.191434860229492,17.39093593643427,17.10200420297969,17.24646941364335,75457900
2005-04-26,17.033212661743164,17.37029950457467,17.019453693759658,17.163920233331677,60464300
2005-04-27,17.191434860229492,17.30150396705721,16.943778713803493,16.96441716338141,47732800
2005-04-28,16.819955825805664,17.143283737548074,16.813076341028903,17.074490201908024,83623100
2005-04-29,17.404701232910156,17.404701232910156,17.053856620924215,17.115769372588687,98641200
2005-05-02,17.356544494628906,17.445976494788642,17.16392414744371,17.356544494628906,54376700
2005-05-03,17.44597053527832,17.47348715599328,17.26022842497514,17.287745045690098,67867800
2005-05-04,17.34278106689453,17.473488634701777,17.27398885322191,17.43221304407273,86864200
2005-05-05,17.356544494628906,17.425338038106926,17.253354835475736,17.335907350074898,59362300
2005-05-06,17.34966278076172,17.528525445981227,17.329025638858244,17.425335800081232,64322600
2005-05-09,17.273988723754883,17.425333429678652,17.232711821307834,17.356539904394264,61872400
2005-05-10,17.129518508911133,17.253346565391247,17.074483962934092,17.225829948466266,62235100
2005-05-11,17.136398315429688,17.17767389766172,16.950656227194898,17.12263935064331,59463300
2005-05-12,17.198318481445312,17.273991502644495,17.081369863286383,17.08824934813427,74540700
2005-05-13,17.404701232910156,17.45973581048911,17.19144240880769,17.21896035366108,77204300
2005-05-16,17.591020584106445,17.597921887899528,17.383986735470327,17.41159063435356,50577300
2005-05-17,17.570329666137695,17.597934901724344,17.425406128178025,17.46681266526792,39983200
2005-05-18,17.735950469970703,17.83256611848895,17.54271785664472,17.597926986696503,71182400
2005-05-19,17.887771606445312,17.977485930904333,17.735946858788033,17.7704520644363,52120800
2005-05-20,17.763553619384766,17.887774485776667,17.75665231388639,17.860169263783163,64444500
2005-05-23,17.839466094970703,17.99129086222748,17.763553053197615,17.763553053197615,75421100
2005-05-24,17.770458221435547,17.86017257697825,17.74975430109969,17.804963439038968,61287700
2005-05-25,17.74285316467285,17.784261005742135,17.597929669799438,17.722150560427902,35749000
2005-05-26,17.87397575378418,17.942987507455413,17.75665616743,17.77045878142219,50579200
2005-05-27,17.991287231445312,18.00508983921665,17.81185727928527,17.82565988705661,54978000
2005-05-31,17.804960250854492,17.963687645761414,17.77045503942963,17.93608242358997,46131100
2005-06-01,17.811853408813477,17.942975521570443,17.673831309959315,17.756644306014042,54621000
2005-06-02,17.798057556152344,17.84636537131975,17.694539305034482,17.742847120201887,27212500
2005-06-03,17.549617767333984,17.81186078516062,17.487507336427,17.73594906005494,79659500
2005-06-06,17.50821876525879,17.597933139350648,17.466810916025672,17.51511875717436,40756900
2005-06-07,17.604825973510742,17.8256624646284,17.466802508417548,17.48060511818473,54511400
2005-06-08,17.528919219970703,17.68074534925878,17.48751269211477,17.632436197755435,45369700
2005-06-09,17.604825973510742,17.67383770605734,17.494407727951913,17.528912936080555,52767900
2005-06-10,17.549617767333984,17.611728198240968,17.487507336427,17.591024282508844,39459800
2005-06-13,17.466812133789062,17.59103305756904,17.432306906645753,17.50131867722241,49104100
2005-06-14,17.501310348510742,17.55651947544055,17.418495999971327,17.46680382149873,44243300
2005-06-15,17.432300567626953,17.535817527704385,17.32878360754952,17.528916221527282,50764800
2005-06-16,17.28046989440918,17.411590718242206,17.218359476261277,17.40468941441587,65918800
2005-06-17,17.28046989440918,17.452998541200216,17.19765556478227,17.43919593354755,90821300
2005-06-20,17.328779220581055,17.446098763311984,17.204558373420166,17.239063579280756,50538900
2005-06-21,17.356395721435547,17.384000959194708,17.28048395017823,17.308087871647203,81084000
2005-06-22,17.301170349121094,17.43229247302098,17.273566453519987,17.328775561011156,60492700
2005-06-23,17.466812133789062,17.680748754205705,17.356393827382426,17.370196444755766,105159800
2005-06-24,17.28046989440918,17.528910250711675,17.28046989440918,17.40468941441587,57970700
2005-06-27,17.287378311157227,17.42540182240505,17.273577013064248,17.30118092553996,61636200
2005-06-28,17.301170349121094,17.39088597147484,17.273566453519987,17.314972955066125,53058100
2005-06-29,17.314983367919922,17.473709482875343,17.252872920104366,17.404697727936977,55859900
2005-06-30,17.14244842529297,17.349482298777136,17.12864581605022,17.29427317809541,82018200
2005-07-01,17.052738189697266,17.245970831510746,17.025134278746588,17.149355168748848,69718400
2005-07-05,17.239057540893555,17.38398225058103,16.990617249883087,17.018221141644798,61883500
2005-07-06,17.045835494995117,17.30807853072743,17.03893418927986,17.2321654841491,64214600
2005-07-07,17.01133155822754,17.0527380825382,16.90781458930605,16.963023727150155,80082900
2005-07-08,17.314983367919922,17.335687289288355,16.997529821719336,17.004431128842146,56104000
2005-07-11,17.45301055908203,17.515119703708248,17.328789637249557,17.356393555273428,61525400
2005-07-12,17.67384147644043,17.680742782796287,17.390894497298326,17.418498406432153,63384800
2005-07-13,17.708343505859375,17.770453935597622,17.58412264638288,17.618629171953774,44749200
2005-07-14,17.922283172607422,18.011998845195237,17.79806359841533,17.79806359841533,69506800
2005-07-15,17.798057556152344,18.01199273030339,17.770452338177115,17.97058621962979,56472800
2005-07-18,17.632434844970703,17.798063576266753,17.632434844970703,17.742853121641613,39668000
2005-07-19,18.053403854370117,18.11551429439693,17.77045687926556,17.798062104295067,113290100
2005-07-20,18.074106216430664,18.101710122793087,17.86016968974694,17.942984041413133,71424800
2005-07-21,18.24663543701172,18.274239344172724,17.942984560503675,18.150018471224453,112932100
2005-07-22,17.722145080566406,18.177620661173457,17.687638557011763,17.936080261448073,97558900
2005-07-25,17.729053497314453,17.8739770055124,17.701448267396856,17.729053497314453,45174600
2005-07-26,17.625534057617188,17.763556239071274,17.61863275110104,17.749753626038977,51476400
2005-07-27,17.74974822998047,17.804957349036037,17.618627394904262,17.67383651395983,57977300
2005-07-28,17.770458221435547,17.83946997293207,17.70834777671765,17.770458221435547,44738700
2005-07-29,17.67384147644043,17.942985842870822,17.66003886372872,17.791161051910784,59524400
2005-08-01,17.887771606445312,17.977485930904333,17.777353368823796,17.811858574472062,61346800
2005-08-02,18.501985549926758,18.56409601452366,17.853278300588165,17.8739809112604,137510100
2005-08-03,18.805631637573242,18.929852534225958,18.44677156197423,18.467475483512935,139422400
2005-08-04,18.85393524169922,18.97815611048324,18.667603938523186,18.743516984177745,91461400
2005-08-05,19.1575927734375,19.281813685441108,18.805633961523913,18.83323919365357,82212400
2005-08-08,18.722808837890625,19.21279089671083,18.688303633818276,19.185185680421615,77207200
2005-08-09,18.8746337890625,18.98505201517176,18.639994729508054,18.78491815766805,64761800
2005-08-10,18.598596572875977,18.9781592309797,18.529584821505388,18.916048786375136,62818800
2005-08-11,18.81943702697754,18.84013963527922,18.557192580643367,18.619303038128304,48646800
2005-08-12,18.667604446411133,18.729714882492978,18.564087491704555,18.688308363868245,52006500
2005-08-15,18.77834701538086,18.89601456141991,18.473796806968732,18.674523020686102,45976600
2005-08-16,18.508405685424805,18.785270131092073,18.480719900954984,18.709133233654708,46894600
2005-08-17,18.653772354125977,18.79220400598727,18.4530446766643,18.5637905262312,52413100
2005-08-18,18.563785552978516,18.743747840361358,18.549941995442687,18.612236684159605,40861900
2005-08-19,18.494556427001953,18.62606749319172,18.480714199134667,18.584538169203046,36043500
2005-08-22,18.626075744628906,18.80603798856179,18.529173505662733,18.543017059856183,41691700
2005-08-23,18.598384857177734,18.736816400575456,18.508403099785266,18.57761953158094,48296700
2005-08-24,18.556856155395508,18.799113032032825,18.536092147811072,18.577621483173715,63645000
2005-08-25,18.709138870239258,18.750668219552626,18.58454950210495,18.619157073167052,39306300
2005-08-26,18.6676025390625,18.743740756540333,18.598387417930443,18.729897204236398,36774600
2005-08-29,18.792186737060547,18.847559610959546,18.556851692941432,18.556851692941432,52307700
2005-08-30,18.812963485717773,18.84757105785068,18.660686999866776,18.729903464326842,55163200
2005-08-31,18.951398849487305,18.992929528508814,18.716064936004653,18.806045433495562,65210200
2005-09-01,18.82679557800293,18.95830532818004,18.792186706750968,18.951383553929645,75974500
2005-09-02,18.702213287353516,18.875253747850433,18.667604403137766,18.833723086791533,52047500
2005-09-06,18.688377380371094,18.889105030372136,18.67453382102044,18.729906738228575,46089000
2005-09-07,18.584548950195312,18.764511218801136,18.5637836160582,18.64684363241249,44656100
2005-09-08,18.418432235717773,18.605314982448224,18.356137546742854,18.549942072269882,52552300
2005-09-09,18.397661209106445,18.563779888262538,18.363053646021644,18.425348315729416,41515800
2005-09-12,18.418432235717773,18.51533449848129,18.356137546742854,18.425354014514355,40550500
2005-09-13,18.328439712524414,18.522245444902243,18.252302830677824,18.36997036101551,63422900
2005-09-14,18.210777282714844,18.439190632616395,18.203855506027658,18.356131952757966,54969600
2005-09-15,18.183094024658203,18.293839826665433,18.148485136409633,18.252310480961246,60357200
2005-09-16,18.044658660888672,18.273072011525468,17.9754422139879,18.231542671462574,187384300
2005-09-19,17.996212005615234,18.183096062520164,17.899309748047155,18.058506691250212,61832300
2005-09-20,17.885461807250977,18.14848272197794,17.781637796705965,18.044658711432927,61043400
2005-09-21,17.64320182800293,17.92698802346373,17.601672495060633,17.857771588430772,68281800
2005-09-22,17.539379119873047,17.71934133605901,17.407868015699886,17.64320311992816,71314900
2005-09-23,17.490934371948242,17.677818432161605,17.387110334116688,17.518620165945997,66396800
2005-09-26,17.490934371948242,17.643209539421573,17.449403700660206,17.580914852683787,56203700
2005-09-27,17.539379119873047,17.615517336003897,17.511692015755,17.560144447961587,48797900
2005-09-28,17.767799377441406,17.906232311632362,17.56707175488395,17.57399353361293,71019400
2005-09-29,17.954679489135742,17.996208832171043,17.65012789309083,17.726266122150562,66807100
2005-09-30,17.809328079223633,17.9616045653114,17.72626937789781,17.933917451406625,57644500
2005-10-03,17.650131225585938,17.809328170774013,17.60860187470954,17.79548461375046,55341300
2005-10-04,17.290203094482422,17.57398935390473,17.131006182161418,17.553225342850503,151666300
2005-10-05,17.075632095336914,17.338653005175598,17.075632095336914,17.33173254876928,73684700
2005-10-06,17.117164611816406,17.26944108489698,16.97873301469987,17.06871348681591,81724600
2005-10-07,17.0202579498291,17.193298391514883,16.97180683738809,17.144847279073872,50768700
2005-10-10,16.93027114868164,17.08254753702825,16.854134274701742,17.075625762994914,48880900
2005-10-11,16.895666122436523,16.992568332990846,16.784920361747698,16.96488255291544,76567300
2005-10-12,16.819530487060547,17.096396251283707,16.798766478879475,16.95104159304717,71294400
2005-10-13,17.0202579498291,17.117160174711124,16.798766395702305,16.826452179871257,70192000
2005-10-14,17.075632095336914,17.117161434744308,16.957964533521054,17.103317881543877,53846700
2005-10-17,16.978734970092773,17.089480788617944,16.91644028214808,17.08255900993583,46924400
2005-10-18,17.006418228149414,17.18638048646033,16.923359536740744,16.9510453271456,69328200
2005-10-19,17.36634063720703,17.36634063720703,16.957965046791237,16.999494387455606,66574500
2005-10-20,17.158693313598633,17.39402713375868,17.12408442813834,17.3386542372162,58830600
2005-10-21,17.15176773071289,17.304042832367998,17.006413084420277,17.241748172555976,69431200
2005-10-24,17.37326431274414,17.37326431274414,17.082556255934136,17.2279096242421,51868000
2005-10-25,17.32480812072754,17.394023235749003,17.18637525029722,17.26943523659415,41310500
2005-10-26,17.380184173583984,17.532459302664897,17.25559483152054,17.283280618538008,58178100
2005-10-27,17.200223922729492,17.490931981036255,17.200223922729492,17.456323093027063,61566100
2005-10-28,17.670886993408203,17.719338096563042,17.373257279521553,17.373257279521553,106559300
2005-10-31,17.78856086730957,17.857775999244755,17.65012796305117,17.72626619241269,75122100
2005-11-01,17.968523025512695,18.06542659320959,17.72626740675573,17.72626740675573,71370400
2005-11-02,18.314607620239258,18.342294736553768,17.94776257043258,17.94776257043258,75067100
2005-11-03,18.30075454711914,18.439186086148712,18.169243462876498,18.411500306420233,73421600
2005-11-04,18.45302963256836,18.487637187270714,18.307676318586164,18.363049198226086,57464000
2005-11-07,18.695287704467773,18.74373881231206,18.48071794678865,18.494560177462965,77104800
2005-11-08,18.722978591918945,18.812960376905963,18.529174107689744,18.646841681769203,60091700
2005-11-09,18.660675048828125,18.79218611505791,18.64683282095663,18.67451859689303,59562100
2005-11-10,18.75066375732422,18.792193096754556,18.439190411111966,18.646839748651434,73314800
2005-11-11,18.882171630859375,18.958308520045378,18.778346319816666,18.792189870648183,51945600
2005-11-14,18.944477081298828,18.992928216616093,18.826809472587865,18.937555301940016,67152200
2005-11-15,19.090242385864258,19.118010646703294,18.916694727810945,18.972229925425463,65081000
2005-11-16,19.25685691833496,19.35404322826136,19.048600161617195,19.076367111282952,86277000
2005-11-17,19.416515350341797,19.437341550094157,19.27073592426672,19.333213199459987,91351000
2005-11-18,19.485923767089844,19.610878247419063,19.367911349452584,19.520634080549666,75431200
2005-11-21,19.548419952392578,19.60395518368659,19.32627902721654,19.485942651678773,65794400
2005-11-22,19.37487030029297,19.492882820796098,19.340161280642022,19.478998683310028,104253300
2005-11-23,19.38180923461914,19.499821736037347,19.25685466558057,19.38180923461914,70541300
2005-11-25,19.270742416381836,19.395697008864285,19.069426389812502,19.2985093680089,44082500
2005-11-28,19.26380157470703,19.33322094429362,19.111080020868012,19.291569852167406,57517200
2005-11-29,19.2152099609375,19.291571406039843,19.159674725607918,19.291571406039843,62220400
2005-11-30,19.2152099609375,19.277687266191336,19.18049961131623,19.2152099609375,55904700
2005-12-01,19.360977172851562,19.506757900635918,19.249906772665202,19.249906772665202,61006100
2005-12-02,19.444286346435547,19.506763630399913,19.291564832335983,19.312389710948104,42319600
2005-12-05,19.333221435546875,19.45123396962345,19.236033786030397,19.388756667814416,47517300
2005-12-06,19.222148895263672,19.381812505283158,19.215206826471835,19.367928367699488,65980000
2005-12-07,19.26380157470703,19.26380157470703,19.124962835533854,19.20826634385063,55583200
2005-12-08,19.222148895263672,19.305451072637215,19.159671600201396,19.236031708783102,63931600
2005-12-09,19.236026763916016,19.319330243939568,19.1874336189289,19.236026763916016,48467000
2005-12-12,19.055540084838867,19.263796818111764,18.972236597091296,19.229087803920955,63757200
2005-12-13,18.833402633666992,19.041660743434633,18.74315837961273,18.94447441998168,104285500
2005-12-14,18.805633544921875,18.909761925950654,18.639027870462986,18.743156251491765,65076200
2005-12-15,18.6876163482666,18.819512970717255,18.611254936732454,18.798686770099614,79018100
2005-12-16,18.67373275756836,18.798687316780242,18.611255477962416,18.659848623419503,88542500
2005-12-19,18.625144958496094,18.652913234764743,18.500190363415744,18.618202889428932,68680100
2005-12-20,18.645963668823242,18.6598464773115,18.514067057706637,18.576544330126936,62960600
2005-12-21,18.555727005004883,18.680681609601184,18.54184286581321,18.65291465528222,75800900
2005-12-22,18.458541870117188,18.59043855282201,18.340529327500125,18.54184406251483,91276900
2005-12-23,18.493249893188477,18.5140761021905,18.354412472034856,18.409947705309186,30689200
2005-12-27,18.36829948425293,18.639034966881614,18.361358737064112,18.52102240370109,37819000
2005-12-28,18.3197021484375,18.50713405751562,18.29193519379504,18.403005660493687,35444400
2005-12-29,18.23639488220215,18.396058468112283,18.229452814458572,18.33358118248414,34495500
2005-12-30,18.15308380126953,18.264154190586257,18.11837480113186,18.15308380126953,49044600
2006-01-03,18.632080078125,18.74315049364371,18.118379075335014,18.22250742437583,79973000
2006-01-04,18.722328186035156,18.7986896091015,18.583490799808427,18.583490799808427,57975600
2006-01-05,18.7362117767334,18.83339807667081,18.680676559045732,18.715385573576512,48245500
2006-01-06,18.68067741394043,18.743154702206247,18.389117176721324,18.666793277867118,100963000
2006-01-09,18.645963668823242,18.791743088428106,18.576544330126936,18.69455680869153,55625000
2006-01-10,18.743152618408203,18.757036752937925,18.4585344808686,18.500185560393824,64921900
2006-01-11,18.944475173950195,19.01389322257115,18.673739752883733,18.75010119524407,70120700
2006-01-12,18.840333938598633,18.92363739972294,18.722321474376294,18.916695334290615,45994800
2006-01-13,18.875038146972656,18.916689202000843,18.750083657824927,18.76396778418871,41418000
2006-01-17,18.7362117767334,18.875050482984584,18.67373449132677,18.67373449132677,58566600
2006-01-18,18.625144958496094,18.729273346374953,18.534900708751557,18.56266766095592,52376200
2006-01-19,18.757041931152344,18.90976348094896,18.639029403198133,18.65291354156082,60367600
2006-01-20,18.333580017089844,18.750094786779915,18.229451655683313,18.750094786779915,79165900
2006-01-23,18.291929244995117,18.416883810410166,18.25721890789984,18.333580325445475,47925600
2006-01-24,18.24333953857422,18.361352058832257,18.20168712620252,18.284990626881694,63040700
2006-01-25,18.326635360717773,18.444647840056845,18.2086228813787,18.333577427039337,59072100
2006-01-26,18.396059036254883,18.548780559138084,18.26416239318153,18.43771011993865,69509300
2006-01-27,19.29156494140625,19.402635374845538,18.87505015397692,18.902817100304738,134520700
2006-01-30,19.437345504760742,19.56230008057017,19.284623981029263,19.31239092895131,103999200
2006-01-31,19.541473388671875,19.70113697641343,19.34710078587835,19.374867733107116,94841300
2006-02-01,19.46511459350586,19.485939474305187,19.270740653639223,19.409578047203272,68448800
2006-02-02,19.2152099609375,19.430408832331572,19.124964375986647,19.416524692483062,55073400
2006-02-03,19.118019104003906,19.229089548367536,18.9791803865173,19.07636669431944,75022700
2006-02-06,18.861160278320312,19.11801140501512,18.805625078503002,19.09718520855978,60170500
2006-02-07,18.701505661010742,18.84728513351326,18.61126009073984,18.708447729805755,72159500
2006-02-08,18.68067741394043,18.798689922435404,18.54183870133549,18.7500967702429,51795200
2006-02-09,18.507123947143555,18.76397508860762,18.500181881259262,18.715380627417577,52861700
2006-02-10,18.527957916259766,18.666795319989237,18.403003326058272,18.479364758751238,52127000
2006-02-13,18.3197021484375,18.534902336222483,18.284993124118323,18.48630784848547,46707000
2006-02-14,18.500186920166016,18.521013123491336,18.29193018316898,18.33358126575558,58432900
2006-02-15,18.723079681396484,18.757907636759686,18.458393863389414,18.528048445565165,62808900
2006-02-16,18.674327850341797,18.7370168615125,18.507157596736942,18.70219022355148,48868500
2006-02-17,18.597702026367188,18.674320866939464,18.50018508515157,18.57680525427443,41513200
2006-02-21,18.48625946044922,18.61163613602993,18.34695027173614,18.61163613602993,50216100
2006-02-22,18.61163330078125,18.70915024944528,18.437497505692743,18.47929105307048,43043100
2006-02-23,18.569835662841797,18.73004022871962,18.486251249579585,18.618593458669807,47359100
2006-02-24,18.548954010009766,18.62557422505995,18.47233512351096,18.521092959069666,44753800
2006-02-27,18.841495513916016,18.987770296057143,18.576809647564257,18.63253305777257,51301500
2006-02-28,18.716110229492188,19.015622591266553,18.716110229492188,18.771833614072335,65036100
2006-03-01,18.904184341430664,18.945977895113092,18.77184207375562,18.792737522045954,53061200
2006-03-02,18.7857666015625,18.87631794697382,18.737008797979716,18.82059455308628,41850300
2006-03-03,18.75790786743164,18.918112478420497,18.625564292525308,18.674322102082726,45218800
2006-03-06,18.743980407714844,18.911150643062413,18.68825699593232,18.750946000256526,53054100
2006-03-07,18.84845733642578,18.8763197002327,18.67432154828443,18.737010538299366,51613900
2006-03-08,18.980802536010742,19.15493833909341,18.785769958279886,18.799701141378677,57547400
2006-03-09,18.80666732788086,19.099215539456594,18.80666732788086,18.994734320011858,45360700
2006-03-10,18.925077438354492,18.95990406443371,18.72307928715326,18.848457266719457,41297200
2006-03-13,18.883291244506836,19.008669264064554,18.764878818096886,18.93204906799016,40342600
2006-03-14,18.966873168945312,19.071354395088594,18.799702941405886,18.83453090248756,39821800
2006-03-15,19.057422637939453,19.120111633081418,18.813632248893008,18.945975830698348,57152000
2006-03-16,18.99473762512207,19.141011092086327,18.95990966021319,19.04349544744349,73793700
2006-03-17,19.154937744140625,19.266384548367935,18.994733129132708,19.050456531246365,120615000
2006-03-20,19.42658805847168,19.496242639289758,19.27334904351241,19.294245816323023,67094100
2006-03-21,19.322101593017578,19.656441895693018,19.280309387320713,19.322101593017578,73199600
2006-03-22,18.91114616394043,19.1549365309536,18.66735579692726,18.86238835624792,145696100
2006-03-23,18.702186584472656,18.876322397496516,18.569842994580295,18.86239121360241,73682900
2006-03-24,18.813627243041992,18.952935050751567,18.54197588874049,18.604663538652048,69157600
2006-03-27,18.813627243041992,19.015624029213512,18.806661653373954,18.813627243041992,59908600
2006-03-28,18.737009048461914,18.952937036593912,18.674320063431573,18.813629214288007,58520500
2006-03-29,18.82059097290039,18.945968917434705,18.75093641165352,18.771833178592658,53150300
2006-03-30,18.966873168945312,19.07831998730493,18.806668533622222,18.827565310271225,54612000
2006-03-31,18.95294761657715,19.182808242369052,18.95294761657715,19.015636636601982,62190500
2006-04-03,19.196733474731445,19.315145891949804,19.113149020548455,19.27335366485831,57605300
2006-04-04,19.252458572387695,19.363905406754977,19.134046144803573,19.224597528071403,45470000
2006-04-05,19.322101593017578,19.46141071674081,19.252447031155963,19.41961718249368,41539300
2006-04-06,19.196733474731445,19.30818029934273,19.064391200849887,19.266388072251235,51885500
2006-04-07,18.980802536010742,19.30817736752789,18.966871352911948,19.23155851758602,47249400
2006-04-10,19.0086727142334,19.113153973311682,18.94598369307617,18.966879147761052,39432000
2006-04-11,18.8972110748291,19.029554617309167,18.806661069058748,19.008659177504654,42953400
2006-04-12,18.945968627929688,18.945968627929688,18.785762740944847,18.876314067747177,32183000
2006-04-13,18.85542869567871,18.94598007720228,18.806670872651114,18.862394288761372,28160000
2006-04-17,18.69521713256836,18.841490547603282,18.618596965521185,18.82756069513606,35796200
2006-04-18,18.95990753173828,19.15494012768025,18.68129048650038,18.764876264347183,56272700
2006-04-19,18.827571868896484,18.939018726078857,18.77881270639678,18.88329529748767,45111100
2006-04-20,18.827571868896484,18.939018726078857,18.59771255988893,18.84150172963078,45648300
2006-04-21,18.91114616394043,19.078316359693584,18.806664957663532,18.841491583572292,58528000
2006-04-24,18.883291244506836,18.980806891473485,18.792739862136905,18.855428871915766,42318400
2006-04-25,18.883291244506836,18.95294451888241,18.82060223472798,18.8693600582113,49222500
2006-04-26,18.876323699951172,18.966873744409117,18.806669104225342,18.862392515095824,39190000
2006-04-27,18.980802536010742,19.24548837213407,18.76487451218244,18.785769958279886,96509600
2006-04-28,16.821516036987305,17.065306394040856,16.717034834978797,16.87723943329521,591052200
2006-05-01,16.919036865234375,17.413581955053477,16.779727678173597,16.93993231330788,174800900
2006-05-02,16.72400665283203,17.413584437115688,16.647386456172384,17.0583471551724,190533500
2006-05-03,16.13890266418457,16.730964527623886,16.12497148420942,16.710067757661164,211527100
2006-05-04,16.32697105407715,16.487175652327362,16.11800732159592,16.264282067187835,171257400
2006-05-05,16.57773208618164,16.682214657116635,16.382700788011952,16.480216437096797,131604300
2006-05-08,16.528974533081055,17.413584968324187,16.375735463638197,16.612560325491494,80693500
2006-05-09,16.452348709106445,16.717034504193947,16.36179736155376,16.542898728108593,75345900
2006-05-10,16.55682945251465,16.570760633069472,16.43145148462224,16.487174878291032,76563300
2006-05-11,16.173736572265625,16.570767409127487,16.12497874893637,16.515042664121435,92916700
2006-05-12,16.13890266418457,16.278211806835152,16.05531691288413,16.11800589422185,83115900
2006-05-15,16.187856674194336,16.243797379172296,16.1039462835932,16.152894233732464,67314800
2006-05-16,16.08995246887207,16.78221883580116,16.02002629031005,16.194841069849645,82095100
2006-05-17,15.894166946411133,16.138908020164806,15.894166946411133,16.0060483514874,98598300
2006-05-18,15.964088439941406,16.180858431495373,15.915140506403203,15.971081192408459,95476400
2006-05-19,15.775289535522461,16.013037805742634,15.747319856883706,15.936120189187598,100071200
2006-05-22,15.99904727935791,16.096944458203456,15.69836699311553,15.719343912079614,87322300
2006-05-23,15.936114311218262,16.348675921654397,15.922128810191738,16.159876992719482,79986300
2006-05-24,16.432592391967773,16.460563402187617,16.068977261496833,16.075970014051794,107356700
2006-05-25,16.600414276123047,16.726281153315767,16.460563227699815,16.481540151411163,83052700
2006-05-26,16.586435317993164,16.698316734384928,16.474553901601404,16.621399094197894,46861600
2006-05-30,16.187856674194336,16.61440538323354,16.180863919355637,16.467560199084136,52497500
2006-05-31,15.838226318359375,16.32770846816873,15.838226318359375,16.26477501080091,120202000
2006-06-01,15.957099914550781,15.971085423189681,15.817248829356316,15.901159213726693,80230800
2006-06-02,15.915146827697754,16.07597619712585,15.852213364229073,15.992065801655404,73935600
2006-06-05,15.733343124389648,15.894172534009947,15.726350367397632,15.88717977701793,63914100
2006-06-06,15.474609375,15.775291119512795,15.369720735543106,15.768298365718149,126601300
2006-06-07,15.411672592163086,15.656412232219578,15.390694337130668,15.488590193153264,73827500
2006-06-08,15.460630416870117,15.530555310943317,15.362733164450288,15.404689701372442,104126900
2006-06-09,15.327766418457031,15.51656678045857,15.306788155879698,15.488595763688792,52573800
2006-06-12,15.180920600891113,15.453632667847927,15.17392918072812,15.355735447057421,74309700
2006-06-13,15.041070938110352,15.404686172412923,15.006107165351514,15.194907537054569,113175300
2006-06-14,15.299790382385254,15.341746893775523,15.069034904662976,15.097005912256488,86081500
2006-06-15,15.432649612426758,15.474604789029623,15.243849317117341,15.390694435823894,121577300
2006-06-16,15.453634262084961,15.579501177706488,15.236864203920977,15.362729785810936,147506500
2006-06-19,15.768295288085938,15.803259050235003,15.467614935990895,15.481599107119369,129640900
2006-06-20,15.775289535522461,15.915141929910073,15.73333435069869,15.761305363068724,90598500
2006-06-21,16.13890838623047,16.18785633534514,15.754316214273846,15.810256918080837,91660300
2006-06-22,15.99904727935791,16.20183305421646,15.92912243783648,16.124914128065857,76590600
2006-06-23,15.733343124389648,15.992069798166145,15.733343124389648,15.978084284182115,60532600
2006-06-26,15.957099914550781,16.006047861055418,15.824240249944253,15.838225758583153,53644100
2006-06-27,15.985061645507812,16.194838818297853,15.971076144993612,16.006038562548373,84759100
2006-06-28,16.194847106933594,16.257780557726534,16.020032262226856,16.054994697675635,71906500
2006-06-29,16.4116268157959,16.523508275665296,16.236811868033442,16.306738113884865,121395500
2006-06-30,16.292747497558594,16.537488614556796,16.292747497558594,16.460570968558116,73048800
2006-07-03,16.57244300842285,16.586427178310412,16.3976282143835,16.45356889512685,25711400
2006-07-05,16.32771110534668,16.446585284715738,16.2927473268665,16.418614261931594,53093500
2006-07-06,16.41860580444336,16.509510247933708,16.376650625610708,16.39762888189258,44775200
2006-07-07,16.292747497558594,16.467562390595624,16.292747497558594,16.355680965750466,63168800
2006-07-10,16.432592391967773,16.544473765384804,16.348680695039413,16.383644457814217,50565100
2006-07-11,16.152894973754883,16.34169536185448,15.90116112295542,16.34169536185448,88676300
2006-07-12,15.831231117248535,15.999053199717125,15.817246944008,15.936121085806336,77379300
2006-07-13,15.565512657165527,15.810253686445089,15.558519903902534,15.642431609327156,73099500
2006-07-14,15.586487770080566,15.768293983286945,15.544531258973517,15.579495018229391,67499400
2006-07-17,15.71934700012207,15.810251445927346,15.56551045133076,15.586488708146852,37053500
2006-07-18,15.901156425476074,15.91514193166263,15.719348846244669,15.796267796539453,65047300
2006-07-19,16.362668991088867,16.40462417984365,15.887172406096633,15.957098609842209,82188200
2006-07-20,15.978079795837402,16.397635761378247,15.929131844375107,16.39064300635054,76605200
2006-07-21,16.691320419311523,16.887112173729005,16.08296422902406,16.838164235124633,175483800
2006-07-24,16.782222747802734,16.85914169552416,16.635378938950453,16.789215500662067,59586700
2006-07-25,16.936058044433594,16.985007310792536,16.7122953045744,16.782221494213182,60075800
2006-07-26,17.04094886779785,17.15283024345278,16.852148546230957,16.866134051620623,54942100
2006-07-27,16.691320419311523,17.20177939865895,16.621394221134725,17.18779389227733,85386800
2006-07-28,16.95704460144043,16.978022868719673,16.82418490946878,16.838170420988277,51705800
2006-07-31,16.824176788330078,17.075910539240375,16.78921436013971,16.831169540714377,40254400
2006-08-01,16.775236129760742,16.922081326046538,16.677340221391358,16.796214396010633,49168700
2006-08-02,16.992006301879883,17.06193252268126,16.803207239567413,16.86614070491548,46462000
2006-08-03,16.929079055786133,17.117879521190165,16.887123841384867,16.91509487347386,43155300
2006-08-04,16.985010147094727,17.12486121599468,16.887112931760264,17.061927768183725,45690400
2006-08-07,16.936058044433594,17.117865604001974,16.915081121153754,16.978014558455545,36862400
2006-08-08,17.019983291625977,17.145850266456446,16.92208734841659,17.05494574742013,58171300
2006-08-09,17.089893341064453,17.229744365438165,17.01996716201213,17.124855763725147,44405700
2006-08-10,17.103879928588867,17.20177712659836,17.01996956884487,17.04094782564643,31753400
2006-08-11,17.082910537719727,17.096896048420593,16.92208116585487,17.082910537719727,30255500
2006-08-14,17.152830123901367,17.20177805869284,17.026963243734034,17.145837371255272,47831900
2006-08-15,17.279157638549805,17.30021180665563,17.152827275345146,17.230028122803883,48994500
2006-08-16,17.335317611694336,17.356371795945808,17.173894613453466,17.272152381653008,52373600
2006-08-17,17.335317611694336,17.370408811209092,17.272152381653008,17.335317611694336,45674800
2006-08-18,18.100309371948242,18.107326537769364,17.531822558151998,17.580950750756966,128414800
2006-08-21,18.33191680908203,18.338933975723993,17.93888854498172,18.009072259188418,88398300
2006-08-22,17.981008529663086,18.423163873626915,17.981008529663086,18.25472367884814,89312400
2006-08-23,18.016090393066406,18.212604521065366,17.910815493248133,18.002053382785842,44648500
2006-08-24,18.065214157104492,18.14943485947668,17.89677409100276,18.121360845805068,35933300
2006-08-25,18.142417907714844,18.247692790701876,18.030124520709638,18.044160190103213,33115900
2006-08-28,18.21260643005371,18.24769762079029,18.030129293208635,18.135404204061494,34190900
2006-08-29,18.135398864746094,18.23365524079496,17.98801296203007,18.19154555658012,42711200
2006-08-30,18.107328414916992,18.17049362299811,17.995035009137894,18.14242094087483,30283100
2006-08-31,18.03714942932129,18.233662257036382,18.023112416300716,18.1564613627097,26380500
2006-09-01,18.135398864746094,18.226636736985366,17.995031465839663,18.17049004515134,31594600
2006-09-05,17.97397804260254,18.219618992968396,17.938885522091145,18.03012473677799,44222400
2006-09-06,17.97397804260254,18.051178910442047,17.903794340222532,17.903794340222532,50160400
2006-09-07,17.84765625,18.037151936184788,17.819582220057026,17.882747448785288,51266900
2006-09-08,17.966970443725586,18.10031942532077,17.86871266529796,17.917842223833567,36866800
2006-09-11,18.18453025817871,18.212604278365728,17.840631542745534,17.847650047792285,55608200
2006-09-12,18.198566436767578,18.233657621755047,18.05118051480583,18.177510922589356,52248800
2006-09-13,18.233652114868164,18.317872807502006,18.121358750451375,18.121358750451375,37706700
2006-09-14,18.479299545288086,18.59861144584488,18.233657239595523,18.240675744174496,74324500
2006-09-15,18.844253540039062,18.907418741898013,18.591592732603264,18.654757934462214,126057700
2006-09-18,18.802139282226562,18.977597836161596,18.71791858733503,18.767046768254037,49135000
2006-09-19,18.85127067565918,18.90741736894085,18.753012958434184,18.76704996641529,43039100
2006-09-20,19.07585334777832,19.11094452154428,18.942504477911218,18.95654148287459,71676400
2006-09-21,18.879343032836914,19.124985313769844,18.844251852121953,19.117966809898306,58495100
2006-09-22,18.710901260375977,18.84425014456646,18.58457087942106,18.83021313809533,47712500
2006-09-25,18.914438247680664,19.082878348673702,18.80214484701864,18.816180518119193,67903900
2006-09-26,19.08989143371582,19.174110790980077,18.86530335751186,18.886358866149195,54766500
2006-09-27,19.258342742919922,19.27939692522037,19.033755874092947,19.075865577337172,66233900
2006-09-28,19.23025894165039,19.314479643978906,19.132002571136002,19.279387126907586,44179700
2006-09-29,19.195173263549805,19.24430146288456,19.09691552623726,19.195173263549805,34283500
2006-10-02,19.202190399169922,19.2934282859055,19.05480447303653,19.174116379471013,52908100
2006-10-03,19.209209442138672,19.28641032118717,19.096914698840635,19.209209442138672,39386200
2006-10-04,19.609264373779297,19.62330005218606,19.20921875834858,19.223254436755344,82191200
2006-10-05,19.59521484375,19.728563743288415,19.496958464428417,19.59521484375,81967200
2006-10-06,19.56011962890625,19.65135748537135,19.40571524907571,19.48291743899098,36452200
2006-10-09,19.454849243164062,19.60223516444833,19.384666873511726,19.510995942071666,33366300
2006-10-10,19.433795928955078,19.475905620341194,19.258337319762813,19.433795928955078,34598500
2006-10-11,19.328516006469727,19.419753870528336,19.244295306948803,19.272367981027372,37219600
2006-10-12,19.805761337280273,19.854890857464444,19.328515188988412,19.356587861879675,120174900
2006-10-13,19.911043167114258,20.135629968264332,19.86893213791642,19.88998765251534,129751900
2006-10-16,19.967180252075195,20.072455097088135,19.88295957287947,19.988234417892414,49744800
2006-10-17,19.960172653198242,20.00930085179618,19.77067702548362,19.819805224081556,40122600
2006-10-18,20.016311645507812,20.142642015313406,19.833834593415567,20.002274640275523,40630800
2006-10-19,19.854894638061523,19.96718802829361,19.735582743609584,19.897004324737853,44730800
2006-10-20,19.953155517578125,19.99526521374658,19.770678382657355,19.988246707944654,48887800
2006-10-23,19.967180252075195,20.135620271824354,19.777684727866532,19.86190406841997,48525000
2006-10-24,19.847875595092773,19.953150478247434,19.74259937329535,19.953150478247434,61409600
2006-10-25,19.86893653869629,19.97421145772241,19.74962460682849,19.847882358077,40717100
2006-10-26,19.897005081176758,19.939114769454005,19.679436796660994,19.88296807220339,69964200
2006-10-27,19.889986038208008,20.205812038344124,19.826820838180787,19.995260925372442,89060100
2006-10-30,20.02334213256836,20.24091048931864,19.875956166700345,19.897011687151004,47296800
2006-10-31,20.149662017822266,20.2479197296476,20.044387141034758,20.114570838440656,61861700
2006-11-01,20.219858169555664,20.346188634970407,20.14265725963605,20.198803984415548,75895900
2006-11-02,20.1917781829834,20.254943392874765,20.058429257807955,20.149667150627135,58674400
2006-11-03,20.16370391845703,20.304071347333878,20.079484532045335,20.24792464351174,41124500
2006-11-06,20.240903854370117,20.388288433282312,20.18475715688316,20.191775661399387,60446200
2006-11-07,20.31810188293457,20.402321242507064,20.212825675505073,20.254936693933907,56511200
2006-11-08,20.33916473388672,20.514623369628275,20.114577894320433,20.19879862847937,77403300
2006-11-09,20.535680770874023,20.63393718753323,20.353203612333154,20.430405847504403,89407500
2006-11-10,20.521635055541992,20.55672757421356,20.458469860575878,20.47250686804451,37855100
2006-11-13,20.598838806152344,20.676039675746665,20.465489902463514,20.48654541524895,47271800
2006-11-14,20.584762573242188,20.7185674293358,20.472085223864397,20.61997508443522,63012500
2006-11-15,20.50728988647461,20.676305845855236,20.500247386931317,20.514331042798453,63943200
2006-11-16,20.753768920898438,20.87348871669568,20.514329329303955,20.52137182825901,64328500
2006-11-17,20.704471588134766,20.803065224651377,20.619964291942534,20.641090444380964,49356700
2006-11-20,21.04955291748047,21.12701908395193,20.774902099219396,20.788987100981426,85703800
2006-11-21,21.070676803588867,21.12701545774741,20.979126994288528,21.063634303916615,66446600
2006-11-22,21.070676803588867,21.12701545774741,21.000253150085815,21.10588795873066,43907200
2006-11-24,20.9580020904541,21.01434075158894,20.873493427142026,20.887578428230647,20456700
2006-11-27,20.760814666748047,20.943915638557574,20.65517985234012,20.908704481494777,72722100
2006-11-28,20.697431564331055,20.718559062514913,20.514330609729214,20.662220410577376,52602300
2006-11-29,20.824190139770508,20.97207991414857,20.72559785233125,20.732640350465367,58775100
2006-11-30,20.67629623413086,20.82418462613321,20.655168745322456,20.718549868528843,53297400
2006-12-01,20.50728988647461,20.634050848595496,20.352357582961115,20.58475469501191,72257000
2006-12-04,20.655179977416992,20.78898479286104,20.542502662270284,20.58475631964541,55123400
2006-12-05,20.51432991027832,20.704473357791702,20.44390760517206,20.676304704393072,45606000
2006-12-06,20.41573715209961,20.514329451619542,20.331229850573763,20.49320329784775,48564100
2006-12-07,20.317148208618164,20.472079182487004,20.288978207976797,20.394613023942803,46831100
2006-12-08,20.704471588134766,20.704471588134766,20.28193107751584,20.296016074620965,108854900
2006-12-11,20.803070068359375,20.9509585427392,20.500249276187848,20.556587934506766,107712000
2006-12-12,20.725610733032227,20.86645675359099,20.57772086674251,20.817160579234425,68529400
2006-12-13,20.81011199951172,20.84532450178325,20.64813851872152,20.84532450178325,46002500
2006-12-14,21.176307678222656,21.183350176586593,20.788979670740613,20.80306466746849,85866500
2006-12-15,21.260820388793945,21.288989044427392,21.148143079821203,21.225607890227792,102783700
2006-12-18,21.04955291748047,21.310120077199212,20.972088094228706,21.26082391425181,56986800
2006-12-19,21.11996841430664,21.246730694696492,20.79602155839407,20.922782495564743,53822100
2006-12-20,21.19038963317871,21.29602440703601,21.105881008161457,21.119966002867507,31202100
2006-12-21,21.112934112548828,21.225611440367683,21.049552947748257,21.218568939476544,32270500
2006-12-22,20.873489379882812,21.02842167537779,20.859405724744576,21.007294177841374,37971700
2006-12-26,21.11996841430664,21.127010912463764,20.70447042557065,20.79602155839407,37098300
2006-12-27,21.141103744506836,21.218568566508353,21.063637579285643,21.119976242204782,31248400
2006-12-28,21.112934112548828,21.14814661700453,20.993214283838828,21.028426788294535,26690600
2006-12-29,21.028423309326172,21.232650428502875,21.007295810148108,21.028423309326172,41739800
2007-01-03,21.028423309326172,21.30307408254361,20.704475038026587,21.0636344647368,76935100
2007-01-04,20.99321174621582,21.105889060414437,20.73264596083884,20.915746932216482,45774500
2007-01-05,20.873489379882812,20.950955527630303,20.73968592514363,20.866446880704007,44607200
2007-01-08,21.077722549438477,21.197442375865858,20.796029235262186,20.880536557905234,50220200
2007-01-09,21.098844528198242,21.25377682771339,20.93687107254096,21.12701452564442,44636600
2007-01-10,20.88758087158203,21.04955437338929,20.72560736977477,20.98617320429605,55017400
2007-01-11,21.61997413635254,21.65518528245099,20.880527979312983,20.95799411259252,99464300
2007-01-12,21.97913360595703,22.105895889604128,21.5777206032207,21.584763101558785,103972500
2007-01-16,21.943931579589844,22.148160086634554,21.852381749575855,22.014355249026632,62379600
2007-01-17,21.901670455932617,22.14111004453737,21.83828930934787,22.014347751367875,58519600
2007-01-18,21.83124351501465,22.091810560887684,21.69039624537207,21.936878295637026,56364300
2007-01-19,21.90871810913086,21.90871810913086,21.61293980322251,21.64110846209874,75826900
2007-01-22,21.634061813354492,21.91575640742105,21.486173360366983,21.873501412379444,56143900
2007-01-23,21.64814567565918,21.803076619689886,21.493214731628473,21.570679532034177,49171200
2007-01-24,21.894628524780273,22.042516975166468,21.584765282689084,21.67631642711617,58527800
2007-01-25,21.44391632080078,22.169276159236365,21.44391632080078,21.887582952891517,97378700
2007-01-26,21.54954719543457,21.993213747028644,21.54954719543457,21.986171250245384,96103700
2007-01-29,21.500259399414062,21.67631785761792,21.36645459507769,21.58476670714903,57605900
2007-01-30,21.46504020690918,21.577717477558124,21.225600670975417,21.52842133955159,61900400
2007-01-31,21.732656478881836,21.9016724373252,21.373497063482404,21.415750717288383,73968400
2007-02-01,21.521390914916992,21.78900059024137,21.387587420474578,21.71857692077602,55355800
2007-02-02,21.260820388793945,21.71857212439815,21.21856539051456,21.70448712497169,60401700
2007-02-05,20.85236358642578,21.141099341656652,20.711516286850987,21.105886845153254,99102100
2007-02-06,20.78194236755371,20.950958340882043,20.577713893603086,20.83828102532982,79281100
2007-02-07,20.683347702026367,20.915744806848263,20.59883905335504,20.8734898109029,65145500
2007-02-08,20.605876922607422,20.98616239813101,20.56362327937571,20.59179192712382,48749000
2007-02-09,20.4086971282959,20.704475405947413,20.373485972259566,20.669264249911077,69823100
2007-02-12,20.380521774291992,20.48615655090487,20.303055644606985,20.345309286608323,52774400
2007-02-13,20.500656127929688,20.63492484844353,20.465321544701556,20.52185687786657,50348100
2007-02-14,20.776264190673828,20.98120077960956,20.59959527519552,20.61372911192423,55588600
2007-02-15,20.81865882873535,20.952927546276076,20.649056876625412,20.903460478728572,63858100
2007-02-16,20.309860229492188,20.451195914023895,20.246259306240617,20.429995156981043,109340300
2007-02-20,20.373462677001953,20.394663435630957,20.11905896496224,20.232126981896094,53978200
2007-02-21,20.740936279296875,20.769202612144813,20.309863583378892,20.316930503560176,68604900
2007-02-22,20.76919937133789,20.875201809639446,20.606664276161766,20.712665366586325,57754400
2007-02-23,20.422929763793945,20.69146731489163,20.41586284425168,20.64906579763805,63787100
2007-02-26,20.543067932128906,20.557201773436994,20.3663989594097,20.465333152811723,63481900
2007-02-27,19.695049285888672,20.472391356568465,19.638515292605113,20.288655541427712,87143300
2007-02-28,19.90705680847168,19.963590817047347,19.730387863188074,19.751588621857856,86333300
2007-03-01,19.85051727294922,20.02011925145423,19.59611363125335,19.659714541677314,80175700
2007-03-02,19.617319107055664,19.899989139285886,19.617319107055664,19.801054964974565,63254700
2007-03-05,19.468917846679688,19.7233215672526,19.369983665513388,19.42651767587658,56454300
2007-03-06,19.666784286499023,19.744519043275815,19.539582447364968,19.64558353068438,49361800
2007-03-07,19.511327743530273,19.71626311364222,19.468926206642802,19.617328889993537,52044700
2007-03-08,19.306379318237305,19.68091791302517,18.79757331502473,19.589049320022067,72175200
2007-03-09,19.28517723083496,19.419444620603098,19.101441418235886,19.377044463196146,80125000
2007-03-12,19.39118194580078,19.41944827343012,19.172111504257852,19.207446098640723,36516400
2007-03-13,18.88237190246582,19.362911535178384,18.875304984587487,19.25691046275691,75169500
2007-03-14,19.362913131713867,19.362913131713867,18.889440377840263,18.953041296112602,75730300
2007-03-15,19.27811622619629,19.412383657146414,19.221582216354893,19.30638255717843,51757100
2007-03-16,19.313444137573242,19.419445208236578,19.22157690243215,19.327577973095487,65055300
2007-03-19,19.666784286499023,19.666784286499023,19.221579197406726,19.320513362121257,49412000
2007-03-20,19.673852920532227,19.899988944098364,19.617318914640695,19.737453845644833,47902400
2007-03-21,20.154388427734375,20.154388427734375,19.475979151099544,19.71624896283722,72808200
2007-03-22,19.977720260620117,20.175588573161015,19.793984436205864,20.154389167032654,47934900
2007-03-23,19.80105209350586,19.977721006514564,19.645582587417024,19.942386415186718,50519800
2007-03-26,19.9423828125,19.9423828125,19.57491256421355,19.744514528317282,47491500
2007-03-27,19.589046478271484,19.89998410906596,19.53957940361987,19.815183794770817,58979800
2007-03-28,19.532520294189453,19.786924034525494,19.3629182499245,19.490120120092524,46947000
2007-03-29,19.61025619506836,19.680924054535957,19.42652029960352,19.673857133801466,42629900
2007-03-30,19.695049285888672,19.751583279172234,19.43357872452925,19.61024762202497,47061000
2007-04-02,19.603179931640625,19.737448665850106,19.47597811479761,19.709180996384248,41977600
2007-04-03,19.695049285888672,19.829316677514182,19.61024762202497,19.687982368243638,39821300
2007-04-04,20.1402530670166,20.338122705191303,19.71624746971461,19.793982211118355,63244200
2007-04-05,20.175586700439453,20.246254526020355,19.998917810425528,20.01305164511704,30131200
2007-04-09,20.189727783203125,20.29572888569033,20.062525921067618,20.196794703085892,31384600
2007-04-10,20.0695858001709,20.23918777422637,19.942383982660125,20.140253626329848,38643100
2007-04-11,19.864656448364258,20.18972665758533,19.77985476237607,19.998923875019706,44050200
2007-04-12,20.16852569580078,20.225059699485758,19.815187835800433,19.82932032581395,43762100
2007-04-13,20.217992782592773,20.28159370522945,19.8575880036106,20.090790937319422,36002900
2007-04-16,20.302793502807617,20.316927340970075,19.935321797845678,20.21092625050563,30740100
2007-04-17,20.38759994506836,20.41586628011738,20.182663287484374,20.232130384728148,33170200
2007-04-18,20.21092987060547,20.260396965157422,20.041327825908528,20.217996790952498,41778400
2007-04-19,20.27452278137207,20.41585708874202,19.97065206610547,20.027186058628786,43648800
2007-04-20,20.507726669311523,20.564260664592375,20.281590688188114,20.479458997732713,60311500
2007-04-23,20.338130950927734,20.486532228817964,20.2603961780078,20.465331468600567,41739100
2007-04-24,20.345190048217773,20.465323599626455,20.20385439686678,20.345190048217773,34236700
2007-04-25,20.486530303955078,20.493597223363555,20.274528113209037,20.39466304739901,39475000
2007-04-26,20.564260482788086,20.74092938496345,20.429991739729314,20.55719356495586,68760300
2007-04-27,21.28507423400879,21.72321244524628,21.200272550739935,21.320407482442544,128298800
2007-04-30,21.157867431640625,21.461738149415833,21.157867431640625,21.292134822569015,67788800
2007-05-01,21.482938766479492,21.497072602493642,21.129600953386483,21.157868625414782,73539300
2007-05-02,21.63134765625,21.68788166891428,21.412277177783395,21.475878110515353,80686700
2007-05-03,21.885746002197266,21.906946758489564,21.574809663838483,21.624276747310248,82036800
2007-05-04,21.59600830078125,21.694943812067446,21.40520689247428,21.68080997504415,104385900
2007-05-07,21.702011108398438,21.73734570376641,21.539476013336742,21.567743689631122,59889100
2007-05-08,21.730276107788086,21.864544857892124,21.61014119409012,21.680809028243658,60551700
2007-05-09,21.751480102539062,21.85748119562108,21.603077493922616,21.694946096370185,51735000
2007-05-10,21.610145568847656,21.857482364517484,21.57481231855644,21.680813417307192,55398600
2007-05-11,21.829212188720703,21.89281311027063,21.588942340171414,21.60307617782183,43425300
2007-05-14,21.885746002197266,21.899879839725465,21.772677997725538,21.793878754017836,70188500
2007-05-15,21.907020568847656,22.041724311859877,21.864483042933532,21.907020568847656,75013900
2007-05-16,22.027538299560547,22.04171792150214,21.843207271049362,21.977910975008147,45833600
2007-05-17,21.963733673095703,22.07716795612416,21.949554049656317,21.99918273169417,41045600
2007-05-18,21.85738754272461,21.97082181714296,21.68014631991554,21.95664219477986,58453000
2007-05-21,22.01335906982422,22.09134563964927,21.78649052368938,21.78649052368938,41836400
2007-05-22,21.75813102722168,21.928282424276798,21.736861595498628,21.907012992553746,39999500
2007-05-23,21.680145263671875,21.864476288681995,21.673055452835737,21.864476288681995,46322500
2007-05-24,21.389474868774414,21.83612223975518,21.240591510285178,21.65179252313951,64046400
2007-05-25,21.609243392944336,21.73685725330407,21.396554527173333,21.467451266511276,47726500
2007-05-29,21.829025268554688,21.85738315534546,21.545438287189327,21.616335032530667,42373100
2007-05-30,22.05589485168457,22.070073119652633,21.630515711053388,21.658873599232525,57376800
2007-05-31,21.75813102722168,22.091344010757567,21.701413894869976,22.062986120703265,85290500
2007-06-01,21.687232971191406,21.907011676824023,21.658873730597254,21.82902646967614,39469400
2007-06-04,21.779394149780273,21.807753385623204,21.552525672008,21.566705289929466,41434500
2007-06-05,21.680145263671875,21.71559296560941,21.502904049497893,21.708504507016425,44265000
2007-06-06,21.47454071044922,21.644692070620803,21.44618147429922,21.531257830506412,38217500
2007-06-07,20.99953842163086,21.474544901914083,20.978268990366928,21.283124077267917,71971400
2007-06-08,21.30438995361328,21.31147976330157,20.85065295150617,20.971177011721238,61346200
2007-06-11,21.283124923706055,21.446186513152,21.219317979619703,21.22640779032298,48467400
2007-06-12,21.16260528564453,21.439101199858847,21.105888140363557,21.24059051525374,56981800
2007-06-13,21.545455932617188,21.559635563746966,21.162615357821572,21.24769044011213,64435600
2007-06-14,21.63760757446289,21.772309922521675,21.481634441825992,21.51708349571762,59065700
2007-06-15,21.61634063720703,21.892836528260766,21.573803119870295,21.878658257310715,100933000
2007-06-18,21.630517959594727,21.7793999305586,21.56671101425502,21.758131850274133,45412600
2007-06-19,21.595069885253906,21.736863404052244,21.53835274818321,21.60924950758238,46802600
2007-06-20,21.27603530883789,21.630517733805714,21.240586254995225,21.58089041066912,46861600
2007-06-21,21.424924850463867,21.48164200441455,21.205146047935422,21.25477338861182,56564800
2007-06-22,20.90737533569336,21.339844369759362,20.879017442050145,21.26894760728642,86219900
2007-06-25,20.90737533569336,21.105886000168944,20.829388761748795,20.893195712750117,53905800
2007-06-26,20.92864227294922,21.127151561495847,20.914462651697857,20.949910352583153,48340300
2007-06-27,21.176780700683594,21.233497834690812,20.815208464296397,20.815208464296397,53468600
2007-06-28,21.148412704467773,21.247667309839255,21.04206829124939,21.169682128008482,46055200
2007-06-29,20.893190383911133,21.21931486721083,20.588336681844428,21.176777361473626,71193900
2007-07-02,21.08461570739746,21.12715322225221,20.907374484552246,21.034988381359714,47316000
2007-07-03,21.283124923706055,21.424917081042175,21.112973523556832,21.120063334260106,35202600
2007-07-05,21.26186180114746,21.424923438982667,21.148427500719183,21.304399325747184,47838500
2007-07-06,21.2476806640625,21.29730935018258,21.027901891647293,21.20514314248872,57541000
2007-07-09,21.176780700683594,21.233497834690812,21.134241835995823,21.1696908899023,33831400
2007-07-10,20.79393768310547,21.26185434637331,20.687593232770606,21.05625525602498,66013500
2007-07-11,20.90737533569336,21.02080961475276,20.708864671217775,20.73013410563264,48017000
2007-07-12,21.318572998046875,21.34693224135625,20.87192573386939,20.95700075931122,54302400
2007-07-13,21.141332626342773,21.28312614405227,21.027898353072455,21.22640900741711,42173000
2007-07-16,21.29021453857422,21.439096505244144,21.070434465523693,21.09879370807593,48023200
2007-07-17,21.821941375732422,21.892836788053838,21.27603804650033,21.283127858181132,77539600
2007-07-18,21.921199798583984,21.956647510830965,21.62343441808132,21.630524230979425,64414400
2007-07-19,22.339481353759766,22.573439687267374,21.92828181752691,22.01335683757891,121159300
2007-07-20,22.091339111328125,22.119698347336,21.829022939469272,22.084249302326157,98292600
2007-07-23,22.112613677978516,22.346572020451333,22.06298635567263,22.233137754539854,48910600
2007-07-24,21.836116790771484,22.318213104063332,21.772309846233263,21.985000112108384,59729300
2007-07-25,21.772308349609375,22.19059768960988,21.53126156177609,21.97081898033195,54950100
2007-07-26,21.254762649536133,21.64469406914543,20.921549707463836,21.439093644802593,87025300
2007-07-27,20.83647918701172,21.268948233817195,20.81521110421362,21.21932090429722,69214600
2007-07-30,20.84356117248535,20.90736810140845,20.524527880112657,20.850650981503787,67499600
2007-07-31,20.552898406982422,21.070442613508238,20.545808593602715,21.06335280012853,66554000
2007-08-01,20.772674560546875,20.94991581567865,20.432371675232293,20.52453788515716,80006300
2007-08-02,20.92864227294922,21.120063103113274,20.57415985512383,20.694683931274188,47938300
2007-08-03,20.531620025634766,21.112972299407854,20.489082516124604,20.879013968737397,61535500
2007-08-06,20.942825317382812,20.942825317382812,20.382742356594374,20.59543130115716,59530500
2007-08-07,20.949914932250977,21.120067719976632,20.595432436935436,20.793943121119764,49163000
2007-08-08,21.268951416015625,21.27604122875685,20.708868379650326,21.07044071599181,52898600
2007-08-09,20.772674560546875,21.339847388314638,20.5032684477337,21.01372277570557,72964500
2007-08-10,20.354372024536133,20.59542008496313,20.03533878143635,20.489075670596534,76576200
2007-08-13,20.29766273498535,20.55289050960989,20.162960389260725,20.517442808575648,55492300
2007-08-14,20.11269187927246,20.55379012053732,20.062890596257063,20.468416880220403,42944100
2007-08-15,19.991737365722656,20.62492718109498,19.956164065600102,20.09133989210051,48117700
2007-08-16,19.785419464111328,20.169603025056627,19.57198505713029,19.83522073527471,81447400
2007-08-17,20.098451614379883,20.098451614379883,19.792528062955316,19.984619784591548,76747700
2007-08-20,20.105567932128906,20.26920103132701,19.97750677380602,20.04865201253902,49952000
2007-08-21,19.970396041870117,20.148258495192056,19.828106893402264,19.99174002478257,50786200
2007-08-22,20.077116012573242,20.148261275114734,19.92771218252083,20.112689322335495,44763500
2007-08-23,20.134033203125,20.1553771903095,19.991744026177628,20.11980523531843,33886600
2007-08-24,20.49687385559082,20.518217843829383,19.970401025221438,20.07000358970173,45158900
2007-08-27,20.269203186035156,20.468409604267585,20.20517260006697,20.35457775298697,32789500
2007-08-28,19.870790481567383,20.269201936488443,19.856561161788832,20.134026112557457,43924400
2007-08-29,20.340354919433594,20.354584244627475,19.792538112317498,20.013087224890068,45753700
2007-08-30,20.240753173828125,20.58224885036294,20.148263913318786,20.219409185176,33690700
2007-08-31,20.43995475769043,20.575130615050448,20.176719061602086,20.41861212972719,42511900
2007-09-04,20.49687385559082,20.70319500428076,20.262095412899296,20.276324738391672,45689600
2007-09-05,20.2620849609375,20.43994736689443,20.21939836346293,20.38303145126751,47669800
2007-09-06,20.568021774291992,20.63916705393097,20.311899310385023,20.31901397404725,45430800
2007-09-07,20.233625411987305,20.51109029992218,20.14825086963225,20.36168654702873,52160900
2007-09-10,20.2620849609375,20.454176685046775,20.212283704386756,20.39726076941986,37247600
2007-09-11,20.582242965698242,20.596472287398022,20.333235263883314,20.368807211149957,34380800
2007-09-12,20.582242965698242,20.752990755147184,20.489753731632476,20.496868392482366,42364700
2007-09-13,20.745878219604492,20.817023478409048,20.60358770199538,20.717420930272436,35288600
2007-09-14,20.66050148010254,20.710302745699238,20.546668271189457,20.617813517891616,33496600
2007-09-17,20.43995475769043,20.546671968455517,20.36169619352028,20.48264272758283,39536500
2007-09-18,20.582242965698242,20.610700252114995,20.112686205467945,20.418609837099186,77462400
2007-09-19,20.39726448059082,20.568012258538204,20.134027474807745,20.539554974038328,94242200
2007-09-20,20.219398498535156,20.333230330549426,20.16248258252802,20.26208509629489,67168900
2007-09-21,20.38303565979004,20.496867514546945,20.233631859290128,20.411494301970638,135636100
2007-09-24,20.688961029052734,21.066029927957416,20.489754587879585,20.49686924902679,104459800
2007-09-25,21.03044891357422,21.03044891357422,20.71029742119773,20.73164003983341,75621000
2007-09-26,20.987773895263672,21.23678165355325,20.9735445703367,21.115835105640205,60337000
2007-09-27,20.98065948486328,21.144292652540035,20.945087529101595,21.13006468442524,43407100
2007-09-28,20.959312438964844,21.122946939748207,20.795679295164412,20.98065642349735,45819100
2007-10-01,21.179861068725586,21.194090390533844,20.92373870410822,20.959310651646046,43875100
2007-10-02,21.130064010620117,21.23678123148525,21.03757475741607,21.130064010620117,33700900
2007-10-03,20.95220375061035,21.23678348882752,20.838371855323487,21.13717956271409,37633900
2007-10-04,21.137170791625977,21.179858752382163,20.945080396153806,21.030453603700845,37868000
2007-10-05,21.229656219482422,21.336373388321814,21.15139632907507,21.265228156768078,45012300
2007-10-08,21.229656219482422,21.23677087833604,21.05890847794291,21.10159507408218,30265400
2007-10-09,21.414642333984375,21.620962100052566,21.343497072346622,21.364841057932846,63603100
2007-10-10,21.507129669189453,21.606733575705025,21.364840506569006,21.371955168247474,32251500
2007-10-11,21.279462814331055,21.791706167491633,21.194089600629006,21.556927794336854,50788400
2007-10-12,21.464445114135742,21.628078277480913,21.3079266131512,21.364842555053134,31121100
2007-10-15,21.37195587158203,21.57827563911554,21.343497223931614,21.41464248607465,47150500
2007-10-16,21.57115364074707,21.756130716614155,21.50712306229375,21.514237721786625,56286200
2007-10-17,22.111862182617188,22.2185793930589,21.805938517563444,21.877083776852235,86092400
2007-10-18,22.168777465820312,22.21857873876102,21.791708552581788,22.21146407734336,49208600
2007-10-19,21.464445114135742,22.118979124499518,21.421758496955068,22.118979124499518,75200200
2007-10-22,21.706329345703125,21.841505161408627,21.428864411818317,21.428864411818317,58785100
2007-10-23,21.983806610107422,22.14032649197256,21.848630718582978,21.848630718582978,49956200
2007-10-24,22.232812881469727,22.268384839286796,21.699225372314455,21.948233147983558,77979200
2007-10-25,22.759279251098633,22.922913738648322,22.4035543462231,22.460470276723875,169588700
2007-10-26,24.92207908630371,25.63352869962865,24.587699613537122,25.61929938168636,288121200
2007-10-29,24.594818115234375,25.107062813593206,24.509444903496394,24.79402318061149,114655600
2007-10-30,25.306270599365234,25.320499921845446,24.438300925832692,24.452530248312904,107297300
2007-10-31,26.18846893310547,26.323643422300442,25.263581993041278,25.270698011084306,185635800
2007-11-01,26.366321563720703,26.67224509039746,25.86830633094705,25.989251452953607,152078800
2007-11-02,26.366321563720703,26.679358391824152,25.91099156743657,26.480153384300564,96389800
2007-11-05,26.13155174255371,26.394787417852815,26.060407845650936,26.1528943688314,75485400
2007-11-06,25.90389060974121,26.08175308377513,25.519707014476115,26.03195180816291,100966700
2007-11-07,25.27069854736328,25.726026009015023,25.220897275867983,25.640652788446758,74897800
2007-11-08,24.71576690673828,25.54104855484657,24.47387386950143,25.327611446605083,133742400
2007-11-09,23.99720001220703,24.573475293227627,23.940285442827776,24.317352946107363,125136900
2007-11-12,23.748193740844727,23.98297075030493,23.492071393095085,23.705505778231302,84865200
2007-11-13,24.59762191772461,24.747519718657934,23.826716996539556,23.940925233861016,104311500
2007-11-14,24.219301223754883,24.804618625278906,24.090816650450737,24.71182360612848,84063100
2007-11-15,24.097959518432617,24.34065235968486,23.948061719613644,24.097959518432614,64014100
2007-11-16,24.33350944519043,24.454854473972482,24.062263932172662,24.169335317635543,71113800
2007-11-19,24.240713119506836,24.440579513402973,24.1764708362792,24.240713119506836,63026200
2007-11-20,24.68326759338379,24.961649860191642,24.34064033261036,24.43343532919224,100009400
2007-11-21,24.43345069885254,24.790351823970937,24.3977611309286,24.554798497321332,89518700
2007-11-23,24.3477840423584,24.583337261147815,24.062262183828796,24.526234523204838,33467200
2007-11-26,23.534053802490234,24.533375010814087,23.505501067782472,24.33351131373705,80335000
2007-11-27,23.598297119140625,23.983748162683465,23.32705157351222,23.748194898459438,84178400
2007-11-28,24.05512046813965,24.19074182573,23.484079590209628,23.82670411696764,88585000
2007-11-29,23.976612091064453,24.219304908345507,23.77674837904671,23.96947526832333,53633600
2007-11-30,23.983749389648438,24.35492680714481,23.691090638556535,24.21216584304022,71027800
2007-12-03,23.49836540222168,24.012303820058165,23.32705441156892,23.91237195502087,61770600
2007-12-04,23.39130210876465,23.726790067000252,23.291370220679077,23.36988891072909,54801500
2007-12-05,24.376346588134766,24.640452643709256,23.57688615151788,23.65540483037662,84894700
2007-12-06,24.661853790283203,24.7046828822657,24.17646830623363,24.454850596774826,49209700
2007-12-07,24.64757537841797,24.76892310081706,24.426298562238465,24.704680829649963,40771000
2007-12-10,24.811763763427734,24.947387926784668,24.604763190777607,24.726108260160807,36083500
2007-12-11,24.34064292907715,24.97592888720274,24.219297916934842,24.790338874241712,55070700
2007-12-12,24.604759216308594,25.047315755129684,24.219305429461716,24.704691074467657,63345400
2007-12-13,25.140106201171875,25.304280327169444,24.469130608120995,24.611891546404486,73913200
2007-12-14,25.20435333251953,25.582667577199988,24.990210522458426,25.018763260191765,71126200
2007-12-17,24.547657012939453,25.075871834527103,24.526243818462685,25.004489981372405,58121200
2007-12-18,24.7974853515625,24.98307269347811,24.419168399177142,24.726103510103552,52791800
2007-12-19,24.83317756652832,25.083007231004814,24.54051879259623,24.761795717435664,58469100
2007-12-20,25.354249954223633,25.546976840644565,25.0401780224296,25.19007580422183,59345000
2007-12-21,25.73971176147461,25.73971176147461,25.518432069564167,25.625503503087852,83240500
2007-12-24,26.110881805419922,26.210813662526554,25.732564845451964,25.78967031976369,29622600
2007-12-26,26.132301330566406,26.153714527153827,25.882468904308453,25.989540333124655,30252400
2007-12-27,25.675457000732422,26.08946071560925,25.654041090644448,25.946699781088903,33311100
2007-12-28,25.782529830932617,25.861048493769744,25.46131835702565,25.76825346287689,33447200
2007-12-31,25.411357879638672,25.68974303201554,25.354255118109133,25.625500723457705,35229700
2008-01-02,25.140106201171875,25.668318133000845,24.983068896766195,25.54697310536985,63004200
2008-01-03,25.247177124023438,25.447043544697355,24.88313928558584,25.14010845292469,49599600
2008-01-04,24.54051399230957,25.12583142568179,24.333510754840752,25.118691880699505,72090800
2008-01-07,24.704683303833008,24.84030467968484,24.447714193429064,24.661854211119664,80164300
2008-01-08,23.876684188842773,24.776073764793164,23.840994623349538,24.776073764793164,79148300
2008-01-09,24.583341598510742,24.654723437206524,23.80529725582845,23.81243680116739,74305500
2008-01-10,24.50482749938965,24.626172549871082,24.112234164446356,24.51910114526129,72446000
2008-01-11,24.205026626586914,24.440582602506826,24.069405221715193,24.369200766043836,55187900
2008-01-14,24.547657012939453,24.676141625678632,24.326380075508087,24.597622948678104,52792200
2008-01-15,24.269271850585938,24.54051741604481,24.269271850585938,24.290685042643045,61606200
2008-01-16,23.719642639160156,24.019440926761032,23.205704273523697,23.8552640532303,120778500
2008-01-17,23.63397789001465,24.12650014876333,23.53404607429211,23.940912879984012,94247800
2008-01-18,23.562610626220703,24.269276038372553,23.53406060619777,23.669682050859887,117062000
2008-01-22,22.813112258911133,23.219979198775583,22.48476397813257,22.51331671287992,108521400
2008-01-23,22.791706085205078,22.877361592875488,22.156422517682188,22.470494527766682,137597400
2008-01-24,23.733919143676758,23.81243780809297,22.927322031408625,23.09149618294305,155640400
2008-01-25,23.51264190673828,24.98307532012364,23.462675973933163,24.911696194098933,196992300
2008-01-28,23.355602264404297,23.626845063343453,23.141459486483814,23.569742319386247,81019000
2008-01-29,23.269943237304688,23.476946463039337,23.09149274400346,23.448393730605915,68023000
2008-01-30,22.98442840576172,23.412708581080064,22.87735700046266,23.241397600128305,106432600
2008-01-31,23.269943237304688,23.369877800821662,22.641798099930824,22.777420856051137,103642200
2008-02-01,21.735273361206055,23.733918592859062,21.592512404029673,22.170691693802176,291138900
2008-02-04,21.549686431884766,21.928000684984724,21.492582316616687,21.763826523772686,119998600
2008-02-05,20.750225067138672,21.371233440451682,20.621740482213955,21.349818889141115,137534100
2008-02-06,20.35763931274414,20.95009509132788,20.193465131545317,20.90012915456908,138315600
2008-02-07,20.072113037109375,20.543222252840536,19.915075724219466,20.22914898853,164964900
2008-02-08,20.386186599731445,20.757364000366813,20.15777015671565,20.193461076855236,124872000
2008-02-11,20.136354446411133,20.42187634522737,19.92221438376827,20.35763405414065,156814100
2008-02-12,20.229154586791992,20.429019694204232,20.064980406490683,20.293396894122008,84365900
2008-02-13,20.671709060668945,20.735951361377793,20.36477528796719,20.42901758867604,88986200
2008-02-14,20.343355178833008,20.728808877831877,20.314802447883842,20.614599315504357,69113500
2008-02-15,20.286251068115234,20.443287003848564,20.16490468458111,20.207732419513995,68166100
2008-02-19,20.185935974121094,20.666041710936735,20.114278136269885,20.637378029092424,68261200
2008-02-20,20.22176170349121,20.250425381783103,20.006789583339643,20.171601633239806,93056200
2008-02-21,20.13576889038086,20.75202280122115,20.03544740559734,20.508388424127425,98776500
2008-02-22,19.83481216430664,20.343580167272,19.490856215815178,20.236094104213347,125705400
2008-02-25,19.949466705322266,20.236096699153983,19.691499027493908,19.81331694571734,109974300
2008-02-26,20.336410522460938,20.680367774708877,19.827642612687068,19.87780267514261,108923500
2008-02-27,20.250429153442383,20.551390997764614,20.135777152439598,20.20026907384862,75199500
2008-02-28,20.013954162597656,20.257589944725066,19.92079858114695,20.078446067676047,83002900
2008-02-29,19.49085807800293,19.94230013268454,19.361874243305447,19.841979979812976,117411400
2008-03-03,19.340375900268555,19.627005876109383,19.254387590896073,19.519519806014014,76544300
2008-03-04,19.77031707763672,19.798979385360916,19.3188737718374,19.361869283562534,86925600
2008-03-05,20.15010643005371,20.357912642892014,19.849144624030366,19.884972857249544,106489800
2008-03-06,19.755985260009766,20.185930810373392,19.7058251963732,20.107107072224945,91127700
2008-03-07,19.970964431762695,20.114278745043045,19.57684699503259,19.59117883638851,77597600
2008-03-10,20.099943161010742,20.250424733708503,19.884971047738933,19.942297035728707,72175100
2008-03-11,20.98133659362793,21.024330752127018,20.336417382343328,20.35074922409624,98740700
2008-03-12,20.515554428100586,21.13180974933877,20.451063895346056,21.08881560524935,75993800
2008-03-13,20.508394241333008,20.773526447533467,20.178768755133063,20.45106824809295,84552200
2008-03-14,20.03544807434082,20.787853084915067,19.806144158768948,20.58004555720359,105214900
2008-03-17,20.279088973999023,20.587216701298996,19.54818289926921,19.562513372560762,84490100
2008-03-18,21.08165740966797,21.124651569507538,20.54422562801439,20.54422562801439,83695300
2008-03-19,20.508394241333008,21.203472080213643,20.508394241333008,21.05299049373381,61442100
2008-03-20,20.9096736907959,20.938336000604853,20.486894028729058,20.594380082341452,60170200
2008-03-24,20.902502059936523,21.067314054890417,20.82367833767207,21.01715400136175,48294700
2008-03-25,20.881010055541992,21.045823462617044,20.737695772695016,21.01715978599205,49149000
2008-03-26,20.465396881103516,20.830850567682425,20.33641306622162,20.80218825701943,45868100
2008-03-27,20.099943161010742,20.41523677833418,20.064114931051897,20.408070858990538,47894400
2008-03-28,19.99962615966797,20.372245823408093,19.942300162689456,20.228930147582023,49244000
2008-03-31,20.336410522460938,20.48689207658676,19.9494604929759,19.978122800053697,46780600
2008-04-01,21.138978958129883,21.16764263649051,20.515557621380385,20.658873279664693,65796200
2008-04-02,20.89534568786621,21.196307513278256,20.780693694067295,21.189141592820878,49499400
2008-04-03,20.78069496154785,21.00999896313166,20.63737927717814,20.78069496154785,38961400
2008-04-04,20.89534568786621,20.967003525680425,20.594383862454162,20.873847926494072,43860800
2008-04-07,20.89534568786621,21.20347343373564,20.80219145543943,21.17480975190612,44428600
2008-04-08,20.60154151916504,20.780685358462126,20.45106135019982,20.737691219723352,44733500
2008-04-09,20.70186996459961,20.809357404850278,20.45106958204026,20.580052050173823,45839300
2008-04-10,20.859508514404297,21.067314651588696,20.63736917568709,20.658866927847818,65591600
2008-04-11,20.264753341674805,20.78785306953091,20.214591914266325,20.687532948232246,54373700
2008-04-14,20.10711669921875,20.286260650411833,20.013962445972695,20.23610056275935,43418100
2008-04-15,20.243255615234375,20.40806763381409,20.085609514865844,20.15010141200732,34310000
2008-04-16,20.744861602783203,20.81651806051937,20.33641241318671,20.47256214305221,54107400
2008-04-17,20.93834114074707,21.024330824802146,20.70903713894642,20.866684665254112,48743300
2008-04-18,21.497276306152344,21.568934167191525,21.217812151535572,21.504442228932266,73658900
2008-04-21,21.79823112487793,21.927214959359503,21.583258978581682,21.6334190549335,54411700
2008-04-22,21.676408767700195,21.998868287807717,21.475767136660036,21.95587277395385,67387500
2008-04-23,22.536293029785156,22.54345757981416,21.712230367044388,21.819717752103706,98351500
2008-04-24,22.787099838256836,23.002071936694264,22.328491965985375,22.66528195133982,115416700
2008-04-25,21.37544822692871,21.776730145198055,21.21063618134158,21.533094353130394,145194900
2008-04-28,20.773529052734375,21.38261866152038,20.651711130977176,21.353954977925902,97473000
2008-04-29,20.522724151611328,20.709033966220694,20.38657577562558,20.637376134946408,84428900
2008-04-30,20.436738967895508,20.931175208986772,20.429573046997998,20.594385127361754,74733600
2008-05-01,21.06731414794922,21.131806036130655,20.40806479846264,20.422396632893836,71699400
2008-05-02,20.952669143676758,21.224968620995046,20.680371033117883,21.203470862230105,66024200
2008-05-05,20.838016510009766,21.662078102179976,20.773524602497723,21.447105988312742,119687700
2008-05-06,21.282299041748047,21.396951045511887,20.73053541940976,20.78069550021148,93582000
2008-05-07,20.931161880493164,21.59757706524714,20.83800770166334,21.27511903075117,88775000
2008-05-08,20.97416877746582,21.06015708669385,20.78069303156346,20.981334697694745,69589900
2008-05-09,21.06015968322754,21.174811687506853,20.74486735483927,20.931175836723384,51621200
2008-05-12,21.49009895324707,21.54025901926742,21.031491073336113,21.06731930141942,64278800
2008-05-13,21.418176651000977,21.669900256557106,21.238373291723306,21.57640311332065,70934700
2008-05-14,21.52606773376465,21.763408216136956,21.382224435203277,21.49729852533583,66730400
2008-05-15,21.900054931640625,21.95759196545975,21.533255826622035,21.562023657636054,53355800
2008-05-16,21.5692081451416,21.921622521099607,21.51886343026054,21.91443022300366,81538200
2008-05-19,21.188032150268555,21.49729421998436,21.080150383849134,21.4829109904419,59615000
2008-05-20,20.684589385986328,21.080156433645058,20.591090822276207,21.072964130914166,75767600
2008-05-21,20.317785263061523,20.89315562444946,20.274632828905215,20.72054451603308,60125100
2008-05-22,20.47600746154785,20.641427605961393,20.267436263847703,20.33935788683739,52203100
2008-05-23,20.173940658569336,20.375320957691834,20.102020396974424,20.324976225858975,48890700
2008-05-27,20.454437255859375,20.497589692162386,20.173942990411756,20.217096798505985,47334500
2008-05-28,20.267438888549805,20.54793174556442,20.166749426399132,20.540739445154937,52318500
2008-05-29,20.36093521118164,20.62704482820149,20.23866885284133,20.289013581841875,47699200
2008-05-30,20.368127822875977,20.641429744189736,20.281822963780794,20.41128025242357,63399200
2008-06-02,19.994138717651367,20.396899345239056,19.814335306982592,20.310593104529936,77028400
2008-06-03,19.641725540161133,20.360939232005244,19.61295770581882,20.07325402962585,86616700
2008-06-04,19.807146072387695,19.879066345375616,19.562613303213183,19.620150344678287,79567400
2008-06-05,20.353750228881836,20.353750228881836,19.850301386079725,19.936606274883985,76063400
2008-06-06,19.771177291870117,20.26024265033117,19.771177291870117,20.13078401170433,78500800
2008-06-09,19.929407119750977,20.07325038068831,19.63452966944134,19.886254690186174,66787100
2008-06-10,20.058866500854492,20.346553033064353,19.64891497578381,19.677684177721215,77433900
2008-06-11,19.50507354736328,20.094828483256343,19.497881246707138,20.03009914914212,59330800
2008-06-12,20.310592651367188,20.533548491520435,19.555418892123964,19.70645309525616,113996300
2008-06-13,20.90753746032715,21.267144231565773,20.49758596060167,20.591083117535685,131969100
2008-06-16,20.806848526000977,20.93630718638531,20.59827593498377,20.87157785619314,74718900
2008-06-17,20.713350296020508,20.943499791044264,20.706159367486627,20.88596276023608,44256700
2008-06-18,20.468812942504883,20.75649940326794,20.468812942504883,20.5335422589975,49677800
2008-06-19,20.806848526000977,20.993844216357125,20.375320115316864,20.533546604791603,62037800
2008-06-20,20.30340003967285,20.79965781855094,20.20990287323057,20.78527321700871,97480400
2008-06-23,20.116395950317383,20.432850193390177,19.98693870576948,20.353736289674345,57145300
2008-06-24,19.94378662109375,20.145166860560114,19.785560171949882,20.08043754686702,65218300
2008-06-25,20.38970375061035,20.619851859603543,19.965367660232552,20.001327787841134,64280200
2008-06-26,19.958179473876953,20.281826176223877,19.958179473876953,20.159559796647397,67049100
2008-06-27,19.871862411499023,20.073242624642337,19.74959609848174,19.907823898733795,73450200
2008-06-30,19.785560607910156,20.123590408807377,19.771176010819037,19.943787060540426,57830500
2008-07-01,19.32526969909668,19.692067421533853,19.016007636994974,19.612954859729292,100327800
2008-07-02,18.613248825073242,19.41876872387391,18.613248825073242,19.346847083871694,84669000
2008-07-03,18.68516731262207,18.771473540421876,18.411866772872763,18.677975012656173,37074500
2008-07-07,18.721128463745117,18.980044398739967,18.303984676029653,18.77866549060963,71527600
2008-07-08,18.591665267944336,18.843390213395498,18.347132620567844,18.649202280751123,65553200
2008-07-09,18.145753860473633,18.591666774708237,18.10979373897647,18.5485143545535,54255800
2008-07-10,18.30398941040039,18.46221593225574,17.965958089821694,18.12418598346833,57830600
2008-07-11,18.160146713256836,18.440639629458666,17.886846098982144,18.095417367703902,69532600
2008-07-14,18.088218688964844,18.562899474481743,18.030681665623124,18.325559081723295,51216200
2008-07-15,18.807435989379883,19.159850500452585,17.92999586212486,17.92999586212486,92719300
2008-07-16,19.605756759643555,19.627333654729966,18.642010727767566,18.7930448780005,82060400
2008-07-17,19.79275894165039,20.073251811501514,19.497881470322007,19.83591137429108,96526100
2008-07-18,18.598861694335938,19.03758099994703,18.059451565120078,18.95846844714651,150277000
2008-07-21,18.44063949584961,18.821823264478265,18.361526918806923,18.45502409959967,77575600
2008-07-22,18.555707931518555,18.656398755314385,18.325559828769627,18.368713626878225,88657200
2008-07-23,19.008817672729492,19.303695170092876,18.591673795596567,18.598866096970212,79408800
2008-07-24,18.296791076660156,18.821816580982553,18.296791076660156,18.76427955820463,81092600
2008-07-25,18.81462287902832,18.857775299947033,18.339942133550277,18.440631572957518,58682300
2008-07-28,18.33994483947754,18.778665527551865,18.224870785522132,18.742704028321466,59707800
2008-07-29,18.778667449951172,18.836204482819024,18.26802508293179,18.354331318129102,66368200
2008-07-30,18.864973068237305,19.05196877548821,18.627632626686374,18.84339753741794,51977700
2008-07-31,18.498165130615234,18.900925556473016,18.490972833175938,18.59166362553562,60461000
2008-08-01,18.296791076660156,18.663590111290976,18.030681488942996,18.642013213327694,82720200
2008-08-04,18.181720733642578,18.3759073676931,18.059454363867232,18.260833298703492,60588300
2008-08-05,18.850589752197266,18.900935861722264,18.33994870170755,18.440638177175103,84297600
2008-08-06,19.433156967163086,19.533846458956315,18.972859207983795,19.224584309258315,95550000
2008-08-07,19.699260711669922,19.958178055142223,19.224579829831452,19.34684620071658,82565800
2008-08-08,20.231477737426758,20.303399370978056,19.555417948701322,19.670492013666976,80814100
2008-08-11,20.06606101989746,20.42566785312785,19.89344990456182,20.03729318657046,68743800
2008-08-12,20.224279403686523,20.396890437934516,19.835903547785616,19.97974676222089,62813000
2008-08-13,20.073257446289062,20.497593706446537,19.965375648508168,20.18833154682755,51165200
2008-08-14,20.073257446289062,20.33936716115399,19.821532336939317,20.00852809326223,49732300
2008-08-15,20.00132179260254,20.24585442805881,19.835903060320508,20.123588110330672,47267400
2008-08-18,19.915029525756836,20.173945548193146,19.81433866589529,19.97975887431376,38078200
2008-08-19,19.72728729248047,20.037782887312556,19.691183730075043,19.886146272494628,40332900
2008-08-20,19.705617904663086,19.915020962786453,19.618967461026536,19.88613839974899,41497200
2008-08-21,19.62619400024414,19.66229755857367,19.395127921505242,19.568427480559418,43614200
2008-08-22,20.102766036987305,20.13164860518849,19.655074523139156,19.662295509505032,47930400
2008-08-25,19.972795486450195,20.102770515467085,19.82837848148418,19.93669192384001,51381300
2008-08-26,19.69118309020996,20.016119273087842,19.618974590482907,19.915028199827514,44774400
2008-08-27,19.90057945251465,20.066659358550762,19.590083973429792,19.7417219089824,33975300
2008-08-28,20.174970626831055,20.225516144367617,19.92946264685742,19.93668363182865,48372600
2008-08-29,19.705617904663086,20.059437909760007,19.705617904663086,19.987229436273232,50735500
2008-09-02,19.568424224853516,20.044998277277877,19.5395402811855,19.980010781287078,66079200
2008-09-03,19.42400550842285,19.62618896406937,19.38068097409221,19.49621398381533,57127700
2008-09-04,19.02686882019043,19.41679254477886,19.02686882019043,19.308480475574445,66141900
2008-09-05,18.521408081054688,18.932994713059514,18.506966106568992,18.795800087232898,82305200
2008-09-08,18.86079216003418,19.012428797047107,18.53585454177387,18.925778306423418,62110800
2008-09-09,18.846343994140625,19.207385061548447,18.81023906104242,18.918552483074663,85735700
2008-09-10,19.09185218811035,19.39512674233248,18.954656195726862,19.149618704283025,75064900
2008-09-11,19.74172592163086,19.828375007619734,18.795798698888348,18.846344228592255,72913300
2008-09-12,19.943904876708984,20.030553942968854,19.45288891036279,19.59730447988327,75628500
2008-09-15,19.366233825683594,19.85002869102203,19.30124635293203,19.438442281769966,82349400
2008-09-16,18.766908645629883,19.127949600052762,18.427530644286673,18.839117111966846,111729700
2008-09-17,17.741552352905273,18.680259664620493,17.691006839440213,18.579167260428427,106972100
2008-09-18,18.239789962768555,18.30477744752492,17.337187538110147,17.90763155431802,132291300
2008-09-19,18.16758155822754,19.06296300141502,16.96892564418123,19.041301424593538,134926100
2008-09-22,18.34088706970215,19.005202729420294,18.283120550477197,18.932994236073494,105207700
2008-09-23,18.369766235351562,18.896885758200728,18.297557760804338,18.528623777545775,92181300
2008-09-24,18.571943283081055,18.83911415339158,18.384201850993442,18.470852272442237,80250300
2008-09-25,19.214599609375,19.409560673724563,18.586387756603113,18.644154252940375,96203500
2008-09-26,19.785049438476562,19.90058246531122,18.87522581920689,18.896888778211757,100744300
2008-09-29,18.05926513671875,19.972781541567713,18.05926513671875,19.452883165752883,134383100
2008-09-30,19.27237319946289,19.27237319946289,18.4419789924911,18.60805755843298,107192700
2008-10-01,19.120737075805664,19.488999177528747,18.976321456495906,19.04852857751951,88957000
2008-10-02,18.954654693603516,19.15683817281637,18.55751009854721,18.90410916811587,93819800
2008-10-03,19.00519561767578,19.83558953727443,18.947429120067056,19.041300539469947,114289400
2008-10-06,17.987062454223633,18.76691095672275,17.43105898539925,18.50696099680234,146374600
2008-10-07,16.773969650268555,18.203692116195924,16.70898214024799,18.037613536037828,145941200
2008-10-08,16.615110397338867,17.546595652451728,16.246848336441374,16.53568092030341,171598600
2008-10-09,16.102434158325195,17.264987060119225,15.93635556585823,17.163895982489358,131948700
2008-10-10,15.524767875671387,16.138538043883,14.910997707459776,15.73417238252228,228467500
2008-10-13,18.4130916595459,18.4130916595459,16.340715639319303,16.50679555198739,144935400
2008-10-14,17.402179718017578,18.579172991332555,17.041138650744443,18.5141854890424,165674900
2008-10-15,16.362380981445312,17.510491680138472,16.23240597747818,17.17111357431725,113280200
2008-10-16,17.467164993286133,17.467164993286133,15.38756793966958,16.564562440182954,161147800
2008-10-17,17.279415130615234,18.13147174855748,16.83172387504402,17.019465280460235,133673100
2008-10-20,17.849872589111328,17.871535552261932,16.615112612041088,17.474390868672256,93484300
2008-10-21,16.86783790588379,18.059273067824904,16.802850408208613,17.546594072527654,100385600
2008-10-22,15.546428680419922,16.651213452592376,15.09151616942697,16.63677285678078,150054800
2008-10-23,16.11686897277832,16.31183143065758,15.084291559486712,15.56086553835022,154774100
2008-10-24,15.856922149658203,16.506797137154273,15.127620445490027,15.207048539424427,153919700
2008-10-27,15.293693542480469,15.85691649442538,15.178160558632188,15.64751347767355,117683900
2008-10-28,16.680097579956055,16.759525678200994,15.409232858150965,15.625856947564245,134088800
2008-10-29,16.60788345336914,17.308302390153468,16.391259437490827,16.701753492979904,111701800
2008-10-30,16.340709686279297,17.243311889785396,16.167410228477525,17.10611734648087,95323000
2008-10-31,16.12409782409668,16.542905506127916,15.972461201052488,16.26851483607822,93055200
2008-11-03,16.3334903717041,16.54289337047301,16.037435576597677,16.23239798657202,61923500
2008-11-04,16.990589141845703,17.084459191353336,16.514015154857915,16.701755253873184,72123000
2008-11-05,15.943571090698242,16.853394609397863,15.921908134087953,16.8461736238611,81179700
2008-11-06,15.07707405090332,15.943573145308186,15.062633455231035,15.791936561281624,95509700
2008-11-07,15.524767875671387,15.553651825828426,15.16372676228368,15.394792854489804,71256300
2008-11-10,15.380352973937988,15.864148186852201,15.300924854714548,15.777499079106132,67106800
2008-11-11,15.308141708374023,15.380348819571061,15.0120881452266,15.373129210261249,78014500
2008-11-12,14.65826416015625,15.163722114890795,14.643823566766047,15.084292653565106,90162300
2008-11-13,15.344240188598633,15.344240188598631,13.531814476344493,14.549949832795262,148413700
2008-11-14,14.484967231750488,15.409232859681168,14.1889136668005,14.84600829898339,96624500
2008-11-17,13.950620651245117,14.61493598593592,13.827866685793714,14.253895073109653,97289000
2008-11-18,14.263224601745605,14.292302828712813,13.630756872749425,14.1759871476594,108966500
2008-11-19,13.29635238647461,14.50312886694747,13.267272766900525,14.270496070132543,103010500
2008-11-20,12.743847846984863,13.696182885187064,12.722038139572433,13.172762386617817,139532800
2008-11-21,14.306845664978027,14.321385474836593,13.070989558851691,13.100069178568821,157231900
2008-11-24,15.041090965270996,15.222834447352014,14.444972565900095,14.459510990656103,125289900
2008-11-25,14.53220272064209,15.215558322185103,14.212333934682698,15.164670389858141,92948100
2008-11-26,14.895684242248535,15.0338095713259,14.343184312530738,14.343184312530738,79678300
2008-11-28,14.69941234588623,14.764840110426674,14.554018392035145,14.706682251567694,28650800
2008-12-01,13.52898120880127,14.503126092712154,13.521711305298375,14.45223676819189,79639900
2008-12-02,13.921545028686523,14.037860700994699,13.492630467078056,13.805229356378348,79689800
2008-12-03,14.444964408874512,14.4667727269898,13.521707708480818,13.558055829734261,80961500
2008-12-04,13.892464637756348,14.481312810325772,13.659833329412477,14.103286240970993,78719200
2008-12-05,14.444964408874512,14.524930552950478,13.427200374674753,13.747069110754447,91996200
2008-12-08,15.273715019226074,15.44818851131577,14.641247397132876,14.793912569331397,107225000
2008-12-09,14.975658416748047,15.44819104188732,14.873881156412859,14.990198223451971,80484900
2008-12-10,14.982924461364746,15.237364080193064,14.757561675271194,15.135588232661737,61499000
2008-12-11,14.13963508605957,14.62670738502213,14.03785785349074,14.619437483653506,83564300
2008-12-12,14.074211120605469,14.430428063288725,13.59440859482049,13.921545924259915,78112600
2008-12-15,13.841580390930176,14.132369603640402,13.732533222895544,14.05967195381476,59925900
2008-12-16,14.619436264038086,14.670324182781261,13.81249530513404,13.965159061363567,97688700
2008-12-17,14.292306900024414,14.5758262800315,14.175991185837267,14.40135270875078,78922700
2008-12-18,14.030592918395996,14.554014909472318,13.805231442567244,14.437699219587003,80759200
2008-12-19,13.899738311767578,14.394079282863348,13.892468408084829,14.117829875880643,113530400
2008-12-22,13.94335651397705,14.023324068851021,13.732533464433807,13.986974550002687,58575400
2008-12-23,14.0160551071167,14.226876784237147,13.819771851920365,14.0160551071167,47511400
2008-12-24,13.936086654663086,14.139639801085991,13.885198714705453,14.001514402206436,16880400
2008-12-26,13.90700626373291,14.052401558294903,13.877928036775886,13.957895587444211,23101000
2008-12-29,13.78342056274414,13.965163986113186,13.550789202686525,13.921545952750453,58512800
2008-12-30,14.059670448303223,14.168716218068878,13.812499297318569,13.819769200181904,43224100
2008-12-31,14.132366180419922,14.306839665784118,14.008780621629617,14.03785884256098,46419000
2009-01-02,14.779380798339844,14.830268754535473,14.081486450640673,14.197802175257202,50084000
2009-01-05,14.917500495910645,15.026546272416228,14.583091876488941,14.684869136274127,61475200
2009-01-06,15.091972351074219,15.266445851558114,14.9829265865958,15.084702448563375,58083400
2009-01-07,14.183257102966309,14.75029709012153,14.161447392716852,14.677599442548967,72709900
2009-01-08,14.626713752746582,14.677601697889056,14.212337513888189,14.270495363564233,70255400
2009-01-09,14.190526962280273,14.757565561080906,14.110559411539757,14.663059590144899,49815300
2009-01-12,14.154178619384766,14.386811387509065,14.030593024621899,14.328652155533684,52163500
2009-01-13,14.408617973327637,14.532203553169783,14.190526426120197,14.190526426120197,65843500
2009-01-14,13.8779296875,14.306844332224035,13.819771840076017,14.197798541628126,80257500
2009-01-15,13.986967086791992,14.030585099543789,13.463546773995551,13.863381561835546,96169800
2009-01-16,14.328651428222656,14.474046727596141,13.921546531206172,14.27049358579173,79634100
2009-01-20,13.434479713439941,14.263231048784888,13.35451351319085,14.146913928563364,89873000
2009-01-21,14.08874797821045,14.13963729574359,13.419932200288244,13.71799265661386,68340900
2009-01-22,12.438520431518555,13.216382067463652,12.409440817999121,13.12187471011778,222436600
2009-01-23,12.503951072692871,12.714772773190072,12.176812277757854,12.336746029396854,117020600
2009-01-26,12.816545486450195,12.947400971911263,12.525756289087973,12.569375708636507,92476500
2009-01-27,12.838356971740723,13.063718457539405,12.671153333457587,12.925594436310272,61695000
2009-01-28,13.114606857299805,13.310888712124232,12.911053712135095,12.94013194053442,64145500
2009-01-29,12.787470817565918,13.0564503799857,12.76566110172405,12.925596244712446,49192800
2009-01-30,12.431248664855957,12.932860830142728,12.431248664855957,12.896511318691754,62370900
2009-02-02,12.961938858032227,13.180030377094155,12.358550842929358,12.380360549472375,88871700
2009-02-03,13.449013710021973,13.528981262277592,12.79473764469072,12.97648107320453,86865100
2009-02-04,13.543519973754883,13.81250086383547,13.449013998997694,13.478093613749044,75618000
2009-02-05,13.841580390930176,13.914276654163478,13.267270482559182,13.456283817468913,75195200
2009-02-06,14.292306900024414,14.488590187687484,13.85612227852627,13.928819946541408,86746000
2009-02-09,14.132366180419922,14.372267396119693,14.001510719748774,14.27776005826075,52196400
2009-02-10,13.66710090637207,14.394074388340623,13.594404667448716,13.99423952789467,83953200
2009-02-11,13.965167999267578,14.168721191108979,13.754346288603877,13.768886099433836,58599000
2009-02-12,14.001510620117188,14.04512864449986,13.478090167749142,13.79068762684895,75323200
2009-02-13,13.8779296875,14.154179116115797,13.841581552832182,14.008785190852072,47416000
2009-02-17,13.241127967834473,13.541230809215584,13.094735724970562,13.533911057462397,75853300
2009-02-18,13.263087272644043,13.504633497001969,13.17525164737757,13.336281998249554,54946900
2009-02-19,13.109373092651367,13.453392992402751,13.036176983144783,13.394836384017415,49195600
2009-02-20,13.175247192382812,13.314319636988026,12.926381300394294,13.006897146655117,69413800
2009-02-23,12.597000122070312,13.285041230274286,12.560402770015633,13.18988727727243,70803400
2009-02-24,12.567724227905273,12.699476946969693,11.974838388215069,12.465250511343918,122674500
2009-02-25,12.414006233215332,12.618954962988804,12.048027256112064,12.450604968585061,105894600
2009-02-26,12.018755912780762,12.501848302041521,12.018755912780762,12.479889049402495,83219500
2009-02-27,11.821124076843262,12.091949211977981,11.784526727059918,11.923599169215551,93428000
2009-03-02,11.557618141174316,11.894318888398665,11.506381298569403,11.682051071543073,80602100
2009-03-03,11.623495101928711,11.88699977547583,11.447825319563965,11.733289239443925,80476600
2009-03-04,11.799168586730957,12.004116020291997,11.630817812227493,11.799168586730957,69285100
2009-03-05,11.177001953125,11.623496199994568,11.177001953125,11.608856701056355,89708500
2009-03-06,11.184320449829102,11.433186335037748,10.88421771697739,11.235557995521862,92821400
2009-03-09,11.089164733886719,11.521020116712142,11.052567387992736,11.12576277783033,66479100
2009-03-10,12.062670707702637,12.165145804258238,11.162362463725074,11.250197363280222,95184200
2009-03-11,12.52380657196045,12.589682928608603,12.026074719996442,12.172465537803749,84522200
2009-03-12,12.450607299804688,12.472566545138118,12.062669008843017,12.450607299804688,93694100
2009-03-13,12.187106132507324,12.479889190506048,11.843086213871292,12.42865232986874,82965800
2009-03-16,11.89432144165039,12.414011123742407,11.887001691692813,12.31153741653543,67028900
2009-03-17,12.37009048461914,12.37009048461914,11.901637790018388,11.94555488111242,62481000
2009-03-18,12.414006233215332,12.604315468840912,12.150502319048302,12.465244462732953,70710700
2009-03-19,12.545761108398438,12.772669119546523,12.384730832573336,12.714112528692008,58994600
2009-03-20,12.48720645904541,12.91906190727923,12.35545376011313,12.677515757936542,81725500
2009-03-23,13.416800498962402,13.607109894222173,12.67020242435103,12.714120943634176,71600000
2009-03-24,13.124011039733887,13.328958446764519,13.058134688588469,13.204526890267065,50044100
2009-03-25,13.087411880493164,13.402154126953759,12.82390788028153,13.160607979035076,73927100
2009-03-26,13.782772064208984,13.819369413682272,13.263082441971445,13.299679791444733,63775100
2009-03-27,13.27039909362793,13.629059773760416,13.2118425043184,13.570503184450885,47670400
2009-03-30,12.794629096984863,12.999577897119215,12.64091854395871,12.984938397945443,49633000
2009-03-31,13.446070671081543,13.753493123433685,13.014215288108316,13.050812634014823,92423300
2009-04-01,14.134109497070312,14.170708237080877,13.30699751822007,13.343594862131456,96438900
2009-04-02,14.119474411010742,14.558648216087084,13.907205861937628,14.273184963567566,99082300
2009-04-03,13.724220275878906,14.017003362544346,13.489993806546552,14.002363859186103,81858400
2009-04-06,13.731535911560059,13.731535911560059,13.372876563389767,13.570505611187519,47476100
2009-04-07,13.731535911560059,14.009679411494348,13.636380564353972,13.731535911560059,65815200
2009-04-08,14.04627513885498,14.361017318542325,13.87792372909487,13.885243477006107,56408900
2009-04-09,14.397616386413574,14.41957563277736,14.068234671453439,14.236586101377135,55759600
2009-04-13,14.339057922363281,14.529367177734667,14.17802765832556,14.412254004598298,44444700
2009-04-14,14.163392066955566,14.309782875680712,13.907206406562146,14.229268419516718,63796300
2009-04-15,13.782772064208984,14.090194546522541,13.548545676941394,14.060915550064397,72725500
2009-04-16,14.463495254516602,14.478134754648298,13.899887064342472,14.02432002326274,67688700
2009-04-17,14.05359935760498,14.412258742760054,13.907207145007167,14.412258742760054,61398500
2009-04-20,13.621743202209473,13.87060911383594,13.592464202677164,13.826690614537478,62937200
2009-04-21,13.885247230529785,13.965763083219636,13.592464215429702,13.607103715209591,60928300
2009-04-22,13.746176719665527,14.04627949663563,13.687620114307936,13.73153721930123,59401000
2009-04-23,13.848649024963379,13.863288523842384,13.51926728068302,13.848649024963379,86116300
2009-04-24,15.305252075195312,15.517520709656004,14.273190705127913,14.507417201015544,168478500
2009-04-27,14.931949615478516,15.239372169154532,14.844115397913777,15.041743085484296,68219600
2009-04-28,14.587924003601074,14.836789849623006,14.485450324450575,14.822150353716028,76685200
2009-04-29,14.822151184082031,15.290603910555582,14.683078757372979,14.719677499190755,79301600
2009-04-30,14.829469680786133,15.444314530437222,14.646480175439956,15.078335519744867,87439900
2009-05-01,14.814836502075195,14.895352365509755,14.536692949637201,14.778239143841155,63224500
2009-05-04,14.778239250183105,14.931949831191824,14.624527273074651,14.909991974533286,54313400
2009-05-05,14.485457420349121,14.81483786301258,14.375662543361445,14.741641743720749,66835500
2009-05-06,14.485457420349121,14.690404879046422,14.353704684843795,14.683085127507255,59639100
2009-05-07,14.141432762145996,14.631844831463047,14.009680057538501,14.609885581995288,68727200
2009-05-08,14.214622497558594,14.375652733231641,14.00967378262107,14.24390008763601,67597600
2009-05-11,14.141432762145996,14.441535524374391,13.914526102043938,14.053598556474018,63762600
2009-05-12,14.558648109436035,14.683081058922646,14.251225610474968,14.280504608518626,71966800
2009-05-13,14.456175804138184,14.639165371279173,14.39761919849705,14.58060876563804,49281700
2009-05-14,14.68308162689209,14.807514581192004,14.492772320545193,14.514731569927362,54539500
2009-05-15,14.800195693969727,15.00514451184938,14.624525876972712,14.734319338083395,61289900
2009-05-18,15.07834243774414,15.07834243774414,14.814836982396645,14.902672599545735,46073800
2009-05-19,14.960478782653809,15.277219827029727,14.916282782614184,15.10780065607324,51368300
2009-05-20,15.012045860290527,15.240394978260891,14.894188885516261,15.03414456992294,47450700
2009-05-21,14.599540710449219,14.901549265229075,14.371193087193442,14.835254567353944,58232800
2009-05-22,14.547986030578613,14.857360979579436,14.341735596256017,14.680575495145558,37318700
2009-05-26,14.982587814331055,15.06361504106943,14.327007976077603,14.393302724324187,44991700
2009-05-27,14.827892303466797,15.174098352827528,14.783696294706242,14.91628572595369,42892900
2009-05-28,15.06361198425293,15.196200048873893,14.768968094074275,14.967852298455009,45480800
2009-05-29,15.387706756591797,15.424537918398519,14.953108882028639,15.144626708528095,46134900
2009-06-01,15.763388633728027,15.837049610584467,15.3656216066493,15.46874613126855,57317100
2009-06-02,15.763388633728027,16.19062061353584,15.616068084981427,15.733925085965218,48935700
2009-06-03,16.00646209716797,16.02856080235878,15.682356184163494,15.69708724932502,56039600
2009-06-04,16.080135345458984,16.131697625387897,15.895983542874722,16.03593930622945,42330000
2009-06-05,16.3084716796875,16.433694873283468,16.065391527997186,16.17588225058992,59579200
2009-06-08,16.24217414855957,16.441058257717163,15.932799335969602,16.190611913955497,49000600
2009-06-09,16.264272689819336,16.44105809454976,16.1169508167279,16.24954022151709,50887700
2009-06-10,16.6104793548584,16.66204300040337,16.293739676304817,16.3305694467284,61297200
2009-06-11,16.816728591918945,17.13346965415061,16.625210707663392,16.639943176828954,65124600
2009-06-12,17.185029983520508,17.221859747380282,16.750432026141095,16.86828895645089,50963500
2009-06-15,17.251331329345703,17.33972476361859,16.95668889004604,17.11137564381612,69089600
2009-06-16,17.273426055908203,17.759586319885727,17.266059821003616,17.288157120751727,105295600
2009-06-17,17.44285011291504,17.545974620434727,17.06718045770841,17.31026065755199,86483100
2009-06-18,17.310256958007812,17.450212620420412,17.16293506020868,17.39865037768044,58852200
2009-06-19,17.730125427246094,17.92900960016917,17.49441147635918,17.708028122454177,115459000
2009-06-22,17.148202896118164,17.641729395681114,17.12610419137392,17.641729395681114,71291600
2009-06-23,17.19239616394043,17.428110023828644,17.09663653025745,17.221859693943742,56752700
2009-06-24,17.28815460205078,17.49440493443377,17.207128839836223,17.273423539353416,54287700
2009-06-25,17.52387237548828,17.619630619058068,17.0892743520506,17.258693539501724,57724300
2009-06-26,17.199766159057617,17.45021254119971,17.17766745299835,17.361819121928374,65126400
2009-06-29,17.5754337310791,17.70065690789186,17.34708467603105,17.383915848602786,62854900
2009-06-30,17.509145736694336,17.855350461775956,17.40601981893074,17.65646626855272,66452400
2009-07-01,17.708030700683594,17.8995472599389,17.6491007994159,17.71539553337588,54908400
2009-07-02,17.214494705200195,17.708021121617055,17.096636371385866,17.50177079364875,65422200
2009-07-06,17.08928108215332,17.14820957947249,16.846200855090977,17.096645914972793,49207700
2009-07-07,16.595748901367188,17.045078017952473,16.544185253921643,17.00088201082203,52842500
2009-07-08,16.61784553527832,16.71360518600976,16.205346207035088,16.433693873834738,73023400
2009-07-09,16.52945899963379,16.802002762064426,16.477896742145084,16.68414577209991,46981200
2009-07-10,16.49262046813965,16.60311257637554,16.315835061913944,16.345299998767654,43229200
2009-07-13,17.111373901367188,17.155571316486,16.30847245793121,16.51472284692151,67584000
2009-07-14,17.022985458374023,17.1040112598541,16.83883373824437,17.089280190017988,45448700
2009-07-15,17.766958236694336,17.766958236694336,17.35445737991289,17.494413077926815,67238700
2009-07-16,18.00267219543457,18.00267219543457,17.575440269424313,17.627002525241156,64555100
2009-07-17,17.892173767089844,18.010030702647853,17.752218129252647,17.97319953218254,52860100
2009-07-20,18.06896209716797,18.06896209716797,17.78905077615461,18.00266738455774,47798000
2009-07-21,18.289945602416992,18.289945602416992,17.95110717076102,18.186821106689674,52028400
2009-07-22,18.267841339111328,18.341502272931425,18.054226176495046,18.194181810256687,66192500
2009-07-23,18.82766342163086,18.945520359718884,18.29730720023475,18.363601903529958,106060500
2009-07-24,17.273426055908203,17.59753196191612,16.801996856774203,17.39128300445029,215135700
2009-07-27,17.022985458374023,17.273431910147636,16.86829728288273,17.266065672746514,80950000
2009-07-28,17.28815460205078,17.34708306773657,16.868289108418843,16.934583807936036,70288400
2009-07-29,17.531240463256836,17.612267657080242,17.19240202538787,17.479678214447723,73626900
2009-07-30,17.538604736328125,17.995301498168054,17.464943787003524,17.825882298197495,67820000
2009-07-31,17.324989318847656,17.730122427775935,17.310256848168077,17.50914098744519,54258200
2009-08-03,17.553333282470703,17.575431983816802,17.310253187525348,17.54596704868867,46902900
2009-08-04,17.509145736694336,17.523878211370008,17.332360255484605,17.44285100561992,49218300
2009-08-05,17.538604736328125,17.86271207037692,17.523873670435805,17.56070344261523,53310300
2009-08-06,17.28078842163086,17.66382415225511,17.140834193297938,17.626994387949697,59686000
2009-08-07,17.354448318481445,17.545966172352614,17.310252322962057,17.4944039434191,46169700
2009-08-10,17.251331329345703,17.347089595255856,17.162937895072815,17.280794870792683,35261900
2009-08-11,17.037715911865234,17.236600099602427,16.97878741975415,17.17767160749134,33615800
2009-08-12,17.332355499267578,17.604899181147523,16.96405216323953,17.037711706472557,61972300
2009-08-13,17.398656845092773,17.568076107062122,17.236602416281865,17.40602167825121,38954500
2009-08-14,17.450214385986328,17.531240173504653,17.317624945545216,17.398652138029423,46330200
2009-08-17,17.126102447509766,17.383915023411618,17.111369979180402,17.177664681697035,42474400
2009-08-18,17.46684455871582,17.518696712770453,17.23721298524593,17.252028290080176,38878900
2009-08-19,17.518699645996094,17.57055180873254,17.222400564026792,17.222400564026792,41821300
2009-08-20,17.533519744873047,17.68167003277696,17.437223046741604,17.481667567966436,39505900
2009-08-21,18.08167266845703,18.089080323777857,17.60759403085056,17.726113690252177,69011400
2009-08-24,18.252037048339844,18.31870450613534,17.985368630023075,18.081665284135894,54180900
2009-08-25,18.252037048339844,18.385371963930837,18.118702132748854,18.22240785202252,43980300
2009-08-26,18.18537712097168,18.33352740250185,18.089080426983127,18.21500774242403,41079000
2009-08-27,18.289079666137695,18.355747139812877,18.000186809256732,18.081669591052073,45495600
2009-08-28,18.28167152404785,18.881677358241756,18.229819359877027,18.570562960351303,55808000
2009-08-31,18.259450912475586,18.407601183058365,17.992782403438554,18.200191086815614,49592800
2009-09-01,17.7779598236084,18.326113415292486,17.703884708436966,18.03722202027575,62608500
2009-09-02,17.674257278442383,17.881665926235783,17.6149974629492,17.64462666426307,40771300
2009-09-03,17.85944938659668,17.88167094059706,17.60018709128739,17.711299099886844,34120000
2009-09-04,18.237232208251953,18.37056577715484,17.837227262945564,17.844634918917823,44999700
2009-09-08,18.385377883911133,18.40019319327284,18.08167110632445,18.23722902889105,53737100
2009-09-09,18.355745315551758,18.481672596326923,18.27426254185447,18.32611470225623,49900300
2009-09-10,18.51871109008789,18.555747947121855,18.259448852253556,18.370560836220974,46256000
2009-09-11,18.415008544921875,18.644640189093,18.377970271432552,18.46686071494126,54303500
2009-09-14,18.51871109008789,18.585378563041452,18.252041198273655,18.259448852253556,42806800
2009-09-15,18.6668643951416,18.718716568610844,18.415009770120342,18.49649115148668,44716600
2009-09-16,18.6668643951416,18.777976397270802,18.481677253971014,18.703901258229415,50055800
2009-09-17,18.74094009399414,18.800199928891807,18.563160589301145,18.563160589301145,42428800
2009-09-18,18.7113094329834,18.874273613106922,18.592789772372505,18.85945830231411,68016500
2009-09-21,18.74094009399414,18.79279368578727,18.592791213182934,18.60019886915338,28878700
2009-09-22,19.08909034729004,19.12612720940064,18.733531384711647,18.815012763928117,61376700
2009-09-23,19.044647216796875,19.444652168145808,18.9927950370737,19.200205168832326,60599900
2009-09-24,19.215017318725586,19.340944625700157,19.007607221101086,19.200202008995472,56302900
2009-09-25,18.926128387451172,19.126130872026344,18.903906831075705,19.029834164378666,50158900
2009-09-28,19.1335391998291,19.377986218598757,18.963167334930926,18.963167334930926,44358000
2009-09-29,19.074275970458984,19.229832494372584,19.029831451178783,19.192795630450046,39050300
2009-09-30,19.05204963684082,19.252052057548987,18.80019505065992,19.081680253034126,63533400
2009-10-01,18.429819107055664,18.86686076509867,18.370559293059937,18.82241625781823,75958100
2009-10-02,18.48908233642578,18.585380434998275,18.09648652600682,18.118708077319184,51219700
2009-10-05,18.252037048339844,18.56315138043042,18.163148046522657,18.50389157493056,60804900
2009-10-06,18.600196838378906,18.674270564264166,18.266859420432212,18.28167473075557,48795300
2009-10-07,18.592790603637695,18.65205043659259,18.42982500336234,18.511307803500017,38472700
2009-10-08,19.015012741088867,19.185384545259886,18.681675373914665,18.84464093691785,60521300
2009-10-09,18.926128387451172,19.103909315650878,18.859460892592782,18.940943700278815,39520000
2009-10-12,19.05204963684082,19.177976929931273,18.92612234375037,19.00760512541641,29145800
2009-10-13,19.11872100830078,19.215019117696556,18.903904648565135,18.9557568246094,37749000
2009-10-14,19.22983169555664,19.407612591023934,19.126127350588835,19.363166660724243,45365500
2009-10-15,19.78539276123047,19.78539276123047,19.185386841373532,19.185386841373532,65620100
2009-10-16,19.629838943481445,19.726135644939415,19.333539770303965,19.592802076658977,56500900
2009-10-19,19.526134490966797,19.689098682204076,19.444651688915208,19.622431191955666,48143200
2009-10-20,19.53354263305664,19.637246992528294,19.21502048568978,19.570579500620536,54604700
2009-10-21,19.689096450805664,19.81502376112934,19.54835383035785,19.600206002926587,61672700
2009-10-22,19.696504592895508,19.792801285352002,19.35575951594361,19.674281627159804,61600000
2009-10-23,20.75577163696289,21.740967006079032,20.652065894568988,21.629855022603554,281761000
2009-10-26,21.24466896057129,21.49652358440021,20.822442506759785,20.83725640420532,124149700
2009-10-27,21.178010940551758,21.392827384594415,21.06689888929753,21.281715333340188,69685800
2009-10-28,20.75577163696289,21.3113329672058,20.703919472198702,20.918735785202554,73542400
2009-10-29,20.903919219970703,21.044661810769142,20.629843104740804,20.792807243178434,65225500
2009-10-30,20.540952682495117,21.037254164341885,20.489100520832316,20.76317804901982,73371800
2009-11-02,20.652069091796875,20.777996402661856,20.303917779577567,20.518735538703726,62428900
2009-11-03,20.39280128479004,20.54835775020328,20.318726171936717,20.47428263734996,50294800
2009-11-04,20.785398483276367,21.029845384353695,20.45947022375017,20.511322382635456,63898400
2009-11-05,21.08910369873047,21.289106079826833,20.948362538283632,21.126141961636424,52681700
2009-11-06,21.12615203857422,21.207633430102504,20.889112694372052,21.02244626583632,38908500
2009-11-09,21.474308013916016,21.481715671622595,21.1335642366109,21.200231743103856,57518000
2009-11-10,21.489116668701172,21.68911912618857,21.34096638622181,21.407633872050944,65881100
2009-11-11,21.57059669494629,21.703930236614145,21.4965215632204,21.540966077109687,49693400
2009-11-12,21.74837303161621,21.844669699987268,21.481703160949557,21.489110814342013,55352400
2009-11-13,21.948383331298828,22.066904422984152,21.755789912866973,21.829863652479524,53037600
2009-11-16,21.8817081451416,22.07430148345209,21.75578086217525,21.93356030644561,54129500
2009-11-17,22.32069206237793,22.32069206237793,21.92635932506249,21.948680528004964,75648900
2009-11-18,22.402528762817383,22.424848540380477,22.17932105340956,22.320685794123417,59431200
2009-11-19,22.157001495361328,22.32068601525994,22.097479722751743,22.313245616294868,51967700
2009-11-20,22.037961959838867,22.149565126398606,21.896597192003863,22.06772214200288,42647100
2009-11-23,22.27603530883789,22.3281166597296,22.097470069019014,22.20163277080243,41832700
2009-11-24,22.253719329833984,22.313241090370425,22.134675808761102,22.28348091965756,37341400
2009-11-25,22.164440155029297,22.21652152458686,22.00819462724572,22.179319532680825,32033500
2009-11-27,21.74034881591797,21.866832766780828,21.390658560761164,21.65850726120276,29357900
2009-11-30,21.881710052490234,21.911471645143916,21.576660823344234,21.688263957573845,44172000
2009-12-01,22.328126907348633,22.357887084755188,21.881712893362042,21.963555864674376,49904200
2009-12-02,22.157001495361328,22.313245616294868,22.060277727926376,22.24628344472021,36308600
2009-12-03,22.194196701049805,22.469485719705602,22.142115340006708,22.20163709821463,43095200
2009-12-04,22.305803298950195,22.5959731571884,22.19420016229437,22.357884668115524,58810700
2009-12-07,22.164440155029297,22.380206031640757,22.082597191946906,22.15699975664809,38082700
2009-12-08,22.00074577331543,22.127229658962612,21.859381096624972,21.96354521481758,37402200
2009-12-09,22.10491371154785,22.179316265288268,21.76266395109689,21.926348434037262,44713300
2009-12-10,22.22396469116211,22.29092544671176,22.06771914391675,22.104919721345563,45940200
2009-12-11,22.209077835083008,22.320680956041077,22.164436870521914,22.298359764205195,43744200
2009-12-14,22.402528762817383,22.439729338163197,22.24628322432081,22.253723623212167,34651200
2009-12-15,22.335575103759766,22.47693847923474,22.23141089869583,22.23885130042265,49473200
2009-12-16,22.395084381103516,22.625731029272686,22.350443414805454,22.37276318839912,55737800
2009-12-17,22.023073196411133,22.290920415487857,22.000752003525264,22.283481436969975,43691200
2009-12-18,22.588529586791992,22.655491743204273,22.171875853757637,22.20163744287895,94118000
2009-12-21,22.70757293701172,22.945659971777605,22.595969816854044,22.618289589419177,40129100
2009-12-22,22.930789947509766,23.012632936317228,22.72246440379816,22.76710538900617,36321000
2009-12-23,23.00518798828125,23.02750918602881,22.834063062883143,22.84894244227046,28362700
2009-12-24,23.064708709716797,23.064708709716797,22.88614339322521,22.97542534191551,11083900
2009-12-28,23.191190719604492,23.198631117893576,22.982863824842795,23.06470678691183,25384000
2009-12-29,23.354875564575195,23.436718527835502,23.23583202843887,23.32511539009656,29716200
2009-12-30,23.034948348999023,23.28047726883779,22.91590479828929,23.17631309763348,42006200
2009-12-31,22.677814483642578,23.057266279931845,22.677814483642578,23.049825881677833,31929700
2010-01-04,23.027507781982422,23.13911092569337,22.759659101787374,22.781980298173952,38409100
2010-01-05,23.034948348999023,23.139112520203334,22.79686124757956,22.953106794830497,49749600
2010-01-06,22.893583297729492,23.124229982494587,22.70757758634549,22.975424845743003,58182400
2010-01-07,22.65549659729004,22.841502311819152,22.462050483886447,22.789419519697777,50559700
2010-01-08,22.811737060546875,22.97542155222071,22.49924745345264,22.52900904418102,51197400
2010-01-11,22.521574020385742,22.88614507913442,22.40997086674612,22.84894308184715,68754700
2010-01-12,22.372766494750977,22.618293974341608,22.253722954289515,22.432288264981707,65912100
2010-01-13,22.581087112426758,22.707571016336576,22.32811930460712,22.51412496217388,51863500
2010-01-14,23.034948348999023,23.139112520203334,22.51413316942171,22.551333746851853,63228100
2010-01-15,22.960538864135742,23.243266839720867,22.84893433411292,23.124223332199705,79913200
2010-01-19,23.13910675048828,23.24326947660865,22.826617153016464,22.878698516076646,46575700
2010-01-20,22.759660720825195,23.020069020749197,22.55133379706378,22.923345248637762,54849500
2010-01-21,22.328126907348633,22.856382473536527,22.320686508219236,22.774540921335223,73086700
2010-01-22,21.546903610229492,22.469493302463707,21.45762165234304,22.320688147171445,102004600
2010-01-25,21.814746856689453,22.067714705841578,21.651062362166048,21.755225093307235,63373000
2010-01-26,21.948671340942383,22.20907958982657,21.64362212397001,21.725465081390674,66639900
2010-01-27,22.075157165527344,22.186760304904166,21.591542615487178,21.837070089760548,63949500
2010-01-28,21.69569969177246,22.223956494928185,21.494813241877587,22.20163530523635,117513700
2010-01-29,20.96656036376953,22.26115971930586,20.579668210866064,22.24627892439941,193888500
2010-02-01,21.137685775756836,21.18976714011939,20.773114806108204,21.12280498047875,85931100
2010-02-02,21.174882888793945,21.204644474492596,20.936795879646798,21.10792215919301,54413700
2010-02-03,21.301376342773438,21.420421319845364,20.921925888717936,21.026088647155827,61397900
2010-02-04,20.713592529296875,21.20464740838321,20.691271336934513,21.115364058044463,77850000
2010-02-05,20.847515106201172,21.040961166539404,20.51270434424835,20.83263431253425,80960100
2010-02-08,20.624317169189453,20.892165904864402,20.512714002361978,20.840084521618998,52820600
2010-02-09,20.8400821685791,21.085609675521702,20.646636039001432,20.810320570592797,59195800
2010-02-10,20.825204849243164,21.011210610403726,20.713601676369095,20.854966452202294,48591300
2010-02-11,20.921918869018555,21.13024431599721,20.609429279439897,20.780554159203987,65993700
2010-02-12,20.78055763244629,20.877279974836647,20.52014936108791,20.69127426945365,81117200
2010-02-16,21.191679000854492,21.20662938092838,20.945003432622183,21.02722767153514,51935600
2010-02-17,21.3710880279541,21.415937760778213,21.199162864005586,21.32623829512999,45882900
2010-02-18,21.655134201049805,21.699985351262477,21.31128393723487,21.37108404510473,42856500
2010-02-19,21.505634307861328,21.617759330145095,21.44583420092685,21.520584691031697,44451800
2010-02-22,21.475732803344727,21.63270896974394,21.415932698465735,21.557958482208456,36707100
2010-02-23,21.176733016967773,21.550484041923607,20.99733269607861,21.438359019586258,52266200
2010-02-24,21.400985717773438,21.520587372290624,21.21411018210192,21.31876145158606,43165900
2010-02-25,21.378557205200195,21.415931734412013,20.94500610790736,21.131881605460254,48735300
2010-02-26,21.43088722229004,21.56543784070422,21.311286989421266,21.41593683674463,40370600
2010-03-01,21.692508697509766,21.714932845357705,21.326232883275072,21.505633194793273,43805400
2010-03-02,21.27390480041504,21.901806552113918,21.10945488477841,21.737356636477287,93123900
2010-03-03,21.27390480041504,21.386031233448055,21.191680555470132,21.311280753341652,48442100
2010-03-04,21.400985717773438,21.415936102806487,21.13188591591454,21.273910296486918,42890600
2010-03-05,21.3710880279541,21.43836334006392,21.2440125968297,21.42341295387345,56001800
2010-03-08,21.400985717773438,21.625237216027575,21.303811066553013,21.31876145158606,39414500
2010-03-09,21.528060913085938,21.759787601424225,21.341185379376,21.348660571814058,50271600
2010-03-10,21.655134201049805,21.759785459132335,21.528058793607972,21.572909943820644,44891400
2010-03-11,21.812116622924805,21.81959181676803,21.565440929088158,21.595340278713614,35349700
2010-03-12,21.879379272460938,21.96160350562939,21.707454190862716,21.916753794287814,31700200
2010-03-15,21.894332885742188,21.954132984946888,21.685031825652317,21.812107214680662,37512000
2010-03-16,21.954133987426758,22.043833427456295,21.827058592595836,21.99150851648125,36723500
2010-03-17,22.14848518371582,22.327886930936497,21.97656005385527,22.051310544239385,50385700
2010-03-18,22.1335391998291,22.21576346712596,22.051313506785032,22.14848815931667,43845200
2010-03-19,22.11857795715332,22.350303111555622,21.939177699640588,22.245653317776487,81332100
2010-03-22,22.12605857849121,22.200809060577548,21.969082423535216,22.051308096404874,37718200
2010-03-23,22.335357666015625,22.350308047213165,21.98403226235437,22.118582841638585,42026600
2010-03-24,22.16344451904297,22.312945560196592,22.126069971628358,22.21576945572246,33987700
2010-03-25,22.432538986206055,22.85113977781542,22.27556279826057,22.2979883753234,73168700
2010-03-26,22.170907974243164,22.574559716176953,22.118583065269565,22.49233404450596,55595500
2010-03-29,22.11857795715332,22.290503025718042,22.08867720136128,22.208277373036434,33336000
2010-03-30,22.253135681152344,22.32041097762754,22.05130979172676,22.14848442788706,34954800
2010-03-31,21.894332885742188,22.21575752787569,21.80463202406172,22.155957428670987,63760000
2010-04-01,21.797161102294922,22.081212698457293,21.39351071004722,21.939186900376107,74768100
2010-04-05,21.879379272460938,21.998979453202885,21.699979001348016,21.774728045001773,34331200
2010-04-06,21.916765213012695,22.111115964412555,21.662614340085753,21.789689776549224,47366800
2010-04-07,21.939184188842773,22.096158925941676,21.782208025996937,21.797158408315003,58318800
2010-04-08,22.365257263183594,22.410106978692728,21.90180545043339,21.91675583085202,63713800
2010-04-09,22.67921257019043,22.73153748616877,22.35031126522327,22.38768722359853,54752500
2010-04-12,22.664262771606445,22.791338181866983,22.582037086806373,22.61193785427806,37068800
2010-04-13,22.76144027709961,22.79881481305165,22.522238399466207,22.53718878414589,41374600
2010-04-14,23.038013458251953,23.172564058323033,22.91841324168811,23.015589308738136,68941200
2010-04-15,23.075387954711914,23.135188059204246,22.955786319980295,23.03801199831236,52745400
2010-04-16,22.925886154174805,23.157611372510992,22.87356124284859,23.01558702055324,88703100
2010-04-19,23.20245933532715,23.359434047769742,22.993158292990316,23.000633482975207,64970300
2010-04-20,23.441661834716797,23.501461934264675,23.269735300988174,23.33701059119789,52199500
2010-04-21,23.419240951538086,23.546316366737667,23.344490455700605,23.419240951538086,55343100
2010-04-22,23.464094161987305,23.56874544199411,23.097818246331812,23.202469526338618,84847600
2010-04-23,23.14266586303711,23.606117823033365,22.91094059591258,23.262267518638726,126766600
2010-04-26,23.25478744506836,23.38186284083501,23.067911946926046,23.172561769646734,63649300
2010-04-27,23.060440063476562,23.35944061824062,22.98568956834877,23.135190558604354,68730900
2010-04-28,23.105289459228516,23.172564761304976,22.888514594785438,23.11276465120891,64557900
2010-04-29,23.172561645507812,23.493987728710167,22.925886046311316,23.12023673442778,52665200
2010-04-30,22.82872200012207,23.23237251971933,22.81377161123947,23.22489732527803,63214800
2010-05-03,23.067913055419922,23.217412605669608,22.858611974174,22.925887270797798,43989500
2010-05-04,22.52223777770996,22.836188718580413,22.23818760537342,22.813764567927098,82085600
2010-05-05,22.31293296813965,22.492333260832872,22.193332773010834,22.253132870575243,66833800
2010-05-06,21.6626033782959,22.335354761484307,20.862776622947166,22.118579965297066,128613000
2010-05-07,21.087026596069336,21.64017922213781,20.421750402908025,21.625228842893446,173718100
2010-05-10,21.632709503173828,22.03635986462371,21.460782949878677,21.685034418014833,86653300
2010-05-11,21.587860107421875,22.16343706891413,21.356134854699878,21.438360542269375,63789400
2010-05-12,22.006452560424805,22.11110235223519,21.617751296919828,21.662601004017638,47146800
2010-05-13,21.856956481933594,22.223232260227746,21.812106764891624,21.871906862863185,45188800
2010-05-14,21.625240325927734,21.834540043500777,21.408463989015775,21.827066275656648,63334000
2010-05-17,21.632709503173828,21.849484354050414,21.26643367353981,21.76726009890612,46053300
2010-05-18,21.47502326965332,21.775372955010514,21.324847710884587,21.67775984433703,52690600
2010-05-19,21.204708099365234,21.54260239468962,20.86681523622114,21.41495359780933,61746700
2010-05-20,20.35622215270996,20.90436057095349,20.303661130711326,20.761693916828314,87991100
2010-05-21,20.153486251831055,20.35622285699473,19.85313652131847,19.995801748199142,117596300
2010-05-24,19.725482940673828,20.168499223204115,19.71797402020279,20.160990302733076,73711700
2010-05-25,19.575315475463867,19.770543191752072,19.057211206552118,19.259947846410725,98373600
2010-05-26,18.779380798339844,19.980780884950413,18.44148653166869,19.69544763038807,176684100
2010-05-27,19.52275276184082,19.79306825837949,19.32001613943682,19.32001613943682,136433600
2010-05-28,19.372573852539062,19.612855048443883,19.267451813954704,19.4026095390948,67496900
2010-06-01,19.440147399902344,19.755514861609935,19.16232453612421,19.1698334557101,76152400
2010-06-02,19.86814308166504,19.883160918788874,19.32000491626304,19.567793500087216,65718800
2010-06-03,20.16850471496582,20.221065740394998,19.830610362663204,19.935732413521563,67837000
2010-06-04,19.365068435668945,19.95075006438607,19.23741961850589,19.59783930266728,89832200
2010-06-07,18.989627838134766,19.395099559252014,18.95208323198854,19.38759063802277,80456200
2010-06-08,18.85447120666504,18.967102167232355,18.509067971120857,18.959593245570485,87355000
2010-06-09,18.61419105529785,19.162329435597623,18.584155369274686,18.93706608696488,87794000
2010-06-10,18.771873474121094,18.884504428529763,18.606681503133732,18.869486586027197,78930900
2010-06-11,19.267452239990234,19.31250433863966,18.59917395333229,18.80191054552528,68057700
2010-06-14,19.147315979003906,19.49271785431569,19.12478920932592,19.41763148641707,50972400
2010-06-15,19.958253860473633,20.01081487189077,19.32751885910768,19.33502777962158,81641500
2010-06-16,19.763032913208008,19.958260616111204,19.695454037888414,19.87566389468045,48698000
2010-06-17,19.80057716369629,20.02583912249113,19.55278843614972,19.943242402582072,47995500
2010-06-18,19.853134155273438,19.920713015607454,19.65039757427138,19.80057313772038,52075600
2010-06-21,19.48520851135254,20.19103004134524,19.44015497627856,20.10843475807066,54625300
2010-06-22,19.350046157836914,19.860641309515714,19.34253723711456,19.642886905107915,55985400
2010-06-23,19.004653930664062,19.35756624733447,18.9370750373519,19.35756624733447,61466200
2010-06-24,18.771873474121094,19.312502914590876,18.7193124575424,19.117275258598383,85243400
2010-06-25,18.418968200683594,18.85447573643987,18.253774748795575,18.809422195644565,156256700
2010-06-28,18.253774642944336,18.47903804907244,18.111109394461977,18.403950247029737,73784800
2010-06-29,17.50289535522461,18.1711750602548,17.352721218769336,18.118612608706073,119882100
2010-06-30,17.277629852294922,17.780716041085398,17.232577763916986,17.495382806271657,81050500
2010-07-01,17.3902645111084,17.510404393948015,17.067388038909296,17.337703491388616,92239400
2010-07-02,17.472867965698242,17.63055108575525,17.307674488860314,17.540446854917224,62485100
2010-07-06,17.885848999023438,18.088585669010783,17.705639103095002,17.795744767149692,73592000
2010-07-07,18.246267318725586,18.261285166886513,17.728164446801028,17.885847555948285,79965300
2010-07-08,18.328857421875,18.486541906168547,17.998472042739248,18.47152406343958,50758100
2010-07-09,18.223739624023438,18.32886168320573,18.13363397888101,18.268791730504326,53806100
2010-07-12,18.644222259521484,18.68927434900677,18.336363689041864,18.34387260931943,49854200
2010-07-13,18.869491577148438,18.99714040782374,18.696790639229107,18.877000500385886,61928700
2010-07-14,19.102264404296875,19.229913238335623,18.861984583089985,19.14731651272799,72808100
2010-07-15,19.15482521057129,19.21489516516555,18.75686086627138,19.14731628722442,56934700
2010-07-16,18.689281463623047,19.25243780920122,18.681772540486996,19.15482467279382,65064800
2010-07-19,18.944583892822266,18.997144935831777,18.704304020675366,18.74184721363044,38181800
2010-07-20,19.132293701171875,19.132293701171875,18.54661214700519,18.666752026433247,45530700
2010-07-21,18.861976623535156,19.259939372405228,18.7568531719826,19.222396203252238,73297300
2010-07-22,19.402610778808594,19.51524174622835,19.1247863891381,19.154822077612945,73016400
2010-07-23,19.38008689880371,19.5377714224203,18.959597222793917,19.402613668514842,108520100
2010-07-26,19.59783363342285,19.672921403946944,19.372570321850574,19.41762384347309,67249900
2010-07-27,19.64289093017578,19.70296087608352,19.492715349316203,19.62787308565373,60672100
2010-07-28,19.48520851135254,19.66541835510688,19.395102873385106,19.575312717139447,69704800
2010-07-29,19.545276641845703,19.830608509879916,19.222400164740936,19.620362995626014,69446200
2010-07-30,19.38008689880371,19.402613668514842,19.03468502298369,19.335034791562116,83534800
2010-08-02,19.770545959472656,19.808089150399677,19.335038356686944,19.515248251062317,55044600
2010-08-03,19.64289093017578,19.785557588774335,19.50022427157723,19.67292661921989,56877700
2010-08-04,19.32001495361328,19.702961406145043,19.10226193090729,19.63538253615823,78531900
2010-08-05,19.049694061279297,19.207377079805905,18.929552777218067,19.139798234100216,64922100
2010-08-06,19.184850692749023,19.192359612659793,18.786887962738405,18.90702781695067,55982100
2010-08-09,19.22991371154785,19.32001793062738,19.049703841208057,19.184860169827346,57096500
2010-08-10,18.824432373046875,19.02716892748382,18.681765749682345,19.019660007077253,87257700
2010-08-11,18.6667537689209,18.696788025491355,18.441490399830357,18.531596033902666,76746900
2010-08-12,18.388933181762695,18.53159986848946,18.291320037484862,18.336372147753032,70240500
2010-08-13,18.32135772705078,18.52409440944806,18.20121778907781,18.283814533502113,45263500
2010-08-16,18.396442413330078,18.479039143687782,18.24626680034895,18.29132034355176,40909700
2010-08-17,18.65309715270996,18.84181728467904,18.570061273721397,18.65309715270996,52912600
2010-08-18,18.736125946044922,18.834261176313895,18.42662518563297,18.630443180973433,46818900
2010-08-19,18.44927406311035,18.67573756647817,18.27565050805386,18.58515274105898,54064600
2010-08-20,18.290754318237305,18.419084061874074,18.26810882453807,18.351144701135766,49560100
2010-08-23,18.328500747680664,18.60025677365073,18.298304833783757,18.449281523627455,51643000
2010-08-24,18.1473331451416,18.381345764485506,18.1171372253188,18.1850766050994,66522500
2010-08-25,18.192625045776367,18.283209922918186,18.019002831404,18.117136688277743,47404800
2010-08-26,17.981258392333984,18.26056489027159,17.958612892380057,18.18507653084353,49105300
2010-08-27,18.064292907714844,18.132232276597136,17.747242999537644,18.026548013991086,60939400
2010-08-30,17.845375061035156,17.98125378522705,17.815180588892698,17.9208634011218,45453100
2010-08-31,17.7170467376709,17.913315861730204,17.603814938357573,17.815182019610774,66074600
2010-09-01,18.041635513305664,18.079380385149893,17.769879635125402,17.868013422281123,65235900
2010-09-02,18.07184410095215,18.079393080621937,17.898220448188265,18.026550222933405,48837100
2010-09-03,18.336055755615234,18.45683657127848,18.268116366827048,18.29831085083241,64189100
2010-09-07,18.086942672729492,18.343602251341984,18.056748190444925,18.192626960277515,51928700
2010-09-08,18.064292907714844,18.26811101436172,17.92086519120551,18.169975730500422,65512400
2010-09-09,18.124677658081055,18.275652866536415,18.109579705289512,18.260556353564898,46028900
2010-09-10,18.003902435302734,18.139781172446376,17.958610002861676,18.102036278895106,58284300
2010-09-13,18.955049514770508,19.090928232984243,18.185071071439506,18.268108385863517,114680400
2010-09-14,18.894662857055664,19.13622443045547,18.788978588827835,18.902211836201975,87160400
2010-09-15,18.962594985961914,19.038081868948435,18.811618340348872,18.94749703343661,56201900
2010-09-16,19.121118545532227,19.151314449599813,18.909751536518993,18.917300512535892,44548300
2010-09-17,19.038084030151367,19.27209800139884,18.93240123011713,19.173962738664052,70341600
2010-09-20,19.19662094116211,19.264560335308513,18.955059290784238,19.083389097525107,49838700
2010-09-21,18.985240936279297,19.189058980863766,18.932399540976665,19.189058980863766,52675700
2010-09-22,18.57761001586914,18.84936602337586,18.38888988629654,18.78897563950544,94299400
2010-09-23,18.441734313964844,18.562515101496146,18.388892899397472,18.502124707730495,46201800
2010-09-24,18.705936431884766,18.72103294529992,18.55495977917264,18.60025219905825,51948800
2010-09-27,18.66819190979004,18.864460986183097,18.562509114739967,18.758778191133025,43603300
2010-09-28,18.630451202392578,18.796524396125527,18.381340691882997,18.721036057221347,56041200
2010-09-29,18.494577407836914,18.61535820633509,18.41908904882038,18.592711266683924,44318900
2010-09-30,18.487028121948242,18.743687674463708,18.388894264725586,18.5776144392328,61262700
2010-10-01,18.403980255126953,18.736127975380896,18.34358989142804,18.69838453800152,62672300
2010-10-04,18.0491943359375,18.109584724019708,17.95106049523657,18.08693778855622,98143400
2010-10-05,18.381338119506836,18.456826447846804,18.049190338703045,18.16242211130294,78152900
2010-10-06,18.441734313964844,18.524771645325323,18.215269257478237,18.358696982604364,50489700
2010-10-07,18.517223358154297,18.683296587261196,18.328503190606202,18.58516273365726,50096100
2010-10-08,18.54741668701172,18.60780707929235,18.396441426220413,18.585161582074942,41327800
2010-10-11,18.5625057220459,18.67573747316404,18.494566383411048,18.67573747316404,27587800
2010-10-12,18.743677139282227,18.81916545461984,18.441725317751636,18.607798459638495,50141500
2010-10-13,19.12868309020996,19.27965985378659,18.788986092073106,18.887121420344254,75336500
2010-10-14,19.045642852783203,19.12868020420435,18.872020608739813,19.090936738915232,51949100
2010-10-15,19.279647827148438,19.287195364780107,19.0456338456004,19.143769112654795,68954800
2010-10-18,19.49101448059082,19.589149752902006,19.21170949901041,19.31739230935756,48330500
2010-10-19,18.947500228881836,19.151318302886814,18.83426844548582,19.07582996734939,66150900
2010-10-20,19.106033325195312,19.17397271480023,18.947509042664446,19.068289859779654,56283600
2010-10-21,19.18906593322754,19.27965224358085,18.90975946280701,19.173967974865228,50032400
2010-10-22,19.15886878967285,19.279651009016547,19.075832903638425,19.264553051621025,25837900
2010-10-25,19.01543617248535,19.136216911729832,19.000338220124796,19.05317961356676,50912400
2010-10-26,19.551395416259766,19.604236795900043,18.91729598093721,18.962589826188545,69304200
2010-10-27,19.664634704589844,19.709928567242358,19.34003732783445,19.468367059042922,64805500
2010-10-28,19.8382625579834,19.91374946563862,19.566505082999093,19.785419706876084,80730300
2010-10-29,20.132661819458008,20.532748979480143,19.989234129665892,20.495004092787372,114193200
2010-11-01,20.344026565551758,20.5478431713701,20.155306472883634,20.291183730155847,61912100
2010-11-02,20.67617416381836,20.698821094666815,20.39686921578804,20.427063683765855,54402100
2010-11-03,20.4044246673584,20.751669078299663,20.351581811944193,20.729022140265002,110255300
2010-11-04,20.48746109008789,20.70637717728657,20.389327235708894,20.69127921820653,93599300
2010-11-05,20.26854133605957,20.525200816472474,20.026979810922786,20.51010286119636,110953700
2010-11-08,20.238344192504883,21.79339893551813,20.064722036868123,20.140210368829376,71670800
2010-11-09,20.344026565551758,20.464807309673755,20.16285400954872,20.23834233457998,58538600
2010-11-10,20.33647918701172,20.442161986467514,20.238343924814064,20.389320586739615,52277300
2010-11-11,20.140209197998047,20.17040366513512,19.83825732752688,20.140209197998047,62073100
2010-11-12,19.830707550048828,20.01942764145054,19.70237783030286,19.98168275927818,64962200
2010-11-15,19.777868270874023,20.004331828857545,19.7552213391476,19.8760020953815,51794600
2010-11-16,19.60317611694336,19.77786650891008,19.481653247807216,19.77786650891008,65339200
2010-11-17,19.420900344848633,19.67913691737309,19.405709617366604,19.671541553632075,58299700
2010-11-18,19.625965118408203,19.808249449235472,19.451276149115454,19.5272268671265,59514000
2010-11-19,19.512042999267578,19.618375192880034,19.443686175183146,19.595589101962727,52423200
2010-11-22,19.54241943359375,19.550014795844728,19.32215972298429,19.48165798425315,53350500
2010-11-23,19.07910919189453,19.443677797484824,19.056323110795063,19.420891716385356,69742500
2010-11-24,19.268993377685547,19.337348739693923,19.109493669886795,19.139875118483587,56825900
2010-11-26,19.177846908569336,19.299369782987707,19.11708547136015,19.147465465631274,21356500
2010-11-29,19.223424911499023,19.306972462582845,18.93480833751375,19.13228344546893,56603600
2010-11-30,19.18543815612793,19.344936351357042,18.987963165368107,19.025938512232194,75282100
2010-12-01,19.777864456176758,19.937362662113642,19.41329443793997,19.420889797556022,74123500
2010-12-02,20.42346954345703,20.491826383063092,19.899402371367653,19.929782384154894,91759200
2010-12-03,20.522197723388672,20.552577721193117,20.3399133905607,20.362698026747257,52622000
2010-12-06,20.385482788085938,20.491814946498597,20.324721347754846,20.45383958954179,36264200
2010-12-07,20.40826988220215,20.605743486558037,20.393079159200287,20.567768127720463,57860500
2010-12-08,20.681692123413086,20.68928748361781,20.355098877944055,20.377884958558234,41666800
2010-12-09,20.567766189575195,20.765241223989662,20.51460011274571,20.719670507945384,47148300
2010-12-10,20.76524543762207,20.810816162913447,20.590556450115756,20.651317900060004,37625800
2010-12-13,20.696884155273438,20.848788471659645,20.63612271845234,20.712074876645445,47943900
2010-12-14,20.977907180786133,21.076643974605055,20.70447998456918,20.742455340191775,64070500
2010-12-15,21.152603149414062,21.258935339354135,20.909557316026785,20.909557316026785,69634200
2010-12-16,21.25893783569336,21.25893783569336,21.008296609497652,21.084248803516754,57680200
2010-12-17,21.190576553344727,21.334885546791817,21.07664901058852,21.205767278690168,87456500
2010-12-20,21.122209548950195,21.258923113776184,21.023472779168426,21.228543126407413,52811000
2010-12-21,21.319686889648438,21.37285295991022,21.084236529060494,21.152593319016148,38153000
2010-12-22,21.410831451416016,21.5703296748078,21.251331779357347,21.274117860699125,42252300
2010-12-23,21.49437713623047,21.50956785685447,21.236140680289875,21.243736040601874,24902500
2010-12-27,21.319686889648438,21.418425118991834,21.17537794989019,21.357663688883115,21652800
2010-12-28,21.274112701416016,21.395635541767327,21.236135908389652,21.243731266994924,23042200
2010-12-29,21.24374008178711,21.357669059472908,21.17538327464248,21.22095544518365,19502500
2010-12-30,21.152603149414062,21.26653070273092,21.099437054444024,21.2057692443841,20786100
2010-12-31,21.19816780090332,21.205763162101583,20.985502033352983,21.114620276389434,24752000
2011-01-03,21.25132942199707,21.40323371675809,21.205758713035454,21.30449549056341,53443800
2011-01-04,21.334882736206055,21.395644180916012,21.15259840207619,21.220955208458278,54405600
2011-01-05,21.266530990600586,21.27412635408018,21.091841976572272,21.190578804472093,58998700
2011-01-06,21.889331817626953,21.9121179033901,21.160194457212132,21.2969080744567,88026300
2011-01-07,21.722238540649414,21.82857071187061,21.456406663929243,21.752618540140965,73762000
2011-01-10,21.433616638183594,21.570330232434745,21.296904492599356,21.463998080758035,57573600
2011-01-11,21.350078582763672,21.456410774355028,21.304506401795265,21.41843540554882,50298900
2011-01-12,21.68425941467285,21.714640859586986,21.319690767705406,21.357667573848076,52631100
2011-01-13,21.410831451416016,21.562734314360544,21.274117860699125,21.517163600343874,67077600
2011-01-14,21.49437713623047,21.55513857005962,21.198165327396726,21.327283555367025,62688400
2011-01-18,21.767810821533203,21.82857227353048,21.37286065921726,21.388051384383402,53322700
2011-01-19,21.623497009277344,21.78299669063009,21.471594137481404,21.6159016483875,50005900
2011-01-20,21.53235626220703,21.684259138844382,21.36526121463883,21.646283781851796,58613600
2011-01-21,21.28171730041504,21.593119895107723,21.28171730041504,21.570333809398324,58080300
2011-01-24,21.555139541625977,21.69185313607044,21.258927719440923,21.28171380140397,52047800
2011-01-25,21.60831069946289,21.60831069946289,21.35766955039381,21.37285882558954,42436600
2011-01-26,21.85895347595215,22.01845174238584,21.64628767203996,21.65388303453689,74628800
2011-01-27,21.92730712890625,22.375421862290526,21.638689190296713,21.836164240748747,146938600
2011-01-28,21.07664680480957,21.972879225053084,20.848791743143355,21.9500931394196,141249400
2011-01-31,21.06145668029785,21.19057493856031,20.826006250054736,21.09183812867358,65029000
2011-02-01,21.25893783569336,21.312103936906446,20.970321236821906,21.11462881192383,62810700
2011-02-02,21.220951080322266,21.350069306296792,21.17537891915467,21.213355720127666,45824000
2011-02-03,21.00069808959961,21.243743915005833,20.91715199253334,21.243743915005833,60340100
2011-02-04,21.091840744018555,21.145006836601368,20.894365651091398,21.038674651435738,40412200
2011-02-07,21.41843032836914,21.524762494754754,21.107027742239463,21.11462165526662,68980900
2011-02-08,21.47918701171875,21.5247577231151,21.304496628810284,21.342473428862906,34904200
2011-02-09,21.24374008178711,21.464001226734716,21.198169359913067,21.41083514310381,52905100
2011-02-10,20.886762619018555,21.220951226549566,20.727264399833405,21.21335586630263,76672400
2011-02-11,20.696884155273438,21.122214213021127,20.560170560259238,21.084238858258036,83939700
2011-02-14,20.681692123413086,20.71207356423199,20.469027832348104,20.666501403003636,56766200
2011-02-15,20.597654342651367,20.880337935078114,20.59001554524999,20.658776379698942,44116500
2011-02-16,20.643497467041016,20.68169728592062,20.322614033871425,20.666416775476904,70817900
2011-02-17,20.788654327392578,20.910896932442697,20.55945253953614,20.60529260566154,57207300
2011-02-18,20.674053192138672,20.788654084729167,20.620572872745065,20.727533511532275,68667800
2011-02-22,20.314970016479492,20.70461421725712,20.261489697060302,20.460131924352588,60889000
2011-02-23,20.314970016479492,20.521252497578722,20.192728870027224,20.269129950867246,60234100
2011-02-24,20.452491760253906,20.674053292709416,20.246209278249882,20.353169917557413,64494200
2011-02-25,20.28440284729004,20.590007077934708,20.24620304707394,20.559446071978655,53006300
2011-02-28,20.307334899902344,20.52125768892544,20.253854566954015,20.391376255809593,51379900
2011-03-01,19.986452102661133,20.460137773503135,19.97881184666999,20.322616080122238,60055000
2011-03-02,19.925331115722656,20.146894163370238,19.89477154959563,19.948251883240275,48658200
2011-03-03,20.017009735107422,20.16981045735147,20.001729225714143,20.062849806057677,68271500
2011-03-04,19.826005935668945,20.047567472796157,19.71140358287511,20.03228696479305,70437200
2011-03-07,19.65028953552246,20.07049490181489,19.520408088810974,19.96353276749194,64980400
2011-03-08,19.795448303222656,19.879489654375146,19.596806036917492,19.688487643377453,50549800
2011-03-09,19.78016471862793,19.84892554847955,19.604443245553558,19.719044142896433,39789100
2011-03-10,19.41344451904297,19.64264635215606,19.367604443866295,19.573886968005905,66549500
2011-03-11,19.619726181030273,19.74960760268155,19.375243847858375,19.413443665955366,49905800
2011-03-14,19.627370834350586,19.680851174562523,19.367607932838325,19.474568613262203,54473400
2011-03-15,19.39815902709961,19.459279597383617,19.100196429118746,19.161316999402754,76067300
2011-03-16,18.939754486083984,19.314118141609406,18.85571315988649,19.26827662337663,100725400
2011-03-17,18.93211555480957,19.268277968610523,18.909194794092947,19.146036825913928,62497000
2011-03-18,18.947385787963867,19.237709459694393,18.947385787963867,19.14602791671931,85486700
2011-03-21,19.352323532104492,19.54332554148461,19.214801852194057,19.23772261792236,46878100
2011-03-22,19.329397201538086,19.451638335770365,19.27591688746512,19.329397201538086,30895600
2011-03-23,19.51276397705078,19.566244301036992,19.23772064543079,19.275920460498217,43969000
2011-03-24,19.719043731689453,19.764885255454235,19.48220168782252,19.55860277020105,38696700
2011-03-25,19.573888778686523,19.826011401325385,19.550968010363047,19.81073088910973,57029800
2011-03-28,19.41344451904297,19.650286607557124,19.390523752839776,19.60444653238045,48973200
2011-03-29,19.474563598632812,19.497484363063048,19.329401671700516,19.359962690940833,40763500
2011-03-30,19.566246032714844,19.6502859247469,19.482204683453123,19.558605777579263,41999300
2011-03-31,19.39815902709961,19.61972200514747,19.35995921713311,19.558601434863466,63233700
2011-04-01,19.4669246673584,19.505125944006057,19.33704324121576,19.505125944006057,63114200
2011-04-04,19.520404815673828,19.60444616628644,19.413444156515737,19.4440051775493,35433700
2011-04-05,19.696130752563477,20.00173372299431,19.66556972690544,19.726690320991608,73651100
2011-04-06,19.97880744934082,20.101048603834197,19.757245903282644,19.848926040537922,65581400
2011-04-07,20.017009735107422,20.062849806057677,19.841286791543872,20.009369480410783,46134700
2011-04-08,19.917688369750977,20.07813080785601,19.833647023256454,19.994089461361487,39887600
2011-04-11,19.84893035888672,20.055212898434345,19.711408665854968,20.009372819833704,34286300
2011-04-12,19.58916473388672,19.749607172302987,19.520403897026835,19.73432666250532,36920400
2011-04-13,19.581527709960938,19.764890943328837,19.52804737407441,19.596808222279908,38144700
2011-04-14,19.421083450317383,19.436363960077692,19.16896086819078,19.421083450317383,55239900
2011-04-15,19.382883071899414,19.52804353873025,19.237721147839007,19.45164244937058,65080400
2011-04-18,19.161317825317383,19.314119986228334,18.88627451856943,19.176598332854358,58045100
2011-04-19,19.214801788330078,19.230082298764824,19.00088047116235,19.10020087452884,38892400
2011-04-20,19.680845260620117,19.864206996489397,19.489843270269258,19.512764033713996,61608600
2011-04-21,19.497482299804688,19.78016441171567,19.375241150238406,19.703764786158832,46892300
2011-04-25,19.566246032714844,19.573886287850424,19.359963515743164,19.52804475703694,33525100
2011-04-26,20.009366989135742,20.200368961082205,19.61208253775204,19.665562856740348,69200000
2011-04-27,20.15452766418457,20.162167918015466,19.96352569010036,20.0934070907668,52689000
2011-04-28,20.40665054321289,20.528893149263798,20.169808499524976,20.215648566025667,80200000
2011-04-29,19.803083419799805,20.3531685441281,19.375239434211128,20.284407721433396,319317900
2011-05-02,19.60444450378418,19.86420733162222,19.46692283525468,19.81836726118891,89825600
2011-05-03,19.719043731689453,19.74960474753264,19.474561433861727,19.55860277020105,71892900
2011-05-04,19.910045623779297,20.055207533954064,19.703764596638713,19.749604662977795,73292300
2011-05-05,19.703767776489258,19.925329347242258,19.61972642694691,19.90240858175898,55600000
2011-05-06,19.7648868560791,20.032288480214834,19.673205258354308,19.917687575981013,55993000
2011-05-09,19.734333038330078,19.833653469644407,19.612091834913944,19.71141226622827,38696400
2011-05-10,19.612083435058594,19.749605094308745,19.291200049218062,19.39052043799347,120798700
2011-05-11,19.375242233276367,19.604444037217714,19.260639874076166,19.596803782789063,78600000
2011-05-12,19.34467887878418,19.398159196094934,19.176597673346187,19.367599639301368,77400000
2011-05-13,19.123125076293945,19.344686688490047,19.06200448080227,19.314127119359178,66812300
2011-05-16,18.771678924560547,19.153682977424147,18.718198590316415,19.069641619480613,91350900
2011-05-17,18.856260299682617,18.994683323542805,18.664006425828056,18.76397779484894,82882100
2011-05-18,18.986997604370117,19.025447801768024,18.6486302935007,18.863955212559603,53931100
2011-05-19,19.01007652282715,19.133118975393145,18.84089351724434,19.110049432275606,37783600
2011-05-20,18.83319854736328,19.125425400401653,18.794748340438883,19.01007184606571,45451500
2011-05-23,18.587108612060547,18.64862980635874,18.479446888733953,18.617868475819158,52692500
2011-05-24,18.57172966003418,18.679392860073683,18.487138926808772,18.61018132675583,47691800
2011-05-25,18.602495193481445,18.694776280886398,18.57942418823949,18.58711452332014,34904200
2011-05-26,18.971620559692383,19.248466727496428,18.702464726191923,18.725535729102692,78016600
2011-05-27,19.040830612182617,19.14849235044849,18.956238408241614,18.979309409347664,50251000
2011-05-31,19.23308753967285,19.271537747369845,18.994693025032408,19.194635865194456,60196300
2011-06-01,18.787065505981445,19.30230640508533,18.740924945895387,19.217714155942588,74033500
2011-06-02,18.625566482543945,18.956243588184886,18.594806606111675,18.833201148892663,51487800
2011-06-03,18.387174606323242,18.564047955108794,18.333343714673884,18.494836389621963,60697700
2011-06-06,18.464069366455078,18.648632980766443,18.279505752143713,18.371786825908785,54778700
2011-06-07,18.502519607543945,18.5871118143207,18.379477197749335,18.525590609423393,41112600
2011-06-08,18.410240173339844,18.47176138371668,18.348718962963005,18.379478834760747,42205000
2011-06-09,18.42562484741211,18.487147542839715,18.31796306397738,18.464076532054364,42878700
2011-06-10,18.233352661132812,18.471748468088037,18.217973469377903,18.471748468088037,49327200
2011-06-13,18.487144470214844,18.602496571406117,18.225678925231126,18.2948904793022,47572500
2011-06-14,18.625566482543945,18.802441272460396,18.60249694191514,18.687087702190055,42894500
2011-06-15,18.256437301635742,18.464071946795777,18.202606423286422,18.456381611777097,49410200
2011-06-16,18.456377029418945,18.53327889373107,18.18722123771704,18.264123102029163,57184100
2011-06-17,18.656322479248047,18.687082346865182,18.440997538803465,18.625561144849755,83320400
2011-06-20,18.817811965942383,18.96392534655754,18.579417530987794,18.587107863312898,54338400
2011-06-21,19.040830612182617,19.1177324824216,18.763984466034742,18.856267003677758,49708700
2011-06-22,18.956239700317383,19.079282114373978,18.910099161741478,18.917789495967675,44287300
2011-06-23,18.94086265563965,18.95624332703468,18.610187021335825,18.794750677731525,59470400
2011-06-24,18.687084197998047,18.87164928910841,18.602493453585538,18.848578286024292,101387200
2011-06-27,19.37919807434082,19.57914088463621,18.633251835481836,18.633251835481836,92044200
2011-06-28,19.84060287475586,19.932885396704435,19.34843333577926,19.456095055735158,81032100
2011-06-29,19.702184677124023,19.771394747000585,19.502240400866235,19.771394747000585,66051000
2011-06-30,19.994413375854492,19.994413375854492,19.732947852827728,19.794469066082176,52535400
2011-07-01,20.00978660583496,20.125138654449238,19.87136356078548,19.94057508331022,52906200
2011-07-05,20.017484664916992,20.109765752717426,19.917511775221502,20.07131554393082,37805300
2011-07-06,20.248188018798828,20.278949357988676,19.96365149841829,19.97134183321575,48744200
2011-07-07,20.58655548095703,20.671146230433333,20.27125908717287,20.371230506292637,51946500
2011-07-08,20.701908111572266,20.748048654928965,20.38661170953553,20.409682714604592,58320700
2011-07-11,20.478893280029297,20.609626044946154,20.37123152072652,20.471204411606067,43999800
2011-07-12,20.409679412841797,20.601933356971287,20.255875670825727,20.41736827983953,47319300
2011-07-13,20.478893280029297,20.732668474658315,20.386612191135907,20.45582374119668,40861800
2011-07-14,20.35584831237793,20.771117560967372,20.27125756923589,20.47120185928474,46382300
2011-07-15,20.5942440032959,20.70959608190709,20.355848045147336,20.355848045147336,49132400
2011-07-18,20.448131561279297,20.68652606399235,20.194356389544417,20.47889143254163,44501900
2011-07-19,21.178691864013672,21.255592256166096,20.594239789613294,20.61730932054664,86730600
2011-07-20,20.80956268310547,21.032577921425027,20.74804149094506,20.978747061632284,49795400
2011-07-21,20.840322494506836,21.001815062121477,20.494264897074295,20.794181970442768,81737400
2011-07-22,21.171005249023438,21.1863844500859,20.51734153347922,20.655764610509905,76380600
2011-07-25,21.463224411010742,21.601647448099953,20.90953372943469,20.96336458457365,108482400
2011-07-26,21.593963623046875,21.647794494406046,21.36325946957007,21.394019338869068,74636500
2011-07-27,21.017202377319336,21.524752702997464,20.91723096574449,21.440160493124015,71488700
2011-07-28,21.317127227783203,21.586283174622217,20.924928813837532,20.986451514172767,83761400
2011-07-29,21.071027755737305,21.309422187929858,20.963366037995037,21.16331027578846,104394800
2011-08-01,20.971065521240234,21.2940522821876,20.57117687115654,21.155629175098507,61838400
2011-08-02,20.6096248626709,21.10948635483105,20.578864990398134,20.748047954851778,63883100
2011-08-03,20.701908111572266,20.763429324975007,20.363540704466466,20.6326965631465,64581200
2011-08-04,19.948272705078125,20.663457721327255,19.940582370122808,20.401992199972057,92949500
2011-08-05,19.748332977294922,20.071319786429438,19.40227515794303,19.971346875602556,112071700
2011-08-08,18.82550621032715,19.686804541570247,18.756294671799523,19.240775441492897,134257200
2011-08-09,19.671422958374023,19.702184292635458,18.479449124585305,19.002378605999333,126268900
2011-08-10,18.610183715820312,19.294607336735666,18.533281839285923,19.186945589656297,127819900
2011-08-11,19.37150764465332,19.517619584777755,18.76398448268553,18.840886352992754,90690100
2011-08-12,19.302295684814453,19.486859289436172,18.956238009410512,19.325365218653953,64787100
2011-08-15,19.617595672607422,19.67142655061395,19.34074948082366,19.4099610287696,56529400
2011-08-16,19.617589950561523,19.80331843289584,19.385428240614548,19.5169861001062,54251500
2011-08-17,19.540205001831055,19.88844686950699,19.292566996389922,19.540205001831055,50923700
2011-08-18,19.09136390686035,19.41638921179101,18.59608781402856,19.01397664834559,105714200
2011-08-19,18.61156463623047,19.052671580019776,18.503223356723918,18.89015818472072,77397900
2011-08-22,18.557384490966797,18.952057990487585,18.410350394390434,18.897887378481716,54721000
2011-08-23,19.130062103271484,19.153278730076135,18.5960929711209,18.5960929711209,59670600
2011-08-24,19.269344329833984,19.292560939069332,18.897887438299286,19.07587701432152,45329700
2011-08-25,19.013980865478516,19.470564168338658,18.959810215315365,19.4086546430037,48192000
2011-08-26,19.540205001831055,19.609853375366242,18.897893371703514,18.967541745238698,71957000
2011-08-29,19.99678611755371,20.012263860347502,19.633068018132352,19.756887008405105,38863200
2011-08-30,20.298603057861328,20.45337759728289,19.888453037661172,19.911668185346826,57341400
2011-08-31,20.58493423461914,20.67005889757915,20.321818419566075,20.34503504184934,59300800
2011-09-01,20.28312110900879,20.786137519957574,20.28312110900879,20.47658850520783,60510800
2011-09-02,19.965835571289062,20.12061008543887,19.85749429700769,19.950359300705408,43894400
2011-09-06,19.741418838500977,19.803328363658146,19.43187121271513,19.501519613021884,54929300
2011-09-07,20.120615005493164,20.120615005493164,19.7878507519283,19.88071577833412,41961000
2011-09-08,20.29085922241211,20.63136224026696,20.08191556412847,20.120608451504207,65811900
2011-09-09,19.91940689086914,20.25990998908314,19.733678330763155,20.120613199993805,64529200
2011-09-12,20.035484313964844,20.066439807765,19.555685968375897,19.687243864948194,55046100
2011-09-13,20.151565551757812,20.267645699195484,19.973574417911617,20.058700548184184,48792300
2011-09-14,20.50753402709961,20.739694199255197,20.035473337539752,20.25215724731311,66739200
2011-09-15,20.886741638183594,20.91769713262582,20.36051004097954,20.685535352426797,67808300
2011-09-16,20.987340927124023,21.103421053805995,20.762918069638502,20.9331688237028,89681500
2011-09-19,21.056995391845703,21.134382662799066,20.584935843505093,20.739708909372396,52324900
2011-09-20,20.87900161743164,21.281414166835745,20.840308727543956,21.134378528392105,49211900
2011-09-21,20.11286163330078,20.940901494755064,20.0973838940493,20.933162625129324,72750700
2011-09-22,19.393171310424805,19.84975448185958,19.037192011225674,19.57889983296858,96278300
2011-09-23,19.393171310424805,19.462819690883606,19.106840391684475,19.26935229539562,64768100
2011-09-26,19.687246322631836,19.74915584192152,19.13779804740143,19.493778890346647,51057600
2011-09-27,19.865236282348633,20.058703717324356,19.69498547094418,19.857497407824876,55620700
2011-09-28,19.795578002929688,20.406935500675985,19.7414073843524,20.066432571854772,60736200
2011-09-29,19.69498062133789,20.252166165494845,19.4163871112399,20.10513053782768,63407300
2011-09-30,19.261615753173828,19.73367672761804,19.253876879293188,19.501516415355887,54060500
2011-10-03,18.983016967773438,19.609850770278904,18.97527809662661,19.130051091446898,64592500
2011-10-04,19.60986328125,19.648556185631218,18.774083852674373,18.805037880971412,83485400
2011-10-05,20.035484313964844,20.244429468998348,19.470559836464652,19.671766118048115,94061300
2011-10-06,20.38372802734375,20.430159796078392,19.888451891402724,20.043224945864637,55111400
2011-10-07,20.3140869140625,20.51529328538371,20.27539400559451,20.38373533013676,52741600
2011-10-10,20.848047256469727,20.871262399603335,20.484327602959336,20.56945373055353,41815300
2011-10-11,20.894487380981445,20.948658038025044,20.677803276767346,20.786146066894247,38826200
2011-10-12,20.8635196685791,21.13437427135279,20.817087914858675,21.033771892285394,52489800
2011-10-13,21.03377914428711,21.0492568928766,20.600412516056874,20.708753804104596,43823500
2011-10-14,21.10342788696289,21.281417570576444,20.909960454503107,21.134381908615985,50947700
2011-10-17,20.87900161743164,21.21950465739197,20.778399218100184,20.979605492802236,39453300
2011-10-18,21.134382247924805,21.20403064281167,20.739708502245698,20.848051269869373,52487900
2011-10-19,20.99507713317871,21.258192859300745,20.90221362751141,21.180807096590932,42880000
2011-10-20,20.925430297851562,21.157590538678857,20.430152854160482,21.095681042722326,76300200
2011-10-21,21.01829719543457,21.04151381367923,20.73970368065486,21.01055832268635,76620600
2011-10-24,21.0415096282959,21.204021495565996,20.92542951224029,20.940905778619282,56897800
2011-10-25,20.747440338134766,21.072465578660797,20.67779196687641,20.956385451909835,53554600
2011-10-26,20.577199935913086,20.940918242988612,20.198003877207203,20.917703091582716,63029900
2011-10-27,21.08794403076172,21.204024161411336,20.623622032124317,20.995079040618663,74512400
2011-10-28,20.87900161743164,21.04151500224601,20.731967455027135,21.00282063631919,57712100
2011-10-31,20.6081485748291,20.89448100096628,20.60041117707662,20.7087524580824,46799000
2011-11-01,20.11286163330078,20.368238426796385,20.012259280243068,20.267636073738675,61182600
2011-11-02,20.128345489501953,20.27538110499783,19.888446362353132,20.19799386126111,53533100
2011-11-03,20.53076171875,20.577193483040734,20.10513253862756,20.306338818606303,65836100
2011-11-04,20.3140869140625,20.43016711550632,20.120619419642857,20.414689361703182,36549200
2011-11-07,20.73971176147461,20.75518951300165,20.22121889363576,20.283128423704298,42589700
2011-11-08,21.01829719543457,21.04925268642745,20.654579032502543,20.902217056289373,47822500
2011-11-09,20.27538299560547,20.701010661787347,20.16704025385592,20.577191650678472,62950900
2011-11-10,20.337291717529297,20.507542482234186,20.21347271119138,20.48432586503121,32514400
2011-11-11,20.824832916259766,20.956390820557314,20.561717107664673,20.56945598156915,37903000
2011-11-14,20.708759307861328,20.894487912178143,20.623633144034553,20.801622871999868,34199200
2011-11-15,20.849098205566406,21.00503820494579,20.584001098913888,20.708752503555772,43874200
2011-11-16,20.32669448852539,20.669761482590328,20.303304537281267,20.638572898060076,53262800
2011-11-17,19.913461685180664,20.303310177180403,19.83549168934992,20.279918732284987,70977500
2011-11-18,19.726329803466797,19.88226976906606,19.60937557284421,19.86667547507539,47626200
2011-11-21,19.49242401123047,19.687348251342772,19.41445401775476,19.67955110327981,61882500
2011-11-22,19.328683853149414,19.461230877829035,19.219525292893277,19.40665234127776,49204500
2011-11-23,19.079172134399414,19.32867625464708,19.079172134399414,19.18833065174308,49099700
2011-11-25,18.94664192199707,19.23513054882394,18.94664192199707,19.009017640344172,26164600
2011-11-28,19.39105987548828,19.46902836498188,19.250714214954023,19.445638412995244,46766700
2011-11-29,19.3676700592041,19.52361002556505,19.29749722305705,19.35207576513726,40917100
2011-11-30,19.944644927978516,19.952442074766694,19.6015779050671,19.780909306887832,81350900
2011-12-01,19.710742950439453,19.98363574193733,19.64836724278934,19.929057183637756,48545400
2011-12-02,19.663957595825195,19.975837582236743,19.61717619272506,19.95244613710968,52293800
2011-12-05,20.0382137298584,20.11618224104956,19.88227373316802,20.100589431103742,56818400
2011-12-06,20.00702476501465,20.170761907221603,19.96804051014128,20.123979016788763,46175300
2011-12-07,19.96024513244629,20.084996543692807,19.75752371738217,20.014823688972374,62667000
2011-12-08,19.804304122924805,20.05380693279566,19.780914163970696,19.86667982539252,60522200
2011-12-09,20.0382137298584,20.170762280899012,19.88227373316802,19.897868030267862,53788500
2011-12-12,19.890077590942383,19.93685901086797,19.718544726445554,19.812107566296724,38945900
2011-12-13,20.084989547729492,20.350086576078805,19.999222424688945,20.077192401348203,54581100
2011-12-14,19.95244598388672,20.162964526951658,19.9368516872551,20.05380593768429,47926400
2011-12-15,19.929058074951172,20.17856091671046,19.913465262706897,20.053809495830816,46213900
2011-12-16,20.272117614746094,20.404666135559427,19.98362913280401,20.014817719891234,101408100
2011-12-19,19.90566635131836,20.36568773278212,19.85108630825399,20.287717729844278,52258300
2011-12-20,20.295503616333008,20.350082141956175,20.123969407627868,20.16295513103962,60767600
2011-12-21,20.084989547729492,20.420259406356777,19.83548681214275,20.279913745800833,64132500
2011-12-22,20.12397575378418,20.1629614894902,19.866675846739458,20.131772900925384,35794100
2011-12-23,20.295503616333008,20.303300761015358,20.06159373732235,20.20193936729809,23205800
2011-12-27,20.303302764892578,20.381271245104774,20.217535652075043,20.24092560127733,21287200
2011-12-28,20.131776809692383,20.389076766694224,20.08499540491588,20.3578896592279,29822500
2011-12-29,20.287717819213867,20.31110777919038,20.16296640882542,20.233139263063187,22616900
2011-12-30,20.24093246459961,20.36568534697805,20.20194821127468,20.272121056982705,27395700
2012-01-03,20.87248420715332,21.020625532052474,20.576198583047685,20.700949955148904,64731500
2012-01-04,21.363689422607422,21.41826795402063,20.880278298244605,20.911465393129248,80516100
2012-01-05,21.582008361816406,21.620992608219158,21.277927075844673,21.348098421938886,56081400
2012-01-06,21.917280197143555,21.979655889265384,21.465056057471845,21.465056057471845,99455500
2012-01-09,21.628786087036133,21.90947737242696,21.613191796258107,21.870491645481888,59706800
2012-01-10,21.706750869750977,21.94845637047245,21.63657806516199,21.776923674339965,60014400
2012-01-11,21.613203048706055,21.815924472902697,21.340310253781915,21.387091663318312,65582400
2012-01-12,21.83151626586914,21.847110562976013,21.558622015114974,21.730156308982522,49370800
2012-01-13,22.026437759399414,22.026437759399414,21.66777789378817,21.776934985556142,60196100
2012-01-17,22.034229278564453,22.338310520617362,21.96405645545171,22.143386342449404,72395300
2012-01-18,22.010839462280273,22.143387972679044,21.80811812360253,22.073215144400073,64860600
2012-01-19,21.92507553100586,22.17457827885539,21.85490269727897,21.95626263091021,74053500
2012-01-20,23.164796829223633,23.18818827426893,22.416288433621826,22.470866984906877,165902900
2012-01-23,23.180395126342773,23.351929445303366,22.88411087374013,23.04004940615838,76078100
2012-01-24,22.876304626464844,23.055634536648284,22.751553255280392,22.977664557869588,51703300
2012-01-25,23.047836303710938,23.11800913258885,22.66578506157208,22.66578506157208,59231700
2012-01-26,23.001060485839844,23.15700047382576,22.92309049184689,23.086827627947493,49102800
2012-01-27,22.790544509887695,23.02445451815831,22.743763103095215,22.962078813383638,44187700
2012-01-30,23.08682632446289,23.094623472137354,22.478662190239564,22.58781928337432,51114800
2012-01-31,23.024446487426758,23.156994999735414,22.790536560741938,23.125806414649333,50572400
2012-02-01,23.305139541625977,23.42989092492207,23.20377960038057,23.227171042431262,67409900
2012-02-02,23.351926803588867,23.52345961599036,23.164798206409323,23.31294105952893,52223300
2012-02-03,23.578033447265625,23.702784828958528,23.46107921282275,23.500063461919115,41838500
2012-02-06,23.546846389770508,23.56243919714616,23.36751497698963,23.422095007842632,28039700
2012-02-07,23.663801193237305,23.77295828325955,23.429891231134736,23.50786121850226,39242400
2012-02-08,23.905506134033203,23.913303281263023,23.56243909169008,23.593627680609355,49659100
2012-02-09,23.99127197265625,24.014661925930604,23.765159176646186,23.921099138525793,50481600
2012-02-10,23.780752182006836,24.014660625001195,23.671595106896614,23.889909257117054,44605300
2012-02-13,23.84312629699707,23.991269094293838,23.72617208319584,23.882110539212977,33319800
2012-02-14,23.741104125976562,23.90591768402037,23.427172469980594,23.803890457175758,59644000
2012-02-15,23.58414077758789,23.85098309594459,23.568445315347937,23.80389371533588,43311300
2012-02-16,24.557329177856445,24.76138364192687,23.780346231439367,23.78819471035658,94705100
2012-02-17,24.52593231201172,24.580870160879567,24.290483960594052,24.486691419090146,70036500
2012-02-21,24.675048828125,24.808469951282873,24.44744747223168,24.470992904651546,50829900
2012-02-22,24.541635513305664,24.86341570737025,24.471000690516416,24.682905158884164,49253200
2012-02-23,24.620119094848633,24.792781165319422,24.32973132043304,24.486697927729768,35034700
2012-02-24,24.706438064575195,24.72213501750362,24.518079120265572,24.706438064575195,35575400
2012-02-27,24.60441780090332,24.72214198716765,24.40821032481469,24.518086032402163,34568400
2012-02-28,25.012537002563477,25.059626391408752,24.627968920002242,24.65151436289722,45230600
2012-02-29,24.910491943359375,25.11454782406313,24.808464751479345,25.028216086895927,59323600
2012-03-01,25.342161178588867,25.420642980290243,24.996835562714036,25.059621902241787,77344100
2012-03-02,25.17734718322754,25.459883461023622,25.11455934779145,25.357857719273138,47314200
2012-03-05,24.957584381103516,25.15379181019063,24.816316289593658,25.122397903003627,45240000
2012-03-06,24.769237518310547,25.098866219941534,24.714299650862817,24.753542054000206,51932900
2012-03-07,24.988981246948242,25.051767571812167,24.745684425218528,24.855560119494385,34340400
2012-03-08,25.122400283813477,25.27936684073619,25.036070024755606,25.14594721337912,36747400
2012-03-09,25.10671043395996,25.240131588064397,25.051772575848318,25.193040712302107,34628400
2012-03-12,25.145954132080078,25.271526813390924,24.973290572569336,25.0910147741802,34073600
2012-03-13,25.640392303466797,25.656089261289004,25.232283375643775,25.302918188899408,48951700
2012-03-14,25.7188777923584,25.805209565785226,25.4991263646455,25.530517287255442,41986900
2012-03-15,25.781658172607422,25.852292975568876,25.569756757611213,25.734570299891885,49068300
2012-03-16,25.58545684814453,25.860149144968492,25.50697504555989,25.82875522637909,65626400
2012-03-19,25.27151870727539,25.593298787038012,25.23227781830686,25.538360943704486,44789200
2012-03-20,25.10671043395996,25.232284605715044,24.91050294245017,25.193040712302107,41566800
2012-03-21,25.04392433166504,25.232284842593796,24.973289514302852,25.083165231557643,37928600
2012-03-22,25.114559173583984,25.18519399101524,24.94974559754064,24.965441059346404,31749500
2012-03-23,25.122400283813477,25.200885059218862,24.894800422913967,25.193035084734294,35912200
2012-03-26,25.57760238647461,25.59329934117947,25.232278364631558,25.2636692801533,36758300
2012-03-27,25.522668838500977,25.663938460738446,25.428490088305495,25.62469756431437,36274900
2012-03-28,25.2636775970459,25.663942589068625,25.145954888836663,25.522672944106365,41344800
2012-03-29,25.208738327026367,25.263676186567942,24.965441450366075,25.16165044392719,37038500
2012-03-30,25.31861114501953,25.436336827055683,25.145950603625227,25.428489845401224,31749400
2012-04-02,25.342161178588867,25.475580840258974,25.075318861359825,25.287223318620136,35853600
2012-04-03,25.06745719909668,25.26366309711198,24.847704377842977,25.24011916776083,42752100
2012-04-04,24.494535446166992,24.871254858726022,24.368962807628627,24.847709427646105,49455900
2012-04-05,24.737836837768555,24.824167101973305,24.368965856091833,24.447449139232248,50368600
2012-04-09,24.408205032348633,24.643653353824696,24.306176328616797,24.50238376216149,31056400
2012-04-10,23.91376304626465,24.47884145036456,23.780341922734834,24.3768127398714,54131300
2012-04-11,23.819583892822266,23.96085349137179,23.725403661474587,23.88237021473939,43014000
2012-04-12,24.31402587890625,24.36111674283537,23.87452162750903,23.921610994494166,38304000
2012-04-13,24.180614471435547,24.45530530025332,24.10997964411256,24.24340081828436,39749200
2012-04-16,24.392515182495117,24.478846957420174,24.14921831318601,24.32188036609177,38124800
2012-04-17,24.675048828125,24.808469951282873,24.486689859598123,24.541627704967127,34361500
2012-04-18,24.439598083496094,24.573019201679184,24.361116305577536,24.549475267081203,40552900
2012-04-19,24.337575912475586,24.86341201688752,24.282638057781607,24.431754664252615,54781200
2012-04-20,25.44417381286621,25.81304467737122,25.153787703515082,25.232272458668955,106045000
2012-04-23,25.208738327026367,25.506974560172637,25.138103508488797,25.3578579405439,61398200
2012-04-24,25.05177116394043,25.52266941641317,24.981136351222304,25.279371062853283,40871100
2012-04-25,25.27151870727539,25.36569743957745,25.012524948028794,25.051765836997323,62495500
2012-04-26,25.200885772705078,25.29506451196987,25.051767689101077,25.20873275352375,40308100
2012-04-27,25.09886360168457,25.287224123205462,25.02038030054161,25.208739325118042,41419100
2012-04-30,25.130252838134766,25.200887646306857,25.051769551616424,25.098858924749756,35697200
2012-05-01,25.122400283813477,25.381395551819168,25.0753124124583,25.15379419397563,43832300
2012-05-02,24.957584381103516,25.05961308251739,24.83201174624327,24.99682676508727,37385300
2012-05-03,24.926197052001953,25.036072755666574,24.808472869940687,25.02037579887329,31501300
2012-05-04,24.31402587890625,24.77707556226803,24.266936511921116,24.68289682829776,57927200
2012-05-07,24.055036544799805,24.219851605014398,23.992250211609544,24.09427893863388,48641400
2012-05-08,23.937305450439453,24.157058301671135,23.67831171364032,23.92160849743494,46328300
2012-05-09,24.141366958618164,24.19630480995654,23.623379364650358,23.69401417264089,50309300
2012-05-10,24.125669479370117,24.34542237690765,23.898069600620666,24.219849720298814,43839200
2012-05-11,24.45530128479004,24.753537506061136,24.086431744738256,24.086431744738256,43459300
2012-05-14,24.078577041625977,24.361116231494243,24.047183132998857,24.18845272793299,40528900
2012-05-15,23.865283966064453,24.33137206961453,23.817885610026,24.20497544900094,61822800
2012-05-16,23.62039566040039,23.952187235852893,23.49399901325343,23.944287257060346,60083700
2012-05-17,23.478195190429688,23.865285046936133,23.47029521293772,23.691490062412825,48484000
2012-05-18,23.122705459594727,23.549293700773852,23.04370719070477,23.533495252409185,56205300
2012-05-21,23.501895904541016,23.53349581555984,22.956809493599845,22.988409404618668,38787900
2012-05-22,23.509798049926758,23.604594778190215,23.304403129666827,23.454499707311935,39504900
2012-05-23,22.996299743652344,23.22539297544939,22.625008478638485,23.185894609997987,65171000
2012-05-24,22.96470832824707,23.146403287261055,22.719815057107933,23.03580661773369,52575000
2012-05-25,22.95680809020996,23.193802888063153,22.91730971061773,23.067406265248092,29507200
2012-05-29,23.351791381835938,23.478187969298595,23.08319825678624,23.2095948442489,37758800
2012-05-30,23.177993774414062,23.288590398981803,23.004198863412466,23.185893748564045,41585500
2012-05-31,23.059497833251953,23.24119272358467,22.862002994168726,23.146394537847662,39134000
2012-06-01,22.47492218017578,22.87781048531109,22.467022202675746,22.71981545561031,56634300
2012-06-04,22.553922653198242,22.73561915206641,22.372227661096968,22.609222504798833,47926300
2012-06-05,22.522319793701172,22.711914727133074,22.427521573601926,22.522319793701172,45715400
2012-06-06,23.1859130859375,23.201713047414852,22.759323166652578,22.814621525056047,46860500
2012-06-07,23.091102600097656,23.462393964428507,23.04370424752414,23.414994105088528,37792800
2012-06-08,23.422895431518555,23.44659536255438,22.948907358167837,23.075303976825822,42551100
2012-06-11,22.830415725708008,23.54929721709143,22.76721740251277,23.48609889389619,46361900
2012-06-12,23.13850212097168,23.146400590646344,22.783010714954223,22.988405582123594,35337900
2012-06-13,23.012107849121094,23.25700263940851,22.94890953380069,23.083206142202382,32984600
2012-06-14,23.177993774414062,23.27279045068184,22.814602497344907,23.17009380026408,39458900
2012-06-15,23.715192794799805,23.762591158580996,23.29650297889329,23.375501256373155,62314400
2012-06-18,23.5729923248291,23.72308887671083,23.470294128943397,23.691488968202435,58679900
2012-06-19,24.25237464904785,24.57626616886483,23.73888669672512,23.849484866814564,75725800
2012-06-20,24.43407440185547,24.528871129979812,24.204979546482463,24.43407440185547,36257100
2012-06-21,23.80998420715332,24.599963792067673,23.74678590063083,24.45776722570045,48456600
2012-06-22,24.25237464904785,24.276073073036173,23.723088249655085,23.936381599382624,45098100
2012-06-25,23.596698760986328,23.952188789102365,23.3992037986662,23.936388830492678,42217200
2012-06-26,23.715192794799805,23.91268773511606,23.651994474169275,23.699392837950466,38421300
2012-06-27,23.83368682861328,24.094380060803772,23.72309015640115,23.849486783719772,33781700
2012-06-28,23.62828826904297,23.738884924107463,23.241198469550817,23.683586596575218,45328400
2012-06-29,24.16547203063965,24.244470278740526,23.809980667568837,24.054875387358177,55227200
2012-07-02,24.141780853271484,24.189180723369695,23.86528763809914,24.189180723369695,30589100
2012-07-03,24.299776077270508,24.299776077270508,23.83368792750581,23.881086288244013,20938100
2012-07-05,24.25237464904785,24.31557295762759,23.999579907962364,24.16547640971326,28801900
2012-07-06,23.849485397338867,24.252375188534312,23.65989046738217,24.18127690145473,38294800
2012-07-09,23.699386596679688,23.881081532296957,23.525591637406613,23.79418480604363,30680800
2012-07-10,23.493993759155273,23.873183615795735,23.31229880786087,23.76258695096724,37534100
2012-07-11,23.146398544311523,23.493989943157896,22.996303525499528,23.470290015929855,39184900
2012-07-12,22.61711883544922,23.051608587715155,22.546022046513663,23.027908653558807,63523600
2012-07-13,23.217500686645508,23.288598973406394,22.68821427785143,22.71981418608585,39085000
2012-07-16,23.256999969482422,23.32809825440156,22.941008429156543,23.28859837013175,27900600
2012-07-17,23.430801391601562,23.58879795865185,23.06741139685961,23.415001433543146,33771300
2012-07-18,24.054874420166016,24.054874420166016,23.272793452855936,23.383391598456765,41090400
2012-07-19,24.228675842285156,24.331372533453983,23.999581021326584,24.102279219262012,46663200
2012-07-20,23.794191360473633,24.528871281664376,23.738891510831166,24.489372895829447,64021700
2012-07-23,23.130605697631836,23.367599000203814,22.917310821257054,23.35969902254919,55151900
2012-07-24,23.02790641784668,23.19380292730123,22.83041150601821,23.09900470664626,47723300
2012-07-25,22.77511978149414,23.170109719783508,22.735621390372017,23.09901141035006,45579500
2012-07-26,23.03581428527832,23.304407577904005,22.980515932108403,23.091112638448234,45301400
2012-07-27,23.509798049926758,23.580896349507764,23.051609845275166,23.28860317270064,44242600
2012-07-30,23.414997100830078,23.55719368350988,23.272800518150273,23.501895347304767,28905000
2012-07-31,23.28070068359375,23.470295626441306,23.17010401029101,23.288600661224898,37620900
2012-08-01,23.23330307006836,23.422898018999515,23.075306525909042,23.375499658458402,31721800
2012-08-02,23.059497833251953,23.328090934946424,22.885701410528444,23.075296275236415,39520500
2012-08-03,23.501895904541016,23.651992468347043,23.288601025464033,23.32810091423756,35859400
2012-08-06,23.659894943237305,23.786291587119493,23.549296749765254,23.69939332941292,27471800
2012-08-07,23.9047794342041,23.975877708506317,23.59668791673868,23.754682909925386,28002900
2012-08-08,23.9600772857666,24.070673929498042,23.786282344650587,23.865279086306607,26257600
2012-08-09,24.094385147094727,24.212881821874586,23.93638857621027,24.00748688243158,24920800
2012-08-10,24.03118896484375,24.18918554982918,23.896892319636265,24.094387297484502,27810300
2012-08-13,24.007482528686523,24.062780866437667,23.825787559856565,23.975884124300165,23049100
2012-08-14,23.959766387939453,24.166521944472333,23.864341679846362,24.094952655028322,34551400
2012-08-15,24.015438079833984,24.079055072073,23.872299468109013,23.9438687739715,24351000
2012-08-16,24.47665786743164,24.6038918322329,24.06314672345329,24.142668330641204,35787200
2012-08-17,24.572086334228516,24.587990961444056,24.325570679382587,24.587990961444056,32589900
2012-08-20,24.444847106933594,24.53232102110843,24.317613149996596,24.508464085402093,23737700
2012-08-21,24.49256134033203,24.619795307028678,24.341471952847595,24.460753607032135,28822700
2012-08-22,24.285808563232422,24.46075489748264,24.230142372710958,24.325568611142007,33437400
2012-08-23,24.063146591186523,24.174475930588564,23.920008002384762,24.166523618238635,28355600
2012-08-24,24.301713943481445,24.357378622456487,23.99953360758175,24.05519828655679,22943300
2012-08-27,24.405086517333984,24.61979286688655,24.325564916843078,24.59593744846314,34691100
2012-08-28,24.357376098632812,24.49256238359986,24.269903690770782,24.41304228858867,23947900
2012-08-29,24.373281478881836,24.452803093103444,24.206287454090234,24.373281478881836,23346800
2012-08-30,24.110858917236328,24.341471424839447,24.031337310588754,24.277854442871085,23982100
2012-08-31,24.50846290588379,24.619792233658615,24.158568782772193,24.333516602702158,36590100
2012-09-04,24.16652488708496,24.38123278156069,23.975673930911615,24.21423876368973,48556700
2012-09-05,24.16652488708496,24.277855749080842,24.02338629076781,24.03133860353527,33650000
2012-09-06,24.929931640625,24.9378839538429,24.22219093171837,24.254000184589973,48371700
2012-09-07,24.61184310913086,24.707267820342746,24.43689527732834,24.683412400913994,42649100
2012-09-10,24.428937911987305,24.572076465944445,24.261943943536053,24.51641180979403,40524000
2012-09-11,24.484615325927734,24.580040061210514,24.34147670625475,24.405093702026207,25191800
2012-09-12,24.47665786743164,24.794742779434795,24.43689630546343,24.6038918322329,32775800
2012-09-13,24.6038875579834,24.794738472030186,24.174471863816944,24.564126002922666,45047300
2012-09-14,24.818601608276367,24.85041086221939,24.500516652589702,24.65955988880739,51422800
2012-09-17,24.818601608276367,24.858363175705144,24.683416829264655,24.802698498053566,36488500
2012-09-18,24.794748306274414,24.8186037320243,24.675466627278475,24.731131309693325,34542700
2012-09-19,24.691370010375977,24.80270089317874,24.683419212871144,24.723179267390723,48871900
2012-09-20,25.009450912475586,25.033306333145195,24.58003513944046,24.611844389331292,45543000
2012-09-21,24.802688598632812,25.13667804798681,24.723167012263175,24.99353949587108,102348900
2012-09-24,24.47665786743164,24.70726885985324,24.36532701066916,24.65160418984625,46825900
2012-09-25,24.16652488708496,24.651605348660073,24.142669465531153,24.611845301571343,54266400
2012-09-26,23.9915828704834,24.333524797227508,23.888205819414846,24.07905680990599,54672000
2012-09-27,23.983619689941406,24.174470593963044,23.768911854136505,23.99157200053583,47129900
2012-09-28,23.665542602539062,24.06314916202376,23.649637976139996,23.999532173176153,54229300
2012-10-01,23.450836181640625,23.840490452604282,23.39517150246707,23.705304153147605,54042700
2012-10-02,23.58602523803711,23.76892392434295,23.458791237411404,23.601929867302555,43338900
2012-10-03,23.74506378173828,23.848440817936506,23.593972867219062,23.657589854898422,46655900
2012-10-04,23.8802547454834,23.8802547454834,23.514455857148626,23.832540857820867,43634900
2012-10-05,23.73711585998535,24.055200857227003,23.64964191696306,24.039296228177694,41133900
2012-10-08,23.681446075439453,23.79277542131286,23.49854591425639,23.570115212817463,29752000
2012-10-09,23.283842086791992,23.649639415745447,23.204320466704665,23.60192705039255,45121100
2012-10-10,23.045276641845703,23.307696919751862,23.021421218148866,23.180462937539705,47227100
2012-10-11,23.021411895751953,23.259975136607665,22.957794930407225,23.236118205822855,41488500
2012-10-12,23.22022247314453,23.315647193079485,22.902136028698475,23.037322312563475,46464700
2012-10-15,23.466739654541016,23.633733683845993,23.259984058676274,23.355410301671032,42440200
2012-10-16,23.450836181640625,23.649639473974048,23.315649882183948,23.41902844357663,47739400
2012-10-17,23.53035545349121,23.570115501290168,23.132748908507242,23.29974292936118,44206100
2012-10-18,23.458786010742188,23.6416846562978,23.26793505232564,23.578067670158955,59238500
2012-10-19,22.774900436401367,23.12479459033587,22.66357109881931,23.100937653676084,90470800
2012-10-22,22.265962600708008,22.925989288559062,22.130776338533778,22.846467690206868,83374000
2012-10-23,22.305727005004883,22.425010184241778,22.075115993094055,22.083068306159756,64414800
2012-10-24,22.186447143554688,22.42501200464592,22.16259171916969,22.39320274980092,53320400
2012-10-25,22.170541763305664,22.42501124317859,22.154638653171926,22.417058929737372,54084300
2012-10-26,22.432958602905273,22.536337145053746,22.138730634402478,22.15463525884816,57790000
2012-10-31,22.695384979248047,22.965756066159106,22.66357572387688,22.703335776342062,69464100
2012-11-01,23.474695205688477,23.506502946574813,22.918045331063173,22.933949959880785,72047900
2012-11-02,23.458786010742188,23.673493907741523,23.323599725603557,23.530355309741964,57131600
2012-11-05,23.562164306640625,23.649638236048162,23.32360097502747,23.554213510102368,38070800
2012-11-06,23.74506378173828,24.015436358562724,23.546260505646696,23.713254529524285,43401500
2012-11-07,23.12479019165039,23.72119984396264,23.100933259528556,23.482636589737012,57871800
2012-11-08,22.91008949279785,23.355409930701832,22.90213717961221,23.156606651306763,49841800
2012-11-09,22.925994873046875,23.21227209014902,22.9100902461526,22.96575492353386,43291200
2012-11-12,22.440914154052734,23.069133259592636,22.432961840682125,23.013468582747063,61112300
2012-11-13,21.71933937072754,21.887705607623552,21.446745104999927,21.663217291762198,131689200
2012-11-14,21.518903732299805,21.879690730887877,21.486833097219954,21.839602437038064,76086100
2012-11-15,21.374589920043945,21.623131236543397,21.350536942623176,21.550973833493217,50955600
2012-11-16,21.262344360351562,21.406659157016485,21.11802956368664,21.382606181168324,64083300
2012-11-19,21.430706024169922,21.48682809327767,21.222251532332795,21.48682809327767,57179300
2012-11-20,21.4146728515625,21.486830241690633,21.214235996586982,21.45476114008471,47070400
2012-11-21,21.60710334777832,21.783487309393184,21.382613418185514,21.414682534291607,66360300
2012-11-23,22.208402633666992,22.26452470457213,21.807528950959732,21.831580393226652,57845700
2012-11-26,21.959861755371094,22.112194196200896,21.783477870186818,22.080125093990972,85198700
2012-11-27,21.711318969726562,21.95184257182577,21.679249869745494,21.93580878644112,45018600
2012-11-28,21.93581199645996,21.959863442662435,21.462780851126066,21.655200066805822,53018400
2012-11-29,21.60710334777832,21.935819816231607,21.534945925023937,21.735382870627774,69551400
2012-11-30,21.34252166748047,21.75141159552506,21.238293623694844,21.687271849046283,83690200
2012-12-03,21.190181732177734,21.502862694972517,21.166128762265963,21.470793597635133,53173800
2012-12-04,21.142086029052734,21.350539070627384,21.118033049234608,21.24631254984006,49777500
2012-12-05,21.382606506347656,21.591061045899092,21.053890144150554,21.15009899058227,68283800
2012-12-06,21.430706024169922,21.631142859104273,21.33449719975998,21.494845750180446,39182300
2012-12-07,21.2142391204834,21.502868723498,21.14208324894182,21.502868723498,46162100
2012-12-10,21.599079132080078,21.623130579557962,21.26234510448107,21.294414210855606,47031100
2012-12-11,21.90373992919922,22.0400370558713,21.687267752270877,21.687267752270877,52282800
2012-12-12,21.839601516723633,22.144266420295523,21.711322040233988,22.0721090236186,43966300
2012-12-13,21.735370635986328,22.064086919408222,21.607091185344206,21.903736841499732,45080100
2012-12-14,21.494848251342773,21.751407185238328,21.406657073573598,21.73537339877876,42077500
2012-12-17,21.727359771728516,21.823568625181753,21.390625726217884,21.478818449560144,42046100
2012-12-18,22.096162796020508,22.15228488174185,21.759428752480325,21.847621475306514,50486900
2012-12-19,21.895719528198242,22.23245347371964,21.84761511575567,22.20038437516183,53519900
2012-12-20,22.19236946105957,22.19236946105957,21.767442765865383,21.935810524041152,52607300
2012-12-21,22.007965087890625,22.040034186290644,21.647178173317325,22.007965087890625,98776500
2012-12-24,21.695289611816406,21.847622083883447,21.647185184031304,21.807535315597896,20842400
2012-12-26,21.534940719604492,21.807535022071296,21.406661227762722,21.671237870837892,31631100
2012-12-27,21.6151065826416,21.71933458852408,21.302425623417413,21.558984516033323,39394000
2012-12-28,21.286392211914062,21.567004099235117,21.286392211914062,21.414671669681674,28239900
2012-12-31,21.4146728515625,21.462778797789152,21.142080135670696,21.318464017532886,42749500
2013-01-02,22.144271850585938,22.23246305654161,21.76744945793151,21.847624532701325,52899300
2013-01-03,21.84761619567871,22.16831484316742,21.77545880884228,22.15227952849004,48294400
2013-01-04,21.438724517822266,21.91977324628229,21.43070686060656,21.863651174984106,52521100
2013-01-07,21.398643493652344,21.55097443392494,21.358555196834164,21.462783239349267,37110400
2013-01-08,21.286392211914062,21.478812927777238,21.21423482576831,21.446742298729454,44703100
2013-01-09,21.406654357910156,21.44674111279145,21.294408691661513,21.422688142335666,49047900
2013-01-10,21.2142391204834,21.63114820723514,21.07794350707325,21.366571580875778,71431300
2013-01-11,21.510883331298828,21.591058379565602,21.069922859649353,21.238289084718907,55512100
2013-01-14,21.558990478515625,21.71132293659065,21.45476397301927,21.567008137278737,48324400
2013-01-15,21.815536499023438,21.879677731073613,21.5108732928408,21.5108732928408,48244500
2013-01-16,21.679256439208984,21.831587386400496,21.655203460025582,21.767447637790326,41077400
2013-01-17,21.84761619567871,22.02400006949456,21.69528376466716,21.79951178085835,51685900
2013-01-18,21.84761619567871,21.87968682503347,21.679249979201558,21.72735439402192,52167700
2013-01-22,21.76744270324707,22.007967852918835,21.64718089301713,21.88770451347701,58650600
2013-01-23,22.136255264282227,22.160306717431546,21.807538818067137,21.807538818067137,50387700
2013-01-24,22.152284622192383,22.505053980151732,22.024005133700282,22.20840823646829,101739300
2013-01-25,22.352718353271484,22.633330268121888,21.959862284165684,22.11219472866366,81847700
2013-01-28,22.37677764892578,22.633336662109354,22.256515802647527,22.456952722848733,56056500
2013-01-29,22.45694351196289,22.55315233783978,22.12822721999538,22.304611086910818,49242600
2013-01-30,22.328662872314453,22.601257079843503,22.256505492132547,22.456942319479694,43580500
2013-01-31,22.007965087890625,22.424872542361037,21.967876803375987,22.28055930574341,50530000
2013-02-01,22.392803192138672,22.48901201546849,22.08813835010034,22.184348702641834,55565900
2013-02-04,21.999948501586914,22.464961920104173,21.98391318700072,22.34470011913125,50540000
2013-02-05,22.048059463500977,22.176338959860733,21.935815286489245,22.144269850376904,35410400
2013-02-06,21.919775009155273,22.08012510794184,21.847617617622507,21.951844111385462,41889600
2013-02-07,21.87166976928711,21.959860944014892,21.727354991644788,21.92779184298983,38028300
2013-02-08,22.088144302368164,22.216423787517527,21.895725074644112,21.9277957105375,33318500
2013-02-11,22.336681365966797,22.38478577815354,22.048051834422974,22.16831362949567,32247700
2013-02-12,22.352718353271484,22.448928720641764,22.248491857064604,22.352718353271484,35990900
2013-02-13,22.472990036010742,22.537129794993493,22.352726649857164,22.392814954979183,41715600
2013-02-14,22.481000900268555,22.49703468825733,22.34470376248588,22.38479052627584,32663200
2013-02-15,22.45694351196289,22.57720530891486,22.35271549984926,22.48099648303797,49650900
2013-02-19,22.675209045410156,22.707545200357067,22.473112702610162,22.53778347063125,38781400
2013-02-20,22.52970314025879,22.796470276732617,22.497366982202383,22.739882000133907,44110200
2013-02-21,22.22251319885254,22.424609537374522,22.012332821764954,22.424609537374522,49078500
2013-02-22,22.440778732299805,22.440778732299805,22.214430266806406,22.376107962426374,31425900
2013-02-25,22.125511169433594,22.675211998260565,22.125511169433594,22.610541221817808,48011800
2013-02-26,22.125511169433594,22.311439458972405,22.10125905006521,22.13359366735012,49923300
2013-02-27,22.48119354248047,22.63478717287787,22.09316898956625,22.16592378597173,36394700
2013-02-28,22.473112106323242,22.610537677455785,22.424609417062545,22.537782872628398,35840200
2013-03-01,22.594377517700195,22.618628098236943,22.246771472524326,22.40844766297076,34849700
2013-03-04,22.756046295166016,22.756046295166016,22.392273828758746,22.51353131756117,38157500
2013-03-05,22.917726516723633,23.071320175241183,22.764132858206082,22.86922382419754,41432200
2013-03-06,22.70755386352539,22.820727365270983,22.456954734571585,22.804559281629235,51448500
2013-03-07,22.74796485900879,22.86113986445945,22.642875434525465,22.723714283597992,29196700
2013-03-08,22.634796142578125,22.901563321155013,22.6024599794182,22.836892536708287,37667800
2013-03-11,22.52970314025879,22.610540451654042,22.36802543372252,22.58628987498462,36627500
2013-03-12,22.562042236328125,22.59437840080515,22.34377775172775,22.50545549036651,39255200
2013-03-13,22.570117950439453,22.65095678993419,22.43269238586018,22.52969930162839,29093400
2013-03-14,22.74796485900879,22.764132937197854,22.578204663642,22.63479139543093,55914800
2013-03-15,22.667125701904297,22.76413107937631,22.61862147129562,22.659041663469516,92710300
2013-03-18,22.71563148498535,22.861141112887502,22.481198964060138,22.53778569893922,44809400
2013-03-19,22.78030014038086,22.812634753644197,22.659042642366046,22.731797449549482,51901600
2013-03-20,22.893470764160156,23.03089632272228,22.780297318946367,22.909638839725712,35447800
2013-03-21,22.723716735839844,22.9258131093941,22.675212496038288,22.723716735839844,34233200
2013-03-22,22.836894989013672,22.90964982206305,22.715637447889144,22.78839228093852,28720900
2013-03-25,22.76413345336914,22.917727115902363,22.602455751558082,22.87730691951318,44154000
2013-03-26,22.76413345336914,22.909643076624526,22.723714798852793,22.828804225718997,27824300
2013-03-27,22.933900833129883,22.998571621380105,22.69946826205208,22.74797096777144,36047400
2013-03-28,23.127912521362305,23.168331184633942,22.84497725284132,22.893479957141924,55453800
2013-04-01,23.127912521362305,23.168331184633942,22.92581612125777,23.15216310257602,29201100
2013-04-02,23.281497955322266,23.321918148800194,23.055151039336785,23.111737768333153,28456500
2013-04-03,23.08749008178711,23.402761483911657,23.07132354316697,23.241083762726095,35062800
2013-04-04,23.119831085205078,23.127915127144856,22.853063868685815,22.95006928821645,45263200
2013-04-05,23.20065689086914,23.265327648076806,22.723709478260428,22.812630805750672,50927300
2013-04-08,23.111745834350586,23.22491933184097,23.014738878020786,23.22491933184097,34759500
2013-04-09,23.93630027770996,24.106060528988863,23.18450135490727,23.224920021819393,77733800
2013-04-10,24.47791290283203,24.510247520275747,23.86353975267201,23.90395840994489,71116700
2013-04-11,23.394664764404297,23.604845071284412,23.224903094978277,23.52400625450403,130923200
2013-04-12,23.273414611816406,23.45934286943265,23.168323654469717,23.321917300352673,62886300
2013-04-15,23.192577362060547,23.42700832430892,23.04706774458849,23.16024120623441,56332900
2013-04-16,23.418926239013672,23.55635182899356,23.200663336470363,23.362339503470114,52797300
2013-04-17,23.305755615234375,23.475517384478064,23.119827306626643,23.321923696471504,52840700
2013-04-18,23.273414611816406,23.427006715826693,23.03898212379123,23.402756142494894,56906600
2013-04-19,24.065635681152344,24.44557629491311,23.93629413000515,23.944378169685965,99790700
2013-04-22,24.922527313232422,25.205462573965708,24.469831821183035,24.494082401729262,137904000
2013-04-23,24.736591339111328,24.979106320702826,24.558745580196423,24.817430180266044,59126900
2013-04-24,25.674318313598633,25.803659843289495,24.736591452403555,24.752759529083075,90946600
2013-04-25,25.819826126098633,26.547372565530537,25.496472324336956,25.63389634094719,110700200
2013-04-26,25.698572158813477,25.85216427199179,25.423721004247458,25.787493502792298,47799300
2013-04-29,26.361446380615234,26.418033107607883,25.68240257295811,25.706653146313435,59116400
2013-04-30,26.757556915283203,26.76564249660643,26.094681099082536,26.32103111994682,75165200
2013-05-01,26.45038414001465,26.741403518963008,26.35337562453381,26.6201444164855,54330900
2013-05-02,26.806062698364258,26.81414519640801,26.183605501634418,26.377619375889477,46059500
2013-05-03,27.072824478149414,27.09707504983527,26.741386635547183,26.862642577721584,46784600
2013-05-06,27.28301429748535,27.4123558715458,26.878821493078163,27.01624556637835,40978300
2013-05-07,26.927318572998047,27.315343191905885,26.870731842141417,27.202169730192626,43078300
2013-05-08,26.668636322021484,26.870732676713615,26.393785156290363,26.73330555197523,51595700
2013-05-09,26.401866912841797,26.676718070861096,26.345280181815372,26.55545902794987,46417800
2013-05-10,26.426122665405273,26.4503763289867,26.127020873701095,26.409954584266377,36394900
2013-05-13,26.700973510742188,26.733309672576095,26.312948819973688,26.361453062724546,36027600
2013-05-14,27.29522705078125,27.295227050781246,26.700968059498194,26.749812412822426,56870100
2013-05-15,27.555728912353516,27.596434099979508,27.213827694957892,27.230109148934325,46303900
2013-05-16,27.742958068847656,27.799941592732647,27.311507395386677,27.384772369720114,59382900
2013-05-17,28.38606834411621,28.38606834411621,27.75924625382087,27.783669990835662,60666700
2013-05-20,28.557016372680664,28.57329472027586,28.231393524123426,28.272095603850676,54020800
2013-05-21,28.36978530883789,28.711689659682385,28.2639605073549,28.573298842202206,48702400
2013-05-22,28.174406051635742,28.361638076495012,27.97089257608838,28.320936002459376,66047500
2013-05-23,27.79995346069336,28.125573292563843,27.59643990126038,27.865076184919268,51102700
2013-05-24,27.897626876831055,27.905766049279322,27.596427810339396,27.612706155235927,33174400
2013-05-28,28.508174896240234,28.6384234277586,28.011601399398362,28.01974057401891,48212100
2013-05-29,28.39419937133789,28.50816641433713,28.141841558004565,28.280232328338652,38412200
2013-05-30,28.516305923461914,28.695398767644747,28.337216184648142,28.36977597919761,51131000
2013-05-31,28.41048240661621,28.71982065334346,28.320935980585464,28.345356603914144,56165700
2013-06-03,28.972192764282227,29.00475568168704,28.353512860444415,28.426774766549155,51252600
2013-06-04,28.483755111694336,29.094295703549115,28.304662211031857,28.996606972985923,65529500
2013-06-05,28.312807083129883,28.402353551480083,28.027889325079844,28.166277063169677,46025100
2013-06-06,28.459325790405273,28.581435126956766,28.07672253959149,28.361640184385735,37618500
2013-06-07,29.037311553955078,29.126858011983337,28.540741105074346,28.69541028370569,40757300
2013-06-10,28.87449836730957,29.021028345856053,28.605859038184427,28.907058169476738,35994500
2013-06-11,28.361637115478516,28.63841555705923,28.231388619756363,28.532587683857138,39435900
2013-06-12,28.491884231567383,28.71167913971232,28.36977491414166,28.605851271634624,37372700
2013-06-13,28.263954162597656,28.508169726738753,28.158126279501076,28.48374910193546,45654900
2013-06-14,28.003459930419922,28.239533239513346,27.881350583526675,28.125566171943483,53192600
2013-06-17,28.491884231567383,28.62213272098265,28.190685182051258,28.239526424726396,49670100
2013-06-18,28.475618362426758,28.63028755780561,28.410495634772214,28.46747918598393,28616500
2013-06-19,28.15813446044922,28.565161554063476,28.15813446044922,28.459333640220088,30816200
2013-06-20,27.262666702270508,27.946472108126443,27.164977997598793,27.889485477716672,54493700
2013-06-21,27.083574295043945,27.458038353010622,26.90448143889933,27.401054827031746,85338500
2013-06-24,27.44989776611328,27.840643254997744,26.513734564052992,26.81493362947806,56109000
2013-06-25,27.40919303894043,27.987173662043187,27.238242466997107,27.742958115642846,44073400
2013-06-26,27.962751388549805,28.068579269464877,27.588287324227935,27.77551935638887,48665900
2013-06-27,28.18254852294922,28.312797038329826,28.08486291275615,28.10114436534992,28993100
2013-06-28,28.117429733276367,28.32094326098328,27.954618290036834,27.987181199758737,65545500
2013-07-01,27.97089195251465,28.483746768963957,27.94647132971153,28.288372470431657,31055400
2013-07-02,27.628992080688477,28.036019087150198,27.376637324118768,28.011598460480773,37630000
2013-07-03,27.685972213745117,27.979032119273374,27.35221023364221,27.401054586353332,15994400
2013-07-05,27.848777770996094,27.873201494908894,27.33592614935609,27.751092191450653,26085900
2013-07-08,27.946475982666016,28.158128661393473,27.661555212592177,27.962754330332277,32396900
2013-07-09,27.962751388549805,28.166264872033775,27.791800807711905,28.149986526080056,25318500
2013-07-10,28.2476863861084,28.33723286089724,27.93834486557536,27.954626325116138,29658800
2013-07-11,29.0535888671875,29.118714683873456,28.410488506947907,28.491892672435494,53638300
2013-07-12,29.037311553955078,29.086155923435122,28.71983091576056,28.96404965779047,35501200
2013-07-15,29.44434356689453,29.48504876761014,28.96405449430684,29.029177225784345,34142600
2013-07-16,29.525724411010742,29.65597286264765,29.27336667736571,29.31406873624574,36378500
2013-07-17,29.09427833557129,29.623411336088097,28.890764926441395,29.582709275335755,37285100
2013-07-18,28.850065231323242,29.21639005829895,28.670975508977495,29.078002404424108,49547100
2013-07-19,25.561302185058594,26.595149863916134,25.251962264790198,26.375357957348754,248428500
2013-07-22,26.05786895751953,26.05786895751953,25.72410847157036,25.80551418768023,79040700
2013-07-23,25.903196334838867,26.082289196826046,25.813649903845278,25.97646131425459,65810400
2013-07-24,26.017162322998047,26.204394350407114,25.960178797498298,26.082288126637323,52803100
2013-07-25,25.55316162109375,25.764815905876244,25.439194526474413,25.740395272849366,63213000
2013-07-26,25.740388870239258,25.740388870239258,25.406625292601166,25.44732892533012,38633600
2013-07-29,25.675270080566406,25.724112897562076,25.56130143732963,25.618284982605438,28870700
2013-07-30,25.9276180267334,26.14741140818044,25.683400915692182,25.87063449996251,45799500
2013-07-31,25.91948127746582,26.09043188400442,25.81365338064059,26.02530762160616,43898400
2013-08-01,25.78108787536621,26.122990586086438,25.72410434902695,26.09856996204655,42557900
2013-08-02,25.96018409729004,25.968324824406885,25.699687040290726,25.797374213007934,29199900
2013-08-05,25.805511474609375,26.049727044578407,25.75666711846779,25.968321337027156,30984000
2013-08-06,25.70782470703125,25.78108968967613,25.545013289446022,25.68340252858804,36331500
2013-08-07,26.098575592041016,26.13113539599492,25.439190652397684,25.675267086940725,38078600
2013-08-08,26.774234771728516,26.92076473582684,26.09042930772615,26.24510155059076,59034400
2013-08-09,26.61956787109375,26.782379301036322,26.432335813539204,26.67655140576819,26800700
2013-08-12,26.757944107055664,26.83935133984336,26.42418221604712,26.42418221604712,25493700
2013-08-13,26.42184066772461,26.684173310307678,26.405444486656695,26.65138094817185,39464100
2013-08-14,26.520214080810547,27.34820400780654,25.987352279708336,26.348058874019912,48519600
2013-08-15,26.061140060424805,26.3808578466594,25.28233848044804,26.233295310358432,33338000
2013-08-16,26.069326400756836,26.225086968602813,25.954556278989084,26.061129875166827,32866300
2013-08-19,25.73322105407715,26.20869944013273,25.72502296215579,26.03654420066271,27902500
2013-08-20,25.92177391052246,26.151314228660283,25.716826304398747,25.774211383933203,22979600
2013-08-21,25.9135684967041,26.241482697497755,25.85618343338393,25.9135684967041,37409100
2013-08-22,26.553007125854492,26.63498803161654,26.315267190022233,26.389048441582183,31169900
2013-08-23,28.487712860107422,28.856619119717447,27.87287013650798,28.83202328424224,225493800
2013-08-26,27.99584197998047,28.422130214210135,27.897464885387127,28.200789569505208,72786800
2013-08-27,27.266218185424805,27.954842015613735,27.176043898552823,27.479365369216055,58522300
2013-08-28,27.06947898864746,27.544955787544747,27.05308280561622,27.372800556594978,44257400
2013-08-29,27.503965377807617,27.544954269500675,26.889122620655797,26.995696240859335,45284700
2013-08-30,27.380992889404297,27.44657447673901,27.126856811260403,27.356397057808877,42790200
2013-09-03,26.13491439819336,26.290674994928814,25.651239553766494,26.028342345874947,154507000
2013-09-04,25.57745933532715,25.798801539653024,25.503678079343196,25.73321837473684,142320600
2013-09-05,25.60205841064453,25.774215238621128,25.372518058177576,25.495486327517213,71644900
2013-09-06,25.53646469116211,25.733214153637228,25.520068511716083,25.667630999478856,75434900
2013-09-09,25.954561233520508,26.061134850042357,25.577458439368574,25.593853057303836,49628500
2013-09-10,26.553007125854492,26.561206780056594,26.06113420028936,26.15131006937582,56881200
2013-09-11,26.839937210083008,26.995696249467084,26.667778861314098,26.700571225579793,39087500
2013-09-12,26.798948287963867,26.872729552461724,26.716970495078403,26.82354412763138,32860200
2013-09-13,27.077672958374023,27.11046532133844,26.65138162159217,26.864528853609023,40899000
2013-09-16,26.889129638671875,27.462983653905535,26.83174454987379,27.364609662716358,52839700
2013-09-17,26.995698928833008,27.43838650860139,26.97110621681886,27.397394485574758,84716500
2013-09-18,27.315418243408203,27.381002982169072,26.91372266388152,27.04488901415079,64099900
2013-09-19,27.577747344970703,27.61053971007164,27.31541467866734,27.446581011819024,42026600
2013-09-20,26.88092803955078,27.446582291276343,26.7989471229768,27.389197213300655,102904900
2013-09-23,26.839937210083008,27.02848861373278,26.643186151740817,26.675978516006513,39826100
2013-09-24,26.602195739746094,26.946506163102956,26.356259276312365,26.946506163102956,40685000
2013-09-25,26.651391983032227,26.889132016074253,26.561217640700182,26.634998922428636,28907500
2013-09-26,26.86453628540039,27.05308773372878,26.716973738490744,26.757962639909486,28504000
2013-09-27,27.274412155151367,27.66791095794993,26.946494922527318,26.95469457333069,55348000
2013-09-30,27.282617568969727,27.307213402144107,26.807140866702404,27.053077307685605,39839500
2013-10-01,27.5285587310791,27.553151438425857,27.299015329253145,27.340004217248303,36718700
2013-10-02,27.80728530883789,27.897462741659588,27.29081967454383,27.348204745020947,46946800
2013-10-03,27.75810432434082,27.872874483618883,27.397394535464283,27.77450050813087,38703800
2013-10-04,27.774490356445312,27.864667770704248,27.561343172333075,27.618728230997643,33008100
2013-10-07,27.299020767211914,27.63513471932878,27.217042974891637,27.544957271425076,35069300
2013-10-08,27.0612850189209,27.323620875283755,26.889129751802333,27.307224688807775,41017600
2013-10-09,27.1104679107666,27.340008218938113,27.020290467627177,27.1104679107666,35878600
2013-10-10,27.676115036010742,27.782688634791597,27.266219946970438,27.30721195767555,42875100
2013-10-11,27.979446411132812,27.987642938902656,27.61054011644782,27.61054011644782,30033300
2013-10-14,28.241783142089844,28.282772041336923,27.692521884970812,27.790898995866865,27757900
2013-10-15,28.27456283569336,28.68445789889578,28.258166657895124,28.42212218137517,47097800
2013-10-16,28.397533416748047,28.61068063043527,28.33195182371077,28.364741056603613,35111600
2013-10-17,28.627077102661133,28.684465303394507,28.17619304219921,28.241777770321942,31359200
2013-10-18,28.659860610961914,28.684456440033927,28.1433951092146,28.54509049946251,41811700
2013-10-21,28.684471130371094,28.856626385787024,28.618886388925446,28.67627147406409,27433500
2013-10-22,28.34835433959961,28.774642607745694,28.29916578838939,28.709061000051022,40438500
2013-10-23,27.676115036010742,28.274564617990773,27.602333794893433,28.159791366168353,58600500
2013-10-24,27.643333435058594,27.95485153708612,27.520363623506736,27.725311224591685,53209700
2013-10-25,29.291101455688477,29.750185061916966,29.077957394342064,29.414071228129515,113494000
2013-10-28,29.15993309020996,29.291099378796122,28.91399669001729,29.192725444169252,38383600
2013-10-29,29.118959426879883,29.28291815509848,28.905812142019915,29.209136883762742,31702200
2013-10-30,29.13534927368164,29.34029685755292,29.045171836417968,29.127149619065698,36997700
2013-10-31,29.028779983520508,29.25832031096723,28.971394901658826,29.23372759795577,41682300
2013-11-01,29.12714958190918,29.258315910329397,29.012379435447983,29.241919728370377,40264600
2013-11-04,29.463266372680664,29.49605873980272,29.14354861137125,29.176340978493307,28060700
2013-11-05,30.037111282348633,30.09449634398047,29.323894711173413,29.340290889818412,51681900
2013-11-06,31.299589157104492,31.332381514671454,30.381425035989054,30.528987517789023,88948800
2013-11-07,30.74213981628418,31.160231541794687,30.68475473880729,31.119242647490076,60437400
2013-11-08,30.971675872802734,30.971675872802734,30.610969274305525,30.881498441365498,36737800
2013-11-11,30.8159236907959,30.971682753266055,30.61917260329194,30.897901486358624,26872500
2013-11-12,30.62737464904785,30.824122624651576,30.49620828956114,30.643770834890276,31651600
2013-11-13,31.2831974029541,31.283197402954105,30.250263011509468,30.315844608667774,44957600
2013-11-14,31.168426513671875,31.25860394394336,30.92249005754619,31.04545672198318,46183700
2013-11-15,31.02085304260254,31.168415489536084,30.922479120397046,31.111030440978663,50601300
2013-11-18,30.49619483947754,30.807715978584525,30.389621242131483,30.619161488183313,53277500
2013-11-19,30.3475341796875,30.752276320116827,30.28971072294154,30.43839240949894,44275000
2013-11-20,30.628366470336914,30.90094736786574,30.446643771338195,30.49620221581475,32229900
2013-11-21,30.892696380615234,31.000075137735774,30.777052629072276,30.78531447252465,23064700
2013-11-22,31.03310775756836,31.123969104977647,30.83486768228371,31.000066694697857,27982000
2013-11-25,31.090927124023438,31.34699062725476,31.033106841192026,31.330470096307344,30646800
2013-11-26,30.851390838623047,31.09919570557566,30.851390838623047,31.033113567463023,34465300
2013-11-27,31.057886123657227,31.19004722052929,30.967027929720075,31.03310690267156,26002100
2013-11-29,31.495664596557617,31.627825661032542,31.239601155588804,31.239601155588804,22090400
2013-12-02,31.759986877441406,32.03256769567628,31.437844478178224,31.462623693208208,42950400
2013-12-03,31.64435577392578,31.79303741037095,31.454374383127902,31.50393282796344,52109800
2013-12-04,32.16474151611328,32.197782583235,31.48741539496591,31.56175622050499,51983600
2013-12-05,31.388290405273438,32.11517801271953,30.710964390710853,32.09039564079323,116305000
2013-12-06,31.685646057128906,31.84258633714592,31.3800241851091,31.73520448715094,36457300
2013-12-09,31.974760055541992,32.10692117284818,31.693917287395138,31.85086078048783,30286000
2013-12-10,31.47915267944336,32.131699492314056,31.404811863407847,31.89215651275861,37828600
2013-12-11,31.066150665283203,31.63609485428383,30.884427959673133,31.437854767226817,39853400
2013-12-12,30.74399757385254,31.090919182224088,30.710956520397644,31.090919182224088,36012800
2013-12-13,30.306215286254883,30.93398277659889,30.248395010955917,30.909200407921706,40066100
2013-12-16,30.47142219543457,30.56228354255399,30.182320773662944,30.339261095343375,31734200
2013-12-17,30.16579818725586,30.653142801448844,30.008857876266884,30.512719869748004,45687700
2013-12-18,30.21535873413086,30.231876112848347,29.348048255926884,30.033636058550012,63192100
2013-12-19,29.942773818969727,30.190575454864,29.80235404731818,30.15753439648643,34160100
2013-12-20,30.397085189819336,30.50446708178108,29.89321994788681,29.901481790098252,62649100
2013-12-23,30.24838638305664,30.471408731725436,30.19056612425004,30.40532978636123,25128700
2013-12-24,30.628366470336914,30.70270413705175,30.264921072339472,30.331003199600556,14243000
2013-12-26,30.925708770751953,30.96701165197609,30.702686446204847,30.72746880513282,17612800
2013-12-27,30.801815032958984,31.074395821683293,30.70269188163378,31.04135792220956,14563000
2013-12-30,30.801815032958984,30.876155820968886,30.47967266857207,30.743994770169948,16290500
2013-12-31,30.90094757080078,31.04137051666815,30.744007243978924,30.892688880323536,17503500
2014-01-02,30.69443130493164,30.892674444410027,30.644869732320092,30.851371558416503,30632200
2014-01-03,30.48793601989746,30.74399947354279,30.231872566252132,30.727478945794527,31134800
2014-01-06,29.843650817871094,30.47141510958104,29.82713029033025,30.43837405449935,43603700
2014-01-07,30.07493019104004,30.141012297445105,29.909728075995638,30.008851235603235,35802800
2014-01-08,29.538034439086914,29.85191825239008,29.389355949595274,29.73627767669138,59971700
2014-01-09,29.34804916381836,29.661932935631146,29.240670443988652,29.63715371581951,36516300
2014-01-10,29.76932144165039,29.860182802503537,29.52977842685022,29.653680855462625,40548800
2014-01-13,28.89374351501465,29.75279211712639,28.76984427397868,29.72801289911294,45901900
2014-01-14,29.554550170898438,29.637152819386984,28.604643345546553,28.687242843066244,41623300
2014-01-15,30.364036560058594,30.388818929550734,29.612369805485233,29.65367270431587,44812600
2014-01-16,30.47142219543457,30.56228354255399,29.992339389217424,30.30622003257828,38018700
2014-01-17,30.05015754699707,30.421861599376857,29.860176175996056,30.421861599376857,46267500
2014-01-21,29.876697540283203,30.41360381544249,29.78583933844383,30.41360381544249,31567300
2014-01-22,29.678451538085938,30.00059397858842,29.529769926935757,29.951032391215445,21904300
2014-01-23,29.785839080810547,29.8436593682852,29.339794162318082,29.810618303737012,43954000
2014-01-24,30.405338287353516,31.016582094482448,30.174054036494844,30.933982601941345,76395500
2014-01-27,29.761056900024414,30.47142403757301,29.719757144555874,30.454903505191723,44420800
2014-01-28,29.959293365478516,30.058413386391287,29.529769073564967,29.83539097611106,36205500
2014-01-29,30.28142738342285,30.463149997081192,29.65366322409879,29.719742169358693,52745900
2014-01-30,30.446640014648438,30.463160544425307,29.926254355068124,30.388819735913835,35036300
2014-01-31,31.25611114501953,31.29741087293784,30.19882298566797,30.520965274784945,93162300
2014-02-03,30.132755279541016,31.380028454255193,30.091455531914516,31.173526565153924,64063100
2014-02-04,30.025365829467773,30.719212127596673,29.94276635508232,30.537492653755084,54697900
2014-02-05,29.587600708007812,30.1245070667781,29.571080173018128,29.975825402840787,55814400
2014-02-06,29.88495635986328,29.94277664199098,29.48021123400033,29.57107257762073,35351800
2014-02-07,30.19883155822754,30.22361077181916,29.744524969260084,30.00058839659009,33260500
2014-02-10,30.397085189819336,30.397085189819336,29.97582261515337,30.256665381920538,26767000
2014-02-11,30.702699661254883,30.77704046810167,30.446639332869445,30.463159862276378,32141400
2014-02-12,30.950519561767578,31.057898328882906,30.810096568737045,30.851396336932964,27051800
2014-02-13,31.066150665283203,31.272652594033058,30.834869513393567,30.834869513393567,37635500
2014-02-14,31.07440185546875,31.2065629319297,30.834862070674205,30.884420504991677,31407500
2014-02-18,31.14098358154297,31.440576677344005,31.132662962036182,31.315748337158436,32834000
2014-02-19,31.215883255004883,31.415613052692557,30.96622338884337,30.974547183320635,29750400
2014-02-20,31.41560935974121,31.51547265954725,31.12434007922482,31.265812822733622,27526100
2014-02-21,31.607019424438477,31.91493315714135,31.50715611172896,31.573730595336148,38021300
2014-02-24,31.36566925048828,31.607008415524056,31.240840946729215,31.36566925048828,32085100
2014-02-25,31.2408447265625,31.498825156968806,31.082724411568442,31.29909857695081,30736500
2014-02-26,31.18260383605957,31.407298712913416,30.949585163064064,31.274146546029442,41041800
2014-02-27,31.507158279418945,31.532123315664546,30.98287029607743,31.165955694139033,33903400
2014-02-28,31.881637573242188,32.006465881602495,31.473857480233626,31.60700958057584,41215000
2014-03-03,31.440570831298828,31.731843253434022,31.199234815308383,31.557078530314225,29717500
2014-03-04,31.964855194091797,32.02310903729866,31.681906595117166,31.79009366447121,26802400
2014-03-05,31.7152099609375,31.848362117146458,31.565413388377696,31.83171770079561,20520100
2014-03-06,31.74849510192871,31.823393379499453,31.532120889125483,31.740171307422273,23582200
2014-03-07,31.540428161621094,31.9232399688532,31.365663489105753,31.856662346067207,26591600
2014-03-10,31.47386932373047,31.631986510324342,31.39065042017531,31.615345269291453,19006600
2014-03-11,31.64029884338379,31.815060382298896,31.390639048562704,31.515467358674982,25216400
2014-03-12,31.848339080810547,31.981491140708812,31.44888290111575,31.457203515973852,30494100
2014-03-13,31.532094955444336,31.998128651993184,31.324044708259198,31.97316046360648,32169700
2014-03-14,31.374008178710938,31.740175824165195,31.215887806561906,31.33239872404989,27195600
2014-03-17,31.665267944335938,31.96486100650356,31.44889694087984,31.540439618164054,20479600
2014-03-18,32.91356658935547,33.20483900052293,31.806740315789547,31.840025960971516,64063900
2014-03-19,32.68054962158203,32.91356499958376,32.380956607238986,32.84699053783888,35597200
2014-03-20,33.56269073486328,33.828994982446176,32.65559089947246,32.66391151832322,59269800
2014-03-21,33.42121887207031,34.07033515747559,33.29638735198587,33.88725294917515,80721800
2014-03-24,33.704158782958984,33.82066647822388,33.17155036197855,33.571006677713875,46098400
2014-03-25,33.57101058959961,34.11194286590097,33.25477311231896,33.83731483112112,43193100
2014-03-26,33.11330795288086,33.87893202886535,32.95518759074663,33.68752600986923,41977500
2014-03-27,32.755455017089844,33.263098493790224,32.73881060437541,33.07169250946989,35369200
2014-03-28,33.537715911865234,33.820664515918736,33.0217519308017,33.11329459308319,43472700
2014-03-31,34.1119384765625,34.53635981481363,33.62093949919936,33.64590452656809,46886300
2014-04-01,34.46978759765625,34.61126351572457,34.17851831721714,34.24509596680154,32605000
2014-04-02,34.411537170410156,34.669520826360184,34.26174061851625,34.486435446357106,28666700
2014-04-03,34.12858581542969,34.36160441939911,33.87892597330264,34.36160441939911,30139600
2014-04-04,33.17988204956055,34.444829058714944,32.9884760328237,34.32832132457927,51409600
2014-04-07,33.121612548828125,33.51274819274818,33.071682500393166,33.254764635648286,37559600
2014-04-08,33.13825607299805,33.22979872548305,32.622292147150674,33.08000223497961,35918600
2014-04-09,33.679203033447266,33.74577751711188,33.188203914855514,33.22981336397058,27398700
2014-04-10,32.755455017089844,33.862281478524324,32.530760207340634,33.65423108148955,45960800
2014-04-11,32.63060760498047,33.113285814652,32.455846118552735,32.455846118552735,34330200
2014-04-14,32.60565948486328,32.7970654750986,32.37264404885459,32.54740562586111,32006600
2014-04-15,33.080020904541016,33.254782517227554,32.49747902098802,32.738818300182494,33968700
2014-04-16,33.620948791503906,33.637590031284724,33.213168575730144,33.338000096268374,30615800
2014-04-17,33.29637908935547,33.45449939883723,32.88027835846097,33.29637908935547,36688400
2014-04-21,33.238121032714844,33.412885730256995,33.11329273400901,33.39624132217697,22221200
2014-04-22,33.279747009277344,33.404575358128945,33.1465948657438,33.25477879982901,27056700
2014-04-23,33.03007507324219,33.279738052950485,32.84699290927854,33.279738052950485,24602800
2014-04-24,33.17155456542969,33.26309724462272,32.705520550718354,33.07169126749047,42381600
2014-04-25,33.213157653808594,33.85395311096187,33.08000555716612,33.52939507380812,56876800
2014-04-28,34.01207733154297,34.361603642293815,33.362961121773324,33.40457056542062,50610200
2014-04-29,33.71247863769531,34.27837586582922,33.61261535467066,34.2034776099116,29636200
2014-04-30,33.620948791503906,33.70416768879777,33.42953961345264,33.620948791503906,35458700
2014-05-01,33.28805923461914,33.58765227566619,33.24644979549521,33.48778898684941,28787400
2014-05-02,33.03007507324219,33.57100729648128,33.00511004511002,33.54604226834911,43416600
2014-05-05,32.813724517822266,32.988486172743585,32.70553737090013,32.888622823445495,22460900
2014-05-06,32.50578308105469,32.7471190391267,32.41424043248436,32.69718899415812,27112400
2014-05-07,32.80537414550781,32.880272390458124,32.04807107971957,32.63893642303695,41744500
2014-05-08,32.988468170166016,33.20484234592985,32.43089466838403,32.738808345866666,32120400
2014-05-09,32.90523910522461,33.16321946818301,32.76376323798646,32.90523910522461,29647600
2014-05-12,33.26310348510742,33.30471293583869,32.99679919091022,33.07169747206553,22782600
2014-05-13,33.874881744384766,33.94192906474793,33.39718077626991,33.45584558309158,27004800
2014-05-14,33.72403335571289,33.90002778498785,33.56479756037543,33.7743156515101,18818700
2014-05-15,33.18767166137695,33.85813225816684,33.11224500408775,33.59832861706111,37793200
2014-05-16,33.38041305541992,33.38879236968797,32.91109153162622,33.24631845120059,29867100
2014-05-19,33.313392639160156,33.3720574773564,33.070350768350636,33.19606296276768,24537400
2014-05-20,33.25471115112305,33.47260855575678,33.07033421082291,33.25471115112305,21320900
2014-05-21,33.81623840332031,33.81623840332031,33.30501664750446,33.355298972702684,22398700
2014-05-22,33.60670471191406,33.816222829063136,33.39718659476499,33.76594052702272,20201800
2014-05-23,33.623470306396484,33.83298844698444,33.52290249407234,33.83298844698444,18020000
2014-05-27,33.68212890625,33.74079371901515,33.36366369323705,33.74079371901515,26160600
2014-05-28,33.53128433227539,33.682137660592005,33.372051684382676,33.6402346687248,25711500
2014-05-29,33.807838439941406,33.816217756693675,33.447467076740615,33.648605845710094,19888200
2014-05-30,34.31068420410156,34.33582855100843,33.73241537712533,33.90003050286982,34567600
2014-06-02,34.18497848510742,34.436399598965735,34.09278999739436,34.31906995896472,18504300
2014-06-03,33.76594161987305,34.09278938168534,33.73241795276593,34.0257420474711,18068900
2014-06-04,33.791072845458984,33.832975818537314,33.405560377951325,33.69888438649152,23209000
2014-06-05,34.536956787109375,34.570480444515454,33.858120308091905,34.01735288528288,31865200
2014-06-06,34.76324462890625,34.91409792473939,34.56210903245717,34.76324462890625,24060500
2014-06-09,34.587249755859375,34.76324419982821,34.37773164723192,34.68781755284262,15019200
2014-06-10,34.453163146972656,34.49506613520169,34.243645008834406,34.38611580821174,15117700
2014-06-11,34.2436408996582,34.419635347296975,34.168214251099776,34.30230571553779,18040000
2014-06-12,34.008975982666016,34.260397037068294,33.765934244713876,34.201732230940834,29818900
2014-06-13,34.55371856689453,34.83866326045894,34.24363272880713,34.44476827897498,26310000
2014-06-16,34.779998779296875,34.87218723938722,34.39448630709359,34.39448630709359,24205300
2014-06-17,34.93086242675781,35.123618720165915,33.807845136950604,34.604014659805244,22518600
2014-06-18,34.90571594238281,34.981142584541566,34.51182090033238,34.872192279869495,27097000
2014-06-19,34.78838348388672,35.006284095487636,34.63753339499929,34.838668978177495,19828200
2014-06-20,34.93086242675781,35.05657458189014,34.67944131348606,34.7381061333497,47764900
2014-06-23,35.19066619873047,35.19904551717672,34.939241887442016,34.97276555521287,18743900
2014-06-24,34.98952865600586,35.14876128819355,34.83029602381818,35.05657599397522,26509100
2014-06-25,35.22418212890625,35.24094396063098,34.7464811142253,34.94761989792952,20049100
2014-06-26,34.96438980102539,35.148763598574234,34.7213479804005,35.140384279273796,23604400
2014-06-27,35.4085578918457,35.44208155416941,34.78838292682666,34.872192082635934,74640000
2014-06-30,34.9476203918457,35.375035917393156,34.9476203918457,35.34151225346991,30793100
2014-07-01,35.090084075927734,35.32474647896998,34.93923081575483,35.08170476013676,26917000
2014-07-02,35.1152458190918,35.1152458190918,34.805156632294455,34.97277180410506,20208100
2014-07-03,35.03143310546875,35.19066894129378,34.83029747715411,35.12362160052678,15969300
2014-07-07,35.19066619873047,35.29961332349635,34.95600372132744,34.98952738909829,21952400
2014-07-08,35.014671325683594,35.199048316091414,34.872200521818044,35.09009798566923,31218200
2014-07-09,34.9224739074707,35.1906600054459,34.80514428791475,35.18227749148198,18445900
2014-07-10,34.93924331665039,35.199046957012506,34.40287739834814,34.671060357499265,21854700
2014-07-11,35.27445983886719,35.27445983886719,34.763235273566075,34.94761218485285,24083000
2014-07-14,35.31637191772461,35.576175523626894,35.23256595297813,35.383419247115896,21881100
2014-07-15,35.576175689697266,35.59293752212333,35.22418360273517,35.47560789213351,28748700
2014-07-16,36.942237854003906,37.13499414807512,35.60131991695344,35.62646106926923,63318000
2014-07-17,37.31937026977539,38.30829615152899,37.08471097478068,38.09039869146149,82180300
2014-07-18,37.45345687866211,37.57916902576165,37.0847061492256,37.41993641016257,43407500
2014-07-21,37.57916259765625,37.84734548173471,37.059558659378254,37.344503373335634,37604400
2014-07-22,37.57079315185547,37.838976106391264,37.36965433745712,37.713263947768176,43095800
2014-07-23,37.60431671142578,38.090400354558845,37.394798561177375,38.090400354558845,52362900
2014-07-24,37.210418701171875,37.71326090105552,37.143371369457924,37.654596084302185,30725300
2014-07-25,37.294219970703125,37.42831142024619,37.12660485952622,37.12660485952622,26737700
2014-07-28,36.850040435791016,37.30259705276534,36.816516776165614,37.176888124658305,29684200
2014-07-29,36.782997131347656,36.950612250777446,36.573479031308544,36.799758962989884,27763100
2014-07-30,36.523193359375,36.958988153844395,36.280151618503545,36.93384700719983,31921400
2014-07-31,36.171199798583984,36.61537708789652,36.10415567802363,36.35557672486106,31537500
2014-08-01,35.91978454589844,36.246632279209486,35.701883925696016,36.21310861502564,31170300
2014-08-04,36.347190856933594,36.43099999613878,35.87787246535162,36.01196389108816,34277400
2014-08-05,36.104156494140625,36.422621668737165,35.894638417541366,36.29691274097289,26266400
2014-08-06,35.819210052490234,36.17957818560716,35.37502957759322,35.819210052490234,24634000
2014-08-07,36.22987365722656,36.41425062958166,35.74379327146248,35.90302589495551,30314900
2014-08-08,36.20473098754883,36.30529878780239,35.961689206359374,36.22987213836404,28942700
2014-08-11,36.20473098754883,36.41424910298951,36.05387768867212,36.255013289179246,20351600
2014-08-12,36.47290802001953,36.53157282709441,36.0371100267546,36.07063368708087,21431100
2014-08-13,36.942237854003906,37.026043826385155,36.4729160964873,36.60700757049306,22889500
2014-08-14,37.101463317871094,37.2271722521748,36.88356271655698,36.94223072228947,19313200
2014-08-15,37.53724670410156,37.62943513821559,37.210399126418054,37.36125234642445,41611300
2014-08-18,37.805450439453125,37.805450439453125,37.44507901390847,37.66297645407851,26891100
2014-08-19,38.22710037231445,38.23553202520141,37.80544695484066,37.92350939701968,28139500
2014-08-20,37.906646728515625,38.28613548621933,37.86448202587312,38.23553591287197,24770500
2014-08-21,38.13431930541992,38.15961746989578,37.805430299398324,37.813861948570654,22285500
2014-08-22,38.0753173828125,38.345175401219244,38.007851269730146,38.24397623159572,18294500
2014-08-25,38.092166900634766,38.31986012439612,37.98253933201499,38.28613029703013,16910000
2014-08-26,37.957244873046875,38.286137289857756,37.89821364317432,38.21023953474151,14873100
2014-08-27,37.83918380737305,37.94881461701569,37.74641952359549,37.86448520465112,21287900
2014-08-28,37.84761428833008,37.93194369091214,37.619921041005895,37.73798349140499,17657600
2014-08-29,38.311431884765625,38.31986353811821,37.83074721965662,38.02470741637074,21607600
2014-09-02,38.02471160888672,38.336734288702715,37.822316519543946,38.31143610889517,22976800
2014-09-03,37.91507339477539,38.04157070302359,37.55245120922143,37.55245120922143,33684500
2014-09-04,38.168067932128906,38.17650280241765,37.71268466231051,37.72955118592755,26475500
2014-09-05,38.716224670410156,38.733091196632394,38.0415797063253,38.0415797063253,36939400
2014-09-08,39.188472747802734,39.46676235251852,38.78368582105943,38.808983998680716,45736700
2014-09-09,39.43302917480469,39.61012606845337,39.146304700516964,39.18847261902793,40302400
2014-09-10,39.5004997253418,39.58482913795254,39.02824665062334,39.48363319942747,27302400
2014-09-11,39.63541793823242,39.63541793823242,39.18846638239871,39.41615959488758,29216400
2014-09-12,39.3824348449707,39.652292809123594,39.298102220572495,39.55952853076591,38244700
2014-09-15,38.9945068359375,39.39085883412316,38.876441184753624,39.24749822598283,37667600
2014-09-16,39.43302917480469,39.508926924379686,39.03667711987793,39.12100652297881,27910600
2014-09-17,39.23062515258789,39.37398573678597,38.98606545570462,39.01136362539616,38311900
2014-09-18,39.365570068359375,39.49206740209423,39.180041503404475,39.28967231151063,35556600
2014-09-19,40.07394027709961,40.116104974502036,39.29809633366205,39.47519320988858,202522400
2014-09-22,39.6860237121582,39.95588166171375,39.61855761628906,39.8884155658446,38686100
2014-09-23,39.26436996459961,39.61855731433159,39.18847221580555,39.508926517860054,33430300
2014-09-24,39.702884674072266,39.728182847998866,39.078836242548896,39.32339598037292,26582700
2014-09-25,38.82585144042969,39.711323064669564,38.81741656971621,39.53422938321371,33077400
2014-09-26,39.13787841796875,39.31497211895987,38.58972757170751,38.733091437005776,27078800
2014-09-29,39.16317367553711,39.26437282594429,38.58972469107265,38.77525324985842,26091000
2014-09-30,39.095706939697266,39.19690286317178,38.80054760553603,39.10413859291997,33033100
2014-10-01,38.70779800415039,39.23907917229421,38.66563007468003,39.01982073707061,38088400
2014-10-02,38.589717864990234,38.876442306504174,38.488521949444184,38.648752300765594,25119400
2014-10-03,38.868011474609375,39.04510513479419,38.463224586918265,38.77524720966679,32453200
2014-10-06,38.868011474609375,39.04510513479419,38.72464764234532,38.89330964979,20604000
2014-10-07,38.3957633972168,38.7330874551554,38.30299912043565,38.67405622756024,25723700
2014-10-08,39.44989013671875,39.54265439722706,38.23552953169376,38.3535919661734,33031000
2014-10-09,38.665611267089844,39.46675328291757,38.57285023147509,39.21376191396139,34422800
2014-10-10,37.13079071044922,38.893301734797404,37.06332785137653,38.45478189146642,51978100
2014-10-13,36.81035232543945,37.577761576948326,36.675423332326716,36.95371297320132,37100200
2014-10-14,36.8778076171875,37.42595834833692,36.734446998955974,36.99587005972177,38115700
2014-10-15,36.44771957397461,36.59108018051804,35.50321367678484,36.26219105542661,60218700
2014-10-16,36.04294967651367,36.32967424152243,35.604429564326054,35.86585272683065,49040400
2014-10-17,36.793487548828125,37.05491067587503,36.08510949706038,36.43086525941362,40683300
2014-10-20,37.1729850769043,37.22358145298441,36.10198448472984,36.31281129696193,34527900
2014-10-21,37.84761428833008,37.93194369091214,37.265730472848105,37.409094317590224,36433800
2014-10-22,37.42595672607422,38.00783726061107,37.29945941915048,37.9488060419027,33570900
2014-10-23,37.96567153930664,38.3282937112771,37.55244980254028,37.6283475412541,45451900
2014-10-24,38.901763916015625,39.55111087741968,38.1006213939217,39.49207962792493,61076700
2014-10-27,38.716224670410156,38.87645184408001,38.54756262514871,38.54756262514871,30371300
2014-10-28,39.205326080322266,39.213757731038825,38.59814428602755,38.67404201031439,29049800
2014-10-29,39.314971923828125,39.38243802880091,39.078846990345255,39.16317640460029,30276100
2014-10-30,38.83428192138672,39.06197516936531,38.59815701990989,39.06197516936531,30073900
2014-10-31,39.59326171875,39.61012824368852,39.196906425096415,39.584826847800386,35849700
2014-11-03,40.006465911865234,40.023332430729205,39.40771896851227,39.54264790246448,23130400
2014-11-04,40.11610412597656,40.251033084986474,39.84624620795673,39.88841090446731,21530800
2014-11-05,40.36067581176758,40.39440886574133,39.85468965304449,40.31007623080694,22449600
2014-11-06,41.06904220581055,41.20397116645425,40.30163313896943,40.36066435819104,33037800
2014-11-07,41.052162170410156,41.25455393627404,40.723273138162014,41.25455393627404,28000600
2014-11-10,41.229286193847656,41.44854785511753,40.94256163316038,41.02689427863398,36370100
2014-11-11,41.21240234375,41.27986843177382,41.02687703560477,41.195535821744045,23445200
2014-11-12,41.13650894165039,41.25457139118335,40.91725056636925,40.9509836139388,22722100
2014-11-13,41.836448669433594,41.87018171173557,41.077471302439,41.16180390819394,26210400
2014-11-14,41.811153411865234,42.207505427192935,41.65092305823726,41.946082373522366,29081700
2014-11-17,41.709957122802734,41.92078384083182,41.440099181082346,41.667792422589,30318600
2014-11-18,41.362022399902344,41.86271174514025,41.3280765913861,41.69298593980952,23995500
2014-11-19,40.92073440551758,41.370505013850625,40.67463216285409,41.29412856741197,26177500
2014-11-20,41.32807540893555,41.32807540893555,40.62371447000335,40.734036725899436,21510600
2014-11-21,40.71706771850586,41.6250971151003,40.369131251000056,41.59963937563058,42884800
2014-11-24,40.38610076904297,40.73403720736587,40.21637496656219,40.72555237400452,35434200
2014-11-25,40.28425979614258,40.7085726122393,40.267286895028725,40.44549750084938,28008000
2014-11-26,40.521873474121094,40.72554504790975,40.12301839562864,40.30123223666241,27163600
2014-11-28,40.57280731201172,40.90377091028611,40.40308147674891,40.69161442552037,21534400
2014-12-01,41.26019287109375,41.39597289389503,40.48794338442693,40.63221147960702,31191600
2014-12-02,41.12441635131836,41.62510583503195,40.90377500944096,41.44689514690967,25773500
2014-12-03,40.80193328857422,41.1583545992648,40.57280391573708,41.10743588177295,23534800
2014-12-04,41.44688415527344,41.63358286698542,40.90376416183914,41.065001898249164,30320400
2014-12-05,41.090450286865234,41.557196959944896,41.05650772293653,41.429901824150484,27313400
2014-12-08,40.47943878173828,41.031043438702774,40.267282397386666,40.95466701084621,26663100
2014-12-09,40.38610076904297,40.66614559147339,39.927842073520004,39.97876078543936,24330500
2014-12-10,39.80055236816406,40.44550656884161,39.63082655622241,40.37761818641531,30431800
2014-12-11,40.0296745300293,40.513394179230836,39.61384973103625,39.953301321326734,29060400
2014-12-12,39.84297561645508,40.50490259918948,39.60535822894145,39.698707570045016,34248400
2014-12-15,39.60535430908203,40.45397989003257,39.50352014579787,40.055128068315604,29247800
2014-12-16,38.32394027709961,39.325318961229684,38.29848253949899,38.951924781668644,47801400
2014-12-17,38.816162109375,38.99437282661571,38.103316003160245,38.230607985224225,34970900
2014-12-18,40.32670593261719,40.32670593261719,39.325327042700785,39.52899869711222,40105600
2014-12-19,40.44550323486328,40.81889740055504,40.029675191746044,40.42004549820826,64551200
2014-12-22,40.71706771850586,40.835874819032135,40.487938351526324,40.54734190178946,26566000
2014-12-23,41.11591720581055,41.412934915976,40.84435723158777,41.048025593629724,23648100
2014-12-24,40.852848052978516,41.27716097955661,40.80193257362961,41.27716097955661,11437800
2014-12-26,40.63220977783203,41.08198047753918,40.581291057444986,41.08198047753918,13197800
2014-12-29,40.26728820800781,40.54733299239302,40.106047260793616,40.479444622973865,14439500
2014-12-30,39.90238571166992,40.41155989941369,39.74963280789669,40.258806995640455,16384700
2014-12-31,39.41865921020508,40.25879672946855,39.41865921020508,39.656273338926106,21552500
2015-01-02,39.6817512512207,40.241844294654165,39.495055728243784,39.59688994416314,27913900
2015-01-05,39.316837310791016,39.65628570953198,39.24894568869239,39.350779884589606,39673900
2015-01-06,38.7397575378418,39.67324434518154,38.64640820965791,39.35925379903993,36447900
2015-01-07,39.231971740722656,39.427155293193834,38.60399043925027,39.01981528317781,29114100
2015-01-08,40.38610076904297,40.52188076357751,39.64779725108958,39.67325498842405,29645200
2015-01-09,40.04664611816406,40.58128122227692,39.80054712239798,40.403070599989356,23944200
2015-01-12,39.54595947265625,40.34366976598798,39.342291101305875,40.2418323430624,23651900
2015-01-13,39.342288970947266,40.657658191964224,39.08770190191982,39.85995117907819,35270600
2015-01-14,39.002845764160156,39.240463218569715,38.714312827359976,39.002845764160156,29719600
2015-01-15,38.59549331665039,39.35925767959362,38.536089781449235,39.223477708098144,32750800
2015-01-16,39.240455627441406,39.2743981967186,38.3324231077078,38.45123343055399,35695300
2015-01-20,39.36774826049805,39.58839276968071,38.67187540030723,39.291371813050255,36161900
2015-01-21,38.968894958496094,39.15559366934489,38.595500774049015,38.98586786286876,39081100
2015-01-22,39.995723724365234,40.004208555612564,39.10466752991335,39.359254551578225,35898000
2015-01-23,40.03816604614258,40.216376689620084,39.71568733133765,40.19091895119488,26211600
2015-01-26,39.893890380859375,39.99572778967614,39.24045147915981,39.88540554874962,42525500
2015-01-27,36.2023811340332,36.66063990165093,35.735637531719256,36.448483424485424,169164000
2015-01-28,34.95488739013672,36.312690296042646,34.929429657989964,36.270259663381474,84507100
2015-01-29,35.65076446533203,35.744113810901425,34.615443305903725,34.73425038671925,63585300
2015-01-30,34.28448486328125,35.285863602723914,34.24205098193571,35.260402626466465,78004900
2015-02-02,35.031280517578125,35.10765698766447,34.140223858071664,34.445729738417036,50352500
2015-02-03,35.30282974243164,35.582877792521394,34.83608622953236,35.328290716144544,52082400
2015-02-04,35.506500244140625,35.82049085402081,35.09916028712709,35.591361521216285,41614800
2015-02-05,36.024169921875,36.18540767665645,35.523480513894725,35.82898635432348,36548200
2015-02-06,35.99021530151367,36.31269396940989,35.76957404700579,36.2193446257623,34616600
2015-02-09,35.947792053222656,36.27027078740073,35.82049687894819,35.84595785615354,31381100
2015-02-10,36.151458740234375,36.29572681341626,35.79503744869785,36.27026907466382,29670700
2015-02-11,35.964752197265625,36.19388148730532,35.820484168463025,36.19388148730532,38262500
2015-02-12,36.567291259765625,36.567291259765625,36.07508666908868,36.20238185281575,33268800
2015-02-13,37.229209899902344,37.229209899902344,36.618201575119926,36.81338510471364,40264900
2015-02-17,37.24630355834961,37.60526130587638,36.91298145813258,37.57962239827828,33695700
2015-02-18,37.203575134277344,37.348869913711866,37.08392252785421,37.2890436105003,27111700
2015-02-19,37.177921295166016,37.20356019759476,36.793321457296415,36.904428801633784,27603400
2015-02-20,37.485618591308594,37.50271228763662,36.99845965697196,37.18648379600187,29721100
2015-02-23,37.733463287353516,37.767647411557626,37.30613076206203,37.34886336253349,32518800
2015-02-24,37.68219757080078,37.861676522113996,37.536902757625974,37.73347866844303,25271700
2015-02-25,37.596736907958984,37.68220215413488,37.43434837581857,37.562549505372566,29759800
2015-02-26,37.65654754638672,37.80183905642213,37.511252776062506,37.59672124692639,28957300
2015-02-27,37.477073669433594,37.776208493127086,37.31468842934137,37.71638218044629,33807700
2015-03-02,37.5026969909668,37.76764102526238,37.220656007027515,37.32321488287458,31924000
2015-03-03,36.98990249633789,37.459970884300546,36.827517309770705,37.22921092847027,31748600
2015-03-04,36.8018798828125,36.93007768990842,36.64803990606652,36.759144020158615,25748700
2015-03-05,36.84461975097656,36.95572714726773,36.59676604397675,36.8104323582271,23193500
2015-03-06,36.20362091064453,36.84461985520895,36.02414198863591,36.75060615502655,36248800
2015-03-09,36.622398376464844,36.861706822412394,36.05831953863408,36.05831953863408,32108000
2015-03-10,35.92156982421875,36.50274229988615,35.92156982421875,36.19506237038126,39159700
2015-03-11,35.87883758544922,36.21215642566365,35.75918500283772,36.160878610423495,32215300
2015-03-12,35.05835723876953,35.596797079342714,34.921610974846445,35.32330455149655,59992500
2015-03-13,35.36604690551758,35.44296690396532,34.707954309973324,34.78487430842107,58007700
2015-03-16,35.51988220214844,35.588253713782876,35.28057376070648,35.44296221387934,35273500
2015-03-17,35.639530181884766,35.75063754174093,35.16946509673844,35.357489174624085,31673400
2015-03-18,36.32326126098633,36.60530226630405,35.323304810033946,35.40877000300337,44194800
2015-03-19,36.143798828125,36.40019778386317,36.08397251379575,36.11815665034846,33879100
2015-03-20,36.6480598449707,36.73352509619992,36.31474080077027,36.37456712868879,71904500
2015-03-23,36.63095474243164,36.86171476128214,36.56257995449549,36.648048439415675,26246100
2015-03-24,36.665138244628906,36.89589497869671,36.53693716100103,36.562576073611005,25513300
2015-03-25,35.434410095214844,36.690768687715845,35.41731640399102,36.682220211959816,43469900
2015-03-26,35.220760345458984,35.56262780951596,34.97290659703217,35.22930882521978,37495600
2015-03-27,35.015625,35.40877010525566,34.89597242538203,35.14382278982434,34401400
2015-03-30,35.007076263427734,35.502783509191715,34.964343667138316,35.12672883715335,35049700
2015-03-31,34.750694274902344,35.0669195531173,34.64813534202257,34.85325320778212,34887200
2015-04-01,34.801963806152344,34.836147932225785,34.45155124666279,34.699401647066175,36865300
2015-04-02,34.43445587158203,34.81905579864843,34.2891611167843,34.75068102926398,37487500
2015-04-06,35.51132583618164,35.70789837135612,34.34043583958239,34.47718209275976,39223700
2015-04-07,35.4942512512207,35.81902499992927,35.30622708958067,35.56262604475497,28809400
2015-04-08,35.40021896362305,35.63097888027313,35.075448645630686,35.434406342449996,24753400
2015-04-09,35.45151138305664,35.571163986974554,35.254938782293074,35.254938782293074,25723900
2015-04-10,35.6566162109375,35.85318872211332,35.39166895137663,35.57969624914805,28022000
2015-04-13,35.69082260131836,35.94722480750861,35.37459734338373,35.38314582241114,30276700
2015-04-14,35.596797943115234,35.921568290133195,35.37458322116802,35.724995734741846,24244400
2015-04-15,36.11814880371094,36.28908249049772,35.62244469834706,35.690816216888436,27343600
2015-04-16,36.03268051147461,36.18652049040821,35.7420942468543,35.853201622814936,22509700
2015-04-17,35.57115936279297,35.67372151878025,35.17801421237394,35.61389196431008,42387600
2015-04-20,36.6736946105957,36.89590619477382,35.62245649026119,35.66518911103122,46057700
2015-04-21,36.44292068481445,36.87880172763278,36.34890699870506,36.75060065379475,26013800
2015-04-22,36.7420654296875,36.86171805899074,36.36601058297489,36.46856951376486,25064300
2015-04-23,37.04118728637695,37.27194726533912,36.57966732845261,36.65658732144,46309500
2015-04-24,40.91281509399414,41.1435750490862,39.01546089705123,39.02400611303756,130933700
2015-04-27,41.04956817626953,41.13503665174244,40.357291456528316,40.36583667393112,59248200
2015-04-28,42.01533126831055,42.0580638662516,40.76752115081768,40.83589265546571,60730800
2015-04-29,41.92987060546875,42.143536878561726,41.451256980036604,41.639284343650765,47804600
2015-04-30,41.57091522216797,42.34011521397751,41.53672783135665,41.62219630838495,64725500
2015-05-01,41.58800506591797,41.776032437677124,41.36579356680248,41.519633550916566,38937300
2015-05-04,41.22903823852539,41.767474804603076,41.177757168299316,41.34014233358319,34039500
2015-05-05,40.68206024169922,41.16067390417749,40.43420982354634,40.87008761986726,50369200
2015-05-06,39.55389404296875,40.827346291638335,39.331682583752496,40.656412644393754,52433000
2015-05-07,39.91286087036133,40.246179738118535,39.45134093333351,39.54535461609347,32971700
2015-05-08,40.81025695800781,41.00682953222538,40.61368438379025,40.63932329251343,35364900
2015-05-11,40.48548889160156,40.94700887386868,40.48548889160156,40.6393288856906,24609400
2015-05-12,40.46840286254883,40.75044399190174,39.67356382928642,40.04107018919439,29928300
2015-05-13,40.707706451416016,41.29742429559118,40.65642536311372,41.18631690108079,34184600
2015-05-14,41.63928985595703,41.72475507239287,41.04956877756708,41.04956877756708,32980900
2015-05-15,41.280330657958984,41.80167697875867,41.066664346830535,41.76748958650872,28642700
2015-05-18,41.0324821472168,41.21196434909783,40.690617962322065,41.00684322992932,24136500
2015-05-19,40.929237365722656,41.127087418180075,40.585148320550246,40.9120325853164,28574800
2015-05-20,40.929237365722656,41.23031281914126,40.662568191640226,40.76579359260141,25047900
2015-05-21,40.79161071777344,40.94645050396768,40.4389208228815,40.67118050217287,22410700
2015-05-22,40.34428405761719,40.73138009416904,40.275464942645115,40.688369788049506,25720600
2015-05-26,40.07762145996094,40.32708587029538,39.73353239181159,40.28407555714585,29581900
2015-05-27,40.95505905151367,41.092694067581526,40.103440133577976,40.2754847240322,27335600
2015-05-28,40.81741714477539,41.30774201183433,40.76580279190921,40.86042746475867,19283700
2015-05-29,40.309871673583984,40.92062650949264,40.07761209905342,40.800196348212154,36519600
2015-06-01,40.6281623840332,41.092681653485066,40.10342801833498,40.48192665928538,28837300
2015-06-02,40.36149978637695,40.731394456086925,40.103434577189745,40.37010381952026,21498300
2015-06-03,40.30128479003906,41.06688294949677,40.275479253493216,40.74859935187113,28002200
2015-06-04,39.879791259765625,40.56796645739111,39.742156220240524,40.24968604376648,27745500
2015-06-05,39.690528869628906,40.017413212152356,39.432463665100755,39.83676789713036,25438100
2015-06-08,39.337833404541016,39.93998765057662,39.28621905837454,39.828158207954246,22121600
2015-06-09,39.26902770996094,39.51848891056679,39.1055838789172,39.36364911351351,24406100
2015-06-10,40.094825744628906,40.28407505791337,39.30342221028375,39.389446116993284,28417400
2015-06-11,39.94859313964844,40.361498113529905,39.68192718984749,40.13784248323133,27347800
2015-06-12,39.54428482055664,39.97439449828651,39.48406972819257,39.75933965942157,23931000
2015-06-15,39.122779846191406,39.269018857765886,38.72707969024571,39.096974312992224,33254500
2015-06-16,39.42385482788086,39.77654463407841,38.967936335862234,39.01094664754946,27070300
2015-06-17,39.54428482055664,39.63030544351204,39.01955048868997,39.33783073139668,28704100
2015-06-18,40.189449310302734,40.258265152325805,39.71632603993481,39.759339632860204,32658300
2015-06-19,39.6561393737793,40.28410284067911,39.56151793335594,40.24969325426402,63837000
2015-06-22,39.767948150634766,40.18945716071357,39.7077330465488,39.85397207181261,20318100
2015-06-23,39.49267578125,39.81095606669761,39.243211347112506,39.68192511493732,25896500
2015-06-24,39.26041793823242,39.78515236472786,39.18299805102036,39.28622347347744,34890900
2015-06-25,39.26902770996094,39.62171762958731,39.13999345192404,39.59590880909343,20616000
2015-06-26,38.933536529541016,39.810960890018656,38.735686421023104,39.269024920308524,49835300
2015-06-29,38.167930603027344,38.90771974895116,38.159329853610785,38.74427925822607,34081700
2015-06-30,37.97869110107422,38.46901593888303,37.79804251755765,38.46041190651341,35945400
2015-07-01,38.23675537109375,38.907725494869155,37.93567659342973,38.245356121780475,28343900
2015-07-02,38.19375228881836,38.494827842030986,37.90127748792148,38.262568151776634,21752000
2015-07-06,38.185142517089844,38.2625624022077,37.80664712400082,37.81524787502417,23034000
2015-07-07,38.107723236083984,38.27116704141101,37.26470851892371,38.14213280367672,36435800
2015-07-08,38.05609893798828,38.62384348001432,37.87545041165776,38.228140153197025,39785900
2015-07-09,38.29697036743164,38.89912463966496,38.279765584627626,38.494820447462615,32424700
2015-07-10,38.374393463134766,38.83030876045489,38.339983894644966,38.71847930360157,25465800
2015-07-13,39.17439270019531,39.24320854659451,38.666863117279284,38.6926686494944,28178300
2015-07-14,39.24321746826172,39.5356922652728,38.97655149080984,39.096981710494866,22880300
2015-07-15,39.36366271972656,39.47549222991438,39.07979184799273,39.29484683140388,26629600
2015-07-16,40.137855529785156,40.1636610735791,39.5443050521777,39.57871135007692,26271700
2015-07-17,40.10342788696289,40.24106286100035,39.793748375009436,40.043212790913785,29467100
2015-07-20,40.36149978637695,40.542148386137455,39.94859479538198,40.12924339514248,30631900
2015-07-21,40.671180725097656,40.71419432931414,39.983005716838626,40.2410709347511,42781900
2015-07-22,39.17439270019531,40.37009715448647,38.8819179696763,39.08836879035052,59152400
2015-07-23,39.66472625732422,39.76795169044885,38.795902624216296,38.94214166249709,33934000
2015-07-24,39.518470764160156,39.84535499466884,39.398040595413796,39.49266523699336,32333200
2015-07-27,39.010948181152344,39.578692849581714,38.92492755439624,39.518477754557125,39701400
2015-07-28,39.002349853515625,39.260415031289014,38.52922981401828,39.2088039646204,34328900
2015-07-29,39.819549560546875,40.24105515214404,38.933521508530056,39.05395495903381,40945900
2015-07-30,40.327083587646484,40.7743980383305,39.509874558156,39.793745234056104,39777900
2015-07-31,40.172245025634766,40.74859042541809,40.00020049623738,40.67977458254501,31201500
2015-08-03,40.26688003540039,40.430320575544165,39.95720045914709,40.41311579003261,24125900
2015-08-04,40.894840240478516,41.04107599618549,40.15505086543132,40.21526597442564,33403900
2015-08-05,40.929237365722656,41.64321770446235,40.89482780491015,41.273323129418735,26959700
2015-08-06,40.10342788696289,41.09268151887235,39.853966752535165,41.041067173054564,27368000
2015-08-07,40.206661224365234,40.24106751074268,39.79375297306583,39.90558242785429,19163000
2015-08-10,40.71419143676758,40.85182642864108,40.29268242832413,40.38730710051411,23079900
2015-08-11,39.92279815673828,40.37871357063084,39.484087531489685,40.27548812024492,29237400
2015-08-12,40.206661224365234,40.344296214306034,39.32063290023663,39.73353787005904,30181400
2015-08-13,40.19805908203125,40.516339395959974,39.991608228149914,40.48193310796452,22627200
2015-08-14,40.43031692504883,40.516337563362384,40.01741195448515,40.0260127057257,21473400
2015-08-17,40.70559310913086,40.81742258116338,40.060428379022305,40.26688253650715,21099700
2015-08-18,40.93071365356445,41.06925623608232,40.43715549689984,40.5583798437135,23574100
2015-08-19,40.35921859741211,40.766188813224446,40.09079094183788,40.506418622552204,31485500
2015-08-20,39.536624908447266,40.23799855229648,39.536624908447266,39.891640463283544,36238200
2015-08-21,37.293975830078125,39.38077584625458,37.293975830078125,39.22491499001597,70053100
2015-08-24,36.09038543701172,36.964935063882564,34.39323759879483,35.0253384782394,88753700
2015-08-25,35.04265213012695,37.441173491970844,34.97337918100758,36.86102410400218,70616600
2015-08-26,36.98225021362305,37.09481710971609,35.55353025307851,36.37612509258165,63408000
2015-08-27,38.012664794921875,38.055958739621715,37.17274839465668,37.43251536597198,50943200
2015-08-28,38.038639068603516,38.22913638184829,37.571056555975126,37.579717326458685,28246700
2015-08-31,37.683616638183594,38.038632192160584,37.319940315288704,37.718253107624164,34441700
2015-09-01,36.21159744262695,36.87833457344112,36.073054876686044,36.51465827339916,49688900
2015-09-02,37.54508972167969,37.562407963622526,36.26356954596175,36.67919744323917,37671500
2015-09-03,37.66631317138672,38.08194105828318,37.47581581789037,37.58838273614883,28285200
2015-09-04,36.895668029785156,37.268001948706,36.54065235164163,37.068847134441754,37138800
2015-09-08,38.00400161743164,38.09925027160923,37.40653729093045,37.49312517484678,32469800
2015-09-09,37.293975830078125,38.445614011939405,37.15543321376786,38.28109238417835,33469500
2015-09-10,37.484474182128906,37.91742028272236,37.016891600739996,37.3372707903065,31366600
2015-09-11,37.648990631103516,37.74423929697617,37.18140807306491,37.35458716527733,27132500
2015-09-14,37.26799774169922,37.61435260879738,37.11213689541434,37.60569514094436,23656000
2015-09-15,38.081932067871094,38.35035979323471,37.302631202587,37.39787655373276,28882200
2015-09-16,38.35901641845703,38.42828936662372,37.96070687584647,38.07327376505936,23372200
2015-09-17,38.31572341918945,38.965142460192666,38.168523355391095,38.350359894124146,32768200
2015-09-18,37.648990631103516,38.09059748140101,37.51910878928153,37.6663088706364,63143700
2015-09-21,38.19450759887695,38.506229336746216,37.75290070252323,37.770218943862275,26177200
2015-09-22,38.012664794921875,38.1425466290214,37.50178831998473,37.56240050318776,28085900
2015-09-23,37.9866828918457,38.24644984337239,37.67496122876728,38.03863760339744,17145200
2015-09-24,38.02133560180664,38.21183298905848,37.46716498774756,37.62302588584135,27905600
2015-09-25,38.04729080200195,38.73134623000204,37.89142998794837,38.51487324416269,29384600
2015-09-28,37.484474182128906,38.17718728245511,37.41520122053798,37.952056763517824,27613800
2015-09-29,37.614356994628906,37.72692390854135,37.27665955600827,37.55374480324144,32763600
2015-09-30,38.32438659667969,38.359023076775195,37.80485260771324,37.99534994512199,34958900
2015-10-01,38.627437591552734,38.748661927184,37.88277004054302,38.748661927184,28657900
2015-10-02,39.458709716796875,39.458709716796875,38.02998617767158,38.333050448182576,41839000
2015-10-05,40.37654495239258,40.601675419398084,39.57126512679667,39.6145590662459,34369300
2015-10-06,40.48045349121094,40.852787338374036,40.02153175996547,40.11678041432571,27017200
2015-10-07,40.523738861083984,40.99997872902798,39.78773209272647,40.783505761497494,27711500
2015-10-08,41.086570739746094,41.147182907647306,40.26397278565269,40.31592748804605,33772700
2015-10-09,40.79217529296875,41.16450914135563,40.627653688309024,41.086578724178935,28600600
2015-10-12,40.696929931640625,40.75754211622568,40.26398386853806,40.67961169274256,19769100
2015-10-13,40.6016845703125,40.80950015086901,40.31594186305346,40.31594186305346,19987800
2015-10-14,40.41983413696289,40.78350714929394,40.28994903077868,40.39385843697223,24697800
2015-10-15,40.70558547973633,40.72290371781761,40.289957675134055,40.70558547973633,27189400
2015-10-16,41.13853454589844,41.164513556487776,40.61034310962263,40.71424924263074,26450300
2015-10-19,41.23377990722656,41.45891369767605,40.71424598069353,41.06060083067684,29387600
2015-10-20,41.3636589050293,41.398295375824915,40.714239941631945,41.077912975638945,30802200
2015-10-21,40.8701171875,41.55417289669368,40.792186748438475,41.493557396875175,25144300
2015-10-22,41.588802337646484,42.38542489897053,40.7748648386368,41.15585622693814,56637100
2015-10-23,45.77971267700195,46.81878381846969,45.2428605201048,45.2861544628501,135227100
2015-10-26,46.97465133666992,47.03526352575823,45.45934000322895,45.485315711947784,64633300
2015-10-27,46.48974609375,47.07855299149442,46.39450073647874,46.74951636866732,50999900
2015-10-28,46.7408561706543,46.7408561706543,45.77105792259111,46.359864827551405,47000800
2015-10-29,46.204010009765625,46.6109804156422,46.08278562583219,46.35987087571339,30202100
2015-10-30,45.58055877685547,46.74951507221734,45.563240538800166,46.16936565827119,46619800
2015-11-02,46.10009765625,46.20400378517807,45.56324216670303,45.76239695678028,30285000
2015-11-03,46.888065338134766,47.095877622536285,45.805700056119804,45.83167576589082,36596900
2015-11-04,47.10453796386719,47.520165831986894,46.81013447772614,46.9140406189769,37087800
2015-11-05,47.08721160888672,47.36429680655145,46.75817169799131,47.18246026491824,31468500
2015-11-06,47.5547981262207,47.606752847438514,46.7235424054354,46.83610931651569,32851200
2015-11-09,46.89672088623047,47.51150354848678,46.377186893388966,47.2344183118891,32513100
2015-11-10,46.33388900756836,46.870744536359496,46.126076734521135,46.81878981653942,55283700
2015-11-11,46.45512771606445,46.931367866571456,46.290606049133395,46.49842167463467,36516300
2015-11-12,46.169376373291016,46.74086514928293,46.056809451365005,46.30791900677036,35361100
2015-11-13,45.75374984741211,46.14340204800295,45.48532204186797,45.95290468257698,36848200
2015-11-16,46.55900573730469,46.66291183569652,45.76238350799314,45.961541542657514,32165200
2015-11-17,46.17546844482422,46.66363436893444,46.07085861075978,46.349811517503035,31551300
2015-11-18,46.94258117675781,47.05590681958021,46.184178267919854,46.20161323799872,29710000
2015-11-19,47.02104187011719,47.64868755805114,46.881565420063076,47.06463096263106,28149200
2015-11-20,47.23897171020508,47.33486238841487,46.43698299314267,47.29127662342334,37147600
2015-11-23,47.23897171020508,47.474338831616194,46.85541232274663,47.29127662342334,28235900
2015-11-24,47.29127883911133,47.45690608399138,46.70722224502309,47.00360679100397,24600000
2015-11-25,46.803096771240234,47.27383090706515,46.803096771240234,47.151789462676454,21005100
2015-11-27,47.012325286865234,47.14308591153129,46.890283810713356,46.898999633846714,9009100
2015-11-30,47.37843704223633,47.91019189641592,47.073333433467674,47.544067565893535,56241400
2015-12-01,48.1368408203125,48.145556640694146,47.33484900463012,47.43073965572712,39952800
2015-12-02,48.12812805175781,48.78192440454511,47.997370776428475,48.22401871556078,47274900
2015-12-03,47.247684478759766,48.6162979320556,47.01231738912936,48.372215020756045,38627800
2015-12-04,48.73834228515625,49.017295150476464,47.16051243881717,47.177947408572244,43963700
2015-12-07,48.651187896728516,48.7906643785123,48.19788849958583,48.63375292083284,30709800
2015-12-08,48.63373565673828,48.90396937373911,47.93635349537742,48.35478279219394,32878000
2015-12-09,47.92763900756836,48.70347694534895,47.51792549308077,48.26761263644922,36373200
2015-12-10,48.18043899536133,48.520412609357294,47.9537877024436,48.28504549381071,31775800
2015-12-11,47.12565231323242,48.03224758765841,47.082063220152904,47.69227394407605,39549500
2015-12-14,48.06711196899414,48.12813270178622,46.79438907735859,47.36101396800564,46768900
2015-12-15,48.119422912597656,48.72963364240691,48.023532227507225,48.52041729990224,39843000
2015-12-16,48.93013381958008,49.034740334520336,47.735863082936,48.41581374350053,37503300
2015-12-17,48.55527877807617,49.50546298906571,48.40708320185486,49.13061946291697,41280900
2015-12-18,47.18666076660156,48.81679199681744,47.09948592852207,48.616294857304695,84684200
2015-12-21,47.79686737060547,48.250163189532984,47.273828361614086,47.840453123343146,37246300
2015-12-22,48.25016784667969,48.36349347503974,47.5092000024811,47.93634840145047,28322200
2015-12-23,48.65989303588867,48.71219795208913,48.32863521738092,48.55528652886866,27279800
2015-12-24,48.52912521362305,48.78192728304259,48.3199122305989,48.6947557610126,9558500
2015-12-28,48.77321243286133,48.77321243286133,47.92763468572346,48.250173314117916,22458300
2015-12-29,49.29624938964844,49.5577672925019,48.86910425757658,49.069601427276915,27731400
2015-12-30,49.0870361328125,49.496746292434,49.06960116266554,49.226512568607575,21704500
2015-12-31,48.363494873046875,48.98242128553937,48.31118996797335,48.851664010925845,27334100
2016-01-04,47.77073287963867,47.77073287963867,46.54159552546326,47.35230349581099,53778000
2016-01-05,47.9886474609375,48.28503524813697,47.54406744282824,47.88404098468472,34079700
2016-01-06,47.1169319152832,47.42203893184613,46.75952330902096,47.352299045072606,39518900
2016-01-07,45.47806167602539,46.628746037258935,45.39089018027681,45.94007991455519,56564900
2016-01-08,45.617549896240234,46.445689236415,45.46063851432964,45.652416505813676,48754000
2016-01-11,45.59141540527344,46.07086557841306,44.85916308298296,45.77447765450069,36943800
2016-01-12,46.009830474853516,46.288783336759266,45.382188198255776,45.992395505311855,36095500
2016-01-13,45.01605224609375,47.13435243952374,44.71966446891565,46.898985381878205,66883600
2016-01-14,46.29750442504883,46.56773815082195,44.955041642487494,45.329885189895926,52381900
2016-01-15,44.44944381713867,45.303737466080655,43.88281888372922,44.7283967096348,71820700
2016-01-19,44.0745964050293,45.05093144371784,43.63873213279935,44.876585069749765,43564500
2016-01-20,44.275089263916016,44.78940918812706,42.801866038857504,43.56898801445944,63273000
2016-01-21,44.004859924316406,44.96376339251828,43.84794850816302,44.458159201494986,40191200
2016-01-22,45.58267593383789,45.61754586571044,44.684793477708396,44.815554059540574,37555800
2016-01-25,45.146820068359375,45.89650711465909,45.024778609730184,45.2775773488705,34707700
2016-01-26,45.47806167602539,45.71342870500184,44.93759108654952,45.14680733187727,28900800
2016-01-27,44.64992904663086,45.50422246685233,44.47558270415344,45.33859194507783,36775200
2016-01-28,45.38219451904297,45.51295182074656,44.67609311847244,45.207848124723974,62513800
2016-01-29,48.023529052734375,48.023529052734375,47.073344738878816,47.70970622241427,83611700
2016-02-01,47.6922721862793,48.02352999426512,47.50920997346377,47.84046778144958,44208500
2016-02-02,46.20160675048828,47.29998310818172,45.89650313040123,47.22152741653362,56313800
2016-02-03,45.469356536865234,46.54158214824815,44.68479958932642,46.41954069538216,57559800
2016-02-04,45.329872131347656,46.03597325976107,44.78068236480389,45.41704363221764,46987100
2016-02-05,43.725914001464844,45.32989503574491,43.202878081204915,45.27759011356641,62009000
2016-02-08,43.07209396362305,43.211570354701415,42.00858440328833,43.19413539014419,59290500
2016-02-09,42.95878219604492,43.79564413749322,42.427027244570446,42.73213423454427,46740500
2016-02-10,43.333614349365234,43.926389877923675,43.167987164324956,43.4905257143001,38237000
2016-02-11,43.316192626953125,43.682320365531595,42.28755262028217,42.43574821041986,48878600
2016-02-12,44.02228546142578,44.179196843952354,43.368489142691736,43.8043533551811,34243300
2016-02-16,44.856380462646484,44.856380462646484,44.01351328612884,44.689564047270004,37291200
2016-02-17,46.024105072021484,46.33140271945954,45.172459438808744,45.20757974410281,40789000
2016-02-18,45.82215881347656,46.48943107830302,45.74313981762227,45.945079856448984,27176000
2016-02-19,45.4973030090332,45.90117637555931,45.2426858804275,45.629002447761906,33559100
2016-02-22,46.22604751586914,46.53334182975916,45.90118969917761,45.90118969917761,25008300
2016-02-23,44.93539810180664,45.98020196489618,44.759799941397084,45.953863413074465,28895300
2016-02-24,45.09343719482422,45.216354905287666,44.07497185908314,44.5051838457052,33014500
2016-02-25,45.743141174316406,45.743141174316406,44.43494185324168,45.41828678139434,26939500
2016-02-26,45.04076385498047,46.25238769811877,44.86516566261512,46.18214708146985,35975900
2016-02-29,44.67200469970703,45.34805547301472,44.4788463789744,45.084656545013324,31654000
2016-03-01,46.164581298828125,46.17335969957361,44.70711893011174,44.75102098160805,33024500
2016-03-02,46.489437103271484,46.4982155042792,45.79582619968787,46.015323066701185,29289900
2016-03-03,45.962642669677734,46.506997312007975,45.462190080209524,46.506997312007975,24427800
2016-03-04,45.68169021606445,46.050446721100684,45.4007344737781,46.00654801435406,33034200
2016-03-07,44.80368423461914,45.47973475775088,44.40859268733569,45.269019712433746,38407800
2016-03-08,45.348052978515625,45.769486551176605,44.426163479734896,44.60176163899105,33835100
2016-03-09,46.39286804199219,46.40164644491028,45.53244053796319,45.558779095974586,28251600
2016-03-10,45.699249267578125,46.480657616314026,44.917840918842224,46.471879214878854,38387800
2016-03-11,46.59477615356445,46.59477615356445,45.98896624697598,46.533317323153526,32275700
2016-03-14,46.682579040527344,47.05133541581014,46.2084684855287,46.27870572175775,24083600
2016-03-15,47.05134963989258,47.05134963989258,46.30506161441446,46.31384001562609,21104800
2016-03-16,47.71861267089844,47.93810951547342,46.88452734091835,46.928426039982135,31691700
2016-03-17,47.99079132080078,48.28930717183327,47.41131976870903,47.59569631954364,28223900
2016-03-18,46.96355056762695,48.26297160260256,46.9284302655112,48.2190695503297,67625500
2016-03-21,47.28840637207031,47.349865227942146,46.471877744908554,46.75283347153879,23925700
2016-03-22,47.47278594970703,47.630823974614025,46.9372130152174,47.06891248572545,23124100
2016-03-23,47.38499069213867,47.62204774028817,47.18305395095728,47.50790841727023,20129000
2016-03-24,47.59568405151367,47.7010449241957,47.17425060855139,47.27082973388227,19950000
2016-03-28,47.0074577331543,47.66594844471573,46.82308113773876,47.59570782783918,17025100
2016-03-29,48.03469467163086,48.16639413455256,46.92843191026313,47.11280847894834,23924300
2016-03-30,48.33319854736328,48.85121117067332,48.201502466406545,48.227841012746765,23008300
2016-03-31,48.49123764038086,48.80731360076341,48.16638328076801,48.24540227086365,26360500
2016-04-01,48.789756774902344,48.82487707272618,47.91176942484219,48.333202950960356,24399200
2016-04-04,48.666847229003906,48.868783951412894,48.28931233733513,48.666847229003906,18928800
2016-04-05,47.90299606323242,48.55270489502701,47.81519530943836,48.45612574048169,19272300
2016-04-06,48.394657135009766,48.4648977238902,47.595688857400724,47.727388286923734,21188700
2016-04-07,47.81519317626953,48.21028817757579,47.613256475436586,48.17516787762498,19225100
2016-04-08,47.78007125854492,48.53514093564091,47.692273860896755,47.99956810192138,22167200
2016-04-11,47.683502197265625,48.42101182917158,47.67472044670655,47.841540214763796,21414200
2016-04-12,47.98200225830078,48.09613818388022,47.20059082978347,47.736163562559945,24944300
2016-04-13,48.59659957885742,48.675618576109876,48.192726192569786,48.3946628857136,20818000
2016-04-14,48.60539627075195,48.7985546232525,48.350779051411614,48.48247853707235,20877100
2016-04-15,48.860008239746094,49.09706192965109,48.38589416142272,48.5527105893113,28793800
2016-04-18,49.571170806884766,49.68531011359953,48.47368649031759,48.719525254722946,23786000
2016-04-19,49.509708404541016,49.84334455065619,48.886338161231784,49.72042685189167,29596800
2016-04-20,48.80731964111328,49.60628804017956,48.71952224092161,49.42191149022337,36195700
2016-04-21,48.97413635253906,49.36923135442571,48.65806035102975,48.991696502540265,38909100
2016-04-22,45.46218490600586,46.032878035695695,44.57541913677496,45.57632420179503,126834100
2016-04-25,45.751930236816406,45.769490389140145,45.33049662881645,45.4621927473596,33226900
2016-04-26,45.16366958618164,45.96263796738717,44.85637534312415,45.883618969278665,33532600
2016-04-27,44.72468566894531,45.21635991452502,44.38227105207562,45.19879976119109,43369300
2016-04-28,43.81156921386719,44.575417255043945,43.513053386966774,44.443717815519456,43134800
2016-04-29,43.78523635864258,44.11887255155062,43.32868244973067,43.32868244973067,48411700
2016-05-02,44.43494415283203,44.55786185655533,43.70621298182075,43.89937128724662,33114500
2016-05-03,43.706214904785156,44.25934794513268,43.54817689325729,44.197889090567,26460200
2016-05-04,43.78523635864258,43.95205612972489,43.425261612092726,43.75889780500077,24257600
2016-05-05,43.84668731689453,44.16276330067588,43.6623107761074,43.78522846996549,25390700
2016-05-06,44.241790771484375,44.241790771484375,43.600860281266236,43.829135563694045,24787300
2016-05-09,43.96083068847656,44.417384557480126,43.89937183584688,44.329587153510936,17951600
2016-05-10,44.79491424560547,44.865151490811215,44.06618314971751,44.18910419002537,22891000
2016-05-11,44.821258544921875,45.462188979970655,44.77735984237865,44.89149914839609,24039100
2016-05-12,45.22513198852539,45.48853090242199,44.7071192600551,44.95295802307484,24102800
2016-05-13,44.84761047363281,45.567560073940314,44.81249016404292,45.16368321217066,22592300
2016-05-16,45.50608825683594,45.62022420663712,44.55786026329432,44.601758963160634,20032000
2016-05-17,44.65732955932617,45.73596742086206,44.52471230642622,45.72712761974177,27803500
2016-05-18,44.92255783081055,45.21431840103682,44.47165053225862,44.63079388790264,24907500
2016-05-19,44.48933792114258,44.75457574933447,44.04727374992878,44.62195852157951,23842400
2016-05-20,44.754573822021484,45.285052828242655,44.56006788848736,44.63079639904109,23905800
2016-05-23,44.23293685913086,44.80762159137271,44.18873111957727,44.73688970994158,26118700
2016-05-24,45.6121826171875,45.718277076943394,44.560071073959875,44.82530890969065,34757900
2016-05-25,46.08077621459961,46.40790618607786,45.789015565047386,45.90394984106482,24040200
2016-05-26,45.87741470336914,45.95698638138432,45.40882780654731,45.91278064308292,24335200
2016-05-27,46.25760269165039,46.25760269165039,45.77133269285346,45.90394994378941,17721400
2016-05-31,46.85879898071289,46.85879898071289,46.04540257955757,46.204542567568254,37653100
2016-06-01,46.7261848449707,46.814599709060715,46.363692333907174,46.363692333907174,25324800
2016-06-02,46.39906311035156,46.628938408236706,45.83322141199207,46.540523534941435,22840800
2016-06-03,45.78901290893555,46.34601140013852,45.62102634611485,46.3106488256289,23368300
2016-06-06,46.0896110534668,46.28411699376657,45.877418769061116,45.96583362618096,18243300
2016-06-07,46.06309127807617,46.62009315054824,46.06309127807617,46.18687209515628,20866800
2016-06-08,46.010040283203125,46.36368960066817,45.85973670945192,45.99235731142757,21149400
2016-06-09,45.63871765136719,45.974687465659784,45.52378336103478,45.974687465659784,20305700
2016-06-10,45.51492691040039,46.01887979850385,45.125911651787085,45.13475145127926,25833200
2016-06-13,44.330196380615234,44.84299245929007,43.375339485150576,43.83508664692323,83217800
2016-06-14,44.056114196777344,44.294825866506145,43.82623895326417,44.118002907104334,42577100
2016-06-15,43.93234634399414,44.31252188951834,43.93234634399414,44.01191804823601,33757600
2016-06-16,44.55122756958008,44.62195945734495,43.77319366757671,43.78203683988834,31188600
2016-06-17,44.32136154174805,44.58659941058316,44.04728049943168,44.568916436303155,45710500
2016-06-20,44.268310546875,44.94025004733433,44.23294459997034,44.772263485878334,35607900
2016-06-21,45.25852966308594,45.47072195407015,44.34787852895156,44.38324447289593,34097800
2016-06-22,45.08171081542969,45.497248890426576,45.04634486824797,45.16128251024737,28816800
2016-06-23,45.89511489868164,46.02773553604296,45.223178655335445,45.33811294352016,29028800
2016-06-24,44.056114196777344,45.03749376311174,43.78203321341372,44.03843122630081,133503000
2016-06-27,42.81834030151367,43.45491385285178,42.473530752099634,43.410704733033725,50216300
2016-06-28,43.7113151550293,43.73784130547376,43.03053575345703,43.25156789529155,38140700
2016-06-29,44.68384552001953,44.84298888536047,44.02958908776437,44.126843741326255,31304000
2016-06-30,45.24082946777344,45.355767055494496,44.648465309289435,44.842974554251114,28527800
2016-07-01,45.23200988769531,45.72712301766737,45.15243819489056,45.20548711432115,21400400
2016-07-05,45.24082946777344,45.33808409025428,44.86065751949133,44.940229176731954,24806400
2016-07-06,45.426513671875,45.567974067065116,44.551225157917386,44.89603466040068,28167500
2016-07-07,45.426513671875,45.62986277916818,45.152432680645845,45.461876241161136,19585200
2016-07-08,46.23992156982422,46.29297049593381,45.576825170526504,45.73596857617257,28391000
2016-07-11,46.496315002441406,46.708507312970575,46.390220533518004,46.416743307578265,22269200
2016-07-12,47.04447555541992,47.212462124936984,46.67314321314904,46.80576046138186,27317600
2016-07-13,47.30970764160156,47.619154595017456,47.01794703300712,47.353916758291035,25356800
2016-07-14,47.513057708740234,47.734089790172874,47.37159731153062,47.60146919224052,24545500
2016-07-15,47.477691650390625,47.74292947292606,47.044467287859966,47.6987237312838,32024400
2016-07-18,47.707576751708984,48.04354655212464,47.34508417349412,47.47770480785586,31433900
2016-07-19,46.93837356567383,47.654518733105874,46.79691316660253,47.48653219048987,53336500
2016-07-20,49.43162155151367,50.25386128060874,49.0956517958437,49.643813863695335,89893300
2016-07-21,49.334354400634766,49.714529808125334,49.29898846210505,49.49349775133693,32776700
2016-07-22,50.0151481628418,50.0681970861459,49.31668584974237,49.58192709358039,32157200
2016-07-25,50.1566047668457,50.16544793973102,49.74106333097471,49.92673286206144,25610600
2016-07-26,50.183128356933594,50.65171871969662,49.9620962487548,49.970939421784045,28079000
2016-07-27,49.679168701171875,50.218487511816384,49.60844018991524,50.05050434648525,32327500
2016-07-28,49.69685745239258,49.83831786404095,49.26363641726792,49.51119129448201,37550400
2016-07-29,50.112396240234375,50.183124755981574,49.55539442324112,49.741060571344846,30558700
2016-08-01,50.023990631103516,50.17429085265561,49.63497194438994,50.041670232606435,26003400
2016-08-02,50.023990631103516,50.306911472704776,49.7852755386245,50.26270235090007,35122000
2016-08-03,50.368797302246094,50.492574741750126,49.94441606422557,50.11239925031215,22075600
2016-08-04,50.740135192871094,50.8550728447536,50.10356157959278,50.218499231475285,26587700
2016-08-05,51.24409103393555,51.46512317611714,50.79318694786556,50.970013336147396,29335200
2016-08-08,51.33250427246094,51.35902704941585,51.084945987711805,51.33250427246094,19473500
2016-08-09,51.45627975463867,51.72151763206144,51.29713635364849,51.42975360601858,16920700
2016-08-10,51.2971305847168,51.56236843231063,51.120304228760176,51.420908022081775,15756900
2016-08-11,51.5446891784668,51.67730979817358,51.30597408660406,51.30597408660406,18162300
2016-08-12,51.22639846801758,51.44743056882092,50.94347764880387,51.30597015921407,21655200
2016-08-15,51.38554763793945,51.72151741335166,51.24408721239998,51.28829296300308,19283900
2016-08-16,51.100852966308594,51.26098822655565,50.949615994799046,51.25209333152094,20523500
2016-08-17,51.20762252807617,51.314378258811416,50.914040026424885,51.18982934066972,18856400
2016-08-18,51.24319839477539,51.332164319455984,50.949619327586994,51.083063124053346,14214300
2016-08-19,51.2609977722168,51.35885860433586,50.88735102452956,51.091967585458775,17271000
2016-08-22,51.30546569824219,51.376638428072155,50.94071394212,51.243191256492246,15221900
2016-08-23,51.50120162963867,51.75919775644506,51.46561525483017,51.510099920192545,18732400
2016-08-24,51.55457305908203,51.63464069291869,51.34995652676679,51.421125871453285,18151500
2016-08-25,51.75028610229492,51.85704519915178,51.40332752176669,51.49229343581407,18552600
2016-08-26,51.62574768066406,52.22180754764128,51.32327029899725,51.848157420310145,20971200
2016-08-29,51.68801498413086,52.132834401872785,51.68801498413086,51.75918771994692,16417200
2016-08-30,51.50120162963867,51.76809265329544,51.252103793386155,51.58126927610605,16930200
2016-08-31,51.118656158447266,51.421133554390295,50.976314054103696,51.28768974052639,20860300
2016-09-01,51.23429489135742,51.43891139319092,50.71830279601016,50.71830279601016,26075400
2016-09-02,51.30546569824219,51.76807826102931,51.08305600807738,51.30546569824219,18900500
2016-09-06,51.25209045410156,51.42112059989355,50.89623358604174,51.403327417120295,16278400
2016-09-07,51.29658126831055,51.45671654939284,51.07417153277439,51.12755109103623,17493400
2016-09-08,51.09196472167969,51.41223528386193,50.86955498613126,51.26989318885907,20146100
2016-09-09,50.00659942626953,51.17202755274183,50.00659942626953,50.52259159322309,35113900
2016-09-12,50.7538948059082,50.896236883613966,49.47281610655631,49.819774708857686,29303000
2016-09-13,50.291282653808594,50.3980417583179,49.86425641687991,50.264594574532694,30130200
2016-09-14,50.05107498168945,50.380243765285385,49.84645847479882,50.16672897035025,24062500
2016-09-15,50.87843322753906,51.02077527594701,49.80197127434758,49.95321160973847,26847000
2016-09-16,50.931827545166016,51.26989128085552,50.487008090623085,51.26989128085552,44607000
2016-09-19,50.64714813232422,51.37665183493437,50.57597538392155,50.94962552562868,20937100
2016-09-20,50.54038619995117,51.02078861788945,50.48700664520113,51.02078861788945,17384000
2016-09-21,51.38554763793945,51.465615284452916,50.780596234364204,51.16313788581355,33707300
2016-09-22,51.43891525268555,51.599050508518545,51.26988510206303,51.527877775391566,19822200
2016-09-23,51.09196472167969,51.51899100668827,51.04748345331065,51.48340463451174,19955300
2016-09-26,50.620460510253906,50.83397197000256,50.55818605168526,50.78059580191713,21688700
2016-09-27,51.55457305908203,51.652433877516046,50.42473128992165,50.647141006834254,28065100
2016-09-28,51.62574768066406,51.65243915713984,51.30547711258117,51.49230387309839,20536400
2016-09-29,51.06526184082031,51.75028064133395,50.89622831881891,51.43001356566751,25463500
2016-09-30,51.24319839477539,51.394438769880885,51.011893778011896,51.216510314222724,29910800
2016-10-03,51.08306121826172,51.198715219180194,50.762794082469085,51.074166322977014,19189500
2016-10-04,50.92293167114258,51.24319882155097,50.682728763058996,50.94961975191752,20085900
2016-10-05,51.27878952026367,51.563473718237255,50.940725762531294,50.96741723926236,16726400
2016-10-06,51.36775207519531,51.4745077939892,50.95851559802971,51.36775207519531,16212600
2016-10-07,51.42111587524414,51.58125111178734,51.083052221019365,51.465597131238965,20089000
2016-10-10,51.63463592529297,51.94600814273923,51.48339556703147,51.51898193294037,18196500
2016-10-11,50.87843322753906,51.616834936825505,50.61154231098693,51.50118096196213,26497400
2016-10-12,50.807281494140625,50.94962359183994,50.17563864770637,50.807281494140625,22177500
2016-10-13,50.638248443603516,50.97631220177406,50.10446642013705,50.44253017830759,25313700
2016-10-14,51.08306121826172,51.36774877291555,50.81617024158307,50.81617024158307,27402500
2016-10-17,50.90514373779297,51.118655193425916,50.59376805724844,51.02969265252942,23830000
2016-10-18,51.29658126831055,51.554577376021264,51.07417153277439,51.18092725559484,19149500
2016-10-19,51.18091583251953,51.456705064764094,51.06526523931913,51.127539679873955,22878400
2016-10-20,50.931827545166016,51.17203045786358,50.40694045305723,51.154237272437484,49455600
2016-10-21,53.075862884521484,53.77867851272156,52.92462588270053,53.62743811719713,80032200
2016-10-24,54.267974853515625,54.267974853515625,53.3160614677453,53.32495636383614,54067000
2016-10-25,54.25908660888672,54.59714700103168,54.09005301911061,54.13453429242404,35137200
2016-10-26,53.93880844116211,54.445902351916025,53.7964663503137,54.098943717579466,29911600
2016-10-27,53.46730041503906,54.116739845656724,53.45840551862252,53.92101818745944,28479900
2016-10-28,53.26268768310547,53.84095440907984,53.004694944069485,53.387236604095996,33574700
2016-10-31,53.307167053222656,53.751986551572124,53.307167053222656,53.52068190565992,26434700
2016-11-01,53.200401306152344,53.39612293455658,52.711100628844555,53.3516416718382,24533000
2016-11-02,52.871246337890625,53.31606584038427,52.7555923170053,53.21820500684311,22147000
2016-11-03,52.67552947998047,53.05807455854689,52.58656692884102,52.96021371607123,21600400
2016-11-04,52.23069381713867,52.737787668279616,52.06166366465928,52.17731766040978,28697000
2016-11-07,53.751983642578125,53.84094957365535,53.1826152584969,53.1826152584969,31664800
2016-11-08,53.79646301269531,54.0722488876459,53.51177884866075,53.86763235685249,22935400
2016-11-09,53.529571533203125,53.903221639762144,52.6666240990679,53.378334547629,49632500
2016-11-10,52.22180938720703,53.814263993657605,51.26989593948594,53.80536570328446,57822400
2016-11-11,52.50648880004883,52.59545133343984,51.60795160176532,51.80367324766927,38767800
2016-11-14,51.70581817626953,52.559874202859376,50.9585212740681,52.506494640665174,41328400
2016-11-15,52.726844787597656,53.2821495129254,52.23423862262486,52.243197024088026,35904100
2016-11-16,53.42546463012695,53.43441961687915,52.67311932763914,52.789551238566794,27332500
2016-11-17,54.31216049194336,54.589812940960016,53.712077239184,54.10616161040073,32132700
2016-11-18,54.05240249633789,54.7599658523978,54.007620740671975,54.43753174499688,27686300
2016-11-21,54.50918960571289,54.60771152596042,54.11510192472279,54.18675547276798,19652600
2016-11-22,54.742061614990234,54.8674519184609,54.464412633485054,54.61667131151957,23206700
2016-11-23,54.097198486328125,54.72415002427894,53.96284977583601,54.643541481309605,21848900
2016-11-25,54.213623046875,54.213623046875,53.855365561810736,54.00762422422149,8409600
2016-11-28,54.2852783203125,54.652494218743804,53.92701740722521,54.04345271647297,20732600
2016-11-29,54.715187072753906,55.001794424559414,54.204667513811025,54.321102818178616,22366700
2016-11-30,53.9718017578125,54.79580053081293,53.9359783980877,54.50919315323785,34655400
2016-12-01,53.022422790527344,53.87329004483037,52.78955213147353,53.837463263955954,34542100
2016-12-02,53.06719970703125,53.26424356719738,52.66415700061396,52.91494102717892,25515700
2016-12-05,53.93598175048828,54.267370910789,53.344853570419325,53.470243878823396,23552700
2016-12-06,53.694149017333984,54.150928425615874,53.5598003237415,54.12406005354906,19907000
2016-12-07,54.965965270996094,54.97492367220594,53.559796944401135,53.74788237026006,30809000
2016-12-08,54.64353942871094,55.15406245942618,54.49128075139356,54.90327843703652,21220800
2016-12-09,55.50336456298828,55.52127795135066,54.75101933491565,54.79580109750686,27349400
2016-12-12,55.68248748779297,55.79892279520692,55.27944823770406,55.36901175625065,20198100
2016-12-13,56.407958984375,56.80204321220891,55.74518080953485,55.978047985839225,35718900
2016-12-14,56.1392707824707,56.82892081422815,56.00492208690434,56.42587814415831,30352700
2016-12-15,56.049705505371094,56.56022506590576,55.79892150928748,56.15718240847598,27669900
2016-12-16,55.798927307128906,56.3811004746442,55.63771022740558,56.3811004746442,42453100
2016-12-19,56.981178283691406,57.11552697643632,55.906398991619625,56.031792699275165,34338200
2016-12-20,56.909542083740234,57.14240933598763,56.45275914989686,57.0438873927418,26028400
2016-12-21,56.909542083740234,57.05284579665325,56.53336770194981,56.811020140494406,17096300
2016-12-22,56.91848373413086,57.41108991830464,56.79309344179163,57.178222720621676,22176600
2016-12-23,56.64083480834961,56.90952878017098,56.24674712749099,56.828920246961644,12403800
2016-12-27,56.67664337158203,57.38420659876741,56.61394824174315,56.61394824174315,11763200
2016-12-28,56.41691589355469,56.78413174196649,56.273612231165416,56.78413174196649,14653300
2016-12-29,56.33631134033203,56.60500529917004,56.18404926645876,56.300484568052546,10250600
2016-12-30,55.65562057495117,56.41692416907698,55.557098651988944,56.390052379504986,25579900
2017-01-03,56.049705505371094,56.28257269820321,55.646662847941315,56.23779093996194,20694100
2017-01-04,55.798927307128906,56.20197000643723,55.63771022740558,55.960144386852235,21340000
2017-01-05,55.798927307128906,56.121361466575564,55.55710168754392,55.7004053787836,24876000
2017-01-06,56.28256607055664,56.56021840556378,55.566047773183584,55.798914938594045,19922900
2017-01-09,56.10344696044922,56.497534665979806,56.01388343644469,56.210923872580544,20382700
2017-01-10,56.08552932739258,56.48857198816686,55.781008585544136,56.18405124631842,18593000
2017-01-11,56.5960578918457,56.63188467108471,55.91536616945313,56.07658325939895,21517300
2017-01-12,56.07658386230469,56.78414738504872,55.48545566502442,56.47962659150254,20968200
2017-01-13,56.157188415527344,56.309447093160394,55.84370924104771,56.08553486137331,19422300
2017-01-17,56.004905700683594,56.15716773888443,55.55708140199493,56.13925435694149,20664000
2017-01-18,55.978057861328125,56.157188329810275,55.63771031287499,56.13031653872877,19670100
2017-01-19,55.798927307128906,56.407968849054924,55.70936378134017,55.74519055830747,18451700
2017-01-20,56.193016052246094,56.26466619086672,55.86162348415831,56.130317483087396,30213500
2017-01-23,56.39004898071289,56.533352655485345,56.04074648699435,56.157181790443566,23097600
2017-01-24,56.89161682128906,57.08866066666467,56.372138834982216,56.605009455267805,24672900
2017-01-25,57.03493118286133,57.411102139958146,56.828932313504026,57.2767568338364,23672700
2017-01-26,57.5633544921875,57.805183533137836,56.91848957729502,57.42901261750302,43554600
2017-01-27,58.9157829284668,59.03222165752668,58.11865596251893,58.56648040780464,44818000
2017-01-30,58.3336067199707,58.924738236672994,58.03804779487795,58.835174718970386,31651400
2017-01-31,57.9036979675293,58.351522380529126,57.55439547205009,58.09178340099823,25270500
2017-02-01,56.94535827636719,57.876833945396314,56.846836351442846,57.64396331982434,39671500
2017-02-02,56.57813262939453,56.79308984309043,56.201961776212954,56.649786172836166,45827000
2017-02-03,57.03493118286133,57.052844573670214,56.48858472139504,56.87371408221127,30301800
2017-02-06,56.99909973144531,57.00805813443079,56.55127524780211,56.87370942268596,19796400
2017-02-07,56.811004638671875,57.124480357435175,56.63187419225181,57.088657001454436,20277200
2017-02-08,56.73040771484375,57.151363837558144,56.6229307916551,56.936406574551064,18096400
2017-02-09,57.37527847290039,57.71562950011494,56.71250006014298,56.89163056132584,22644400
2017-02-10,57.32152557373047,57.590222958160666,57.30361218699318,57.54543778300285,18170700
2017-02-13,57.966392517089844,58.09178280478221,57.437956161879285,57.53647807838874,22920100
2017-02-14,58.182655334472656,58.31781852358689,57.68705926594893,58.03848630752008,23108400
2017-02-15,58.14659881591797,58.182642783552204,57.81320414599815,58.119567558863274,17005200
2017-02-16,58.13758850097656,58.78636619575869,58.0655074374218,58.33582689379157,20546300
2017-02-17,58.227699279785156,58.29077450427695,57.93935441429638,58.092536120250195,21248800
2017-02-21,58.110572814941406,58.525068258863136,58.07452883616308,58.21870475127639,20655900
2017-02-22,57.993431091308594,58.020462354880344,57.714098868153066,57.966399827736836,19292700
2017-02-23,58.227699279785156,58.32681847179854,57.840235222283,58.047479442177256,20273100
2017-02-24,58.227699279785156,58.389893696290336,57.79517854421006,58.14659863419063,21796800
2017-02-27,57.87629318237305,58.15562540484373,57.714098726654626,58.15562540484373,15871500
2017-02-28,57.65102005004883,57.849255044661945,57.45278161809294,57.74112999063912,23239800
2017-03-01,58.51606369018555,58.56111350862169,57.68706590966393,57.786185134784056,26937500
2017-03-02,57.67805099487305,58.344847325105285,57.56090979840534,58.29078480161445,24539600
2017-03-03,57.894317626953125,57.921348893210464,57.326636974147156,57.660038632255564,18135900
2017-03-06,57.91232681274414,58.173640468776924,57.497834860247316,57.64200731920634,18750300
2017-03-07,58.029476165771484,58.37188363530261,57.840250442502786,57.840250442502786,18521000
2017-03-08,58.56110382080078,58.64220448006712,57.89430749595374,57.903320208024454,21510900
2017-03-09,58.32683563232422,58.75033690726376,58.10156592504992,58.74133106874663,19846800
2017-03-10,58.50704574584961,58.80440339462497,58.34485128967082,58.66924020202839,19538200
2017-03-13,58.30880355834961,58.74132437186798,58.18265308663282,58.579129926134236,20100000
2017-03-14,58.038490295410156,58.16464078066861,57.80420787649337,58.14661535438263,14280200
2017-03-15,58.344852447509766,58.49803419397249,57.89431304637069,58.16463943692841,24833800
2017-03-16,58.245731353759766,58.353863281438116,57.93936787069929,58.344850568793554,20674300
2017-03-17,58.452972412109375,58.7863671009005,58.28176527482683,58.48901638178382,49219700
2017-03-20,58.50704574584961,58.73231544194872,58.31782002608862,58.48902719502332,14598100
2017-03-21,57.8582649230957,59.020657319697776,57.786176974154834,58.74132511090839,26640500
2017-03-22,58.5971565246582,58.696275748148494,57.7771783458675,57.7771783458675,20680000
2017-03-23,58.452972412109375,58.7863671009005,58.36285905058112,58.51604764036858,19269200
2017-03-24,58.55211639404297,58.975617748938156,58.35387791426508,58.89452393885839,22617100
2017-03-27,58.66023635864258,58.768368304006394,57.98442716816355,58.23672816599253,18614700
2017-03-28,58.83143615722656,58.993630617538045,58.25474627049367,58.53407850087455,20080400
2017-03-29,58.99361801147461,59.02064926996939,58.52505328195091,58.67824187122842,13618400
2017-03-30,59.20988464355469,59.45317975919039,58.89450845169857,58.94857097753522,15122800
2017-03-31,59.34505081176758,59.642408468166366,58.97560520084441,59.15582508715537,21040300
2017-04-03,59.06571960449219,59.417139795528776,58.741330678199056,59.29999514872602,20400900
2017-04-04,59.227928161621094,59.3000092598609,58.82243846992071,58.92155771402386,12997400
2017-04-05,59.074737548828125,59.78659078992079,58.9666124676968,59.74154096434515,21448600
2017-04-06,59.227928161621094,59.525279019243065,59.002658402238936,59.11078348694238,18103500
2017-04-07,59.182857513427734,59.43515848453103,58.96660052029432,59.33603926378533,14108500
2017-04-10,59.04769515991211,59.30900884791975,58.8945134073619,59.119783116883724,17952700
2017-04-11,59.00263214111328,59.11976988896838,58.43494820033726,59.11075717769201,18791500
2017-04-12,58.77735900878906,59.02965991214331,58.66922710391552,58.94855926481715,17108500
2017-04-13,58.52505874633789,59.345043662222864,58.52505874633789,58.83142907881395,17896500
2017-04-17,59.00263214111328,59.01163797770523,58.579124082021465,58.606155341166144,16689300
2017-04-18,58.92153549194336,59.20988040021661,58.714291241298305,58.86747296998115,15155600
2017-04-19,58.60616683959961,59.24593197205418,58.47100364267298,59.15582546566501,26992800
2017-04-20,59.020660400390625,59.24593009657533,58.69627148790982,58.98461642403881,22299500
2017-04-21,59.83163833618164,60.1019578723394,58.97560928496657,59.17384773629398,32522600
2017-04-24,60.849853515625,60.96699816568358,60.462389335933025,60.80480369802912,29770000
2017-04-25,61.20127868652344,61.309410631969705,60.912933706686644,61.18326013295902,30242700
2017-04-26,61.120182037353516,61.55269604962511,60.930956297648905,61.345451757195136,26190800
2017-04-27,61.51664352416992,61.61576273710642,60.894903858559985,61.40851847346489,34971000
2017-04-28,61.687862396240234,62.30059634038367,60.994034648675736,62.093352037405424,39548800
2017-05-01,62.54389953613281,62.67005005189876,61.723914308966606,61.88610881133533,31954400
2017-05-02,62.44476318359375,62.814201914353546,62.29157456382933,62.814201914353546,23906100
2017-05-03,62.24650955200195,62.516828999435695,61.91310800468133,62.516828999435695,28928000
2017-05-04,62.00321960449219,62.24651468941486,61.85003788416874,62.20145800711525,21749400
2017-05-05,62.1744270324707,62.20145829210051,61.714874994710335,62.08432054214316,19128800
2017-05-08,62.120361328125,62.21948052480854,61.65179660295115,62.14739258636884,18566100
2017-05-09,62.210479736328125,62.426736718408186,61.88609082586528,62.0482852810967,22858400
2017-05-10,62.45378875732422,62.679058527044404,62.10236846653575,62.16544372706989,17977800
2017-05-11,61.687862396240234,61.93115755587667,61.38149886151183,61.597755878654624,28789400
2017-05-12,61.615753173828125,61.823004279987885,61.30938974480024,61.823004279987885,18714100
2017-05-15,61.660831451416016,61.705888147788144,60.88590302168471,61.39951773676833,31530300
2017-05-16,62.902400970458984,62.92958718490067,61.76959594143409,61.83303274649575,34956000
2017-05-17,61.1533317565918,62.62144221772216,61.10801680311124,62.43113185846789,30548800
2017-05-18,61.36174392700195,61.74236452131743,60.845185430691274,61.08081066654371,25201300
2017-05-19,61.34363555908203,61.71519186436211,61.1080102715322,61.1714470511698,26961100
2017-05-22,62.03236770629883,62.077682649050736,61.171439106728826,61.524873535107204,16237600
2017-05-23,62.24082565307617,62.30426244372794,61.96894974223053,62.2770762354617,15425800
2017-05-24,62.32236862182617,62.42205596982093,62.03237094968411,62.4129985120686,14593900
2017-05-25,63.09267807006836,63.328296413542084,62.44924598303248,62.50361838320495,21854100
2017-05-26,63.400821685791016,63.636447033029356,63.00207216186339,63.25582625878508,19827900
2017-05-30,63.80864334106445,63.80864334106445,63.22864082025976,63.246769572146825,17072800
2017-05-31,63.29206848144531,64.10768934622519,63.264882271634654,63.917378963458546,30436400
2017-06-01,63.527687072753906,63.989873332698636,62.93862723777984,63.654560647783235,21603600
2017-06-02,65.03204345703125,65.12266643530728,63.65454929651135,63.83580216715347,34770300
2017-06-05,65.50328826904297,66.056097434773,65.0773526579962,65.22235495711433,33316800
2017-06-06,65.7208023071289,65.81143222526039,65.49424133998423,65.52143446387888,31511100
2017-06-07,65.60296630859375,65.94733634897949,65.20421695671295,65.82952718323708,22301800
2017-06-08,65.20423889160156,65.72079758299657,64.79643194569186,65.7117401231081,24588300
2017-06-09,63.72703170776367,65.32202193000548,62.1592276796024,65.28577136653543,49187400
2017-06-12,63.23768615722656,63.38268847229512,61.74238262501394,62.757378088221074,47761700
2017-06-13,64.02611541748047,64.18017517898899,63.4008050848878,63.4551774915166,25258600
2017-06-14,63.68174362182617,64.4339275742369,62.920502210295496,64.26174596777598,25510700
2017-06-15,63.346431732177734,63.62736504768461,62.34956511235923,62.77549381474085,26068700
2017-06-16,63.43707275390625,63.464258964546026,62.73020362090319,63.192389944056046,48345100
2017-06-19,64.22550964355469,64.28894644192839,63.754258929270776,63.89019690124084,23798300
2017-06-20,63.355506896972656,64.22550010869321,63.3192563155562,64.18018515339979,21512200
2017-06-21,63.68174362182617,63.998934457388216,63.3826884467768,63.627371210742815,19891100
2017-06-22,63.672672271728516,63.97172738153534,63.17423556523478,63.92641935354736,22965700
2017-06-23,64.53361511230469,64.56986569115554,63.36455987220548,63.51861964675343,27617300
2017-06-26,63.91738510131836,64.98675324580971,63.83582646405447,64.70581983199939,19607000
2017-06-27,62.721134185791016,63.60019180071521,62.693947977344564,63.53675500964293,25215100
2017-06-28,63.255836486816406,63.29208016385911,62.340528074389034,62.721148910177064,25806200
2017-06-29,62.06861877441406,62.97486232398858,61.706119971766334,62.87517498040822,28918700
2017-06-30,62.46738052368164,62.87518743614192,62.295192002642835,62.331442581497896,24161100
2017-07-03,61.778621673583984,63.074550237754146,61.642683757101025,62.82986751935655,16165500
2017-07-05,62.60330581665039,62.92955404633541,61.82393581396834,61.86018638549885,21176300
2017-07-06,62.1411247253418,62.33143505578515,61.7333178621189,61.86924887379979,21117600
2017-07-07,62.94768524169922,63.292055351347145,62.25893810831279,62.25893810831279,16878300
2017-07-10,63.41895294189453,63.66363575955263,62.712076872242626,62.94770222879326,15014500
2017-07-11,63.428001403808594,64.05331183612684,63.2105048285163,63.43706577772245,17460000
2017-07-12,64.47926330566406,64.59707253900753,63.93551827732728,64.06239188680276,17750900
2017-07-13,65.04109954833984,65.28578919004272,64.62422832575743,64.79641682072686,20269800
2017-07-14,65.95640563964844,66.40046305112695,65.21328619195205,65.4670332842255,25868100
2017-07-17,66.47296905517578,66.56359203559973,65.90203805582378,65.97453920579902,21803900
2017-07-18,66.42766571044922,66.50922432436008,65.84767029789188,66.23734844980915,26435300
2017-07-19,66.93517303466797,67.09829720842468,66.56360972785299,66.60892468715454,22416200
2017-07-20,67.26140594482422,67.33390709742993,66.40953468693321,67.22515536852136,42361000
2017-07-21,66.87171173095703,67.32483350153073,66.30983824637342,66.56358533164037,46717100
2017-07-24,66.69953155517578,66.83546948610118,66.27359593151837,66.63609477595598,21394800
2017-07-25,67.23422241210938,67.34296723124756,66.60891204570191,66.88078792172882,22018700
2017-07-26,67.10736846923828,67.40642372340271,66.88986493918246,67.37017313506007,16252200
2017-07-27,66.30078125,67.44264314163898,65.53953307481778,66.8445259956504,36844200
2017-07-28,66.1920394897461,66.43672224215486,65.73891764787824,65.85672683769127,18306700
2017-07-31,65.8839111328125,66.55453641748926,65.62110655654423,66.42766285856996,23600100
2017-08-01,65.77517700195312,66.53641847910762,65.6936114642057,66.24642073817856,22132300
2017-08-02,65.48516082763672,65.75702974405299,64.7420413935556,65.74797228670182,26499200
2017-08-03,65.38546752929688,65.6482789644273,65.1135917235512,65.42171809766889,18214400
2017-08-04,65.86577606201172,66.19202426625003,65.46702672036733,65.61202899517949,22579000
2017-08-07,65.6120376586914,66.06515945617672,65.48516410852271,65.97453647949764,18705700
2017-08-08,65.9654769897461,66.27359651607705,65.0229827515313,65.33110227786226,22044600
2017-08-09,65.67549133300781,65.71174191582521,65.29487058456264,65.47611658455794,22213400
2017-08-10,64.71485900878906,65.42172791287244,64.66047969102804,65.15891643831247,24734500
2017-08-11,65.70267486572266,65.88392085833635,64.59705633414139,64.89611844463627,21443700
2017-08-14,66.69048309326172,66.80829922141369,66.11048756942623,66.21017494828158,20096600
2017-08-15,66.70869445800781,67.04578665702347,66.54470121626878,67.04578665702347,19181400
2017-08-16,67.10045623779297,67.51043586993262,66.66313860603977,66.81801918254338,18150400
2017-08-17,65.96160888671875,67.30088573118621,65.96160888671875,67.03667403831813,22977500
2017-08-18,66.04360961914062,66.36248343998952,65.5334115057824,65.84317266005618,18761500
2017-08-21,65.73382568359375,66.03448101802275,65.32383924093814,66.0253683546058,17734800
2017-08-22,66.6540298461914,66.7269103223817,65.91605681074577,65.91605681074577,14343700
2017-08-23,66.2531509399414,66.64491214242777,66.0800450513532,66.47180625383956,13766500
2017-08-24,66.225830078125,66.38071065966356,65.66096290019073,66.27137951043908,17098300
2017-08-25,66.3442611694336,66.82712820569441,66.03450003331442,66.38070488267013,12794300
2017-08-28,66.3533706665039,66.59024436483716,66.09827163695903,66.56291331894697,14569700
2017-08-29,66.5538101196289,66.65402859229884,65.64273815057678,65.82494976401621,11478400
2017-08-30,67.42842864990234,67.6106402370595,66.35336360345157,66.51735681226361,16897800
2017-08-31,68.120849609375,68.29395551170954,67.23711561817228,67.44665828327739,27652800
2017-09-01,67.36466979980469,68.09352327139557,67.09134540362801,68.06619222196353,21736200
2017-09-05,67.06402587890625,67.31912498534733,66.49005288941383,66.81803248988855,21556000
2017-09-06,66.87267303466797,67.45575844388635,66.82711666325895,67.18243411728494,16535800
2017-09-07,67.72908782958984,67.96596849125406,67.05489650892913,67.12778393573774,17471200
2017-09-08,67.401123046875,67.82021541626033,67.27356654660814,67.71999692021936,14703800
2017-09-11,68.11174774169922,68.27574098714109,67.70176115263051,67.70176115263051,17910400
2017-09-12,68.03885650634766,68.54905459656412,67.75642641368178,68.11174393378649,14394900
2017-09-13,68.521728515625,68.53995384926955,67.92042457298989,68.26662945202658,13380800
2017-09-14,68.120849609375,68.77682255408733,67.89308161195697,68.33039922540775,15733900
2017-09-15,68.61283874511719,68.68572618252811,67.48311126896219,68.17552802250881,38578400
2017-09-18,68.47618103027344,69.21414719251176,68.36684987808214,68.53995579798628,23307000
2017-09-19,68.73127746582031,68.97726386015866,68.33951620748289,68.52172783655365,16093300
2017-09-20,68.27574157714844,68.83149608311913,67.7017617376778,68.64927750276016,21587900
2017-09-21,67.61064147949219,68.54904437735621,67.51953568423943,68.43060753862028,19186100
2017-09-22,67.7928695678711,67.88397537595385,67.28266453093796,67.41021405243934,14111400
2017-09-25,66.7451400756836,67.64709945549703,66.43537196537784,67.50132459160535,24149200
2017-09-26,66.7451400756836,67.24622553072301,66.49914673059843,67.11867600028185,18019600
2017-09-27,67.28266906738281,67.57421184346109,66.66313979935047,67.00935162470647,19565100
2017-09-28,67.30088806152344,67.39199386716737,66.79068303824806,67.00023264706378,10883800
2017-09-29,67.86575317382812,67.91130955543441,67.30999868268538,67.36466773079852,17079100
2017-10-02,67.97508239746094,68.33951258722502,67.69265230208444,68.06618820717003,15304800
2017-10-03,67.6562271118164,68.2210874572242,67.59245233246618,68.02976311917352,12190400
2017-10-04,68.04795837402344,68.07528941724394,67.1551049069033,67.50130970590722,13317700
2017-10-05,69.21411895751953,69.35078110427705,68.29393458367285,68.5308151746575,21195300
2017-10-06,69.2414779663086,69.26880901651518,68.82238564430813,68.94082251217945,13959800
2017-10-09,69.50569152832031,69.7425722212115,69.11393024623926,69.21414873358059,11386500
2017-10-10,69.50569152832031,69.81545270670004,69.36902932277046,69.54213524652884,13944500
2017-10-11,69.62411499023438,69.66055870142412,69.19591007241375,69.56945289891333,15388900
2017-10-12,70.26187896728516,70.41675954749397,69.57857493008711,69.68789912744481,16876500
2017-10-13,70.59895324707031,70.94516498658413,70.41674166379823,70.69005903870635,15335700
2017-10-16,70.74473571777344,70.89050360995476,70.4714113624087,70.53518611853686,12380100
2017-10-17,70.69009399414062,70.71743200098348,70.38033275921948,70.58076977048836,16824000
2017-10-18,70.70829772949219,70.92695306092372,70.48964239806065,70.76295982461815,13300700
2017-10-19,70.98162078857422,70.99983916963527,70.4714157568069,70.67185270311612,15092800
2017-10-20,71.80159759521484,71.94737248312798,71.26406833562595,71.35517416510704,22866400
2017-10-23,71.8198013305664,72.28444300644937,71.75602657401814,71.96556922370797,20627200
2017-10-24,71.84712982177734,72.15689092801998,71.48269967548899,71.88357353149887,17517200
2017-10-25,71.6375961303711,72.06580112599124,71.07273588161979,71.59204669630353,20410800
2017-10-26,71.75603485107422,72.35733877490019,71.746922184537,72.15690181664888,32120700
2017-10-27,76.35693359375,78.53439487522664,76.17472199440942,76.86713858357216,71066700
2017-10-30,76.42985534667969,76.83072938641672,75.71922005873137,76.25674938389686,31756700
2017-10-31,75.7829818725586,76.85804728983037,75.71920709996319,76.85804728983037,27086600
2017-11-01,75.7829818725586,76.31140538887989,75.5096574466189,76.23851794850546,22307400
2017-11-02,76.57560729980469,76.94914321956327,75.7283100294645,75.93785270493375,23992900
2017-11-03,76.6576156616211,77.02204593803323,75.98342416836272,76.60295355298456,17633500
2017-11-06,76.958251953125,77.16779461788532,76.60293443381173,76.7122586237988,19860900
2017-11-07,76.77603149414062,77.35001128114772,76.46627036223568,77.23156747700848,17939700
2017-11-08,77.04023742675781,77.08579380200268,76.37515883411525,76.65758889803796,18034200
2017-11-09,76.61203002929688,76.77602324354316,75.52785923321052,76.63025535917242,21178400
2017-11-10,76.41161346435547,76.62115613820359,75.82852792271069,76.33872603391788,19397800
2017-11-13,76.46626281738281,76.47537548240072,76.03805792358921,76.2202764693135,14196900
2017-11-14,76.57560729980469,76.62115673098461,75.6007605006759,76.07451490032952,18801300
2017-11-15,75.98042297363281,76.63053177776335,75.71488439405806,76.42908823561457,19383100
2017-11-16,76.18184661865234,76.3832901266605,75.94378336903722,76.09028329296699,20962800
2017-11-17,75.44935607910156,76.10862340279398,75.3028491245761,76.10862340279398,22079000
2017-11-20,75.56840515136719,75.62334177905369,75.31202490771325,75.4493734627672,16315000
2017-11-21,76.65802001953125,76.76789326321833,75.76068227634396,75.76068227634396,21237500
2017-11-22,76.09947967529297,76.82284218489627,76.03538461676293,76.75874712636623,20553100
2017-11-24,76.23683166503906,76.39249010194425,75.7973176825469,76.00791973341221,7425600
2017-11-27,76.79534912109375,76.8960708928696,76.2734303881803,76.28258183227979,18265200
2017-11-28,77.72014617919922,77.884962985081,76.93268888285685,76.97847404564875,21926000
2017-11-29,76.31007385253906,77.7567988550948,76.16357385722971,77.56451368171776,27381100
2017-11-30,77.07007598876953,77.39055133132952,76.31008661509976,76.46575205506193,33054600
2017-12-01,77.15245819091797,77.65606011061023,76.20018397872401,76.54812750428425,29532100
2017-12-04,74.24073791503906,77.30815716906463,73.89278722098133,77.29899873347377,39094900
2017-12-05,74.70769500732422,75.70575466659271,74.14915631847293,74.47878307461026,26152300
2017-12-06,75.79730987548828,76.12694358194597,74.56118696919049,74.67106719995539,26162100
2017-12-07,75.53179168701172,75.81564728026429,75.08312618171685,75.57757687536053,23184500
2017-12-08,77.0609130859375,77.44548343984683,76.30092382523276,76.57561394123765,24489100
2017-12-11,78.04063415527344,78.1688242376293,77.02426494099804,77.17992332873935,22857900
2017-12-12,78.36112976074219,78.79148528604273,77.90330592290542,78.11390097624141,23924100
2017-12-13,78.15050506591797,78.7456772797342,77.98568825264326,78.50760699704064,22062700
2017-12-14,77.54619598388672,78.626660410482,77.39968901751064,78.22377323878445,19306000
2017-12-15,79.52396392822266,79.74371731678427,77.7201376902702,78.06808812347988,53936700
2017-12-18,79.09362030029297,80.11914790842147,78.95627877826105,79.77120440954846,22283800
2017-12-19,78.59004211425781,79.06617583447259,78.07727466267565,79.06617583447259,23524800
2017-12-20,78.3061752319336,79.02038618748293,77.56450295351422,78.92881584401295,23674900
2017-12-21,78.28784942626953,78.837236446129,78.19628608726545,78.79145826954444,17990700
2017-12-22,78.29701232910156,78.40688554784964,77.75677672219388,78.19629055469225,14145800
2017-12-26,78.19629669189453,78.31532835015888,77.8575046072155,78.11388478553005,9891200
2017-12-27,78.48017120361328,78.72740001885988,78.03150574277086,78.4252345717088,14678000
2017-12-28,78.48931121826172,78.68159637064157,78.33365280716896,78.6541280611354,10594300
2017-12-29,78.32447814941406,78.79146027178726,78.28785141571467,78.4068830608613,18717400
2018-01-02,78.69992065429688,79.0295544003833,78.28788196460778,78.8647375273401,22483800
2018-01-03,79.06616973876953,79.21267670959426,78.71822616181606,78.80063109352733,26061400
2018-01-04,79.76206970214844,80.26567871883219,79.26761911826912,79.28592899804063,21912000
2018-01-05,80.75094604492188,80.95238958966628,80.05505206830534,80.26565404303865,23407100
2018-01-08,80.83336639404297,81.10806345948694,80.21072576676166,80.76011291181304,22113000
2018-01-09,80.77841186523438,81.24539397861601,80.44877825412205,81.17214051262772,19484300
2018-01-10,80.41216278076172,80.75095486902036,80.0367509402163,80.4487895188845,18652200
2018-01-11,80.65022277832031,80.6960009557462,79.88107534771325,80.6960009557462,17808900
2018-01-12,82.04199981689453,82.20681661662402,80.98900398450246,81.19044751593127,24271500
2018-01-16,80.89745330810547,83.131635390555,80.58613651869443,82.49983639508031,36599700
2018-01-17,82.5364761352539,82.66466624354001,81.26372649881547,81.56589189084856,25621200
2018-01-18,82.49982452392578,83.02174323200651,82.09694444182644,82.2251345114719,24159700
2018-01-19,82.40827941894531,82.96682498276286,82.096962605453,82.53646951695232,36875000
2018-01-22,83.88247680664062,83.89163523863255,82.17021328766411,82.40828361859657,23601600
2018-01-23,84.14801025390625,84.51427066677205,83.81837658091067,84.14801025390625,23412800
2018-01-24,84.07476043701172,85.54895359829072,83.85500697405287,84.74318624355053,33277500
2018-01-25,84.541748046875,85.37498376436372,84.17548759470802,84.66993815725789,26383200
2018-01-26,86.12579345703125,86.12579345703125,84.77063919745439,85.26508963892228,29172200
2018-01-29,85.99761199951172,87.39855156453403,85.81448529283227,87.11470307343008,31569900
2018-01-30,84.91716003417969,85.75956117079346,84.33114610443617,85.42992746208309,38635100
2018-01-31,86.99566650390625,87.35276845186678,85.62219532380091,85.84194875658378,48756300
2018-02-01,86.3089370727539,87.96625684621124,85.68629648057518,86.79422913995393,47227900
2018-02-02,84.03812408447266,86.04339428891846,83.78174390936897,85.74122894575947,47867800
2018-02-05,80.57698059082031,85.37497156996687,80.57698059082031,82.92103597254027,51031500
2018-02-06,83.6260986328125,83.7634471726869,78.05895943848726,79.56062097321701,67998600
2018-02-07,82.05118560791016,84.02898087836529,81.67576672217729,82.85695301649008,41107600
2018-02-08,77.83920288085938,82.29840213306117,77.61029098542112,82.14274372076396,55628700
2018-02-09,80.7417984008789,81.42853403924457,76.7587330955253,79.02038358227666,63499100
2018-02-12,81.61165618896484,82.20682843946436,80.51288202330096,81.2545542358323,35720300
2018-02-13,82.25260925292969,82.4082676374221,80.39384611173038,81.42852517938839,26407700
2018-02-14,83.54051971435547,83.70611072247574,81.33264896428504,81.42464240909632,34960900
2018-02-15,85.24244689941406,85.29764157349558,83.36575077547785,83.90851712034964,27823900
2018-02-16,84.63529205322266,86.01521529322085,84.45130509535058,85.04926621776109,30596900
2018-02-20,85.29764556884766,85.61042476149531,83.72453411597772,84.15691113293907,30911700
2018-02-21,84.16610717773438,85.88641382618178,84.16610717773438,85.53683583618067,26922500
2018-02-22,84.38689422607422,85.30684289213622,84.0465106929168,84.68127751846801,24392800
2018-02-23,86.5303726196289,86.53957407186662,84.96646263449422,86.10719705916483,26329200
2018-02-26,87.7815170288086,87.80911437115007,86.70517856557466,86.84317229593475,30199800
2018-02-27,86.65914916992188,88.1678642054883,86.65914916992188,88.07587075573919,25869100
2018-02-28,86.26359558105469,88.04829849267735,86.13480331100483,87.24794051280843,31167300
2018-03-01,85.4172592163086,86.99957254464015,84.48810880492255,86.46600046533699,37135600
2018-03-02,85.60122680664062,85.69322027018512,83.58653696735456,84.24890113471719,32830400
2018-03-05,86.14402770996094,86.72359307956127,84.87450055903221,84.94809114819672,23901600
2018-03-06,85.849609375,86.92594763155692,85.50003140804556,86.78795392769419,22175800
2018-03-07,86.34638214111328,86.41997971868963,85.03085527120403,85.70242088394846,26716100
2018-03-08,86.87076568603516,87.48712969912867,86.26359610753536,86.72357050870707,25887800
2018-03-09,88.8118667602539,88.8118667602539,87.39514462618062,87.66193064675153,36937300
2018-03-12,89.02344512939453,89.42822486028373,88.3518864144039,88.77506203367325,26073700
2018-03-13,86.85237884521484,89.45582889286054,86.4475990840509,89.23504312252253,35387800
2018-03-14,86.33721160888672,87.77233681097657,86.0152308649945,87.50555076070765,32132000
2018-03-15,86.64077758789062,87.00875850874635,85.39884812132331,86.0428094688316,27611000
2018-03-16,87.02715301513672,87.74471193915784,86.40158756520638,87.10075060187022,49081300
2018-03-19,85.45404052734375,86.3831907485651,84.73648161104192,86.23599557668159,33344100
2018-03-20,85.6748275756836,86.26359423491014,85.55523676068991,85.60123700726943,23075200
2018-03-21,85.07687377929688,86.52119321075892,84.82848365630595,85.49084795941134,24457100
2018-03-22,82.60221862792969,84.40531776185736,82.48262778887887,83.96373916928256,38604700
2018-03-23,80.20111083984375,83.21854080924149,80.10911739319627,82.33539108785557,44068900
2018-03-26,86.27279663085938,86.47518648817777,83.1633722391695,83.35656064334098,56396800
2018-03-27,82.30781555175781,87.52392326496935,81.4246655965039,87.3399363229526,56569000
2018-03-28,82.2342529296875,83.92696299424175,81.75588246587179,82.6298313399919,52501100
2018-03-29,83.96372985839844,84.90208163156933,81.3234811065896,82.96098896404732,45867500
2018-04-02,81.43386840820312,83.60494823688387,80.50472513118372,83.22777286135134,48515400
2018-04-03,82.52861022949219,82.84139648719949,80.85430360854896,82.40901940608649,37213800
2018-04-04,84.93888854980469,85.33446688050307,80.70712476799972,80.81751415046675,35560000
2018-04-05,84.98487091064453,85.61963785321196,84.08332498215286,85.04007261346732,29771900
2018-04-06,83.0069808959961,85.05846272983517,82.31701931607986,84.16611129682583,38026000
2018-04-09,83.50373077392578,85.71160880285278,83.3657440997716,83.75212082470486,31533900
2018-04-10,85.44483947753906,85.81282039033174,84.3041049646687,84.9940665441604,26812000
2018-04-11,84.50648498535156,85.82201185793431,84.15690701913041,84.64447868892483,24872100
2018-04-12,86.08881378173828,86.62238579124602,85.03087121630813,85.03087121630813,26758900
2018-04-13,85.62883758544922,86.64077988059141,85.04007090396094,86.5211890610759,23346100
2018-04-16,86.63156127929688,87.08234116390595,85.9415998030005,86.53956781952091,20288100
2018-04-17,88.37947845458984,88.81185550143812,87.28473716734865,87.39513354696484,26771000
2018-04-18,88.71987915039062,88.97746373388925,87.87352078062638,88.51748925802643,21043300
2018-04-19,88.4162826538086,89.29943268877997,87.70791812393453,88.71986745232604,23552500
2018-04-20,87.39511108398438,88.41625452235243,86.52116278060467,88.23226762226733,31154400
2018-04-23,87.71711730957031,88.58187143378241,87.05475304580379,88.07589678266844,22331800
2018-04-24,85.6656494140625,88.74747701669577,85.0124864967432,88.53588566834979,34524800
2018-04-25,84.92046356201172,85.83121784250085,83.05296879516607,85.83121784250085,33729300
2018-04-26,86.71436309814453,87.53311684821938,85.64721927816082,86.0612003884585,42529000
2018-04-27,88.14948272705078,90.06297767656801,86.39238438817834,89.78699026357268,48272800
2018-04-30,86.03360748291016,88.68306448174256,85.69323092361456,88.61866834739051,41523600
2018-05-01,87.39511108398438,87.66189700216299,85.36202565784761,85.74840235921651,31408900
2018-05-02,86.0244140625,87.55152541741505,85.73003072789876,87.38593435303609,27471000
2018-05-03,86.5395736694336,87.33073011055954,85.04925425317623,85.51843005399547,31142500
2018-05-04,87.54232788085938,87.73551627934727,85.48163759301762,85.84961850289308,22531300
2018-05-07,88.5174789428711,88.96825191146401,87.48713371029172,87.55152984866214,24242000
2018-05-08,88.14028930664062,88.46227699069303,87.45032772993197,88.17708809963668,23484600
2018-05-09,89.17984008789062,89.20743742926828,87.44113739457332,88.3242874119208,27327400
2018-05-10,90.0721664428711,90.10895820868068,89.2810101236059,89.65818538168321,22388100
2018-05-11,89.8790054321289,90.03540208054001,89.271842803035,89.97100593777773,16778300
2018-05-14,90.18260192871094,90.78977165504651,89.52023750676453,90.08140697432168,19454100
2018-05-15,89.52942657470703,90.01699836821852,88.6278735654316,89.45582897830636,24594000
2018-05-16,89.7603988647461,89.99138290348755,89.27071383046595,89.9544246114001,17384700
2018-05-17,88.86418914794922,90.12074301669676,88.54081286902321,89.4000738667833,17246700
2018-05-18,89.03048706054688,89.55713037865736,88.70711082119367,88.70711082119367,17865800
2018-05-21,90.17616271972656,90.55497990751435,89.43701806286269,89.62180246481039,19422500
2018-05-22,90.08377075195312,90.70280625406079,89.80658709924094,90.25007953376581,15441200
2018-05-23,91.15555572509766,91.22023098199448,88.99354118912281,89.3538757702729,21251200
2018-05-24,90.83214569091797,91.41422988095681,89.44624169417368,91.22020416730128,26649300
2018-05-25,90.87834167480469,91.45118450820814,90.41637369437119,90.8229077728557,18363900
2018-05-29,90.55497741699219,91.35879729733769,89.83430840051433,90.39790292567625,28671000
2018-05-30,91.42346954345703,91.70065317873973,90.46258225237509,90.83215103398845,22158500
2018-05-31,91.32186126708984,92.38438943073159,91.10935986380626,91.73763683498858,34140900
2018-06-01,93.1235122680664,93.18818750748015,91.62673337854075,91.72836690462985,28655600
2018-06-04,93.93659210205078,94.11214223638947,93.17896469727292,93.55778192419876,27281600
2018-06-05,94.41706085205078,94.54641138122085,93.80725945818462,94.24151068428776,23514400
2018-06-06,94.69419860839844,94.79583213226212,94.14907975228621,94.68496432373611,21122900
2018-06-07,93.20668029785156,94.87900959491209,92.74471220290945,94.84205130142787,28232200
2018-06-08,93.89964294433594,94.19530227620982,92.89255576825987,93.40071650009727,22165100
2018-06-11,93.36376953125,93.86268894928409,93.01266921231696,93.32681123193733,23490900
2018-06-12,93.60397338867188,93.73332389167138,93.08657137667386,93.40994763417261,18325200
2018-06-13,93.17893981933594,94.25070891261595,92.91099754601593,93.98276663929595,29492900
2018-06-14,93.70561218261719,94.26921385543073,93.3175606518822,93.91812062034776,25691800
2018-06-15,92.51371765136719,93.80722958015357,92.45828374197173,93.78875396004607,65738600
2018-06-18,93.18820190429688,93.41918594489863,91.85773157472727,92.40285757606563,23586000
2018-06-19,93.18820190429688,93.31755240310798,91.93164815949747,92.07023999367321,28653100
2018-06-20,94.12137603759766,94.72192888243599,93.42842394056272,93.6594079729077,26180800
2018-06-21,93.4469223022461,94.66651800785822,93.20669687640698,94.31542473092024,23198200
2018-06-22,92.77245330810547,93.10506391261723,92.0517770259508,92.77245330810547,38923100
2018-06-25,90.90607452392578,92.49524578239142,89.89898753401046,92.39361224499606,35433300
2018-06-26,91.54358673095703,92.46752279312074,91.23868613866556,91.3033613810541,26897200
2018-06-27,90.12071228027344,92.41206946009767,89.9913618128191,92.00554244055763,31298400
2018-06-28,91.12783813476562,91.57133067692193,89.86204986789882,89.97291771663178,26650700
2018-06-29,91.1093521118164,92.31047202922775,90.85065109553064,91.40501142315357,28053200
2018-07-02,92.40287017822266,92.44906276319877,90.54575626476569,90.63814848379239,19564500
2018-07-03,91.51585388183594,92.9756672492088,91.41422036872453,92.8370825032128,14670300
2018-07-05,92.17186737060547,92.31969348118511,91.49739091556795,91.93164201070638,18977400
2018-07-06,93.46538543701172,93.71484509890726,92.08871548169017,92.2919825649765,19234600
2018-07-09,94.10289764404297,94.472473522405,93.54853735103673,93.91811322939876,18212000
2018-07-10,94.35238647460938,94.71272110198191,94.11216104000262,94.2415115703889,19293100
2018-07-11,94.2230224609375,94.55563302785202,93.4099540444876,93.4561536769038,19644600
2018-07-12,96.2649154663086,96.46818255928501,94.91596945273413,94.95292069775363,24335900
2018-07-13,97.41058349609375,97.56765094162441,96.17250545414652,96.43121348387548,24635200
2018-07-16,96.9301528930664,97.7709311935536,96.56981127963019,97.38287967025181,21786900
2018-07-17,97.8910140991211,98.39918170690767,96.3850009918832,96.65294327152776,25901700
2018-07-18,97.12419128417969,97.9834523684092,96.75461533575545,97.88181880636566,29493900
2018-07-19,96.45893859863281,97.29971685688679,95.98772917310774,96.94862364616488,40171600
2018-07-20,98.18670654296875,99.96990386656158,98.01116344104942,99.85903602304926,56004000
2018-07-23,99.75740051269531,99.9144679873102,98.05735410504354,98.21442862873279,29707000
2018-07-24,99.47097778320312,100.54274014316849,99.10140188184216,100.31175608595214,26316600
2018-07-25,102.39984130859375,102.6955005834059,99.41552455580319,99.748142121101,30702100
2018-07-26,101.28189086914062,102.5569203137531,101.17101598518887,102.31669492306126,31372100
2018-07-27,99.48945617675781,101.79929681324543,98.06659349879253,101.79929681324543,37005300
2018-07-30,97.35517120361328,99.3508699611603,96.79156949243261,99.03673500034463,34668300
2018-07-31,98.01115417480469,98.60247278121379,97.36439460280648,98.38996435278216,27655200
2018-08-01,98.19591522216797,98.35298264762346,97.40132971224091,97.96493122623735,23628700
2018-08-02,99.38782501220703,99.86826877454448,96.86547587498092,97.38288498335321,26104300
2018-08-03,99.82205200195312,99.83129333622254,98.69484888955505,99.60030932299581,18659600
2018-08-06,99.90519714355469,100.17313942944662,99.37855390551114,99.8959628588866,20265900
2018-08-07,100.59817504882812,100.80144214902595,99.9421811657823,100.3025157346515,16080200
2018-08-08,101.1617660522461,101.4019914225229,100.48729661714455,101.01393993528036,15487500
2018-08-09,101.32806396484375,101.7807977004454,101.26338872391102,101.3650222523871,13677200
2018-08-10,100.70903778076172,101.34655596370116,100.13619484470937,101.09708926208432,18183700
2018-08-13,99.97911834716797,101.24491326349123,99.87748481853247,100.93077134341624,18472500
2018-08-14,101.2264175415039,101.401967622704,99.82203803911813,100.30248161783462,16788300
2018-08-15,99.85375213623047,101.08731062441338,99.07465548854698,100.6235648100921,29982800
2018-08-16,99.83522033691406,100.96676150535366,99.5198765102741,100.4473683432638,21384300
2018-08-17,99.77957153320312,100.07636863207712,98.95410438082854,99.57552220093957,18061500
2018-08-20,99.1210708618164,100.07638647299277,98.75934955420988,99.71466516538622,17914200
2018-08-21,98.29558563232422,99.5662448896544,98.17500716764842,99.16742312629798,22881900
2018-08-22,99.2972640991211,99.55696065590512,98.11007579599384,98.17499993518985,18000600
2018-08-23,99.7610092163086,100.33605664211588,99.1210447279977,99.38074128281376,18167700
2018-08-24,100.54010009765625,100.6884950876742,99.76100340241206,99.8630280538869,17234000
2018-08-27,101.65309143066406,101.69019194872996,100.64212884911944,101.34701746377063,19662300
2018-08-28,102.26524353027344,102.48783957153609,101.829321270492,101.96844644985637,19151500
2018-08-29,103.89762878417969,103.90690568355716,102.27451812696678,102.44146693475672,20818000
2018-08-30,103.83268737792969,104.44483526345196,103.3596717313349,103.57299084814439,22798700
2018-08-31,104.18516540527344,104.60253392410416,103.43389216469598,103.59157116346009,23222700
2018-09-04,103.610107421875,103.84198037029282,102.22814663064102,102.81246391322163,22634600
2018-09-05,100.62358856201172,103.3411399584528,100.2618673075538,102.96087198057192,32872400
2018-09-06,100.8554458618164,101.08731878770189,99.71463502913187,100.40097690841688,23477600
2018-09-07,100.3638687133789,100.8368914273355,99.45493087611285,100.38242250870248,22498600
2018-09-10,101.44905090332031,101.69020075352834,100.50301237742863,100.94820448036558,20727900
2018-09-11,103.17416381835938,103.49878446379816,100.99455996904257,101.00383686639779,24301800
2018-09-12,103.610107421875,103.73995570689291,102.49712009994978,103.35041085183917,18891100
2018-09-13,104.7231216430664,105.48366477479222,103.99040213822533,103.99040213822533,26055600
2018-09-14,105.14974212646484,105.4836397221847,104.28717451688864,105.14046522763917,19122300
2018-09-17,104.00894165039062,105.45582675766401,103.7492450492084,105.44655693348012,20736500
2018-09-18,105.00133514404297,105.4558040984605,103.61937448400592,104.05529671783911,22170900
2018-09-19,103.600830078125,105.10336932485845,102.98868917655264,104.85294965516994,21728400
2018-09-20,105.3352279663086,105.54855416249349,103.81414220389402,104.13876287095813,23714500
2018-09-21,105.97518920898438,106.93050439785394,105.27957052859985,105.73403941844865,71229700
2018-09-24,106.35545349121094,106.56877965953556,104.08310204232997,104.8343679274492,27334500
2018-09-25,106.15142822265625,106.75429927690499,105.50218682651177,106.476055996929,22668000
2018-09-26,105.71552276611328,106.71720857283623,105.49291963021827,106.16999178521358,19352000
2018-09-27,106.11433410644531,106.57807997966387,105.91955461263711,106.45750152385875,19091300
2018-09-28,106.07722473144531,106.2627202347662,105.43725321544844,105.91027594797656,21647800
2018-10-01,107.22734832763672,107.29227248316062,106.41115793302164,106.42970465908466,18883100
2018-10-02,106.80067443847656,107.4406389222403,106.14215615738615,106.93979961362533,20787200
2018-10-03,106.8192138671875,107.7559824346234,106.59661784786606,107.05108678453897,16648000
2018-10-04,104.61178588867188,106.43894560343207,103.53589215921313,106.29982043825036,34821700
2018-10-05,103.99964904785156,104.96424133246424,102.61768829952597,104.46339493028839,29068900
2018-10-08,102.81246185302734,103.9069024306767,101.4119472913115,103.56373500266335,29640600
2018-10-09,104.1202163696289,104.88075925243162,102.76607938689236,103.08142315664477,26198600
2018-10-10,98.46250915527344,103.41531077707997,98.1193347245456,103.17416098586042,61376300
2018-10-11,98.23062896728516,101.0316502067324,96.64461226222153,97.71122891120989,63904300
2018-10-12,101.62527465820312,103.17418424176115,99.35292261411863,101.10588152268684,47742100
2018-10-15,99.79810333251953,101.54179221933386,99.19523232540182,101.01312224488908,32068100
2018-10-16,102.95157623291016,103.33185121737345,101.05021546299355,101.59743923250416,31610200
2018-10-17,102.6826171875,103.70285676079119,101.60673037012776,103.58228537321527,26548200
2018-10-18,100.63285827636719,102.51566546031356,100.01144048115152,102.11684371128545,32506200
2018-10-19,100.78125762939453,102.82173666263786,100.36388209336712,101.03167729005055,32785500
2018-10-22,101.680908203125,102.52492901083843,100.39169536099993,101.39338805272583,26545600
2018-10-23,100.2618637084961,101.0687841343526,97.48866516513328,99.95578971149526,43770400
2018-10-24,94.90095520019531,100.62357757668839,94.22388311185507,100.54938361489532,63897800
2018-10-25,100.44732666015625,101.34698742081078,98.45321863149275,98.82421662597403,61646800
2018-10-26,99.20452117919922,100.86473233528736,97.16404206818407,98.02660971740973,55523100
2018-10-29,96.32001495361328,100.81834843860372,94.26098217636726,100.27113171329619,55162000
2018-10-30,96.2087173461914,96.81158129143232,92.85119483807064,96.14379321011006,65350900
2018-10-31,99.06539916992188,100.29896499055472,97.74836248194747,97.79473990349346,51062400
2018-11-01,98.23992156982422,99.53841139684069,97.87820036406825,99.2879917452405,33384200
2018-11-02,98.46250915527344,99.5383957043621,97.36806881198373,98.7593061766978,37680200
2018-11-05,99.71463775634766,99.92795689132456,98.22137550670807,98.65729775148738,27922100
2018-11-06,99.90941619873047,100.94820246901995,98.57382576412886,99.5940653122492,24340200
2018-11-07,103.84198760986328,104.10168419800442,101.4676107169142,101.50471124039169,37901700
2018-11-08,103.64717864990234,104.07382390526816,102.86808915998188,103.69355605695901,25644100
2018-11-09,101.62527465820312,103.36895666757977,100.87400857630267,102.81246301149793,32039200
2018-11-12,99.1210708618164,101.98701769534547,98.40689807157624,101.48617117492051,33621800
2018-11-13,99.18597412109375,100.85545509458105,98.90772375407882,99.75174467814355,35374600
2018-11-14,97.77938842773438,100.84401902415188,97.31363922657856,100.69497586853299,39495100
2018-11-15,99.93116760253906,100.41555084915184,96.7920219024331,97.79803497853223,38505200
2018-11-16,100.8719711303711,101.42155182165904,99.48404038674023,99.7448588237426,33502100
2018-11-19,97.45339965820312,101.12349982056207,96.4566963017098,100.85336433614054,44773900
2018-11-20,94.74272155761719,95.91641178109012,92.54438429761342,94.8265601269647,64052500
2018-11-21,96.04679870605469,97.27637628563339,95.23639255553537,96.50323092319448,28130600
2018-11-23,96.00955963134766,96.69886659980608,95.01285642178213,95.17120947686023,13823100
2018-11-26,99.1766586303711,99.32569471318169,97.41612681737507,97.61174067362236,32336200
2018-11-27,99.80078125,99.97776829685249,98.14271451666158,98.99037473242332,29124500
2018-11-28,103.50814819335938,103.70376208661708,100.47146014541933,100.49940397206016,46788500
2018-11-29,102.64183044433594,103.5081244049681,101.56128868407642,102.7722396765369,28123200
2018-11-30,103.29386901855469,103.36839060484463,101.86867743791525,103.11688202780849,33665600
2018-12-03,104.41166687011719,105.65056162127873,103.14483540689426,105.25933394410238,34732800
2018-12-04,101.08623504638672,104.9240122203262,100.79747272569772,104.27196597787652,45197000
2018-12-06,101.71034240722656,101.75691307682693,97.80736069210813,98.571189319909,49107400
2018-12-07,97.63968658447266,101.95252270379027,97.15531042150945,100.95581944914147,45044900
2018-12-10,100.21994018554688,100.58323121120763,96.773397891085,97.6210651063418,40801500
2018-12-11,101.15142059326172,103.34975766286827,100.080202983667,102.27854005327356,42381900
2018-12-12,101.60786437988281,103.64784138864907,101.57060358476228,103.29387449515909,36183000
2018-12-13,101.9525146484375,103.27524800606902,101.1886861127655,102.07361400968807,31333400
2018-12-14,98.76679992675781,101.77554366899868,98.2731067833183,100.83472805018204,47043100
2018-12-17,95.84188079833984,98.5525448644403,94.74271227601949,98.18926101532143,56957300
2018-12-18,96.84793090820312,97.35094111060125,95.49725339062341,96.64300003610333,49319200
2018-12-19,96.58708953857422,99.55856516091758,94.40737917704242,96.54982874275306,68198200
2018-12-20,94.55644226074219,97.16463455621393,92.01344748821633,95.99095122129889,70334200
2018-12-21,91.50110626220703,95.9443512463454,90.78384839445772,94.66819566647624,111242100
2018-12-24,87.68195343017578,91.25891145477576,87.54223433711189,90.98877603023601,43935200
2018-12-26,93.67150115966797,93.79260053145383,87.52361154419525,88.62278022595936,51634800
2018-12-27,94.24903106689453,94.2583480430309,89.79646878096001,92.49781621209479,49498500
2018-12-28,93.51314544677734,95.3947766299849,92.70273909280928,95.09669025050847,38196300
2018-12-31,94.61231994628906,95.38546555061806,93.55972900408138,94.35150145489395,33173800
2019-01-02,94.19316101074219,94.78000269503526,92.1624933468627,92.73070818217566,35329300
2019-01-03,90.72795867919922,93.32684044319628,90.54165470824236,93.24300187957324,42579100
2019-01-04,94.9476547241211,95.48792562993353,92.15315886108223,92.88904362449493,44060600
2019-01-07,95.0687484741211,96.1958609703722,94.06273534882985,94.67752075279836,35656100
2019-01-08,95.75807189941406,96.84792370348103,94.74273459229953,95.98162960381391,31514400
2019-01-09,97.12735748291016,97.69557220674126,96.16791504630794,96.74544674618706,32280800
2019-01-10,96.50323486328125,96.64296104759542,95.36680565412047,96.14926802221845,30067600
2019-01-11,95.75807189941406,96.35423051566119,94.6775299657341,96.12135583410306,28314200
2019-01-14,95.05944061279297,95.82326922584178,94.32355582231888,94.91971439314864,28437100
2019-01-15,97.816650390625,97.85391117997692,94.90105580806488,95.48790435689655,31587600
2019-01-16,98.16131591796875,98.98103920096884,97.77008822750236,98.04954063884693,29853900
2019-01-17,98.85063934326172,99.32569853811184,97.58380061011998,97.80735829633008,28393000
2019-01-18,100.33172607421875,100.50871310482539,98.65503264569345,100.09885139469263,37427600
2019-01-22,98.44076538085938,99.76349159382995,97.67693686706806,99.4374685282062,32371300
2019-01-23,99.40019226074219,99.70758843480893,98.12403690907549,98.85061162235198,25874300
2019-01-24,98.92515563964844,99.6703574163105,98.12406621710652,99.53994817141026,23164800
2019-01-25,99.8287124633789,100.49007567756269,98.92515760096258,99.89391708712179,31225600
2019-01-28,97.8818588256836,99.18595807695827,97.49063118233194,98.98102728088764,29476700
2019-01-29,95.8884506225586,97.77939129766942,95.17119285193579,97.69555274348083,31490500
2019-01-30,99.09281158447266,99.09281158447266,97.18324385198478,97.45337927991883,49471900
2019-01-31,97.27640533447266,98.0122901285823,96.11203200963543,96.68956373719217,55636400
2019-02-01,95.73939514160156,96.96897262623398,95.33885058412756,96.67089345137667,35535700
2019-02-04,98.49665069580078,98.55254543913937,95.73009897732443,95.82325451396552,31315100
2019-02-05,99.87529754638672,99.92186822002634,98.70160712638696,98.79475558043772,27325400
2019-02-06,98.76679992675781,99.67035474706215,98.30105060550986,99.67035474706215,20609800
2019-02-07,98.0588607788086,98.35694006563924,97.14599607210197,97.98434628717902,29760700
2019-02-08,98.43146514892578,98.53393057366128,97.11805568778053,97.2391479593902,21461100
2019-02-11,98.04021453857422,99.2791092165153,97.77939610253807,98.92513524752106,18914100
2019-02-12,99.5678939819336,99.8007686534428,98.25448453014259,98.86926996740598,25056600
2019-02-13,99.49335479736328,100.39690950021166,99.40020636657648,100.13609105130074,18394900
2019-02-14,99.57719421386719,99.94047807179034,98.42213802731075,99.02760638600282,21784700
2019-02-15,100.8067626953125,100.88128427641905,100.00567346533983,100.518000451986,26606900
2019-02-19,100.76021575927734,101.21665525313153,100.39693182369302,100.40624880087428,18038500
2019-02-20,100.23633575439453,100.97536324751083,99.43182517389431,100.90052339418028,21607700
2019-02-21,102.35050964355469,102.41599272737103,99.97439795817183,100.00246111736158,29063200
2019-02-22,103.80986785888672,104.02502353899213,102.73406804699364,102.94923086422106,27763200
2019-02-25,104.38985443115234,104.94178946368166,104.0811525062045,104.54889091402318,23750600
2019-02-26,105.1102066040039,105.9334238754107,103.99698658089937,104.08118323046446,21536700
2019-02-27,104.93243408203125,105.11017696322715,103.72566811747757,104.48340920138725,21487100
2019-02-28,104.80146026611328,105.59661408457713,104.52082152042553,104.81081703210592,29083900
2019-03-01,105.26921081542969,105.72759248236129,104.46470013796976,105.60598305888371,23501200
2019-03-04,105.01663208007812,105.94275215348932,103.65083674982992,105.727589339908,26608000
2019-03-05,104.49276733398438,105.13824868169787,104.05309918423654,105.00728248609258,19538300
2019-03-06,104.53952026367188,105.39080747866157,104.2401680079095,104.65178003600305,17687000
2019-03-07,103.26728057861328,104.35243706298319,102.78083579614767,104.21211411936689,25339000
2019-03-08,103.37953186035156,103.56662434504166,101.7798675637525,102.11663974589133,22818400
2019-03-11,105.54984283447266,105.66209547609726,103.81921228392213,103.82856191264341,26491600
2019-03-12,106.28885650634766,106.63497828920401,105.38144303982757,105.5404723528762,26132700
2019-03-13,107.11210632324219,107.5798447788022,106.43856180529617,106.76597729676371,35513800
2019-03-14,107.1962890625,107.76693051328365,106.95307021966781,107.14951950216549,30763400
2019-03-15,108.43112182617188,109.68465734139798,107.19628556992394,107.89789318618023,54681100
2019-03-18,109.98400115966797,110.02142108610471,108.56207964067806,108.67433228286707,31207600
2019-03-19,110.0588607788086,110.79788840013872,109.44144258739769,110.4704657692934,37588700
2019-03-20,109.9372329711914,111.0878726024812,109.1794990293187,109.8156235537062,28113300
2019-03-21,112.46300506591797,113.02428963378905,109.53495855603762,109.58173524382708,29854400
2019-03-22,109.49755096435547,111.87365550981598,109.48819419892963,111.78946603234603,33624500
2019-03-25,110.06819915771484,110.39561459673766,108.81465658630007,109.0391690106127,27067100
2019-03-26,110.30205535888672,111.05043239750712,109.31044525546203,110.96624292472451,26097700
2019-03-27,109.235595703125,110.58268424489988,108.06624999314536,110.2739752645565,22733400
2019-03-28,109.38530731201172,109.99336868613277,108.63692298430551,109.86240249935247,18334800
2019-03-29,110.33010864257812,110.68558716882552,109.4133384661972,110.4517180269765,25399800
2019-04-01,111.34044647216797,111.424643096134,110.47980952230199,111.27496338113733,22789100
2019-04-02,111.4994888305664,111.77077797545581,110.87271391238372,111.377872271441,18142300
2019-04-03,112.2291488647461,112.65946732105715,111.46205820138789,112.12624584941939,22860700
2019-04-04,111.65850830078125,112.47237566341686,110.74173792204958,112.35075911505533,20112800
2019-04-05,112.15431213378906,112.47237795468953,111.66786734179729,111.68657373732248,15826200
2019-04-08,112.19173431396484,112.2759238012004,110.98496837040327,112.07947452719574,15116200
2019-04-09,111.58365631103516,111.82688224418557,110.92882549538471,110.9755950467194,17612000
2019-04-10,112.43492889404297,112.58460143082816,111.82686770876391,112.03267369182326,16477200
2019-04-11,112.56591033935547,113.05235507142122,112.18236147568463,112.7623595852159,14209100
2019-04-12,113.14590454101562,113.17397483732881,112.60333347668178,112.85590904653368,19745100
2019-04-15,113.23948669433594,113.73528833170178,112.79045462180078,113.13658365973669,15792600
2019-04-16,112.97753143310547,113.80075559533735,112.35076368204014,113.79139882882426,14071800
2019-04-17,113.91297912597656,113.98781896470699,112.7623469382555,113.41717768434717,19300900
2019-04-18,115.40975952148438,115.55007531249971,113.47332309714598,114.30589676373317,27991000
2019-04-22,115.77462005615234,115.99913250777318,114.66140029094865,114.70817698955065,15648700
2019-04-23,117.3462142944336,117.47718047793992,115.84009604698912,116.09267164743082,24025500
2019-04-24,116.9439468383789,117.72974385784991,116.4855581065665,117.67361753849369,31257000
2019-04-25,120.81684112548828,122.89360107481555,120.51749592721113,121.66812856694803,38033900
2019-04-26,121.50906372070312,122.09841858874324,120.69520358806953,121.33132087007253,23654900
2019-04-29,121.39679718017578,121.78033172132908,121.0038987379098,121.51839942648509,16324200
2019-04-30,122.17329406738281,122.2668331968308,121.04136068937339,121.43425929124365,24166500
2019-05-01,119.62875366210938,122.22002089056878,119.4603675764864,122.10776825823385,26821700
2019-05-02,118.0665283203125,119.74103268066072,117.42104703213937,119.72232628463793,27350200
2019-05-03,120.58293914794922,121.07874064972249,119.03940832533303,119.14231133179021,24911100
2019-05-06,119.88136291503906,120.26491188230264,117.97299625778682,118.23492865634604,24239800
2019-05-07,117.4210205078125,118.97391510042365,116.20490520163182,118.30037080180291,36017700
2019-05-08,117.41168975830078,118.216200340214,116.70072542465444,117.34620667080186,28419000
2019-05-09,117.40234375,117.67363289081717,115.59687315824021,116.27041762687296,27235800
2019-05-10,118.92716217041016,119.67554645994625,115.8307362682696,116.8504096843345,30915100
2019-05-13,115.39105987548828,117.44911308249895,115.10106435633591,116.1020242297008,33944900
2019-05-14,116.68202209472656,117.75781468373503,115.71847501461691,115.87751149168133,25266300
2019-05-15,118.32513427734375,118.97300472414544,116.14679526190167,116.67260617151788,24722700
2019-05-16,121.05748748779297,121.48002181042364,118.73831246831794,119.01060583834227,30112200
2019-05-17,120.24999237060547,122.49405727210429,120.10914284499026,120.47532868826144,25770500
2019-05-20,118.51294708251953,119.79928963723597,118.08103576395764,118.79462463973465,23706900
2019-05-21,119.15142822265625,119.74295754983119,118.85096785850611,119.64906502919804,15293300
2019-05-22,119.87440490722656,120.40960730217815,118.79462304356026,118.88852272491032,15396500
2019-05-23,118.47538757324219,118.5786714923512,117.12331238748058,118.49416321147112,23603800
2019-05-24,118.53172302246094,119.63967194282175,118.27821250396839,119.16081794527584,14123400
2019-05-28,118.45661926269531,120.18426462822669,118.35333533719721,119.22654942142827,23128400
2019-05-29,117.31109619140625,117.73361607494664,116.46604926078604,117.72422467473434,22763100
2019-05-30,118.0528793334961,118.08104637539486,117.16088241330488,117.61157657430707,16829600
2019-05-31,116.12804412841797,117.0106496000148,115.7900253164677,116.64446374765873,26646800
2019-06-03,112.52251434326172,116.77591660188547,111.74319994644043,116.28766401514834,37983600
2019-06-04,115.6397933959961,115.75246155243883,113.28305322202273,113.87458253396697,29382600
2019-06-05,118.14677429199219,118.18433273647689,116.62568952629525,117.32050284041028,24926100
2019-06-06,120.0152587890625,120.15610116107074,117.9308117412543,118.71952472637606,21459000
2019-06-07,123.37665557861328,124.17475995566357,120.42838585860932,121.3016071216122,33885600
2019-06-10,124.50337982177734,125.89300622991307,123.94001040727616,124.31558046555737,26477100
2019-06-11,124.03389739990234,126.04322709307064,123.2639602339675,125.70520834435645,23913700
2019-06-12,123.4611587524414,123.91184569625841,122.72878709608393,123.37664330972353,17092500
2019-06-13,124.24049377441406,124.87896582040665,123.52689051467978,123.92124342433658,17200800
2019-06-14,124.362548828125,125.6207244705567,123.60201003422347,124.18414800939125,17821700
2019-06-17,124.73811340332031,125.56437038843215,124.43764589813112,124.53154557527255,14517800
2019-06-18,126.9070816040039,126.98219849233655,125.41417105698147,125.99630903270761,25934500
2019-06-19,127.40472412109375,127.63006046903513,125.63951298444817,126.75685346659799,23744400
2019-06-20,128.58778381347656,129.2544372772468,127.43289204108706,129.05725364435972,33042600
2019-06-21,128.6065216064453,129.32011034188443,128.12766770429138,128.24033583960355,36727900
2019-06-24,129.36709594726562,129.94923391012415,128.63472421106255,128.63472421106255,20628800
2019-06-25,125.2826919555664,129.18868375607914,124.62543716391279,128.86944776114453,33327400
2019-06-26,125.7521743774414,127.4516670966558,125.44233691572948,126.14654161923751,23657700
2019-06-27,125.95873260498047,126.48455077814053,125.35781187702067,125.94934836740056,16557500
2019-06-28,125.78033447265625,126.38125514492987,125.02918005054448,126.35308810772008,30043000
2019-07-01,127.39530944824219,128.35303178715182,126.72867040042456,128.28731346967191,22613500
2019-07-02,128.2403564453125,128.24974068240397,127.07606632739167,127.80843797875298,15237800
2019-07-03,129.06666564941406,129.3295676359168,127.96809352292598,128.44696196962175,13629300
2019-07-05,128.69105529785156,128.9445729935824,127.43287971131925,127.63944756308794,18141100
2019-07-08,128.59716796875,128.7286189335835,127.10424318525715,128.0713497823353,16779700
2019-07-09,128.12770080566406,128.60655483152837,127.5079972471943,127.69578229692064,19953100
2019-07-10,129.4328155517578,130.11823737383,128.65349404903804,128.7567779669185,24204400
2019-07-11,129.94924926757812,130.71918670164942,129.4516123707595,129.76146419224554,22327900
2019-07-12,130.41871643066406,130.63468287357279,129.58306068464202,130.37178090811074,18936800
2019-07-15,130.41871643066406,131.01963725558912,130.0055950042827,130.92575188339984,16651500
2019-07-16,128.70982360839844,130.55953550100205,128.18401980022102,130.47503438763337,22726100
2019-07-17,127.9493179321289,129.50794695774638,127.90236808134483,129.2919948366392,20211000
2019-07-18,128.09011840820312,128.27790343331282,126.44697436610488,127.27324566908243,30381800
2019-07-19,128.27792358398438,132.08063182989423,128.1183055712134,131.65811187525563,48992400
2019-07-22,129.97740173339844,130.69100499753577,128.94457677137632,129.01969365850033,25074900
2019-07-23,130.78489685058594,131.44216606376384,129.60183805561326,131.22619962991078,18034600
2019-07-24,132.12754821777344,132.14633101660243,130.37173619482098,130.41867170127696,20738300
2019-07-25,131.6299285888672,132.02428145300124,130.81305582223808,131.85526489575548,18356900
2019-07-26,132.70970153808594,133.02893752007677,131.73321079109064,131.7989291040514,19037600
2019-07-29,132.4185791015625,132.86926585449237,130.85993676913284,132.85988162131153,16605900
2019-07-30,131.78016662597656,132.59703941914336,131.26374702744815,131.5829830239639,16846500
2019-07-31,127.9493179321289,131.91164464331132,126.83197738804947,131.76141085163547,38598800
2019-08-01,129.6300506591797,132.3342023719104,128.56904390273718,128.63477657799046,40557500
2019-08-02,128.54080200195312,129.87410859795295,127.00094191264206,129.6581422139498,30791600
2019-08-05,124.13717651367188,125.75213899845002,122.79448580665229,125.16061695633688,42749600
2019-08-06,126.4657974243164,127.3953386089859,125.07617060365293,125.63014161854858,32696700
2019-08-07,127.01974487304688,127.36714793198763,123.78040619672528,125.62071974509793,33414500
2019-08-08,130.40931701660156,130.50321670494685,127.63004957030374,128.25915169347147,27496500
2019-08-09,129.30136108398438,130.8693882840778,128.12768674315882,130.14640087854704,23466700
2019-08-12,127.49858856201172,129.4422002064632,126.98218329802374,128.70044430444207,20484300
2019-08-13,130.13702392578125,130.32480896540844,126.75683590417128,127.7427252710642,25154600
2019-08-14,126.21800994873047,128.98768653652,125.92597176256544,128.46013182928155,32527300
2019-08-15,125.93538665771484,126.78325475447438,124.58823906339246,126.60425989933222,28074400
2019-08-16,128.24346923828125,128.5543527918804,126.91515252057269,127.06588655409749,24449100
2019-08-19,130.3914031982422,130.5232919084522,128.9594583625398,129.8638483574022,24355700
2019-08-20,129.30799865722656,130.67400611769185,129.28916768347977,130.20297302781805,21170800
2019-08-21,130.74937438964844,131.4088322941226,130.0051483436039,130.5232876793518,14970300
2019-08-22,129.7978515625,131.13558354961538,128.39416805587712,130.62687423752948,18697000
2019-08-23,125.66217803955078,130.3348315338705,125.10636257216989,129.24203156849444,38508600
2019-08-26,127.60291290283203,127.7065407996072,126.14270685728924,127.1695703343504,20312600
2019-08-27,127.87601470947266,128.7992351529573,126.8585819376642,128.48835171922835,23102100
2019-08-28,127.70648193359375,127.89489228412083,125.81293419239587,127.06588386684402,17393300
2019-08-29,130.1182098388672,130.41967799434562,128.97831751609732,129.29861665019854,20168700
2019-08-30,129.8732147216797,131.1167343226189,128.37533328483565,131.08847349360568,23940100
2019-09-03,128.15867614746094,129.2514763606266,127.8383770978469,128.69566076721597,18869300
2019-09-04,129.6565704345703,129.71309210430604,128.5731857237431,129.34568687623496,17995900
2019-09-05,131.9363555908203,132.2472391179814,130.7210823142099,131.0508111876561,26101800
2019-09-06,131.04141235351562,132.05883118559822,130.19354416039448,131.91752700747264,20824500
2019-09-09,129.55291748046875,131.6537205890789,128.55432984251377,131.50298658246294,25773900
2019-09-10,128.1963653564453,128.95943664952355,126.71731457867034,128.87465414469017,28903400
2019-09-11,128.23403930664062,128.3753578535384,127.26371232538827,128.03621346568784,24726100
2019-09-12,129.55291748046875,130.40077111180779,128.9405659691363,129.86380097856934,27010000
2019-09-13,129.36451721191406,130.06163689080714,128.65796767263345,129.79785954612535,23363100
2019-09-16,128.43186950683594,128.78042935404903,127.80068696265583,127.9608364701534,16731400
2019-09-17,129.4304656982422,129.55293889571084,128.526075883836,129.02538416013576,17814200
2019-09-18,130.49501037597656,130.6363145520836,128.6202935158189,129.4022101647855,23982100
2019-09-19,132.89724731445312,134.12192152057884,131.95518138679623,132.17185252521745,35772100
2019-09-20,131.36166381835938,133.443621287382,130.24060316206226,132.84069972115296,39167300
2019-09-23,131.07908630371094,131.5407039018818,130.4196428597447,131.16386880905182,17139300
2019-09-24,129.42105102539062,132.53928765152918,128.95001795498206,132.2284041000849,29773200
2019-09-25,131.2863311767578,131.8515765819618,128.14924936492994,129.53408767037075,21382000
2019-09-26,131.4559326171875,132.05885450831983,130.41966825341197,131.3617346067307,17456600
2019-09-27,129.7508087158203,132.22844809037267,128.73337522027936,132.03060781007582,22477700
2019-09-30,130.97544860839844,131.1544434671942,129.79786598451886,130.05222785621746,17280900
2019-10-01,129.12896728515625,132.12472965661883,129.06301577865796,131.56891427949088,21466600
2019-10-02,126.84923553466797,128.46959089935234,125.84123195739146,128.35654753081846,30521700
2019-10-03,128.38482666015625,128.82759908303947,125.50210535358518,127.13187643952867,24132900
2019-10-04,130.1182098388672,130.2406830738794,128.51669979356828,128.82758343835812,22897700
2019-10-07,129.17613220214844,130.1747202246016,129.08193419283285,129.1949775539282,15303700
2019-10-08,127.81012725830078,129.7790422838803,127.76302107053102,129.1384441295405,25550500
2019-10-09,130.2312774658203,130.66462000370925,129.03484899202502,129.49646674957916,19749900
2019-10-10,131.04141235351562,131.57838260518204,130.24065034469942,130.46675140448957,17654600
2019-10-11,131.58778381347656,132.8595787777606,131.41821881812544,132.0022951907184,25446000
2019-10-14,131.46531677246094,132.1624364316741,131.4370559416705,131.5972054410786,13304300
2019-10-15,133.3682861328125,133.57552742119194,131.71024082748983,131.94575731974263,19695700
2019-10-16,132.27552795410156,132.8219281137492,131.44650503949265,132.63350336058141,20751600
2019-10-17,131.59719848632812,133.2269685998547,130.96601600738762,132.78419644115544,21460600
2019-10-18,129.44932556152344,131.88927367455307,128.6485635071548,131.66317260190084,32273500
2019-10-21,130.4102325439453,130.47618408562118,129.07250010717596,130.42907789510858,20078200
2019-10-22,128.4695281982422,131.89864765980832,128.36590036939876,130.91890540284035,27431000
2019-10-23,129.2891845703125,129.4870104440162,127.75361189682589,128.95004012631517,29844600
2019-10-24,131.83273315429688,132.28492086017002,130.63630517491148,131.31459392111518,37029300
2019-10-25,132.57699584960938,132.96324651016533,131.13563545757566,131.2675241740104,25959700
2019-10-28,135.8365478515625,137.23080200968738,135.1959352655322,136.03437373306028,35280100
2019-10-29,134.55532836914062,136.1285773302664,134.3857489640111,135.73291121801836,20589500
2019-10-30,136.23219299316406,136.5995982341125,134.51762561887838,135.20534429087087,18496600
2019-10-31,135.0640106201172,136.53363141942768,134.70603528104652,136.5053705867323,24605100
2019-11-01,135.39376831054688,136.0532118384025,134.68721859324643,135.90247778209527,33128400
2019-11-04,136.17568969726562,136.59961666713642,135.80828440673878,136.43946711739818,16912000
2019-11-05,136.0908966064453,136.61845140572893,135.57275729472383,136.57134521833785,18250200
2019-11-06,135.71405029296875,136.14740705653168,134.9038728109251,136.00608850600966,16575800
2019-11-07,135.9024658203125,136.48655664339515,135.4408625788381,135.50679973842463,17786700
2019-11-08,137.5039825439453,137.53224337866055,135.43142549956863,135.6386812040063,16732700
2019-11-11,137.64529418945312,137.93733241388952,136.34523822282443,136.919899184544,14362600
2019-11-12,138.54969787597656,139.02073102677576,137.59820171149596,137.8054574478309,18641600
2019-11-13,138.7757110595703,138.91702955480847,137.8053844330251,138.23874102705872,16919200
2019-11-14,139.48228454589844,139.81201338372344,138.4836969224776,138.50254226672683,19729800
2019-11-15,141.28167724609375,141.30052259611287,139.68016748943623,140.30192029216403,23485700
2019-11-18,141.63021850585938,141.8280587180266,140.34900799432467,141.37587100065798,21534000
2019-11-19,141.67733764648438,142.56288218947344,141.4983427654815,142.13895526723965,23935700
2019-11-20,141.43154907226562,142.58478171593035,140.33504484728581,142.0837888619762,25696800
2019-11-21,141.29920959472656,141.60170346192638,140.37284736790474,141.2235861279266,18576100
2019-11-22,141.40318298339844,142.0743322028531,140.67533419630763,141.85692376149487,15901800
2019-11-25,142.9534149169922,143.06685731305117,141.71511147306902,141.79073492920853,22420900
2019-11-26,143.70968627929688,144.07834174457025,143.03855130534757,143.07635583504282,24620100
2019-11-27,143.9838104248047,144.15395242888414,143.2275900846994,143.99325795046357,15184400
2019-11-29,143.0952606201172,143.96490901164137,143.00072766342154,143.7758575219542,11977300
2019-12-02,141.36544799804688,143.5206672711535,140.20276733264384,143.50175779017317,27418400
2019-12-03,141.1385498046875,141.25197782089813,138.62412300484814,139.4181623894377,24066000
2019-12-04,141.6490020751953,141.9609291139393,141.03456667690364,141.92312458381133,17574700
2019-12-05,141.72457885742188,142.09324866665452,141.29920947776307,141.83802126937863,17869100
2019-12-06,143.44496154785156,143.5583895213006,142.04596365508172,142.72656034317507,16403500
2019-12-09,143.07632446289062,143.87981117385542,142.6509550844922,142.80220201751874,16687400
2019-12-10,142.8589324951172,143.57733387433322,142.50917211917388,143.01016502189213,16476100
2019-12-11,143.397705078125,143.5583995262769,142.10268754532999,143.24645815385242,18856600
2019-12-12,144.8534393310547,145.0424907847881,142.7549350201009,143.35044637817603,24612100
2019-12-13,146.0728302001953,146.41312857878364,144.4658712438564,144.62656569712018,23845400
2019-12-16,147.01817321777344,147.36791929026967,146.34703808278294,146.6211606540379,24144200
2019-12-17,146.22409057617188,147.18827180812258,145.99722016168278,146.9424919198338,25425600
2019-12-18,145.92160034179688,146.97085259654958,145.7419963954613,145.85543881739588,24129200
2019-12-19,147.18826293945312,147.24497693373257,145.3355240586829,145.57184198398156,24958900
2019-12-20,148.79527282714844,149.81616834437716,147.73655835166696,148.7385588134757,53477500
2019-12-23,148.79527282714844,149.46640788721783,148.66293532067655,149.46640788721783,17718200
2019-12-24,148.76690673828125,149.07884821814415,148.521126795762,148.86142528073012,8989200
2019-12-26,149.9862823486328,150.0429963517041,148.7857830633774,148.93703002070328,14520600
2019-12-27,150.2604217529297,150.81812869064836,149.56091538147822,150.7235957348265,18412800
2019-12-30,148.96534729003906,150.31709317208117,148.15241314086893,150.28873617810896,16348400
2019-12-31,149.06932067871094,149.13549661064357,147.88773124019278,148.19022505982903,18369400
2020-01-02,151.8295135498047,151.9334939984884,149.66484802100678,150.09021733882216,22622100
2020-01-03,149.9390106201172,151.19622386441185,149.4096607117201,149.65544061469248,21116200
2020-01-06,150.32656860351562,150.3927445508696,147.94447970171677,148.48329153461876,20813700
2020-01-07,148.9559326171875,150.93154722601824,148.71016714066076,150.60071074881336,21634100
2020-01-08,151.32855224609375,151.9997015405678,149.3056712613287,150.23203354534573,27746500
2020-01-09,153.2190399169922,153.34192981630176,152.2170545267061,152.98272206367199,21385000
2020-01-10,152.51014709472656,154.28726267501992,152.35890014667973,153.90915972860566,20725900
2020-01-13,154.34397888183594,154.3723358820374,152.43452580062083,152.9071617022491,21626500
2020-01-14,153.2569122314453,154.6464628468558,152.86934735532085,154.44794943449625,23477400
2020-01-15,154.24948120117188,154.9678971670826,153.67287911610023,153.7201311781048,21417900
2020-01-16,157.0758056640625,157.1419816102334,155.05292468702913,155.35541857174925,23865400
2020-01-17,157.9549102783203,158.30465619935018,156.37629381209493,158.25738972858082,34371700
2020-01-21,157.38775634765625,158.98526801417273,157.32158039758605,157.55789835006,29517200
2020-01-22,156.6315155029297,158.3235598983311,156.61260603057121,158.23847448456866,24138800
2020-01-23,157.59573364257812,157.6713571260564,156.22509226083278,157.09474068527607,19680800
2020-01-24,156.00767517089844,158.36140750217533,155.44996818605821,158.34249802467247,24918100
2020-01-27,153.39874267578125,154.43854767013838,151.43257513790093,152.33058067464225,32078100
2020-01-28,156.40469360351562,156.68826363216436,154.14549435848608,154.81662932456064,24899900
2020-01-29,158.8434600830078,159.51460937852576,156.62208010292088,158.65440861589227,34754500
2020-01-30,163.3240509033203,164.52455005778435,161.44295493874296,164.52455005778435,51597500
2020-01-31,160.91360473632812,162.9648426873359,160.29918387299614,162.7852531721158,36142700
2020-02-03,164.8365020751953,164.94993007628167,161.07430990386203,161.10266690413363,30107000
2020-02-04,170.26235961914062,170.75390501577263,166.66087620777762,167.44545356772943,36433300
2020-02-05,170.0543670654297,174.11903811687424,168.64592151325192,173.95834366438353,39186300
2020-02-06,173.5802001953125,173.75980407779315,170.20557421067517,171.06577468797852,27751400
2020-02-07,173.82603454589844,175.47081270658518,172.4931978169128,172.8429581987189,33529100
2020-02-10,178.37278747558594,178.50512495189932,173.22105900121804,173.53300042903595,35844300
2020-02-11,174.34591674804688,180.2633124685266,173.45735903159144,180.2160459982191,53159900
2020-02-12,174.60116577148438,175.6787750789202,171.89768776529226,175.42354764661337,47062900
2020-02-13,173.65586853027344,176.03794280419976,172.86182934859667,173.06034274994119,35295800
2020-02-14,175.2061309814453,175.26284498070825,172.65388562499024,173.2210544650253,23149500
2020-02-18,176.9832305908203,177.42750947945905,175.3479144568941,175.4518949292075,27792200
2020-02-19,177.5140380859375,178.36710062256168,176.74627891035584,178.25336280783833,29997500
2020-02-20,174.80319213867188,177.48562006806304,171.6563251140853,177.20126104182248,36862400
2020-02-21,169.27716064453125,173.93112500826635,168.00704036902022,173.6183316037425,48572600
2020-02-24,161.9787139892578,165.44786191190894,154.7181513655058,159.0214151505909,68311100
2020-02-25,159.30577087402344,165.72272971041576,158.90765961105674,165.11610394922226,68073300
2020-02-26,161.2962646484375,164.22512915124068,159.43847946980046,160.86026003967774,56206100
2020-02-27,149.93148803710938,158.31999888346724,149.74192019388477,154.80346983288783,93174900
2020-02-28,153.56175231933594,155.17311496563838,144.07374325016832,144.46236668665765,97012700
2020-03-02,163.77960205078125,163.90282763558946,153.84610129007496,156.68966182739558,71030800
2020-03-03,155.93138122558594,165.87437010304947,153.79871075283245,164.73694874353373,71677000
2020-03-04,161.65646362304688,161.79863590353253,156.98353700870763,159.70388716783967,49814400
2020-03-05,157.599609375,161.95972690449452,157.0498525958926,157.39108044281798,47817300
2020-03-06,153.1446990966797,154.60438714349928,147.8651480849498,154.13046038681674,72821100
2020-03-09,142.76571655273438,149.5239179145605,142.17805189974058,143.12590557907217,70419300
2020-03-10,152.52859497070312,152.6328594420787,144.62349965654747,149.91252432041284,65354400
2020-03-11,145.61874389648438,149.4765002813039,143.26805670517658,148.93623128461837,56371600
2020-03-12,131.8084716796875,145.46704059200917,131.3535061657334,137.72308121346268,93226400
2020-03-13,150.547607421875,153.46699860222324,133.39144937999532,139.80842308587606,92727400
2020-03-16,128.3583526611328,141.56196287538836,127.9602558230332,132.6995245572196,87905900
2020-03-17,138.92691040039062,139.8084073143908,127.96023720300174,132.69950524755737,81059800
2020-03-18,133.07867431640625,138.38666164416284,127.97923045511283,130.80383086914023,81593200
2020-03-19,135.26821899414062,142.32023895199598,131.75167511472426,135.32508790671272,85922700
2020-03-20,130.187744140625,139.42932003407233,128.7754365666015,138.38667491726258,84866200
2020-03-23,128.8891143798828,133.23977291994353,125.6095493819508,129.86540232404437,78975200
2020-03-24,140.60459899902344,141.79890378670194,133.90328159423055,136.25395446330393,82516700
2020-03-25,139.25865173339844,146.28225050950442,136.9079788119045,141.14488563874747,75638200
2020-03-26,147.96942138671875,148.49074374282242,140.63302954842695,140.66146399847827,64568100
2020-03-27,141.8936767578125,146.81303910788503,141.4197499720729,143.83677947196435,57042300
2020-03-30,151.87457275390625,152.22528840805572,142.18750815722464,144.4907998422536,63420300
2020-03-31,149.48597717285156,156.1872936874246,148.39593700408997,151.08783738874433,77927200
2020-04-01,144.17799377441406,149.52388683618224,142.955269145982,145.02158279515615,57969900
2020-04-02,147.16380310058594,147.3723321323451,142.51932440363126,143.94110536756887,49630700
2020-04-03,145.808349609375,149.17323344168187,144.25386997914237,147.01212796704385,41243300
2020-04-06,156.65176391601562,157.8176197600713,149.3627676322206,151.95989162657898,67111700
2020-04-07,154.96461486816406,161.13513757689245,154.74659809212773,160.74651406806288,62769000
2020-04-08,156.51902770996094,157.9787154995691,154.97402212723017,157.03086215322517,48318200
2020-04-09,156.52857971191406,158.64228968699842,154.81296660681633,157.6849625327283,51385100
2020-04-13,156.8792266845703,156.93611004324742,153.83662506623762,155.77972762278742,41905300
2020-04-14,164.6421661376953,164.6895617099437,159.2394035526362,160.1872571452114,52874300
2020-04-15,162.91708374023438,164.51895866137778,160.41475077875486,162.27253576214963,40940800
2020-04-16,167.8079833984375,168.03547345345189,163.8838703437965,165.21087397006804,50479600
2020-04-17,169.2866668701172,170.6136561885665,166.69901600449276,170.13972936582047,52765600
2020-04-20,165.93125915527344,169.42884146949478,165.86491691998498,167.4193963415168,36669600
2020-04-21,159.0687713623047,164.6137053126031,157.44793561492781,164.4525719632538,56203700
2020-04-22,164.4715576171875,164.9265232869323,161.91235583811329,162.45262485910442,34620200
2020-04-23,162.48109436035156,165.9312815649868,161.997694135911,165.0308233603539,32790800
2020-04-24,165.44786071777344,165.45733404774205,161.8081061021307,163.08769987665707,34277600
2020-04-27,164.97393798828125,167.67531233267164,164.26304771926806,167.3814800022421,33194400
2020-04-28,160.9550323486328,166.50945553550488,160.55693553548355,166.43362550493845,34392700
2020-04-29,168.1776580810547,168.41462148214717,162.9170821472806,164.18720250599264,51286600
2020-04-30,169.8648681640625,170.99280191954153,167.0402537209176,170.613666224283,53875900
2020-05-01,165.46681213378906,169.32456881719065,164.93600196160241,166.63266802790082,39370500
2020-05-04,169.51416015625,169.6658202264792,164.73698364883285,165.39100504648349,30372900
2020-05-05,171.33404541015625,174.0733422773213,170.51889057443753,171.20134645843928,36839200
2020-05-06,173.02120971679688,174.59465034524186,172.15867383336482,172.5852051098927,32139300
2020-05-07,174.02593994140625,174.92639803706723,173.05912514642642,174.56620901356314,28316000
2020-05-08,175.04959106445312,175.35291115035147,173.79843186786684,175.33395002920838,30877800
2020-05-11,177.00221252441406,177.73204949041116,173.31506205621085,173.5994066075862,30892700
2020-05-12,172.99276733398438,177.2865432828998,172.79372616350702,177.05906765949712,32038200
2020-05-13,170.37672424316406,174.45249856413267,167.3341071154464,173.0307178333135,44711500
2020-05-14,171.1160430908203,171.26770316795614,166.5189464364603,168.2819550596364,41873900
2020-05-15,173.60885620117188,177.30547918666417,167.77007497933533,169.72265093901058,46610400
2020-05-18,175.2676544189453,176.490379490596,174.36719617695738,176.0638481615598,35264500
2020-05-19,174.0543212890625,176.86944699265908,173.9216223940116,175.38131023957158,26799100
2020-05-20,176.4686279296875,176.6492240164961,174.83377793793983,175.6607026476636,31261300
2020-05-21,174.3490447998047,177.428649474258,174.21597626776312,176.22151846713524,29119500
2020-05-22,174.42503356933594,175.32801387592917,173.50305383772445,174.12088323188706,20826900
2020-05-26,172.5811309814453,177.2670574968158,172.1343978264107,177.11497503906327,36073600
2020-05-27,172.80926513671875,172.98036155226018,167.85720085636763,171.27896962997767,39517100
2020-05-28,172.4195098876953,175.03336693369795,171.45001698942932,171.792195219223,33810200
2020-05-29,174.17794799804688,175.14745550760477,171.47854971997998,173.68368727702386,42130400
2020-06-01,173.7787322998047,173.94031445807596,172.47656081625482,173.50308105663945,22622400
2020-06-02,175.7557830810547,175.8413240281486,172.3720280311082,175.12845379560204,30794600
2020-06-03,176.18350219726562,176.73479025045705,174.49162467347008,175.6702420116775,27311000
2020-06-04,173.8642578125,176.6396969090423,173.2749565224485,175.17594339707023,28761800
2020-06-05,177.93234252929688,178.43610281709235,172.99927999090642,173.57908148296607,39893600
2020-06-08,179.03497314453125,179.21556924712382,175.309040013136,176.73478039775375,33211600
2020-06-09,180.40365600585938,181.25909429194024,177.989394570547,178.69276493031884,29783900
2020-06-10,187.09515380859375,188.6919905733056,181.55377446710472,181.66784355961488,43872300
2020-06-11,177.04843139648438,186.06860558677644,176.85833559384204,183.5688175004387,52854700
2020-06-12,178.44564819335938,182.22860811999774,176.01237274212465,181.1070182904642,43373600
2020-06-15,179.58624267578125,181.3731750815915,174.9003022190702,175.44209047106233,32770200
2020-06-16,183.98704528808594,185.89753212160974,181.98150329725257,183.3407021258186,42556700
2020-06-17,184.62388610839844,186.60091457988608,184.10111171633025,185.3747696872733,25687800
2020-06-18,186.60089111328125,186.76247326807626,184.39573922892131,184.39573922892131,23061600
2020-06-19,185.48880004882812,189.423842544377,184.74741628179572,188.7584999974735,44441100
2020-06-22,190.64047241210938,190.82105397926182,185.56482652138783,186.09710051660872,32818900
2020-06-23,191.91415405273438,193.85315449194295,191.45790671131317,192.085235928232,30917400
2020-06-24,188.045654296875,193.18782826180146,186.8290236235657,191.6195195901801,36740600
2020-06-25,190.42189025878906,190.67852759970847,185.79299092407084,188.00764282127645,27803900
2020-06-26,186.6103973388672,189.99415200060372,185.23218461473925,189.84206955429684,54675800
2020-06-29,188.61593627929688,188.7014772152176,183.9680235503295,186.08762003729692,26701600
2020-06-30,193.43492126464844,194.2808598745895,187.95058437366583,188.08365287961007,34310300
2020-07-01,194.56600952148438,196.1343324418635,191.78107062870032,193.0832420355836,32061200
2020-07-02,196.04881286621094,197.72169095393087,194.85119610163304,195.4975248148834,29315800
2020-07-06,200.26898193359375,200.6777016892989,197.78819326414938,198.49156369076422,31897600
2020-07-07,197.9402618408203,204.04242807649197,197.69313876394023,200.03134453942326,33600700
2020-07-08,202.29356384277344,202.7022691477667,198.3585207396695,199.67020660849815,33600000
2020-07-09,203.7097930908203,205.6678075649142,201.00088055902637,205.62027998475654,33121700
2020-07-10,203.0919189453125,203.48162471227076,200.6301445697278,203.0443913755945,26177600
2020-07-13,196.81871032714844,205.1165151249502,196.2769220311056,203.86185665203897,38135600
2020-07-14,198.03529357910156,198.5105402500345,192.02816869688823,195.9251971998892,37591800
2020-07-15,197.7406768798828,200.86780886223525,194.879696441531,199.18543117423306,32179400
2020-07-16,193.82464599609375,195.51652338118896,192.2943507766109,195.23137241106915,29940700
2020-07-17,192.8361053466797,194.88916006506298,191.4198649615669,194.34738636962433,31635300
2020-07-20,201.12445068359375,201.78979330001377,192.959699672657,194.85118714961936,36884800
2020-07-21,198.41552734375,203.34859115848997,197.73117083168316,203.08245412639516,37990400
2020-07-22,201.26698303222656,201.78975731740158,198.07332453951392,198.84322189432683,49605700
2020-07-23,192.51295471191406,200.47809519758303,192.14226281240857,196.93275836350443,67457000
2020-07-24,191.3343505859375,192.81711817294266,187.73197198353216,190.497911638035,39827000
2020-07-27,193.75807189941406,193.87212645839105,190.91609161009322,191.49589312385507,30160900
2020-07-28,192.01866149902344,194.56597659429815,191.75252453394629,193.52994237286373,23251400
2020-07-29,193.9577178955078,194.51850562770954,192.00920315300615,192.47495022909868,19632600
2020-07-30,193.8056640625,194.33795272951923,189.69003901032036,191.04923807079211,25079600
2020-07-31,194.86065673828125,194.94621217125055,189.15769604486636,194.28085515431556,51044000
2020-08-03,205.8198699951172,206.86541871701198,200.02186795595566,201.04840274562122,78983000
2020-08-04,202.73077392578125,204.13751489873653,199.8983070536526,203.56721293636207,49280100
2020-08-05,202.39810180664062,204.35611622762954,201.09593026524874,204.2610610698923,28806400
2020-08-06,205.63926696777344,205.65826639464163,201.07689543479427,201.8277788907073,32656800
2020-08-07,201.9608612060547,205.02145153311608,200.4875933337867,204.21354073459383,27820400
2020-08-10,197.9402618408203,201.3905577207116,196.13433007915847,201.19094771383908,36716500
2020-08-11,193.31138610839844,197.36998319308316,193.08326243132456,196.90425062787259,36446500
2020-08-12,198.8336944580078,199.8697286674782,194.6135019128375,195.126761910023,28013100
2020-08-13,198.36801147460938,200.88682821734017,197.8452370937874,199.07138196002268,22588900
2020-08-14,198.55807495117188,199.21391774906647,197.23688964214472,198.42500644894537,17958900
2020-08-17,199.8697509765625,200.73470345130764,198.57707937252545,199.22342242623313,20184800
2020-08-18,201.01988220214844,201.84680693348818,198.85275811055578,200.10740203040297,21336200
2020-08-19,199.80030822753906,202.08701579049102,199.37155510274798,201.5058125871485,27627600
2020-08-20,204.44993591308594,204.8501064694833,199.04761159406166,199.64786015943778,26981500
2020-08-21,202.9635772705078,206.0410886510413,202.8016045176839,203.76391835685175,36249300
2020-08-24,203.6019744873047,205.345584304616,202.40144814904102,204.65003619045197,25460100
2020-08-25,206.2506866455078,206.38407681542566,203.03978535206127,203.03978535206127,23043700
2020-08-26,210.70977783203125,211.6054039276982,207.0987054135543,207.59416093128425,39600800
2020-08-27,215.88343811035156,220.23768646081993,209.0423895356834,212.3676361540944,57602200
2020-08-28,218.10342407226562,219.75174867918676,215.8834189640669,217.40787607007542,26292900
2020-08-31,214.88296508789062,217.90331098224215,213.72055883978842,216.28356909931804,28774200
2020-09-01,216.54086303710938,216.71235847698847,213.83492494312688,214.86394119772189,25725500
2020-09-02,220.7140350341797,221.8669185708631,216.6170452591316,217.20777104208625,34080800
2020-09-03,207.0415496826172,218.4845678117185,204.81202155908042,218.44646255713243,58400300
2020-09-04,204.135498046875,208.0514701428707,195.50321280100798,204.94537631657883,59664100
2020-09-08,193.09263610839844,200.11470143736412,192.6543458320582,196.75135022135257,52924300
2020-09-09,201.31521606445312,204.69762722495835,196.9419086014435,197.79942927592472,45679000
2020-09-10,195.67469787597656,204.60236011002283,194.47418635865475,203.32560902386254,35461500
2020-09-11,194.3979949951172,198.78084050234108,191.73971383980165,197.4183414729298,33620100
2020-09-14,195.7128448486328,199.32391711756875,194.3979883338327,194.59808088373535,30375800
2020-09-15,198.92373657226562,199.87652772915487,197.16106711664477,198.58073117424792,21823900
2020-09-16,195.36984252929688,200.70546463715695,194.97919463994998,200.67688206363792,26328100
2020-09-17,193.33087158203125,194.68383338131366,190.52014036683838,190.60588808814126,34011300
2020-09-18,190.9298095703125,194.0359033488756,186.98525496432242,193.22603963005503,55225300
2020-09-21,192.9783172607422,193.140304553541,187.109134700145,187.88089322203805,39839700
2020-09-22,197.62796020507812,198.27586581793489,192.54005839678513,195.37937226358838,33517100
2020-09-23,191.120361328125,198.27583172140538,190.58680064366783,198.08526187258073,30803800
2020-09-24,193.59762573242188,195.8652732003476,189.79598401356498,190.4153069509795,31202500
2020-09-25,198.00909423828125,199.1714862447696,192.97834281685655,193.9406713310271,29437300
2020-09-28,199.55255126953125,202.53479178027638,198.23769502469003,200.92457264876782,32004900
2020-09-29,197.47549438476562,200.1528498081341,197.04674126220954,199.4668389966685,24221900
2020-09-30,200.4005889892578,201.97268876487493,196.78950194478213,197.92332587898255,33829100
2020-10-01,202.4300537109375,203.88782329242795,201.3438721690732,203.4114276242692,27158400
2020-10-02,196.4560546875,201.02945616609145,195.8367315746247,198.18060473912718,33154800
2020-10-05,200.4481658935547,200.4767484591481,197.20866792141857,197.43734298460205,21331600
2020-10-06,196.18922424316406,200.25763188349316,195.1506854050532,198.9618499090392,28554300
2020-10-07,199.92416381835938,200.1909441707046,196.96098283340308,197.28492832718817,25681100
2020-10-08,200.63876342773438,201.21996661458442,198.48546064844754,200.57206106834602,19925800
2020-10-09,205.6218719482422,205.66951441718192,201.25808639297776,201.25808639297776,26458000
2020-10-12,210.94796752929688,213.29184029670688,206.574659376011,208.4611818961351,40461400
2020-10-13,212.33905029296875,214.57811545870766,210.0237600855834,212.2056601046975,28950800
2020-10-14,210.43345642089844,213.634835303714,208.78513178296774,212.47242892410338,23421700
2020-10-15,209.2900848388672,209.95703566397012,205.81238879482586,206.85094208509787,22733100
2020-10-16,209.2900848388672,211.795915405928,208.96613937216543,209.75694314722043,26057900
2020-10-19,204.10691833496094,211.80547245913127,203.630522766919,210.0142204709931,27625800
2020-10-20,204.5166015625,207.1081944892267,203.03024978890875,205.61232003857742,22753500
2020-10-21,204.6595458984375,206.67945852332676,203.05884917539285,203.05884917539285,22724900
2020-10-22,204.7452850341797,205.86004890997927,201.70587900793112,203.8305991538514,22351500
2020-10-23,206.02203369140625,206.0696761583048,203.09697231586392,204.87868717803974,18879600
2020-10-26,200.16238403320312,206.12685191973097,198.2758614620614,203.7544110534523,37111600
2020-10-27,203.18270874023438,204.5356704020045,200.400560381581,201.60107197312493,36700300
2020-10-28,193.1117401123047,198.98093820424964,192.55913393379967,197.86617409087873,51195600
2020-10-29,195.05540466308594,197.57077270816046,193.7691308000109,194.43609623327302,31432600
2020-10-30,192.91163635253906,194.64570878486924,190.19617560413607,193.89301013017186,36953700
2020-11-02,192.77821350097656,195.58894417052068,190.67253889874814,194.64567580398509,30842200
2020-11-03,196.68467712402344,198.29489655104663,193.53094063130447,194.2645939137079,27512000
2020-11-04,206.17445373535156,208.01334801298592,202.3918721219875,203.9163436100231,42311800
2020-11-05,212.74871826171875,213.53953661910697,210.70974588983486,211.5577293870567,36080100
2020-11-06,213.15843200683594,213.76821774632472,207.73704817031117,211.76735056508159,25231900
2020-11-09,208.08006286621094,217.35071687203836,207.59414460374276,213.84445234772951,44395000
2020-11-10,201.0484619140625,206.27929073276394,199.81936768721027,204.37370837033654,44045100
2020-11-11,206.32688903808594,207.74653828963662,202.182242471535,202.36327508336842,29440800
2020-11-12,205.26931762695312,208.76605923155117,204.33558641645527,206.95576195060497,21593900
2020-11-13,206.28878784179688,207.15583119845917,204.04973756653277,206.14587499770434,18621100
2020-11-16,206.97482299804688,207.4607558021883,204.3927670537816,204.72623524216695,24953300
2020-11-17,204.33560180664062,207.4035760150649,203.97353650780587,205.89817875225006,24154100
2020-11-18,201.6416778564453,205.54879230047052,201.49837627647196,204.0967541671124,28372800
2020-11-19,202.92176818847656,203.5044929955361,200.54310176428234,201.92827756449884,24792700
2020-11-20,200.98251342773438,203.75283551495997,200.6099526701213,202.7115778304131,22843100
2020-11-23,200.71507263183594,202.79758839493735,198.8522684913318,201.5175090959758,25683500
2020-11-24,204.29737854003906,204.66993934014192,199.52095055077086,200.21830495578362,33979700
2020-11-25,204.30694580078125,205.66344973103548,202.96000405638625,205.49150530360316,21012900
2020-11-27,205.60610961914062,206.59961477704968,204.46931745600483,205.2431110137325,14512200
2020-11-30,204.49803161621094,205.1571665527176,201.41244808650873,204.52668902316756,33064800
2020-12-01,206.54229736328125,207.60266491805436,203.81018007832992,204.91830024990742,30904500
2020-12-02,205.73988342285156,205.83541782664668,203.28480667155455,205.27180274316453,23724500
2020-12-03,204.66041564941406,206.7047264846699,204.09678600267054,205.01386669744562,25120900
2020-12-04,204.7750701904297,205.74946581411416,203.64782533626433,204.64133075788513,24666000
2020-12-07,204.70816040039062,205.90226749133078,203.46630068701492,204.7845850033911,24620000
2020-12-08,206.35125732421875,207.24922820799597,203.37077062615214,204.40248092390664,23284100
2020-12-09,202.32949829101562,205.60612098805632,201.76588327062407,205.53925857408703,32440600
2020-12-10,201.1067352294922,203.55226411394892,200.95388603008814,202.30084226889505,26733300
2020-12-11,203.72418212890625,203.78151150362953,199.75975310246673,200.6577238119639,30979400
2020-12-14,204.6221923828125,206.54232595336725,203.36122284871206,203.57138686714595,28798400
2020-12-15,204.55531311035156,205.78762513826916,202.74982388365729,205.54880373486253,27000600
2020-12-16,209.47503662109375,210.26792546149707,205.1189363798678,205.1475937833099,35023300
2020-12-17,209.6088104248047,211.01308172990858,208.17588171155623,210.0386861234783,32515800
2020-12-18,208.81585693359375,209.8666768292249,206.3607807432557,208.81585693359375,63354900
2020-12-21,212.63702392578125,213.98398015637602,207.5644595855646,207.8223907859236,37181900
2020-12-22,213.92666625976562,215.5411013062933,211.93012279193636,212.7325592225708,22612200
2020-12-23,211.13720703125,213.5636258075844,210.9270430533982,213.13375024434208,18699600
2020-12-24,212.78990173339844,213.61144806501403,211.30920589918964,211.51936993121947,10550600
2020-12-28,214.90106201171875,215.92321005733746,213.04780555492192,214.413857010838,17933500
2020-12-29,214.12725830078125,217.02177246063968,213.58275309646694,216.19067866518566,17403200
2020-12-30,211.7677001953125,215.54108989426393,211.5670983865259,215.1589669166923,20272300
2020-12-31,212.47463989257812,213.02870733797383,209.85715187326116,211.78683303460437,20942100
2021-01-04,207.95614624023438,213.0287109719447,205.2049187614072,212.57972552709433,37130100
2021-01-05,208.15673828125,208.74902529905103,206.0551127566878,207.54535604544097,23823000
2021-01-06,202.7593994140625,206.8098162211592,202.46326316529786,202.6829748052678,35930700
2021-01-07,208.52928161621094,209.53233438460273,204.15408651290377,204.4693179251259,27694500
2021-01-08,209.7998046875,210.71688521543896,207.32561864837888,208.9018339516953,22956200
2021-01-11,207.76502990722656,209.1215334457232,207.03900366373637,208.70120553138648,23031300
2021-01-12,205.3195343017578,207.3925169546865,203.78153842458812,206.81933974373354,23249300
2021-01-13,206.6665496826172,207.06776801449408,204.36430714771063,204.45029395751052,20087100
2021-01-14,203.49490356445312,207.73637314720776,203.22742481387388,206.25567783589494,29480800
2021-01-15,203.1414794921875,204.91831131296394,202.54920707742923,203.97258788636626,31746500
2021-01-19,206.7620086669922,207.2778564550541,203.12237302041416,204.1922881817282,30480900
2021-01-20,214.30877685546875,215.69393811736836,207.5740101820579,207.9656807925922,37777300
2021-01-21,214.9105987548828,216.18113032934212,212.47461760314508,214.65266756607497,30709400
2021-01-22,215.84678649902344,219.7825732306377,215.70349948425073,216.92626393198466,30172700
2021-01-25,219.26669311523438,219.5055145049017,214.19412913094075,218.87502253781977,33152100
2021-01-26,221.94151306152344,223.70878273824454,219.79212038536122,221.49252764749383,49169600
2021-01-27,222.48602294921875,229.6888849420293,219.84943979215547,227.35798561441428,69870600
2021-01-28,228.24632263183594,231.79043770879355,224.57803037087822,225.07478283637178,49111200
2021-01-29,221.58802795410156,227.37705567245254,221.0053032240349,225.43782730017324,42503100
2021-02-01,228.93423461914062,231.65680496166297,222.0370700228215,224.54947632461906,33314200
2021-02-02,228.8004608154297,231.47526355109804,228.0171341621031,230.51043029200613,25916300
2021-02-03,232.13442993164062,234.13097358783594,228.56165609173593,228.85780690916252,27158100
2021-02-04,231.1886749267578,232.36368677142988,229.6220070436973,231.80961934520695,25296100
2021-02-05,231.3701934814453,232.4019037859869,229.6697861026184,231.39885088630734,18054800
2021-02-08,231.6280975341797,232.78398493204895,230.04231996079577,232.27768473686635,22211900
2021-02-09,232.86997985839844,233.81570329400722,230.58684780779984,231.05492843301977,23565000
2021-02-10,231.96243286132812,234.92380917506196,230.1187242605503,234.04494826138287,22186700
2021-02-11,233.55780029296875,234.1882777613112,231.32242073183644,233.83482672549016,15751100
2021-02-12,234.0354461669922,234.33158239830547,231.87649118115476,233.02283109251383,16561100
2021-02-16,232.80307006835938,235.12442137957254,232.05794855525386,234.07360151416745,26728500
2021-02-17,233.81802368164062,233.92334770145064,230.69662531011264,231.0604745803787,21653500
2021-02-18,233.4254913330078,233.55953878046253,230.62006453624988,231.52010365919267,16925600
2021-02-19,230.72537231445312,233.49250590696394,229.96895029206306,233.38718187638082,25262600
2021-02-22,224.53997802734375,227.81457753992933,222.5196825099507,227.3262650669372,36446900
2021-02-23,223.3527069091797,224.84638235438035,219.00571338525143,220.5376964424216,30228700
2021-02-24,224.57830810546875,225.20066806135043,219.26425873805556,220.2313141829066,26339700
2021-02-25,219.2546844482422,224.6165963051779,218.1918745974985,222.21331214271885,39542200
2021-02-26,222.50057983398438,225.3634533466254,219.78130875334585,221.68671096867462,37819200
2021-03-01,226.86671447753906,227.37418084242998,223.23783468700705,225.87092094675552,25324000
2021-03-02,223.9272003173828,227.21138422250442,223.5250580328917,226.93370515768925,22812500
2021-03-03,217.88546752929688,223.64953616836328,217.59821886567516,222.28990807796603,34029500
2021-03-04,217.0907440185547,222.60587139092198,214.7257530035434,217.10032822667858,44727800
2021-03-05,221.75375366210938,223.35275345836564,216.83227642360688,219.76218111675166,41872800
2021-03-08,217.72271728515625,223.44847885183972,217.4737762118484,221.53350706003218,35267400
2021-03-09,223.8410186767578,225.37300172907223,221.82072314892886,222.97928734112668,33080500
2021-03-10,222.53883361816406,226.92412005427826,222.17498436226296,226.92412005427826,29746800
2021-03-11,227.0486297607422,229.0018945134101,224.34851258579613,224.97088716934874,29907600
2021-03-12,225.727294921875,225.79432594592853,223.31442642722314,224.06126424055526,22653700
2021-03-15,224.82723999023438,225.19108927209567,221.95478256941098,224.97087162731992,26034900
2021-03-16,227.6039276123047,229.85401019615043,225.90917386646177,226.2347154915178,28092200
2021-03-17,226.96241760253906,228.40823044727705,223.3143992028997,226.11025586249227,29562100
2021-03-18,220.91110229492188,224.23357884907625,220.53768345561124,222.6728724798709,34833000
2021-03-19,220.55685424804688,222.58671941704526,219.5993684724705,221.19836796447422,46430700
2021-03-22,225.95709228515625,226.82839330995083,220.35579418679632,220.48027202322757,30127000
2021-03-23,227.47947692871094,230.8019538061581,226.99116443288878,227.39330671357888,31638400
2021-03-24,225.44961547851562,227.881623009937,225.31556804938333,227.73800598232168,25620100
2021-03-25,222.46224975585938,226.86669032919292,221.72499620085964,225.29641418401795,34061900
2021-03-26,226.4262237548828,226.64645599438444,221.70582606846494,221.70582606846494,25479900
2021-03-29,225.2389678955078,226.73264342608155,222.02181497962823,226.53156497693166,25227500
2021-03-30,221.9930419921875,223.9080131903601,221.27492779287277,223.6016107858185,24792000
2021-03-31,225.74639892578125,228.9348279377608,222.51009270862264,223.0079893443559,43623500
2021-04-01,232.0466766357422,232.51583530133811,227.92948500151644,228.33162726205853,30338000
2021-04-05,238.4810028076172,239.33316461233116,232.38180813268252,232.43925494489872,36910600
2021-04-06,237.3224334716797,238.7969551907756,236.38410146861867,237.08306201915883,22931900
2021-04-07,239.27569580078125,240.2619050069019,236.68091746198468,237.2745539833188,22719800
2021-04-08,242.4832763671875,243.33543813605917,241.28641912944224,242.02368727871396,23625200
2021-04-09,244.97276306152344,245.1068104974857,241.70773277335192,242.1194446802093,24326800
2021-04-12,245.03021240234375,246.715396883333,243.7950474488846,243.88123228080784,27148700
2021-04-13,247.50050354003906,248.17075531097734,245.91107355136577,246.3228146667329,23837500
2021-04-14,244.7238006591797,247.82604540903546,244.31208876364178,246.53346291002805,23070900
2021-04-15,248.46755981445312,248.87927168685948,246.77282050375777,246.9643001275959,25627500
2021-04-16,249.65484619140625,249.9038018578808,246.648355876942,248.4388497054509,24878600
2021-04-19,247.7398681640625,250.3633991429451,246.85899758557616,249.12823427121432,23209300
2021-04-20,247.28030395507812,249.13782883405526,245.92066119680084,246.8590078451978,19722900
2021-04-21,249.50167846679688,249.5974329067763,246.31326307856537,247.93141668771412,24030400
2021-04-22,246.23660278320312,250.65059769932526,244.77163626581108,249.147338183538,25606200
2021-04-23,250.04737854003906,250.39208857800716,246.3323294404998,246.91641089756044,21462600
2021-04-26,250.43040466308594,251.282581069,249.10909877572388,250.53574329781782,19763300
2021-04-27,250.8325958251953,252.00072985456097,249.0612409712999,250.45916227852362,31014200
2021-04-28,243.737548828125,245.63338096628055,242.19599632128015,245.19291652136513,46903100
2021-04-29,241.7747039794922,245.21208867693898,238.4139344997838,244.59929842567976,40589000
2021-04-30,241.45877075195312,242.3205167691212,238.98847015559804,239.1225175880365,30945100
2021-05-03,241.15237426757812,243.53651917014565,240.4438295156719,242.62689597172758,19626600
2021-05-04,237.2554168701172,240.5300313964655,235.31172172633566,240.3002295284538,32756100
2021-05-05,235.99154663085938,238.89272768605636,235.3691866512584,238.47143156014027,21901300
2021-05-06,239.11293029785156,239.23740812996687,234.28720818218096,235.9723779697014,26491100
2021-05-07,241.72686767578125,243.4886380135176,240.49170283166248,241.43003481001085,27032900
2021-05-10,236.6713104248047,241.02787332068948,236.6138636199037,240.20443502693968,29299900
2021-05-11,235.7616729736328,236.11595257713964,232.25728681433768,234.15310419363774,33641600
2021-05-12,228.839111328125,233.9903897227852,227.948656527006,231.8743396289335,36684400
2021-05-13,232.69775390625,235.15849922523182,231.15620130904685,231.52005055871984,29624300
2021-05-14,237.60009765625,238.58630687070132,235.05319650799913,235.13936672439027,23901100
2021-05-17,234.75636291503906,236.10642140799038,233.16694758064864,236.06812840418084,24970200
2021-05-18,232.74566650390625,235.9340961969697,232.57331145045896,235.8000487598773,20168000
2021-05-19,233.32150268554688,233.4270699289617,228.98368329605674,229.66505988588793,25739800
2021-05-20,236.54605102539062,237.95680642050272,234.03165022443645,234.12762575703587,21800700
2021-05-21,235.28883361816406,238.32147864585824,234.8761710741965,237.59211443977617,21863100
2021-05-24,240.6727752685547,241.03746475817613,237.53456246361,237.80327641054836,21411500
2021-05-25,241.5748748779297,242.56336139082663,240.71115363257866,241.62286264574047,17704300
2021-05-26,241.3541259765625,242.74568324908876,240.64394515378893,241.29653187433004,17771600
2021-05-27,239.26199340820312,241.3445335898177,239.20441394645133,241.04702994155994,24426200
2021-05-28,239.6170654296875,241.92034629984425,239.501906511513,240.88387210484515,18270200
2021-06-01,237.42897033691406,241.16219011250507,237.00671606727997,241.10461065045544,23213300
2021-06-02,237.33299255371094,239.2235961900808,235.93182895373278,238.12954255758635,19406700
2021-06-03,235.80711364746094,236.4117126902741,233.20632880475637,235.33685693077388,25307700
2021-06-04,240.6823272705078,241.50766701250188,237.53452328797448,237.77444746130055,25281100
2021-06-07,243.58059692382812,243.84931080608303,239.74181044154867,239.90495710978854,23079200
2021-06-08,242.39060974121094,245.69196883019157,242.3330156367018,244.87622075345962,22455000
2021-06-09,243.36952209472656,245.23133633758238,243.00484724739417,243.58065657446144,17937600
2021-06-10,246.87237548828125,247.08350993870562,243.4462658042312,244.04127308607627,24563600
2021-06-11,247.4962158203125,248.07201045627983,246.26777582992523,247.59216206789282,18999700
2021-06-14,249.41566467285156,249.4732441492145,246.45017520202194,247.50584774805523,19150500
2021-06-15,247.947265625,249.51157618609096,247.29467879203682,249.3004417062942,18038900
2021-06-16,247.00677490234375,250.07778718714908,244.16606584099102,248.94535195627006,27220000
2021-06-17,250.38485717773438,251.20060521072745,245.69195565665422,245.74953511426614,27565500
2021-06-18,248.97410583496094,251.7284306556283,248.32151911327628,249.16605688845348,37202200
2021-06-21,252.04518127441406,252.8992962171979,247.52501743926578,249.34843554518008,26696100
2021-06-22,254.8090362548828,255.07775011304642,251.82436480293774,252.13147472301443,24694100
2021-06-23,254.5787353515625,256.0758598739971,253.77259363083766,255.26971815327227,19518700
2021-06-24,255.94154357910156,257.0547953887674,254.77071230407563,255.4329054433391,21446900
2021-06-25,254.33877563476562,256.4789095394784,254.08927444096972,255.50002957701327,25611100
2021-06-28,257.8897399902344,258.0624783950666,255.19299417128897,255.46170811912478,19590000
2021-06-29,260.4617614746094,260.7016857260207,257.1796141163743,258.0337292218319,19937800
2021-06-30,259.98187255859375,260.42332491203257,258.73427836023995,259.780344419271,21656500
2021-07-01,260.6536865234375,260.88400440971776,258.7342927041009,258.7438697576123,16725300
2021-07-02,266.4598083496094,266.7957080842182,261.517375730034,261.8244857323976,26458000
2021-07-06,266.4693908691406,268.11046403566195,263.244794707822,266.8244739642971,31565600
2021-07-07,268.6479187011719,269.37729764258523,265.9799627636496,268.13928056771834,23260000
2021-07-08,266.23907470703125,267.49627505663517,263.791830519067,265.74001367275713,24618600
2021-07-09,266.7381286621094,266.8436812511514,264.2237277535544,264.6076006127589,23916700
2021-07-12,266.1431884765625,268.4944286370964,265.4329927558716,267.90902750446537,18931700
2021-07-13,269.6556091308594,271.45023740575635,266.2103012391227,266.3350372176916,26120100
2021-07-14,271.1239013671875,272.2275466221714,269.2428749057434,270.97034639354206,23113700
2021-07-15,269.7035217285156,271.1238831737116,268.5518741472632,270.63442855853714,22604200
2021-07-16,269.43487548828125,272.6498656125402,268.1968584208553,270.70168228808353,26186800
2021-07-19,265.8455810546875,269.0701477729701,263.38875994905754,267.688182240101,32935600
2021-07-20,268.0624694824219,269.64596306299137,265.1258001402408,266.8244526302893,26259700
2021-07-21,270.05865478515625,270.173813707087,266.11431527092736,267.6594129528652,24364300
2021-07-22,274.6076354980469,274.8763494100788,271.9972592293282,272.4003154535662,23384100
2021-07-23,277.9953918457031,278.30247257073574,274.9531400276046,275.78807157831795,22768100
2021-07-26,277.4003601074219,278.0145801435692,275.0875164942922,277.3523869804331,23176100
2021-07-27,274.99151611328125,277.9089731585834,271.54620828066527,277.76502450299625,33604100
2021-07-28,274.6843566894531,278.4559572251852,272.39066780193826,277.3427056762893,33566900
2021-07-29,274.95318603515625,276.98773895609753,274.5501004151454,274.70365544716725,18168300
2021-07-30,273.4271545410156,275.10662354630284,272.4674579665658,273.67668502240946,20944800
2021-08-02,273.3408508300781,275.212242025892,272.30436188036447,274.8187628216139,16267400
2021-08-03,275.54815673828125,275.65373862205524,272.55390723217295,273.9166896548883,17879000
2021-08-04,274.9626770019531,275.99913642366494,273.17762613038536,274.6843567927207,16191300
2021-08-05,277.85137939453125,277.95696126160766,274.56923306560276,275.317795323746,13900200
2021-08-06,277.7937927246094,277.83218879233317,276.02795434835366,276.8820984514025,16589300
2021-08-09,276.7093200683594,279.7995444289697,276.2102883577603,278.0721021873737,16117600
2021-08-10,274.89556884765625,277.5923146609027,273.7055541222731,277.16043936211105,18616600
2021-08-11,275.385009765625,277.0260831007816,274.3389144756151,275.6345110192113,13955900
2021-08-12,278.1296691894531,278.28322415990436,274.7995208173079,275.0778410317268,14561300
2021-08-13,281.04718017578125,281.0951532950036,277.64023937005385,277.81300703201526,18249000
2021-08-16,282.72662353515625,282.9377579581513,278.33119671669976,281.37344781790824,22507600
2021-08-17,281.2679443359375,281.60384409624606,279.34855060574444,280.605780443635,20075300
2021-08-18,279.546875,283.47954672914096,279.10454809865564,280.8064825737765,21813000
2021-08-19,285.3544616699219,286.0275472712108,277.5372141574895,277.5852791245708,29850500
2021-08-20,292.6524353027344,294.0755159975354,286.5947836444188,288.1909333937579,40817600
2021-08-23,292.9313049316406,293.6524553767425,290.23902167406834,291.5851633028545,22830200
2021-08-24,290.9793701171875,293.892816520206,290.3832238228718,293.2870454973741,18175800
2021-08-25,290.3929138183594,292.87365880728834,288.86407816857775,292.5948057108051,20006100
2021-08-26,287.585205078125,290.7967251675743,287.4506055747187,289.4121138382239,17666100
2021-08-27,288.19097900390625,289.29673726337023,285.4121315880625,287.4890486022759,22605700
2021-08-30,291.9120788574219,292.51784992119383,289.4793992168539,289.5370889044811,16348100
2021-08-31,290.2678527832031,292.78706685723137,289.9024652133177,292.71015705794855,26285300
2021-09-01,290.21978759765625,293.4505570216653,289.89286956645867,291.2197911507648,18983800
2021-09-02,289.5660400390625,291.6910225631767,288.6333506218128,290.57566863051477,16285600
2021-09-03,289.55633544921875,290.96016674016533,288.7101809142856,289.4120818879158,14747900
2021-09-07,288.63323974609375,289.5082391184174,286.7294213995241,289.4313293174563,17180400
2021-09-08,288.662109375,289.04671710020153,286.0275156464967,288.2486568040006,15046800
2021-09-09,285.8160095214844,290.5179253274323,285.57562599791714,289.2486932805111,19927000
2021-09-10,284.33526611328125,288.3833461664702,284.0179727429177,286.9410448865193,19633400
2021-09-13,285.56591796875,287.0563129863409,282.767851049367,286.1043745569801,23652900
2021-09-14,288.2582702636719,289.7967304480166,286.6332755453167,288.0371068920759,21853400
2021-09-15,293.0948181152344,293.57558514343583,290.2102159460255,291.594827334741,28356300
2021-09-16,293.4793701171875,293.565904644582,289.19093725653136,292.07553887775646,19550800
2021-09-17,288.3351745605469,292.7870813462865,288.0082565459675,292.4697880609758,41372500
2021-09-20,282.9794921875,287.2294860954919,278.383360066102,284.93140536294595,38278700
2021-09-21,283.460205078125,286.09482813249366,282.7583040538949,284.3159844038209,22364100
2021-09-22,287.0948181152344,288.6717480113228,283.18139690958066,285.3160036325235,26626300
2021-09-23,288.0371398925781,289.32559200827507,286.08522692976766,287.3544589280449,18604600
2021-09-24,287.8352355957031,288.26790832981595,285.5083101876047,286.7583221103223,14999000
2021-09-27,282.85443115234375,285.0659473135494,281.67173392975803,284.7486540480037,23571700
2021-09-28,272.6141052246094,279.59485135493725,271.87373461890644,278.6525374846611,43186200
2021-09-29,273.07568359375,275.7391224791571,272.1237742275419,274.1333769693656,26353700
2021-09-30,271.07568359375,276.7583238245585,270.7872057817873,274.71987639892257,32343600
2021-10-01,277.9794921875,278.8256468235506,270.4699138080857,271.26797413672585,30086300
2021-10-04,272.2198486328125,276.68138001851474,269.46987576086445,276.3448372844205,31350700
2021-10-05,277.6524963378906,279.2293964365477,273.12365122676954,273.12365122676954,24993000
2021-10-06,281.8351745605469,282.3351909458261,274.52754072695535,274.78714430445336,28002600
2021-10-07,283.5082702636719,285.2294241243567,282.61405079814455,283.82556353271264,20430500
2021-10-08,283.5082702636719,285.2294241243567,282.4602018561691,284.8255669837104,17685700
2021-10-11,282.91217041015625,286.50829832033395,281.489089470964,281.6525631685585,19298600
2021-10-12,281.6141052246094,284.0756301147398,281.10449333744236,283.97947083828177,17974100
2021-10-13,284.9121398925781,285.84482905516467,282.20060694439593,283.5659981485587,23416300
2021-10-14,291.1044006347656,291.60438772035315,286.37364073387175,287.7005622674281,27262900
2021-10-15,292.50830078125,292.7390889350849,288.9602373568644,290.71023658361656,25384800
2021-10-18,295.4698181152344,296.3544130437195,291.04675544173375,291.8929101341572,22729300
2021-10-19,296.3736267089844,297.40244575766764,295.4024680074294,296.489006090617,17682100
2021-10-20,295.5851745605469,297.787095667317,294.3351627369978,297.3159240470741,16537100
2021-10-21,298.80633544921875,299.0563143524255,294.5755620879851,295.3544316768825,16918100
2021-10-22,297.2677917480469,299.1235449309406,295.9600905274078,298.46008426452863,17449300
2021-10-25,296.2774658203125,297.4986033941539,294.67169118488476,297.4601338192577,17554500
2021-10-26,298.1813049316406,300.3832260837612,296.7294084953105,299.03708430610516,28107300
2021-10-27,310.7389831542969,313.55627098080305,303.8447708537641,303.8447708537641,52588700
2021-10-28,311.8735656738281,312.37355280117015,308.9985589964651,311.854316213441,26297900
2021-10-29,318.8638916015625,319.2292792064878,311.44084815229064,311.6620115299265,34766000
2021-11-01,316.70037841796875,318.7388253494163,313.8157770598035,318.6138212622399,27073200
2021-11-02,320.3158264160156,320.62352433879016,317.30622029819705,317.60429349098206,26487100
2021-11-03,321.1523742675781,322.017749048064,317.93122931561726,321.05621499337065,21500100
2021-11-04,323.49847412109375,323.59463338175044,316.83505110356475,320.08504044542997,23992200
2021-11-05,323.13311767578125,325.75811609186775,321.556217155061,325.4888877422965,22570100
2021-11-08,324.0272216796875,324.66183742237763,321.575322561562,324.3252947695403,20897000
2021-11-09,323.0273742675781,325.69081300942594,321.6619830119795,324.1427279377186,21307400
2021-11-10,318.0754089355469,321.75810028088216,317.2292837348111,321.7004105931885,25500900
2021-11-11,319.6427001953125,320.9311520712927,317.7965715810098,318.5080972611384,16849800
2021-11-12,323.7677001953125,324.258091880674,320.9504128741325,321.07541697774906,23831000
2021-11-15,323.14276123046875,324.8831355458123,321.18122351578705,324.5562174839805,16723000
2021-11-16,326.45037841796875,327.5657612448941,322.60424288113046,322.7676872089823,20886800
2021-11-17,326.6719055175781,329.6292219748661,325.59302210058706,326.4985198392835,19053400
2021-11-18,328.7430725097656,329.87978087178396,324.74541145445266,325.7664999341988,22463500
2021-11-19,330.5155029296875,332.43247631359634,329.6389320213559,330.06278336471644,21963400
2021-11-22,327.35589599609375,336.83472639710845,327.08617509182903,331.9700783843757,31031100
2021-11-23,325.2847595214844,326.98980687418253,321.31599723176595,324.6778802533964,30427600
2021-11-24,325.50634765625,325.74717091105794,321.65317557932343,323.9361753313232,21661300
2021-11-26,317.5784606933594,325.5256287318422,316.0757258160542,322.07705238453224,24217200
2021-11-29,324.2734069824219,326.5853048710873,322.45276865427024,322.645439060566,28563500
2021-11-30,318.455078125,325.38115820776426,316.9138032094252,323.0114652960252,42885600
2021-12-01,317.9637145996094,326.8260212365159,317.29906952934004,322.82836149169225,33337600
2021-12-02,317.39544677734375,321.24861933110265,315.7674790215907,318.17571186769004,30766000
2021-12-03,311.1533203125,320.48763300351385,306.3561099885442,319.8036737217345,41779300
2021-12-06,314.216552734375,315.43031134746263,307.51204154241043,312.058785775437,30032600
2021-12-07,322.62615966796875,323.47383295914125,317.98307955857507,319.46655926353213,31021900
2021-12-08,322.67425537109375,323.1847994820111,318.6573106513333,323.0017714613644,24761000
2021-12-09,320.8729248046875,324.1384729979598,319.92888702095325,322.1348363640117,22214200
2021-12-10,329.9664611816406,330.4095678226741,322.5009388766094,322.6839669365227,38095700
2021-12-13,326.94171142578125,331.17058275210826,326.6334505414845,328.17472556559255,28899400
2021-12-14,316.28765869140625,322.3564229704473,312.2129182210804,320.9885338086704,44438700
2021-12-15,322.36602783203125,322.8862143337398,312.5886088133381,316.54772931653724,35381100
2021-12-16,312.9739685058594,324.39864164478854,311.1629725069746,323.38716610207007,35034800
2021-12-17,311.91424560546875,312.9931584037919,305.6046885387923,309.10144665260225,47750300
2021-12-20,308.1671142578125,310.9510161666708,305.9130118209808,308.3019600117902,28326500
2021-12-21,315.27618408203125,315.7000353671043,308.061099295699,311.42301196127266,24740600
2021-12-22,320.96923828125,321.3641625402389,313.7926936963985,316.24907907920306,24831500
2021-12-23,322.404541015625,324.0421508973986,320.5164949405719,320.5357502177873,19617800
2021-12-27,329.8797302246094,329.90862784139654,323.11739392269027,323.1462915394775,19947000
2021-12-28,328.7237548828125,331.18978275080303,327.827899397402,330.5540058070814,15661500
2021-12-29,329.3980407714844,331.6617557188024,327.2113469290697,328.7718768270416,15042000
2021-12-30,326.8646240234375,330.5347684082041,326.38297747008363,329.3595496421258,15994500
2021-12-31,323.9746398925781,326.9030288234828,323.52189110300174,326.0842534655657,18000800
2022-01-03,322.4623718261719,325.59307446526094,317.67480384527,323.0403535774783,28865100
2022-01-04,316.93310546875,322.895892734741,314.14917400711465,322.5394495565749,32674300
2022-01-05,304.7666320800781,314.10094323545275,304.38132077467725,313.8986305472885,40054300
2022-01-06,302.35845947265625,307.0015395240339,300.0561747269668,301.65524488813156,39646100
2022-01-07,302.5125732421875,304.88226603603744,298.7075537396608,302.61852137240913,32720000
2022-01-10,302.73419189453125,303.16768566294945,293.5058544945222,298.129650836542,44289500
2022-01-11,303.4181213378906,304.98826465644487,298.51496217670007,301.8768462438373,29386800
2022-01-12,306.5873107910156,311.5386518627093,305.4409895513784,307.9359447652065,34372200
2022-01-13,293.6116638183594,309.1014300948054,292.84104125820534,308.7064764785824,45366000
2022-01-14,298.8135070800781,299.41074404993253,292.6002553313774,293.0819018422109,39846400
2022-01-18,291.5406494140625,298.42818916600646,290.66404916965183,292.90853854423693,42333200
2022-01-19,292.1956481933594,302.38730443677275,291.5887983066239,295.0470165949494,45933900
2022-01-20,290.5292053222656,300.21028923440434,290.0860987267936,297.72500596711825,35380700
2022-01-21,285.16363525390625,292.9470300221771,284.7590392453866,291.57917037846426,57984400
2022-01-24,285.4910888671875,286.2039161480979,265.91697167463366,281.47417426317253,85731500
2022-01-25,277.90045166015625,284.1618575908213,274.7023405114224,280.8192289411712,72848600
2022-01-26,285.81866455078125,297.1758975203426,282.2737532824066,296.68460867157836,90428900
2022-01-27,288.8338928222656,296.02005343695197,286.9939988795971,291.550387296617,53481300
2022-01-28,296.9447021484375,297.1566277790234,283.6416285034805,289.20946072810676,49743700
2022-01-31,299.56488037109375,300.9134847485598,295.1240841669652,297.60939667442534,46444500
2022-02-01,297.4263610839844,299.2277143206684,293.929602731659,299.0157886812132,40950400
2022-02-02,301.953857421875,303.5529275513087,297.54198780490606,298.26445765509385,36636000
2022-02-03,290.1920471191406,299.8057228648471,288.9493907856898,298.12957287633566,43730000
2022-02-04,294.7099304199219,297.4649349215722,288.95906871396625,289.1902496798736,35096500
2022-02-07,289.9030456542969,296.54011926462067,288.8915703465275,294.93143638637616,28533300
2022-02-08,293.3805236816406,294.343816714322,288.9397569117174,290.192026095255,32421200
2022-02-09,299.78643798828125,300.4800101974915,296.10668068130565,298.4956287595179,31284700
2022-02-10,291.2804870605469,297.77307124782783,289.6621621813957,292.8795566663857,45386200
2022-02-11,284.21002197265625,293.12048369685596,283.4201145266006,292.06085534207085,39175600
2022-02-14,284.1714782714844,285.8668836168061,280.65546416556623,282.9866171180097,36359500
2022-02-15,289.440673828125,289.7585476106749,286.11730093278925,288.9975672412042,27058300
2022-02-16,289.10284423828125,290.42527991431285,283.48487872602993,288.0120675250117,29982100
2022-02-17,280.6373291015625,286.4965868814694,279.9326604203937,286.0718591090062,32461600
2022-02-18,277.93450927734375,283.65864238707985,276.3707522552186,282.87676387601726,34264000
2022-02-22,277.7318115234375,281.41920742809083,274.6235925315727,275.10623504920284,41736100
2022-02-23,270.5404357910156,281.573666522266,270.37635382579157,280.10641436358,37811200
2022-02-24,284.36328125,284.9135007247491,262.094151059809,263.0498031628359,56989700
2022-02-25,286.9888000488281,287.29769823166265,281.5252849548205,284.89414868618945,32546700
2022-02-28,288.4175109863281,288.7553666251348,282.8285026347826,284.0930236175549,34627500
2022-03-01,284.7108154296875,289.55653540384833,282.0079998222269,286.1104609698699,31217800
2022-03-02,289.76885986328125,291.00442328606925,283.504170648304,285.10651756719705,31873000
2022-03-03,285.6470642089844,292.6067587164932,283.84195705729525,292.37509981281175,27314500
2022-03-04,279.7974548339844,285.39612468595874,277.20086566715224,284.0736891436429,32356500
2022-03-07,269.2275695800781,279.63333786848386,268.8607566666478,278.5136040383842,43157200
2022-03-08,266.2738342285156,274.1022802945537,260.6269119121218,268.1561220285429,48159500
2022-03-09,278.4846496582031,279.54646877210064,271.0326502290579,273.6003111924272,35204500
2022-03-10,275.67578125,276.65072867385646,270.83969324300017,273.1949913553708,30628000
2022-03-11,270.3473815917969,279.4596745025475,269.72958504143236,277.9634650523489,27209300
2022-03-14,266.8433532714844,275.4922975054639,266.2448813621328,270.6079583933382,30660700
2022-03-15,277.1815185546875,277.8282723185702,269.05383720748546,270.6175938370436,34245100
2022-03-16,284.1701965332031,284.34394072120614,273.3686576400486,279.07346468655453,37826300
2022-03-17,284.971435546875,285.3478813742308,279.3245124712581,283.1084425886128,30816600
2022-03-18,290.0005187988281,290.5507382302181,282.5678431701578,285.1161798417101,43390600
2022-03-21,288.77459716796875,289.7205868535309,284.6624745949612,288.51398088334355,28351200
2022-03-22,293.5045471191406,294.4119173522232,288.39818135350095,289.39242369934766,27599700
2022-03-23,289.09320068359375,292.70338668332965,287.3846568062616,290.07781025541306,25715400
2022-03-24,293.54315185546875,293.6396862396896,287.96380616213776,288.7553468713274,24484500
2022-03-25,293.1376953125,294.89452080427003,288.90011015175327,294.63390450047564,22566500
2022-03-28,299.9140319824219,300.0105369064653,293.7651423882981,293.7651423882981,29578200
2022-03-29,304.4604797363281,304.8562500359702,298.32125314184253,303.01255254853436,30393400
2022-03-30,302.9643249511719,304.9817964510435,300.76347640947125,302.86782002120697,28163600
2022-03-31,297.6069641113281,304.19987600855126,297.20156097857216,303.0029027856713,33422100
2022-04-01,298.6784362792969,299.3637802401649,294.933126535701,298.6301543643232,27110500
2022-04-04,304.0357971191406,304.1709216917822,298.9583889350334,299.32520192359516,24289600
2022-04-05,300.0877990722656,303.9392767129868,299.1128518165804,302.3948148545048,23156700
2022-04-06,289.10284423828125,296.3424814061848,286.4096909635366,294.59531799298344,40110400
2022-04-07,290.9079284667969,293.10877703347046,286.06220849283096,286.3614444787001,31411200
2022-04-08,286.66064453125,290.6665707873598,285.9945956247322,290.0101841560006,24361900
2022-04-11,275.357177734375,282.4519981244576,275.1061942358303,281.66048690117145,34569300
2022-04-12,272.268310546875,280.64697807098315,270.75280588328843,279.1990504337595,30966700
2022-04-13,277.63519287109375,278.56185797543264,271.53458622971164,272.91496579941685,21907200
2022-04-14,270.11566162109375,278.3012882088098,269.6233863517897,278.088924351685,28221600
2022-04-18,270.78173828125,272.65439354264834,268.67742404587597,269.22764356722877,20778000
2022-04-19,275.3957824707031,276.2356051160154,268.7449845312876,269.6813121043786,22297700
2022-04-20,276.4189453125,279.64302251578187,275.46332277285063,279.35341939656814,22906700
2022-04-21,271.0616455078125,283.1180442640561,270.33768184591173,278.5618984401678,29454600
2022-04-22,264.51708984375,273.3687676766065,263.8896603846391,271.90151538779514,29405800
2022-04-25,270.97479248046875,271.351238292918,261.3701954398088,263.8027323682706,35678900
2022-04-26,260.83929443359375,268.6966984296061,260.6269305710984,267.86656753140664,46518400
2022-04-27,273.3880310058594,280.8689900877158,269.4689760886624,272.30691647120665,63477700
2022-04-28,279.57550048828125,280.8786411356231,271.689109042136,275.28963271284965,33646600
2022-04-29,267.8858337402344,279.8167694826113,266.9012538247318,278.5908389029638,37073900
2022-05-02,274.5946350097656,275.04832015441815,266.63103347319105,268.0692987483365,35151100
2022-05-03,271.99798583984375,274.26641131232816,270.42456669386183,274.10229991297473,25978600
2022-05-04,279.913330078125,280.7820806094394,267.1233049625317,272.77986042090856,33599300
2022-05-05,267.7218322753906,276.40939830190524,264.8163146554661,275.627519716172,43260400
2022-05-06,265.19268798828125,269.555764420702,261.8527815684002,265.2698978061163,37780300
2022-05-09,255.39500427246094,262.9049178045472,254.1787656233965,260.68477485336666,47726000
2022-05-10,260.1443176269531,264.24677903665463,255.86811198044657,262.2582942158993,39336400
2022-05-11,251.50497436523438,261.93970200384274,250.298368214071,256.45689072291424,48975900
2022-05-12,246.4855194091797,250.8582590815856,241.3405488261486,248.7442826712676,51033800
2022-05-13,252.0552215576172,253.9085817712002,246.4855375563082,248.4161076104666,34925100
2022-05-16,252.42201232910156,256.59205034843524,246.9005812826205,250.9354652701601,32550900
2022-05-17,257.557373046875,259.01493349139474,253.348714764612,256.87199942771946,28828800
2022-05-18,245.83082580566406,255.0417455754485,244.56335973469547,254.46121977706724,31356000
2022-05-19,244.92135620117188,249.30429522500646,243.70226967132928,245.65667612599017,32692300
2022-05-20,244.3601531982422,250.1460116670098,238.4388554517078,248.888200942443,39199300
2022-05-23,252.1875457763672,253.00995497705824,245.20195425137902,247.19508522720383,33175400
2022-05-24,251.19097900390625,252.84545260288888,245.26968020605537,249.51716536945642,29043900
2022-05-25,253.9967498779297,255.98986547497486,248.78176241630595,249.75898018466552,28547900
2022-05-26,257.26702880859375,258.43773551666885,252.94215494918038,253.75487915760345,25002100
2022-05-27,264.3687744140625,264.4655336439164,258.873192668912,259.7633362460875,26910800
2022-05-31,263.043212890625,265.8490529082615,260.1986632824182,263.6817882645863,37827700
2022-06-01,263.5754089355469,268.6742983008573,261.27267518128724,266.2651500668014,25292200
2022-06-02,265.6653137207031,265.733048146593,253.1067488144749,255.86422496941356,44008200
2022-06-03,261.2532958984375,264.5719571114333,259.6955816677973,261.5338887851949,28059000
2022-06-06,260.0245666503906,265.27826522689224,258.5442419264379,263.2270994161104,22400300
2022-06-07,263.65277099609375,264.26232157625736,257.3057561922374,257.9830411761452,22860700
2022-06-08,261.630615234375,264.1365222872214,260.85657107937885,262.88839638694134,17372300
2022-06-09,256.193115234375,263.8559613723618,256.0383063846379,259.08602995149107,26439700
2022-06-10,244.7761993408203,252.1197571149294,244.33112762791936,252.1197571149294,31422800
2022-06-13,234.3945770263672,240.9351106086177,233.68828195632932,237.1520524259518,46135800
2022-06-14,236.55218505859375,237.76160149558388,233.6689256431726,235.94263445006774,28651500
2022-06-15,243.5861053466797,247.01118047047214,238.4194826151361,240.2481194139805,33111700
2022-06-16,237.01661682128906,239.38707028498348,235.12992997318065,237.99382006995404,33169200
2022-06-17,239.60960388183594,242.36707955457766,236.10713823491153,236.7553837419542,43084800
2022-06-21,245.50186157226562,246.4790647181553,241.40918580520898,242.13483565226932,29928300
2022-06-22,244.9116668701172,248.82050899795738,242.24126597240473,243.71192046945043,25939900
2022-06-23,250.45565795898438,250.94910939467707,245.3954776548155,247.2724946346494,25861400
2022-06-24,259.0086669921875,259.2795751254641,253.22280743470034,253.3098818853851,33923200
2022-06-27,256.2899475097656,259.58921056194794,254.73220331491711,259.5021360954201,24615100
2022-06-28,248.15293884277344,258.24430356414223,247.99812997940293,255.40943822517565,27295500
2022-06-29,251.81019592285156,253.46466940003842,247.45628183135534,249.22686932972684,20069800
2022-06-30,248.4915313720703,251.10388274506582,244.68913309560924,248.70438985080898,31730900
2022-07-01,251.15228271484375,251.33611640522454,246.34365576375197,248.06587863167437,22837700
2022-07-05,254.316162109375,254.4419461766553,246.46946558269872,247.84336124997253,22941000
2022-07-06,257.56695556640625,259.2891631514389,253.88065714267475,255.18683261782502,23824400
2022-07-07,259.6858215332031,260.3243967832305,256.4155556437116,256.5123148379752,20859900
2022-07-08,258.969970703125,259.395687723977,254.74185483976467,256.1931548126402,19658800
2022-07-11,255.9221954345703,257.87660171050175,253.66782672632655,257.0251678392389,19455200
2022-07-12,245.4341278076172,257.3057634702687,243.8570440782721,257.2477138444937,35868500
2022-07-13,244.51498413085938,245.3180384343123,240.05465562247608,242.06712638955372,29497400
2022-07-14,245.83082580566406,246.85640858787121,237.95510651412596,242.43478974627138,25102800
2022-07-15,248.38511657714844,251.91660674220472,246.49842984837338,247.41758340717305,29774100
2022-07-18,245.99526977539062,252.37130881947417,245.07611636115803,251.316701373285,20975000
2022-07-19,251.1039581298828,251.28779184974508,245.44388147367343,249.217256068887,25012600
2022-07-20,253.75489807128906,256.2704900620598,250.5040009952903,251.46184932540294,22788300
2022-07-21,256.241455078125,256.2898494477531,248.68502415287526,251.35542487841855,22404700
2022-07-22,251.90692138671875,256.71556241158675,250.65882485957425,256.62848796970013,21881300
2022-07-25,250.42660522460938,253.00993186101113,248.4721987897753,252.52616526089446,21056000
2022-07-26,243.7216033935547,251.44252883940965,241.46726406430727,251.42315927857734,39348000
2022-07-27,260.0148010253906,261.2822668545158,250.44591530173275,252.68091410129014,45994000
2022-07-28,267.43585205078125,268.81941742326114,259.17311035737987,260.99207747518795,33459300
2022-07-29,271.6252136230469,272.84431469044125,267.6486670392354,268.68393446863337,32152800
2022-08-01,268.9839782714844,272.1478019573402,266.88441773700356,268.8001445576773,21539600
2022-08-02,265.8974609375,268.8677947225736,263.53667774646465,267.0391429404589,22754200
2022-08-03,273.29913330078125,274.295691421878,267.62937279083735,267.7745264077172,23518900
2022-08-04,274.4408264160156,274.5859505118883,271.07382928467115,272.6508838288538,18098700
2022-08-05,273.7247619628906,274.44072692749853,269.6320867822846,270.0868284690186,16774600
2022-08-08,271.21893310546875,276.6371253182812,270.2513998362798,274.8278133024093,18739200
2022-08-09,273.1345520019531,273.8892265551152,268.59681990449013,270.56094022517334,23405200
2022-08-10,279.7719421386719,280.4008328998237,277.6240169581476,278.8140935874834,24687800
2022-08-11,277.7013244628906,281.7552902911237,277.20790268722305,281.4069925671231,20065900
2022-08-12,282.4326171875,282.4326171875,277.62397604955174,279.1139854304459,22619700
2022-08-15,283.9419250488281,284.62886524606995,280.6909986505251,281.55211723691497,18085700
2022-08-16,283.2066345214844,284.49347021164397,280.9910047541906,282.51000943686375,18102900
2022-08-17,282.46002197265625,284.42828191151625,280.6662805490986,280.9280583220521,18253400
2022-08-18,281.34503173828125,283.0321034033775,280.2881560238518,281.36441282325103,17186200
2022-08-19,277.4472351074219,280.4529598691973,276.875182491092,280.11359859796744,20570000
2022-08-22,269.302734375,273.8694799294029,268.7888545532896,273.5010322101689,25061100
2022-08-23,268.0325622558594,270.3789456095567,267.0241837556368,268.0325622558594,17527400
2022-08-24,267.4023742675781,268.79858174374715,266.74303270034477,267.0339265183886,18137000
2022-08-25,270.36932373046875,270.53413693993167,266.1709957164904,268.89553264663925,16583400
2022-08-26,259.9365539550781,271.813993730699,259.82991359676106,270.59230474229855,27549300
2022-08-29,257.16357421875,259.2675614677576,255.82553940593357,257.76471343275216,20338500
2022-08-30,254.97227478027344,258.9281764138231,252.7325313512988,258.55975823755864,22767100
2022-08-31,253.5178680419922,258.986322342565,253.38211168370708,257.3186614112336,24791800
2022-09-01,252.4804229736328,252.95554067570222,247.64219380873456,250.99695619943782,23263400
2022-09-02,248.2724151611328,256.68842221316766,246.7307755662362,253.74089939007345,22855400
2022-09-06,245.5478515625,249.98854598700117,244.27769525029933,248.40814439377215,21328200
2022-09-07,250.24066162109375,250.9581464072949,245.5187784892074,246.95376285633063,24126700
2022-09-08,250.6576385498047,252.50955340324566,247.04108292316664,249.67837573045517,20319900
2022-09-09,256.41693115234375,257.1635319672501,252.37377054080144,252.57737549512018,22084700
2022-09-12,258.540283203125,259.3159703034846,257.09560851352137,257.6967475229018,18747700
2022-09-13,244.32618713378906,252.48040101382477,243.93834353048703,250.96784794774865,33353300
2022-09-14,244.5491943359375,246.49805856116708,242.26096879830945,245.8193507310912,23913000
2022-09-15,237.91722106933594,243.75412313348235,236.5985823888046,242.1737066610615,31530900
2022-09-16,237.29669189453125,237.83965816543386,234.69819143342704,236.8312795525679,39791800
2022-09-19,237.0833740234375,237.68451311918642,233.5249921595804,235.09571807800603,26826900
2022-09-20,235.07630920410156,236.10406881216943,232.3517727501466,234.7078762922614,26660300
2022-09-21,231.68276977539062,240.12787756364517,231.634287475008,236.84097880590735,28625600
2022-09-22,233.6510467529297,236.44346175605514,230.3447666716902,230.6356309055808,31061200
2022-09-23,230.68408203125,233.79646206572184,228.04680483912333,232.25480786085487,34176000
2022-09-26,230.22842407226562,234.10677196919062,229.69514827749381,229.84059520046236,27694200
2022-09-27,229.2200469970703,234.44611989699393,227.3681324316485,232.68146460352042,27018700
2022-09-28,233.73829650878906,234.95997054824008,227.59110496512747,229.60784728045007,29029700
2022-09-29,230.27688598632812,232.6523709038743,227.28086605201818,231.6246111693645,27484200
2022-09-30,225.81675720214844,233.224399677071,225.65192922341265,231.04282940218874,35694800
2022-10-03,233.41835021972656,234.26188606885609,227.52326022905194,228.25045038719026,28880400
2022-10-04,241.31077575683594,242.74576012730563,237.529378230904,237.63603337433412,34888400
2022-10-05,241.62106323242188,242.95909794804967,236.6761787000421,238.5086974304911,20347100
2022-10-06,239.2843475341797,242.72638403117548,238.59594911161383,240.38967602221575,20239900
2022-10-07,227.11602783203125,233.98070446797666,226.07856280672056,233.57346497384196,37769600
2022-10-10,222.27780151367188,227.42630569411762,219.83443833161004,225.9622347703348,29743600
2022-10-11,218.5545654296875,222.09355135270334,217.2940996232981,220.69734398530096,30474000
2022-10-12,218.8842315673828,220.93006041435294,217.14867761413385,218.54487025171542,21903900
2022-10-13,227.11602783203125,228.91945995498912,212.46557001660585,213.163673728378,42551800
2022-10-14,221.6087646484375,230.02478606979594,221.3954543611521,228.3764766144597,30198600
2022-10-17,230.3059844970703,231.69250151345716,227.98867230404574,228.64799911599317,28142300
2022-10-18,231.2464599609375,236.5113093692739,228.21164843552518,235.84230688122926,26329600
2022-10-19,229.28790283203125,232.32271452181564,227.16450518293112,229.83086912144609,19985700
2022-10-20,228.96792602539062,233.97099766347205,227.72685605551754,228.59949308712024,21811000
2022-10-21,234.75633239746094,235.6095734471352,227.3680863100955,227.60079244947556,26299700
2022-10-24,239.73033142089844,240.30238407052286,233.96129303725664,236.346468231669,24911200
2022-10-25,243.0366668701172,243.4050998483293,238.3535601564571,239.74006238454706,34775500
2022-10-26,224.28485107421875,231.05256356203466,223.06316209926047,224.13940416091688,82543200
2022-10-27,219.85382080078125,226.58275598538947,218.91332036173824,224.01334192609988,40424600
2022-10-28,228.69644165039062,229.40425069094275,219.17510664004706,219.3593305055409,40647700
2022-10-31,225.0701904296875,227.77533111378162,224.11998470584146,226.65060686599685,28357300
2022-11-01,221.2306365966797,228.57041637850017,220.41618716835114,227.46508792727667,30592300
2022-11-02,213.40606689453125,224.2654364159978,213.34787925724922,222.48140020209192,38407000
2022-11-03,207.73397827148438,213.70663669340686,207.4721856849331,213.3963618064245,36633900
2022-11-04,214.65679931640625,214.85071369781946,206.9388826605208,210.93358993228415,36789100
2022-11-07,220.9397430419922,221.46332820770985,214.5501694748692,215.23858262395112,33498000
2022-11-08,221.90931701660156,224.60476702569903,218.97147031751535,221.7444890427756,28192500
2022-11-09,217.6819610595703,221.67666935840754,217.50744250984388,220.45498033143147,27852900
2022-11-10,235.59022521972656,235.92958655895382,227.8529257557349,228.2698410290553,46268000
2022-11-11,239.5946044921875,240.44784564522814,234.5721369704996,235.59991144789905,34620200
2022-11-14,234.2036895751953,236.49191496687794,231.93486006162664,234.63031012538158,31123300
2022-11-15,234.6109161376953,239.48793649488397,232.72991540292844,238.1886937504624,31390100
2022-11-16,235.0387725830078,237.05148093249457,233.76503649853092,236.06942880902983,24093300
2022-11-17,234.99012756347656,236.51667602662837,231.05224616268976,231.19808812700944,23123500
2022-11-18,234.54286193847656,236.99311072037338,232.4134803048627,236.76946659991202,27613500
2022-11-21,235.3498992919922,237.8973712159803,234.51370406585946,234.74705121223045,26394700
2022-11-22,238.24740600585938,238.5196542333606,234.04699418411522,236.84726378647278,19665700
2022-11-23,240.72683715820312,241.40745776618633,237.5084623404124,238.32520706999225,19508500
2022-11-25,240.63929748535156,241.81579547416155,239.900325357093,240.46427230471662,9200800
2022-11-28,235.0679168701172,239.8225578203936,234.13449861777707,239.26834351489458,24778200
2022-11-29,233.677490234375,236.06938731272962,231.61617814466862,234.71786413074798,17956300
2022-11-30,248.0775604248047,248.26230347666475,233.2205218203915,233.910875092645,47594200
2022-12-01,247.64002990722656,249.0304395252054,243.97438162172944,246.8427208792038,26041500
2022-12-02,247.96087646484375,248.9720820268652,242.77841272299736,242.9048189819058,21528500
2022-12-05,243.2742919921875,246.79409803519974,241.19352923147437,245.0341875954859,23435300
2022-12-06,238.3349151611328,244.88835294425144,237.03201078829815,243.8771473447241,22463700
2022-12-07,237.6056671142578,239.3461270027659,235.5054686619729,238.0529405287907,20481500
2022-12-08,240.5518035888672,241.854722806182,236.3319411296729,238.06266840254827,22611800
2022-12-09,238.62660217285156,241.43660437225947,237.40148518904434,237.92653108598594,20609700
2022-12-12,245.5203399658203,245.5495083577721,240.32815848858516,240.6004067044122,30665100
2022-12-13,249.80828857421875,256.61452370043395,246.0648533202343,254.44624097086364,42196900
2022-12-14,250.0999755859375,255.32132556389985,247.27052281634482,250.01247040825905,35410900
2022-12-15,242.1172332763672,247.16357301987648,240.49346176051932,246.69686389132764,35560400
2022-12-16,237.9168243408203,242.9242630632895,236.76947979184487,241.66997762867638,86102000
2022-12-19,233.794189453125,238.42243914772908,232.1023632453267,238.08212143380248,29696400
2022-12-20,235.10678100585938,236.18605589055997,231.8203374254098,232.77320606888904,25150800
2022-12-21,237.6639862060547,238.82104848275608,233.4635747777796,234.9998409670087,23690600
2022-12-22,231.59674072265625,235.29155709825014,227.39631414751827,234.58175331390822,28651700
2022-12-23,232.12176513671875,232.2578892351766,227.46436256281203,229.57429350711575,21207000
2022-12-27,230.40077209472656,232.31622733519188,229.30204661323555,232.0925980656862,16688600
2022-12-28,228.0380401611328,233.08437961165026,227.6880046259404,230.33271426152407,17457100
2022-12-29,234.33868408203125,235.223498262144,229.12705170853215,229.12705170853215,19770700
2022-12-30,233.18162536621094,233.3177494769252,230.1090927684712,231.6161906747891,21938500
2023-01-03,232.94825744628906,238.9474656895386,230.82859367762717,236.35137496373926,25740000
2023-01-04,222.75839233398438,226.4240259849188,219.7053098488982,225.8503610691175,50623400
2023-01-05,216.1563262939453,221.25128535832076,215.62154764960167,220.9109676292611,39585600
2023-01-06,218.70379638671875,219.51082327228505,213.27826716927703,216.8272270587664,43613600
2023-01-09,220.83319091796875,224.8391571803077,220.1428524100426,220.18173866040308,27369800
2023-01-10,222.51528930664062,224.90718660058684,221.03735973961676,221.45544993887123,27033900
2023-01-11,229.24371337890625,229.41872372216184,224.7127021200409,224.88771246329648,28669300
2023-01-12,231.90789794921875,233.2594213403898,227.094919820166,228.74785985566473,27269500
2023-01-13,232.60794067382812,232.74406478160432,228.41724688827324,230.43967280124468,21333300
2023-01-17,233.69696044921875,234.24145690846152,230.52718988997353,231.3828356610212,29831300
2023-01-18,229.28262329101562,235.67076853478866,229.0006572078567,234.88319223600368,30028700
2023-01-19,225.51002502441406,229.00066284863416,224.2946258083473,227.30882179875937,28623000
2023-01-20,233.57054138183594,234.07615156759218,228.0185916995672,228.35890938614477,35389800
2023-01-23,235.86520385742188,238.38350713722812,233.01630075916648,234.42617553130606,31934000
2023-01-24,235.3401641845703,237.19729766623655,233.7844621578948,235.78743760454404,40234400
2023-01-25,233.94973754882812,236.56527872989417,224.50851101400366,227.98941574229838,66526600
2023-01-26,241.13519287109375,241.43660948835614,235.30127691453504,236.90559786802248,33454500
2023-01-27,241.290771484375,242.91454300523202,239.9975849790759,242.0977983186481,26498900
2023-01-30,235.9916229248047,238.80162509755758,235.4957305884033,237.74178578895192,25867400
2023-01-31,240.95045471191406,241.08657882687118,236.22498209780977,236.7111417707159,26541100
2023-02-01,245.75372314453125,248.1164521150048,238.67523924937854,241.13520609235906,31259900
2023-02-02,257.2756652832031,257.36317045013345,250.12911325561998,251.6556615153349,39940400
2023-02-03,251.19871520996094,256.8867894598402,249.98331599728726,252.35577763425286,29077300
2023-02-06,249.6624298095703,251.15007723406973,247.72752379068612,250.31389683270552,22518000
2023-02-07,260.15374755859375,261.33024559426707,252.88078856760495,253.31834411841427,50841400
2023-02-08,259.3468017578125,269.0991655635439,258.84117660606233,265.6377103726834,54686000
2023-02-09,256.32281494140625,266.3960585481187,255.525505975814,266.2210185187912,42375100
2023-02-10,255.81719970703125,256.77978626583,253.44473837157508,254.2906513684381,25818500
2023-02-13,263.8096923828125,266.9988986544617,259.7551076492649,260.23156430688056,44630900
2023-02-14,264.6361999511719,267.35868256455376,261.82618247447147,265.1223596801926,37047900
2023-02-15,262.5208740234375,263.8952813592712,259.4601307903443,261.5461195793408,28922400
2023-02-16,255.53189086914062,260.00601053578754,255.2882022397123,257.3546770577212,29603600
2023-02-17,251.5452117919922,253.52396277124762,249.53721935972925,252.84165228535363,30000100
2023-02-21,246.29127502441406,249.04009049318063,245.2385381346892,248.05557870006874,28397400
2023-02-22,245.16053771972656,247.9190951759008,244.0200765591585,247.6754065123544,22491100
2023-02-23,248.33824157714844,250.3559759296498,244.15653587973247,249.10829119149065,29219100
2023-02-24,242.92835998535156,244.66342210762315,241.8366395147742,243.649683795455,24990900
2023-02-27,243.84463500976562,246.4374860355747,243.09406973943646,246.08657375483682,21190000
2023-02-28,243.123291015625,245.14104018082875,242.45070796055708,242.78213582911255,22491000
2023-03-01,240.05282592773438,244.59517118131993,239.58493299824488,244.42946467971646,27565300
2023-03-02,244.77064514160156,245.05331745079246,239.4094944705545,240.32576623774196,24808200
2023-03-03,248.84510803222656,249.16677885152734,245.04357084699137,245.82337754163785,30760100
2023-03-06,250.38522338867188,253.55317601638902,249.51769234094775,249.9563289608396,24109800
2023-03-07,247.73391723632812,251.1845574289097,246.99310897042966,249.82963402877948,21473200
2023-03-08,247.29525756835938,248.11404792403098,244.47821715829852,247.62667058752513,17340200
2023-03-09,245.95008850097656,253.00730230567757,245.22876474046697,249.36172961054302,26653400
2023-03-10,242.31423950195312,246.40820579752568,241.34924197875884,244.74138378096757,28333900
2023-03-13,247.5096893310547,251.39896558800064,239.52644667781433,241.15428509526765,33339700
2023-03-14,254.20631408691406,254.4792442426015,249.40076516094558,250.26829634300452,33620300
2023-03-15,258.7388610839844,259.75261418809725,252.6661292714571,253.41670934490338,46028000
2023-03-16,269.22723388671875,269.57813126600007,256.6333912973098,258.51466054625075,54768800
2023-03-17,272.3757019042969,276.1772393298442,269.3442290300633,271.23525555020916,69527400
2023-03-20,265.35748291015625,270.47494508940247,263.0375619626868,269.98756773899805,43466600
2023-03-21,266.86834716796875,268.0575491212291,262.7158825243108,267.94058331388436,34558700
2023-03-22,265.4159851074219,273.9450893595406,265.30874661401754,266.497948625342,34873300
2023-03-23,270.6504211425781,273.9645815107582,268.2525326655101,270.9233512964952,36610900
2023-03-24,273.4869384765625,273.54542137989336,268.3304776871036,270.24098860593506,28172000
2023-03-27,269.4026794433594,274.3544196920251,268.56437502402,273.41866361100745,26840200
2023-03-28,268.2817077636719,269.16873798129603,265.18196566074795,268.82756793649463,21878600
2023-03-29,273.42840576171875,274.0425058819728,271.38141527658803,271.91751837517444,25087000
2023-03-30,276.8790283203125,277.2786812703255,274.3739316415299,277.0545067536676,25053400
2023-03-31,281.02178955078125,281.96730287180225,275.8556011455048,276.5671828397676,32766000
2023-04-03,279.97882080078125,280.992544334595,276.78162637356223,279.286723502298,24883300
2023-04-04,279.9300231933594,283.117489822551,278.45816395278734,279.9787787723989,25824300
2023-04-05,277.1617431640625,279.90080144519544,275.77760817176124,278.6336322553814,22064800
2023-04-06,284.2384948730469,284.70635812116194,274.91008465074276,276.06028813189846,29770300
2023-04-10,282.0842590332031,282.28894917802717,277.52238471849756,281.90878059048885,23103000
2023-04-11,275.6898498535156,278.7603508575734,274.5299191651681,278.5361465748028,27276600
2023-04-12,276.3332214355469,279.7643772791171,274.84184782081707,277.60042049037634,27403400
2023-04-13,282.52288818359375,282.58137108364906,276.02129123451107,276.4306715348985,24222700
2023-04-14,278.91632080078125,281.197243201843,276.5281599154827,279.75459555412215,20987900
2023-04-17,281.50909423828125,284.2384247499491,278.93575776704006,282.61057160840295,23836200
2023-04-18,281.0899963378906,284.39442891149264,279.76434427989847,284.2092231464568,20161800
2023-04-19,281.1680603027344,281.75288943980496,277.3567651079787,278.77014185211067,17150300
2023-04-20,278.88702392578125,281.7333204424285,277.88302787911294,278.0487492496202,23244400
2023-04-21,278.5458984375,279.04300308117706,275.91404898236954,277.8148324496472,21676400
2023-04-24,274.6566467285156,277.75638957147896,271.6836565150722,274.9685754009273,26611000
2023-04-25,268.4669494628906,274.49092630001803,268.41819388016194,272.45369257019934,45772200
2023-04-26,287.9132995605469,292.0072813214267,285.3399625443694,289.20974000859206,64599200
2023-04-27,297.1343994140625,297.495083564563,287.79626444724516,288.49808887303965,46462600
2023-04-28,299.5031433105469,301.13096702652024,295.6528502866571,296.33519048615636,36469600
2023-05-01,297.8460388183594,300.80930138647517,297.44638582832135,299.2204464922504,21294100
2023-05-02,297.6997985839844,301.37461262601437,296.23766672018985,299.9904777866923,26404400
2023-05-03,296.71533203125,300.819041090019,296.4131604465873,298.8792887083803,22360800
2023-05-04,297.6997985839844,299.9904777866923,295.7405323674121,298.50883179320516,22519900
2023-05-05,302.8074951171875,304.0941782629667,296.5885563264028,298.00196232327136,28197100
2023-05-08,300.8580322265625,302.36891985995953,298.3626625741606,302.30067989163814,21318600
2023-05-09,299.24969482421875,302.2129574604757,298.5771116971217,300.22444953048654,21340800
2023-05-10,304.4256286621094,305.09821176430125,299.9027824610233,300.8287815493971,30078000
2023-05-11,302.2811279296875,303.26563957263573,298.52834660179957,302.27140061196803,31680200
2023-05-12,301.1699523925781,302.8075331032812,298.8597885779878,302.71005168658775,19774700
2023-05-15,301.6475524902344,302.07644689728147,299.82476613385916,301.2966551101867,16336500
2023-05-16,303.8699645996094,305.79023219423584,302.0081798964215,302.0081798964215,26730300
2023-05-17,306.74200439453125,307.1620579462641,303.55734856697217,305.07153876896376,24315000
2023-05-18,311.1575927734375,311.665592368816,306.4685537852504,307.2598287418547,27276000
2023-05-19,310.981689453125,311.3822160378819,309.0572240548509,309.41866687685257,27546700
2023-05-22,313.7560729980469,315.1334851097125,310.659362704621,311.2357215634577,24115700
2023-05-23,307.97296142578125,315.26051959828607,307.9631830299581,312.63269496953484,30797200
2023-05-24,306.5955505371094,309.1842914063532,305.38419212471825,307.45521463229585,23384900
2023-05-25,318.3865661621094,319.3438949651791,312.6033903237595,315.7684901108892,43301700
2023-05-26,325.1954040527344,325.69359534814544,316.3936568169518,316.5304052743781,36630600
2023-05-30,323.5542907714844,327.9795816142876,322.8802372817965,327.4813902004807,29503100
2023-05-31,320.7994384765625,328.1749119576372,319.7639124360726,324.60928590262876,45950600
2023-06-01,324.8925476074219,325.8206007034054,317.2142423331167,318.39626537207107,26773900
2023-06-02,327.64739990234375,329.6988654721622,324.8632701870316,326.5239875083562,25873800
2023-06-05,328.1749572753906,330.734392827561,326.924544875392,327.47159843712996,21307100
2023-06-06,325.9671936035156,327.61813272213266,324.49211655757586,327.5790489490728,20396200
2023-06-07,315.9052429199219,326.7584266923508,315.04557889593144,323.9840754044963,40717100
2023-06-08,317.7418518066406,319.0899588404042,315.8759965452041,316.45235552980716,23277700
2023-06-09,319.2364196777344,322.3624353785323,316.9114274266321,317.47800789711727,22529000
2023-06-12,324.1794738769531,324.42369526305714,317.64410719983425,320.98503906691633,24260300
2023-06-13,326.5630798339844,329.1909043563213,322.75323214002157,326.738912078587,22951300
2023-06-14,329.54254150390625,331.20325873096044,325.11725150881233,326.6118850882896,26003800
2023-06-15,340.05389404296875,341.7536655006573,329.40584662971514,329.679373413851,38899100
2023-06-16,334.417236328125,343.3459850753044,334.04604484014123,343.1994581968657,46552000
2023-06-20,330.23614501953125,334.17299255500126,328.09676330100183,331.4670303403785,26375400
2023-06-21,325.8499450683594,329.923570971666,324.3943951235906,328.59499110748806,25117800
2023-06-22,331.8578186035156,332.2583453008443,325.63506173065974,326.39703135157714,23556800
2023-06-23,327.2761535644531,330.1481991797799,325.7424660612822,326.6314055883412,23146900
2023-06-26,321.004638671875,328.34102981665524,320.8971657453209,326.00628855643646,21520600
2023-06-27,326.8365783691406,328.38004429209786,321.68837287006505,324.18919728458985,24354100
2023-06-28,328.0870666503906,330.16783795083114,326.09421148504384,326.9245702882871,20259500
2023-06-29,327.30548095703125,328.3409772213773,324.93165630266327,326.97334345829574,16997000
2023-06-30,332.6686096191406,334.80799133337183,329.40581549810116,329.94309061938924,26832800
2023-07-03,330.177490234375,333.0202303553527,328.79032964679084,331.3497646514175,12508700
2023-07-05,330.3338317871094,333.752931098431,326.99290001201024,327.3445644884712,18172400
2023-07-06,333.3817138671875,335.0619581701481,327.7450950952517,329.5034771232006,28161200
2023-07-07,329.4253845214844,333.8897591570252,329.210468483103,331.47685037654594,21214800
2023-07-10,324.159912109375,327.4813467591402,320.017927004541,326.86590410565805,32791400
2023-07-11,324.7851867675781,325.1661566846007,319.4416208471581,323.4077743662795,26698200
2023-07-12,329.4058532714844,333.75297652887264,327.91121941871575,328.8197159187511,29995300
2023-07-13,334.7395935058594,335.79461674267833,331.1837159282275,331.711242452727,20567200
2023-07-14,337.25994873046875,343.3068725083686,336.35145234816736,339.55563567406386,28352700
2023-07-17,337.73870849609375,338.9695642229461,334.29030311956524,337.689846323102,20363900
2023-07-18,351.1805725097656,358.30207642907544,334.26093764915,337.8363124834503,64738600
2023-07-19,346.8725891113281,354.08201092658555,344.293626158434,353.38843037126543,39732900
2023-07-20,338.852294921875,349.6957307761419,337.3869665581141,345.3974402048797,33778400
2023-07-21,335.823974609375,342.20303681474576,331.9750427010371,341.07962426148026,69405400
2023-07-24,337.1329650878906,338.901155398555,334.397697414045,337.8558806826926,26678100
2023-07-25,342.8673095703125,343.7562790203098,337.09391224924093,339.0867373558683,41637700
2023-07-26,329.96258544921875,336.7031188576935,325.4102957060048,333.54776814346803,58383700
2023-07-27,323.0755310058594,333.44027047963834,321.44411931935497,332.60994176424407,39635300
2023-07-28,330.54876708984375,332.1508737419497,325.46897998950345,325.95742277677743,28484900
2023-07-31,328.1553649902344,329.89421985375384,325.654510875741,329.1322504149572,25446000
2023-08-01,328.56573486328125,330.71489534190965,325.98677210111305,327.4423222635288,18311900
2023-08-02,319.9300231933594,325.9183364890345,318.8163593371292,325.9183364890345,27761300
2023-08-03,319.10943603515625,322.25500868577666,318.415855644904,318.46468799733185,18253700
2023-08-04,320.2035827636719,327.3934767757319,319.6760561560359,324.2088199611453,23741500
2023-08-07,322.47967529296875,323.45656084506595,319.94954529049863,320.77990397221754,17741500
2023-08-08,318.5135498046875,321.1511529476865,315.53406053871555,319.4025193112215,22327600
2023-08-09,314.7818908691406,319.54906805843905,313.62914308212316,318.92387671073834,22373300
2023-08-10,315.4656982421875,320.67251582192995,313.7561482330681,318.48427153797036,20113700
2023-08-11,313.5900573730469,314.9576912566164,311.8316453980151,312.8573931698293,24355500
2023-08-14,316.550048828125,316.56957580963035,312.6815600127045,313.9613076998514,18836100
2023-08-15,314.4203796386719,317.5757308061961,313.482577825794,315.53404351386234,16966300
2023-08-16,313.65673828125,317.5921510091484,313.06936012593593,314.0483137596947,20698900
2023-08-17,310.2109069824219,315.09587723168505,309.5549947446499,313.7938817302348,21257200
2023-08-18,309.8193359375,311.679342341884,304.99307058455463,307.8711973932979,24755000
2023-08-21,315.105712890625,315.97696640050947,310.36757919700125,311.2388327068857,24040000
2023-08-22,315.6734313964844,319.21723934340076,314.6944776045053,318.6494592891844,16084600
2023-08-23,320.117919921875,322.2716304158125,316.65241480901244,317.00485374224843,21166400
2023-08-24,313.23583984375,325.97203798658785,313.2260407459276,325.84476921608996,23281400
2023-08-25,316.1824951171875,318.5123799630537,312.09044570865603,314.70426538436715,21684100
2023-08-28,316.8874206542969,319.2858400208198,314.94908098588996,318.80616212257627,14808500
2023-08-29,321.4982604980469,322.056271402599,315.1056925945481,315.1056925945481,19284600
2023-08-30,321.8702087402344,322.86873080054954,319.57946057224274,321.75273907140877,15222100
2023-08-31,320.86187744140625,323.9455756518063,319.90249205082335,322.27157317335417,26411000
2023-09-01,321.74298095703125,325.00288418337306,319.9025429102048,324.33720272503615,14942000
2023-09-05,326.5299987792969,327.80265653043256,321.74293066142496,322.07577133856296,18553900
2023-09-06,325.8741455078125,327.42087936565457,323.23095829944674,326.3636224074877,17535800
2023-09-07,322.9666748046875,326.0699418421109,322.1051906191248,324.3176359252016,18381000
2023-09-08,327.23486328125,329.08510023164433,322.52609807587226,323.1428437260037,19530100
2023-09-11,330.82763671875,331.29754527961506,328.3704532160462,330.1423571352341,16583300
2023-09-12,324.7875061035156,329.7018735211136,324.50363099894156,328.75228709732,17565500
2023-09-13,328.9872131347656,329.76059500536803,324.2001445661415,324.3371825636095,16544400
2023-09-14,331.57171630859375,333.6862305598508,329.4865396056531,332.0122276628957,20267000
2023-09-15,323.2701721191406,330.29905425690873,322.7121612017879,329.82917548465673,37679800
2023-09-18,322.1345520019531,323.4463465779978,319.4913646526402,320.90106058890035,16834200
2023-09-19,321.7331848144531,322.45763099664185,317.6803313099975,319.3053983263758,16505900
2023-09-20,314.01898193359375,322.65336113195434,313.7644742751729,322.5750579775089,21436500
2023-09-21,312.8050537109375,318.5025710351489,308.3703949406128,312.54074698466565,35560400
2023-09-22,310.3381652832031,314.68472270748657,309.49624944861836,314.5574539286877,21447900
2023-09-25,310.8570556640625,310.98432446171176,308.3705041858595,309.92703743147536,17836000
2023-09-26,305.5707092285156,309.23198754848005,303.4953016985724,308.4977720645104,26297600
2023-09-27,306.20697021484375,307.6851701509051,303.1722074325514,305.7272625333357,19410100
2023-09-28,307.03912353515625,308.8403951730469,302.9373041972711,304.44487173232886,19683600
2023-09-29,309.1046142578125,312.7463230222275,308.35083070419796,311.06252155319055,24147300
2023-10-02,315.0273132324219,315.1154453625428,308.5466440139972,309.6234991428816,20570000
2023-10-03,306.7943115234375,314.62594105043695,304.66016977210535,314.0776994982749,21033500
2023-10-04,312.2470703125,313.3043570607618,307.3914682241067,307.4208356407086,20720100
2023-10-05,312.638671875,313.24564832750764,308.27254628304615,312.3743651035606,16965600
2023-10-06,320.3724365234375,322.2618102249638,309.6430811517103,309.8878196065806,25673600
2023-10-09,322.8785400390625,323.34841872912307,316.37827265710837,317.9152372482106,19891200
2023-10-10,321.4786682128906,324.13162477364205,320.7738202479149,323.9945568948938,20557100
2023-10-11,325.42388916015625,325.81546476985574,322.2129213601342,324.23933335603755,20063200
2023-10-12,324.19036865234375,326.6083859172805,321.8017188086289,323.6127894514465,19313100
2023-10-13,320.83251953125,326.80411343693316,319.4913278140148,325.3846484410319,21072400
2023-10-16,325.6391906738281,329.06552880865223,323.6421166530187,324.08262791660326,22158000
2023-10-17,325.0714111328125,326.4419405397074,320.51928173209353,322.65339394249423,18338500
2023-10-18,323.1624450683594,328.5271229876209,321.3905409680336,325.4923600401383,23153600
2023-10-19,324.3469543457031,329.7899346500429,323.94557973464435,325.15947278983907,25052100
2023-10-20,319.7948303222656,324.9343374400908,318.6005055684448,324.73853474262626,25027700
2023-10-23,322.38909912109375,325.7273354388913,317.56286365993043,318.620120705819,24374700
2023-10-24,323.5736389160156,324.8560661648909,320.7053110922139,324.32742268148115,31153600
2023-10-25,333.5002136230469,338.9138270951405,330.51438652342347,337.7586388732426,55053800
2023-10-26,320.9891662597656,334.4399815109655,320.05914822735156,333.3729254857893,37828500
2023-10-27,322.8687744140625,329.63334926048014,321.4884458683103,323.4757210351802,29856500
2023-10-30,330.2109069824219,332.3058824741977,324.84622935304117,326.39299310170355,22828100
2023-10-31,330.9940490722656,331.8653322788638,327.64604386616816,331.7184951865434,20265300
2023-11-01,338.78656005859375,340.1081537078223,332.5016633074158,332.6387311841403,28158800
2023-11-02,340.9892272949219,341.48847346531505,337.5139230484177,339.93194035995595,24348100
2023-11-03,345.3749084472656,346.93147136857294,340.02002965992455,342.2716414539088,23637700
2023-11-06,349.0263977050781,350.01515060483416,345.9133317859224,346.0112331411466,23828300
2023-11-07,352.9422302246094,354.83160398439014,350.1032700356418,351.83600759444016,25833900
2023-11-08,355.5560302734375,356.211912585882,352.9617788165993,354.06800138493276,26767800
2023-11-09,353.0988464355469,357.11256296700316,352.77577495327927,354.6749477041347,24847300
2023-11-10,361.889892578125,362.31083557483976,353.47088326732273,353.88202716517856,28042100
2023-11-13,358.9627990722656,360.71513487046275,358.1992162461448,360.4703964021509,19986500
2023-11-14,362.4772033691406,364.1218684157094,359.6186750774512,363.2016494775537,27683900
2023-11-15,362.6243896484375,366.0184363495822,360.1131537221127,364.20368992773217,26860100
2023-11-16,369.0005187988281,369.17708096054344,363.1246629725075,363.88979560921166,27182300
2023-11-17,362.8009338378906,367.2347751466243,360.00524677898665,366.4892506146671,40157000
2023-11-20,370.246337890625,371.64907620133334,363.9290760622169,364.1448842589367,52465100
2023-11-21,365.9595947265625,369.0495522871196,364.0467481750121,368.5100468166504,28423100
2023-11-22,370.6484680175781,372.5514954656195,367.8233538705503,370.7956031427492,23345300
2023-11-24,370.2364807128906,370.766197129462,367.99014782412655,370.1383806452385,10176600
2023-11-27,371.3939514160156,373.3852898149662,369.02991062580026,369.59884307126106,22179200
2023-11-28,375.40606689453125,375.7003371685908,370.95258715281994,371.1389683050371,20453100
2023-11-29,371.62939453125,376.9755034472532,370.24626453575155,376.4458170169272,28963400
2023-11-30,371.68829345703125,372.8457964517108,368.3138546072338,371.27628513665223,30554400
2023-12-01,367.3721618652344,370.9525899274523,364.23313921740737,369.579278745005,33040500
2023-12-04,362.1044616699219,362.47719398696046,355.98337139108264,362.06521566015255,32063300
2023-12-05,365.4200439453125,365.9693683802573,358.65155863650625,359.46575623768496,23065000
2023-12-06,361.77099609375,367.0484629860128,361.01568236902807,366.4206763695036,21182100
2023-12-07,363.87994384765625,364.37041416963126,359.3381838764181,361.2117840986747,23118900
2023-12-08,367.0975341796875,367.3231314340742,361.2118886130133,362.1634025103966,20154400
2023-12-11,364.2232666015625,364.51756677042914,359.1223929698161,361.45703660419446,27708800
2023-12-12,367.2445983886719,367.28384440026525,363.3992975227853,363.7818787799653,24838300
2023-12-13,367.23480224609375,370.4424978188213,363.70340938140794,368.8533485777596,30955500
2023-12-14,358.9556579589844,366.63644114858533,357.18997650221536,366.19500581642444,43277500
2023-12-15,363.66424560546875,365.30240021178247,359.2990464463836,359.85818996702847,78502300
2023-12-18,365.54754638671875,365.89088161939304,361.65321060475327,362.4085541038235,21802900
2023-12-19,366.1459655761719,366.1459655761719,362.79113493260104,364.40968123442,20603700
2023-12-20,363.5562438964844,368.8631367699809,363.46796282422974,367.8527690284867,26316700
2023-12-21,366.42059326171875,367.2740068711911,362.98730085105643,365.45926060979707,17708000
2023-12-22,367.4407653808594,368.02933580590116,365.606411005962,366.55792471126443,17107500
2023-12-26,367.519287109375,369.7558309565617,366.38139217856946,367.852803392138,12673100
2023-12-27,366.9404602050781,367.9115818269334,365.70446546022123,366.5676979845066,14905400
2023-12-28,368.1274719238281,369.2849749136942,367.02882298863733,368.2157530058411,14327000
2023-12-29,368.8729553222656,369.9716041347207,366.3617494835299,368.83370931155366,18730800
2024-01-02,363.801513671875,368.7356447522221,359.7796503608471,366.73451711634624,25258600
2024-01-03,363.5366516113281,366.1459576250118,361.48648901542015,361.97695939537715,23083500
2024-01-04,360.9273986816406,365.98905733956127,360.17208496235486,363.6053781270113,20901500
2024-01-05,360.740966796875,364.96881910463645,359.5147908390338,361.93771572916546,21004600
2024-01-08,367.5487060546875,368.04899543580075,361.9769695664422,362.26142084093584,23134000
2024-01-09,368.6277160644531,368.8238862439724,364.11538283242464,364.9197613954772,20830000
2024-01-10,375.47467041015625,376.8480113734613,369.14762069750896,369.1966557593691,25514200
2024-01-11,377.29925537109375,383.2339350900792,373.1302570741052,378.64313944413783,27850800
2024-01-12,381.0660095214844,381.2719986726898,377.3188091126789,378.14279565343315,21661200
2024-01-16,382.8317565917969,386.52010359232963,380.2322694497991,386.15716028479716,27202300
2024-01-17,382.0469970703125,382.67478358686355,377.47580955942465,380.58540492477397,22234100
2024-01-18,386.3631591796875,386.4808672893111,382.68463107425833,384.2541423864291,23392100
2024-01-19,391.0716857910156,391.0716857910156,386.00020863284516,388.2171444423586,29331100
2024-01-22,388.95281982421875,392.98447186970276,386.088459710553,392.3959014424087,27016900
2024-01-23,391.29730224609375,391.7681646348443,386.42202498468174,388.2073445307626,20525900
2024-01-24,394.88751220703125,397.89900754206303,392.8177415608544,393.88696340305137,24867000
2024-01-25,397.1534729003906,399.25270045475327,394.858075159448,396.6139674673759,21021200
2024-01-26,396.2314453125,398.4287732558815,394.7600339819583,396.66306169766744,17803300
2024-01-29,401.9110412597656,402.16609543170915,396.62375630100183,398.3207945584323,24510200
2024-01-30,400.8025817871094,405.1775691973873,398.7033841260815,404.40264755037606,33477600
2024-01-31,390.0024719238281,407.4043839387936,389.6395285786488,399.2037024045015,47871100
2024-02-01,396.084228515625,400.2237994029656,394.1419551827626,394.1713822058696,30657700
2024-02-02,403.3824462890625,404.78518434173446,395.86843674032343,396.113671921669,28256700
2024-02-05,397.9185791015625,403.32357180404665,396.2902139876251,402.0875769731937,25352300
2024-02-06,397.76171875,400.1944629759933,395.2309043820716,398.14430007293356,18382600
2024-02-07,406.1585388183594,406.4037740259386,399.6352882839393,399.67453429921477,22340500
2024-02-08,406.2174072265625,407.63978345515557,404.66753383171147,406.158553169539,21225300
2024-02-09,412.53460693359375,412.799480086422,407.17867899598485,407.3356331031592,22032800
2024-02-12,407.3454895019531,412.7210259706923,406.8452001103824,412.54446380988065,21202900
2024-02-13,398.5758361816406,402.25436384146246,395.7016870880575,397.22213321307663,27824900
2024-02-14,402.4282531738281,402.77222335184723,397.59311635632974,401.03275815392834,20401200
2024-02-15,399.54876708984375,402.07445398469247,397.31792461353893,401.10153638347543,21825500
2024-02-16,397.0918884277344,401.24895188558764,396.4825852713034,400.9246260176193,22296500
2024-02-20,395.8437805175781,397.5144455402651,391.1462141740097,396.28600214507156,24307900
2024-02-21,395.24432373046875,395.35244235543763,390.3698682526408,393.2690069492409,18518900
2024-02-22,404.5509948730469,405.710638303165,401.52412337910727,403.1161813071161,27009900
2024-02-23,403.2635803222656,408.6883757427927,401.9172111140197,408.5016799323737,16295900
2024-02-26,400.5119323730469,405.05225512208284,400.3350137011801,404.3643147092536,16193500
2024-02-27,400.4529113769531,401.2784217577938,396.8855068799419,400.9540958991776,14835800
2024-02-28,400.6887512207031,402.2414904650158,398.33014591696406,401.14080998935714,13183100
2024-02-29,406.5066833496094,407.05702360240457,398.91981558888216,401.5929096701564,31947300
2024-03-01,408.33465576171875,408.6982702714908,403.7943329800158,404.1775917906704,17823400
2024-03-04,407.7646179199219,410.1527047870807,405.2094495475142,406.3101300793095,17596000
2024-03-05,395.7061767578125,407.10613735676765,393.73086019090937,406.82113009418805,26919200
2024-03-06,395.1558837890625,398.17294829822555,391.5197089331465,396.02071283324057,22344100
2024-03-07,402.08428955078125,402.71323699020854,395.30325783772497,399.11635103541613,18718500
2024-03-08,399.2146301269531,403.34221201538827,397.357209279769,400.9246137706761,18002200
2024-03-11,397.5439453125,398.68394443475927,394.34018518419236,396.7970720878644,16120800
2024-03-12,408.1183776855469,408.4033849510457,399.77479973523793,400.5904729541975,22457000
2024-03-13,407.9414978027344,410.968369200055,404.35444900675975,410.88976201717287,17115900
2024-03-14,417.8869934082031,420.4421618629372,410.7816654727546,412.99286375239626,34157300
2024-03-15,409.2387390136719,415.31215606424155,405.6713345351322,412.0592402980969,45079900
2024-03-18,410.12322998046875,413.4744273628243,406.6442696787311,407.10616562272253,20106000
2024-03-19,414.1427001953125,414.39822603826195,408.38374152289526,410.62442124737834,19837900
2024-03-20,417.89678955078125,418.6141812833587,413.40559339888034,414.72248109059194,17860100
2024-03-21,421.96539306640625,423.3903994195494,419.79351351352574,422.4174518440492,21296200
2024-03-22,421.3463134765625,422.44699413264203,418.72237476810477,422.2897797457437,17648500
2024-03-25,415.5676574707031,420.03920955948905,414.33921403828305,417.9066185646381,18060500
2024-03-26,414.3785095214844,418.6436612820826,414.0836951106592,418.270209700842,16725600
2024-03-27,414.162353515625,417.13029224439015,411.7841036640323,417.12045509904823,16705000
2024-03-28,413.4645690917969,414.5947310272611,411.89215553357553,413.70042062857715,21871200
2024-04-01,417.2481994628906,420.5109524938084,414.9387197575333,416.6388963047316,16316000
2024-04-02,414.17218017578125,415.0959720756304,410.6342569413904,412.8650995128624,17912000
2024-04-03,413.1993103027344,415.96084917644856,411.862748041314,412.49172557405285,16502300
2024-04-04,410.6735534667969,421.27748545517426,410.36890189824567,417.66092523693425,19370900
2024-04-05,418.1817626953125,419.1547102273811,411.10594695925613,412.7668047759354,16554800
2024-04-08,417.26788330078125,419.91149627913853,416.00012113110665,417.8378979159273,14272400
2024-04-09,418.9287414550781,420.3635551563133,414.3491001983128,419.08598583198443,12496900
2024-04-10,415.9608154296875,416.71752584552905,412.46221066374153,414.90926057255786,16216600
2024-04-11,420.5502624511719,421.96543178968227,415.076310912024,418.4766641791292,17966400
2024-04-12,414.62420654296875,417.8476407951663,412.53093421008157,416.7371231732088,19253800
2024-04-15,406.5066833496094,419.45938357073686,406.3002832613404,419.24317632918917,20273500
2024-04-16,407.4304504394531,411.18458077665684,406.59513289625886,407.4206432860486,16765600
2024-04-17,404.7377014160156,411.6563030616971,403.2537321874578,410.054408065017,15855500
2024-04-18,397.29827880859375,404.78689570186344,396.98382006074763,403.54861503604855,21029900
2024-04-19,392.237060546875,398.4873961854359,390.9103356715456,397.0623898394721,30565800
2024-04-22,394.0453796386719,395.90280071692837,388.9252352238132,393.18055056464544,20286900
2024-04-23,400.5413818359375,401.16052215978465,396.10914808184776,397.26879155025864,15734500
2024-04-24,402.00567626953125,405.3568737379943,399.76499652417516,402.4970536697523,15065300
2024-04-25,392.1584777832031,392.9938253486681,381.3383380037112,387.2348667133991,40586500
2024-04-26,399.31292724609375,405.8777219430486,398.7625869715763,405.0620486762338,29694700
2024-04-29,395.3131103515625,399.31292950505053,392.30588312333157,398.2613746922827,19582100
2024-04-30,382.61590576171875,395.2246663994194,382.4586913890698,394.5662074998568,28781400
2024-05-01,388.129150390625,394.79222617325195,383.5789912516123,385.83931510454033,23562500
2024-05-02,390.9791259765625,393.03307969917586,387.8441360864439,390.80223732859616,17709400
2024-05-03,399.6470947265625,400.12863501045786,394.9298534066163,395.34262364373967,17446700
2024-05-06,406.40838623046875,406.79164496723695,399.3620218492585,401.71081997342634,16996600
2024-05-07,402.2808837890625,407.51898415720547,402.03519506612554,407.50914701107223,20018200
2024-05-08,403.4601745605469,405.1210326153664,399.6962067828019,401.13105042212936,11792300
2024-05-09,405.20947265625,405.60256858412407,402.04500095122404,403.48965172941627,14689700
2024-05-10,407.58770751953125,408.2166849740278,404.698406069441,405.8187609135271,13402300
2024-05-13,406.5853271484375,411.13548678399485,403.7353441559508,410.80135374265615,15440200
2024-05-14,409.37628173828125,410.29023638079735,404.45267125877155,404.914567151972,15109300
2024-05-15,416.5338439941406,417.2525598208021,410.81374213755174,411.433999213995,22239500
2024-05-16,414.4761962890625,418.8376756715858,413.84611435268135,415.2736611097877,17530100
2024-05-17,413.7082824707031,416.3763735645946,411.56201978291415,416.00224831627656,15352200
2024-05-20,418.7589111328125,420.1667782061981,413.49168315107727,413.7082803966284,16272100
2024-05-21,422.40167236328125,426.27085809319817,418.27649987771593,420.2258450310574,21453300
2024-05-22,423.8587341308594,425.71950537683756,420.5212017999642,423.43539455106486,18073700
2024-05-23,420.3932189941406,426.89110613989686,418.8376788510908,426.2708490423147,17211700
2024-05-24,423.50433349609375,424.3904021961967,417.8433006318776,420.58028575397856,11855300
2024-05-28,423.6618347167969,424.1540984130066,419.99939161518114,422.98250841239616,15718000
2024-05-29,422.5296325683594,424.27223522977,419.1034664398289,419.1034664398289,15517100
2024-05-30,408.2540283203125,417.73500282997145,407.8306586642601,417.73500282997145,28394500
2024-05-31,408.7068786621094,410.3018082986228,398.25120211572766,410.3018082986228,47995300
2024-06-03,407.1217956542969,409.98677424724076,402.5929932498963,409.10070551791864,17484700
2024-06-04,409.63232421875,409.99659455099004,403.341179685009,406.04863004617806,14348900
2024-06-05,417.449462890625,417.5183569725432,409.8587351784671,411.3453811328119,16988000
2024-06-06,417.9515686035156,418.7293536763162,414.0725281736093,417.44948005128595,14861300
2024-06-07,417.29193115234375,419.6843254469309,416.45507688003147,419.60557647742206,13621700
2024-06-10,421.2497253417969,421.45646767892094,417.33132559781046,418.12879037210877,13982900
2024-06-11,425.9853210449219,426.1231693068597,418.670289453605,418.89674157876317,14551100
2024-06-12,434.2356872558594,436.5394779500611,426.5465300525426,428.58450914389596,22366200
2024-06-13,434.7475891113281,436.5296113185569,432.57179200487434,434.02890334988575,15960600
2024-06-14,435.7223205566406,436.2835084137765,429.9628289677156,431.4986893853765,13582000
2024-06-17,441.43255615234375,443.96279884211964,433.90092737019853,435.7419888452348,20790000
2024-06-18,439.4339294433594,443.17515136355723,438.00638282722565,442.7517817727517,17112500
2024-06-20,438.8038635253906,439.6210080275433,434.4423844149745,439.3945559147101,19877400
2024-06-21,442.82073974609375,443.6083496603445,439.60134591371855,440.45787995794916,34187100
2024-06-24,440.743408203125,445.74479433203504,439.5028940256874,442.8404263927747,15913700
2024-06-25,443.97265625,444.4353853435752,439.83762902888526,441.3144201727987,16413400
2024-06-26,445.1638488769531,446.5815705330412,441.2552744582943,442.0527391341704,16507000
2024-06-27,445.84326171875,449.11190006347704,444.7799552473841,445.1836151073107,14806300
2024-06-28,440.0345458984375,448.3341049043701,439.50289267468526,446.059848949654,28362300
2024-07-01,449.6632080078125,450.2932899171113,438.7644825324962,441.71806471797646,17662800
2024-07-02,452.17376708984375,452.47896819642483,446.09921948918884,446.1878533998419,13979800
2024-07-03,453.6406555175781,453.88678735468443,450.79538710423196,451.1005881786126,9932800
2024-07-05,460.32562255859375,461.10340760685847,451.8685359116121,452.4986178155469,16000300
2024-07-08,459.0260314941406,460.46346308739743,457.2735739768986,459.33123257528905,12962300
2024-07-09,452.42974853515625,460.09919566591896,450.9135678636905,459.77431483044427,17207200
2024-07-10,459.0359191894531,459.24266153927346,451.76024698147666,454.0837473649462,18196100
2024-07-11,447.6645812988281,457.5886033952175,444.5632962261541,455.81646624973735,23111200
2024-07-12,446.53240966796875,449.2989293786312,443.6772860929006,447.3003398715442,16324300
2024-07-15,446.9360656738281,450.185024234339,444.44521246679955,446.28627396172595,14429400
2024-07-16,442.5647277832031,447.27076735934133,439.7489939570935,447.19201839056086,17175700
2024-07-17,436.6576232910156,437.96706168336215,432.38477757281146,435.74201993255645,21778000
2024-07-18,433.5563049316406,437.770080793845,427.67867544192785,437.4648797185402,20794800
2024-07-19,430.34674072265625,434.31441483454387,425.3158203253179,426.39880643244663,20940400
2024-07-22,436.0865783691406,437.7208974938516,432.1189340633458,434.95437784378936,15808800
2024-07-23,437.9670715332031,441.45230735280467,436.2441483800791,437.0317583747776,13107100
2024-07-24,422.2637939453125,434.64916540683873,420.9740654607642,433.6351033912307,26805800
2024-07-25,411.92626953125,423.14987619224735,411.05005574464656,422.1653487650477,29943800
2024-07-26,418.69000244140625,422.2835518813266,410.813782378712,411.72941579550053,23583800
2024-07-29,420.1274108886719,425.46353285919287,418.12882136064246,424.9023450000168,15125800
2024-07-30,416.3763427734375,422.4114705197089,410.90234276735913,421.1020622928212,32687600
2024-07-31,411.87701416015625,415.2539356882569,405.83200193737093,413.9937419087569,42891400
2024-08-01,410.6562194824219,420.8460843318748,406.69843005351635,414.27930323794226,30296400
2024-08-02,402.1695556640625,408.57883813707474,398.08377329176966,406.10766494731143,29437900
2024-08-05,389.0359802246094,394.8348607957488,379.61404618021845,383.1485258419234,40709200
2024-08-06,393.427001953125,399.3932659734361,392.33419089963513,393.8109820824443,24946500
2024-08-07,392.2652893066406,403.73502880977026,391.32015130804484,402.3173368345742,20650900
2024-08-08,396.4593505859375,399.58028569311574,393.7519001712231,396.2132187300544,20203000
2024-08-09,399.73779296875,401.73638233312255,396.03599047899144,397.77859311198716,19276700
2024-08-12,400.5155944824219,402.43543495594565,397.98535182009545,400.76172633567404,16762900
2024-08-13,407.60418701171875,408.5296451452922,403.23288307516907,403.2525628062739,19414300
2024-08-14,410.4100646972656,411.25677385836923,406.0683254390975,408.3819407203729,18267000
2024-08-15,415.2626953125,415.34158622213624,411.9388626649199,414.0495331175792,20752100
2024-08-16,412.73773193359375,415.56841339671666,411.5837455377081,414.8385596674218,22775600
2024-08-19,415.7558898925781,415.9728775412764,410.75533141999813,413.2210864735919,15234000
2024-08-20,418.9810485839844,420.0265262237166,415.86436096713305,415.92353667507666,16387600
2024-08-21,418.3301086425781,420.55913050260955,415.943244764668,418.27090283610073,16067300
2024-08-22,409.85772705078125,420.94378045645306,408.9306008917766,418.5470440541718,19361900
2024-08-23,411.0807800292969,413.51694694228206,406.4451490290269,411.2681797994915,18493800
2024-08-26,407.8259582519531,411.5640508373135,405.7054152115458,410.6665125068156,13152800
2024-08-27,408.1711730957031,408.6840392458711,404.6303529004273,407.2045864016282,13492900
2024-08-28,404.9755554199219,409.315277644923,401.73061382710534,409.19692623598894,14882700
2024-08-29,407.4610290527344,416.268697643249,404.9755591436319,409.25610570352524,17045200
2024-08-30,411.42596435546875,411.7711459201445,406.48458250077,409.9070510926303,24308300
2024-09-03,403.8314208984375,414.1284143405953,401.4544298925835,412.1853985449122,20313600
2024-09-04,403.2988586425781,405.6068015782242,398.830912042889,400.3498254636215,15135800
2024-09-05,402.79583740234375,407.44131080829675,400.56678553175374,402.0363656944642,14195500
2024-09-06,396.197509765625,405.0248942566708,395.30981392110493,403.4566777506577,19609500
2024-09-09,400.1624450683594,403.0523026786457,396.64133973593033,401.6616132591262,15295100
2024-09-10,408.5262756347656,410.627073483588,402.11531302402886,402.6084639940855,19594300
2024-09-11,417.2451477050781,418.1821164133012,403.9695029843538,409.80842324527,19266900
2024-09-12,421.1509094238281,421.5158363092752,414.0002206806835,417.51145302107784,17395700
2024-09-13,424.6917419433594,425.914746697553,419.6320082561189,419.9969351521576,15874600
2024-09-16,425.43145751953125,427.5914610863902,422.3542004104568,424.70160374609685,13834700
2024-09-17,429.1893005371094,435.79753584231287,426.34874601904636,434.1997314507894,18874200
2024-09-18,424.9087219238281,430.05721907964937,424.5142071811442,429.04132931995406,18898000
2024-09-19,432.6807861328125,435.452292084435,430.91529729082623,435.1860014052933,21706600
2024-09-20,429.3076171875,433.22323693457605,428.27201223229315,431.23091793236443,55167100
2024-09-23,427.5717468261719,430.48131937501944,424.4944897103184,428.3311884542686,15128900
2024-09-24,423.2911682128906,427.41390262464773,420.26321438100086,427.0686909653906,17015800
2024-09-25,426.1908874511719,427.18706197372046,422.6994004960537,423.94212038705155,13396400
2024-09-26,425.40185546875,429.33719028271923,423.2517246244965,429.1300753187062,14492000
2024-09-27,422.156982421875,425.9345360380006,421.61452834728004,425.60903951360433,14896100
2024-09-30,424.4057312011719,424.5241127227398,419.54326964937644,422.34436366886086,16807300
2024-10-01,414.9273986816406,422.61069983568314,413.0731460704372,422.58111197910216,19092900
2024-10-02,411.4161376953125,417.0281982052677,411.00187763203274,416.7914652693021,16582300
2024-10-03,410.8341979980469,413.8029462214933,408.61501874387466,411.90926344701154,13686400
2024-10-04,410.36077880859375,414.00023534021534,409.28571331626097,412.5109097932594,19169700
2024-10-07,403.9301452636719,411.39642881924686,403.39753373502316,410.30164800432675,20919800
2024-10-08,409.02923583984375,409.9662346464486,402.5788433485802,405.2714281620606,19229300
2024-10-09,411.7416076660156,414.62162263212304,408.6248898614367,410.1635185105957,14974300
2024-10-10,410.143798828125,411.63312440285347,407.49064417755886,409.54216908706456,13848400
2024-10-11,410.6172180175781,411.41612015597997,407.589263932771,410.4396908978323,14144900
2024-10-14,413.3985900878906,418.2314633461143,411.80075573680847,412.0473312101826,16653100
2024-10-15,413.0040283203125,416.692817718463,409.5717171353566,416.3969091028174,18900200
2024-10-16,410.4199523925781,410.65665522282575,404.85722518493617,409.4829836231505,15508900
2024-10-17,411.0117492675781,416.7125733271007,409.89722324961605,416.57447660649984,14820000
2024-10-18,412.4320068359375,413.9015870376485,410.55803924257515,411.42598973201757,17145300
2024-10-21,413.0435485839844,413.22107571933117,408.08245074925037,410.41998166329415,14206100
2024-10-22,421.6539306640625,424.68185459098345,412.31365056093216,412.75746835174544,25482200
2024-10-23,418.7837829589844,425.1749998576998,416.7421308498749,424.95801224079617,19654400
2024-10-24,418.9120178222656,420.144895200207,416.6139175340375,419.5037748840412,13581600
2024-10-25,422.28515625,426.5952907757042,420.72681247783265,420.9142122484759,16899100
2024-10-28,420.7464904785156,426.02321124416125,420.46045452237,425.7470479380857,14882400
2024-10-29,426.0331726074219,427.2364622843578,419.967391061662,422.13726756090693,17644100
2024-10-30,426.60516357421875,432.4933871760131,426.1810609771617,431.4479095602445,29749100
2024-10-31,400.7838134765625,410.4594334413064,400.73448031809437,409.6703738017444,53971000
2024-11-01,404.7486877441406,409.8084210802644,401.91800623395363,403.40733166804887,24230400
2024-11-04,402.8648376464844,404.79801090779887,400.0144410053543,404.1864784886832,19672300
2024-11-05,405.8237609863281,409.2166418436789,402.4900558335031,402.7760918050739,17626000
2024-11-06,414.42437744140625,414.69069825173966,404.89669627254005,406.77069419877853,26681800
2024-11-07,419.6024169921875,421.0029789570154,414.12845339700306,415.5092700597973,19901800
2024-11-08,416.75201416015625,420.65776126477715,416.0024150826717,419.4939322441371,16891400
2024-11-11,412.2840881347656,418.99092936118404,410.301611581567,416.7322894657105,24503300
2024-11-12,417.2352600097656,418.62594919557404,411.4851336112788,412.52073848816826,19401200
2024-11-13,419.3755798339844,423.4489813965326,412.4813090867046,415.8643474786666,21502200
2024-11-14,421.0424499511719,422.30491523139983,414.24681513135374,419.17832483529844,30246900
2024-11-15,409.3152770996094,417.00841966551917,407.97392100075103,414.0692593490907,28247600
2024-11-18,410.06494140625,412.66876311229754,406.45507236642675,409.1871181522339,24727000
2024-11-19,412.0671081542969,412.2150474297726,405.9125633985823,407.45119206262405,18133500
2024-11-20,409.798583984375,411.57394553855335,404.9558378403451,411.1596854793811,19191700
2024-11-21,408.0295715332031,414.85856338751086,405.47983232208855,414.5818472703372,20780200
2024-11-22,412.1111755371094,412.50647998528166,406.2408124943726,406.54717570369087,24814600
2024-11-25,413.8801574707031,416.14328803070504,409.9863472135053,413.4749606494442,27691100
2024-11-26,422.9722900390625,424.0099980685231,413.93946191933657,414.6707766023476,23458900
2024-11-27,418.03094482421875,422.22125646736464,417.07231569319254,420.12608556589345,18332400
2024-11-29,418.49542236328125,419.8987878079345,412.90177557031507,415.16493646523105,16271900
2024-12-02,425.92730712890625,427.9236142872225,416.3706625649292,416.6276240398858,20207200
2024-12-03,426.1446838378906,427.3997836787713,422.72522667678595,424.80061260374794,18302000
2024-12-04,432.291748046875,434.5153692878957,427.5578970490266,427.95320145991604,26009400
2024-12-05,437.4307861328125,439.44687793021666,431.0564230401268,432.7859063083414,21697800
2024-12-06,438.3696594238281,440.8699968788184,436.5907442566123,437.1145294101148,18821000
2024-12-09,440.7909240722656,443.0738395996816,435.33565050126293,437.41103647885797,19144400
2024-12-10,438.1324157714844,444.34868068132636,436.42271747683185,439.1800161501316,18469500
2024-12-11,443.72613525390625,445.07020661100427,438.8440482605507,438.8440482605507,19200200
2024-12-12,444.2893981933594,450.81202644259827,443.8446618873549,443.8446618873549,20834800
2024-12-13,442.0262756347656,446.13750815775296,440.3560864798084,443.1825720342727,20177800
2024-12-16,446.295654296875,446.87873364714176,440.0596337652838,442.02629379074256,23598800
2024-12-17,449.1319885253906,449.9522746519603,444.2993336430134,445.7224537683285,22733500
2024-12-18,432.2621154785156,447.34318887069384,431.89642797238076,446.0287948744165,24444500
2024-12-19,431.90631103515625,437.9842031344139,431.2046434354816,436.44249480171817,22963700
2024-12-20,431.4813537597656,438.53762947103075,423.6047919913248,428.03224964237955,64263700
2024-12-23,430.1471862792969,432.51904296318025,427.7555447705133,431.61970806424813,19152500
2024-12-24,434.1793518066406,434.44620567192754,429.0996280307953,429.55422661934296,7164500
2024-12-26,432.9736328125,435.7704710980457,431.51100346947777,433.9322618472237,8194200
2024-12-27,425.4825439453125,430.117561657289,421.351556737901,429.5048352492743,18117700
2024-12-30,419.8493347167969,422.53744699473475,416.95369289645987,421.0649252132939,13158700
2024-12-31,416.558349609375,421.72704414058194,415.7282013574423,421.10442541168464,13246500
2025-01-02,413.672607421875,421.0748161119684,409.98635677531166,420.54113855935236,16896500
2025-01-03,418.3866882324219,419.05870873446685,414.62135874681445,416.1432822085411,16662900
2025-01-06,422.833984375,429.2281326887413,420.491774572373,422.9822197752049,20573600
2025-01-07,417.4181823730469,425.6011074871905,415.8665816173968,423.9704579117962,18139100
2025-01-08,419.58251953125,421.9642686702226,416.5979364179098,418.4954097350683,15054600
2025-01-10,414.0382995605469,419.73074959963856,410.15435142162687,419.651700779007,20201100
2025-01-13,412.2989196777344,413.5935589908242,407.456372689251,410.3717691669062,17604800
2025-01-14,410.7967834472656,414.8190446806072,405.90480416806594,412.9116788431012,16935900
2025-01-15,421.31201171875,423.13043625280113,413.3662628653434,414.2161960548363,19637800
2025-01-16,419.6022644042969,424.45470380326,419.4145196873236,423.67398737859014,15300000
2025-01-17,424.0001220703125,429.386239236107,423.1502190446997,429.0007970548674,26197500
2025-01-21,423.476318359375,425.8481750206776,420.61032363697626,425.1563998310193,26085700
2025-01-22,440.9688415527344,442.0262741390286,430.888412499157,432.430120920086,27803800
2025-01-23,441.47283935546875,441.5123788470024,436.3239289556834,436.81806704057095,18389300
2025-01-24,438.8539123535156,441.4135440071518,436.225094129831,439.94102216929423,15549500
2025-01-27,429.4653015136719,430.09781275609777,418.53496919379126,419.03899970511213,35647800
2025-01-28,441.9571228027344,443.1232814648123,426.3225862891417,429.50483681704293,23491700
2025-01-29,437.1441650390625,441.6408395030523,435.23679935643304,441.45306462654537,23581400
2025-01-30,410.1247253417969,417.90245411076046,408.3161931892364,413.86040812362955,54586300
2025-01-31,410.19390869140625,415.7579084081136,410.0456732964256,414.06796458574274,34161900
2025-02-03,406.1024475097656,410.53979775772405,403.8689337668832,406.774468051233,25679100
2025-02-04,407.5354309082031,409.0672770356713,404.9362598096777,407.8516865143663,20532100
2025-02-05,408.44464111328125,408.97828849654115,405.5885086845079,407.5156591589932,16316700
2025-02-06,410.94500732421875,413.2971094519946,409.14633744300244,409.14633744300244,16309800
2025-02-07,404.9461364746094,413.74178783038474,403.3154869234488,411.5972455590395,22886800
2025-02-10,407.3871765136719,410.58918143726896,406.10242964328353,408.85969825647294,20817900
2025-02-11,406.6163330078125,407.6540108795472,404.50140761463905,404.8374480391833,18140600
2025-02-12,404.24444580078125,405.93438940933225,399.6291833556912,402.4358837314584,19121700
2025-02-13,405.7268981933594,406.1814967766394,401.5958809737979,402.2283921851393,23891700
2025-02-14,403.6416320800781,404.1160155029715,401.1215398904841,403.0091510093491,22758500
2025-02-18,404.83746337890625,405.78620005413757,401.7342617389566,403.2166759889158,21423100
2025-02-19,409.90728759765625,410.61884763156144,402.8707662400353,403.09808061190597,24114200
2025-02-20,412.07598876953125,415.2250013636158,408.52096684547683,411.24417583261857,23508700
2025-02-21,404.2331237792969,413.97725680128366,403.91626425407014,413.27418223243296,27524800
2025-02-24,400.0641174316406,405.38179653354615,395.4297185716828,404.5301894031576,26443700
2025-02-25,394.0235290527344,398.0043843099881,392.835237956153,397.19236575081766,29387400
2025-02-26,395.83575439453125,399.66804717869115,390.40913086553707,394.13250979931917,19619000
2025-02-27,388.70587158203125,401.78716793671936,388.3493932994261,397.3607146060961,21127400
2025-02-28,393.1224060058594,393.7561854578909,382.80393739721217,388.83460333794534,32845700
2025-03-03,384.7052307128906,394.93461038215554,382.39794340981075,394.93461038215554,23007700
2025-03-04,384.82403564453125,388.75535997703025,377.2881889484286,379.6648014174362,29342900
2025-03-05,397.1131591796875,397.7568509049982,385.02212029604283,385.54695570418704,23433100
2025-03-06,393.0234069824219,398.2321421191711,388.8544001591339,390.43881857931865,23304600
2025-03-07,389.4783020019531,390.95377648794664,381.7840095954452,388.49795642753014,22034100
2025-03-10,376.4563903808594,382.6355890788174,373.5450301742595,382.08104715568106,32840100
2025-03-11,376.7435607910156,382.23947903620126,373.2380400086461,375.3076750122287,30380200
2025-03-12,379.5361022949219,381.46711712441265,375.25821149680263,379.2192427611773,24253600
2025-03-13,375.0799560546875,381.5661631231906,373.7728386562969,379.4272025345451,20473000
2025-03-14,384.7745361328125,386.42827981726157,375.8127158813028,376.08007458561946,19952800
2025-03-17,384.9132080078125,388.88412112316473,381.813696346666,382.9326924641042,22474300
2025-03-18,379.78363037109375,383.5961286419255,377.38722360904,383.2990634136601,19486900
2025-03-19,384.0417785644531,385.8836435250732,380.2589866011294,381.7740797920575,19185500
2025-03-20,383.0713195800781,387.97310772514027,379.5460042678497,381.98202996781214,18470500
2025-03-21,387.44830322265625,387.92360765846763,379.0706998982185,379.48662149982533,39675900
2025-03-24,389.2505187988281,391.54792412450786,386.012386704804,391.54792412450786,21004500
2025-03-25,391.3102722167969,392.4985634335279,388.81483346341923,390.08236222676067,15775000
2025-03-26,386.17083740234375,391.45881045430576,384.7844825194778,391.15183295239507,16108400
2025-03-27,386.77484130859375,388.4186727261189,383.62582905803845,386.3292434732889,13766800
2025-03-28,375.1096496582031,385.339029849346,373.2578723723651,384.2992410074857,21632000
2025-03-31,371.73284912109375,373.396474789069,363.6622247634287,368.9106086577597,35184700
2025-04-01,378.4666442871094,379.12021808448793,369.59394254927554,371.0000917512926,19689500
2025-04-02,378.4171142578125,381.32844426453147,372.95087209109226,374.2877261088344,16092600
2025-04-03,369.4750671386719,373.80251903809335,365.7517184220645,371.13872318254886,30198000
2025-04-04,356.3343505859375,370.94065262193254,355.97787229621173,360.5825648601157,49209900
2025-04-07,354.3736267089844,367.3856281525139,341.43098078163547,347.4616469003483,50425000
2025-04-08,351.1057434082031,370.0097579671702,346.83773543404493,364.6722850479048,35868900
2025-04-09,386.68572998046875,389.39905670107095,349.66000929830324,350.0957251156184,50199700
2025-04-10,377.6347961425781,380.1599412978202,364.21678559967916,378.33787067807094,38024400
2025-04-11,384.6656494140625,386.25003769690613,375.1987873888056,376.93173851590154,23839200
2025-04-14,384.0318603515625,390.8052198187617,380.46692636349223,389.38915847164185,19251200
2025-04-15,381.9721374511719,388.07212889209285,380.41742551182244,384.7250528209778,17199900
2025-04-16,367.98968505859375,377.892263018399,364.4148689208335,376.9614484928254,21967800
2025-04-17,364.1969909667969,370.6732850580017,363.31567729138493,370.10883089247193,21120200
2025-04-21,355.6213684082031,360.9291658129438,352.20499720618693,359.2853342749941,20807300
2025-04-22,363.2463684082031,364.18709517298703,356.3541524572501,359.83987920585236,19485000
2025-04-23,370.74261474609375,376.68416126561135,369.38593623911186,372.3963282706759,20545500
2025-04-24,383.5268249511719,384.6656455709585,371.53481777720657,372.0398589139721,22232300
2025-04-25,388.03253173828125,388.33950924401097,380.8531625631297,383.2297752805051,18973200
2025-04-28,387.3492431640625,388.91383718504306,382.8732888048125,388.1414373128656,16579400
2025-04-29,390.201171875,391.2508426713115,386.5768248872523,387.48784509297593,14974000
2025-04-30,391.4092712402344,392.79562598704683,380.69467558939255,386.49757125114587,36461100
2025-05-01,421.2556457519531,432.7327295827746,420.76051687113977,426.9100091091665,58938100
2025-05-02,431.03936767578125,435.15884330772667,425.8008960147878,427.5338469786456,30757400
2025-05-05,431.9207458496094,435.2182909345157,427.9002714913439,428.652877068793,20136100
2025-05-06,429.0885925292969,433.46554517602334,426.9694566129341,427.9894209087166,15104200
2025-05-07,429.1282043457031,433.8517229596541,426.9100064238295,429.61342097536215,23295300
2025-05-08,433.9012145996094,439.3476317599919,431.4156581886589,433.6635322101029,23491300
2025-05-09,434.4557800292969,436.4461774951318,431.6335394854884,435.7133964534002,15324200
2025-05-12,444.8832092285156,444.9921230759706,435.4955548202822,441.5955462250109,22821900
2025-05-13,444.764404296875,446.2794975271711,441.021200788799,443.41763796979524,23618800
2025-05-14,448.52734375,449.4779827199474,443.7741186799948,443.7741186799948,19902800
2025-05-15,449.53924560546875,452.5749946823822,446.86062923137035,447.19793132038893,21992300
2025-05-16,450.67022705078125,450.7595102326154,445.17414935289,448.4678177382938,23849800
2025-05-19,455.2337646484375,455.9480603525366,447.2277066057748,447.3070896149787,21336500
2025-05-20,454.53936767578125,454.7080036018212,450.719869916101,451.9797952414424,15441800
2025-05-21,448.9837341308594,454.1524403651085,448.22974686474834,450.967885651573,19216900
2025-05-22,451.2555847167969,456.6028878213618,450.3032004241896,451.34489818162797,18025600
2025-05-23,446.6126403808594,450.0948358464348,445.3527151156796,446.4142434023006,16883500
2025-05-27,457.03936767578125,457.29731705224054,452.5055743512772,452.86273735527834,20974300
2025-05-28,453.7357482910156,458.8548627693229,453.3091629867606,457.56517641086623,17086300
2025-05-29,455.0453186035156,458.0612374989779,451.702028016876,457.89257129241645,13974800
2025-05-30,456.7119445800781,458.02149174118404,451.93016282180776,456.07703188956276,34770500
2025-06-02,458.3092041015625,458.44807895367734,453.2694729574846,453.5174918780263,16626500
2025-06-03,459.3013000488281,460.4620419695056,457.20800452370844,457.8131864599202,15743800
2025-06-04,460.19415283203125,461.9997378828715,459.35088242690273,460.3231275179124,14162700
2025-06-05,463.9739685058594,465.92835889810493,460.35289815926444,461.2755213187348,20131700
2025-06-06,466.652587890625,469.58912358157227,465.0652606634985,466.3648774509946,15285600
2025-06-09,469.0038146972656,469.67841894667356,464.90653697170796,465.9779957450024,16469900
2025-06-10,467.1883239746094,469.0534009468453,463.25968221899245,467.45617352695865,15375900
2025-06-11,468.8748474121094,471.7022694228479,465.9383115986028,466.29544434484353,16399200
2025-06-12,475.0752868652344,476.6130223697302,469.7676758011157,471.2557893550323,18950600
2025-06-13,471.1962585449219,475.38281914376,469.0137102048777,472.63478039747713,16814500
2025-06-16,475.3431701660156,476.8808754060361,471.23596219473825,471.44428961660435,15626100
2025-06-17,474.25189208984375,474.9463269378011,470.3232503868908,471.63279762120845,15414100
2025-06-18,476.4344482421875,477.1884355000323,470.70025162122124,474.21220825159133,17526500
2025-06-20,473.616943359375,479.62891980922967,473.09114443804276,478.4086860483398,37576200
2025-06-23,482.1488037109375,483.884936234588,468.76571183115124,474.42052531416374,24864000
2025-06-24,486.2261962890625,487.9524285572733,482.9424282150726,485.07541514458467,22305600
2025-06-25,488.3691101074219,490.64097201284227,485.5119574284625,488.1409520653471,17495100
2025-06-26,493.5080871582031,494.09340820956044,488.9048412091741,489.0735074056833,21578900
2025-06-27,492.010009765625,495.34336948151105,489.12306593539506,493.60723706055035,34539200
2025-06-30,493.4684143066406,496.79187420420715,491.4048797426009,493.101351114434,28369000
2025-07-01,488.1508483886719,494.10330273882704,487.08935037246306,492.53583641461546,19945400
2025-07-02,487.198486328125,489.5893925672679,484.82744098086494,486.107196925814,16319600
2025-07-03,494.8870544433594,496.1668406146565,489.5298515465148,489.8969147231798,13984800
2025-07-07,493.77593994140625,494.7977767455099,491.3056810299541,493.4386378219278,13981600
2025-07-08,492.68463134765625,494.25212791462184,490.1945116420166,493.2997134401056,11846600
2025-07-09,499.5200500488281,502.76412671878114,495.77990524850594,496.3354652236218,18659500
2025-07-10,497.5061340332031,500.4426696344743,493.8056807647675,499.06366987607214,16492100
2025-07-11,499.3315734863281,501.0280145407016,493.85529597280816,494.5200000462786,16459500
2025-07-14,499.033935546875,499.9764196247383,497.0597144820079,497.5458219138798,12058800
2025-07-15,501.811767578125,504.2720960834484,498.80577924001653,499.03393728805895,14927200
2025-07-16,501.61334228515625,502.70463167926073,497.9129190668174,501.1768265275145,15154400
2025-07-17,507.6451721191406,509.3019216630888,501.61333461976557,501.67285674255714,17503100
2025-07-18,506.00823974609375,510.56189422136015,503.40900604524023,510.4031281876361,21209700
2025-07-21,506.0181579589844,508.03210080948105,501.54388660874696,502.69469811942383,14066800
2025-07-22,501.2660827636719,507.1491147296819,501.2660827636719,506.92092641726225,13868600
2025-07-23,501.861328125,502.77405108780124,496.7323137246232,502.7343595827018,16396600
2025-07-24,506.8316650390625,509.59953458867506,503.28001689239056,504.73836945889843,16107000
2025-07-25,509.63922119140625,514.1828842249572,506.3157313206406,508.4089964805577,19125700
2025-07-28,508.4388122558594,510.91900158393673,506.07766717141,510.0063088656235,14308000
2025-07-29,508.50823974609375,513.5182098314434,507.50623361872493,511.4448055642593,16469200
2025-07-30,509.1729431152344,511.86149016920456,505.4030674134904,511.08764202727673,26380400
2025-07-31,529.2723999023438,551.0484742016899,527.6851029610986,550.8301860551579,51617300
2025-08-01,519.956787109375,531.5541546097426,516.7325410439772,530.7605061500977,28977600
2025-08-04,531.3955078125,533.9848111754816,523.9450087012631,524.0839138486996,25349000
2025-08-05,523.5679321289062,533.0422426180032,523.0619638515897,532.9231983823397,19171600
2025-08-06,520.7802734375,527.486715540996,519.8775111011839,526.6930670104376,21355700
2025-08-07,516.7127685546875,523.9053178574718,513.4488005319126,522.6255013664995,16079100
2025-08-08,517.9031372070312,520.5023704990598,515.2939734705193,518.4586971346826,15531000
2025-08-11,517.6353149414062,523.4092023083725,515.6015114818953,518.161083532538,20194400
2025-08-12,525.046142578125,526.7723446368122,518.5579891899393,519.5996565820958,18667000
2025-08-13,516.454833984375,528.4787877679453,515.2544004746543,527.8934364066101,19619200
2025-08-14,518.3397216796875,521.7822560401938,516.0182983192124,518.4191046945965,20269100
2025-08-15,516.0480346679688,521.9310366989816,514.9667059909838,518.6274679925785,25213300
2025-08-18,513.0023803710938,518.6770855269226,509.94683045407294,517.4568516493948,23760600
2025-08-19,505.73040771484375,511.0776798784135,504.5200741760794,510.9189744125155,21481000
2025-08-20,501.71258544921875,506.9507445735079,500.4427296092623,505.82969405156365,27723000
2025-08-21,501.06658935546875,504.435269171935,499.5561662916726,500.5200628741361,18443300
2025-08-22,504.037841796875,507.5158151187978,499.2481684011306,501.0765850227361,24324200
2025-08-25,501.0865173339844,504.9917771303553,500.9473838488724,503.44159720621536,21638600
2025-08-26,498.8804931640625,501.801993130018,495.3727099158942,501.1858695359189,30835700
2025-08-27,503.5509033203125,504.09746017877256,496.75395340313815,498.8407434548062,17277900
2025-08-28,506.43267822265625,507.8735346885091,502.3187180821136,503.8987080370186,18015600
2025-08-29,503.501220703125,506.39291066950057,501.3150539612025,505.4588240002719,20961600
2025-09-02,501.9410705566406,502.81553721257154,493.68337117589067,497.32034095368414,18128000
2025-09-03,502.1696472167969,504.5942937991858,499.1587173668126,500.6194673133705,16345100
2025-09-04,504.7731628417969,504.95202275876863,499.983489561643,501.1262461318779,15509500
2025-09-05,491.8847961425781,508.7479993566889,489.27134277765646,505.86625611105876,31994800
2025-09-08,495.06463623046875,498.04575600626316,491.91457299081776,494.97517595073856,16771000
2025-09-09,495.2733154296875,499.0891451753406,494.5677922273047,498.27429847652155,14410500
2025-09-10,497.2209777832031,500.06299449245154,493.5939546766565,499.81456783685906,21611800
2025-09-11,497.8569641113281,500.00337405269875,494.7466575341409,499.08915061774627,18881600
2025-09-12,506.6910095214844,509.32432605160386,500.67909648146514,503.4614629424367,23624900
2025-09-15,512.1166381835938,512.2259313574772,503.80926524972944,505.58800862213144,17143800
2025-09-16,505.83642578125,513.9748550906477,505.3991924428879,513.6270820344445,19711900
2025-09-17,506.81024169921875,508.07226852063866,502.74598524416496,507.4064717390096,15816600
2025-09-18,505.2501525878906,509.84107240669834,504.4651158521554,508.270998935228,18913700
2025-09-19,514.6704711914062,516.0318444319288,507.09843147001845,507.34685812925306,52474100
2025-09-22,511.21240234375,514.48167541423,509.3143886623668,512.3452424901319,20009300
2025-09-23,506.0252685546875,511.35155218118825,504.1173383670773,510.5664850795932,19799600
2025-09-24,506.9394226074219,509.2547456727144,503.72976965544393,507.16798604562155,13533700
2025-09-25,503.8390808105469,506.8003375404676,501.8616142840625,505.10107733704126,15786500
2025-09-26,508.24114990234375,510.7055530942258,503.4316137794998,506.8499667801191,16213100
2025-09-29,511.36138916015625,513.5972289973041,505.67741655332713,508.28092297827857,17617800
2025-09-30,514.6903686523438,514.8990082310244,506.45253207823936,510.0099885223437,19728200
2025-10-01,516.4392700195312,517.2342231556227,508.4697238165545,511.56013673304216,22632300
2025-10-02,512.4942016601562,518.3173074331339,507.46604898963056,514.3822683481345,21222900
2025-10-03,514.0940551757812,517.2143082734997,511.75886906280147,513.8456285403139,15112300
2025-10-06,525.2435302734375,527.6880704621805,514.9387971845453,515.3461902238155,21388600
2025-10-07,520.682373046875,526.4657528279373,518.1583800775612,524.9652461341774,14615200
2025-10-08,521.546875,523.6336952116123,519.7980023635643,519.9868090400763,13363400
2025-10-09,519.1123657226562,521.0302122328587,514.1438325922749,519.0527457511332,18343600
2025-10-10,507.74432373046875,520.2849266906686,506.42270727517143,516.3697201998212,24133800
2025-10-13,510.8149108886719,513.1600441163425,508.45983088995337,513.1600441163425,14284200
2025-10-14,510.3378601074219,512.0371200755203,502.8154945413961,507.0188839999062,14684300
2025-10-15,510.19879150390625,513.93513816427,506.7903850161382,511.71919177145384,14694700
2025-10-16,508.3902282714844,513.597241245564,504.93214864922606,509.3541552294708,15559600
2025-10-17,510.3478698730469,512.235876086287,504.1173098719632,505.8364332653001,19867800
2025-10-20,513.53759765625,515.4356111738924,510.19875812962454,511.37132460679527,14665600
2025-10-21,514.4021606445312,515.4257076122852,509.81124074780416,514.2431942660954,15586200
2025-10-22,517.2639770507812,521.9244631183706,514.4518312300626,517.870184130928,18962700
2025-10-23,517.283935546875,520.6526156742948,515.3461954332505,519.1720024577996,14023500
2025-10-24,520.314697265625,522.0437370421222,517.4329845218087,519.499850577073,15532400
2025-10-27,528.1749877929688,531.2157277722118,525.6807743511338,528.4333612309177,18734700
2025-10-28,538.6585083007812,550.2351530342114,537.3667019364588,546.5385938392855,29986700
2025-10-29,538.1417846679688,542.8321112501552,533.3521116884923,541.5104645203966,36023000
2025-10-30,522.451171875,531.6031704966998,518.8340654321457,527.1414377363435,41023100
2025-10-31,514.5512084960938,525.9887810857076,511.85824179468614,525.5515477587454,34006400
2025-11-03,513.776123046875,521.6562086548496,511.3514766558802,516.5385956979154,22374700
2025-11-04,511.0931701660156,512.3054631947169,504.64399323613884,508.53933673798264,20958700
2025-11-05,503.9682312011719,511.58997398954807,503.39186440425516,510.0695738143288,23024300
2025-11-06,493.9715576171875,502.51744045426454,492.6896676102462,502.47768369906356,27406500
2025-11-07,493.6933288574219,496.2372153715257,490.1457889557352,493.8225155697467,24019800
2025-11-10,502.8155517578125,503.66020845333964,495.66085193460816,496.8930687697553,26101500
2025-11-11,505.4786682128906,506.39289163210333,499.18851875070465,501.6230817360039,17980000
2025-11-12,507.9232177734375,508.4498810705414,495.9788447581273,506.1543908722183,26574900
2025-11-13,500.1225891113281,510.26832472026865,498.1351759673349,507.098398329558,25273100
2025-11-14,506.9692687988281,508.3803456334317,494.30945534799014,495.0944921195485,28505700
2025-11-17,504.2961730957031,508.8970396915909,501.73242330739504,505.2501533046029,19092800
2025-11-18,490.6824035644531,499.8145698875434,483.71651040889276,492.2524466910109,33815100
2025-11-19,484.05438232421875,492.0736023312663,479.79137227085766,487.0156390818261,23245300
2025-11-20,476.3088684082031,491.3817596467919,473.39186588492817,490.5255566668064,26802500
2025-11-21,470.0268249511719,476.796695003642,466.19388806310616,476.3785437287191,31769200
2025-11-24,471.8985290527344,474.7856658755464,465.9450303435204,472.8940955697233,34421000
2025-11-25,474.8752136230469,477.0256407210385,462.82888433135173,471.9681767111092,28019800
2025-11-26,483.3475036621094,486.14504291080743,479.06658014921754,484.1539100429923,25709100
2025-11-28,489.82867431640625,490.44592067381114,484.49242217644115,485.4382224868377,14386700
2025-12-01,484.5820007324219,487.68816317334665,482.5012705124726,486.27447583839387,23964000
2025-12-02,487.82757568359375,491.312058367048,484.16389832530854,484.56211884124775,19562700
2025-12-03,475.6119689941406,482.09308589504883,473.0931871020635,474.2082166599713,34615100
2025-12-04,478.7081604003906,479.186043226252,474.3774403367437,477.6329620200481,22318200
2025-12-05,481.01788330078125,481.2568095233099,476.7568601661199,480.3807061976695,22608700
2025-12-08,488.8430480957031,490.11737199051475,482.2325023858298,482.74025101921535,21965900
2025-12-09,489.8385925292969,489.93815525049575,486.33420957194573,486.93155551686203,14696100
2025-12-10,476.4382629394531,482.10303829287767,472.973680864489,481.88401246545567,35756200
2025-12-11,481.3265075683594,483.8751552220924,473.750231167373,474.51683677020293,24669200
2025-12-12,476.4084167480469,480.31105063829824,474.22812377070755,477.69270598810584,21248100
2025-12-15,472.7148742675781,478.588710310573,470.42505317808707,477.97146396596463,23727700
2025-12-16,474.2779235839844,475.7712732838117,468.79234263095657,469.8177748762136,20705600
2025-12-17,474.00909423828125,477.8718969329872,472.8940646732686,474.79560024235434,24527200
2025-12-18,481.8342590332031,487.4293375934554,475.7712630284666,476.06992080908344,28573500
2025-12-19,483.7656555175781,485.68709144559693,480.35083955461556,485.1992432324443,70836100
2025-12-22,482.7701110839844,486.5632169440421,480.5499868948874,483.9647726311972,16963000
2025-12-23,484.6915588378906,485.66719456773416,482.5908977144131,482.829854335465,14683600
2025-12-24,485.8563232421875,486.99128356758627,482.680463867149,483.5267014178325,5855900
2025-12-26,485.5477294921875,485.95591540329985,483.8054881161676,484.5521629916047,8842200
2025-12-29,484.9404296875,486.1848877649252,482.0333622504328,482.71034015280554,10893400
2025-12-30,485.3187561035156,487.5089841188462,483.3475235456682,483.77560983811236,13944500
2025-12-31,481.4758605957031,485.97584057107747,481.15727202744546,485.6771523949816,15601600
2026-01-02,470.84320068359375,482.5112407273309,468.07552715971417,482.24244872265706,25571600
2026-01-05,470.75360107421875,473.95932625248497,467.41844739653146,471.95822796941724,25250300
2026-01-06,476.3885192871094,476.617480129593,467.6673473241013,471.69937935780575,23037700
2026-01-07,481.3265075683594,487.5288974221053,475.83099176167434,477.63296458601815,25564200
2026-01-08,475.9902648925781,480.5201105081445,473.7502403609407,479.10639276886474,18162600
2026-01-09,477.15509033203125,477.6927047258898,470.106493184136,471.9582322108041,18491000
2026-01-12,475.06439208984375,478.85749783991434,473.57104241242143,474.5566738594685,23519900
2026-01-13,468.5832824707031,473.6706125344443,463.88420753037366,472.57548334410274,28545800
2026-01-14,457.3433532714844,466.12425727832346,455.14315976714454,464.3919508718589,28184300
2026-01-15,454.6354064941406,462.191752665677,453.8787662235596,462.06232415810086,23225800
2026-01-16,457.8211975097656,461.13645097900303,454.4562082505655,455.8001987238622,34246700
2026-01-20,452.5048522949219,454.77474258752966,447.28809381488645,449.2194951600843,26130000
2026-01-21,442.1409912109375,450.6829681667298,436.73507280530305,450.5933708341933,37980500
2026-01-22,449.1398620605469,450.8323067932568,442.7284117030413,445.6354487179439,25349400
2026-01-23,463.8841857910156,469.01134678020316,448.5325382185013,449.8665935761158,38000200
2026-01-26,468.1949768066406,472.14737672642065,459.9516880286902,463.2470104625561,29291200
2026-01-27,478.4493408203125,480.72919663912324,471.06225431764057,471.59986874099184,29213900
2026-01-28,479.4946594238281,481.59528998521284,475.8807484603396,481.0676409982362,36875400
2026-01-29,431.57806396484375,440.5381621786467,419.1533835040837,438.0392806211351,128855300
2026-01-30,428.3822937011719,437.65101486434605,424.55932220203715,437.2229285851671,58566800
2026-02-02,421.49298095703125,428.8303011436502,420.37795134689077,428.33251789753194,42219900
2026-02-03,409.3868713378906,420.178808008447,406.7486263222299,420.1390072256922,61424100
2026-02-04,412.35369873046875,417.93881231579195,407.4256323109538,409.17783910585314,45012400
2026-02-05,391.9246520996094,406.4897635323938,390.5806313349955,405.6335909812077,66289200
2026-02-06,399.3615417480469,400.0086538663787,391.17798428483076,397.4002746193236,53515300
2026-02-09,411.76629638671875,413.05058563481117,399.0927243377603,403.0550898097971,45480500
2026-02-10,411.437744140625,421.80159473973595,410.8702943432265,417.75959730190846,44857900
2026-02-11,402.5771789550781,414.61357304478975,399.2320904458023,414.33481566901673,42491000
2026-02-12,400.05841064453125,404.3990960787573,396.24540458526855,403.20440420967,40802400
2026-02-13,399.5407409667969,403.7420326637702,396.2852191820681,402.65686886295305,34091600
2026-02-17,395.1004943847656,398.7442713079252,392.78083787972264,397.45004705087115,32078800
2026-02-18,397.8283386230469,400.77520665339193,394.56288205367116,396.3648548030424,23223400
2026-02-19,397.5988464355469,403.55594539020564,395.8127368785549,399.82403795970674,28234000
2026-02-20,396.37152099609375,399.2552593187824,394.3059873534157,395.2539159508346,34015200
2026-02-23,383.6390686035156,394.50551684604494,382.27203437696886,394.14630950985264,43238300
2026-02-24,388.1593017578125,388.5185091169527,380.88504821898124,383.30981969967445,33884700
2026-02-25,399.7342224121094,400.60233728073825,389.31678308531696,389.68597856263057,43625500
2026-02-26,400.851806640625,406.6093255926281,397.8782360341113,403.8353349281015,34405900
2026-02-27,391.8912048339844,395.9624042352165,389.0374004516944,390.03523926255787,51367200
2026-03-02,397.6886291503906,400.32293811697235,389.78576315389057,392.01092411942045,35474900
2026-03-03,403.0570068359375,405.82103971635513,391.82136299902305,392.2903484387299,38199200
2026-03-04,404.32427978515625,410.14166638677375,399.44483360720756,400.4027502952161,35808000
2026-03-05,409.79241943359375,410.72040218284053,403.525993165685,403.54596943015656,39001300
2026-03-06,408.0761413574219,412.1572983375802,407.6271321747383,408.31564337314285,31123900
2026-03-09,408.5251770019531,409.3234358422322,402.62794618065146,404.044890641513,30131900
2026-03-10,404.8830871582031,409.31349393117443,402.05918625996463,409.1438479339772,31706400
2026-03-11,404.0049743652344,408.1260534422115,400.7220762180728,404.6934855668013,25512100
2026-03-12,400.9914855957031,405.2422886286942,400.84181586601125,403.7555185610488,27263900
2026-03-13,394.69512939453125,403.9251383935716,393.3979511212616,400.13336309353434,26848000
2026-03-16,399.08563232421875,399.7641553863696,393.9367805641587,397.209690545171,27733700
2026-03-17,398.5467834472656,403.5259891234105,396.8903674487218,399.4049101655112,26228300
2026-03-18,390.9432678222656,397.13983817793417,390.1549666521916,396.271723303423,25908500
2026-03-19,388.1792297363281,391.6417315076428,386.2234742615233,389.2569126674818,25138800
2026-03-20,381.0447082519531,386.16362631018524,379.29849030352204,385.95408868282834,50853200
2026-03-23,382.1722717285156,386.3731646745857,380.85511716508233,383.07032058481127,29680100
2026-03-24,371.9344177246094,381.6434000325674,371.04635704379217,381.53362193174286,42733600
2026-03-25,370.2381286621094,376.2451074667104,368.831172255135,376.10542586510894,31181200
2026-03-26,365.1790771484375,373.9101668945663,364.4007640805619,370.01860155518807,36836600
2026-03-27,355.9989318847656,361.6666793192034,355.73951450811694,361.11784971721505,37883400
2026-03-30,358.1842041015625,364.5703662773937,355.51000344849933,361.1178525849577,44797000
2026-03-31,369.3699951171875,372.09407550142714,362.28533367877645,363.7621155862403,45244400
2026-04-01,368.57171630859375,373.1817267376728,367.4042619540212,372.682807332766,29417200
2026-04-02,372.6528625488281,372.83249667260446,363.3629859357669,366.41637016886637,24099100
2026-04-06,372.0741271972656,372.92229624611906,368.70142726638517,372.682794233078,16146600
2026-04-07,371.48541259765625,371.64507045865594,365.7677853538718,369.5396147715723,21443300
2026-04-08,373.52099609375,384.167949815935,370.6073237610428,384.148004001906,33064800
2026-04-09,372.26373291015625,372.6927962909368,366.2567237727329,371.6949574789129,30435300
2026-04-10,370.0684814453125,374.8281921461914,369.23030048358606,372.17393720824543,28111100
2026-04-13,383.539306640625,383.70895264062807,370.2181521550117,372.8025510733858,35745800
2026-04-14,392.2604064941406,393.83700889302276,385.684652281273,387.0816509997633,37504500
2026-04-15,410.3312683105469,413.47445440771634,395.8725939925935,397.1398382929036,45063400
2026-04-16,419.35174560546875,419.9105328997013,411.2492993874727,418.95258572248235,41642400
2026-04-17,421.87628173828125,430.64726300981,419.78081413338697,423.9018933176335,48568200
2026-04-20,417.1664733886719,422.4150847565369,415.40027922801784,420.2398034863272,27582200
2026-04-21,423.2433166503906,426.25677891783357,416.2983670043314,419.33177508554746,32048500
2026-04-22,431.984375,432.7626880248645,422.7543663498755,425.2689090952171,29378200
2026-04-23,414.8514709472656,422.7443793162959,410.5208543154444,418.9825380949446,38308000
2026-04-24,423.7023010253906,424.0316048781353,414.9013556123021,416.0688403922519,27457400
2026-04-27,423.9018859863281,426.1869149113369,416.1686352924954,421.46715688013995,30867300
2026-04-28,428.3222961425781,428.99086152362304,420.9881750222059,423.6524179624475,30438100
2026-04-29,423.5426330566406,425.8975483734993,419.38166246548025,423.6623688360089,38288300
2026-04-30,406.8987121582031,413.5243765293071,397.1498378648014,409.92216255995794,70909400
2026-05-01,413.5443115234375,416.2085240460113,409.5529563541748,411.9078412872606,31372400
2026-05-04,412.72607421875,419.87060358807366,409.91216153093814,410.6505829404435,28066500
2026-05-05,410.4909362792969,415.8792597859335,407.916495085617,414.42242364358015,25700900
2026-05-06,413.0653381347656,417.51572107575487,404.23445872829495,407.11822745622237,30285900
2026-05-07,419.8606262207031,427.05506598481406,417.8549909144547,419.2020489501835,34942400
2026-05-08,414.22283935546875,417.7252633012779,413.105264767488,416.48795292910256,33383800
2026-05-11,411.7681579589844,411.79809190456297,404.6236285818644,406.9885016374445,35657900
2026-05-12,406.8887023925781,414.6020070114768,405.76117016707224,413.58422243338293,38594200
2026-05-13,404.3342590332031,405.4318878236479,400.1633000811369,402.3286237155428,29667100
2026-05-14,408.5451354980469,410.94993067744383,400.013625877668,403.6058516736889,27077500
2026-05-15,421.0081481933594,427.24464052002446,412.01761111071977,413.3746572242232,50771200
2026-05-18,422.6246643066406,424.2012362508279,414.7117792841577,415.71960624154525,32564100
2026-05-19,416.51788330078125,431.7648588737268,415.58987007798993,428.9708919761278,33018700
2026-05-20,420.1499938964844,421.18775475321456,410.4110776678385,413.2749005432513,27864000
2026-05-21,419.0899963378906,426.3399963378906,415.7099914550781,424.75,31393500
2026-05-22,418.57000732421875,424.3999938964844,416.3299865722656,419.5400085449219,22390300
2026-05-26,416.0299987792969,419.7699890136719,413.0199890136719,416.42999267578125,30398000
2026-05-27,412.6700134277344,415.94000244140625,409.5799865722656,411.010009765625,28901500
2026-05-28,426.989990234375,429.489990234375,412.6700134277344,412.9800109863281,47250500
2026-05-29,450.239990234375,450.3299865722656,432.3599853515625,432.54998779296875,79654400
2026-06-01,460.5199890136719,466.32000732421875,458.2699890136719,464.8399963378906,53628900
2026-06-02,441.30999755859375,453.5,440.42999267578125,446.8800048828125,37036800
2026-06-03,427.3399963378906,440.3900146484375,424.25,438.45001220703125,39037000
2026-06-04,428.04998779296875,436.1499938964844,426.4100036621094,435.80999755859375,26899500
2026-06-05,416.6700134277344,429.4700012207031,414.3999938964844,428.3399963378906,34782200
2026-06-08,411.739990234375,417.1600036621094,408.55999755859375,414.1400146484375,32086700
2026-06-09,403.4100036621094,411.9800109863281,398.4800109863281,409.0299987792969,35317300
2026-06-10,397.3599853515625,405.0400085449219,397.1600036621094,398.54998779296875,32576000
2026-06-11,390.3399963378906,396.8500061035156,384.0,395.2099914550781,47224100
2026-06-12,390.739990234375,391.739990234375,382.2699890136719,391.42999267578125,34865800
2026-06-15,399.760009765625,401.75,392.8500061035156,396.79998779296875,32266400
2026-06-16,393.8299865722656,396.8399963378906,390.69000244140625,395.7900085449219,31506800
2026-06-17,378.9100036621094,390.3699951171875,377.32000732421875,390.25,41987800
2026-06-18,379.3999938964844,381.3699951171875,373.2799987792969,377.82000732421875,59714200
2026-06-22,367.3399963378906,381.6300048828125,367.07000732421875,375.739990234375,45171100
2026-06-23,373.94000244140625,377.2200012207031,370.6700134277344,372.3800048828125,40647600
2026-06-24,365.4599914550781,378.8800048828125,364.7799987792969,371.57000732421875,44509900
2026-06-25,352.1199951171875,364.2300109863281,349.20001220703125,362.70001220703125,54086052
