Date,Close,High,Low,Open,Volume
1999-01-22,0.037559084594249725,0.044712669790833326,0.035531685608121914,0.04006265537261876,2714688000
1999-01-25,0.041493915021419525,0.041970086714292754,0.037559076756382904,0.04053973634867605,510480000
1999-01-26,0.03827426955103874,0.042805240454927784,0.03767813531148137,0.04197010602677383,343200000
1999-01-27,0.0381552018225193,0.03934746617021807,0.03624684816282168,0.03839328763471245,244368000
1999-01-28,0.03803525120019913,0.03839329593359149,0.03779716533654268,0.038155210069935046,227520000
1999-01-29,0.03624684363603592,0.03815519705740363,0.03624684363603592,0.03803523822857873,244032000
1999-02-01,0.03696294128894806,0.037201027125708774,0.03624685190305746,0.03624685190305746,154704000
1999-02-02,0.03410131111741066,0.0372010141297421,0.033028091645645234,0.03624683924042646,264096000
1999-02-03,0.03481648862361908,0.03529357780959263,0.03338522447701148,0.03362422789160287,75120000
1999-02-04,0.03672393038868904,0.037678105329916126,0.034816487915486506,0.03529357709175654,181920000
1999-02-05,0.03779715672135353,0.03815520137313599,0.03636680657830796,0.03732006745921977,136848000
1999-02-08,0.03648585081100464,0.03815520454559533,0.03648585081100464,0.038035245693227776,154080000
1999-02-09,0.035054586827754974,0.03743911572808171,0.03457749751900055,0.03720102648411327,86976000
1999-02-10,0.034697458148002625,0.036008763875913785,0.03410132418676982,0.03505458862090974,148224000
1999-02-11,0.03767811879515648,0.03910846919194834,0.03481650035805425,0.03481650035805425,132240000
1999-02-12,0.039824552834033966,0.04006263863065982,0.038155199327733424,0.038155199327733424,109728000
1999-02-16,0.04006264731287956,0.042209090520907086,0.036008764388552786,0.04053973665283072,211008000
1999-02-17,0.03791619837284088,0.039585551988551404,0.037201023292784,0.03910846272072459,67728000
1999-02-18,0.038512323051691055,0.03958554253140647,0.03743910357197565,0.03910845337755817,70704000
1999-02-19,0.039824552834033966,0.04053972786721805,0.03767811009117519,0.038155199327733424,75360000
1999-02-22,0.04006264731287956,0.041016825992781884,0.03791620410485203,0.04053973665283072,205248000
1999-02-23,0.04197007790207863,0.04280521177059851,0.03863228853528979,0.041016817072984324,138096000
1999-02-24,0.04530877619981766,0.050078746589988794,0.044235556741218394,0.048170393423456234,612768000
1999-02-25,0.04387844726443291,0.048647505689460434,0.04316235438582636,0.04721715180806402,149136000
1999-02-26,0.04185105487704277,0.04578589402401692,0.04149392432168512,0.04435554333780772,172608000
1999-03-01,0.0420900359749794,0.04387843405148846,0.04006263787436318,0.04292425559638484,92160000
1999-03-02,0.041731998324394226,0.04220908763168855,0.04101682318517403,0.041970084156320094,55248000
1999-03-03,0.03887036815285683,0.04197007123046605,0.038632282394256104,0.04197007123046605,61392000
1999-03-04,0.03803525120019913,0.041016828651636784,0.03767812069905728,0.04077782514441546,57360000
1999-03-05,0.04018169268965721,0.04030073391032465,0.0383932941585646,0.0383932941585646,78768000
1999-03-08,0.04077780619263649,0.04197007024393517,0.03839327809003912,0.03910845299219065,75888000
1999-03-09,0.0420900359749794,0.042686169804253535,0.04065877170363731,0.04065877170363731,143184000
1999-03-10,0.04137396067380905,0.04268618419719821,0.040777826643530204,0.04268618419719821,235344000
1999-03-11,0.03958554565906525,0.04137394360059375,0.03958554565906525,0.04065876863488895,54288000
1999-03-12,0.03887036815285683,0.03982454647357965,0.03815519323389469,0.03982454647357965,90768000
1999-03-15,0.04053973779082298,0.04101682714416653,0.03958555908413588,0.039824562582573234,108816000
1999-03-16,0.03922843188047409,0.04125491645309241,0.03887038713026388,0.040777827059805115,79152000
1999-03-17,0.03946651518344879,0.04030073155686994,0.03851233654152902,0.039585556397164545,51360000
1999-03-18,0.03994361683726311,0.040539747555998026,0.03863230732669262,0.03958556861946923,46320000
1999-03-19,0.04006264731287956,0.041254911841004764,0.039824561464656676,0.039824561464656676,105312000
1999-03-22,0.03887036815285683,0.04101681055290319,0.03887036815285683,0.0408968517360993,36672000
1999-03-23,0.03648585081100464,0.039108465505767145,0.03577067568001778,0.039108465505767145,163968000
1999-03-24,0.03624684363603592,0.036485843650433794,0.034816490243463956,0.03624684363603592,60864000
1999-03-25,0.03672393038868904,0.03815519450618616,0.0360087520345663,0.03612779662349266,40320000
1999-03-26,0.03994361683726311,0.04006265808773363,0.037201038921899424,0.037201038921899424,88272000
1999-03-29,0.04113586246967316,0.042090037549149646,0.04042068401192898,0.04113586246967316,65952000
1999-03-30,0.03767811879515648,0.041612957145954754,0.03743911871132636,0.041254912430654635,69504000
1999-03-31,0.040300726890563965,0.04077781615628305,0.03708198192850152,0.038870376736769324,153600000
1999-04-01,0.03910846263170242,0.04053973043192489,0.03839328755327348,0.04030072697687219,30432000
1999-04-05,0.03791619837284088,0.039585551988551404,0.03767811256061081,0.03863229109626444,98640000
1999-04-06,0.03696294128894806,0.038393291596434787,0.03624685190305746,0.03827425038371142,69696000
1999-04-07,0.04006264731287956,0.04030073316110244,0.03696294306845511,0.03720102891667799,89280000
1999-04-08,0.04077780619263649,0.04197007024393517,0.03982454553748058,0.04030071704348934,130128000
1999-04-09,0.04006264731287956,0.041016825992781884,0.039824561464656676,0.041016825992781884,48624000
1999-04-12,0.038393277674913406,0.039585541713320786,0.037678102780494674,0.039585541713320786,33312000
1999-04-13,0.03684297949075699,0.039108463627266936,0.03624684900865352,0.039108463627266936,36144000
1999-04-14,0.035770662128925323,0.03755905980626211,0.035770662128925323,0.03672392613928354,48288000
1999-04-15,0.03672393038868904,0.03672393038868904,0.03577066626802657,0.03672393038868904,35856000
1999-04-16,0.03791619837284088,0.03851233225243955,0.03648584821272711,0.03648584821272711,38928000
1999-04-19,0.03624684363603592,0.038393282839862784,0.03577066865980441,0.038393282839862784,31296000
1999-04-20,0.035531673580408096,0.037678113082354386,0.03517362550808147,0.036246848670368294,67680000
1999-04-21,0.03612780570983887,0.036246850328705615,0.035293585968291796,0.035531675206025286,37488000
1999-04-22,0.03457748889923096,0.036246842241998194,0.0342203585336207,0.036246842241998194,227184000
1999-04-23,0.032909050583839417,0.03457748973503233,0.03267005057285631,0.03445844513984703,126048000
1999-04-26,0.031239695847034454,0.03338522046101045,0.03052360333261028,0.03290904556421349,123504000
1999-04-27,0.03457748889923096,0.03481648890443699,0.031477785630215596,0.03195487482003718,226944000
1999-04-28,0.034339409321546555,0.034816495186132314,0.0332661861559615,0.034816495186132314,120096000
1999-04-29,0.034339409321546555,0.03457749513780518,0.033624234229388476,0.034458450524019024,48144000
1999-04-30,0.03481648862361908,0.03624684194964353,0.03445844402899313,0.03469744744358452,99312000
1999-05-03,0.035054586827754974,0.03517362803842527,0.03410132244237759,0.03517362803842527,33840000
1999-05-04,0.033147137612104416,0.03505457664986292,0.03243196267834235,0.03505457664986292,96048000
1999-05-05,0.03386230394244194,0.03386230394244194,0.03147777634028805,0.033385214893422,144576000
1999-05-06,0.03320666775107384,0.03433941159281684,0.03219296853099082,0.03362423645335579,35616000
1999-05-07,0.03338523581624031,0.03362423931200876,0.03219297126796078,0.03219297126796078,25008000
1999-05-10,0.03338523581624031,0.034101325248710554,0.03314714996399277,0.03314714996399277,19680000
1999-05-11,0.035173624753952026,0.03624684789322873,0.03410131925803502,0.03481649433266172,171744000
1999-05-12,0.03624684363603592,0.03636680246486082,0.03505457943723631,0.03553166864540654,168480000
1999-05-13,0.03624684363603592,0.03720101864106317,0.03612779903914974,0.03624684363603592,69936000
1999-05-14,0.034339409321546555,0.03624684878176215,0.033862320045647105,0.03624684878176215,28464000
1999-05-17,0.03600875660777092,0.03600875660777092,0.03374327267081541,0.033862317274860734,35760000
1999-05-18,0.03767811879515648,0.0381552081419266,0.03529358970482437,0.03636681302983462,151536000
1999-05-19,0.03600875660777092,0.040777813689772596,0.03541262617817741,0.03934746362249494,451728000
1999-05-20,0.033147137612104416,0.036246840753859345,0.03183582892068767,0.036246840753859345,178176000
1999-05-21,0.032431963831186295,0.03267004960317712,0.03147778545679983,0.03267004960317712,303504000
1999-05-24,0.03231200575828552,0.03338522533794315,0.03183583079192865,0.032670050362144654,162624000
1999-05-25,0.03255100175738335,0.03290904631713072,0.03219295719763597,0.03243196058894507,130080000
1999-05-26,0.032431963831186295,0.03410131375344376,0.032431963831186295,0.032431963831186295,104736000
1999-05-27,0.03219296783208847,0.032670057129185956,0.03219296783208847,0.032670057129185956,82320000
1999-05-28,0.03255100175738335,0.032670046337134336,0.03219295719763597,0.032670046337134336,88656000
1999-06-01,0.032670050859451294,0.032670050859451294,0.03195487587276633,0.03243196507830526,98544000
1999-06-02,0.03147778660058975,0.03267005079028965,0.03147778660058975,0.03267005079028965,130128000
1999-06-03,0.03231200575828552,0.032551005767727154,0.03195487538634615,0.03231200575828552,41568000
1999-06-04,0.03255100175738335,0.032670046337134336,0.03231200177738695,0.03255100175738335,78912000
1999-06-07,0.032909050583839417,0.033385225553267464,0.03267005057285631,0.03272957116479239,125136000
1999-06-08,0.03374328091740608,0.03433941490400342,0.0329090610758452,0.033028105708984096,153312000
1999-06-09,0.034339409321546555,0.035054584413704626,0.033862320045647105,0.033862320045647105,95184000
1999-06-10,0.03445843234658241,0.03457747689757045,0.03410130210493019,0.03433939120690627,36096000
1999-06-11,0.03374328091740608,0.03457750075896696,0.032551016355525646,0.03445845612582807,61008000
1999-06-14,0.032431963831186295,0.03386231374955441,0.032192960415983886,0.03380278974807192,51648000
1999-06-15,0.032431963831186295,0.03267004960317712,0.03195487464399306,0.032431963831186295,49296000
1999-06-16,0.03338523581624031,0.0343394145122723,0.03243197476372923,0.03290906070043102,64416000
1999-06-17,0.032431963831186295,0.033624227977563585,0.032431963831186295,0.03314713879037035,74928000
1999-06-18,0.031239695847034454,0.03267004558968512,0.031239695847034458,0.03267004558968512,158736000
1999-06-21,0.032909050583839417,0.032909050583839417,0.031328524383975286,0.032192961371502606,83472000
1999-06-22,0.03231200575828552,0.03290905037158628,0.03159682737117389,0.03290905037158628,193056000
1999-06-23,0.032909050583839417,0.032909050583839417,0.03159682757496359,0.031954875592445156,210912000
1999-06-24,0.03219296783208847,0.03314714642628344,0.03195488200525121,0.03314714642628344,115200000
1999-06-25,0.032670050859451294,0.033028095468760614,0.03195487587276633,0.03195487587276633,73536000
1999-06-28,0.033147137612104416,0.03374326795844616,0.03243196267834235,0.03374326795844616,109152000
1999-06-29,0.03350519761443138,0.033981369360627005,0.03314715286684064,0.033624242256637536,92688000
1999-06-30,0.03648585081100464,0.03648585081100464,0.03386232188412399,0.034577497015110856,269232000
1999-07-01,0.03457748889923096,0.03648584224720423,0.032670049783161244,0.03648584224720423,88992000
1999-07-02,0.03708197548985481,0.03708197548985481,0.03433940262634941,0.03505457757906891,224880000
1999-07-06,0.03720101714134216,0.0374391063255162,0.03672393136371836,0.0374391063255162,198096000
1999-07-07,0.03648585081100464,0.03743911518249033,0.03648585081100464,0.03743911518249033,63120000
1999-07-08,0.03732007369399071,0.037916204254753026,0.03553167860038958,0.03672394313322839,186048000
1999-07-09,0.04048021882772446,0.0407778253056431,0.03720103147526519,0.03720103147526519,211728000
1999-07-12,0.042328134179115295,0.044116529224596884,0.04125491089407822,0.0429242647238378,401040000
1999-07-13,0.04244717210531235,0.043043306015150384,0.04053973258061536,0.04280521677952941,138864000
1999-07-14,0.04077780619263649,0.043401337691376635,0.04053972043963211,0.04244715939308232,137952000
1999-07-15,0.04101681709289551,0.04244716715888424,0.04101681709289551,0.04113586169683356,137040000
1999-07-16,0.04185105487704277,0.04220909966478972,0.041016834878380655,0.04173201022148526,103872000
1999-07-19,0.04077780619263649,0.042090029057919365,0.04053972043963211,0.04197007024393517,43632000
1999-07-20,0.04006264731287956,0.04077782250105361,0.038632296936531474,0.04077782250105361,178752000
1999-07-21,0.03887036815285683,0.03958554307181896,0.03767810407353329,0.03958554307181896,112080000
1999-07-22,0.03708197548985481,0.03863228421775996,0.03672393089754993,0.03863228421775996,213264000
1999-07-23,0.03708197548985481,0.03815519503487919,0.036962930899278934,0.036962930899278934,80256000
1999-07-26,0.03720101714134216,0.03803523669522701,0.03720101714134216,0.03803523669522701,60528000
1999-07-27,0.03732007369399071,0.03743911832422986,0.03672394313322839,0.03720102906375155,98592000
1999-07-28,0.03791619837284088,0.0383932876406677,0.03708198209232577,0.037201023292784,244224000
1999-07-29,0.03827426955103874,0.03839331082337665,0.03696295979958608,0.03720104575557759,388800000
1999-07-30,0.038393277674913406,0.0393474559628907,0.03815519192448332,0.03827423650535473,452304000
1999-08-02,0.03875133395195007,0.038870375147013726,0.03815520009936628,0.03839328590080707,313344000
1999-08-03,0.03779715672135353,0.03875133524562106,0.037439112069571075,0.03875133524562106,255216000
1999-08-04,0.03779715672135353,0.03815520137313599,0.03767811211100223,0.03803524253074256,89952000
1999-08-05,0.038393277674913406,0.038393277674913406,0.037201013636506026,0.03779714736136609,240576000
1999-08-06,0.038393277674913406,0.038512322255784825,0.03815519192448332,0.03827423650535473,183984000
1999-08-09,0.038393277674913406,0.038870366818902054,0.03815519192448332,0.038512322255784825,31056000
1999-08-10,0.03910846263170242,0.04077781624361301,0.03839328755327348,0.03863229100832618,212064000
1999-08-11,0.041731998324394226,0.04220908763168855,0.03934746943136518,0.039824558738659505,197712000
1999-08-12,0.043758492916822433,0.044831712996421205,0.04173200822852821,0.041970094116958304,239616000
1999-08-13,0.043282296508550644,0.0442355606498874,0.042924251913441736,0.043401341100058825,84672000
1999-08-16,0.04161294922232628,0.04363943321149025,0.04018168486586083,0.04363943321149025,223440000
1999-08-17,0.041731998324394226,0.04244717346361442,0.040658778499499594,0.041731998324394226,193536000
1999-08-18,0.04268617555499077,0.04316234720340384,0.04042068794572046,0.041254907679513064,279888000
1999-08-19,0.051747191697359085,0.054132634292092544,0.044116517407725535,0.04566682619518962,1966992000
1999-08-20,0.051271017640829086,0.05222427841697965,0.04936266421333143,0.05186715144780037,353088000
1999-08-23,0.04817042127251625,0.050554950730276084,0.046501067123352384,0.050554950730276084,507984000
1999-08-24,0.04793233424425125,0.04840942024187416,0.045070715434264046,0.0474552448353137,398064000
1999-08-25,0.04769332334399223,0.04852845738576321,0.04578588364679364,0.04805136805058951,350352000
1999-08-26,0.046978142112493515,0.04840940652236274,0.046262967023591076,0.047693317201395954,275376000
1999-08-27,0.049601659178733826,0.05150909818010045,0.04769330594551862,0.047932309347665354,552384000
1999-08-30,0.049422185868024826,0.05139006334208845,0.047336181437409836,0.0504358849021848,158640000
1999-08-31,0.05365554988384247,0.053893635684095664,0.04864749269995429,0.04960166777629462,786864000
1999-09-01,0.05115106329321861,0.0536555507471182,0.05031684362993326,0.0536555507471182,565344000
1999-09-02,0.05055494233965874,0.05079394242064904,0.04840941335865013,0.04948171902740063,341088000
1999-09-03,0.05091298744082451,0.05222429320061317,0.050554942727035194,0.051509118005235,258864000
1999-09-07,0.050674907863140106,0.051747213672845536,0.05043590433941856,0.051747213672845536,124416000
1999-09-08,0.05055494233965874,0.05115107289950139,0.05055494233965874,0.05079394242064904,170064000
1999-09-09,0.04983976483345032,0.05139007400344473,0.0488855861955933,0.051032029309039106,209472000
1999-09-10,0.05055494233965874,0.051271031761750345,0.05031685307954774,0.05067490120190769,167424000
1999-09-13,0.04888558015227318,0.050793933780759234,0.04840940512436122,0.050793933780759234,174432000
1999-09-14,0.04745524004101753,0.048885590479687005,0.04721715077110678,0.048885590479687005,250368000
1999-09-15,0.04781327769160271,0.04840940818776931,0.046501054438520234,0.04685909911132127,212736000
1999-09-16,0.046620093286037445,0.047693312939520345,0.04602395945233611,0.04721713794040807,158112000
1999-09-17,0.0465010330080986,0.04674003636472689,0.04483168008364728,0.04632246787003934,171648000
1999-09-20,0.044831711798906326,0.046262980022236874,0.044831711798906326,0.04566684596776746,229104000
1999-09-21,0.04053973779082298,0.044116531475602884,0.039943607215683456,0.04387844562069669,737328000
1999-09-22,0.041493915021419525,0.04173200086785614,0.03815520731031589,0.04053973634867605,375984000
1999-09-23,0.03803525120019913,0.041732003886171,0.03767812069905728,0.0416129592486856,379584000
1999-09-24,0.03457748889923096,0.039108456326398006,0.03195487482003718,0.03815519558997146,684912000
1999-09-27,0.03672393038868904,0.0374391053314988,0.03457748791706919,0.03684297156630242,432000000
1999-09-28,0.04006264731287956,0.04053973665283072,0.03672394298804098,0.03678346359726816,413184000
1999-09-29,0.03684297949075699,0.04244717093607991,0.03624684900865352,0.040896861896204756,594048000
1999-09-30,0.03672393038868904,0.03934745862526595,0.03624684121241901,0.03815519450618616,342528000
1999-10-01,0.03648585081100464,0.03743911518249033,0.034577497015110856,0.036127806129452135,347760000
1999-10-04,0.03720101714134216,0.037797150922366046,0.03672393136371836,0.03767810633027903,177600000
1999-10-05,0.04077780619263649,0.04101680958877926,0.03720101403874043,0.03720101403874043,478080000
1999-10-06,0.045666832476854324,0.04769331651235375,0.0405397304399237,0.04089686086318316,1508736000
1999-10-07,0.04268617555499077,0.04757427439287049,0.04244717208737141,0.04757427439287049,487296000
1999-10-08,0.044831711798906326,0.04614393537554431,0.041016831823963235,0.04268618592936428,398928000
1999-10-11,0.043639425188302994,0.04530877845545965,0.04244716108935896,0.0451897338685438,544464000
1999-10-12,0.04304329678416252,0.04435551976101772,0.042924252191882124,0.04387843057130585,322992000
1999-10-13,0.04185105487704277,0.042566230220147376,0.041016834878380655,0.042566230220147376,280368000
1999-10-14,0.04101681709289551,0.04197007792245257,0.040539727856463835,0.04197007792245257,192336000
1999-10-15,0.04077780619263649,0.04101680958877926,0.03887036723918627,0.038989411821344855,210720000
1999-10-18,0.03863227739930153,0.0408968464483476,0.038393274028442746,0.0408968464483476,215184000
1999-10-19,0.03708197548985481,0.03982454835336022,0.03636680053713531,0.03982454835336022,308928000
1999-10-20,0.038393277674913406,0.038870366818902054,0.03708197246694736,0.037678102780494674,348720000
1999-10-21,0.04018169268965721,0.04018169268965721,0.03720102960827427,0.038274252937897164,382128000
1999-10-22,0.04113586246967316,0.042328126761498844,0.0400626393727086,0.0400626393727086,286752000
1999-10-25,0.03910846263170242,0.041493908965406535,0.03910846263170242,0.04089686085511388,213840000
1999-10-26,0.04292425513267517,0.04435552279986865,0.040539726663965325,0.040777812453524596,481248000
1999-10-27,0.04101681709289551,0.04340134563174758,0.04030072441659486,0.0431623421918786,214128000
1999-10-28,0.03910846263170242,0.04197008058878278,0.038870376820014305,0.04125490551035383,222768000
1999-10-29,0.04220908507704735,0.04292426017298265,0.0393474670499191,0.03958555286743518,330528000
1999-11-01,0.044831711798906326,0.04650106590430737,0.04149392123174008,0.04149392123174008,782544000
1999-11-02,0.04769332334399223,0.04793232683332719,0.04530879431161994,0.045666839018217206,837504000
1999-11-03,0.05234332010149956,0.053655543060317876,0.04924361687580338,0.04960166146831342,2011680000
1999-11-04,0.05568204075098038,0.05711330524926172,0.05294038142794331,0.05294038142794331,1260336000
1999-11-05,0.05389364808797836,0.057709441862182874,0.05127103310830373,0.05723235591986581,616368000
1999-11-08,0.055443957448005676,0.0569942666375416,0.05055494062735105,0.052224291031596363,470016000
1999-11-09,0.054608821868896484,0.055563000551211834,0.05246329629894853,0.05532491470238685,272352000
1999-11-10,0.05413263291120529,0.05484780787315637,0.05305941335232764,0.05478828728275664,144048000
1999-11-11,0.05794753134250641,0.06080914642001423,0.05294038721971908,0.05413265178643369,562704000
1999-11-12,0.06104815751314163,0.06104815751314163,0.05699427736466481,0.06045203027260459,501504000
1999-11-15,0.0598558634519577,0.06331361105625191,0.05890168514467924,0.06146477502767832,362208000
1999-11-16,0.06557910144329071,0.0667713621569335,0.06104812729986776,0.06128621647889388,723792000
1999-11-17,0.06808268278837204,0.07154043117895924,0.06581719532011707,0.066771373844376,786384000
1999-11-18,0.06832075864076614,0.07011007431881651,0.06772463164802739,0.0695130262714967,235968000
1999-11-19,0.0817946270108223,0.08465624806674533,0.07630948091860662,0.07654848434756166,2165184000
1999-11-22,0.08167557418346405,0.0839410542807432,0.07678655577853848,0.08388153369563155,540192000
1999-11-23,0.07583331316709518,0.07666752939664132,0.0724946061396626,0.07332882236920873,553248000
1999-11-24,0.07344786077737808,0.07630947478049473,0.06784458135800982,0.07547525866007158,406848000
1999-11-26,0.07297170162200928,0.07344788010300693,0.07058625852431358,0.07273269814939232,71760000
1999-11-29,0.07034819573163986,0.07368689730959872,0.0686788415313456,0.07273271843980543,298608000
1999-11-30,0.0660552904009819,0.07177852676756699,0.0660552904009819,0.0705862589168343,314688000
1999-12-01,0.06939399242401123,0.07034817095778036,0.0660552851991841,0.0660552851991841,223536000
1999-12-02,0.07452110946178436,0.07547528818761956,0.06963300307289402,0.06963300307289402,309888000
1999-12-03,0.07273267209529877,0.07654847091071121,0.07177850065612329,0.07523624809561565,342768000
1999-12-06,0.07476010173559189,0.07511722535450428,0.07297170000897052,0.07297170000897052,178608000
1999-12-07,0.07225561141967773,0.07547527764252816,0.06939399669684891,0.07535622961234757,186384000
1999-12-08,0.0754752829670906,0.07619045814022446,0.07177853059849817,0.07201752726257205,201696000
1999-12-09,0.07320978492498398,0.07726366719637072,0.07058625279956546,0.0753562243759803,214944000
1999-12-10,0.07237463444471359,0.07487912491568617,0.07106333255896895,0.07452108032824298,98304000
1999-12-13,0.07213655114173889,0.07404398676778699,0.07058623904393854,0.07154041738420844,183840000
1999-12-14,0.07094427943229675,0.07404398239014454,0.07022910454096641,0.07225558804591281,273888000
1999-12-15,0.06867881864309311,0.07082525815163583,0.06700946499913614,0.07046721348952255,205968000
1999-12-16,0.06820172816514969,0.0701100853305652,0.0679636457524925,0.06903686554152885,132576000
1999-12-17,0.0717785432934761,0.07285176335907598,0.06975205863161503,0.07011010339759288,262080000
1999-12-20,0.07774073630571365,0.07914178296615049,0.06939397692991461,0.07189846049405273,402432000
1999-12-21,0.08107947558164597,0.08119851680344195,0.07487915268655634,0.07774076775177226,388368000
1999-12-22,0.08298689872026443,0.08394107037387677,0.07821784162568764,0.08131754520850065,251184000
1999-12-23,0.08847203105688095,0.08871011340522934,0.08274879639337002,0.08310592673851835,280224000
1999-12-27,0.08513334393501282,0.09049853524239126,0.08417916539291316,0.09037948721850154,202416000
1999-12-28,0.0848943442106247,0.08823305161140434,0.08465626179763133,0.08513334767834507,179184000
1999-12-29,0.08775597810745239,0.08871015000345259,0.0846562737372229,0.0847157943488658,132144000
1999-12-30,0.08847203105688095,0.0890681648048546,0.08632558523596046,0.08775594190288191,139776000
1999-12-31,0.08954435586929321,0.08966431130150161,0.08799495769000575,0.08829256751302718,127344000
2000-01-03,0.08930626511573792,0.09085657750050544,0.08417916316896562,0.09014140243451149,300912000
2000-01-04,0.08692177385091782,0.08799499402750596,0.08250984507261946,0.08775599729644627,300480000
2000-01-05,0.08406010270118713,0.08584849707222389,0.0828678352387456,0.08441814726812467,188352000
2000-01-06,0.078575000166893,0.08406014849334316,0.07535624741570097,0.08406014849334316,120480000
2000-01-07,0.07988723367452621,0.08072145030551724,0.07702561109737695,0.07821787935747691,71184000
2000-01-10,0.08250980079174042,0.08584850760165291,0.07869492241748398,0.08012527239701744,239856000
2000-01-11,0.0791710913181305,0.08298689061856905,0.0791710913181305,0.0820327122354827,148128000
2000-01-12,0.07714461535215378,0.07929106151942664,0.07607139567983077,0.0791710992714183,123552000
2000-01-13,0.08036338537931442,0.08107947481299238,0.07607141311565949,0.07702559181330074,132192000
2000-01-14,0.08382111042737961,0.08715981727081158,0.08131754082209228,0.08155654424991457,604560000
2000-01-18,0.08739884942770004,0.08775597992759321,0.08107947827802868,0.08489435794458258,261648000
2000-01-19,0.08656369894742966,0.08775596678138058,0.08584852382253225,0.08775596678138058,164688000
2000-01-20,0.08632559329271317,0.09204882849037264,0.08561041830381816,0.08727977170673965,179568000
2000-01-21,0.08537143468856812,0.08644465445114402,0.08322498834078888,0.08608660978626019,544272000
2000-01-24,0.0815565213561058,0.08811397096102404,0.0810794288663331,0.08811397096102404,256944000
2000-01-25,0.08084045350551605,0.0827488104803367,0.07821784254143153,0.08191367318736587,237120000
2000-01-26,0.07750177383422852,0.08298692902178055,0.07607142324090678,0.08084048207683868,232464000
2000-01-27,0.07344786077737808,0.07809786925345792,0.07058623995163549,0.07809786925345792,458208000
2000-01-28,0.0713023841381073,0.0729717387214109,0.06844076792717368,0.07249465258836854,194448000
2000-01-31,0.07070623338222504,0.07320980390267537,0.06677139129011626,0.07165949110087771,182400000
2000-02-01,0.07237463444471359,0.07297168244195351,0.06820171173243103,0.07082524338105008,92976000
2000-02-02,0.07440203428268433,0.07583330526080799,0.07237463634616291,0.07273268094301276,149040000
2000-02-03,0.07559431344270706,0.07833688676180263,0.07511722076925971,0.07678657436505003,108240000
2000-02-04,0.07738272845745087,0.07797886248570429,0.07583333671051534,0.07797886248570429,123696000
2000-02-07,0.0726136639714241,0.077740766880574,0.07249462275096215,0.077740766880574,217488000
2000-02-08,0.07607138901948929,0.07869492078521859,0.07249459991290666,0.07440203564915825,468816000
2000-02-09,0.07797881215810776,0.08024429875620245,0.07785977100479413,0.07893299031587238,589056000
2000-02-10,0.09395628422498703,0.09538754863485625,0.08274881568758874,0.08274881568758874,970080000
2000-02-11,0.09538755565881729,0.09872626317738187,0.08847205820029554,0.09860630091192607,423792000
2000-02-14,0.11064887046813965,0.11064887046813965,0.09467143444518,0.09562561274198751,650112000
2000-02-15,0.1063569039106369,0.11100691910839014,0.10182593671053845,0.11088787793336116,450480000
2000-02-16,0.1112450361251831,0.11494179519759774,0.10635693705411801,0.10754920493016695,1019568000
2000-02-17,0.11517982184886932,0.11589591088441323,0.10945658813209312,0.11112594110307054,535776000
2000-02-18,0.1285346895456314,0.13020403626451216,0.11267629142862774,0.11351050767206192,960864000
2000-02-22,0.12495697289705276,0.1261492406099522,0.12018791569070898,0.1244808081137102,542496000
2000-02-23,0.1256731003522873,0.12698440965930885,0.12197635430817001,0.12352666031147133,511392000
2000-02-24,0.12448082119226456,0.12722248049362228,0.1192337565420073,0.1263882641578545,244320000
2000-02-25,0.11673017591238022,0.12459985840317622,0.11160308051232287,0.12459985840317622,278736000
2000-02-28,0.11589597910642624,0.11732632955608804,0.11398762847143593,0.11613406155553808,517872000
2000-02-29,0.12209536880254745,0.12352663326042448,0.11517987162129428,0.11517987162129428,306048000
2000-03-01,0.11851856857538223,0.1220953580571452,0.11661112581642691,0.1220953580571452,383568000
2000-03-02,0.1105298325419426,0.11947272625343847,0.11017270899743475,0.11947272625343847,191040000
2000-03-03,0.11231826990842819,0.11351053103742097,0.10969565156584463,0.1106489160232955,273696000
2000-03-06,0.11160308867692947,0.1216192114460068,0.11064891003888444,0.11303435322268301,432096000
2000-03-07,0.15893925726413727,0.1664508880641264,0.13688054331484736,0.14308086514529467,1952208000
2000-03-08,0.16025058925151825,0.16168185386005757,0.14737376529036386,0.15884954888631642,668736000
2000-03-09,0.19134102761745453,0.20603646363581504,0.16168184890870393,0.16215802741319546,952944000
2000-03-10,0.22511354088783264,0.27662263422125055,0.19983607998924435,0.20126734411623234,2161200000
2000-03-13,0.2847314476966858,0.28616179820705684,0.20222070205127943,0.204129059589896,2415168000
2000-03-14,0.21009030938148499,0.2831810429272925,0.20603642729630475,0.2831810429272925,1567776000
2000-03-15,0.20150545239448547,0.23095676570324802,0.19458995639069337,0.22514377883730036,995616000
2000-03-16,0.17965558171272278,0.21509844343386536,0.17670513580381214,0.20794393447397705,750384000
2000-03-17,0.19053609669208527,0.20412900790560567,0.17548261109183336,0.17551283533035025,557616000
2000-03-20,0.1904170662164688,0.20436710181402687,0.18433578534133213,0.19804773852654614,365280000
2000-03-21,0.18099704384803772,0.19244350044994982,0.16597378447075664,0.19077415389126143,536640000
2000-03-22,0.18230925500392914,0.18791252752495927,0.17932767198635718,0.182428296179934,230592000
2000-03-23,0.18552802503108978,0.19554414642430368,0.18028188876334936,0.18063992658601571,309408000
2000-03-24,0.17777833342552185,0.19268255505000056,0.17169705229625143,0.18433579304463488,231600000
2000-03-27,0.1660928577184677,0.18314351837444845,0.16454346627633992,0.17742027532337662,388944000
2000-03-28,0.15369315445423126,0.1621580445959858,0.1507115701488115,0.16036964255209002,393312000
2000-03-29,0.14355799555778503,0.15786608583275089,0.1373576720977756,0.15428928158814081,469440000
2000-03-30,0.14272281527519226,0.1559586032496322,0.13449600929687727,0.13926506677820774,361920000
2000-03-31,0.16117450594902039,0.16764313356185406,0.14975825976392695,0.15247060853710956,962976000
2000-04-03,0.14856600761413574,0.16025056162120652,0.1443921699588141,0.1597139483532366,329952000
2000-04-04,0.14308086037635803,0.15905829316402276,0.10874145252150669,0.15643477472557663,513792000
2000-04-05,0.17491668462753296,0.1860051038442009,0.1371195245833043,0.14451211335348643,639600000
2000-04-06,0.18302443623542786,0.19232445338196252,0.1743205392212969,0.18302443623542786,404592000
2000-04-07,0.1956632137298584,0.20031323040165533,0.18409769947937646,0.19220546494051588,318576000
2000-04-10,0.17837445437908173,0.2105674173727336,0.17467769560605098,0.19900190412102642,395280000
2000-04-11,0.16776219010353088,0.18123605977465987,0.15261988792771475,0.1659435779326357,457584000
2000-04-12,0.15035440027713776,0.17169702302590678,0.14975826644564025,0.16800119249132228,313440000
2000-04-13,0.14391502737998962,0.15691180004360392,0.14141146522781295,0.15154661074709758,313296000
2000-04-14,0.13124701380729675,0.14510822854558733,0.12495694864942582,0.13473407143382657,421920000
2000-04-17,0.1379537284374237,0.14308083631313379,0.12018789704493163,0.12018789704493163,294096000
2000-04-18,0.16239698231220245,0.17121992080988735,0.14737372287786019,0.15184426242546273,477504000
2000-04-19,0.15464641153812408,0.1697896318274886,0.15261992704741548,0.16752415065062157,278352000
2000-04-20,0.15381214022636414,0.1618008625781806,0.15166570104181498,0.15882019357966867,153936000
2000-04-24,0.14618059992790222,0.15142765149216947,0.1385499130200999,0.1449883319626576,205968000
2000-04-25,0.16215801239013672,0.16692798414684093,0.15238090070124619,0.15273893854466572,249696000
2000-04-26,0.16048863530158997,0.17742023749560396,0.1602505392936507,0.17348541066166454,254112000
2000-04-27,0.1736045479774475,0.1752738954268893,0.148923206570876,0.14975833741180314,280992000
2000-04-28,0.1700277179479599,0.1831435387446102,0.1700277179479599,0.17634708196762602,179040000
2000-05-01,0.17551283538341522,0.18028189273671785,0.17133898402763206,0.17646609285674655,119424000
2000-05-02,0.16871638596057892,0.1857670462075302,0.16382735935121628,0.17551284181858573,234000000
2000-05-03,0.16597379744052887,0.17312829049176334,0.1526198835784147,0.1676431441296658,329184000
2000-05-04,0.1680011749267578,0.1750357116879054,0.1641853757230304,0.16561572561818788,241200000
2000-05-05,0.1757509410381317,0.17980482385352856,0.16501964292985508,0.16728512388414815,170592000
2000-05-08,0.16931253671646118,0.1774202887337604,0.16907352640759063,0.17121996615503665,185136000
2000-05-09,0.1669279932975769,0.1736044940806836,0.16215802127939014,0.17217414380224322,176832000
2000-05-10,0.1504734456539154,0.16537766515218277,0.1490421813374198,0.16525862395801827,274080000
2000-05-11,0.15691187977790833,0.15965445351397337,0.150592515908387,0.15261991446419698,245904000
2000-05-12,0.15214277803897858,0.16978956908314236,0.15214277803897858,0.16120472668819286,187824000
2000-05-15,0.16263511776924133,0.16525865019847424,0.14403505103492772,0.15142764136080542,282096000
2000-05-16,0.17932771146297455,0.18445482040865022,0.16788123944013333,0.169789596539527,366432000
2000-05-17,0.2108054757118225,0.21867515716940725,0.1887476783035685,0.18886671949246317,1290624000
2000-05-18,0.19649742543697357,0.21545552954504002,0.19518611637285013,0.21199778083769283,509904000
2000-05-19,0.19482804834842682,0.20126736628118963,0.18934381628896968,0.19077416634159408,521184000
2000-05-22,0.20746766030788422,0.20746766030788422,0.17563183013769867,0.19268248525050244,517152000
2000-05-23,0.20579834282398224,0.22499452655660093,0.1988828464163164,0.2022206391955494,778560000
2000-05-24,0.20317479968070984,0.20889804173855903,0.17598989454634278,0.20555933491080314,739632000
2000-05-25,0.2003132402896881,0.21843712937520773,0.19780966318843088,0.20615552513233126,569184000
2000-05-26,0.20132692158222198,0.2068706748173457,0.1888667434022944,0.20132692158222198,183456000
2000-05-30,0.20961329340934753,0.21485943111953973,0.20579840679657893,0.20675166451100369,303648000
2000-05-31,0.21772097051143646,0.22129867378118553,0.208898032274863,0.208898032274863,469536000
2000-06-01,0.22380225360393524,0.226186788908892,0.2181980662014588,0.22416030505056855,418992000
2000-06-02,0.2509881556034088,0.2537298152220379,0.2284523313955148,0.2284523313955148,592176000
2000-06-05,0.2563827633857727,0.2689921875026632,0.2406141060269321,0.25063022055397477,491904000
2000-06-06,0.24359552562236786,0.26684559343172415,0.24228328875722824,0.25730747844385116,375888000
2000-06-07,0.2327452003955841,0.24383363592315083,0.22916749604508066,0.24180715160809413,332352000
2000-06-08,0.23453359305858612,0.23894551362953312,0.22511360433427133,0.23870653061874053,460704000
2000-06-09,0.2412099987268448,0.2518222653823465,0.23536772983314744,0.23894543283326908,467280000
2000-06-12,0.2347717434167862,0.2443107897585589,0.22940656372032828,0.24228337705910136,380016000
2000-06-13,0.24216428399085999,0.2422833252117855,0.22702197870020102,0.2282142466643905,447840000
2000-06-14,0.2419261634349823,0.24800651622841802,0.23873672159688986,0.24669523454040138,275088000
2000-06-15,0.24824564158916473,0.24824564158916473,0.22821431650377422,0.24121017228496763,338592000
2000-06-16,0.28568464517593384,0.2861617378713099,0.24729134599479102,0.24735089388755563,987840000
2000-06-19,0.3035695254802704,0.32670145220280034,0.2778149535449655,0.28496946069500856,1052160000
2000-06-20,0.2995156943798065,0.3123934334295637,0.29570083516139234,0.3088166566638915,610272000
2000-06-21,0.3299201726913452,0.335763370325655,0.2948655989810828,0.2948655989810828,614880000
2000-06-22,0.31191620230674744,0.33528623341682673,0.30881651969882756,0.32848977928841644,614352000
2000-06-23,0.2824658751487732,0.30738530214680265,0.2823459333651285,0.3035695159964063,607392000
2000-06-26,0.3165662884712219,0.31835469003028244,0.2835381969855516,0.2880691581289035,618288000
2000-06-27,0.27185365557670593,0.3190707961467123,0.2635068802502803,0.31382373157666016,604608000
2000-06-28,0.261361300945282,0.2880691261796636,0.25372972960132417,0.27757682766979236,586608000
2000-06-29,0.22368325293064117,0.25683040377165534,0.21939037359286218,0.25683040377165534,1184880000
2000-06-30,0.24252234399318695,0.2465762134978583,0.2227291067891172,0.23417556736567183,1209192000
2000-07-03,0.23322220146656036,0.2518222614469587,0.23083676597489766,0.24419159146574038,232680000
2000-07-05,0.20818287134170532,0.23274514577093683,0.2012673615161131,0.23226805313894475,777936000
2000-07-06,0.22082160413265228,0.22845227560129366,0.20341290762481187,0.20842096133745672,603936000
2000-07-07,0.22201396524906158,0.23274525222598436,0.21748298863379636,0.22892946459247185,346560000
2000-07-10,0.23346035182476044,0.2389454987157278,0.21605256787041474,0.218198093183857,351264000
2000-07-11,0.252299427986145,0.26422297930407873,0.227737122953939,0.2303606688450984,755304000
2000-07-12,0.25945302844047546,0.2725688486187145,0.2544458744183727,0.262791722416309,388152000
2000-07-13,0.283777117729187,0.28520746751184767,0.2644609823953346,0.26493807494857574,458736000
2000-07-14,0.2816307842731476,0.29498468615061607,0.27471528698003267,0.28950043969327427,280200000
2000-07-17,0.2785309851169586,0.28616165511366626,0.27757680000215584,0.28592357277350094,105552000
2000-07-18,0.27304598689079285,0.2861618092564237,0.26326885905780645,0.26326885905780645,183672000
2000-07-19,0.25563809275627136,0.2651762068034072,0.25015294647584496,0.2632687641113258,189504000
2000-07-20,0.2625536024570465,0.2689920064727727,0.25468392044144417,0.25539909550274065,142992000
2000-07-21,0.2658923268318176,0.270899452915191,0.25945299485197093,0.26326878106864,251928000
2000-07-24,0.24323739111423492,0.2680377697298966,0.23274509432882234,0.26613032750073357,281112000
2000-07-25,0.23417559266090393,0.2489607764017398,0.2336984998315533,0.24705333296193696,335304000
2000-07-26,0.2167677879333496,0.2341755754981359,0.2103293821935048,0.2341755754981359,380064000
2000-07-27,0.20126742124557495,0.21271389536569368,0.19840580612685957,0.2098522802469783,331560000
2000-07-28,0.20603646337985992,0.22105972665899135,0.19077420343924448,0.2022206766592936,512664000
2000-07-31,0.22892935574054718,0.2294064483639069,0.2060364147083913,0.21748288522446924,371232000
2000-08-01,0.2243984043598175,0.23083682209913603,0.222729057590213,0.2289293792867093,350616000
2000-08-02,0.22892935574054718,0.23262519978648655,0.21772098124280248,0.2212986846888949,345432000
2000-08-03,0.23894545435905457,0.24419161728027328,0.20603640758649458,0.20603640758649458,368664000
2000-08-04,0.24323739111423492,0.2480064333351476,0.23942160606939838,0.24466866869386528,194784000
2000-08-07,0.2623145282268524,0.2644609807646711,0.24395257811270185,0.24490676321330063,246936000
2000-08-08,0.2565913498401642,0.27089943512480974,0.2556380924339434,0.2565913498401642,128112000
2000-08-09,0.24896065890789032,0.26159938289076146,0.24538388348269188,0.2599300500051724,136248000
2000-08-10,0.251822292804718,0.25754552114994916,0.23846839352807175,0.24323743664161865,156432000
2000-08-11,0.2458609938621521,0.2542068683952397,0.2341755250685843,0.2522994255060003,131928000
2000-08-14,0.24824564158916473,0.2513453536691546,0.24037595560573033,0.24896081701104686,108576000
2000-08-15,0.2716750502586365,0.27662265526532104,0.24872258845608378,0.2494377634580429,443328000
2000-08-16,0.2785309851169586,0.28639973745383157,0.2701842123456135,0.28639973745383157,266232000
2000-08-17,0.283777117729187,0.28520746751184767,0.27376101232331523,0.27471519742979744,129816000
2000-08-18,0.29379236698150635,0.2971310874820779,0.2821078276877209,0.2825848930226113,204720000
2000-08-21,0.29832327365875244,0.30976975579094895,0.2976080987890925,0.304523593618385,464472000
2000-08-22,0.27018430829048157,0.2890233852157968,0.26756169010906494,0.28282306281243247,658872000
2000-08-23,0.2859236001968384,0.2863997649228386,0.2604071420456549,0.26589228787575064,352800000
2000-08-24,0.2935543954372406,0.2964160243928079,0.2790082227764533,0.2842543605915515,332616000
2000-08-25,0.28616172075271606,0.29665402062345836,0.28473137062949266,0.2904545995864453,153048000
2000-08-28,0.2976081371307373,0.3014239500555826,0.28425423829051893,0.2875929586151143,189264000
2000-08-29,0.296892911195755,0.2995155282311245,0.29379230105555204,0.2988003533921142,149376000
2000-08-30,0.2995156943798065,0.3035695912189872,0.29045467030348254,0.2935543815766762,178080000
2000-08-31,0.30285435914993286,0.3147779103961424,0.2980852879699753,0.30404662694492224,388896000
2000-09-01,0.30333152413368225,0.31191635644893356,0.29999280236109016,0.30905475477402194,204144000
2000-09-05,0.3038085401058197,0.31072406498803723,0.30166211405291093,0.3104859552715476,246144000
2000-09-06,0.2828230559825897,0.30500079900166377,0.28043852028346733,0.30500079900166377,230136000
2000-09-07,0.2980853319168091,0.2985624246806099,0.27519238414568986,0.28711596444030724,239760000
2000-09-08,0.28043848276138306,0.3014239824135909,0.27948429745845094,0.2947465683380811,222648000
2000-09-11,0.26899203658103943,0.2785310800588937,0.258499762831031,0.27686171947749505,285888000
2000-09-12,0.26732268929481506,0.28330010938205713,0.2632687932029083,0.2692301321976716,125976000
2000-09-13,0.2672036588191986,0.2716155792883649,0.26088426808007675,0.2666075248957862,239976000
2000-09-14,0.26470014452934265,0.2804385859756539,0.2613614226175311,0.26851503139061705,216336000
2000-09-15,0.2704828083515167,0.2742381733768276,0.26136133789870686,0.26326878071105714,242592000
2000-09-18,0.25468388199806213,0.27280777874939005,0.2518222815980471,0.2711384186068252,163488000
2000-09-19,0.2625536024570465,0.26326877751834293,0.24037583441011567,0.24299938013791364,301104000
2000-09-20,0.25396883487701416,0.2604072684521083,0.2499149648885758,0.25539918550365276,227568000
2000-09-21,0.26487863063812256,0.2706613804821034,0.2556381186337797,0.2558762010404268,346824000
2000-09-22,0.26946917176246643,0.2728078934513603,0.2384684831796589,0.2387065656384942,387264000
2000-09-25,0.28878533840179443,0.2928392356466667,0.27566951558673647,0.2778150415086554,467568000
2000-09-26,0.29570069909095764,0.2990393918675459,0.2785309886501382,0.2918848864604136,337344000
2000-09-27,0.31191620230674744,0.3257472202012196,0.2933161690335236,0.2933161690335236,676128000
2000-09-28,0.3214553892612457,0.32336283253872056,0.3014240691479831,0.30905474284488793,333816000
2000-09-29,0.31239327788352966,0.32431685272085997,0.3071471429282765,0.31239327788352966,373872000
2000-10-02,0.30500081181526184,0.3290860261205298,0.29713115595666034,0.3166853810922901,340584000
2000-10-03,0.28854620456695557,0.30905460855788114,0.28616166953683375,0.30667007352775927,300264000
2000-10-04,0.28520768880844116,0.28997766287437676,0.277099920034102,0.28091573554371235,419568000
2000-10-05,0.2785309851169586,0.2873539225686343,0.27256874725554964,0.2873539225686343,525048000
2000-10-06,0.26112231612205505,0.2811536283748872,0.2573074310640936,0.2792461858459065,1027176000
2000-10-09,0.2668455243110657,0.27089939201426594,0.2365599982539403,0.2544457842761013,665256000
2000-10-10,0.24657608568668365,0.2685148644933615,0.24419157820161283,0.25563803284496917,415944000
2000-10-11,0.2487226277589798,0.2623146118718072,0.22225197889358958,0.23155291231659486,535776000
2000-10-12,0.23894545435905457,0.2689919727809089,0.23656001861521733,0.2542068232253374,401616000
2000-10-13,0.2484835684299469,0.2556380745092307,0.2380508177289692,0.2406139146673401,578976000
2000-10-16,0.24276040494441986,0.24848363472584645,0.23703717516299327,0.24848363472584645,339216000
2000-10-17,0.22511354088783264,0.24276033125638527,0.22249093709968146,0.2418070739520276,463248000
2000-10-18,0.2215367555618286,0.2344144896342395,0.2005512582352861,0.21056737823853935,416952000
2000-10-19,0.2429993748664856,0.24609908531638316,0.23226806496121044,0.2358448680673837,294888000
2000-10-20,0.2656533420085907,0.2718536643073059,0.2356068165394259,0.23727617711642474,387360000
2000-10-23,0.2596919536590576,0.26946904936750554,0.2513451805185086,0.26779971657179835,182112000
2000-10-24,0.2513452470302582,0.26279170585391354,0.2503919894981067,0.2584997545563491,193968000
2000-10-25,0.22940650582313538,0.2480065457809872,0.22773714516185276,0.24442976931622207,385512000
2000-10-26,0.23918357491493225,0.2480064863929981,0.2146212733692432,0.23083680089776235,265776000
2000-10-27,0.23369842767715454,0.2453244029256393,0.22511358396798953,0.23942168410710712,210960000
2000-10-30,0.21724483370780945,0.2350701895942984,0.21700582342358216,0.2298835736388335,192120000
2000-10-31,0.2370966672897339,0.24085293294784138,0.21891417463807938,0.22582967148900507,299256000
2000-11-01,0.23703713715076447,0.24037583059637976,0.2232061440055,0.23131390828713788,304536000
2000-11-02,0.25516101717948914,0.2613613388994783,0.24133002359409486,0.2453839195091708,192888000
2000-11-03,0.27185365557670593,0.2766226995659562,0.24991489610851217,0.2518223390449455,268632000
2000-11-06,0.2928391396999359,0.30523885526740363,0.27662268273709056,0.2782920431589191,635040000
2000-11-07,0.27304598689079285,0.28806925263641414,0.26326885905780645,0.28806925263641414,258240000
2000-11-08,0.2649380564689636,0.2761464285376152,0.2608841618647701,0.2761464285376152,187080000
2000-11-09,0.2372761368751526,0.261361318968398,0.22559065575374776,0.24896067647407685,564528000
2000-11-10,0.2243984043598175,0.257545551697548,0.21843709293818359,0.24538391857941777,805248000
2000-11-13,0.22535261511802673,0.2499149080443301,0.20603645913497373,0.21319096698315512,530040000
2000-11-14,0.2666075527667999,0.2685149959456476,0.2384684676228567,0.24037588351119046,470736000
2000-11-15,0.26309019327163696,0.2701842511446231,0.2511071231200551,0.26183840505186823,423864000
2000-11-16,0.24657608568668365,0.2623145173506648,0.24419157820161283,0.25563803284496917,235536000
2000-11-17,0.24180716276168823,0.2611224061214035,0.23369846878565187,0.24848365056233584,178776000
2000-11-20,0.22320617735385895,0.23298327617380846,0.22058264492096769,0.23286423496057612,298752000
2000-11-21,0.21891415119171143,0.2346525860436435,0.20746769422977995,0.23274514341222172,382512000
2000-11-22,0.20746766030788422,0.216528679943019,0.19840571279569472,0.2098521815313301,409752000
2000-11-24,0.2193903774023056,0.22749905714106292,0.20985226157969622,0.20985226157969622,165072000
2000-11-27,0.21199776232242584,0.23656005263586438,0.20323434328685966,0.23512970248672171,363864000
2000-11-28,0.19619981944561005,0.217482924690016,0.1914902823503178,0.21521744387110409,382344000
2000-11-29,0.18409769237041473,0.19935905089170483,0.16931252597230725,0.19912095483011352,636408000
2000-11-30,0.15452733635902405,0.16835833012575083,0.1387888997476356,0.16835833012575083,981624000
2000-12-01,0.1697896271944046,0.1860051596066229,0.1631122114277049,0.16406639697230369,784080000
2000-12-04,0.1724122017621994,0.17646608383390042,0.15929638389050682,0.17086281049326998,474264000
2000-12-05,0.18362058699131012,0.19125125833579032,0.1674050590190133,0.18457475862939304,997224000
2000-12-06,0.15738901495933533,0.18505102739342244,0.15643484285536147,0.1800438719041634,950928000
2000-12-07,0.15452733635902405,0.16287409763861177,0.14165051430802864,0.14975827895396934,785184000
2000-12-08,0.18982096016407013,0.19077421783068702,0.15458688662643086,0.17050480232590035,853392000
2000-12-11,0.18982096016407013,0.19363583294025705,0.17885157885258543,0.1836206371728775,757632000
2000-12-12,0.18457479774951935,0.18838967029169398,0.17837447513866755,0.18505097626013106,409512000
2000-12-13,0.17026668787002563,0.18695929626259145,0.16692798061604971,0.18385868505639497,675072000
2000-12-14,0.15858124196529388,0.17050479463800516,0.15452735904712217,0.16907353003163894,569016000
2000-12-15,0.14284279942512512,0.15786606277966306,0.1421267100239847,0.14856602924124832,1094424000
2000-12-18,0.14755231142044067,0.1526198858035099,0.1454653790027139,0.14880408607491755,658872000
2000-12-19,0.13640345633029938,0.16311218762146795,0.1335418416369018,0.1497582859145603,946200000
2000-12-20,0.12161919474601746,0.1483270096866482,0.11494178048353346,0.1294879488546447,1105392000
2000-12-21,0.1063569039106369,0.13640342046561205,0.10492563982421275,0.11994981233355807,845256000
2000-12-22,0.1337808221578598,0.14594246822626009,0.11494177574737112,0.11494177574737112,949080000
2000-12-26,0.1282956749200821,0.1368805315489708,0.11971083193644684,0.13545018150102225,343824000
2000-12-27,0.1368805468082428,0.14212669705235956,0.12161920241606093,0.12686533901492272,339456000
2000-12-28,0.13759568333625793,0.14117338631590176,0.1292498383762682,0.1313962773176891,419232000
2000-12-29,0.12501655519008636,0.14188866081901447,0.12209541870944167,0.13735769741358558,495168000
2001-01-02,0.11422661691904068,0.1275805265307132,0.11374953100033983,0.12591117952003225,290808000
2001-01-03,0.14928120374679565,0.15047347164892755,0.1077872897124552,0.11064891143042746,910368000
2001-01-04,0.16645090281963348,0.17026670309722547,0.14260378510406976,0.14665766780547865,815448000
2001-01-05,0.1415305882692337,0.16573574662015672,0.13831183579270614,0.1650196571572943,432768000
2001-01-08,0.15500445663928986,0.16120477954458556,0.13759574225301585,0.13759574225301585,573768000
2001-01-09,0.1581040769815445,0.16120470085949484,0.1495192223168335,0.15715081979342488,302904000
2001-01-10,0.16907350718975067,0.1697895965122848,0.14641957342944464,0.14999636311384992,392928000
2001-01-11,0.1831434816122055,0.19029797404941132,0.1621579838504876,0.1650195979789864,447648000
2001-01-12,0.17932771146297455,0.1974515980469332,0.17742026859564738,0.18624320842851244,669000000
2001-01-16,0.16525863111019135,0.1802818924528099,0.16239700294010356,0.1802818924528099,414984000
2001-01-17,0.17121995985507965,0.18314352547874696,0.1705047847096356,0.17789737492842567,592584000
2001-01-18,0.2040695697069168,0.2088981496082389,0.16740513837119478,0.1712200119131165,948168000
2001-01-19,0.19864389300346375,0.2174829436104351,0.19554418193526876,0.20985227051023497,1018704000
2001-01-22,0.19077420234680176,0.20031323244539675,0.18528996925229402,0.19268255963486608,377712000
2001-01-23,0.20979271829128265,0.2136671245734032,0.1874363878423776,0.18838964532418326,433632000
2001-01-24,0.20889806747436523,0.21175968203320836,0.19673642051204127,0.20961324255606223,451728000
2001-01-25,0.18791256844997406,0.20222065503359926,0.18362060368449507,0.2017444765806223,440016000
2001-01-26,0.1938747763633728,0.19614025669548485,0.17610894419557532,0.17742023931284925,259248000
2001-01-29,0.19482804834842682,0.19506704496343594,0.1812360522753042,0.18791255200436094,354168000
2001-01-30,0.19912093877792358,0.20329386222371854,0.19411288483279737,0.1979286846828781,243720000
2001-01-31,0.1969745010137558,0.20699062263438692,0.19268253633291316,0.19935903651462092,358344000
2001-02-01,0.19798821210861206,0.19935904169403387,0.1883896486691943,0.19697450613121775,371856000
2001-02-02,0.17885155975818634,0.20269774940077387,0.17742028159483353,0.19816678765675183,320520000
2001-02-05,0.17861253023147583,0.17980479796722884,0.1681202439416964,0.17861253023147583,367584000
2001-02-06,0.17956672608852386,0.18314351586002733,0.17485718911397918,0.17527383333179378,250440000
2001-02-07,0.17121995985507965,0.17980481794207395,0.1616818441999574,0.17837446765118584,720384000
2001-02-08,0.17026668787002563,0.18195124220425488,0.1695505985530781,0.17217413072216572,384288000
2001-02-09,0.16907350718975067,0.17002769256192177,0.1628740995478565,0.16883542478536845,259608000
2001-02-12,0.16454344987869263,0.16907349677900918,0.15643477140493847,0.16716605402943932,354336000
2001-02-13,0.1695505827665329,0.17742025066375153,0.1657356974174497,0.1676431400919913,467736000
2001-02-14,0.18195125460624695,0.18695930900593788,0.16025057703094853,0.16740508470892276,690888000
2001-02-15,0.21533647179603577,0.21891417567066274,0.20555936035202257,0.2069906247482845,1108512000
2001-02-16,0.2270219475030899,0.23274517680519244,0.20412901664942482,0.20436709905855885,1081176000
2001-02-20,0.20436708629131317,0.22606776163419667,0.20412900389705266,0.2212987043759876,701304000
2001-02-21,0.2136671096086502,0.22225195267172534,0.19458996712991955,0.19673640645368579,646512000
2001-02-22,0.22272907197475433,0.22892939407168686,0.2060364492064161,0.21247486736154783,815304000
2001-02-23,0.20734775066375732,0.22511358575131285,0.20031321250093942,0.2215367960688405,1034664000
2001-02-26,0.2026977688074112,0.2069906621858338,0.19387484112864237,0.20126741838450332,751824000
2001-02-27,0.19053609669208527,0.2055593580538203,0.1893438289428065,0.1976896758972492,533832000
2001-02-28,0.17050477862358093,0.2003132208574326,0.16692798879189516,0.18910484442454067,784056000
2001-03-01,0.18397770822048187,0.18695927793310282,0.15261987914987907,0.16835831427997627,915288000
2001-03-02,0.1662723273038864,0.1829054152130717,0.16406636720098072,0.17074286752393764,1413504000
2001-03-05,0.16788122057914734,0.1721741127497358,0.15882019935984226,0.15977345674774943,742296000
2001-03-06,0.18409769237041473,0.19005901790723326,0.17348544975450358,0.17646610570028515,834408000
2001-03-07,0.1988828182220459,0.19935899657022368,0.18481281713886225,0.18815152367678215,938280000
2001-03-08,0.20555932819843292,0.20770576734105195,0.19315960076717015,0.19315960076717015,829344000
2001-03-09,0.19101320207118988,0.19578226008091515,0.1731283237138627,0.194828088244204,1216776000
2001-03-12,0.18409769237041473,0.19315964293855042,0.17598992722235796,0.1845747850804542,762144000
2001-03-13,0.20603646337985992,0.20889809191881434,0.18552805274265394,0.18648223821477816,1082352000
2001-03-14,0.21772097051143646,0.21843705970452693,0.1967363873617869,0.1967363873617869,1351128000
2001-03-15,0.22845229506492615,0.2431779538880986,0.22272906582915297,0.23107584092169278,1875984000
2001-03-16,0.2274990826845169,0.23369847796263452,0.21819813401231475,0.22487554995265072,1225200000
2001-03-19,0.24061395227909088,0.24228328543990735,0.21396564328472875,0.22630585211585907,943896000
2001-03-20,0.21819812059402466,0.25277655196002463,0.21557550225569405,0.23775236019556614,1990560000
2001-03-21,0.2344145029783249,0.24085290644246207,0.21748288631501303,0.21867515394079126,1877352000
2001-03-22,0.2580227851867676,0.2589769710523783,0.2346527363732831,0.2365601802267036,1697760000
2001-03-23,0.25563809275627136,0.26756164272454697,0.24276035750333713,0.2627916714689965,1509672000
2001-03-26,0.26946917176246643,0.27089952227054476,0.25563817467025174,0.25563817467025174,1542960000
2001-03-27,0.2596919536590576,0.27352294446912756,0.2484835529245924,0.26422291404868103,1702152000
2001-03-28,0.25987064838409424,0.2666075854730399,0.2518224019411672,0.2525375772362855,1433280000
2001-03-29,0.2637457549571991,0.27280770074165367,0.2522993020491755,0.2576049566176625,1632960000
2001-03-30,0.24770888686180115,0.26684556314433944,0.24609907446235166,0.26183841016743914,1423176000
2001-04-02,0.2372761368751526,0.2530145720800079,0.23417549866770535,0.24705323379988203,1265160000
2001-04-03,0.24514496326446533,0.2515842966794808,0.23346039290865192,0.23369847535959634,1991616000
2001-04-04,0.21986745297908783,0.23632197936750998,0.20532127007581336,0.23584488667359557,3362472000
2001-04-05,0.2401377409696579,0.24395262637261847,0.22797519432692223,0.2344145122784836,1724760000
2001-04-06,0.23918357491493225,0.2518222995446799,0.23298322649740277,0.23703712202478563,1547664000
2001-04-09,0.2275557965040207,0.24972347995049393,0.22377846279414498,0.2438097907405424,1097160000
2001-04-10,0.24903671443462372,0.2564009222132901,0.23087528912162628,0.2330116721472052,1186416000
2001-04-11,0.2640700340270996,0.2739524731724236,0.2567827585515134,0.26437497817547545,1426872000
2001-04-12,0.26803791522979736,0.27948437599131637,0.2542261309408188,0.2591865914236586,1440264000
2001-04-16,0.2615133225917816,0.2688015251815199,0.25670582701697336,0.26326875711354575,764112000
2001-04-17,0.2743333578109741,0.27643218871459074,0.257545521504104,0.25765997788401435,1112448000
2001-04-18,0.2947850227355957,0.32202760825890037,0.2858943211518324,0.2858943211518324,2301864000
2001-04-19,0.32011932134628296,0.32519423775362866,0.2951284712053146,0.29646357765609227,1632264000
2001-04-20,0.33179473876953125,0.3433556827279459,0.30791008098870026,0.3162659997020983,1773840000
2001-04-23,0.3142816424369812,0.32488932934751374,0.31096218787832797,0.32458348454064373,1239000000
2001-04-24,0.2920379042625427,0.33686960801227916,0.2871159243179716,0.3134043268629881,1828320000
2001-04-25,0.3054678440093994,0.3158841416394576,0.291694540360002,0.2928007340189557,1423728000
2001-04-26,0.28139278292655945,0.3121068697973898,0.2785311537269231,0.3121068697973898,1486008000
2001-04-27,0.3014240264892578,0.30268312881618464,0.28658115395792116,0.29226683182361707,915672000
2001-04-30,0.31783002614974976,0.33557205205906754,0.3030640851750867,0.30962701670706694,1583280000
2001-05-01,0.3475147783756256,0.34835447998612423,0.3138236922916804,0.3189746117486647,1867368000
2001-05-02,0.3395407497882843,0.35655752908313926,0.33499971805738776,0.35655752908313926,1547784000
2001-05-03,0.3380526900291443,0.3395782840503552,0.3272160929355791,0.3292764444761207,960504000
2001-05-04,0.3427073061466217,0.3480871391736073,0.3266062593957536,0.32813182625471876,953520000
2001-05-07,0.3580840229988098,0.36056380249093295,0.33740346546712086,0.3414097396425348,975600000
2001-05-08,0.3321765959262848,0.3635399469234877,0.32912450664513015,0.36338701087967756,1620144000
2001-05-09,0.31660938262939453,0.3285896994002143,0.3143960947552869,0.3216073671334582,1319040000
2001-05-10,0.3059642016887665,0.3296199206019276,0.3021868668762082,0.3257665817040806,998904000
2001-05-11,0.2981421947479248,0.3071473569305162,0.2920380148851812,0.30520146095354433,921216000
2001-05-14,0.30069872736930847,0.3042471209054098,0.288260533188672,0.2990201974720484,702432000
2001-05-15,0.311496764421463,0.32431683138637923,0.299897374213281,0.30333133777830296,1242600000
2001-05-16,0.3261858820915222,0.3281317771104521,0.30241568677213804,0.3043615817910679,957096000
2001-05-17,0.33194759488105774,0.34148660965695377,0.32221809236388255,0.3272545282041875,919056000
2001-05-18,0.3292764127254486,0.3395782513063222,0.3227903872937477,0.33084138679990976,575832000
2001-05-21,0.34415698051452637,0.35102485762986135,0.3219508226758624,0.3285522351759094,1064688000
2001-05-22,0.35445865988731384,0.35789259712452726,0.33576337976475595,0.3491932839988185,1049976000
2001-05-23,0.3514449894428253,0.3815491972987319,0.3472097763644716,0.36838575988473277,2244912000
2001-05-24,0.3566335141658783,0.36567622423054325,0.33862502598063265,0.34911729870651603,1680576000
2001-05-25,0.3498800992965698,0.3546500709121671,0.3433940731845319,0.34946069875425495,947952000
2001-05-29,0.3355344235897064,0.34797261748349706,0.33080293212178197,0.3478966134244449,920568000
2001-05-30,0.3292764127254486,0.3442712904847822,0.3258424756286595,0.3276363624686029,3308904000
2001-05-31,0.32664379477500916,0.33385506695018435,0.31958545862895016,0.3319091715747259,1262928000
2001-06-01,0.3447291851043701,0.34751480927510875,0.32698716097450126,0.32889553171908026,1022472000
2001-06-04,0.33938783407211304,0.34678959397477654,0.33484770265645275,0.34495815501795596,621552000
2001-06-05,0.3572058081626892,0.36075422911700755,0.33843362318343767,0.3390059324173715,987168000
2001-06-06,0.3587323725223541,0.3634254125009177,0.3533140599290277,0.35854188475703785,698976000
2001-06-07,0.37899258732795715,0.38002274941488623,0.352933099791879,0.35556578778499015,1141152000
2001-06-08,0.3691486120223999,0.37842026211557744,0.36521836942979513,0.3778479528602255,712680000
2001-06-11,0.358350545167923,0.37010284956732653,0.3526272880640854,0.36968254838546055,581928000
2001-06-12,0.37029334902763367,0.3756347305532912,0.35007156842113996,0.35083436561423254,1102728000
2001-06-13,0.35785502195358276,0.37864913017007257,0.3546499979455025,0.3730018790140363,938712000
2001-06-14,0.35709148645401,0.3631965936206933,0.3481632297970132,0.353238147205462,946152000
2001-06-15,0.362662672996521,0.3689582400584491,0.3463702354687406,0.35293319499783316,1094544000
2001-06-18,0.3483160436153412,0.36762211329974986,0.3443482493274619,0.36174687622684926,856656000
2001-06-19,0.3292764127254486,0.3631579581623756,0.32221807808953595,0.35487897376794,1513128000
2001-06-20,0.34343254566192627,0.3472098798152873,0.31649490136260194,0.3232098406581189,1759200000
2001-06-21,0.34991857409477234,0.3559852000540811,0.33290179443899803,0.3420589888695204,1484568000
2001-06-22,0.34835442900657654,0.3574731412352389,0.34377584673286343,0.34816304070885373,761184000
2001-06-25,0.3476678133010864,0.3536959605309487,0.33751797962322283,0.35224639754762066,640032000
2001-06-26,0.3577021658420563,0.3594191482459223,0.33862503538642386,0.3399601416911514,757920000
2001-06-27,0.3466375768184662,0.35674800162679154,0.34057095078252003,0.35598520455110605,895752000
2001-06-28,0.3507198393344879,0.35579475565281643,0.34720989742597314,0.35129217595184975,909336000
2001-06-29,0.35388633608818054,0.3594191041389311,0.3480110721854998,0.35197889345273764,730920000
2001-07-02,0.3382047414779663,0.34274577355669616,0.3330923006534467,0.33988417231219886,1040016000
2001-07-03,0.3425167500972748,0.3460651432271845,0.3341608345893394,0.3358777893233106,406296000
2001-07-05,0.3176780641078949,0.34053253414395923,0.3172577355782311,0.3384337297093194,1020096000
2001-07-06,0.3079100549221039,0.3153502671016426,0.3018049491514248,0.312908039217892,802824000
2001-07-09,0.29783719778060913,0.3112680339918413,0.2949371165610063,0.3039038248139805,1014072000
2001-07-10,0.30027928948402405,0.30581112905869096,0.296653964461193,0.30180485590203404,1221744000
2001-07-11,0.2997070252895355,0.3045145487781762,0.29043540208698904,0.2991347160095003,904632000
2001-07-12,0.3154262602329254,0.3176395479380123,0.3061930617611182,0.31382373415642323,981552000
2001-07-13,0.3089016377925873,0.31653323519165755,0.30237716141312226,0.3130992988187549,690144000
2001-07-16,0.28406283259391785,0.3090546018194864,0.2825372661933901,0.30543017742479417,1191696000
2001-07-17,0.2999359965324402,0.30272069314641825,0.2766227213773841,0.27929388945899564,1169904000
2001-07-18,0.28955715894699097,0.3008891586352632,0.2834145304517849,0.292800635338612,840984000
2001-07-19,0.29421284794807434,0.30646056047537096,0.28925238655739255,0.2937549676014022,840024000
2001-07-20,0.28574231266975403,0.2934114365403626,0.2766226710285873,0.28688695843089723,742464000
2001-07-23,0.2586901783943176,0.2865435517401648,0.25834678194918764,0.2861617029711703,1547976000
2001-07-24,0.27620333433151245,0.2764322471397149,0.25662987012361804,0.26216261191795825,1365312000
2001-07-25,0.27353212237358093,0.27624174221669023,0.2643374048091181,0.2757069574446577,1245888000
2001-07-26,0.3014240264892578,0.30333146949678375,0.2695643738652273,0.2709379598877013,1714152000
2001-07-27,0.3090546727180481,0.31237415379525674,0.2918849580651808,0.3008516641952672,1094688000
2001-07-30,0.30169039964675903,0.31069555614500377,0.29837091929174925,0.3094364541995186,582288000
2001-07-31,0.30867287516593933,0.310008909552411,0.29112220938213623,0.30211084386719145,1187760000
2001-08-01,0.327521950006485,0.3291244487417801,0.31256462197782225,0.3147394572845855,1204944000
2001-08-02,0.3353055715560913,0.33648774190665803,0.3204626993332829,0.33168024550895203,1097928000
2001-08-03,0.33267295360565186,0.3378238475910033,0.32569059304746356,0.3319477081254978,820344000
2001-08-06,0.34274569153785706,0.34614117626124336,0.3267582037259098,0.33030659715292193,1292568000
2001-08-07,0.33767083287239075,0.34434824710222833,0.33366455899374,0.34266881652465536,1088616000
2001-08-08,0.329086035490036,0.3433941239896028,0.32759799297613645,0.33473326135294984,1125696000
2001-08-09,0.32332441210746765,0.3340080768069755,0.31744914564745763,0.32755960030671183,1643616000
2001-08-10,0.32294341921806335,0.32736906733199267,0.31325146598943104,0.32317233205154244,1036488000
2001-08-13,0.3364877998828888,0.34015067830411466,0.32359174861320045,0.3284752772156583,1514784000
2001-08-14,0.32755959033966064,0.3325200239040476,0.3234013069466939,0.3303836676383,2321160000
2001-08-15,0.32794132828712463,0.3388914808564771,0.32504124787947397,0.3349621389417307,1816392000
2001-08-16,0.34175318479537964,0.3422495174131537,0.3206156975550305,0.32191325243734664,1026096000
2001-08-17,0.3196238875389099,0.33744191608370266,0.3169142673843455,0.33309227273208986,1668840000
2001-08-20,0.31741058826446533,0.3208445257185564,0.3076810851659529,0.31760104872661715,1183320000
2001-08-21,0.3107331693172455,0.3266062296952439,0.3102377647149588,0.31821183299851236,1186656000
2001-08-22,0.32351571321487427,0.3238591097392848,0.3061930874123589,0.316227536117795,1498104000
2001-08-23,0.31634199619293213,0.32656780609358593,0.3147779495873192,0.32240862271025933,1013592000
2001-08-24,0.3253846764564514,0.33190915528705295,0.317868460469292,0.3197383516771354,1110936000
2001-08-27,0.3366406261920929,0.3409518166962456,0.3168767047932556,0.31809735457657273,1279608000
2001-08-28,0.33225250244140625,0.3432035823426176,0.32965829417599113,0.3357249192087103,1178760000
2001-08-29,0.32156985998153687,0.33526716126115885,0.3187842623783682,0.33316835679696405,1435800000
2001-08-30,0.3205397129058838,0.3227905531370317,0.3081006119458839,0.3155408264568124,1431312000
2001-08-31,0.32320982217788696,0.32614835502938627,0.3142055643343885,0.3184022988147144,887904000
2001-09-04,0.3007371425628662,0.32233249981468187,0.298485403143562,0.32233249981468187,1856136000
2001-09-05,0.30714714527130127,0.3094364362890424,0.2882604807296863,0.3004697326287879,2395584000
2001-09-06,0.2945936322212219,0.31058114833054357,0.2932200736906348,0.30108058584265923,1950768000
2001-09-07,0.2976842224597931,0.3021868294510262,0.2884510508307236,0.2899775456185544,1970256000
2001-09-10,0.2890617847442627,0.2997069927271346,0.2830711637276653,0.2951659615596058,1872360000
2001-09-17,0.25937697291374207,0.2776913318435131,0.25807939118608175,0.27105237024997575,1138596000
2001-09-18,0.24373383820056915,0.2663209132941738,0.2378576721961206,0.26441347016693034,894372000
2001-09-19,0.2407577633857727,0.24793055655646618,0.20649434526172625,0.2451074074305187,1561908000
2001-09-20,0.22038298845291138,0.23617910331530556,0.21366712174583413,0.22786073793686043,1470696000
2001-09-21,0.20580747723579407,0.21580437106018296,0.19848173704514685,0.20336526364336338,1226304000
2001-09-24,0.22892935574054718,0.2322872887429881,0.21229351366459515,0.22213748567685876,1507500000
2001-09-25,0.22000116109848022,0.23953615942954404,0.21931436808937865,0.22961619499962374,941724000
2001-09-26,0.21206462383270264,0.22358801462706424,0.20985225036770472,0.22282430333423747,430812000
2001-09-27,0.2003132402896881,0.21366715702303907,0.19466601439024447,0.2113018473069823,907296000
2001-09-28,0.209623321890831,0.21984821644841912,0.19726113008348914,0.20603644825083328,1044876000
2001-10-01,0.19184279441833496,0.21290429628011787,0.18848486151361787,0.20947035931880612,972804000
2001-10-02,0.18222779035568237,0.19916856497312274,0.1729176877242331,0.1915378929871316,1123032000
2001-10-03,0.21809369325637817,0.2296161688467262,0.18131206474289427,0.18131206474289427,1798824000
2001-10-04,0.24640405178070068,0.2579274437031682,0.2217565974630623,0.22969221477273238,1980576000
2001-10-05,0.25105956196784973,0.25708773600735013,0.2334319921924594,0.24266516403266022,1078212000
2001-10-08,0.2567058503627777,0.26624486561060634,0.2411386346489231,0.2411386346489231,765900000
2001-10-09,0.24556510150432587,0.2625058683445186,0.23823937703122747,0.25739250256481216,917556000
2001-10-10,0.261361300945282,0.26326874348794216,0.23961303372965337,0.24121553217165134,968124000
2001-10-11,0.28967174887657166,0.2904354739810678,0.2738756158541019,0.27532610680653963,918000000
2001-10-12,0.3085207939147949,0.30905465081643174,0.28135418562814896,0.28234592265940756,1253100000
2001-10-15,0.30714714527130127,0.31668525745418724,0.2911220808566119,0.2995155475306273,908568000
2001-10-16,0.3380526900291443,0.34049398978159395,0.3004313591654853,0.30676537708876106,1383852000
2001-10-17,0.31821179389953613,0.3456833170493776,0.316685299489571,0.3455303810580762,1695540000
2001-10-18,0.33164265751838684,0.3347707501152888,0.31744902810088294,0.3182118250872905,1020864000
2001-10-19,0.33851054310798645,0.34339407049326,0.32279041862232194,0.3269111489965095,1059264000
2001-10-22,0.3465231955051422,0.35102487580274216,0.3285137725533456,0.33599246642408703,970824000
2001-10-23,0.3404180109500885,0.35720585053542775,0.3327104065680759,0.35094876409253006,953028000
2001-10-24,0.35545122623443604,0.35629002709719076,0.33042100568202804,0.3342368182221144,1212144000
2001-10-25,0.3762838840484619,0.3826169736714135,0.3418675528335257,0.3472098333112882,1152396000
2001-10-26,0.3494221866130829,0.3849062282182808,0.3472098000081716,0.37368868473804284,1097124000
2001-10-29,0.3210349380970001,0.3567479204772697,0.32065401722974973,0.35064374408657173,1004796000
2001-10-30,0.3205011785030365,0.33530559963578144,0.3079100725695318,0.3151597973935582,1153380000
2001-10-31,0.32706406712532043,0.3414866090011614,0.3224085521954996,0.33248145114727284,989292000
2001-11-01,0.3549935221672058,0.35766376243238296,0.3262244089499288,0.3312608731631073,1093776000
2001-11-02,0.35995301604270935,0.3643026594461024,0.3403420007589899,0.3533909855501897,1087248000
2001-11-05,0.361250638961792,0.3762070695084267,0.35896134678170644,0.3662110995048296,933456000
2001-11-06,0.38605090975761414,0.38773034025973807,0.3586563168968427,0.36056375958384523,1415376000
2001-11-07,0.38635674118995667,0.40123716245316937,0.3808624527931596,0.3830748122373603,1419144000
2001-11-08,0.37964093685150146,0.39635277210201264,0.3681944780895774,0.3911643275621413,1915188000
2001-11-09,0.40596771240234375,0.4062735570714623,0.3891038734493875,0.3964295996700388,2270484000
2001-11-12,0.41688039898872375,0.4272582426860735,0.392080012557962,0.4044422037396761,1458636000
2001-11-13,0.41344642639160156,0.41825394932417986,0.4074942577408386,0.4181779452633081,1446516000
2001-11-14,0.4019240140914917,0.42046728790031546,0.39070646831300837,0.4164985654952183,1150224000
2001-11-15,0.4040604829788208,0.4095548010085862,0.3923090769533543,0.39734551467941776,874944000
2001-11-16,0.40055051445961,0.4087150453621973,0.3951322008715233,0.4044423057558732,496128000
2001-11-19,0.39177414774894714,0.4082570684799358,0.3701027830190598,0.4045181870783867,1943052000
2001-11-20,0.3807855546474457,0.40055040512535667,0.37643591155487416,0.39368253037465956,937884000
2001-11-21,0.37590205669403076,0.3858989527509197,0.36476054204648456,0.37437556199019173,728412000
2001-11-23,0.38116732239723206,0.3815491983993995,0.3708655124615375,0.37735153704033564,254016000
2001-11-26,0.408409982919693,0.4089438397995807,0.38650875140138047,0.38757739303836247,1215780000
2001-11-27,0.4127596914768219,0.4219928898705282,0.4006264397017851,0.4081811079609975,1183992000
2001-11-28,0.3919270932674408,0.41428615203907043,0.3910113602654293,0.4074942813965548,740844000
2001-11-29,0.40909674763679504,0.4225275791407771,0.40749424912332677,0.4203902958713496,5135472000
2001-11-30,0.41695651412010193,0.41993259949124095,0.40291581644745655,0.40894399127731323,1034028000
2001-12-03,0.41062334179878235,0.4132935545406768,0.4032975862329513,0.40818111398438256,851496000
2001-12-04,0.44366514682769775,0.4441230270006752,0.41268367747902074,0.41268367747902074,1384644000
2001-12-05,0.4794541895389557,0.48036989539913805,0.44679421398954294,0.44717513496458094,1707036000
2001-12-06,0.4718994200229645,0.4769358830512648,0.4599191058657193,0.4757152332635118,1138944000
2001-12-07,0.4574768543243408,0.47266309267672746,0.4493122992565375,0.46838945411928273,807036000
2001-12-10,0.4620554447174072,0.4725101645883937,0.45137268537986736,0.45518757060612086,695868000
2001-12-11,0.4786153733730316,0.4895270478514314,0.4654895105136275,0.4701449989144894,792252000
2001-12-12,0.49349579215049744,0.49372470496049947,0.4729681423465604,0.4822782457450548,1004628000
2001-12-13,0.4793022572994232,0.4899850209913538,0.47739388603122956,0.48380393722983184,881400000
2001-12-14,0.5008974075317383,0.503262730186592,0.47701275750026456,0.479225144164743,754680000
2001-12-17,0.5189068913459778,0.5261556867378274,0.4970816356042791,0.4970816356042791,1080960000
2001-12-18,0.5055520534515381,0.5147092192613734,0.5012792879656922,0.5075364007811424,886968000
2001-12-19,0.4917401075363159,0.5073832936565859,0.48983266549816207,0.4972343942529633,854652000
2001-12-20,0.4723574221134186,0.5026530035919592,0.47060291497878615,0.4937247482468384,951228000
2001-12-21,0.4928089380264282,0.49601393529309773,0.4770888412491369,0.4826591068494427,723972000
2001-12-24,0.5050939917564392,0.5076121950745911,0.49235085793552436,0.49257982520517013,265308000
2001-12-26,0.5174564719200134,0.5260797821872893,0.5075364803100049,0.5076124570928092,642156000
2001-12-27,0.5294378399848938,0.5318031091335395,0.5211963766157981,0.52195914657893,730152000
2001-12-28,0.5166937708854675,0.5360767518337587,0.5115813290653557,0.532565935909313,757680000
2001-12-31,0.51051265001297,0.5234856332530028,0.5093679766265268,0.520509547945488,737580000
2002-01-02,0.5135645270347595,0.5223407716225658,0.4998287788337921,0.512725726049484,1298904000
2002-01-03,0.5472171902656555,0.5494305049898742,0.514328308280687,0.5146331978284043,1414752000
2002-01-04,0.5312690734863281,0.5544669334125751,0.5219589711632219,0.5544669334125751,936288000
2002-01-07,0.5169987082481384,0.5341684279922743,0.5098258870273237,0.5334056034550634,973068000
2002-01-08,0.5231038331985474,0.535542032656127,0.5141755764424119,0.5159310117319423,774360000
2002-01-09,0.5159309506416321,0.5398915860925948,0.5086051939787377,0.5303534965472473,1141188000
2002-01-10,0.5035685300827026,0.520203456865872,0.49906597897082017,0.5131835750734332,992508000
2002-01-11,0.48128563165664673,0.5070786033835089,0.47930215729967385,0.5069257219395386,1380852000
2002-01-14,0.4560272693634033,0.48357482427813475,0.4560272693634033,0.4802177645980901,1369560000
2002-01-15,0.49860817193984985,0.49891311607750344,0.47449460645738784,0.4750284633770924,1838808000
2002-01-16,0.47914910316467285,0.4950212605897757,0.47731769198777496,0.4918162637396999,1115388000
2002-01-17,0.49593695998191833,0.49601386462267677,0.47708877327510063,0.49502125440491035,1121544000
2002-01-18,0.48685669898986816,0.49029066312496616,0.47693583660328387,0.47724165399260204,803676000
2002-01-22,0.4746464490890503,0.49273186250949347,0.4691521075874493,0.49143518175914047,1085028000
2002-01-23,0.4835749864578247,0.48700889735341046,0.4694582581268887,0.4789203708354726,889164000
2002-01-24,0.5008974075317383,0.5059338702411859,0.4780804712203644,0.48838230939573113,1137684000
2002-01-25,0.4996000826358795,0.5120392097188713,0.48761976373473614,0.49372481626439313,817752000
2002-01-28,0.5188299417495728,0.5189069009816393,0.5043314228193995,0.5093678314574934,924288000
2002-01-29,0.4934188425540924,0.5215771351178414,0.4853302631845022,0.5200515410859683,1381932000
2002-01-30,0.49937111139297485,0.4997529602705567,0.484185741299467,0.4960140506347491,1218456000
2002-01-31,0.5016603469848633,0.5097497457732668,0.484948456559671,0.5058579551140657,973980000
2002-02-01,0.48937472701072693,0.5061625837541948,0.4864746753412241,0.5008212336247231,688272000
2002-02-04,0.4663291871547699,0.500210739728015,0.465566417347565,0.4883064001193838,1104864000
2002-02-05,0.4617505669593811,0.4672448561217413,0.44358914209019723,0.46320018425534015,1474620000
2002-02-06,0.4732731282711029,0.48143855917785255,0.46472672179097113,0.47395992134271714,1242528000
2002-02-07,0.45793482661247253,0.4738838378002873,0.4557224394790371,0.4738838378002873,964476000
2002-02-08,0.44046011567115784,0.46358199830815083,0.42298548508014366,0.46098776264751634,1871292000
2002-02-11,0.4648025929927826,0.46548938582772975,0.43817077215979805,0.4397732705810052,1249224000
2002-02-12,0.4746464490890503,0.48342269137096766,0.4525172114579522,0.4577825856763217,1216500000
2002-02-13,0.46854254603385925,0.4888403573748319,0.4639639618459167,0.4807517763821995,1230432000
2002-02-14,0.4743417501449585,0.48418571098026514,0.4665581684373278,0.47251028383779364,1225692000
2002-02-15,0.437637060880661,0.4551877276761396,0.43305847655988755,0.45251748721369006,3988548000
2002-02-19,0.40863898396492004,0.4232904684184744,0.40528105020969185,0.4189408247486527,1972524000
2002-02-20,0.43000540137290955,0.43458398478598004,0.4006264307108054,0.4013892277507092,1838736000
2002-02-21,0.4006264805793762,0.4242822249197259,0.4000926235598773,0.424130216761122,1531044000
2002-02-22,0.38093844056129456,0.39719241958335016,0.37582597385159483,0.392613837018321,2585616000
2002-02-25,0.4107752740383148,0.41375135827567905,0.38261695745514174,0.3826938893909625,1599564000
2002-02-26,0.4197036027908325,0.426953354729225,0.408638991980416,0.41978053474559396,1902672000
2002-02-27,0.4055868685245514,0.43107404909475566,0.40444222265551527,0.42924261024619587,1723224000
2002-02-28,0.3892560303211212,0.4101655306185953,0.38582206499378235,0.40291577838802306,1585440000
2002-03-01,0.4268772602081299,0.42733511303947813,0.3918510683166266,0.39299571404025063,1311396000
2002-03-04,0.45068594813346863,0.45556947558896993,0.4240532220974501,0.4281739525308961,1484724000
2002-03-05,0.44954121112823486,0.46159752795635994,0.4433601303770058,0.4437410512268621,1379448000
2002-03-06,0.4354235529899597,0.44053601907920137,0.42603744895456247,0.4361103457494646,1446060000
2002-03-07,0.43191367387771606,0.44305428583616346,0.41985642842615256,0.4416047233549096,1346532000
2002-03-08,0.4448096454143524,0.45396683648454933,0.43801777662413616,0.4401550594799485,1270356000
2002-03-11,0.4396204650402069,0.4448098378723877,0.43229473630489146,0.43992633710482376,810540000
2002-03-12,0.41657549142837524,0.4284798027171237,0.4135994067835608,0.4261905110350371,1255032000
2002-03-13,0.4090208113193512,0.41565977381827,0.40749431661233004,0.41268368906292785,1031616000
2002-03-14,0.38635674118995667,0.40596775333203045,0.3855170396130066,0.40596775333203045,1139460000
2002-03-15,0.40268674492836,0.40314462505954635,0.3817012727053397,0.38910393196775594,1248288000
2002-03-18,0.40268674492836,0.41886474867899653,0.39810816194055487,0.410012499541254,1236996000
2002-03-19,0.39414045214653015,0.4063497091980092,0.39177422820620084,0.40558691206570835,846072000
2002-03-20,0.3549935221672058,0.388417223446293,0.3536959401355396,0.38765349843406977,2292588000
2002-03-21,0.37384161353111267,0.3781152518457332,0.351482531055409,0.36102157188337297,1721712000
2002-03-22,0.37063664197921753,0.3805566323550646,0.36781349354181897,0.3805566323550646,1249140000
2002-03-25,0.3514825105667114,0.36933901365049177,0.3510246578110893,0.36888116089486966,884160000
2002-03-26,0.3586563766002655,0.36758460386075775,0.3458363313790604,0.34781977845786194,1123512000
2002-03-27,0.34721001982688904,0.3603350141261064,0.3411049391099225,0.3531621917512958,1068012000
2002-03-28,0.33851054310798645,0.35178843996236486,0.3195094172034888,0.34957515240928705,3124080000
2002-04-01,0.33293941617012024,0.33553455325466147,0.3095126091336069,0.31973842024327614,2365344000
2002-04-02,0.3242400586605072,0.3410288274824637,0.3223326155447687,0.322943404516259,1438008000
2002-04-03,0.3303450644016266,0.334541798562977,0.3189746111264553,0.3256904774048946,1094640000
2002-04-04,0.32874253392219543,0.3399600773979687,0.32332424990444664,0.32782682834031796,1130964000
2002-04-05,0.3212639391422272,0.33622126732117186,0.317906906207827,0.3308789862316235,1026900000
2002-04-08,0.33202365040779114,0.33202365040779114,0.3063075557345347,0.3063835598092756,1151316000
2002-04-09,0.311039000749588,0.33805267325753213,0.31027530319008206,0.3353055289095995,1380768000
2002-04-10,0.29386934638023376,0.3159225622031512,0.27166319453715077,0.313557266378067,3689724000
2002-04-11,0.28097233176231384,0.29524286519919574,0.2777673346560562,0.29150308332374336,1437288000
2002-04-12,0.27990466356277466,0.28951968373792636,0.27112841724749304,0.28723039192048494,1376880000
2002-04-15,0.2911982536315918,0.2960057784706564,0.2846353208405789,0.2853221140019478,1157208000
2002-04-16,0.30386537313461304,0.3073762433911014,0.2979132025107313,0.30424722202949506,854856000
2002-04-17,0.30745217204093933,0.3119547512406428,0.29783712534757606,0.30745217204093933,944484000
2002-04-18,0.3023395836353302,0.30760495774488855,0.29570065146925534,0.304323029741896,693156000
2002-04-19,0.2817361354827881,0.29570085676469043,0.28135428656920025,0.29211398224642354,1125672000
2002-04-22,0.2831096351146698,0.2888328641311251,0.27853105190150557,0.27860705596802837,808176000
2002-04-23,0.2716633081436157,0.2886040905795777,0.26914507524527004,0.28532215971940805,773508000
2002-04-24,0.24785451591014862,0.27883601314673495,0.2471677502184595,0.27479128661523305,1582956000
2002-04-25,0.25746941566467285,0.2624289445523271,0.2467857328095799,0.24686173683724782,1168296000
2002-04-26,0.23175251483917236,0.26059762571067224,0.23175251483917236,0.2602926815839716,1191120000
2002-04-29,0.27036571502685547,0.27425750702381596,0.25044884739499046,0.2591481648114744,3930852000
2002-04-30,0.26563405990600586,0.2804384776733318,0.25983482717536066,0.27677560040913535,1776504000
2002-05-01,0.27044156193733215,0.27418134356022833,0.2544934275499118,0.2612843967772789,1718904000
2002-05-02,0.2595299780368805,0.2784542049527145,0.25945307336009876,0.27173926409364657,1125084000
2002-05-03,0.24991481006145477,0.26181914493911473,0.2486172286085055,0.2598347707369926,852756000
2002-05-06,0.24037587642669678,0.2548744527404523,0.23839152863814977,0.24342796554029195,1102044000
2002-05-07,0.24640405178070068,0.25083062760825287,0.2343477307158031,0.24571725872465836,1412448000
2002-05-08,0.27471527457237244,0.278988913780255,0.2548744191880661,0.26319278481008085,1688688000
2002-05-09,0.26296380162239075,0.27952269590058093,0.2625059215764429,0.2738754722798884,1230840000
2002-05-10,0.24327586591243744,0.26937382835861756,0.2403757860472189,0.26838119089884555,1321548000
2002-05-13,0.2580035626888275,0.25884329215502005,0.2437339473549364,0.24579430015016354,800892000
2002-05-14,0.2836434543132782,0.2865435344076363,0.2697547705109623,0.2744862891050642,1526112000
2002-05-15,0.28921377658843994,0.2945560567345756,0.27540199729932724,0.27929381438181755,1504548000
2002-05-16,0.28974857926368713,0.29570074798961377,0.28341456176463775,0.2892906991382259,985560000
2002-05-17,0.29890578985214233,0.2997445909990059,0.2902064755242444,0.2976082079244379,934404000
2002-05-20,0.30211082100868225,0.30409424080999614,0.295014005341324,0.29638756408014355,953412000
2002-05-21,0.2790648639202118,0.3101992629658566,0.27875994711640745,0.3060025292247815,1382604000
2002-05-22,0.29035842418670654,0.2920378546006178,0.28082031066595975,0.28127816347562823,1547988000
2002-05-23,0.27265480160713196,0.2918088574201391,0.2640314948073154,0.29119806873759807,2556780000
2002-05-24,0.2673134505748749,0.2688390442680167,0.26113236999194267,0.26746545867603044,737784000
2002-05-28,0.2567058503627777,0.26983173904014685,0.25136447012912294,0.2696788030294102,1367088000
2002-05-29,0.2663978338241577,0.2674655478154774,0.24869333249104514,0.2525851505352155,1311012000
2002-05-30,0.2625058591365814,0.26883897344272095,0.25586692753550644,0.2609793652589968,1066080000
2002-05-31,0.2553323209285736,0.2651762824969079,0.25487446796294483,0.26403163643757865,674112000
2002-06-03,0.24029983580112457,0.2502958307097401,0.23724684656491843,0.24915118489286164,901248000
2002-06-04,0.252433180809021,0.2537298351028505,0.23839155527751718,0.23877340417948636,1095432000
2002-06-05,0.24877028167247772,0.2530430209789845,0.239994034474047,0.252967016897813,1114308000
2002-06-06,0.24884629249572754,0.25220422657725117,0.246099147422027,0.24617515150525773,739356000
2002-06-07,0.2464810162782669,0.24953310580973873,0.2285475989493321,0.2286245172710365,1371300000
2002-06-10,0.24442054331302643,0.2567058287050338,0.24380978177992177,0.24976192309603995,749148000
2002-06-11,0.23343199491500854,0.24953307005545136,0.23282120594520195,0.24846442815027794,859308000
2002-06-12,0.2132861316204071,0.23198142271100497,0.2035181782104578,0.22786069315834645,2267544000
2002-06-13,0.2110728621482849,0.21885645548420987,0.2043579104316724,0.21488866158070472,1265892000
2002-06-14,0.2150406688451767,0.21664316732920155,0.19642138032411058,0.203289268007046,1116444000
2002-06-17,0.21694909036159515,0.22267232043293406,0.21320929388699375,0.21984824349879825,1054140000
2002-06-18,0.21580441296100616,0.22206151279571315,0.2117596865203309,0.21427790465642219,1008300000
2002-06-19,0.18199892342090607,0.20527372367019445,0.18039641055170313,0.20527372367019445,2593620000
2002-06-20,0.1803203672170639,0.18734026472933635,0.17795415700376005,0.1823807326603674,1425048000
2002-06-21,0.1729176640510559,0.18634849527992786,0.1692548006344044,0.17940460355377616,1484364000
2002-06-24,0.17612265050411224,0.18154094765094225,0.16330260983609496,0.16849198060926412,1379592000
2002-06-25,0.16154812276363373,0.1793276972233494,0.16047948107954266,0.1793276972233494,1172232000
2002-06-26,0.15315374732017517,0.15857204534366537,0.13926504929349737,0.1432337711479513,2067828000
2002-06-27,0.13033686578273773,0.16002168986005263,0.1282004958238761,0.15880103958036096,3182808000
2002-06-28,0.13110050559043884,0.1365178887335176,0.12537726413648062,0.12820042572229473,1991184000
2002-07-01,0.1307946890592575,0.1343055587935388,0.1280475442916594,0.13048975852807168,1164372000
2002-07-02,0.122553251683712,0.1297269726301542,0.1191962319188809,0.12926911967780808,1368180000
2002-07-03,0.13316087424755096,0.13338980063758282,0.12171440464818804,0.12179040870090768,1073304000
2002-07-05,0.14491228759288788,0.14498829165258484,0.1385782702717298,0.14269900025160134,739524000
2002-07-08,0.14926202595233917,0.15445140042279534,0.14308092758812824,0.1432338500234577,1587180000
2002-07-09,0.1419362723827362,0.15155130913290146,0.13873126013268114,0.1496438655661136,1075080000
2002-07-10,0.13804440200328827,0.14651478851266675,0.13705267863792128,0.14537014279344695,926988000
2002-07-11,0.15208512544631958,0.1526199103219936,0.13606006849806646,0.13728164640197132,1143948000
2002-07-12,0.15193313360214233,0.16086138934647115,0.148804125952905,0.1602506003289571,1344900000
2002-07-15,0.16704247891902924,0.1671184830000947,0.14544618536678863,0.15231407514589534,1495272000
2002-07-16,0.16253988444805145,0.17818309345718628,0.15986874354711522,0.16292174696114275,1773432000
2002-07-17,0.14872808754444122,0.16215800616498968,0.14239406962331835,0.1590299134699198,1922364000
2002-07-18,0.14491228759288788,0.15490916842656896,0.1445304251852363,0.14628585970442737,1243188000
2002-07-19,0.13834941387176514,0.14605702161030817,0.1373577035682155,0.14048671209097713,845772000
2002-07-22,0.13193932175636292,0.14163128671375785,0.1262930109925732,0.13773948276378103,1290744000
2002-07-23,0.12209536880254745,0.1335418411824388,0.1175937036119702,0.13270304005789413,1409652000
2002-07-24,0.12987898290157318,0.13186333057480965,0.12034086725574902,0.12041687133031669,1175100000
2002-07-25,0.11492256075143814,0.1252243882754536,0.1107258324857705,0.1248425394176344,1796448000
2002-07-26,0.1122514083981514,0.12102764076388285,0.1091233155387878,0.11828049613630597,1221900000
2002-07-29,0.1153804361820221,0.11751680592935852,0.1116415605661195,0.11690693114344085,1227720000
2002-07-30,0.12377478927373886,0.12957402223236558,0.1144646870367055,0.11484653582520953,1818012000
2002-07-31,0.08447496592998505,0.09202964300480015,0.08348324898722814,0.09019820365722217,4837140000
2002-08-01,0.07638641446828842,0.08516173983036669,0.07630949616175188,0.08516173983036669,1725708000
2002-08-02,0.07134993374347687,0.07936245783071054,0.06944157750143079,0.07882768007045778,1795260000
2002-08-05,0.06562670320272446,0.0704342178674652,0.06478698821242872,0.07028129555972143,1330716000
2002-08-06,0.06906066089868546,0.07165488966368085,0.06761017045599542,0.06867881212588924,1168800000
2002-08-07,0.0674581453204155,0.07279952439911631,0.06486300271542955,0.0721127384283831,892980000
2002-08-08,0.07188381999731064,0.07310446974138642,0.06638951115579955,0.06814494565181839,755424000
2002-08-09,0.07020532339811325,0.07249461518573032,0.06875482592732202,0.06997639012577493,581304000
2002-08-12,0.07020532339811325,0.0728755497805072,0.06761018003351349,0.06944161209908159,592800000
2002-08-13,0.06875482946634293,0.07409712461559295,0.06867882538989764,0.07066317993478403,654420000
2002-08-14,0.07341033965349197,0.07402020756234205,0.06944161685115514,0.07005239899217904,632688000
2002-08-15,0.07852275669574738,0.08004925774715796,0.07539375054488531,0.07615746159781168,1140120000
2002-08-16,0.08157485723495483,0.08432200828597372,0.07203674343687803,0.07432603484228935,1657428000
2002-08-19,0.0965321958065033,0.10263637328685292,0.08493280128061774,0.08508573047469264,2243928000
2002-08-20,0.0922585278749466,0.09920241274087371,0.09103787815331638,0.0972949769851683,1429488000
2002-08-21,0.09714207798242569,0.0983636491379557,0.0919536259690214,0.09645529173507657,1194876000
2002-08-22,0.09386105835437775,0.0980577933874474,0.09325027621371333,0.09424291402980021,1358496000
2002-08-23,0.08767995983362198,0.09180069069088628,0.08714610283815985,0.09118990856476476,919932000
2002-08-26,0.08836674690246582,0.08996925248088125,0.08424601632293255,0.08935847039592552,698568000
2002-08-27,0.08333029597997665,0.09035110712368771,0.08279643220376384,0.08989324741739287,686712000
2002-08-28,0.07814089953899384,0.08302533983792489,0.07783596912137558,0.08287241069059162,700356000
2002-08-29,0.07913357019424438,0.08271952311957693,0.07653842662975006,0.0771492155986511,815520000
2002-08-30,0.07707320153713226,0.08165178487198382,0.07554670007395153,0.07836985550793074,1065888000
2002-09-03,0.07234170287847519,0.07379127949630768,0.0711210459195911,0.07341034484850494,847284000
2002-09-04,0.07188381999731064,0.07447804183479435,0.06875481340788388,0.07257060604401461,930552000
2002-09-05,0.06913667917251587,0.07150198200645275,0.06867882624383469,0.07119704464209373,714312000
2002-09-06,0.07066315412521362,0.07264660053612007,0.06959451263925104,0.072036732860366,746460000
2002-09-09,0.07058627158403397,0.07279955972527892,0.06799204195203545,0.07012841177382569,578040000
2002-09-10,0.08065914362668991,0.0843220142269965,0.07012839150363684,0.07020531662348585,2317632000
2002-09-11,0.08462786674499512,0.09080895541051402,0.08317736939753843,0.08317736939753843,1657536000
2002-09-12,0.08195670694112778,0.08706915309063402,0.0810409877156065,0.08256748889456428,1294932000
2002-09-13,0.08065914362668991,0.08500880033248304,0.08012527988362428,0.08111700330455662,796872000
2002-09-16,0.07554669678211212,0.07974342430462945,0.07363925400464093,0.07943849381168193,925464000
2002-09-17,0.07440203428268433,0.08081205527795397,0.07394418148813031,0.07890461957673452,884052000
2002-09-18,0.07234170287847519,0.07470699906787322,0.07012840803267421,0.07325741562741207,811692000
2002-09-19,0.06989947706460953,0.07325741092539595,0.0695185356186288,0.07073918567653699,618492000
2002-09-20,0.07028133422136307,0.07188383999114567,0.068754832531414,0.07043425661322919,687312000
2002-09-23,0.06722921878099442,0.06982344714808929,0.06677135919403103,0.06913665435633137,521676000
2002-09-24,0.06776309758424759,0.07096810858768485,0.06524487270365338,0.06646552258305395,624444000
2002-09-25,0.07150198519229889,0.07287555768479967,0.0689077557784328,0.07173091166683954,896616000
2002-09-26,0.06768707931041718,0.0736392403785663,0.06661843778955115,0.07287552929422401,739560000
2002-09-27,0.06532086431980133,0.0692895858113869,0.06524486026716894,0.06753415145536318,650688000
2002-09-30,0.06532086431980133,0.06814494021728978,0.06371835912354018,0.06509193793003226,584124000
2002-10-01,0.06883175671100616,0.06944162468868903,0.06348946086819438,0.06585567138944437,888360000
2002-10-02,0.06875482946634293,0.07287555353163434,0.06875482946634293,0.0693656115970082,749100000
2002-10-03,0.06539779156446457,0.0690606620610012,0.065244869206376,0.06791601631007604,590568000
2002-10-04,0.062115851789712906,0.06730522274944839,0.0610481245168633,0.06524485802192566,529788000
2002-10-07,0.059063784778118134,0.062497729482235705,0.05860593185202201,0.06127707944477803,493068000
2002-10-08,0.05730832740664482,0.061200123048720675,0.05494302920569773,0.06104811497245219,714252000
2002-10-09,0.05624061077833176,0.06013241396807375,0.05524797329392196,0.05646954057839381,573132000
2002-10-10,0.059139806777238846,0.06097123929323622,0.0557058614286284,0.0557058614286284,538032000
2002-10-11,0.06722921878099442,0.06829694605513939,0.06104812459092728,0.06142906589594003,994140000
2002-10-14,0.0652448982000351,0.06722926009952014,0.0638713254175846,0.0652448982000351,611484000
2002-10-15,0.0720367357134819,0.07508882373123316,0.0710440982368895,0.0724945953100002,852768000
2002-10-16,0.06600765883922577,0.06776309342203307,0.06486301309725254,0.0671523114038258,578124000
2002-10-17,0.07104413211345673,0.07440206640290191,0.06997640430789613,0.07173091842440732,585792000
2002-10-18,0.07173087447881699,0.07249458546474606,0.06799200098536545,0.07066314732739452,498372000
2002-10-21,0.07821783423423767,0.08081205597220092,0.06913665951299693,0.07073916477558127,930624000
2002-10-22,0.08081207424402237,0.08546666874072573,0.0745549809450317,0.0746309850179944,1272168000
2002-10-23,0.08409310132265091,0.08523774729007824,0.08088808988480313,0.08203273585223046,925428000
2002-10-24,0.07982034236192703,0.0866882232798966,0.07859877156629476,0.08577250400480027,1055172000
2002-10-25,0.08470386266708374,0.08508571824741663,0.07905663147108746,0.080125273098751,745956000
2002-10-28,0.0851617380976677,0.08928246196838131,0.08462787430081471,0.08859567579370034,1070544000
2002-10-29,0.0814228504896164,0.08592451508462076,0.07714919807799256,0.08531464730903121,772728000
2002-10-30,0.08577252924442291,0.08851968105546869,0.08371216368048147,0.08401710105880644,1139496000
2002-10-31,0.09080895781517029,0.09141882564657848,0.08615345620786562,0.08638238264417289,1255476000
2002-11-01,0.10759682208299637,0.10889439724565832,0.08928246633960997,0.08943539554755305,2128836000
2002-11-04,0.1193481907248497,0.12598713765986114,0.11377787847007742,0.11408280890146463,2688132000
2002-11-05,0.11461759358644485,0.12102761452123395,0.10950423320393486,0.11904325372908452,2034540000
2002-11-06,0.12346892058849335,0.12362185658277437,0.11385389548587374,0.1185094033314116,1646016000
2002-11-07,0.11103077232837677,0.12026394450495088,0.11034397926305968,0.12026394450495088,1660560000
2002-11-08,0.08668822050094604,0.0994313443628359,0.08401707364241814,0.09386103165494492,3798900000
2002-11-11,0.07997234165668488,0.08378813386245434,0.07798889520828652,0.08256748425604861,1378452000
2002-11-12,0.08706916868686676,0.0900452532915879,0.08119392460011418,0.08188071755358971,1381188000
2002-11-13,0.08981630951166153,0.09233453412661925,0.08333028412184967,0.08500879351362943,1802112000
2002-11-14,0.09576847404241562,0.09759990570821059,0.09286930819789861,0.09576847404241562,1138728000
2002-11-15,0.10278930515050888,0.10614723894367126,0.09958429374291576,0.10072893969953786,2054328000
2002-11-18,0.10660506039857864,0.11141257578312098,0.10629921573729872,0.11103072707243761,1982472000
2002-11-19,0.10813070833683014,0.11354900869593718,0.10484969217736814,0.10599433836953466,1971948000
2002-11-20,0.11354895681142807,0.11446467607578875,0.10996209063422677,0.11141258782031467,1292796000
2002-11-21,0.12316399812698364,0.12881123649624834,0.11789862218438846,0.11812754860683743,2053920000
2002-11-22,0.11995898932218552,0.12240121688304223,0.11446468686346589,0.11568533670525827,1251900000
2002-11-25,0.12430864572525024,0.12736073426152583,0.12064578197606556,0.1255292955643065,1230084000
2002-11-26,0.12095075100660324,0.12736077484412514,0.12056981633016688,0.12491947438810971,1084332000
2002-11-27,0.13033686578273773,0.13247414997394533,0.1244616130151523,0.12606412586501445,1088556000
2002-11-29,0.1307186633348465,0.13567910870613892,0.12972693995338266,0.13377075177339876,519396000
2002-12-02,0.12972694635391235,0.13941799692414314,0.12911617113042465,0.1376625622611274,1167504000
2002-12-03,0.12117964029312134,0.1275896621622314,0.12095071386463616,0.12728473166825996,1046220000
2002-12-04,0.10668111592531204,0.11446471894203032,0.10629926703037336,0.11263328655007662,2206548000
2002-12-05,0.10767281800508499,0.11431177359133943,0.10507858893102029,0.11354897654159773,1594872000
2002-12-06,0.10782572627067566,0.1098860912925988,0.10133970072942745,0.10301821016039721,1159224000
2002-12-09,0.09920243918895721,0.10599431775105578,0.0983636448166612,0.10431580795166387,969792000
2002-12-10,0.10752080380916595,0.1095042506860756,0.10042399573340814,0.10172064967006945,1389888000
2002-12-11,0.10691004991531372,0.10988612842390913,0.10317117419902794,0.10675712068728628,1364208000
2002-12-12,0.1051546037197113,0.11217541566247728,0.10492567725182296,0.11087784046583064,1302552000
2002-12-13,0.10103391110897064,0.10324719969137602,0.10027111374313283,0.10324719969137602,707724000
2002-12-16,0.10698601603507996,0.10759679803027086,0.10187356271344897,0.10454470969560083,1056972000
2002-12-17,0.10683399438858032,0.11255722215810032,0.10599427926637044,0.1088943591146578,1077744000
2002-12-18,0.09866855293512344,0.1036289981832022,0.09843962652230076,0.10347606900803917,1126836000
2002-12-19,0.0965321958065033,0.10202650544258965,0.09553955809495543,0.09691313720963388,1100604000
2002-12-20,0.09782882779836655,0.1006528966748679,0.09302130572463513,0.09958425520846402,804576000
2002-12-23,0.09851564466953278,0.10088185471886522,0.09729499472533679,0.09759992524204833,498648000
2002-12-24,0.0965321958065033,0.10103386773104178,0.09599741779984824,0.09905042077210006,300336000
2002-12-26,0.09477673470973969,0.09958424969466216,0.09393701966351871,0.09813466701761644,719760000
2002-12-27,0.091189906001091,0.09759992856656996,0.09035111167091138,0.09737100211321477,702528000
2002-12-30,0.08798487484455109,0.09256346428110494,0.08592450993923316,0.0915717409726934,784740000
2002-12-31,0.08783290535211563,0.09004527934338023,0.08539068380359408,0.0870691938776216,825396000
2003-01-02,0.09393706172704697,0.095005703612803,0.08844275837619499,0.09157176572417754,1302540000
2003-01-03,0.09393706172704697,0.09729500236118141,0.09233455601449612,0.09424291332248441,1037496000
2003-01-06,0.10156863182783127,0.1030942120503239,0.0961503270034692,0.09622633788537215,1033428000
2003-01-07,0.10126279294490814,0.10591830141654812,0.10011814710786249,0.10355208461899944,1498272000
2003-01-08,0.091189906001091,0.10156865116049957,0.09050311981839762,0.0986685704048584,1852524000
2003-01-09,0.09279239922761917,0.09500568668181994,0.09187667989145834,0.09401396328208468,1436076000
2003-01-10,0.09439491480588913,0.09576849395784615,0.09035110929912313,0.09157175925285478,924492000
2003-01-13,0.09363211691379547,0.09882148893297386,0.09317425723391264,0.0979817736387418,849120000
2003-01-14,0.09431889653205872,0.09523461582881215,0.09149574140412138,0.09393704094398564,868524000
2003-01-15,0.09141883999109268,0.09515863643997907,0.09141883999109268,0.09439492506582794,904584000
2003-01-16,0.08523772656917572,0.09118988824643139,0.0840170768210614,0.09004524255726219,2039976000
2003-01-17,0.082032710313797,0.08409307514278443,0.08096498298836612,0.08294842270908229,1058832000
2003-01-21,0.07997234165668488,0.0853146349556556,0.07974340845185264,0.0835592074802478,967356000
2003-01-22,0.0800492987036705,0.08210966443179385,0.07951452057569443,0.07974344706876192,550992000
2003-01-23,0.08226166665554047,0.08355924190104912,0.08004929291358602,0.08218566257411027,918456000
2003-01-24,0.07760704308748245,0.08195670594450181,0.0762334710885298,0.08157485039077611,897108000
2003-01-27,0.07646242529153824,0.07989637018315782,0.07455498893815747,0.07592856143670254,889116000
2003-01-28,0.07920955866575241,0.08065914173047319,0.07295246615301863,0.07547068408814413,1785480000
2003-01-29,0.08081207424402237,0.08142286316932879,0.07707320601922044,0.07707320601922044,1022040000
2003-01-30,0.07753102481365204,0.08310133630912836,0.07669131662937463,0.08241455043561896,743064000
2003-01-31,0.07875167578458786,0.08088804412381694,0.07455494314055314,0.07524172896794692,949656000
2003-02-03,0.08027821034193039,0.0818037907074979,0.07859877973422472,0.0802012852208613,755556000
2003-02-04,0.07669133692979813,0.08012527402894318,0.0755466912300831,0.07974341844417725,627720000
2003-02-05,0.07737815380096436,0.08050716167569955,0.07707322320898793,0.07836987754438651,581508000
2003-02-06,0.0779888853430748,0.08287240420542387,0.07669131761884172,0.08271948189268287,1226184000
2003-02-07,0.07447802275419235,0.07989632614888899,0.07432601467574809,0.07951447066673249,915156000
2003-02-10,0.07539376616477966,0.07592854412993523,0.07119703189935869,0.07440204276226786,982632000
2003-02-11,0.07402021437883377,0.07821786403310714,0.07363927290027963,0.07600456914011246,850716000
2003-02-12,0.07440203428268433,0.07714919198576514,0.07341031781582513,0.07402018554325536,641400000
2003-02-13,0.07531776279211044,0.07608055295562703,0.07363925328146659,0.07569961840118944,889164000
2003-02-14,0.09187668561935425,0.09195361074235482,0.08355922747967522,0.08561959270317361,3548844000
2003-02-18,0.09714207798242569,0.0989735170721946,0.0942429180086041,0.09538756402839545,1740516000
2003-02-19,0.09805776178836823,0.09866854373220837,0.0954635333158658,0.09653217486527288,1141212000
2003-02-20,0.09805776178836823,0.1010338458132403,0.09767682046787723,0.09843961734073789,978132000
2003-02-21,0.09813470393419266,0.0983636372039526,0.09462384116503662,0.09798178155873746,913260000
2003-02-24,0.09935535490512848,0.10294222178272519,0.09676113259789604,0.09729499639193721,1137012000
2003-02-25,0.09874456375837326,0.0992024234380038,0.09462383346432553,0.09615033486622714,1239204000
2003-02-26,0.09393706172704697,0.09905043046013691,0.09370813526352317,0.09744792474758607,746892000
2003-02-27,0.09592139720916748,0.09637925683520096,0.09332716862070173,0.09485275561199158,675312000
2003-02-28,0.09630326926708221,0.09653219570798126,0.09019817756088652,0.0929453289648122,1653336000
2003-03-03,0.09470077604055405,0.09920244172387373,0.09347920490747512,0.09744792780208945,702036000
2003-03-04,0.09393706172704697,0.09592142311215436,0.0930213422276956,0.095005703612803,538392000
2003-03-05,0.09546356648206711,0.09599743032630768,0.09279241879647164,0.09302134526747637,522156000
2003-03-06,0.09386105835437775,0.09561649328913631,0.09347920267895526,0.09470077378291225,548064000
2003-03-07,0.09531064331531525,0.09561649491825931,0.0915717679716543,0.09241147659186769,581148000
2003-03-10,0.09264042228460312,0.09477679216235958,0.09248749987397484,0.0943189323401568,344796000
2003-03-11,0.09332720935344696,0.09485279701058093,0.09225856728986126,0.09332720935344696,417144000
2003-03-12,0.09592139720916748,0.09615032361087109,0.09325025033218749,0.09408996552765979,493920000
2003-03-13,0.10546045750379562,0.1060703254319599,0.09828672302322784,0.09874458279110954,1362732000
2003-03-14,0.10240744799375534,0.10683403042521909,0.10164465771867448,0.10584139263641142,1094220000
2003-03-17,0.10835958272218704,0.11041994760604475,0.10049998557474758,0.10072891197400903,1307808000
2003-03-18,0.10752080380916595,0.10919931336524194,0.10530751626855245,0.10797866349512245,932280000
2003-03-19,0.10805468261241913,0.1088174729028299,0.10423888905077601,0.10774974524911127,712992000
2003-03-20,0.10904637724161148,0.11133566855992427,0.10523149892483062,0.10805465392828353,780060000
2003-03-21,0.10805468261241913,0.11316713029133234,0.10317116139705737,0.11278619567352428,1681800000
2003-03-24,0.1040099561214447,0.10683403293881476,0.10301823254145187,0.1036290215023297,839016000
2003-03-25,0.10698601603507996,0.10858852137797996,0.10393392770040992,0.10431578328488363,672828000
2003-03-26,0.10996212065219879,0.11179355968087491,0.10851254412495692,0.10935225273830375,1107840000
2003-03-27,0.10683399438858032,0.11080179468634264,0.10652814290242076,0.10851250357853463,1392732000
2003-03-28,0.10248436778783798,0.10721496659031311,0.10080494377519354,0.10683403197463603,1290684000
2003-03-31,0.09828674048185349,0.10057603972790907,0.09782888745527196,0.09935538259992462,680508000
2003-04-01,0.10118678212165833,0.10225542381860522,0.09813469362220864,0.10034706684778816,533808000
2003-04-02,0.10492568463087082,0.10668111288674714,0.10324717469115591,0.10462074724034091,771900000
2003-04-03,0.1062992736697197,0.1068340518251193,0.10408689283166059,0.1068340518251193,702780000
2003-04-04,0.10217850655317307,0.10675708964188886,0.10172064687977608,0.10660508151297493,513840000
2003-04-07,0.10324715077877045,0.10988609914836235,0.1022554273433345,0.10904639066817447,671256000
2003-04-08,0.1022554337978363,0.10469673368474197,0.10156864763895489,0.10416287672279813,475032000
2003-04-09,0.1017206460237503,0.1053835165574744,0.10156863789611559,0.10263636536283804,694260000
2003-04-10,0.1022554337978363,0.10324715729587118,0.10126279606770731,0.10309422809893361,364104000
2003-04-11,0.1011107861995697,0.10423887901458902,0.10011814848638463,0.10340007790518214,374184000
2003-04-14,0.1028653159737587,0.10317116758758496,0.09927936289266742,0.0995843002742723,445776000
2003-04-15,0.10233142226934433,0.10362899714082197,0.09966027528949385,0.10217849991834611,490212000
2003-04-16,0.10233142226934433,0.10492565095771833,0.10149170704153315,0.10469671772457184,671988000
2003-04-17,0.10416286438703537,0.1043917908053421,0.10095785359498054,0.10309421588972838,520740000
2003-04-21,0.10683399438858032,0.10713892482027443,0.10332313262243928,0.10431577007641611,597144000
2003-04-22,0.10820761322975159,0.10828361731266122,0.104544741775912,0.10629926259900041,787392000
2003-04-23,0.11064887046813965,0.111335656424248,0.10721492704234677,0.10805464215024047,606204000
2003-04-24,0.10736788809299469,0.11072582164513199,0.10591830487881529,0.11072582164513199,660912000
2003-04-25,0.1034000888466835,0.10858854747483285,0.10240745102846036,0.10675710845844329,884652000
2003-04-28,0.10652819275856018,0.10843655027783873,0.10340009929640658,0.10462074947154927,674988000
2003-04-29,0.10981009155511856,0.11133567869242818,0.10813066782605621,0.10897038310190084,670344000
2003-04-30,0.109352245926857,0.11217540837238209,0.1087414638188256,0.10919932354747498,466620000
2003-05-01,0.11003904044628143,0.1111067680655394,0.10797867505030376,0.10858854293460804,733368000
2003-05-02,0.12133254110813141,0.12209533796885882,0.11087780169008872,0.11148858362421363,1691088000
2003-05-05,0.12430864572525024,0.13003188824274717,0.1202639195437414,0.12247722067328488,1576164000
2003-05-06,0.1244615912437439,0.1276666027375736,0.12247724346134051,0.12369789352751032,1143864000
2003-05-07,0.12247724086046219,0.12552931625453878,0.12034087132067149,0.12263016324689871,897372000
2003-05-08,0.122553251683712,0.1274376805779097,0.11942515839505397,0.12095073905998668,1957452000
2003-05-09,0.16307370364665985,0.16429526759050428,0.139646906390831,0.14369163215107553,9230856000
2003-05-12,0.15849511325359344,0.16711842121190415,0.15719844590331022,0.16345554437857648,3007860000
2003-05-13,0.1555190533399582,0.15796126725445833,0.15216203430722677,0.15307774001222163,1824108000
2003-05-14,0.15536707639694214,0.15796129896166194,0.15338271493662317,0.15605385581354392,965580000
2003-05-15,0.1607084572315216,0.1610133877830915,0.15681665263113218,0.15765636808345507,1105656000
2003-05-16,0.16223491728305817,0.16505807935354075,0.1584951352901762,0.1587240617127753,1028916000
2003-05-19,0.15307775139808655,0.16162414303174202,0.15116940790413969,0.16009764835395066,1220484000
2003-05-20,0.1541455090045929,0.15529015508935293,0.15261992826150791,0.153306721370467,884124000
2003-05-21,0.1595637947320938,0.15963979880407927,0.153382698762914,0.154222414128428,905472000
2003-05-22,0.16009768843650818,0.16154817940705213,0.15605387516657768,0.15979275784649177,888816000
2003-05-23,0.1592588573694229,0.1633026698841813,0.1585720779959045,0.1602505809212686,867612000
2003-05-27,0.17337554693222046,0.17398632214754586,0.15452733025968357,0.1575794188080336,1677408000
2003-05-28,0.1729176640510559,0.17474910258200801,0.16864492606362474,0.17284165999334827,1235556000
2003-05-29,0.18474595248699188,0.19062211585683422,0.17245978261335632,0.1728416313023751,2297736000
2003-05-30,0.1997024267911911,0.2032132963040762,0.1972611269408658,0.20222065858882085,2142312000
2003-06-02,0.18863779306411743,0.2051207131151728,0.1874171432941853,0.20489177305704456,1566144000
2003-06-03,0.1925296187400818,0.1982528479444684,0.18421215370054272,0.18650144538229738,1596804000
2003-06-04,0.1971082240343094,0.1972611464214299,0.18894276622429956,0.19191885119980864,1175604000
2003-06-05,0.202755406498909,0.20344219939128458,0.1919188102149079,0.19451396001666887,1204404000
2003-06-06,0.196574404835701,0.2117597495307274,0.1950478960768951,0.21069110743443217,1378836000
2003-06-09,0.19420813024044037,0.20038922624561592,0.19123204546254968,0.19535277613266672,720588000
2003-06-10,0.19703218340873718,0.19718419153549055,0.1920717379589599,0.1942081071120244,563304000
2003-06-11,0.19718416035175323,0.19893959467831962,0.19230063396966024,0.19581058839093649,943836000
2003-06-12,0.19420813024044037,0.2006950709995482,0.19359826919679585,0.1985577873599516,1046688000
2003-06-13,0.17909878492355347,0.19115603218629149,0.17780213094890263,0.1858146518086982,1826808000
2003-06-16,0.1829145848751068,0.1852038765491712,0.16925482525422897,0.18123606844734572,1904868000
2003-06-17,0.18726423382759094,0.18848488368151808,0.18161699530590264,0.18711131146449667,999852000
2003-06-18,0.19443705677986145,0.19817685285745973,0.18390630365029878,0.18543281201484765,1122072000
2003-06-19,0.1826096475124359,0.19626849340910438,0.18161700977602235,0.1952767699047907,1190532000
2003-06-20,0.18070128560066223,0.18467000797795474,0.17780213288065594,0.18459308967628446,937848000
2003-06-23,0.17429128289222717,0.1814650171802136,0.1707053368030404,0.18054929766903302,734784000
2003-06-24,0.17391030490398407,0.17703839728020046,0.16833908456109442,0.17322351203054037,1008816000
2003-06-25,0.17505498230457306,0.18146500480027505,0.17368140995413847,0.1743682029519835,1060620000
2003-06-26,0.17528390884399414,0.1776492183625032,0.17009453631815752,0.17558885301318264,960540000
2003-06-27,0.17215490341186523,0.17894678845388456,0.1713152016723956,0.17734427599028402,709104000
2003-06-30,0.17482611536979675,0.17787820527872386,0.1724599044600927,0.17444426641099325,544128000
2003-07-01,0.18199892342090607,0.18222784993214677,0.17101030078350335,0.17261281365270628,977016000
2003-07-02,0.18146498501300812,0.18604358175729077,0.17894676703759313,0.1836773582658781,846828000
2003-07-03,0.17940466105937958,0.1840592629364337,0.17688644250608093,0.1772673771486552,420912000
2003-07-07,0.1911560297012329,0.19214775315585084,0.1817699366879726,0.18184594075575314,832200000
2003-07-08,0.18901965022087097,0.19153788181005016,0.1854327905801796,0.18589064342625558,602856000
2003-07-09,0.1933692991733551,0.19649739161195048,0.18863779395980368,0.18894272443443025,755352000
2003-07-10,0.1854327917098999,0.18978244835513636,0.18215177676793995,0.18734023446000989,644568000
2003-07-11,0.18642450869083405,0.1887907184402547,0.18482199648453732,0.18764607271229422,495000000
2003-07-14,0.18497496843338013,0.19230069705792913,0.18405924894399747,0.19115605110751485,694344000
2003-07-15,0.17894676327705383,0.18856179577010798,0.17719132868085913,0.1877220805035261,1143456000
2003-07-16,0.17673349380493164,0.18314351611859336,0.17245984085179383,0.1823038007666483,880476000
2003-07-17,0.16788122057914734,0.17360446277020503,0.16559192916082552,0.1713920896441196,853764000
2003-07-18,0.16223491728305817,0.16513408341707278,0.15620583012842387,0.16460021286308876,1280832000
2003-07-21,0.15979264676570892,0.16368443550613054,0.15597684841662918,0.1631505787866368,985140000
2003-07-22,0.16246385872364044,0.1655159474988539,0.16154813930334214,0.16429529756423703,582444000
2003-07-23,0.1646002233028412,0.16559194676492336,0.15742741781227992,0.16231093164114455,605328000
2003-07-24,0.15819020569324493,0.168796962623418,0.15681663338619328,0.16757631268948386,1116828000
2003-07-25,0.1607084572315216,0.16162416311843045,0.1526199174791729,0.15849516930357876,1002084000
2003-07-28,0.1557479202747345,0.1623868659715744,0.1550611276130705,0.16200593156134482,703752000
2003-07-29,0.1455231010913849,0.15384056730131782,0.14010480163270425,0.14163131014286978,2794788000
2003-07-30,0.14392055571079254,0.14666769977099517,0.1430048364756409,0.14498828305632563,788724000
2003-07-31,0.14567501842975616,0.14941481253252734,0.14414943874816724,0.1472775300205497,897600000
2003-08-01,0.15048260986804962,0.1517041739910845,0.1443015142359444,0.14575201843981078,767556000
2003-08-04,0.1561298370361328,0.1588769952361261,0.1494148843738446,0.15033060377384236,1428852000
2003-08-05,0.15567196905612946,0.16383742514980398,0.15437440097351757,0.1601745479051697,1063488000
2003-08-06,0.14933793246746063,0.15567194912797666,0.1455990516399553,0.15361158435293829,1025868000
2003-08-07,0.1472775787115097,0.1510933781081386,0.145294132071704,0.1489570091214906,1040340000
2003-08-08,0.11828052997589111,0.12682692410986462,0.116449090603369,0.1262930533514721,3767580000
2003-08-11,0.12469049543142319,0.12629299389399556,0.1194251199482524,0.12018790321252572,1675752000
2003-08-12,0.1272086799144745,0.12751361029413286,0.12423259652408604,0.12629296089856656,764160000
2003-08-13,0.12804751098155975,0.13010787584390582,0.12453757003774342,0.1277425805296981,693552000
2003-08-14,0.12362189590930939,0.1256062574406731,0.12224830973641478,0.12377481830698511,1527696000
2003-08-15,0.12324004620313644,0.1240037576839657,0.12209540003685077,0.12285911151768002,217716000
2003-08-18,0.12690290808677673,0.12690290808677673,0.1230111034483824,0.1252243913979388,717684000
2003-08-19,0.13659484684467316,0.1373576439127217,0.12965003952165124,0.12972695782640936,1403976000
2003-08-20,0.13468647003173828,0.13720468790600832,0.13171038567880333,0.13468647003173828,870348000
2003-08-21,0.13834941387176514,0.13964699635347555,0.13583119453703138,0.13796847911098203,644748000
2003-08-22,0.13934196531772614,0.14865113796383658,0.13926503338972146,0.14666769149507053,1002396000
2003-08-25,0.13857823610305786,0.14201217235784144,0.13735758664383974,0.14201217235784144,434028000
2003-08-26,0.1363658756017685,0.13888409301564764,0.13262608074363272,0.13682372835147347,768984000
2003-08-27,0.14048662781715393,0.14193620399535398,0.13583111305591544,0.13728161711132988,567816000
2003-08-28,0.13682371377944946,0.1426229584523149,0.1352212156809007,0.141860161716066,828312000
2003-08-29,0.1386551856994629,0.13926504662835562,0.13606003600412753,0.13659482075208393,532884000
2003-09-02,0.13743367791175842,0.14231810731216324,0.13674688476680516,0.1410965428459062,711456000
2003-09-03,0.13476340472698212,0.13987585880457398,0.13407662539327883,0.13949400998626413,849972000
2003-09-04,0.13606008887290955,0.13926510074250703,0.13430558158541994,0.13529730529943035,740064000
2003-09-05,0.14254698157310486,0.1457519920261227,0.13468645672606822,0.1362889687752032,1198740000
2003-09-08,0.14910906553268433,0.1507884828413742,0.1430808911394314,0.14483632617545222,1508712000
2003-09-09,0.15826618671417236,0.16383742072410734,0.14300484448244147,0.1449882911741788,2489436000
2003-09-10,0.14743053913116455,0.15788528882382522,0.14620988909173965,0.15376455790129429,1380624000
2003-09-11,0.1455231010913849,0.15376456322160437,0.13964694869002836,0.1494149056851567,2612736000
2003-09-12,0.14765942096710205,0.15086443142205036,0.1426989897671904,0.1443014881720385,1162404000
2003-09-15,0.14521725475788116,0.14964383055898436,0.144683397741191,0.14888011919595573,596028000
2003-09-16,0.14971984922885895,0.15017771585652506,0.1455231137198441,0.1455231137198441,620736000
2003-09-17,0.1514752358198166,0.15437440189356946,0.14941487076874363,0.15063552056515267,902784000
2003-09-18,0.15261989831924438,0.1526959023895455,0.14895703429567547,0.1506355371121458,603492000
2003-09-19,0.15139831602573395,0.1553670379646509,0.15002474388704665,0.1543744003639342,648096000
2003-09-22,0.14544615149497986,0.1487280806354712,0.1442255016758736,0.14842223591800735,735504000
2003-09-23,0.14681977033615112,0.14765948587331354,0.14376769452497887,0.14567512421661055,628932000
2003-09-24,0.13567908108234406,0.14498826685901747,0.13545015471044364,0.1436916132608647,1600668000
2003-09-25,0.13377074897289276,0.13918904706777058,0.13316088802429393,0.1367468332869662,736776000
2003-09-26,0.12865829467773438,0.13377074803032207,0.12690287379570156,0.13338981349812382,895908000
2003-09-29,0.12171438336372375,0.12652189129470046,0.11980602700209118,0.12217223606372175,1944996000
2003-09-30,0.12186644971370697,0.12598718056503724,0.12018793313119434,0.12064579969537326,1020888000
2003-10-01,0.12285912036895752,0.1243086972345076,0.12179047821630797,0.12209540883310734,877224000
2003-10-02,0.12476655095815659,0.12652197249051583,0.12171446147430603,0.12209539614762817,857628000
2003-10-03,0.12804751098155975,0.13125252147351446,0.12598714611921372,0.1282004333234407,862812000
2003-10-06,0.12705577909946442,0.12957399658521457,0.12598713759713165,0.12827642870149567,377028000
2003-10-07,0.128200501203537,0.128200501203537,0.1253004196278975,0.1270558549678566,510588000
2003-10-08,0.1236979216337204,0.129345148775219,0.1229351243310962,0.12820050252771562,739440000
2003-10-09,0.12545323371887207,0.13033675870312955,0.12446151076241915,0.12552923774847405,852408000
2003-10-10,0.12766660749912262,0.12858232705226397,0.12591118611968058,0.12743768102215153,413976000
2003-10-13,0.12896326184272766,0.1316344024957984,0.12812446069116365,0.12911618422211305,434904000
2003-10-14,0.13132940232753754,0.13171033672581164,0.12682682514746443,0.12758960817565232,623556000
2003-10-15,0.12965001165866852,0.1352972494951419,0.12881122434349299,0.1328550222063372,703488000
2003-10-16,0.1312524974346161,0.1317103501445029,0.12781856117471563,0.1298029079733859,446088000
2003-10-17,0.12713178992271423,0.13300794032823407,0.12697978181491698,0.13048972270831688,459696000
2003-10-20,0.12995587289333344,0.13010788100934903,0.12644500393297878,0.12720871508605575,467388000
2003-10-21,0.13392364978790283,0.13644188086955167,0.13048971319865557,0.13232115150435453,758724000
2003-10-22,0.1316344290971756,0.13491544511183948,0.13094764959934008,0.1318633555964541,620952000
2003-10-23,0.1310236006975174,0.13354181846163682,0.12949800685035698,0.12972693325704912,451524000
2003-10-24,0.13056577742099762,0.1317104234782809,0.12850541178883626,0.12972697616174914,447084000
2003-10-27,0.1312524974346161,0.13277899152339956,0.13033677836959268,0.1312524974346161,254460000
2003-10-28,0.13949398696422577,0.1402576844748051,0.13239717283709523,0.13300794799917073,956064000
2003-10-29,0.13949398696422577,0.14117340374720125,0.13529725300278753,0.1353732570610695,494004000
2003-10-30,0.13689976930618286,0.14315686903324706,0.13667084286961373,0.14308086496507696,581256000
2003-10-31,0.13491541147232056,0.1392650684551114,0.1327790421319853,0.1381204225988641,598152000
2003-11-03,0.13743367791175842,0.1400288150226636,0.13361879115396122,0.13422866597740724,773724000
2003-11-04,0.1378915160894394,0.14079159712296374,0.13697579654301958,0.14040973460815118,700896000
2003-11-05,0.13842624425888062,0.13979981619286744,0.13285501095071958,0.13506829800590897,882024000
2003-11-06,0.1386551856994629,0.14117340345948037,0.1361369542941926,0.1404866242405226,1175280000
2003-11-07,0.16597379744052887,0.16833909300276476,0.16177706322077098,0.1652870045326447,4292820000
2003-11-10,0.1655159294605255,0.1687969443219268,0.16452420607774987,0.16650765284330113,1210056000
2003-11-11,0.1613951474428177,0.16460015721134424,0.1584950817025737,0.161777009740629,799140000
2003-11-12,0.1635315716266632,0.16406635641414893,0.16009763434229188,0.16086134555301826,617664000
2003-11-13,0.16360850632190704,0.16589781171954632,0.1626158685884418,0.16353158801844644,580332000
2003-11-14,0.15391655266284943,0.16406637093185178,0.1534586997758542,0.16406637093185178,888420000
2003-11-17,0.15231406688690186,0.1541454922361348,0.1495669083951682,0.1510174127727717,599880000
2003-11-18,0.1501016765832901,0.15796127504489274,0.14956689176240254,0.15605383218557886,991428000
2003-11-19,0.15429843962192535,0.154909214978918,0.150635561363404,0.15116943205088498,567552000
2003-11-20,0.15017765760421753,0.15521409303816036,0.14956686880857478,0.15185616012314018,738852000
2003-11-21,0.15078844130039215,0.1522380311443154,0.14788837467107818,0.15200909108368185,543240000
2003-11-24,0.1598687320947647,0.16025058093524505,0.151169417534059,0.15223805939337354,940644000
2003-11-25,0.1626158207654953,0.16398940632917838,0.15872403138906302,0.16055545606522184,822804000
2003-11-26,0.16276882588863373,0.1658209014499664,0.1597167366820441,0.16528704441643272,430032000
2003-11-28,0.16200602054595947,0.16315066651395027,0.16063244811342178,0.16269281358485646,206136000
2003-12-01,0.16429530084133148,0.1655159508002959,0.16192909076337073,0.16383744794467736,526980000
2003-12-02,0.16360850632190704,0.1669655256470226,0.1626158685884418,0.1633026615722591,574740000
2003-12-03,0.16192908585071564,0.16940774986333212,0.16154813762454304,0.16406636941550778,710028000
2003-12-04,0.16109026968479156,0.16536300795085018,0.1572744700267089,0.16246384184995064,521952000
2003-12-05,0.15590089559555054,0.16177706023858932,0.15460332751191536,0.1572744677407449,559848000
2003-12-08,0.15704551339149475,0.15864802531357172,0.15452729596566064,0.15590086786654733,340980000
2003-12-09,0.14888012409210205,0.15826623243274357,0.14880412001070048,0.15674065176614754,598128000
2003-12-10,0.15216201543807983,0.15300080274229796,0.14880406894448556,0.14888007299980424,568656000
2003-12-11,0.1598687320947647,0.16177708935553434,0.15178019283239877,0.15208512336549676,694872000
2003-12-12,0.15902988612651825,0.16307369750248216,0.15643475022322362,0.16200597017609167,700692000
2003-12-15,0.15582486987113953,0.16391340655324252,0.1553670171014768,0.16368446652315963,622752000
2003-12-16,0.15796132385730743,0.15895304762766796,0.15216208883201515,0.1549092342219022,601728000
2003-12-17,0.1549091935157776,0.1571984852875365,0.1523140569917823,0.15666371408717528,499116000
2003-12-18,0.15841911733150482,0.16002162957767832,0.15506118412558573,0.15521410648441156,436728000
2003-12-19,0.16078445315361023,0.16482917994066604,0.15902993249034048,0.1623869520196511,916956000
2003-12-22,0.16101334989070892,0.16139519866445756,0.15681661572639605,0.15841911429661618,371184000
2003-12-23,0.16757631301879883,0.1691788254178875,0.16032657536203326,0.16040349366478668,722760000
2003-12-24,0.166355699300766,0.16803421613595929,0.16589784631291876,0.1675003454156421,210852000
2003-12-26,0.1735285073518753,0.17452023098651825,0.1669655480850414,0.16765234116115485,363960000
2003-12-29,0.18085423111915588,0.18146500640422827,0.17597070330867082,0.17680950445976149,756624000
2003-12-30,0.18123602867126465,0.18466996542871117,0.1787938151636034,0.17894673749963366,550884000
2003-12-31,0.17703841626644135,0.18199886197226534,0.17413924998870475,0.1811591466585195,497268000
2004-01-02,0.17612265050411224,0.18230374446446004,0.17612265050411224,0.1798624453427811,436416000
2004-01-05,0.18184594810009003,0.1830675122714939,0.17719134691013408,0.17879385931313488,575292000
2004-01-06,0.18924860656261444,0.19176682472308093,0.18047236062953675,0.1813120759754717,1093344000
2004-01-07,0.19092713296413422,0.19184285249340977,0.18581467829614431,0.18711134610088684,673032000
2004-01-08,0.19161386787891388,0.19420808964288883,0.1897824293760962,0.19329237039148,433752000
2004-01-09,0.19436103105545044,0.19672634029518474,0.18879072458924148,0.19031631855172773,766584000
2004-01-12,0.196574404835701,0.197184266037139,0.19321645671737017,0.1950478960768951,541980000
2004-01-13,0.18642450869083405,0.1974900314308558,0.18436414365145448,0.195581674514518,865800000
2004-01-14,0.18505099415779114,0.19001142738551421,0.1832964732822221,0.18734028632643168,544872000
2004-01-15,0.1853567659854889,0.18688234612734542,0.18039632106550493,0.18367733562405478,609204000
2004-01-16,0.18817995488643646,0.1897824535465548,0.18550880084855517,0.18726423551840277,451728000
2004-01-20,0.1934453248977661,0.19375025538503235,0.18833287129175427,0.19046924045713826,487764000
2004-01-21,0.1845170557498932,0.19260559310278075,0.1842121252887808,0.1918427961887831,494460000
2004-01-22,0.18024343252182007,0.18848489354576922,0.1780310591268103,0.1855088088820926,605724000
2004-01-23,0.17619957029819489,0.18291453475613595,0.17581772159487444,0.17932766221300303,482472000
2004-01-26,0.1831434816122055,0.18390626487233097,0.17597066360088923,0.17734423565351817,393684000
2004-01-27,0.17268870770931244,0.1823806561384115,0.17131513587184213,0.17948057649738242,934104000
2004-01-28,0.17223092913627625,0.1776492424943707,0.1713152232079714,0.17490208377368419,615204000
2004-01-29,0.1671944409608841,0.17360446237572083,0.16139519472273153,0.17276566137348387,929700000
2004-01-30,0.1697896271944046,0.1736045136178223,0.16582090414145645,0.16681354202080925,466464000
2004-02-02,0.17253674566745758,0.17589376470338516,0.16940773882597823,0.17116317346340354,560844000
2004-02-03,0.17192600667476654,0.17505501442381474,0.16963671445558248,0.1720789290807723,418032000
2004-02-04,0.16727137565612793,0.17085732124765704,0.16704244922141728,0.16948374899413876,436800000
2004-02-05,0.1697896271944046,0.17169707040611346,0.16711848622843273,0.16818712819031922,331980000
2004-02-06,0.17368139326572418,0.1761226929761229,0.17108624331478964,0.1720019626755097,471132000
2004-02-09,0.17245979607105255,0.17780208943332262,0.17238379202003037,0.17497801359566498,373992000
2004-02-10,0.178793802857399,0.17894672518290375,0.17291763935149013,0.17299455763014368,509700000
2004-02-11,0.18505099415779114,0.18566176953604568,0.1804723961752524,0.1810831851987646,737808000
2004-02-12,0.179480642080307,0.18505096280063763,0.17665749332924505,0.18405923928699583,974892000
2004-02-13,0.17780211567878723,0.18230378033979242,0.1732235190782999,0.1747491130055552,1747500000
2004-02-17,0.1797855645418167,0.18032033567970884,0.1760466831555476,0.17848889701813841,575976000
2004-02-18,0.1797855645418167,0.18123605501049406,0.17856490108126666,0.18032033567970884,320244000
2004-02-19,0.17970958352088928,0.18520388656482145,0.179327721047036,0.1819988753187564,631032000
2004-02-20,0.18421213328838348,0.1846699861158988,0.1784119727803582,0.17940461037320643,618120000
2004-02-23,0.17780211567878723,0.184212137274216,0.17535988819944698,0.18390627891602285,853332000
2004-02-24,0.17070530354976654,0.17696240287551557,0.1687969465888728,0.17474911542944008,708384000
2004-02-25,0.17169702053070068,0.17497803531357667,0.16986558193353102,0.17177302459115634,652512000
2004-02-26,0.17284172773361206,0.1745202445750616,0.17070535790260874,0.1742153003475314,344976000
2004-02-27,0.1697896271944046,0.1733755871379897,0.1671944903109664,0.17322356532766514,595548000
2004-03-01,0.1723078042268753,0.1726127346915878,0.16910279359984987,0.16933172000636895,506628000
2004-03-02,0.16910283267498016,0.1737574205201167,0.16841603965147067,0.17253677050201563,813348000
2004-03-03,0.16688945889472961,0.16864489302406346,0.16414231528175263,0.16864489302406346,552492000
2004-03-04,0.17055241763591766,0.17085734818625894,0.16719448371761172,0.16856805618769735,413352000
2004-03-05,0.16933174431324005,0.1732235347184731,0.16612673322614854,0.16673659424311657,354888000
2004-03-08,0.1634555608034134,0.17169702086129213,0.16215799273612,0.16940772943304877,465168000
2004-03-09,0.16231094300746918,0.1649820973073612,0.15956379827915776,0.16482917492788618,371232000
2004-03-10,0.15994562208652496,0.1651340796176619,0.1588009763546117,0.16337955928226464,481692000
2004-03-11,0.1587240844964981,0.16345559056773662,0.15780836502940285,0.15780836502940285,526872000
2004-03-12,0.1620820313692093,0.16406639284577354,0.1591059462704672,0.1608613812729567,377952000
2004-03-15,0.15841911733150482,0.16177706418267768,0.15742740757914067,0.16109027127070993,421224000
2004-03-16,0.16521099209785461,0.1659737890300454,0.15933482764426143,0.16040346927678714,597504000
2004-03-17,0.16925480961799622,0.1708573081836961,0.1671944445726296,0.1678812238242495,524592000
2004-03-18,0.17116320133209229,0.1732235531510116,0.1678812579493443,0.16833912452208122,528048000
2004-03-19,0.1691788136959076,0.17200196219046518,0.16818709027237136,0.17024745541686775,452964000
2004-03-22,0.16788122057914734,0.16917880228607038,0.1640663489183379,0.16658456674944125,576708000
2004-03-23,0.16856804490089417,0.1720019826688105,0.16666060189212237,0.1701705573797419,576036000
2004-03-24,0.17612265050411224,0.17894672620288687,0.16788119189031517,0.16826305423560328,787344000
2004-03-25,0.1863485425710678,0.18726426206893323,0.17780215019538712,0.17810708073553522,997128000
2004-03-26,0.18581466376781464,0.18871383028816913,0.18329644549314186,0.18581466376781464,551604000
2004-03-29,0.19382716715335846,0.19634538501702425,0.18810393853354831,0.18848487307180078,985764000
2004-03-30,0.19962643086910248,0.20054215031968398,0.1923766929827772,0.19252962900629295,724956000
2004-03-31,0.20145785808563232,0.20359422738728786,0.19955041522203049,0.2006181427568259,604752000
2004-04-01,0.19787101447582245,0.20580753190824916,0.1928345641983424,0.20168680110351603,1319508000
2004-04-02,0.20069508254528046,0.20351824510861796,0.19611649871297493,0.202220676764778,649740000
2004-04-05,0.2078678458929062,0.2087075610830321,0.19962638632202828,0.19962638632202828,576744000
2004-04-06,0.19947347044944763,0.20519671251279412,0.1984057430563489,0.20374712271767276,624096000
2004-04-07,0.19840580224990845,0.2010760425838804,0.19489494586108266,0.2010000385026283,447864000
2004-04-08,0.20405213534832,0.2060364970483382,0.2013049900595604,0.20283148511461307,447096000
2004-04-12,0.2002372294664383,0.20657033397594374,0.19901566520033656,0.20565461448113437,443784000
2004-04-13,0.19558168947696686,0.20222065158133767,0.19458997967341224,0.20206864344666695,442704000
2004-04-14,0.196574404835701,0.20023726990949192,0.19237674112970082,0.1945900430596433,512016000
2004-04-15,0.186272531747818,0.19474291973972985,0.18543281635736042,0.1939032043492723,828084000
2004-04-16,0.18016742169857025,0.18558572022683034,0.1797855729011782,0.18550880192812755,654864000
2004-04-19,0.17993856966495514,0.18123613837221003,0.17673355735565024,0.1800145737630424,522804000
2004-04-20,0.1723078042268753,0.18238068892098971,0.17223087229149028,0.18039632803000588,513804000
2004-04-21,0.17253674566745758,0.17856490504667716,0.1712391775282196,0.17299459852039092,688812000
2004-04-22,0.1735285073518753,0.17642858840644685,0.16734741060262534,0.1709342710880533,695520000
2004-04-23,0.17734427750110626,0.18032036235510704,0.1751309897324792,0.1756648603626042,443928000
2004-04-26,0.17039945721626282,0.1784888957176242,0.1699415907315795,0.17772519816391366,429912000
2004-04-27,0.1689499318599701,0.1769624687716797,0.16833915643016978,0.17238388404799354,494568000
2004-04-28,0.16826307773590088,0.17162101069826402,0.1669654960694931,0.16902586101070122,468768000
2004-04-29,0.16360850632190704,0.1684160299181178,0.16139521864088632,0.16727138404192576,645048000
2004-04-30,0.15658770501613617,0.1636845065529737,0.15597691611801234,0.1626927967201279,512928000
2004-05-03,0.15460334718227386,0.15986872366156774,0.15185618889710764,0.15826621125057364,610668000
2004-05-04,0.16444729268550873,0.16643165374219984,0.15643477227147312,0.15681662105820474,772380000
2004-05-05,0.16582082211971283,0.1672713258865097,0.1632266007517139,0.16460017259654203,464280000
2004-05-06,0.1671944409608841,0.16849200901960545,0.16063241142584758,0.16414235260562718,711348000
2004-05-07,0.16849201917648315,0.17528388976516387,0.16757629982698408,0.17207887886454404,956772000
2004-05-10,0.16192908585071564,0.16574487222020337,0.15834312650943283,0.16398945111366184,669072000
2004-05-11,0.16589784622192383,0.1675003453237682,0.16330269553491367,0.16398948866156585,399936000
2004-05-12,0.16360850632190704,0.16521101873572902,0.15788527694094678,0.16498209228954164,482328000
2004-05-13,0.16414238512516022,0.1671184700099327,0.16177708918333322,0.16223494209856473,347952000
2004-05-14,0.16414238512516022,0.16772924530762234,0.16330266972459895,0.16482917814326337,459000000
2004-05-17,0.16154812276363373,0.16391343196539834,0.15910590891235254,0.16177706282921012,308340000
2004-05-18,0.16414238512516022,0.16604982815175567,0.16238695024888003,0.16299773919182553,204420000
2004-05-19,0.1637604981660843,0.17017053353814707,0.16292171076827716,0.16780522430455594,498276000
2004-05-20,0.1613951474428177,0.16620266891823207,0.1605554324546094,0.16345551184010254,421488000
2004-05-21,0.161777064204216,0.16353157093219364,0.15956377675444597,0.16330264450992515,282096000
2004-05-24,0.1612422913312912,0.16307373013524992,0.15933484845829515,0.16147121777047235,301620000
2004-05-25,0.16826307773590088,0.16902586101070122,0.15864804589201392,0.16192906056454237,681264000
2004-05-26,0.17169702053070068,0.17398631195453618,0.16727136003590698,0.16826308339494744,524568000
2004-05-27,0.17223092913627625,0.17711537180168238,0.17200200265420004,0.17452023489281032,556548000
2004-05-28,0.17894676327705383,0.1799384866696976,0.1729945944571973,0.1743681802742434,637980000
2004-06-01,0.178793802857399,0.18062522748149756,0.1756647967555142,0.17589372312787016,318420000
2004-06-02,0.1774202287197113,0.18398318540915384,0.1772673063843919,0.18314347026743688,643800000
2004-06-03,0.16887381672859192,0.17787807148511062,0.16833904574201747,0.17749620916827036,700824000
2004-06-04,0.1671944409608841,0.17268874308142226,0.16704243284068432,0.17230780854896116,649608000
2004-06-07,0.17123916745185852,0.17314659646142164,0.16780521667590909,0.16994158574372117,571956000
2004-06-08,0.16818715631961823,0.17055245288658807,0.16566892368451372,0.17024752227322215,615000000
2004-06-09,0.1603264957666397,0.16940766775815486,0.1597926390728473,0.16917874142772454,498336000
2004-06-10,0.1587240844964981,0.16322666411227674,0.1572744943987855,0.16292173358237497,564516000
2004-06-14,0.15376460552215576,0.15788533772087646,0.15254304087224657,0.15788533772087646,424752000
2004-06-15,0.1560538411140442,0.15841913698376425,0.15460335046001203,0.1563587852827771,394584000
2004-06-16,0.15361157059669495,0.1565876542991526,0.1530007818963987,0.15559593114225992,252576000
2004-06-17,0.15055955946445465,0.15635880749872458,0.14979584805382257,0.1526199251034404,482376000
2004-06-18,0.15078844130039215,0.1549851754193845,0.148804080332599,0.15139831589867658,534336000
2004-06-21,0.14811721444129944,0.15338258714118902,0.14712549165352493,0.15101729301938757,266568000
2004-06-22,0.15231406688690186,0.15300084627589314,0.14796440950893236,0.1489570473152855,430308000
2004-06-23,0.1549091935157776,0.15551906820129582,0.15147525585813923,0.15185619045027735,264660000
2004-06-24,0.15353558957576752,0.1595637619296246,0.1523909439255186,0.1590298914260127,590652000
2004-06-25,0.15452733635902405,0.15635877513577742,0.15277190165017898,0.15460334042693236,329124000
2004-06-28,0.153229758143425,0.15727447059074387,0.1526198835306879,0.1567406136861969,299376000
2004-06-29,0.15849511325359344,0.15872403964436346,0.15353558271523443,0.15414544360270388,363852000
2004-06-30,0.1562058925628662,0.15864812105982787,0.15429846271090072,0.15429846271090072,329268000
2004-07-01,0.14903299510478973,0.1581901593282047,0.14880405508300354,0.15796123295166953,505620000
2004-07-02,0.14697271585464478,0.1507115850364496,0.14582806966138231,0.15063558094403284,294948000
2004-07-06,0.13834941387176514,0.14674380125872938,0.13674691438018766,0.1452173058728066,575388000
2004-07-07,0.1390361189842224,0.14300484072739333,0.13834932612612622,0.14010476059343052,344136000
2004-07-08,0.13476340472698212,0.14002878117831608,0.13453447828241435,0.13773948944212827,430056000
2004-07-09,0.12896326184272766,0.1347634097001564,0.1264450299237867,0.13461048732077102,1114500000
2004-07-12,0.1259872019290924,0.12896328734252374,0.12430868506194827,0.12537732710995422,676044000
2004-07-13,0.12575820088386536,0.12972690825881533,0.12438461541789515,0.12751362138613695,567108000
2004-07-14,0.12018793821334839,0.12469053174347958,0.11774572384126157,0.12133258420431312,901608000
2004-07-15,0.1193481907248497,0.1227061233332184,0.11858539388521092,0.12140855544885343,611352000
2004-07-16,0.11583828181028366,0.12316402440864915,0.11583828181028367,0.12301110201705065,464700000
2004-07-19,0.11713588237762451,0.11843253674388413,0.11454073153516228,0.11614324437825675,461088000
2004-07-20,0.11950114369392395,0.11995899657430759,0.11591427013920842,0.11705891598542234,341544000
2004-07-21,0.1122514083981514,0.12148550729864906,0.11187046698899224,0.12133257127952644,613416000
2004-07-22,0.11461759358644485,0.11522746813074686,0.10988608193976096,0.1135489520200156,521460000
2004-07-23,0.11156461387872696,0.11553333626879189,0.11080182366147334,0.11538041389703511,371496000
2004-07-26,0.10843651741743088,0.11400682377412188,0.10736787573719579,0.11301510038837942,503208000
2004-07-27,0.11202248930931091,0.11232834091838476,0.10561246617331632,0.10897040695716476,789888000
2004-07-28,0.10919933021068573,0.11217541521718993,0.10607032281546838,0.11179355953886896,505116000
2004-07-29,0.11637215316295624,0.11919623008283871,0.11019105652995259,0.11072583461022537,747360000
2004-07-30,0.1176697313785553,0.11980610118122839,0.11469364605014723,0.11492257254188833,403956000
2004-08-02,0.11919624358415604,0.11965409658131045,0.11576229152446472,0.11774573898111285,420984000
2004-08-03,0.11301510781049728,0.1198060712410418,0.11209939524974544,0.1197300671735483,741540000
2004-08-04,0.1142357736825943,0.11530441551873816,0.11164154451401123,0.11179355266119242,507816000
2004-08-05,0.1111067458987236,0.11599117339149186,0.10912329920527407,0.11545640227904547,859920000
2004-08-06,0.07195983082056046,0.07783598897181551,0.07096810739128394,0.07714920286055049,5088948000
2004-08-09,0.07516483217477798,0.07684425573296295,0.07257060360196534,0.07379125330496544,1579212000
2004-08-10,0.08111700415611267,0.08188071538946556,0.07806491556405325,0.0793624905460762,2051916000
2004-08-11,0.07875167578458786,0.080049243404952,0.0782178122576938,0.080049243404952,963816000
2004-08-12,0.0769202783703804,0.07920957021712222,0.07676735598925342,0.07898064376149919,654384000
2004-08-13,0.08012529462575912,0.08065915846704957,0.07806492910758886,0.07875172216206447,815700000
2004-08-16,0.07936250418424606,0.08134594456515293,0.07875172203258575,0.07920957497131234,531732000
2004-08-17,0.0837121456861496,0.08417000536000947,0.08035421243067477,0.0811170025946849,744912000
2004-08-18,0.08928245306015015,0.08928245306015015,0.08340629495260526,0.08409308788138864,872424000
2004-08-19,0.08897752314805984,0.09035110219196905,0.08760394410415064,0.08874859671872186,724404000
2004-08-20,0.09424290060997009,0.09553955455217661,0.08821381319079812,0.08851966474497895,1199040000
2004-08-23,0.09630326926708221,0.09729499274554092,0.0952346274869398,0.09576849126097298,800028000
2004-08-24,0.09271639585494995,0.09813469420346288,0.0908849639916077,0.09767683453197058,939420000
2004-08-25,0.09668421745300293,0.0973710105176033,0.09302134612477168,0.09477678111989823,721308000
2004-08-26,0.09691313654184341,0.09752391861397502,0.0957684906988124,0.09653219514133775,612720000
2004-08-27,0.09874456375837326,0.10011814279726486,0.09691313186247819,0.09699005015999647,565128000
2004-08-30,0.09546356648206711,0.0988975113055362,0.09538756240246431,0.09836364746129563,628056000
2004-08-31,0.09508168697357178,0.09630325780220535,0.09210560948304827,0.09584539815228789,587064000
2004-09-01,0.09691313654184341,0.09828670882442968,0.09264039791050681,0.09386104782269934,591744000
2004-09-02,0.10088183730840683,0.10164463422984263,0.0964552627224983,0.09737098199194545,770088000
2004-09-03,0.09782882779836655,0.09981318158215341,0.09699002693745971,0.09782882779836655,715056000
2004-09-07,0.0959974080324173,0.10049999373090902,0.09470075417405893,0.09843962867984066,727332000
2004-09-08,0.09401395171880722,0.0969131174978547,0.09378502532423734,0.09607431656044038,834984000
2004-09-09,0.1034000888466835,0.10507859865256339,0.09584541996064701,0.0963032797147444,1299324000
2004-09-10,0.10736788809299469,0.1079017518785535,0.10133971455833996,0.10164465189805741,1039344000
2004-09-13,0.10942824184894562,0.11156461113104009,0.10706294613089355,0.10721495426682771,967752000
2004-09-14,0.10988610982894897,0.1106489069075586,0.10759681800625039,0.10843653339068311,683556000
2004-09-15,0.10378101468086243,0.10683401752200207,0.10240743562517278,0.1065281659696146,1163904000
2004-09-16,0.10767281800508499,0.10874145980229385,0.10515459300184175,0.10553644864275794,810024000
2004-09-17,0.11209942400455475,0.11270929198766955,0.10759683682281396,0.1085125564410858,1003800000
2004-09-20,0.11194643378257751,0.11515145070030214,0.10851249731895334,0.1098860691753529,794628000
2004-09-21,0.11492256075143814,0.11583828026971246,0.11309112853751775,0.11446470781492923,503904000
2004-09-22,0.10958116501569748,0.11461760773354793,0.10904638705052927,0.11187045653993614,625920000
2004-09-23,0.11057291179895401,0.11118369395706154,0.10767283080990701,0.11087784235059389,578664000
2004-09-24,0.10721495002508163,0.11118367216038766,0.10561244456889662,0.11103074979844722,476316000
2004-09-27,0.10530751943588257,0.10759681111189284,0.10340007656814468,0.10637616120505991,406020000
2004-09-28,0.10683399438858032,0.10774970673812811,0.10362898410859885,0.10507856009419697,474840000
2004-09-29,0.10942824184894562,0.11248033052012499,0.1053835223112852,0.10675709457228527,537228000
2004-09-30,0.1108018085360527,0.11332003316298327,0.10858852120155768,0.11064888618517117,619680000
2004-10-01,0.1153804361820221,0.11599121155493766,0.11080184506213499,0.11133570894090523,590412000
2004-10-04,0.11866138130426407,0.12018787535618533,0.11614316417019759,0.11637209051961284,673932000
2004-10-05,0.11599119007587433,0.11881435240311383,0.11492254828396778,0.11576226363245515,633180000
2004-10-06,0.11644904315471649,0.11698290005032319,0.11309110320342038,0.1157622502585485,498504000
2004-10-07,0.11713588237762451,0.12125660044859848,0.11652509330155573,0.11858545915967214,798072000
2004-10-08,0.11072581261396408,0.11637213004502449,0.10973317496296202,0.11591426354543173,693420000
2004-10-11,0.11087781935930252,0.11309110682881286,0.10889437936873922,0.11087781935930252,373848000
2004-10-12,0.10927531868219376,0.11011503399717358,0.10538352154097141,0.10713894941571535,827232000
2004-10-13,0.10858853906393051,0.11400683797030654,0.10767281962666428,0.11255725474244109,672816000
2004-10-14,0.10530751943588257,0.10958117228052522,0.1045447224061498,0.10958117228052522,513264000
2004-10-15,0.10240744799375534,0.10568938448520973,0.09981321875655712,0.10553645527923192,1280484000
2004-10-18,0.10423890501260757,0.10530754706213112,0.10095788900757688,0.1017975977358649,573972000
2004-10-19,0.10355208814144135,0.10767281875307891,0.10278929790902816,0.1066050911805433,618480000
2004-10-20,0.1047736331820488,0.10523149278351591,0.10263635010237256,0.10324713204074357,540204000
2004-10-21,0.10713893175125122,0.10851251059837028,0.10500256283700528,0.10584136378163868,1013964000
2004-10-22,0.10133971273899078,0.10835960282485914,0.10103386799529593,0.10813067638312769,686460000
2004-10-25,0.10179757326841354,0.10400994669216795,0.10027107176594882,0.10050000503215932,529164000
2004-10-26,0.11057291179895401,0.11591428613340399,0.10813069057609491,0.11179356188296968,2455776000
2004-10-27,0.11362500488758087,0.11568537061926873,0.108588560627722,0.108588560627722,1074036000
2004-10-28,0.11240436136722565,0.11446472722134433,0.1113357192782084,0.11209943076858336,561552000
2004-10-29,0.11041996628046036,0.11286218714271586,0.10942824281465635,0.11133568567762654,742860000
2004-11-01,0.1127861887216568,0.1128621927941004,0.11049689693673626,0.1119464733510811,653892000
2004-11-02,0.11438867449760437,0.11675396994476371,0.11156459835376223,0.11248031763797157,1095756000
2004-11-03,0.11545640230178833,0.11942512415337841,0.11484652771641161,0.11904326174658196,910356000
2004-11-04,0.1175936907529831,0.11904326698475803,0.11385390196999534,0.11629612264695037,995544000
2004-11-05,0.13461048901081085,0.14323379942209286,0.13308399424890968,0.13583113901010138,3849012000
2004-11-08,0.13606008887290955,0.13789152812561042,0.13255014642037902,0.1331609354637964,718620000
2004-11-09,0.13522124290466309,0.1372046758321738,0.1339236612896827,0.1339996653445699,615936000
2004-11-10,0.13522124290466309,0.13651789664249223,0.13445753178294315,0.13506830691773752,645912000
2004-11-11,0.1378915160894394,0.1378915160894394,0.13514435745017997,0.13606007699659978,507000000
2004-11-12,0.13812041282653809,0.1404097043770603,0.13674684062527556,0.14002876982173562,647076000
2004-11-15,0.1401808112859726,0.14117344916795918,0.1359080718915529,0.13674687314360084,536472000
2004-11-16,0.13972298800945282,0.14216520302092428,0.1371287511549562,0.1406387077710161,472728000
2004-11-17,0.14208917319774628,0.1458280556659823,0.14056267822419985,0.14193625079523858,602772000
2004-11-18,0.14392055571079254,0.14514120539860972,0.14033368282537673,0.14330976692830646,532524000
2004-11-19,0.14468340575695038,0.15666373697990052,0.1435387460585505,0.15490921615212083,2126052000
2004-11-22,0.14880406856536865,0.14880406856536865,0.1438436372993906,0.14521720932830487,733788000
2004-11-23,0.14941494166851044,0.15101745464431998,0.1463619375581861,0.14758350216623098,676896000
2004-11-24,0.15002472698688507,0.15246694051237486,0.14888006774746165,0.14926193011964406,428580000
2004-11-26,0.1515512615442276,0.152924833892861,0.1494148921258337,0.1507115461695363,350760000
2004-11-29,0.14857515692710876,0.15376452875111296,0.14727758882442293,0.15269588706844503,704388000
2004-11-30,0.14598093926906586,0.14933795830966382,0.14514122398159301,0.14918595017982017,576540000
2004-12-01,0.14964379370212555,0.14964379370212555,0.1462098565787144,0.14727758399437296,514572000
2004-12-02,0.15162722766399384,0.15277187327555375,0.14704864521775424,0.14819329082931415,758652000
2004-12-03,0.15819020569324493,0.16025057097644996,0.15475626810298826,0.15529012506076909,1347312000
2004-12-06,0.16574494540691376,0.16704252784890997,0.15612990781594555,0.15895307136466247,970500000
2004-12-07,0.17406229674816132,0.19046921095565683,0.17200193196571903,0.17543586872137226,2927052000
2004-12-08,0.17612265050411224,0.17932766067111658,0.17474907861689634,0.17650451284940036,872724000
2004-12-09,0.17452017962932587,0.17635160455125468,0.16963665274257575,0.17299458576289073,869964000
2004-12-10,0.17787818610668182,0.17978562952077762,0.1768095440314084,0.17856496561904953,652848000
2004-12-13,0.17299461364746094,0.17749627885461244,0.17215489828772956,0.17520698709925647,738024000
2004-12-14,0.17650458216667175,0.17665750455310417,0.1728417041686013,0.17314663470929958,512988000
2004-12-15,0.17810705304145813,0.17864092360700257,0.17551283098265325,0.17825997540383656,432768000
2004-12-16,0.18047228455543518,0.18970637948153093,0.1801673541710352,0.1832963599157501,1524036000
2004-12-17,0.1759706288576126,0.18459302127560773,0.17391026436283707,0.18383022452083478,1214244000
2004-12-20,0.17406229674816132,0.1807781758006339,0.17314657755093676,0.17803101820896028,898728000
2004-12-21,0.17535991966724396,0.17658058333259147,0.169789612330097,0.17406235133912107,899400000
2004-12-22,0.17558887600898743,0.17970960724729557,0.17520701348471823,0.1788698917611065,421824000
2004-12-23,0.1760467141866684,0.1780310755562697,0.17375742227880697,0.17459713769447754,366972000
2004-12-27,0.17452017962932587,0.1792516847524007,0.17360446034573498,0.17848888781918312,308208000
2004-12-28,0.1736045479774475,0.17627568947208883,0.17291775475676313,0.17490211667598,291612000
2004-12-29,0.17513097822666168,0.17726734754842763,0.17261276009385693,0.1730706129742742,294732000
2004-12-30,0.17444416880607605,0.17665745604739586,0.17368137190243577,0.17520695206446385,259812000
2004-12-31,0.1797855645418167,0.18070127022734822,0.17627560957693048,0.17696240248633283,575964000
2005-01-03,0.17993856966495514,0.18863788684088845,0.17917577234156687,0.18604366365879735,1066716000
2005-01-04,0.171468123793602,0.18154101053085778,0.16872096542239282,0.18123608000429448,790224000
2005-01-05,0.17307065427303314,0.1751310200170727,0.16872099629011808,0.16963671591471988,724812000
2005-01-06,0.17139208316802979,0.17818303887416098,0.17017051921278958,0.1761226739464721,563568000
2005-01-07,0.1681102216243744,0.17307065502585942,0.165591989234451,0.17177308649345638,763092000
2005-01-10,0.16849201917648315,0.17017053551410155,0.16750029576230258,0.16864494153786294,579552000
2005-01-11,0.16330263018608093,0.16780520875410634,0.16078441247150185,0.1668894895000996,1093380000
2005-01-12,0.16192908585071564,0.16536302340720765,0.15796127769643714,0.16475314873965324,1057800000
2005-01-13,0.16360850632190704,0.16788124507702729,0.15872407806749086,0.162310938070891,898764000
2005-01-14,0.16414238512516022,0.16704246593477506,0.16253987263133815,0.16666060344944533,573912000
2005-01-18,0.16673652827739716,0.16711839058123384,0.16192902037137433,0.16231086902996167,464556000
2005-01-19,0.1629217118024826,0.16788122943404268,0.1622349188826599,0.1675002948806236,336492000
2005-01-20,0.16330263018608093,0.16727135189297357,0.15963976681530656,0.15963976681530656,640080000
2005-01-21,0.16360850632190704,0.16681351750429582,0.16299773105470833,0.16353158801844644,596352000
2005-01-24,0.15704551339149475,0.16505804571137758,0.15612979424248663,0.16269275061344188,463704000
2005-01-25,0.15979264676570892,0.16200593343413056,0.15681656339109312,0.1577322824021479,439704000
2005-01-26,0.16185304522514343,0.16406633235981494,0.15765631157734897,0.16032653725950285,429120000
2005-01-27,0.17482611536979675,0.1755889127002368,0.161166350352404,0.16215807421164072,1002912000
2005-01-28,0.1745970994234085,0.17619959794954704,0.17078129990582544,0.17551281871488186,671052000
2005-01-31,0.1749020218849182,0.17818303649205458,0.1724598082390167,0.17604666753552578,562968000
2005-02-01,0.17818307876586914,0.17894679008382636,0.17368141338372345,0.174749140999347,507180000
2005-02-02,0.18810397386550903,0.18955355033874513,0.1799385162643002,0.18520389304163357,2035404000
2005-02-03,0.18611958622932434,0.1874171543681943,0.1835253505383486,0.18611958622932434,690120000
2005-02-04,0.1968032717704773,0.19733712871821962,0.18611959673859446,0.18619560080768055,806448000
2005-02-07,0.19443705677986145,0.20069507109247262,0.1926825498431782,0.1970322069647034,521628000
2005-02-08,0.19634538888931274,0.1994734814139178,0.19260560693469864,0.19321638213271405,455772000
2005-02-09,0.1894775629043579,0.1974900851808122,0.18848492502927755,0.19687930982647697,783756000
2005-02-10,0.19390320777893066,0.1948949313354156,0.18978247693752004,0.19046926995950714,602376000
2005-02-11,0.19955040514469147,0.20099999505898133,0.19199573755364946,0.192682530478382,556512000
2005-02-14,0.19535279273986816,0.2002372351231942,0.19459000925441228,0.19947352376029404,432900000
2005-02-15,0.1971082240343094,0.20336532452739783,0.196345426917792,0.19665037110511857,748500000
2005-02-16,0.19642145931720734,0.19932154063340318,0.1929115168289352,0.19649746340564123,466464000
2005-02-17,0.19466598331928253,0.19916856250431292,0.19314038929307703,0.1990925584371421,1017408000
2005-02-18,0.21572749316692352,0.21595641960584708,0.2038231545998409,0.20962331574547863,3132120000
2005-02-22,0.21847465634346008,0.223511106655271,0.21237047840180223,0.21427792143520905,1420800000
2005-02-23,0.21137785911560059,0.21763587422012717,0.20786791692070553,0.21496473327006,1107840000
2005-02-24,0.21694909036159515,0.2172540209159289,0.20847870166885946,0.20847870166885946,695496000
2005-02-25,0.22007714211940765,0.22122178791783736,0.2148886842867644,0.21725397994982382,525132000
2005-02-28,0.22122180461883545,0.22129872292287744,0.21710107397529488,0.2190094311531894,758064000
2005-03-01,0.22068791091442108,0.22587728282788477,0.21847462344825533,0.22221441910869383,737148000
2005-03-02,0.21420185267925262,0.21946722785956072,0.21290428475064074,0.21824566398342765,947460000
2005-03-03,0.21130184829235077,0.21504073049169078,0.20817284083991228,0.21366715801943775,761292000
2005-03-04,0.21038615703582764,0.21374409119290919,0.20863072193358684,0.21191265200572748,593124000
2005-03-07,0.2125224769115448,0.21694906595481822,0.20985225054854445,0.21130182695406863,511176000
2005-03-08,0.20176275074481964,0.21244642371313707,0.20038917872890344,0.21198857092291573,1332384000
2005-03-09,0.19649742543697357,0.20420502993982992,0.1958875643827391,0.20046614803114937,910140000
2005-03-10,0.19642145931720734,0.19886368763819473,0.19329245150340724,0.19710825245527827,689280000
2005-03-11,0.1919957548379898,0.19848178130004027,0.1902403200423315,0.1981768507812714,732180000
2005-03-14,0.1974131315946579,0.19825284692306597,0.19458998298018063,0.1959635552531058,572148000
2005-03-15,0.1934453248977661,0.2003131994728269,0.193292388892876,0.19840575673089422,378108000
2005-03-16,0.19016431272029877,0.1957346332987316,0.19008739441784564,0.19268254453114225,535356000
2005-03-17,0.18825601041316986,0.19146102225476322,0.18779814378136625,0.19077422912968678,442584000
2005-03-18,0.18444107472896576,0.18901965795815928,0.1810071373070706,0.18840888272772174,639012000
2005-03-21,0.19077420234680176,0.19123205526906917,0.1832195336125967,0.18436417956352136,654456000
2005-03-22,0.18734024465084076,0.1926825392258201,0.18665345169492906,0.1909271045085005,622992000
2005-03-23,0.19138500094413757,0.19268256934526234,0.18673039918428486,0.18711134746252406,728784000
2005-03-24,0.19176679849624634,0.19710817824486138,0.19161387614465064,0.19191880661588373,865356000
2005-03-28,0.18962956964969635,0.19459001629129433,0.18779813054210934,0.19184285762991382,511188000
2005-03-29,0.1854327917098999,0.19153788297696475,0.1845930764310561,0.18940059957041178,587400000
2005-03-30,0.1854327917098999,0.18810394567471292,0.17909877401840238,0.1855087957740407,858708000
2005-03-31,0.18131205439567566,0.18566171087074174,0.1804723391496838,0.18436414279379695,518316000
2005-04-01,0.17955665290355682,0.1845931031976466,0.17848892527746674,0.1835253755715565,510756000
2005-04-04,0.17848892509937286,0.17909879980959895,0.17452021608058899,0.17856492917445865,421428000
2005-04-05,0.17535991966724396,0.18230381305364965,0.17429127779891218,0.17856493104008775,430128000
2005-04-06,0.1780310720205307,0.18161701796415555,0.17742028307872545,0.17864094673019484,567468000
2005-04-07,0.18131205439567566,0.18314349300999402,0.17589375625914128,0.1789467588892371,506352000
2005-04-08,0.17894676327705383,0.18611958191064393,0.17856490085265153,0.18207485581304397,621540000
2005-04-11,0.17543591558933258,0.18085422816814714,0.1749020586186827,0.18024343924778546,328380000
2005-04-12,0.17757320404052734,0.17787813454686066,0.17101024589710204,0.1749020499201404,512232000
2005-04-13,0.1701706051826477,0.17826004722011946,0.1690259452932049,0.17780219418054996,498408000
2005-04-14,0.16879692673683167,0.1721548595426694,0.16818706583819332,0.17055236113267955,352080000
2005-04-15,0.1629217118024826,0.16788122943404268,0.16139520360226234,0.16666057960022604,630156000
2005-04-18,0.161777064204216,0.1654399278962729,0.16101335299673286,0.16192907233106055,473100000
2005-04-19,0.16742336750030518,0.16864493149985446,0.16368448626017135,0.1644472832028878,365460000
2005-04-20,0.16231094300746918,0.17131520156129526,0.16215802062799417,0.17024747395608958,564672000
2005-04-21,0.17131514847278595,0.17192592356928912,0.16414233105744125,0.16559190704606577,538152000
2005-04-22,0.16971267759799957,0.17139210825255274,0.1677292306693483,0.170247462419115,336276000
2005-04-25,0.17238382995128632,0.17368139814054614,0.1703234647431502,0.17116318006182624,318168000
2005-04-26,0.17162102460861206,0.17604668531327314,0.1681101690139504,0.1724598256545517,353148000
2005-04-27,0.16505806148052216,0.16772920148944723,0.16162411093235976,0.16711842635131868,609348000
2005-04-28,0.16559194028377533,0.16780522779049292,0.16292171415276546,0.16452421279513063,372948000
2005-04-29,0.16734732687473297,0.16849197233205707,0.1596397390794299,0.16719440455586893,478356000
2005-05-02,0.16673652827739716,0.17123911944082448,0.1642183111499804,0.16933167732080576,334908000
2005-05-03,0.16582082211971283,0.16994155129944757,0.165134043019924,0.16688946355300568,439512000
2005-05-04,0.17108625173568726,0.17230782952829507,0.1660498154717138,0.16658458665340914,468816000
2005-05-05,0.17444416880607605,0.1765805377592162,0.17116315420414396,0.17207885980697554,619272000
2005-05-06,0.1768094152212143,0.17688633348810393,0.1724597602306863,0.17650448484864334,355728000
2005-05-09,0.18009138107299805,0.18131203069725577,0.17650452201960304,0.1775731635413944,745332000
2005-05-10,0.17307065427303314,0.17787817889087815,0.1710862926165084,0.17780217480336333,735120000
2005-05-11,0.1701706051826477,0.1747491901593807,0.16986566092180552,0.17398639285896905,555420000
2005-05-12,0.17391030490398407,0.17619959628845902,0.17001850136322483,0.17017052312677558,835584000
2005-05-13,0.19329231977462769,0.19436096109119377,0.18161692625575562,0.18962945737342715,2650320000
2005-05-16,0.1939791738986969,0.1952767419679331,0.19092708551870746,0.19100308957942325,664104000
2005-05-17,0.19611644744873047,0.19703216670487655,0.19268251047212204,0.19283451858598855,639804000
2005-05-18,0.1975659877061844,0.19802385407377437,0.19359819458740754,0.19565855912843727,550056000
2005-05-19,0.19718416035175323,0.19886359062696263,0.1949717874851883,0.19802387548935793,452880000
2005-05-20,0.20069508254528046,0.20077108662208093,0.19466600798337144,0.1969552998995242,517008000
2005-05-23,0.2053496390581131,0.20741000405977994,0.20145783546713056,0.20206862428930752,703668000
2005-05-24,0.20824971795082092,0.20901250124308318,0.2033652768045999,0.2043579143849457,522192000
2005-05-25,0.20557861030101776,0.20885962578531478,0.20359424892675065,0.20779189813755802,535272000
2005-05-26,0.21137785911560059,0.21298037175540135,0.20702820144365153,0.20741006396376652,788784000
2005-05-27,0.2100042849779129,0.2119886464772487,0.2077919112340944,0.2119886464772487,322740000
2005-05-31,0.20679926872253418,0.2108439957118345,0.20336533071338053,0.20908856072863663,763176000
2005-06-01,0.20870760083198547,0.21252247301045463,0.2029843715095664,0.205425671379706,796632000
2005-06-02,0.21649116277694702,0.21649116277694702,0.20794385817949382,0.20794385817949382,684348000
2005-06-03,0.21595637500286102,0.21771179572799315,0.2136670837959392,0.21572744861121923,559620000
2005-06-06,0.21389606595039368,0.21626227605932116,0.21191261890316151,0.2120646270492984,512892000
2005-06-07,0.20870760083198547,0.21595642424916112,0.20794388955251936,0.21244646893986865,974136000
2005-06-08,0.20725710690021515,0.21214153502640945,0.20504473350936897,0.2092414544377019,618720000
2005-06-09,0.21595637500286102,0.21603329328799453,0.20542562453481913,0.20565455092646093,619908000
2005-06-10,0.21351510286331177,0.21595641628871626,0.21206461230577542,0.21572748985330906,465096000
2005-06-13,0.2182457000017166,0.22427478727455827,0.2130572422494776,0.21366711687895099,1409916000
2005-06-14,0.2053496390581131,0.22190854948632446,0.19848175117080585,0.21832260424503802,2408412000
2005-06-15,0.20473892986774445,0.2056546495185652,0.19665040271257428,0.2040521367183143,1669788000
2005-06-16,0.20580747723579407,0.2071810492573991,0.20168674752572674,0.20466283161024784,489240000
2005-06-17,0.2053496390581131,0.20870757211901042,0.20481576852802788,0.20832572335443778,456348000
2005-06-20,0.20847871899604797,0.209852291598279,0.2019917770061606,0.20534971124751872,606060000
2005-06-21,0.21046212315559387,0.21145476088732468,0.20786788724493682,0.20985224847630282,428172000
2005-06-22,0.2102331668138504,0.21412497067242575,0.2076389447489779,0.21267539439326585,700668000
2005-06-23,0.21351510286331177,0.21610933865633913,0.20908852770971798,0.20985223896103267,836976000
2005-06-24,0.20672321319580078,0.21320923873660808,0.2055785674776161,0.21313323467573633,475632000
2005-06-27,0.20504474639892578,0.2071050981352989,0.20321330747186558,0.20542568100178635,354588000
2005-06-28,0.20634137094020844,0.20771494311633315,0.20359421294270527,0.20588350445133105,262308000
2005-06-29,0.20443393290042877,0.20679922852657096,0.2027554165554727,0.20641829396948144,283572000
2005-06-30,0.20390008389949799,0.20771496984697763,0.20229758509533738,0.2058075268732378,593232000
2005-07-01,0.2048158198595047,0.20512076405366467,0.2006950888234226,0.20321332092617087,315168000
2005-07-05,0.20802079141139984,0.20885959246305788,0.20359421644455197,0.20557857750222652,388440000
2005-07-06,0.21359114348888397,0.21450684932874323,0.20634140532915546,0.20870761552740533,703632000
2005-07-07,0.21206462383270264,0.21366713625816797,0.20954640561583457,0.21023318495938662,465900000
2005-07-08,0.21473577618598938,0.21542255552351344,0.21061504557982433,0.2133621902204309,408132000
2005-07-11,0.2179407924413681,0.2201540801706112,0.21572750471212504,0.2166432105168256,399492000
2005-07-12,0.2167201191186905,0.21839862181435643,0.21229353049185118,0.2177878329543987,564252000
2005-07-13,0.21702507138252258,0.218245721347624,0.21336219360985262,0.21763584665850075,594780000
2005-07-14,0.20740999281406403,0.22358796783249923,0.20710504871286398,0.21931431570866036,1871496000
2005-07-15,0.20519670844078064,0.20740999570552004,0.20161074969867973,0.206799206907945,1223352000
2005-07-18,0.20008428394794464,0.2046628672473801,0.19802391873414776,0.2045868631794252,1044900000
2005-07-19,0.20283143222332,0.20328929874889007,0.19977935714139983,0.20130493756632337,517896000
2005-07-20,0.20588351786136627,0.20672323318529076,0.19771898892284556,0.20046613345402778,526500000
2005-07-21,0.20237356424331665,0.20412899885474758,0.19817682998322944,0.2032132795171868,594528000
2005-07-22,0.1971082240343094,0.206265405425432,0.1956586475240058,0.20336532452739783,699264000
2005-07-25,0.19825288653373718,0.20435797938094521,0.19397923284651833,0.1948189483427005,974952000
2005-07-26,0.20237356424331665,0.202678494730084,0.19665033544012908,0.1974131187730499,759492000
2005-07-27,0.2064943015575409,0.20741002092666638,0.19924456431610177,0.20267850171638163,807828000
2005-07-28,0.20809681713581085,0.20908854065186425,0.20328930711366625,0.20611245587159333,411240000
2005-07-29,0.2064943015575409,0.20947038609588514,0.20481578518394727,0.20725709856200905,351660000
2005-08-01,0.209623321890831,0.2105390413186254,0.2063413924129032,0.20771496473196724,389040000
2005-08-02,0.21244646608829498,0.21313325905586877,0.20954639913730236,0.2098522438797167,422652000
2005-08-03,0.21244646608829498,0.2144308272761957,0.2105390368472905,0.21244646608829498,518256000
2005-08-04,0.2102331668138504,0.21175967503564494,0.209775313957667,0.21084395567802403,356424000
2005-08-05,0.2155754715204239,0.21603333804381603,0.20847867003776588,0.20992824638643276,684096000
2005-08-08,0.21633821725845337,0.22106973551433462,0.21481172297064702,0.21702501005807678,725544000
2005-08-09,0.21580441296100616,0.2171779852493055,0.2134381893186153,0.2166432004214837,291900000
2005-08-10,0.21259944140911102,0.2177878867854822,0.21038615337125538,0.21672017268586488,440556000
2005-08-11,0.2155754715204239,0.2159564197427473,0.21053903527989362,0.21259940052202136,701556000
2005-08-12,0.22854752838611603,0.2305318758336899,0.22045899011498676,0.22824258424513255,2295420000
2005-08-15,0.23434758186340332,0.236712876433509,0.22641105536264597,0.22931112084515035,882804000
2005-08-16,0.23037897050380707,0.23419475673645654,0.22870045411405002,0.2321344051926517,637488000
2005-08-17,0.23037897050380707,0.2332030469367251,0.2292343246926913,0.22938723341356682,607572000
2005-08-18,0.22442682087421417,0.22976910218156682,0.22343509734303996,0.22862446991622815,822732000
2005-08-19,0.2228243052959442,0.225495459557519,0.2221375259463459,0.22480866656266527,422232000
2005-08-22,0.22099284827709198,0.22602929798725224,0.21839862617828934,0.22244335245250224,547224000
2005-08-23,0.2224433571100235,0.22358800293467365,0.22000114309278507,0.22076392646836346,254460000
2005-08-24,0.22259540855884552,0.22732691514604775,0.21992518181820736,0.22099289590536328,514620000
2005-08-25,0.2241218388080597,0.2253425022311693,0.22167962502037694,0.22358798191854026,296484000
2005-08-26,0.22068791091442108,0.22435078827886587,0.21855154174424907,0.22435078827886587,323436000
2005-08-29,0.22106973826885223,0.22129866465649525,0.2168720904264808,0.21862751112095027,343392000
2005-08-30,0.229005366563797,0.22954015133233116,0.22038297191993014,0.2206879023961098,948852000
2005-08-31,0.23411881923675537,0.23701797268373662,0.22778479950248676,0.22847159264253486,906804000
2005-09-01,0.2341947853565216,0.23633114122844484,0.23221043763725943,0.23343198825148948,556884000
2005-09-02,0.23037897050380707,0.23465260960280107,0.2296161734919935,0.23465260960280107,469800000
2005-09-06,0.23228730261325836,0.2335079524320345,0.22770871959153335,0.23121866092117202,423096000
2005-09-07,0.23968909680843353,0.24029985845631033,0.23137163115911918,0.23198149222011577,588012000
2005-09-08,0.24251219630241394,0.24548828055946148,0.23823945823521073,0.23823945823521073,646116000
2005-09-09,0.24564115703105927,0.2461750411292947,0.24113857891341034,0.24510730022332625,454236000
2005-09-12,0.2448015958070755,0.24663303518110744,0.24190244220589627,0.24587023791183554,556584000
2005-09-13,0.25220417976379395,0.2534248296753691,0.24365687404130257,0.24365687404130257,854724000
2005-09-14,0.24915124475955963,0.25365382504154,0.24800657137712714,0.2502958908514766,503448000
2005-09-15,0.2535777688026428,0.25640091747019234,0.2514404852297578,0.25296697990069766,759756000
2005-09-16,0.2537297010421753,0.257087633537124,0.25166932274251314,0.2557140480040158,519828000
2005-09-19,0.25014394521713257,0.2542646503458147,0.24877035864722366,0.2534249482642458,428316000
2005-09-20,0.2550274133682251,0.25785059023228335,0.2517464107632565,0.25205132772815825,522192000
2005-09-21,0.25281402468681335,0.25907203832601633,0.25060166508919585,0.25403560239794803,625656000
2005-09-22,0.2460230141878128,0.2534247436788425,0.24152040912452097,0.2534247436788425,739152000
2005-09-23,0.24960900843143463,0.2517462916792021,0.24342789991418923,0.24548827851677293,314640000
2005-09-26,0.2516692578792572,0.2534246916601492,0.2470146729752153,0.2515172498237947,406776000
2005-09-27,0.25250914692878723,0.2549513475613109,0.25060170387981356,0.25273805974383273,404160000
2005-09-28,0.2540355324745178,0.2547223252053297,0.25037265610385456,0.25327180782333086,353556000
2005-09-29,0.25930097699165344,0.25945298511939946,0.2520512263374615,0.2541116050858577,513372000
2005-09-30,0.26159027218818665,0.26395556781200996,0.2589191318405666,0.25945298875918105,458832000
2005-10-03,0.26876309514045715,0.2706705379399773,0.26250598193777336,0.26464236481291054,549888000
2005-10-04,0.26525309681892395,0.2743333293054755,0.2646423080796302,0.2699076830754685,514476000
2005-10-05,0.25647690892219543,0.265558071257354,0.254874410260039,0.265558071257354,599184000
2005-10-06,0.2555612325668335,0.2601398162937327,0.24785452851873438,0.2561719942184083,685512000
2005-10-07,0.25228026509284973,0.2586142852397595,0.2502959169226008,0.2560191479783242,551952000
2005-10-10,0.24587005376815796,0.2540355070978545,0.2457940497323858,0.2535776544198835,459216000
2005-10-11,0.24281802773475647,0.24892220403356036,0.23999395175027538,0.24678582147144199,540048000
2005-10-12,0.24571727216243744,0.24945708242898315,0.24182548101938106,0.24213132581791852,657660000
2005-10-13,0.24442054331302643,0.24556518902272298,0.23503443757731218,0.24518334025725377,509304000
2005-10-14,0.24442054331302643,0.24922806620995447,0.24037581736032573,0.246175077259623,311256000
2005-10-17,0.24678587913513184,0.24922810695159275,0.24457259141423793,0.24457259141423793,243912000
2005-10-18,0.24274107813835144,0.24815938908430196,0.24113857983196682,0.24770153632397812,299832000
2005-10-19,0.24068084359169006,0.24106269248743437,0.2328212296496826,0.2396131294552478,635952000
2005-10-20,0.24236024916172028,0.24739668601515152,0.23999402524624658,0.24106266714789146,359520000
2005-10-21,0.24373383820056915,0.2472437802609361,0.24205440731082994,0.2464809831274256,298368000
2005-10-24,0.25037288665771484,0.25037288665771484,0.2436570158330698,0.24587030473683408,291012000
2005-10-25,0.25197529792785645,0.25273809513688733,0.24762565363724162,0.24869336778006748,334680000
2005-10-26,0.24510739743709564,0.2525851618004964,0.24472554857622142,0.25205127749051337,415344000
2005-10-27,0.23999398946762085,0.24632800739059704,0.2392311924570515,0.24556521038002768,227784000
2005-10-28,0.24739672243595123,0.24785457543720965,0.23465267874705256,0.2406048496349626,464640000
2005-10-31,0.25601911544799805,0.2577745505272798,0.24838844187230474,0.24838844187230474,432420000
2005-11-01,0.25289109349250793,0.25792753214628655,0.2509067177232965,0.25601918777301563,400488000
2005-11-02,0.26754242181777954,0.26784733864226096,0.2518222988884666,0.25296694458516616,523668000
2005-11-03,0.26441338658332825,0.2708994116352089,0.2622770313069685,0.2693738451409473,465072000
2005-11-04,0.2599108815193176,0.26517625837129344,0.2571637366849644,0.2645663972941023,570276000
2005-11-07,0.25876620411872864,0.26220014156700444,0.2576984902473131,0.26128443583033445,370824000
2005-11-08,0.25395864248275757,0.2599877426782408,0.25281399683925665,0.25975880263333867,538968000
2005-11-09,0.2654050886631012,0.2670845188013997,0.25159331154853687,0.2544933912135716,818880000
2005-11-10,0.2555612325668335,0.28059143491467736,0.2506017005872832,0.27463929244401547,2503620000
2005-11-11,0.259758859872818,0.2628109487324809,0.256629866353637,0.2577745122493677,545928000
2005-11-14,0.26525309681892395,0.26708453515971586,0.2558669923789295,0.25983478584636427,493668000
2005-11-15,0.2658630311489105,0.2693739007010453,0.2650242300283769,0.266855668875263,496200000
2005-11-16,0.26494720578193665,0.26761837269616173,0.25975876308671547,0.26616878317253667,455280000
2005-11-17,0.27669957280158997,0.2769285128450608,0.2640315388692011,0.2671605589698319,703260000
2005-11-18,0.27616485953330994,0.27990466938612857,0.27074747463533844,0.27761535023054723,465768000
2005-11-21,0.2810492217540741,0.2815070745165611,0.27463920120774804,0.2764706122576961,454704000
2005-11-22,0.2885270118713379,0.2912741562694432,0.2802855513865142,0.2824988388688139,731700000
2005-11-23,0.287688285112381,0.29188502050309206,0.2861617901580344,0.2888329311813925,411948000
2005-11-25,0.2905113995075226,0.29096925237917354,0.28707743474386777,0.28906180953413746,116676000
2005-11-28,0.2890617847442627,0.2937923757719423,0.2838724130069667,0.2912741442580614,424524000
2005-11-29,0.27074742317199707,0.2796756761230041,0.2695258728096622,0.27196807294761677,1043136000
2005-11-30,0.27585992217063904,0.2772334808134231,0.26876310699947104,0.26883911106893427,575448000
2005-12-01,0.279140830039978,0.28043841146844495,0.2751730368781333,0.27814912054139646,562032000
2005-12-02,0.2792178988456726,0.28112534202448525,0.2754780886917976,0.28043854895157483,334476000
2005-12-05,0.27402856945991516,0.2798278045894511,0.27311283611981363,0.2798278045894511,387708000
2005-12-06,0.2751730978488922,0.27891197912076526,0.2741044561925489,0.27448630496050325,375252000
2005-12-07,0.2756308913230896,0.27792018226440424,0.2708993734745646,0.2762416800191481,352668000
2005-12-08,0.2734176516532898,0.2777673215674009,0.2702895593422972,0.27418134915665576,386664000
2005-12-09,0.2773094177246094,0.27769129373410184,0.27044154430240896,0.27425732973249856,262896000
2005-12-12,0.28135421872138977,0.28196500763463495,0.2776153369251641,0.27807321710864236,281136000
2005-12-13,0.2850169837474823,0.28745921055742757,0.2798276133754684,0.28188796422439494,443412000
2005-12-14,0.2823459506034851,0.28425429408858105,0.27898891769137485,0.28288070814478466,287472000
2005-12-15,0.2787599563598633,0.2842542445974252,0.27585987625028485,0.28211696139697967,332724000
2005-12-16,0.2812013030052185,0.28242285351084917,0.27708057248986573,0.27975171300035745,1065600000
2005-12-19,0.2765467166900635,0.2838724727110125,0.275859950942298,0.2818120935961784,292296000
2005-12-20,0.27639371156692505,0.2804384370182514,0.27273083483373484,0.2762417034651513,304356000
2005-12-21,0.27585992217063904,0.2799806526800105,0.27334169038977046,0.27769136098486075,289380000
2005-12-22,0.2842543423175812,0.2845592865268343,0.2755550268753944,0.27563103095833424,318336000
2005-12-23,0.28646665811538696,0.2868485068990747,0.2831096254731476,0.2850170682180784,214536000
2005-12-27,0.2882220149040222,0.2913510348058043,0.2852459582710572,0.28616166380573826,367968000
2005-12-28,0.29089322686195374,0.29180893253773516,0.28639064796435143,0.28822205931591427,264420000
2005-12-29,0.2844061553478241,0.2916559028465666,0.283185506051854,0.29074017026012683,310464000
2005-12-30,0.27898892760276794,0.282880718194438,0.27784428170577613,0.28280381353483514,229608000
2006-01-03,0.2916559875011444,0.293792342713146,0.2796756474027537,0.2805913529644857,472812000
2006-01-04,0.29982149600982666,0.30027937620433937,0.29081633691433695,0.29386935367678346,510072000
2006-01-05,0.3066125810146332,0.30714736606854687,0.29936375463856657,0.29989761181475866,646092000
2006-01-06,0.3116488754749298,0.312793521177734,0.2979900316878353,0.31012328159566127,623388000
2006-01-09,0.32034826278686523,0.32202766634987273,0.31081014676941576,0.311496912518434,560484000
2006-01-10,0.32042521238327026,0.32042521238327026,0.3147779858236752,0.3188227132599947,339660000
2006-01-11,0.33202365040779114,0.3338550620586752,0.3201962428861099,0.3207300998735718,626304000
2006-01-12,0.32729294896125793,0.3370600022744985,0.3249267530405019,0.33194756286433397,495504000
2006-01-13,0.3243929445743561,0.3292004406019374,0.3198143340439552,0.32652930018307047,421296000
2006-01-17,0.3241640627384186,0.3243169987771281,0.3156936603903418,0.31996732754342394,329232000
2006-01-18,0.3258424997329712,0.3269111414513608,0.3113439533362273,0.31432003783170265,459948000
2006-01-19,0.3439280092716217,0.3484305895162385,0.3295823951376232,0.330192256282601,914760000
2006-01-20,0.3343130052089691,0.3484306078298214,0.3342370011199176,0.34446281231409703,461604000
2006-01-23,0.336221307516098,0.33904445653947496,0.3323295165715879,0.3369081005746618,334884000
2006-01-24,0.3378998637199402,0.3449206768662635,0.33606845166287985,0.33698415769141,388896000
2006-01-25,0.3349236845970154,0.3417915592037034,0.33087895843906595,0.3395782717323057,400236000
2006-01-26,0.3463701903820038,0.3466751345582817,0.3376708758805208,0.3398072317072064,448836000
2006-01-27,0.3529331386089325,0.3568249291866077,0.34797267892034195,0.3508727596274498,385044000
2006-01-30,0.3489644229412079,0.3548405612528944,0.3473618968272716,0.3544587124188113,315780000
2006-01-31,0.34308916330337524,0.3491173371479876,0.34041802259667203,0.3472098941214207,384456000
2006-02-01,0.3433181345462799,0.3446917207070542,0.33561052920146606,0.33690811128019005,450852000
2006-02-02,0.33286339044570923,0.3466751745243456,0.33232953339684107,0.3464462343963957,473736000
2006-02-03,0.33591538667678833,0.3400361168046613,0.32965830106780575,0.3307269427469822,504252000
2006-02-06,0.3453783392906189,0.34575928741598655,0.3335500350859413,0.3349996247109254,363468000
2006-02-07,0.3330923318862915,0.34606528746523507,0.3329393958412221,0.34606528746523507,399408000
2006-02-08,0.3427073061466217,0.3427073061466217,0.3340839958797297,0.3340839958797297,393072000
2006-02-09,0.3369080424308777,0.3491172974696812,0.3347707589574648,0.3437759172502267,437100000
2006-02-10,0.3349996507167816,0.33965513791151564,0.32714003994763324,0.33812864353178973,414996000
2006-02-13,0.336144357919693,0.3385105542715339,0.3316426791848991,0.333931970880444,280740000
2006-02-14,0.3367551565170288,0.3379758065683588,0.33232950865608973,0.33614439484316083,342348000
2006-02-15,0.3432410955429077,0.34415682846134643,0.33522857578172405,0.3360683046418152,493296000
2006-02-16,0.3601818084716797,0.36094553314723477,0.3472857640100206,0.34965105903789395,1305888000
2006-02-17,0.3622422516345978,0.3870435360658016,0.3601818730072534,0.3866616873048569,2356956000
2006-02-21,0.35453566908836365,0.3620903381146628,0.35140664800681237,0.3614795491387156,684060000
2006-02-22,0.35392478108406067,0.35674792930373883,0.3411047386088802,0.34949910708710574,939756000
2006-02-23,0.34850651025772095,0.3552224042665609,0.347514800460098,0.35285618070501823,385128000
2006-02-24,0.34843048453330994,0.35422974457364315,0.3465990731856613,0.35003301039826307,416412000
2006-02-27,0.3625481426715851,0.36476052970049866,0.34743880663536936,0.3511016842473336,666468000
2006-02-28,0.35964804887771606,0.363997719293417,0.35613810741028545,0.3609456306880316,563316000
2006-03-01,0.37330788373947144,0.37544423968525953,0.358656398685804,0.3609456906669539,703932000
2006-03-02,0.37384161353111267,0.3791069887539524,0.3690340910905843,0.37292588067598625,545460000
2006-03-03,0.3751392066478729,0.38162525948657683,0.3697209221714874,0.37040771506128206,595800000
2006-03-06,0.3743756413459778,0.3849833285664696,0.3725442020898001,0.38246509617791075,529020000
2006-03-07,0.3679655194282532,0.3773516260555524,0.36056378758089896,0.37445247341437554,606204000
2006-03-08,0.3661341667175293,0.3699499811619343,0.35300920269312747,0.3680425378784936,670800000
2006-03-09,0.3680424392223358,0.37674175261327364,0.36781349915000533,0.3705606435654309,536700000
2006-03-10,0.36163240671157837,0.37231516662414943,0.35835047759664074,0.3676605522835551,521580000
2006-03-13,0.3659820258617401,0.36773653246078547,0.3625480888442991,0.3652952330001508,372132000
2006-03-14,0.3761310577392578,0.37765755269046836,0.3649135099116813,0.36628709610787924,627792000
2006-03-15,0.3821592330932617,0.3826940180244694,0.375444265434132,0.37689385571740197,510600000
2006-03-16,0.3691871464252472,0.3833038463438695,0.367889564421418,0.38284599341354286,568416000
2006-03-17,0.3721631169319153,0.3731548265651853,0.36193728312484413,0.36743159847026763,618588000
2006-03-20,0.36933910846710205,0.37552019048106067,0.3689581602489184,0.3754441864128866,293772000
2006-03-21,0.3875773847103119,0.3945212900894837,0.3774285096567733,0.3875773847103119,1235472000
2006-03-22,0.37643593549728394,0.37956492893132693,0.36796553426694223,0.3777334900898879,1158576000
2006-03-23,0.38345688581466675,0.3849834084493394,0.37346001285494784,0.3777336540081312,661992000
2006-03-24,0.3964295983314514,0.397116391132116,0.3838384970511118,0.38444835792357673,687936000
2006-03-27,0.4071125090122223,0.4074183537948065,0.39543710890154193,0.39673469093754904,651444000
2006-03-28,0.4133704900741577,0.4187878748454567,0.40444223563484505,0.405281036783064,795204000
2006-03-29,0.43557655811309814,0.43633935504024607,0.4116909795743917,0.4151249166265936,987096000
2006-03-30,0.4385526776313782,0.4409179732484074,0.4281739337039985,0.4360344460076358,1063308000
2006-03-31,0.4369501769542694,0.4443519084935732,0.43427900933633745,0.4382468308537862,835560000
2006-04-03,0.4418336749076843,0.44793877981070374,0.433745150483943,0.43923946653348167,968916000
2006-04-04,0.4625134766101837,0.4632002697048032,0.44198672489478524,0.44244457786102664,1200612000
2006-04-05,0.4662531316280365,0.4685424231214596,0.4518305624708624,0.46167454864119034,1112976000
2006-04-06,0.4671688377857208,0.47067877909220157,0.4586215054789179,0.4650315544156496,789312000
2006-04-07,0.4659472107887268,0.46930514361416625,0.45679004577475424,0.46518444119028207,682674000
2006-04-10,0.45785871148109436,0.4676266930798043,0.45434877036104027,0.4648795215984016,634230000
2006-04-11,0.446717232465744,0.4593852959809603,0.44397008789951353,0.4593852959809603,702072000
2006-04-12,0.4647265374660492,0.4671687645820545,0.44717497792941513,0.44961720504542035,598308000
2006-04-13,0.45175376534461975,0.459995200308207,0.44992232625587353,0.4548067551203285,738360000
2006-04-17,0.45297524333000183,0.4642688202507754,0.4493123657403936,0.450990895811073,443868000
2006-04-18,0.44229164719581604,0.44503879214768666,0.43023437088301125,0.4448858561105103,1165488000
2006-04-19,0.44503867626190186,0.44992220320377535,0.4334392832035924,0.4395443604983388,517476000
2006-04-20,0.44442787766456604,0.45236439337259504,0.4337451183671233,0.4410708725574033,552684000
2006-04-21,0.4284028112888336,0.447632873897642,0.42321434066869457,0.44580143546482637,770016000
2006-04-24,0.4415288269519806,0.4458015659611887,0.42351940873423344,0.4311500815003413,676848000
2006-04-25,0.4412229657173157,0.4422916075458108,0.42886077360635805,0.4364923466745444,719766000
2006-04-26,0.43817079067230225,0.4496172474366809,0.4334392719731608,0.4429022820809382,330528000
2006-04-27,0.44519174098968506,0.449312444890756,0.42702938527000855,0.43649239835927206,462966000
2006-04-28,0.4459543824195862,0.45160163418694765,0.44168074370781624,0.4454965295947266,284736000
2006-05-01,0.47159454226493835,0.4802938837579381,0.44900654139183793,0.44900654139183793,902472000
2006-05-02,0.4709837734699249,0.4807517020485728,0.4628952483089658,0.4751044767695203,539700000
2006-05-03,0.4740367829799652,0.4792252550026345,0.4651845598051637,0.46564238542399555,378114000
2006-05-04,0.4709837734699249,0.4761731185685689,0.46228443210930525,0.4647266598685592,511128000
2006-05-05,0.47739356756210327,0.47907302485388503,0.46686281907455723,0.47342580195189604,338184000
2006-05-08,0.47525736689567566,0.4865509430668928,0.4708317198622851,0.47617307258704744,503622000
2006-05-09,0.46075886487960815,0.47708890675420074,0.46014810322534716,0.47464667885251105,561648000
2006-05-10,0.4505331218242645,0.4606060233142179,0.4459545103902754,0.4552646147186388,753264000
2006-05-11,0.43450799584388733,0.45938531590622006,0.4309980540920417,0.45511164921054725,1201110000
2006-05-12,0.4018470346927643,0.4262664709235068,0.39284277762254116,0.4241301154782265,1568172000
2006-05-15,0.40764716267585754,0.4111571036238152,0.3975742647491137,0.40108420569707137,553380000
2006-05-16,0.39696362614631653,0.410088617192166,0.39436941709599094,0.40993660902449836,497532000
2006-05-17,0.38093844056129456,0.3978792124262055,0.37391763072506123,0.3955899211436909,841074000
2006-05-18,0.36369284987449646,0.387653511952014,0.36323499691838157,0.3839906610125809,686730000
2006-05-19,0.37132349610328674,0.3800228107955567,0.36338697851662566,0.36704985647879584,932808000
2006-05-22,0.366286963224411,0.37010274892463113,0.35621406511779224,0.369339051432588,734886000
2006-05-23,0.36231932044029236,0.3826171347561993,0.36079282529158974,0.37391781806599655,532314000
2006-05-24,0.3670497536659241,0.37788634907375,0.3572827004208906,0.36552415988203435,579522000
2006-05-25,0.3650662899017334,0.37941189770589456,0.36308191553971064,0.3739176098507848,423666000
2006-05-26,0.3658291697502136,0.36888125845336245,0.3620133561406598,0.36643993135126224,294642000
2006-05-30,0.35056695342063904,0.36659199768296485,0.3504149452589823,0.3664399895213081,448788000
2006-05-31,0.3507198393344879,0.3586563841586015,0.3485834834752319,0.35529845040184643,598422000
2006-06-01,0.3690341114997864,0.3690341114997864,0.34919325916526467,0.3546875747283716,537126000
2006-06-02,0.36369284987449646,0.37681784059405654,0.3600299716445492,0.3749864014790829,673710000
2006-06-05,0.34843048453330994,0.3684233462609624,0.3473618428579326,0.36170840783731195,581052000
2006-06-06,0.33912044763565063,0.35316207118072673,0.3296583630862843,0.352856226409502,824130000
2006-06-07,0.3330163359642029,0.3433941548714049,0.3304211716839996,0.3427833658441768,565380000
2006-06-08,0.3269111216068268,0.3334740790624345,0.31378616186333885,0.32920041303507014,730572000
2006-06-09,0.3258424997329712,0.33683110471368355,0.3230953553104201,0.3311848077381501,433824000
2006-06-12,0.30783408880233765,0.3244690222036975,0.30600264963306223,0.3201962827270608,463230000
2006-06-13,0.3031025230884552,0.3139382204355417,0.3002024423681861,0.3076811066807368,532548000
2006-06-14,0.3119547367095947,0.3128704424041614,0.3017289016118057,0.3049339261238044,480492000
2006-06-15,0.3392733633518219,0.3403420051680543,0.3208060931156008,0.32340122964532625,837336000
2006-06-16,0.3305741250514984,0.3378998549614062,0.3273690994536834,0.33698414895661155,503448000
2006-06-19,0.3206539452075958,0.3359152833431497,0.319890220599798,0.33423678121691763,388044000
2006-06-20,0.31561753153800964,0.32279034899614756,0.3105810965183701,0.31180174613206857,535818000
2006-06-21,0.3191275894641876,0.32416402590255167,0.3142440617566439,0.3142440617566439,441174000
2006-06-22,0.30981746315956116,0.3235532127577683,0.30768108027923063,0.3226375070340913,532338000
2006-06-23,0.3099703788757324,0.3163804009576876,0.30630752860783605,0.3092075818542078,335202000
2006-06-26,0.3070702850818634,0.3128704459052179,0.3055447183951858,0.3095125126411339,281736000
2006-06-27,0.2973032295703888,0.30920753905156645,0.2931824997102297,0.3089016943577501,608514000
2006-06-28,0.31378617882728577,0.31866967877690733,0.29180894172130417,0.2995925493724339,833376000
2006-06-29,0.32797983288764954,0.32797983288764954,0.30417118060524206,0.3052388946082073,687666000
2006-06-30,0.32492682337760925,0.33637328224778557,0.32248552345940956,0.3311848376588457,468240000
2006-07-03,0.32965824007987976,0.3327103006734272,0.3273689217296981,0.3324053838933948,174696000
2006-07-05,0.3148540258407593,0.32736913060582695,0.3148540258407593,0.32446907625864674,459708000
2006-07-06,0.30508682131767273,0.31790686421650166,0.30188182423821874,0.3148538752580674,470634000
2006-07-07,0.29562386870384216,0.3078340530417314,0.2922668355565671,0.30722326409709094,541230000
2006-07-10,0.2828037142753601,0.2985238344379045,0.28020947922356326,0.2963874521261034,449922000
2006-07-11,0.2922668159008026,0.293334557103247,0.2777673679555317,0.28188807121743314,600582000
2006-07-12,0.27822524309158325,0.29455613117622514,0.277920298908829,0.291198197399349,461034000
2006-07-13,0.27105239033699036,0.2808203457135877,0.2696788044460498,0.2739524708399026,540582000
2006-07-14,0.2696787118911743,0.2776152257861754,0.26204804262377723,0.27608873169810294,572148000
2006-07-17,0.27181515097618103,0.27486813979158364,0.2670845602258501,0.2684581186424768,502806000
2006-07-18,0.2866196930408478,0.28951977469924817,0.2710524983332428,0.2811254018689964,979332000
2006-07-19,0.29913461208343506,0.3027974611584299,0.2832615565387835,0.28539883935807836,1055550000
2006-07-20,0.2931825518608093,0.30981748237540346,0.29272469897057335,0.3044761018404057,505602000
2006-07-21,0.27120518684387207,0.28448310552105466,0.26906790423787413,0.2832615282697946,633918000
2006-07-24,0.29852405190467834,0.3053919298791834,0.27975183027528083,0.2812783255764592,983178000
2006-07-25,0.3090546727180481,0.31225967010948463,0.29776112319909365,0.3021867977731048,574104000
2006-07-26,0.3090546727180481,0.31271755027155484,0.29989747883428125,0.3090546727180481,495318000
2006-07-27,0.3134803771972656,0.3258425707279993,0.30783407899150894,0.3130225242421675,694338000
2006-07-28,0.34598836302757263,0.3465991520049359,0.3197383824532302,0.321569821507869,815298000
2006-07-31,0.3378998637199402,0.3458364101853113,0.33698415769141,0.34232553967334994,594762000
2006-08-01,0.32431700825691223,0.33438988257268537,0.31821190184226633,0.33377909356797303,600966000
2006-08-02,0.349193274974823,0.35087270545730187,0.3307269353948303,0.33148970505285663,756774000
2006-08-03,0.3711705207824707,0.38063353146976175,0.34308910731857456,0.34797263443298226,890568000
2006-08-04,0.3661341667175293,0.38154937808490225,0.3566720537987096,0.38093858905971145,818232000
2006-08-07,0.36186131834983826,0.3664399013227678,0.35484050788812943,0.3597240349884433,436146000
2006-08-08,0.3714764714241028,0.37926005380383443,0.3638448699227098,0.3647606031553644,619806000
2006-08-09,0.37132349610328674,0.3891800057009821,0.3685763512769152,0.3788021607673046,584706000
2006-08-10,0.3687291741371155,0.3708655568035885,0.3609455943934916,0.3672026796945268,1072140000
2006-08-11,0.3571298122406006,0.3664399145241812,0.34064691840234057,0.34186756825208314,1603272000
2006-08-14,0.3552984297275543,0.3652183938045286,0.3533140548450139,0.361555516079984,809412000
2006-08-15,0.3894850015640259,0.39146937697764556,0.36094575164419507,0.36445569428783897,902172000
2006-08-16,0.41741427779197693,0.4190937085081963,0.3815493074185593,0.39162218020646833,1029246000
2006-08-17,0.41085222363471985,0.4230615060316796,0.40673149326217706,0.4122258095224037,814224000
2006-08-18,0.4175671637058258,0.4197035191804255,0.39696351312924527,0.41131007811591,665898000
2006-08-21,0.4021529257297516,0.4120728896044869,0.4012372199625392,0.4113101198544247,500220000
2006-08-22,0.40154218673706055,0.41268372979810186,0.4006264808560342,0.40093142505090185,473928000
2006-08-23,0.40123724937438965,0.40871498607157364,0.39238499875778676,0.4045942552360367,485412000
2006-08-24,0.4053580164909363,0.4074943725301396,0.395894976081828,0.4023049993674378,260802000
2006-08-25,0.4041365087032318,0.41131025827741957,0.39833727341028824,0.4023050692619417,238314000
2006-08-28,0.41802504658699036,0.4299293849513748,0.4100885299119711,0.4108522275167581,764562000
2006-08-29,0.4369501769542694,0.43893362377436035,0.418940761465885,0.42199284999239894,727962000
2006-08-30,0.4459543824195862,0.45053299253970125,0.4383237112324747,0.4393914522930119,681564000
2006-08-31,0.4442758858203888,0.44687012138802784,0.4346608672066065,0.444885746773787,511278000
2006-09-01,0.4256558120250702,0.44122303135031304,0.42397730889828594,0.4377130617600137,605742000
2006-09-05,0.4349658787250519,0.4366443817055028,0.4207722741301142,0.4270293609986426,549354000
2006-09-06,0.41314151883125305,0.42794500983007805,0.41207287707937224,0.4273351488251932,493572000
2006-09-07,0.42138299345970154,0.43069219574636847,0.40200001796083434,0.4064256653713094,742836000
2006-09-08,0.4227565824985504,0.42992940185072664,0.4134464795569138,0.4280979630080241,447978000
2006-09-11,0.4293185770511627,0.4342030048510626,0.4085629177778689,0.41329350898516276,598266000
2006-09-12,0.4406130909919739,0.4433602630729632,0.426266550804222,0.42733519266573533,498432000
2006-09-13,0.4441230893135071,0.44992232345400934,0.44030727512059736,0.4416808612512315,476286000
2006-09-14,0.44244444370269775,0.4502280509307097,0.43664428319599474,0.44198659087528686,428814000
2006-09-15,0.4511438310146332,0.45328021408677904,0.4418337277700407,0.4439701108421866,649764000
2006-09-18,0.46823665499687195,0.4690003527219371,0.4509909609073774,0.4523645197338587,793896000
2006-09-19,0.4560272693634033,0.4685423950553031,0.45221148357402086,0.46518446207907793,708054000
2006-09-20,0.47266310453414917,0.47327299276310303,0.46106371159047826,0.4619794172301022,511884000
2006-09-21,0.4688473641872406,0.47693588842415274,0.46442166265106805,0.47220529734267513,539106000
2006-09-22,0.45495861768722534,0.47037379591095557,0.44977017415974063,0.4674737431024952,653334000
2006-09-25,0.4712894558906555,0.4732729296048569,0.44931225056747676,0.46182647418455597,684486000
2006-09-26,0.4613686800003052,0.4720523678669476,0.45541651115779425,0.47083171804856816,516120000
2006-09-27,0.4599951505661011,0.4746466616917127,0.455569503007245,0.4599951505661011,578142000
2006-09-28,0.4512958526611328,0.45312729161821785,0.4400023293206766,0.4419866770154354,647346000
2006-09-29,0.45160162448883057,0.45785870977648635,0.4491593971289457,0.45434876866949975,373890000
2006-10-02,0.44015514850616455,0.4523644024863738,0.4364922713372286,0.4494643495483614,647442000
2006-10-03,0.43191367387771606,0.43527070622920183,0.42229865574837955,0.43191367387771606,907692000
2006-10-04,0.4743417501449585,0.47449468617811824,0.43130300147991507,0.4325236788223853,1460382000
2006-10-05,0.4609107971191406,0.4772417096004371,0.4596901473080355,0.47251019060450244,662682000
2006-10-06,0.4720524847507477,0.4769360131107185,0.4603010801598829,0.4616746663222674,593610000
2006-10-09,0.5024240612983704,0.5086811207821158,0.4696102222892256,0.4709838083511591,932304000
2006-10-10,0.4909777045249939,0.5018133500960164,0.4853304230645588,0.499829001954834,624648000
2006-10-11,0.4937247335910797,0.5024240758478971,0.4809046876101561,0.4883824519228271,481944000
2006-10-12,0.4957081377506256,0.505933946112375,0.4885353186481514,0.4964718353588455,414720000
2006-10-13,0.5153963565826416,0.5182964115150661,0.48594136543566135,0.4940298949860498,584190000
2006-10-16,0.5144804120063782,0.5254689913994476,0.5053231897374539,0.5170755214101456,478968000
2006-10-17,0.4947925806045532,0.509597032928658,0.4899091057288267,0.5060870899427703,526506000
2006-10-18,0.4816673696041107,0.5074603353931115,0.4781574285994335,0.5021180553045396,822750000
2006-10-19,0.4908245801925659,0.4944874575257811,0.47602018943679114,0.47983594819292036,473040000
2006-10-20,0.4851773679256439,0.49494529577619895,0.47815748508698946,0.4946403516377726,359478000
2006-10-23,0.48197227716445923,0.4958609614675372,0.480751627413009,0.4841095604307483,280248000
2006-10-24,0.49601420760154724,0.5015085540247868,0.4815147527087001,0.48288833931451,519288000
2006-10-25,0.5005922317504883,0.508222926339721,0.4923507759406017,0.5007442397933409,389436000
2006-10-26,0.5164647698402405,0.5181432455468172,0.5018132575883332,0.5018132575883332,366690000
2006-10-27,0.4941825866699219,0.527911202773063,0.4883824250927318,0.5164647435226803,566988000
2006-10-30,0.5001345276832581,0.5089858189826304,0.49219801391198925,0.4975393649667465,479592000
2006-10-31,0.532184898853302,0.532184898853302,0.5085282801639078,0.5111233897619577,996174000
2006-11-01,0.4911293387413025,0.5300472797162279,0.4838035868430364,0.5251637544096851,1176540000
2006-11-02,0.48777249455451965,0.5041024802685231,0.48105662773434693,0.49341884632039246,862944000
2006-11-03,0.49753955006599426,0.49815036624293774,0.48533026747849883,0.4932668387834021,548070000
2006-11-06,0.5126491189002991,0.51951699698629,0.4926562465158393,0.4989133627283174,739602000
2006-11-07,0.5204326510429382,0.5259269414692178,0.5135647197837987,0.516464828339176,553254000
2006-11-08,0.5280641317367554,0.5344741269988261,0.5155490308033319,0.5167696807866506,648324000
2006-11-09,0.5385947227478027,0.5524824776274461,0.5340161404883821,0.5388996668276657,1207758000
2006-11-10,0.5256216526031494,0.536610280831705,0.5123437336496026,0.5340160460807613,1317192000
2006-11-13,0.5494305491447449,0.550957016503547,0.5265375777581194,0.5266905137734004,852282000
2006-11-14,0.5549248456954956,0.5559934874811123,0.5356947516563704,0.5474461543698306,628530000
2006-11-15,0.5457677841186523,0.5608771232432563,0.5427156674867536,0.5532464223057825,491892000
2006-11-16,0.5527884364128113,0.5547718558971012,0.5433253984506148,0.548056917431713,457182000
2006-11-17,0.5543136596679688,0.555840180609751,0.5456143788018334,0.548972310058281,361608000
2006-11-20,0.559503436088562,0.562555497588771,0.5433254578910867,0.547446161190226,608634000
2006-11-21,0.5508039593696594,0.5620975338548089,0.5469882011693598,0.5611818283001468,387384000
2006-11-22,0.5602662563323975,0.5608770725870287,0.5498884384974807,0.5527885466981396,240258000
2006-11-24,0.5643868446350098,0.5656084221954039,0.552482508267904,0.5575189708649892,144336000
2006-11-27,0.5388996005058289,0.5685074455697735,0.5350837882732179,0.5610297395221964,585294000
2006-11-28,0.5489726662635803,0.5538561937538093,0.5286739308110566,0.5370683277510804,480966000
2006-11-29,0.5570611357688904,0.563777001971465,0.5518726646429781,0.5540090746662314,579792000
2006-11-30,0.5645397305488586,0.569118312656098,0.5503461041840149,0.5570610413714757,583632000
2006-12-01,0.5424095392227173,0.5590453364901965,0.5375260134988175,0.5582825670291133,785010000
2006-12-04,0.5643868446350098,0.5714076543919935,0.5474460456708188,0.5494304474117262,621570000
2006-12-05,0.5585876703262329,0.5617926675015158,0.5523305573974651,0.5584347343234205,663354000
2006-12-06,0.5578249096870422,0.5604191456052124,0.5501933367791004,0.5604191456052124,478242000
2006-12-07,0.5443938374519348,0.560876751870605,0.5395103121637409,0.5578246372595993,486894000
2006-12-08,0.54256272315979,0.5500414158138169,0.5326427848019486,0.5404263670864338,564858000
2006-12-11,0.551872730255127,0.5584347879423374,0.5414939855959342,0.5427155634002149,515484000
2006-12-12,0.5462254285812378,0.5495833616117124,0.5388997288713583,0.5477519503294955,568116000
2006-12-13,0.5526354312896729,0.5570610777122279,0.5506510841763285,0.5506510841763285,491952000
2006-12-14,0.5624035596847534,0.5694234985036188,0.5566034522437431,0.5570612779002578,715380000
2006-12-15,0.5723234415054321,0.5723234415054321,0.5625554590165962,0.566066328333784,746094000
2006-12-18,0.5822436213493347,0.5891114983296721,0.5726285717444486,0.5729343892803174,688356000
2006-12-19,0.5906376838684082,0.5936897992737454,0.5740018837555996,0.5747655812242861,545622000
2006-12-20,0.583922803401947,0.5946055631444962,0.5834649232780973,0.587585680649704,306594000
2006-12-21,0.5788863301277161,0.5888063200285337,0.5723233999955875,0.5871277901441893,367920000
2006-12-22,0.5651505589485168,0.5799540752068695,0.562403387526262,0.5779706012840223,370170000
2006-12-26,0.5649977922439575,0.5732392543990525,0.5627085002331549,0.5682028447239027,228192000
2006-12-27,0.5724765062332153,0.5744599262444627,0.5674400417862616,0.5674400417862616,264954000
2006-12-28,0.5683556795120239,0.5736970875268412,0.5657605702206493,0.5730862713050818,213912000
2006-12-29,0.5648447275161743,0.5802599342662654,0.5642348938416847,0.5683555966898853,386094000
2007-01-03,0.5506513118743896,0.5726285274267852,0.530963333890567,0.5657606509779759,1154820000
2007-01-04,0.5480571389198303,0.5506513755853065,0.5346262741029345,0.5486679007184139,797298000
2007-01-05,0.513717532157898,0.5372212650890681,0.5100546545618729,0.535083981551761,1243344000
2007-01-08,0.5175333023071289,0.5274532379124697,0.5066966785666789,0.5155489549513663,657270000
2007-01-09,0.5074602365493774,0.5218058697533962,0.5068494751673807,0.5182959294323894,764166000
2007-01-10,0.5324897766113281,0.5372212962504573,0.4944875216876673,0.5021181668937954,1108746000
2007-01-11,0.5305052995681763,0.5366104037189047,0.5218059600724078,0.5324896467216431,924504000
2007-01-12,0.537679135799408,0.5398154914218186,0.5201275724478593,0.5225698000946942,698190000
2007-01-16,0.5385947227478027,0.5421046634930589,0.5324896189158732,0.5417997194131959,711864000
2007-01-17,0.5273005366325378,0.53432134948102,0.5253170618953917,0.5311162966455781,707934000
2007-01-18,0.4836517572402954,0.5227217752822064,0.47708882689721127,0.5227217752822064,1501638000
2007-01-19,0.48655086755752563,0.49662373776140545,0.4751043571582449,0.4784622898519094,942606000
2007-01-22,0.48655086755752563,0.4990659649058094,0.4847194018779978,0.49112944988483526,730644000
2007-01-23,0.48670393228530884,0.49448756883842326,0.47525747215546676,0.48426170422098447,630354000
2007-01-24,0.5018129348754883,0.508375916944739,0.4906714263982213,0.4929607168927248,685722000
2007-01-25,0.4842616021633148,0.5082232138866773,0.48182030249095525,0.5063917479032659,616284000
2007-01-26,0.48029375076293945,0.4931137920683266,0.47159441167881677,0.48838227380724375,829584000
2007-01-29,0.4606059193611145,0.4784623716582733,0.45648516181337445,0.4781574821027662,1258284000
2007-01-30,0.46945810317993164,0.4725101641851624,0.45953724019207864,0.46365794282292927,636174000
2007-01-31,0.46777868270874023,0.47220525716449935,0.4613686343658246,0.46716879450799487,467976000
2007-02-01,0.47373098134994507,0.47617320957596365,0.46243745651074103,0.4633531624655497,650898000
2007-02-02,0.4860934019088745,0.4883826950242547,0.47235764321659374,0.47632634075862745,586590000
2007-02-05,0.49402981996536255,0.4981505794564488,0.4876198224206174,0.488382592479267,579906000
2007-02-06,0.5115811228752136,0.5179911170606132,0.49769243826676024,0.5051710741088009,775386000
2007-02-07,0.5315736532211304,0.5327943022392747,0.5126485174088296,0.5157015044786698,761058000
2007-02-08,0.524706244468689,0.5321848822280594,0.5189070103337652,0.5234855943774566,726276000
2007-02-09,0.49830344319343567,0.5317271799659956,0.49631909490979753,0.5273006030556827,937956000
2007-02-12,0.5092918872833252,0.5201275841088436,0.496623851064131,0.5019661320558857,789360000
2007-02-13,0.5189068913459778,0.5230275942079926,0.5123439064030363,0.5175333055316346,849732000
2007-02-14,0.5120391845703125,0.5265377079801556,0.5108176064816123,0.5234856458040269,1081848000
2007-02-15,0.515091061592102,0.5176852971349793,0.5068496015500917,0.5117331285168045,488682000
2007-02-16,0.49937111139297485,0.5135646896119059,0.49784551705659846,0.5129548557769686,915060000
2007-02-20,0.5037978887557983,0.5065450076149269,0.4966241375286848,0.5001350090292429,625578000
2007-02-21,0.4963189363479614,0.5050182780191507,0.49128247250774537,0.4996768700068914,655332000
2007-02-22,0.4995238184928894,0.5121909792384632,0.4983031687905712,0.5041024010777877,655452000
2007-02-23,0.49830344319343567,0.5045605590171783,0.49815056170090427,0.504255614747713,403050000
2007-02-26,0.4906716048717499,0.503491647220242,0.4899088352487485,0.49967676206603406,494070000
2007-02-27,0.4758681058883667,0.49677667030080336,0.4751043538670256,0.4853301599808167,714630000
2007-02-28,0.47312119603157043,0.4833460799164977,0.46869461939331214,0.4744947823952208,780048000
2007-03-01,0.4673209488391876,0.47602029118771394,0.4567901947230908,0.46289530087585434,837228000
2007-03-02,0.4543488621711731,0.4688474375655488,0.45343312906216166,0.4632002120478098,682728000
2007-03-05,0.4389336407184601,0.4552645268613902,0.43740804668969036,0.44641230448809327,663558000
2007-03-06,0.4648796021938324,0.46991606592256374,0.4467172488788416,0.4485486877537884,805974000
2007-03-07,0.45175376534461975,0.4647267204239957,0.44977031809416174,0.4625903644248714,811656000
2007-03-08,0.4703737795352936,0.47556225017265114,0.4609107426615033,0.46121661463133024,770622000
2007-03-09,0.4656423330307007,0.48227819024505414,0.46030098016430704,0.47693590950137815,555306000
2007-03-12,0.46289515495300293,0.4696100927994988,0.4596901034985736,0.4603009195750457,428010000
2007-03-13,0.44336026906967163,0.4609108793245428,0.44305439700915167,0.45816376178742063,617070000
2007-03-14,0.4412229657173157,0.4471751080310262,0.42794504051081805,0.44458089934889433,971610000
2007-03-15,0.4367973208427429,0.44412307694814185,0.4300823537052728,0.4401552547049399,655752000
2007-03-16,0.43267643451690674,0.43786580554236926,0.4296243465278945,0.4371021081051658,525648000
2007-03-19,0.4348128139972687,0.44183359605310885,0.43343922840740257,0.43496572268478395,461508000
2007-03-20,0.43267643451690674,0.44336012064885344,0.43099793212714127,0.43343923136750967,656490000
2007-03-21,0.45740076899528503,0.4645735585335423,0.44168064927982975,0.4502279521665272,1268376000
2007-03-22,0.4674738347530365,0.470220952109845,0.45572243181735916,0.45785878755165493,810954000
2007-03-23,0.46228429675102234,0.47220521302506746,0.4589272920722605,0.46396375425798114,524640000
2007-03-26,0.46320027112960815,0.4670160309160295,0.4548067730916198,0.46259038270372527,447336000
2007-03-27,0.4545009136199951,0.4630481934332532,0.45404306066712524,0.46213248752751346,469020000
2007-03-28,0.4458014965057373,0.45450080978487817,0.44503869952403824,0.45068592428962756,459504000
2007-03-29,0.438017874956131,0.45312720950077146,0.43084505645586196,0.4525173485438655,719016000
2007-03-30,0.4392394721508026,0.4471750606707173,0.43695018059017793,0.443970063402046,581244000
2007-04-02,0.43878164887428284,0.44183371034141955,0.4316079016943017,0.4381708599718186,400830000
2007-04-03,0.43710222840309143,0.4436651595435273,0.4329814977617593,0.43878165913216816,473724000
2007-04-04,0.43618643283843994,0.44000224605872645,0.43496578305716826,0.43649227754642406,361692000
2007-04-05,0.47159454226493835,0.4720524224523146,0.4380179354145101,0.4380179354145101,1332900000
2007-04-09,0.4630480408668518,0.4769358513640751,0.46213233526282144,0.47159444456776917,640950000
2007-04-10,0.45831674337387085,0.4677788561166229,0.45740101014662843,0.46243744737965975,794220000
2007-04-11,0.45007508993148804,0.4638108650243647,0.4485485955356698,0.4592322824235741,810150000
2007-04-12,0.46289515495300293,0.4642687406361856,0.44473370613399116,0.44763288561160436,743640000
2007-04-13,0.46671104431152344,0.4676268047446738,0.455722464923967,0.4613687627716565,638694000
2007-04-16,0.4642687737941742,0.46900023809609576,0.4583166051292862,0.4654894235761274,671838000
2007-04-17,0.4686942398548126,0.4868565562600491,0.46640494929622567,0.47601999147468776,1059108000
2007-04-18,0.47449445724487305,0.4786151589310506,0.46548930195264443,0.4679314741746709,683802000
2007-04-19,0.4810566008090973,0.48380377247023826,0.46930519905699186,0.4706787848875624,568056000
2007-04-20,0.48670393228530884,0.488382462616344,0.4802939364450082,0.48807751841709535,590052000
2007-04-23,0.47876742482185364,0.48533035684508813,0.4773938386598078,0.48441465093073366,595272000
2007-04-24,0.4967769980430603,0.5012026472787281,0.4836520039578824,0.4868570027630525,1028088000
2007-04-25,0.5053231120109558,0.5080702837271781,0.49372464603111715,0.49601393760096363,509640000
2007-04-26,0.5115811228752136,0.5153960082089527,0.5007444993605883,0.5053230822304489,500070000
2007-04-27,0.5047134160995483,0.515549115333635,0.49662396145411836,0.5099018889326539,554058000
2007-04-30,0.5019661784172058,0.5179912216989022,0.5018132423874399,0.5115812262186333,563388000
2007-05-01,0.5073075294494629,0.5144803485156034,0.503186771749826,0.511123288420318,544554000
2007-05-02,0.5013553500175476,0.5120390382693075,0.4987611142833791,0.5099017548087863,659658000
2007-05-03,0.5108174085617065,0.5141753415429894,0.5051710575168652,0.5060868177255704,500250000
2007-05-04,0.5144804120063782,0.5170755214101456,0.5086811235434224,0.5135646515727684,405246000
2007-05-07,0.504255473613739,0.5277582811056023,0.5036447119491145,0.5219590472480198,557100000
2007-05-08,0.5080702304840088,0.5092918080834985,0.4914353029613569,0.5012023564941875,737100000
2007-05-09,0.5103595852851868,0.5132596930660513,0.4986081830674786,0.5044074161708938,417870000
2007-05-10,0.5008974075317383,0.5192117379937146,0.49647176090661943,0.5124968000608486,802584000
2007-05-11,0.5363056063652039,0.5414940238939122,0.5198226830281747,0.5279112086683759,1530630000
2007-05-14,0.5309633016586304,0.5392047638131124,0.5259268919838552,0.5341683541383373,731568000
2007-05-15,0.5262324810028076,0.5356945891343737,0.5250109581514734,0.5324895926272091,621360000
2007-05-16,0.5329475998878479,0.5329475998878479,0.51661761480793,0.5266904867697526,523104000
2007-05-17,0.524095356464386,0.5341682836467143,0.5210432950058033,0.5314211117640757,443664000
2007-05-18,0.5344740748405457,0.535999668846725,0.5236375051442609,0.5280640802040137,604266000
2007-05-21,0.5361526012420654,0.5494305251582542,0.5303533682248621,0.532947603945405,645768000
2007-05-22,0.5390526056289673,0.5439361324882986,0.5279110928738167,0.5366104328417138,401736000
2007-05-23,0.524706244468689,0.5425627004066745,0.5231797223012956,0.539357702492296,448248000
2007-05-24,0.5057812333106995,0.5286741599243701,0.5036448767301361,0.5271486197893008,607800000
2007-05-25,0.513717532157898,0.5163117679852693,0.5079182989018867,0.5094438929606045,308976000
2007-05-29,0.5192117691040039,0.5208902990090071,0.5100546033243339,0.5115811251070259,316242000
2007-05-30,0.5204326510429382,0.5204326510429382,0.5066968431056913,0.5131068940872108,331650000
2007-05-31,0.5286740064620972,0.5318790589224898,0.5218061304715872,0.5242483585048336,481572000
2007-06-01,0.5323368310928345,0.5425626399718,0.5314211253023001,0.5346261228596809,429084000
2007-06-04,0.5352370142936707,0.5382890762589712,0.525317021481527,0.5274533775275915,322002000
2007-06-05,0.5511091351509094,0.5520248410905488,0.5358477879448146,0.536763493884454,698586000
2007-06-06,0.555229663848877,0.5640818845275377,0.5450047308351156,0.5472940220268107,950736000
2007-06-07,0.5492774844169617,0.5608768761169539,0.549125476314624,0.5526354170819575,791862000
2007-06-08,0.5578249096870422,0.5585877340336096,0.5379840536574634,0.5446990474832711,533268000
2007-06-11,0.5598084330558777,0.5631663669113074,0.5547719689209377,0.5578249585864795,434634000
2007-06-12,0.5540092587471008,0.5646928952626094,0.553704314524375,0.556909312691274,526770000
2007-06-13,0.5672869086265564,0.5674398446165513,0.5529403993124358,0.560114090617576,587232000
2007-06-14,0.5773599147796631,0.5794962703905484,0.563929054610486,0.564692752209104,508548000
2007-06-15,0.6036108136177063,0.6081893972358202,0.5837699571197468,0.583922893143612,1081998000
2007-06-18,0.6039157509803772,0.6118522681493667,0.5990322232469582,0.6097149845108922,685662000
2007-06-19,0.6077316999435425,0.6091052316541765,0.5959793663690536,0.600100070663023,491952000
2007-06-20,0.6083414554595947,0.6135308557229737,0.6042207516964941,0.6104787392980983,822792000
2007-06-21,0.6559587121009827,0.6613010479964072,0.6153622209063196,0.6200937405796159,1297326000
2007-06-22,0.6657267808914185,0.6695425952399947,0.6463438019766639,0.6562646682102264,882618000
2007-06-25,0.648175060749054,0.6629794519323557,0.6411551778877586,0.6471073469034955,819702000
2007-06-26,0.6181093454360962,0.648328017026254,0.616582823517777,0.6464965509589914,868482000
2007-06-27,0.634745180606842,0.6355080049563587,0.6150572605213989,0.6181093766347805,613140000
2007-06-28,0.6408494114875793,0.6477173419307104,0.6303186575828125,0.6365766996466099,597534000
2007-06-29,0.6304715275764465,0.6452759196489034,0.6301665834187217,0.6451230382123923,516570000
2007-07-02,0.6567221879959106,0.6570270774589626,0.6374921010998534,0.6394755746206745,563850000
2007-07-03,0.6577901244163513,0.6629794692807139,0.6509222495064068,0.6562645303831168,238770000
2007-07-05,0.6648109555244446,0.666947311213612,0.6547380283525317,0.6579430804059693,373290000
2007-07-06,0.6680158376693726,0.6706100730843059,0.6626744854299281,0.6638951351421009,282720000
2007-07-09,0.6873989105224609,0.690603962492406,0.6703052272413962,0.6704581632544032,536784000
2007-07-10,0.6941140294075012,0.6982347332831539,0.6765624627943942,0.683888219218919,552654000
2007-07-11,0.6910617351531982,0.6986924338188387,0.6814466891416973,0.6939609148751168,582612000
2007-07-12,0.7043399214744568,0.7051026914303044,0.6910619932340967,0.6959455221256564,438732000
2007-07-13,0.7000660300254822,0.7107496632883782,0.6993032057621406,0.7023553215307298,372630000
2007-07-16,0.7127332091331482,0.7156332624864141,0.7005239261142069,0.7006768621331754,541710000
2007-07-17,0.7096809148788452,0.7299796458247285,0.7090701534146803,0.7156330828136195,643812000
2007-07-18,0.696708083152771,0.7015924834934976,0.6829722798099367,0.6994552001565268,550656000
2007-07-19,0.6959453225135803,0.7101389526971602,0.6910617950227212,0.7066290111242313,407376000
2007-07-20,0.6883147954940796,0.7029662537688751,0.6849568614840512,0.7005240256670786,505650000
2007-07-23,0.6951825618743896,0.7093761922437221,0.6843459371073745,0.6858724590598273,360474000
2007-07-24,0.6768680214881897,0.6982344663070656,0.6725943832059684,0.692435234292787,457560000
2007-07-25,0.6736632585525513,0.6866353127103137,0.6580960403450756,0.677020264565078,437196000
2007-07-26,0.6770201325416565,0.6864831706837468,0.6574851504486376,0.6664893805744949,710268000
2007-07-27,0.6753416657447815,0.706476041903382,0.6750367216073434,0.6753416657447815,615480000
2007-07-30,0.6942667961120605,0.6953345099226016,0.677630939464353,0.6777838754676827,538158000
2007-07-31,0.6983875036239624,0.7315053532588901,0.6974717979334147,0.7217382989285122,711492000
2007-08-01,0.6931979060173035,0.7052551207599765,0.6608428378780166,0.688314380634577,705828000
2007-08-02,0.6901459693908691,0.7017444338611302,0.6808358683153384,0.7011346002445361,468606000
2007-08-03,0.6492437720298767,0.6928933072538458,0.6489388278577961,0.6878568434130119,623412000
2007-08-06,0.6547379493713379,0.6596214763512023,0.6364236179313324,0.6547379493713379,524724000
2007-08-07,0.6651158332824707,0.6759524024181496,0.6460386772073907,0.6547379629899339,565764000
2007-08-08,0.6957924962043762,0.7165491150985237,0.671983870003426,0.6771732157605586,660744000
2007-08-09,0.7040337920188904,0.7234168201969958,0.684498810296536,0.70052385072219,1251834000
2007-08-10,0.6713740229606628,0.6759526073036971,0.6316923036819966,0.646343817244531,1141014000
2007-08-13,0.6640481948852539,0.6812939429863883,0.6501595072992014,0.6767153591349241,700410000
2007-08-14,0.6898401379585266,0.7005238253412988,0.6666422797774514,0.6686266270671626,1092174000
2007-08-15,0.6606901288032532,0.6959452610662514,0.65977442313249,0.6861773336506761,695142000
2007-08-16,0.6497017741203308,0.6588589431263964,0.618109508300785,0.6541274225699399,780030000
2007-08-17,0.6880087852478027,0.6886195468294549,0.6469544178522617,0.6677109782745089,728712000
2007-08-20,0.6852615475654602,0.695945234830052,0.6768680795591818,0.6884665991638258,519684000
2007-08-21,0.7223483324050903,0.7278426222339089,0.6791575477484477,0.6893824842701264,715338000
2007-08-22,0.7388310432434082,0.7431046817714698,0.7257060568506584,0.7406624544641208,566154000
2007-08-23,0.732573926448822,0.751041192861259,0.7293689295411054,0.7423418531620166,667986000
2007-08-24,0.7363898158073425,0.7377634017494824,0.7250953653977819,0.7304377010264359,361644000
2007-08-27,0.7530248165130615,0.7608084527194326,0.7330319508649159,0.7363898846738338,635946000
2007-08-28,0.707086980342865,0.7585191720201903,0.7054075221843297,0.7554670556481675,560022000
2007-08-29,0.7472256422042847,0.7481413481306856,0.7203648986425049,0.7218904929888619,538560000
2007-08-30,0.7429519891738892,0.7614192617459457,0.7397469911971696,0.7400528086982521,465660000
2007-08-31,0.7808021306991577,0.7837013107681043,0.7543983436804407,0.7585191015704821,720834000
2007-09-04,0.804915726184845,0.8082736596210598,0.7721028184881391,0.784312101155808,683268000
2007-09-05,0.7988107204437256,0.8241458679838622,0.7982008866451239,0.8014058844661113,656274000
2007-09-06,0.8023216128349304,0.8160573649510066,0.7989636788861378,0.8087316632377155,425496000
2007-09-07,0.7730187177658081,0.7881280574859422,0.7580613862209789,0.7800386026701709,602304000
2007-09-10,0.7751547694206238,0.8035420257463772,0.7687447754908794,0.7898062776846297,872112000
2007-09-11,0.7916378378868103,0.7975900074164349,0.7762995884564827,0.7845410497605,405424000
2007-09-12,0.7605031728744507,0.8039997548133436,0.7527195946845017,0.8001079111373683,554452000
2007-09-13,0.7607322931289673,0.77584162819677,0.7552380043536796,0.7749259224977247,452864000
2007-09-14,0.7382972240447998,0.754093352475838,0.7360079324423747,0.7531776467510714,487308000
2007-09-17,0.736694872379303,0.7472256267679399,0.7286823774625323,0.7394420446827832,374828000
2007-09-18,0.8012529611587524,0.8126994211162437,0.7433338137347181,0.7444784870209804,844740000
2007-09-19,0.7866015434265137,0.8241459230847105,0.7788179065938263,0.8085787585813942,521360000
2007-09-20,0.7820228934288025,0.7955297330480158,0.7733236053746652,0.7870593578271106,324172000
2007-09-21,0.7895774841308594,0.801252910759833,0.7820228155760023,0.7898064515223256,457532000
2007-09-24,0.8097233176231384,0.8218565703597779,0.7886618099487398,0.7943850670876188,456360000
2007-09-25,0.8200250267982483,0.8234589368646564,0.8026263999403358,0.8049156915116134,360748000
2007-09-26,0.8394841551780701,0.8413155668704397,0.8220855257764599,0.8241458502851197,518032000
2007-09-27,0.8420023322105408,0.8516173797318458,0.8330740776965448,0.8474966216879911,378280000
2007-09-28,0.8296399712562561,0.8500146801106089,0.8278085054757357,0.8470385959756467,404292000
2007-10-01,0.8646663427352905,0.8687871008031006,0.8358212545847109,0.8367369604061056,398200000
2007-10-02,0.8564247488975525,0.8642083836297059,0.8438336729908892,0.8626058304635166,284960000
2007-10-03,0.8200250267982483,0.841315443869231,0.806518190153406,0.841315443869231,467196000
2007-10-04,0.8236880898475647,0.8284955868563176,0.7955297371362154,0.8191095056732203,378976000
2007-10-05,0.8454362154006958,0.8500147986188238,0.8278086208879875,0.8367368745376422,344840000
2007-10-08,0.8591719269752502,0.8605455127960127,0.8413154204673687,0.8513883467656165,252484000
2007-10-09,0.8440626859664917,0.8630638130505417,0.831471553984088,0.8591720225129678,403008000
2007-10-10,0.8449783325195312,0.8497858285087455,0.8246036208903105,0.8497858285087455,389136000
2007-10-11,0.8074338436126709,0.8477254381569065,0.7982766779201663,0.8371946866943236,529104000
2007-10-12,0.8271217942237854,0.8271217942237854,0.8037709989309835,0.816362129557979,409952000
2007-10-15,0.8330742120742798,0.8438339345370212,0.8259774226287124,0.8298692139105417,355900000
2007-10-16,0.8406286835670471,0.8555091066484127,0.8291822252663883,0.8321583098826615,276360000
2007-10-17,0.9051867723464966,0.9077049767637012,0.8724498965987646,0.8733656023340193,717944000
2007-10-18,0.9045000076293945,0.9081628852657498,0.8795467117240572,0.9022107159292999,340620000
2007-10-19,0.8559670448303223,0.902897554334484,0.8557380774420766,0.9024396741390152,505768000
2007-10-22,0.8964873552322388,0.8983188211281415,0.8436046848973902,0.850472559199746,537656000
2007-10-23,0.9008370637893677,0.9081628185236992,0.8763416498566564,0.9081628185236992,294292000
2007-10-24,0.8703896999359131,0.881378280220973,0.8275798883970037,0.881378280220973,565500000
2007-10-25,0.7943849563598633,0.8516173014470493,0.7689737811684122,0.8436047534856769,806192000
2007-10-26,0.7875170111656189,0.8250614340493698,0.7760705540866736,0.8195670909866659,616580000
2007-10-29,0.7689740657806396,0.7726369446449405,0.7453943479066852,0.7605036891087777,813896000
2007-10-30,0.7971322536468506,0.8133862103355195,0.7623349391267594,0.77515498513489,525212000
2007-10-31,0.8099524974822998,0.8104103232416462,0.7769866412436203,0.8019399463023031,455188000
2007-11-01,0.8099524974822998,0.8262064581409267,0.7863727242826957,0.797361361222602,587236000
2007-11-02,0.8410868644714355,0.8470390358322468,0.8097235083903973,0.821169970783866,491844000
2007-11-05,0.8410868644714355,0.8612326710325631,0.828724641421659,0.8339900195807584,436636000
2007-11-06,0.867642343044281,0.8745102179070436,0.8452072524106458,0.849099097289127,554620000
2007-11-07,0.8264352083206177,0.8706186056805081,0.8195673320531421,0.8671846948372848,546768000
2007-11-08,0.7746970057487488,0.8333029343215785,0.7511172429878039,0.8184225121095289,996824000
2007-11-09,0.7637085318565369,0.7966743803294295,0.7474545750268653,0.7909511230375149,871056000
2007-11-12,0.68747478723526,0.768973617015721,0.68747478723526,0.7634793292161972,715732000
2007-11-13,0.7481414675712585,0.7488282607709629,0.6874751897726925,0.6986927392598126,726696000
2007-11-14,0.7364659309387207,0.7744681885618014,0.732574140047324,0.7671424870054772,666720000
2007-11-15,0.7266219258308411,0.738526265185013,0.7096811226158222,0.7316583896916883,496436000
2007-11-16,0.7428757548332214,0.7449361335043313,0.7266218019771681,0.7325739706396988,423592000
2007-11-19,0.6927403807640076,0.7360080131698659,0.6888485900711239,0.7323451352880272,568412000
2007-11-20,0.68747478723526,0.7069337891439555,0.6664132869925785,0.7057891162876766,622628000
2007-11-21,0.6801491379737854,0.696403145704457,0.6709919720447929,0.6730523507531205,648452000
2007-11-23,0.6918246150016785,0.6948006996115214,0.6762573989978062,0.6849567400361221,141976000
2007-11-26,0.6757997274398804,0.7055605827248758,0.6744261956876028,0.6913669482490346,385896000
2007-11-27,0.7048734426498413,0.7069338211357811,0.6801490645615899,0.6854144398605413,458856000
2007-11-28,0.7520330548286438,0.762105927319239,0.723645794290122,0.7270797591056767,574548000
2007-11-29,0.7582138776779175,0.7806489612528058,0.7476831286187658,0.750888124963464,489084000
2007-11-30,0.7220433950424194,0.7829386277063616,0.7197541030436709,0.7829386277063616,652656000
2007-12-03,0.732573926448822,0.7460807615096393,0.7213563826908037,0.732573926448822,490688000
2007-12-04,0.7318868637084961,0.7382968551601741,0.7176932410327936,0.7357786520300135,371712000
2007-12-05,0.7698895335197449,0.7840831642571544,0.7504305808598505,0.759816660696916,666704000
2007-12-06,0.7854569554328918,0.7879751606512364,0.761190445532917,0.7680583226037947,371152000
2007-12-07,0.7756128311157227,0.7895774952070713,0.7676002822465559,0.7886617893714298,320292000
2007-12-10,0.7840829491615295,0.7932401136849508,0.7758414901742491,0.7781307813051045,336360000
2007-12-11,0.7849987149238586,0.8154463493393257,0.7831673037110684,0.8007948413129629,582436000
2007-12-12,0.8120125532150269,0.8262061840864564,0.7962164235553584,0.8181936355642403,617504000
2007-12-13,0.7898063063621521,0.8074338448900084,0.76645551197692,0.8021684691503873,500364000
2007-12-14,0.8028551340103149,0.8115544727933359,0.780877928901899,0.7861433038018844,354016000
2007-12-17,0.7618768811225891,0.8019395058570995,0.7600454153479718,0.7943848391667003,507408000
2007-12-18,0.7813360691070557,0.7898064433975739,0.7657688519555722,0.7735524332408027,396896000
2007-12-19,0.7886617183685303,0.7959874735561752,0.77538384849457,0.7785888459212826,253536000
2007-12-20,0.805144727230072,0.8069761935153462,0.7845410999426554,0.8012529364227736,279940000
2007-12-21,0.804915726184845,0.8218564736258495,0.7975899710087798,0.8147596858234868,433408000
2007-12-24,0.8191092610359192,0.8230010509636769,0.8049156325021463,0.8108678010673095,104008000
2007-12-26,0.8300979733467102,0.8300979733467102,0.812699344926228,0.8207118934358141,215340000
2007-12-27,0.8044576048851013,0.833302736776748,0.8023972812064856,0.8287241002283736,241368000
2007-12-28,0.796445369720459,0.8126993245545586,0.7895774399809578,0.8030842775002769,262064000
2007-12-31,0.7788177728652954,0.8044578619069093,0.7785888600680906,0.790035318643629,276236000
2008-01-02,0.7556958794593811,0.7840830834267692,0.7453940403159574,0.7811069989889364,483964000
2008-01-03,0.7497437000274658,0.7751548191992373,0.746996528406295,0.7600454844448272,475308000
2008-01-04,0.6867880821228027,0.730971466641942,0.6822094992751317,0.7273085894476026,736092000
2008-01-07,0.6158201098442078,0.6970900526286787,0.6032289773418328,0.691366795696411,1006800000
2008-01-08,0.6288691759109497,0.6705343166869159,0.6048315799991528,0.6192541266300244,1106956000
2008-01-09,0.661376953125,0.66160592048933,0.6279532851965125,0.6373393642845613,741036000
2008-01-10,0.6476413011550903,0.6579431420891262,0.6348212554825006,0.6432916301312952,554432000
2008-01-11,0.619253933429718,0.6455808133774684,0.6146753503588932,0.6323029443044828,572612000
2008-01-14,0.66046142578125,0.6613771317428245,0.618338405738509,0.6284112804778913,539188000
2008-01-15,0.611928403377533,0.642833874987649,0.6011686810470407,0.6352792053625324,725692000
2008-01-16,0.5427916049957275,0.5805649462750069,0.5302004730422941,0.5734681582029384,1464472000
2008-01-17,0.5334054231643677,0.5659133850546288,0.5320318373161425,0.5512619300292637,1133900000
2008-01-18,0.5686604380607605,0.5716365219170775,0.515548863275571,0.5350078101272538,920428000
2008-01-22,0.5402735471725464,0.5535514770587576,0.5111995364845558,0.5144045352222478,709092000
2008-01-23,0.5501174330711365,0.5663713903164683,0.5132597927128383,0.5182962024942508,929880000
2008-01-24,0.5922403931617737,0.59246936057329,0.5556117203942685,0.5608770975627002,597092000
2008-01-25,0.5711787939071655,0.6286401079863844,0.5684316766338733,0.6149043578768657,688012000
2008-01-28,0.5643110871315002,0.5748418429386349,0.552177832125154,0.5691186393101703,577608000
2008-01-29,0.5817096829414368,0.5839990297440564,0.5595035538501396,0.5743839805809754,414484000
2008-01-30,0.5766730308532715,0.5853723158130145,0.5601901119410111,0.5723233610828955,530476000
2008-01-31,0.5629373788833618,0.5734681313888896,0.5455386968472564,0.5640819974177792,588708000
2008-02-01,0.6149043440818787,0.6181093414526605,0.5569852057136663,0.561792701769839,593104000
2008-02-04,0.5956743955612183,0.6316163320720032,0.5924693974109915,0.6281823664960235,565128000
2008-02-05,0.5583587288856506,0.583998871221012,0.5581298160999384,0.5837699038542827,494928000
2008-02-06,0.556527316570282,0.5798781126880489,0.5462254770950558,0.5643108970825319,557380000
2008-02-07,0.5620214343070984,0.577817557886834,0.5288266889761903,0.5405021107695168,664128000
2008-02-08,0.5720946192741394,0.5764442357631808,0.5494306126429818,0.556756314118803,393932000
2008-02-11,0.5739258527755737,0.5862880691052683,0.5700340631354691,0.5769019368381846,503732000
2008-02-12,0.5952162742614746,0.6034577337254647,0.5794201481705774,0.5826251996039691,609688000
2008-02-13,0.6185671091079712,0.6203985749919317,0.593384903496869,0.599794897638199,742312000
2008-02-14,0.5176092386245728,0.6009395403255885,0.5162357075071522,0.6004816602324416,2184296000
2008-02-15,0.5098258852958679,0.529513810158694,0.5015844220299135,0.5155491433848208,817364000
2008-02-19,0.5022710561752319,0.5201275633619725,0.4979213857711259,0.519211803059306,558608000
2008-02-20,0.49860817193984985,0.5059339267756445,0.4855592154856662,0.48761959426717405,759016000
2008-02-21,0.4873906970024109,0.5061629123558881,0.48441461208365144,0.5036447076481009,644272000
2008-02-22,0.5109705924987793,0.5118862985708101,0.48761978746628515,0.49128261175440846,723052000
2008-02-25,0.5107415914535522,0.5164648495441428,0.4972347503910686,0.5105126785958596,671784000
2008-02-26,0.515091061592102,0.5228746415169402,0.49998172727858525,0.5077653072034234,565420000
2008-02-27,0.5231038331985474,0.5272245376962058,0.5093680241839347,0.5125730772165982,537816000
2008-02-28,0.5034157037734985,0.5194408004430008,0.5034157037734985,0.5185250946684344,503608000
2008-02-29,0.48967990279197693,0.5018131531485293,0.4876195786574407,0.49517424603344556,540576000
2008-03-03,0.483956903219223,0.4924272798081985,0.4775468516241623,0.4889933138499451,449028000
2008-03-04,0.47914910316467285,0.4816673617591687,0.4603768929869291,0.48075160158971075,778888000
2008-03-05,0.48464351892471313,0.49608997695857376,0.47869134983090217,0.4837277586171905,644656000
2008-03-06,0.4541958272457123,0.4818962906455515,0.4535090343861286,0.4786912936881682,1075284000
2008-03-07,0.44755685329437256,0.465184416856579,0.4349657247682952,0.44595432766835164,767500000
2008-03-10,0.4219168722629547,0.4475569609613892,0.4212300792995128,0.4420626445443634,776100000
2008-03-11,0.4358815848827362,0.44023122839083045,0.41756722317412587,0.43496585178752467,857940000
2008-03-12,0.4239772856235504,0.4438941480121079,0.42031440747862836,0.4400023570396992,743320000
2008-03-13,0.4509909749031067,0.45740099816381696,0.4148201274112049,0.4173383323164922,1220528000
2008-03-14,0.41939863562583923,0.4537380377847684,0.41619361093048113,0.45328018491129135,1154972000
2008-03-17,0.40886786580085754,0.4230614953122604,0.39627673492414295,0.40108425811871595,800952000
2008-03-18,0.4342791438102722,0.4349659369435109,0.4065786966636037,0.41848301090784773,1075256000
2008-03-19,0.4042893648147583,0.4301583701692053,0.4042893648147583,0.4242062272753281,880476000
2008-03-20,0.4239772856235504,0.42489299151452414,0.401771131217045,0.4090968602163756,633460000
2008-03-24,0.4585455656051636,0.4610637700788299,0.4317608311170533,0.43336332983493364,887440000
2008-03-25,0.46518439054489136,0.47388367452865643,0.4562561392539989,0.46060580853638283,735388000
2008-03-26,0.4503040909767151,0.46220842918375715,0.445267654891702,0.45900343184525116,721652000
2008-03-27,0.4438939690589905,0.4560272173207728,0.4365682157224787,0.44343611629808416,601308000
2008-03-28,0.4505331218242645,0.4622085223063313,0.44732809654952355,0.4519066806929985,561788000
2008-03-31,0.45305123925209045,0.46381093174414745,0.4473280101778086,0.45534053088180315,569992000
2008-04-01,0.48075175285339355,0.4818964261348714,0.45991921219214343,0.4665581753140467,676872000
2008-04-02,0.46610027551651,0.4821253187172212,0.46243739758299984,0.4821253187172212,616536000
2008-04-03,0.45740076899528503,0.4628950835904763,0.4438939361612943,0.46220829085476484,841984000
2008-04-04,0.4299294054508209,0.4505330584906154,0.42878475957586065,0.44824373945018464,1535528000
2008-04-07,0.4402312636375427,0.44687022676995286,0.43679732565921403,0.44046020375230327,729496000
2008-04-08,0.43771296739578247,0.4519065974587166,0.4349658228737823,0.4349658228737823,639476000
2008-04-09,0.4464123547077179,0.4509909384826874,0.4386287459159625,0.4427494767715375,675232000
2008-04-10,0.4551115930080414,0.4695341622288911,0.4416047567629082,0.451219775619634,1092184000
2008-04-11,0.42420610785484314,0.44915940029027335,0.4214589363643327,0.44641225609026886,1106280000
2008-04-14,0.41001251339912415,0.4235193500439665,0.4074942817545156,0.42260361704115057,780004000
2008-04-15,0.41481998562812805,0.41642248407295235,0.40314458913347057,0.41207281424785225,439916000
2008-04-16,0.43130290508270264,0.43679722090466655,0.42306147228551666,0.4306161394841504,646836000
2008-04-17,0.42535072565078735,0.42695322405482106,0.41115709818233576,0.4113860382216995,596968000
2008-04-18,0.4354235529899597,0.4422914532945075,0.42947141275208706,0.4383996367541467,573540000
2008-04-21,0.45488277077674866,0.4578588559603805,0.43198982252062673,0.43198982252062673,679892000
2008-04-22,0.4464123547077179,0.45144879140208194,0.43679730694787233,0.44664126752215916,587668000
2008-04-23,0.4679315984249115,0.4729680614506858,0.4466411824675687,0.45259335115775284,1020496000
2008-04-24,0.4567139446735382,0.4729679200357601,0.449846072372402,0.4706786292687147,655764000
2008-04-25,0.46129265427589417,0.46243727261898093,0.44664114650111747,0.46106368694246946,552208000
2008-04-28,0.45305123925209045,0.4661002233738602,0.4512198004902185,0.45923234848472194,535700000
2008-04-29,0.46243736147880554,0.4681606180370214,0.44801481826608436,0.44801481826608436,573408000
2008-04-30,0.47044995427131653,0.4754863637549729,0.464726697171405,0.4679316949484636,1068320000
2008-05-01,0.49219828844070435,0.49334290719021673,0.4738838972192499,0.47617318929930313,1014624000
2008-05-02,0.5155489444732666,0.5155489444732666,0.4981503186426357,0.5057049858398966,1131016000
2008-05-05,0.5027289986610413,0.514404370867015,0.5015843254312862,0.5121150789885286,943392000
2008-05-06,0.5157780647277832,0.516922683615784,0.49357187974159583,0.5013555174203487,729036000
2008-05-07,0.5038737058639526,0.5240195106838079,0.4995240341560805,0.5171516338413413,715632000
2008-05-08,0.5024999380111694,0.50936781237207,0.48098060926321723,0.5077653138126278,1360000000
2008-05-09,0.5157780647277832,0.5363816959411133,0.5029580166121708,0.5038737226387785,2030352000
2008-05-12,0.5011262893676758,0.5224167572551682,0.49608988154999517,0.5224167572551682,1006652000
2008-05-13,0.4908245801925659,0.5036446235683116,0.48716170285935073,0.5036446235683116,854108000
2008-05-14,0.5052472352981567,0.518296194372469,0.4908246900937006,0.4970057730983208,751148000
2008-05-15,0.5443938374519348,0.5466831280889171,0.5018129661068711,0.5041022567438533,1165464000
2008-05-16,0.5588165521621704,0.5599612251362616,0.5409600467496323,0.5535511765595768,1091556000
2008-05-19,0.5471411943435669,0.5794201869413196,0.543249349812677,0.5590454769605404,1158532000
2008-05-20,0.5329475998878479,0.5384418887232951,0.5267665181253428,0.5322608069607899,771404000
2008-05-21,0.528597891330719,0.5549247696946942,0.5274532183413664,0.5343211471154575,1066660000
2008-05-22,0.5414180159568787,0.5457676866446337,0.5276822654933561,0.5361526394877596,693108000
2008-05-23,0.5290558338165283,0.5448519626972228,0.5212721984818985,0.5405022921544912,802672000
2008-05-27,0.5347789525985718,0.5354657454502344,0.5198985317808993,0.5299714572179438,832856000
2008-05-28,0.5398153066635132,0.550803880916323,0.5336342268236827,0.5494303500704713,751736000
2008-05-29,0.5384419560432434,0.5409601607032893,0.528597995632671,0.5400444548797293,693460000
2008-05-30,0.5654556751251221,0.5672870869099254,0.5521777486517037,0.5537802476086633,830244000
2008-06-02,0.5677450895309448,0.5720947616837607,0.5592747126835405,0.5654557970159426,734660000
2008-06-03,0.5485148429870605,0.5704921107884622,0.5418759346643922,0.5695763503609689,840696000
2008-06-04,0.5549248456954956,0.5560694642605994,0.533405459945143,0.5363815446278405,831724000
2008-06-05,0.5688893795013428,0.5803358900377178,0.5624793859987398,0.5741547546989126,827860000
2008-06-06,0.5508039593696594,0.5627082953232877,0.5475989626378386,0.5620215025120394,784876000
2008-06-09,0.5423336625099182,0.5551537057919983,0.5313450851715722,0.5475990384040049,637916000
2008-06-10,0.5102835893630981,0.5283690088145732,0.5068496247794568,0.5276822158978449,1225208000
2008-06-11,0.48647478222846985,0.5226456113487475,0.4857879894974898,0.5102834513531086,999428000
2008-06-12,0.4894510805606842,0.5070786228386053,0.4853303223672848,0.497463629549389,825992000
2008-06-13,0.48784852027893066,0.495861013678165,0.4734259775792912,0.4901378119045716,705748000
2008-06-16,0.4812096357345581,0.4871618058365875,0.47731784480192957,0.482583221847492,630496000
2008-06-17,0.46953433752059937,0.4883065021091692,0.46838966405098476,0.48807758924766037,687912000
2008-06-18,0.45579835772514343,0.4807516226540103,0.44824366348215783,0.46472658312047965,1065272000
2008-06-19,0.45465368032455444,0.4647265785932353,0.4436650764362232,0.45831658467467207,784928000
2008-06-20,0.45236459374427795,0.4574010588035883,0.4443520704287614,0.4445810105825547,741008000
2008-06-23,0.4429784119129181,0.4562563382781763,0.43908662096614287,0.4557984853357051,776616000
2008-06-24,0.4576297700405121,0.4681605485364631,0.4404600847863117,0.4404600847863117,1078928000
2008-06-25,0.46014800667762756,0.46816055384426974,0.45282227967754723,0.46472658946399104,900976000
2008-06-26,0.4365682303905487,0.44984615193646993,0.4365682303905487,0.44641221517854307,845532000
2008-06-27,0.44137582182884216,0.4438940534282114,0.42832686556508265,0.43839973738154425,584140000
2008-06-30,0.4285557270050049,0.4402311233263255,0.4255796429142266,0.43633933364938676,653940000
2008-07-01,0.4292425215244293,0.4297003743193064,0.41573568668727606,0.4235192933622045,881464000
2008-07-02,0.4127596914768219,0.42992940695167403,0.41207289849134615,0.42718226230028145,763196000
2008-07-03,0.2859327495098114,0.3005842304168139,0.2838723982261027,0.29715029341696253,2987520000
2008-07-07,0.2770046293735504,0.29211396882439633,0.26922101951169936,0.29028252960451867,2202692000
2008-07-08,0.2754019796848297,0.28570381727254757,0.27013660451926386,0.27883594374107135,1805288000
2008-07-09,0.2705945372581482,0.2802095566156715,0.2705945372581482,0.27608882623658754,1413168000
2008-07-10,0.2699076533317566,0.27517302774735275,0.26487119162696915,0.27196800418153355,1056992000
2008-07-11,0.2671605348587036,0.27379946803414085,0.25914798883691403,0.26441336374700336,807760000
2008-07-14,0.2550274133682251,0.2712814006628467,0.2531959739519902,0.26922104837615657,882316000
2008-07-15,0.2577744722366333,0.2630398479977853,0.24495442927822036,0.25273800924478823,1122484000
2008-07-16,0.2591480016708374,0.26601587520920505,0.25159333532053224,0.2586901488930469,1034392000
2008-07-17,0.2600637674331665,0.2632687645738595,0.24999086859433273,0.2632687645738595,862080000
2008-07-18,0.2646424472332001,0.26624494639007623,0.25090666610000106,0.25823242331517837,899720000
2008-07-21,0.26624488830566406,0.27265491082526494,0.26395559649798594,0.2687631202103144,571636000
2008-07-22,0.26052165031433105,0.26487129369126505,0.25548521395932583,0.2637266478246498,555924000
2008-07-23,0.2683051526546478,0.2710522961918492,0.2612083401672532,0.2623529855819621,594876000
2008-07-24,0.25250914692878723,0.2680763372628762,0.2518223539026266,0.2655581052637912,705628000
2008-07-25,0.2646424472332001,0.2655581532398388,0.24976201994644423,0.2550273977109091,1039600000
2008-07-28,0.26395556330680847,0.2726548765401895,0.2600637731812323,0.2612084189411375,734808000
2008-07-29,0.26670271158218384,0.2733416734612618,0.2614373355513311,0.26441342002881374,764636000
2008-07-30,0.2628108263015747,0.27242586917893635,0.2568586595003983,0.2719679892015396,588492000
2008-07-31,0.2618952691555023,0.26761849920721936,0.2591480968982673,0.26212418198326287,487236000
2008-08-01,0.2481594681739807,0.25594307674217104,0.2449544705397625,0.2550273436391722,881060000
2008-08-04,0.24220716953277588,0.24953292129336083,0.24152037689390896,0.24815933601562698,522052000
2008-08-05,0.25617194175720215,0.25617194175720215,0.24403869190757366,0.2467858361230258,685844000
2008-08-06,0.2630399465560913,0.2653292388499741,0.24861737235600972,0.2568588355301944,814864000
2008-08-07,0.2589190900325775,0.2724259244233331,0.2559430060284786,0.26075052844206176,819232000
2008-08-08,0.251822292804718,0.26326874949518025,0.2509065598951778,0.26097945815708784,853764000
2008-08-11,0.25708770751953125,0.263268789616251,0.2527380369399806,0.25365376998907474,1196436000
2008-08-12,0.25342485308647156,0.2598348758544557,0.24976197513604864,0.25914808282743734,1410868000
2008-08-13,0.28066736459732056,0.28478809431741037,0.2669316170573575,0.2735705780759756,2095260000
2008-08-14,0.2976081371307373,0.3088256806950853,0.2786070141874576,0.2786070141874576,1635304000
2008-08-15,0.29669252038002014,0.3063075683972026,0.29463214125183274,0.30287360318355694,777652000
2008-08-18,0.30264467000961304,0.30539181470526666,0.2955478545295396,0.2987528521260503,893968000
2008-08-19,0.3072231411933899,0.3090545794172485,0.2964634518621583,0.2964634518621583,1014140000
2008-08-20,0.3223324716091156,0.3232481770734707,0.30951243136513945,0.311801722316528,1143692000
2008-08-21,0.3118017911911011,0.3191275456861469,0.3053917696531895,0.31660931416716154,1021560000
2008-08-22,0.3115728497505188,0.31775395848967636,0.30493391547058024,0.31409108125836127,459264000
2008-08-25,0.30699422955513,0.31706712707208035,0.3060785240038179,0.3097414007900732,471600000
2008-08-26,0.29966849088668823,0.3088256551833227,0.2964634670085648,0.30859674245020824,613112000
2008-08-27,0.3019578754901886,0.3056207532595941,0.2900535363848761,0.2928007083571856,454620000
2008-08-28,0.300813227891922,0.30562075152567775,0.29783714313247844,0.3024157266730037,365192000
2008-08-29,0.28936681151390076,0.29760824672221864,0.28845107829707795,0.2966925407959104,516004000
2008-09-02,0.28204095363616943,0.29669243422809427,0.27814916391146455,0.2941742028994886,693928000
2008-09-03,0.26693156361579895,0.2792937503010725,0.264413332821438,0.27814910490190825,714856000
2008-09-04,0.2632688581943512,0.2667027966193038,0.2616663590541433,0.26395565133744503,716128000
2008-09-05,0.2671605348587036,0.2678473003461265,0.2607505144155733,0.2609794271478802,791100000
2008-09-08,0.25617194175720215,0.2696787773598098,0.2518222990236118,0.2696787773598098,1314840000
2008-09-09,0.24747268855571747,0.270823488232875,0.24655698269369714,0.2552562975449409,1098296000
2008-09-10,0.24770168960094452,0.2554853005049315,0.24609919030293878,0.2504488351533143,644284000
2008-09-11,0.23579727113246918,0.24083373486952278,0.2280136763689666,0.23350797935763049,1066976000
2008-09-12,0.2332790344953537,0.23533938589335404,0.22000112492269006,0.23373688732929745,1209200000
2008-09-15,0.21290433406829834,0.22847153682593938,0.210157175824507,0.22503758560988646,863984000
2008-09-16,0.2195432484149933,0.22114576055110227,0.2014578303310289,0.2053496338227912,1240840000
2008-09-17,0.22892935574054718,0.23396579130560902,0.21244643601415447,0.21450680097995356,1392580000
2008-09-18,0.24930408596992493,0.2614373367148883,0.2312186662435054,0.23167651909811554,1611060000
2008-09-19,0.2612084746360779,0.26326882652701294,0.2495330744794099,0.2612084746360779,1107344000
2008-09-22,0.2557140588760376,0.2667026617365924,0.25434047328452963,0.25914799556430457,700072000
2008-09-23,0.24838849902153015,0.2630399884078592,0.24747276558396641,0.25365387759332775,821468000
2008-09-24,0.257545530796051,0.26258196647038784,0.24380978225303807,0.2451833407330355,866036000
2008-09-25,0.26258203387260437,0.2687631441359954,0.25319592570935495,0.2575455969054639,588328000
2008-09-26,0.2676185071468353,0.269449946275822,0.25136452240153573,0.2561720194132971,646852000
2008-09-29,0.23121868073940277,0.26372664481238095,0.22892938903232035,0.2605216473386695,975240000
2008-09-30,0.2451833188533783,0.24747261007292212,0.23236327710773122,0.23488150836543104,659044000
2008-10-01,0.23831558227539062,0.24587025310348093,0.23396591008199571,0.24152058091008605,557208000
2008-10-02,0.21359114348888397,0.23991801387098166,0.2124464838985479,0.23991801387098166,787728000
2008-10-03,0.20672321319580078,0.22320613337006548,0.20534964106302983,0.2170250383047162,915828000
2008-10-06,0.17970958352088928,0.19733713855161933,0.16734739143810032,0.1968792856501481,1677440000
2008-10-07,0.16574494540691376,0.186577533676642,0.16437137250685,0.18611968059170772,1059984000
2008-10-08,0.1691788136959076,0.17902277291669355,0.15819019504350887,0.15979270733156342,1219456000
2008-10-09,0.15841911733150482,0.17787812248155607,0.15658769230834707,0.17535989090117682,909636000
2008-10-10,0.15590089559555054,0.16780521935949305,0.1437676454149512,0.14468336472683194,1200252000
2008-10-13,0.1842881590127945,0.18451708545346338,0.16711845763855068,0.16917882289508032,916536000
2008-10-14,0.18016742169857025,0.1923006726938046,0.17513097196770222,0.19115602688841474,1209012000
2008-10-15,0.1607084572315216,0.17993852647122804,0.1607084572315216,0.1790228069390625,854064000
2008-10-16,0.17627567052841187,0.1771913901758288,0.1579613185158484,0.16551598855046512,1019820000
2008-10-17,0.17513097822666168,0.18520387804839045,0.16803417670866466,0.1712391878073502,839416000
2008-10-20,0.1785649061203003,0.18245670997464924,0.17421524941026514,0.1810831377623366,595764000
2008-10-21,0.16482912003993988,0.17696236811434188,0.16391340088701786,0.17513092980849784,659116000
2008-10-22,0.15864810347557068,0.16940778489825595,0.15429844560875142,0.1625398947196808,600996000
2008-10-23,0.14971984922885895,0.16208204349697627,0.14330982560359617,0.15819023856547462,832192000
2008-10-24,0.15132233500480652,0.15910592983616564,0.13667085114380248,0.1373576441403436,798336000
2008-10-27,0.1595637947320938,0.16894988826463878,0.1455990903667963,0.1504066140023546,698936000
2008-10-28,0.18360140919685364,0.18383033569132645,0.16505813117516743,0.16803421653908837,849920000
2008-10-29,0.18955346941947937,0.20145779028996597,0.1815409376219835,0.1824566567112902,977284000
2008-10-30,0.1975659877061844,0.2014577904270739,0.185432740466426,0.20031314497597408,657176000
2008-10-31,0.200542151927948,0.20443395621281615,0.19092711808761695,0.19138498463920733,608672000
2008-11-03,0.19321641325950623,0.20855469056646847,0.19001140192383206,0.2048918126712661,723924000
2008-11-04,0.20557861030101776,0.20557861030101776,0.19459000365934312,0.19985538051790724,619560000
2008-11-05,0.1948188990354538,0.2037471388015281,0.1948188990354538,0.19802390993164123,787620000
2008-11-06,0.17444416880607605,0.19024028148845562,0.1739863023594078,0.18337240759570383,797936000
2008-11-07,0.19962643086910248,0.207638965827749,0.18543281349822793,0.19871071141852098,1132068000
2008-11-10,0.18680641055107117,0.20832578637189592,0.1824567528196376,0.20718112667338018,576396000
2008-11-11,0.1785649061203003,0.18543279447237174,0.17673348105230144,0.18405922226005908,576484000
2008-11-12,0.16803418099880219,0.17719134800298142,0.16597381569381084,0.1730706173929987,646092000
2008-11-13,0.1817699521780014,0.1819988786329057,0.15704556756219926,0.1602505788666267,797228000
2008-11-14,0.16414238512516022,0.17535991800089118,0.16345559210705707,0.17444421217042813,741024000
2008-11-17,0.1607084572315216,0.16688954019443983,0.15910594463891772,0.162539882650596,388224000
2008-11-18,0.15544308722019196,0.16482919579490402,0.15017770990487825,0.16391347622112024,564488000
2008-11-19,0.14262299239635468,0.15796125256190705,0.14193619953623562,0.15406944909665374,500220000
2008-11-20,0.1350683867931366,0.14857522956602834,0.1334658874242906,0.14147841155904112,847036000
2008-11-21,0.14605696499347687,0.14605696499347687,0.131634406933665,0.1394180157606614,599064000
2008-11-24,0.15567196905612946,0.15750340767844662,0.1465147895897971,0.1549851761614472,600308000
2008-11-25,0.16002166271209717,0.1629977477531868,0.15544307873827104,0.16253988116865023,528256000
2008-11-26,0.17421524226665497,0.17467310874882067,0.15635876330302434,0.15727446897684866,600792000
2008-11-28,0.17101028561592102,0.17398637093386632,0.16872099341604244,0.17146815224305145,175248000
2008-12-01,0.15635882318019867,0.16574491909330535,0.15612988302881706,0.1641424199051867,547112000
2008-12-02,0.16505806148052216,0.16711842635131868,0.15727445479295654,0.15933481966375304,479988000
2008-12-03,0.1735285073518753,0.17375743382882744,0.15727450916416086,0.15864809531638777,584632000
2008-12-04,0.1620820313692093,0.17856494218144287,0.15819022672891142,0.17009455347862293,466292000
2008-12-05,0.16849201917648315,0.16917881209992097,0.1542984033723822,0.1570455477756255,438484000
2008-12-08,0.16299769282341003,0.17513094172328023,0.15910588957003094,0.17169700490013795,707992000
2008-12-09,0.178793802857399,0.185203823154871,0.15910587557502023,0.1609373138443696,829760000
2008-12-10,0.19573462009429932,0.2003132032302231,0.17925169897256713,0.18222778346901924,961124000
2008-12-11,0.1874931901693344,0.20145788193189967,0.18520389822730812,0.19459000610582086,582700000
2008-12-12,0.19687925279140472,0.19802389849929927,0.1783359677620575,0.1819988449435226,679268000
2008-12-15,0.19046922028064728,0.19916853261230372,0.18428812563070643,0.19802388697104642,476996000
2008-12-16,0.20328930020332336,0.20374715308691432,0.19046925571971793,0.1923006808993366,521940000
2008-12-17,0.21336223185062408,0.21633831716300636,0.19687931985515403,0.19962646503177012,674180000
2008-12-18,0.1936742514371872,0.21267539020958842,0.19115601984195396,0.21198859729356956,550808000
2008-12-19,0.19504782557487488,0.2037471389202746,0.1943610326519866,0.19619247134951937,593120000
2008-12-22,0.18360140919685364,0.19848182237120038,0.17650460599664755,0.19802396938225472,522464000
2008-12-23,0.18108314275741577,0.18863781060140786,0.17833598461175754,0.18474600663970564,377452000
2008-12-24,0.17673349380493164,0.1817699438071673,0.17307061611412203,0.17742027313801711,146616000
2008-12-26,0.17192600667476654,0.1790228234704435,0.16711849574353163,0.17673353125125943,226156000
2008-12-29,0.1774202287197113,0.1774202287197113,0.16299768894737637,0.1742152183652756,460168000
2008-12-30,0.18360140919685364,0.18634856806630176,0.17558888637349818,0.17970961785504136,409860000
2008-12-31,0.18474595248699188,0.18932454805434484,0.17810700597089316,0.181312016045415,441580000
2009-01-02,0.19939745962619781,0.20077103167089047,0.1840591997989145,0.1847459789986346,497124000
2009-01-05,0.2030603289604187,0.20763891136717724,0.1957345889224539,0.1971081609154311,705736000
2009-01-06,0.20992827415466309,0.21588044422930003,0.20443397066398253,0.2090125546320069,657904000
2009-01-07,0.1973371058702469,0.20512071306824367,0.19024029155597136,0.20512071306824367,870096000
2009-01-08,0.19230066239833832,0.19481889395157748,0.1803963384724693,0.19481889395157748,1014496000
2009-01-09,0.18154099583625793,0.1923006747067017,0.18108314296741118,0.1923006747067017,761352000
2009-01-12,0.17421524226665497,0.18245670249310206,0.17169702437313106,0.1815409831740242,645532000
2009-01-13,0.17513097822666168,0.18176994050949624,0.16505809205018776,0.1682631031488733,1824424000
2009-01-14,0.16734732687473297,0.17101018960912,0.16482910959767003,0.1689498250568866,974908000
2009-01-15,0.17329947650432587,0.17604661986378287,0.16482909279637728,0.16826302881832295,998204000
2009-01-16,0.1829145848751068,0.18451708358885,0.17238383225820686,0.17810706144336783,831324000
2009-01-20,0.16505806148052216,0.18314347887681806,0.1636844758031563,0.1824566860381351,705788000
2009-01-21,0.17307065427303314,0.17421530039247088,0.1620820460683275,0.1682631433004462,648472000
2009-01-22,0.16986554861068726,0.17444414420541976,0.16368445479173627,0.16757625763594627,547656000
2009-01-23,0.17650458216667175,0.18176995905495585,0.1648291824270206,0.16505810889058595,633616000
2009-01-26,0.18245671689510345,0.18772209316147706,0.1744441960999073,0.17742026706525596,581748000
2009-01-27,0.19321641325950623,0.19458999929283505,0.18474602518342054,0.18543281820008492,725300000
2009-01-28,0.20122893154621124,0.20443394261311237,0.19367426357746248,0.20008428571126474,723752000
2009-01-29,0.18955346941947937,0.19687920848868268,0.1886377503301727,0.19458991758804103,413128000
2009-01-30,0.18199892342090607,0.19321645892429043,0.17970963101798107,0.18818002109595905,506760000
2009-02-02,0.19184279441833496,0.1939031593241725,0.17833595932953894,0.17925167858160593,577992000
2009-02-03,0.19413210451602936,0.19573461677356777,0.1870352898595451,0.19230066583462946,396948000
2009-02-04,0.19962643086910248,0.20947040472891199,0.19458999435878746,0.19458999435878746,779232000
2009-02-05,0.21427786350250244,0.2165671547584081,0.19230064288435414,0.19436100774371967,919192000
2009-02-06,0.22595328092575073,0.2273268530785225,0.2113017991453402,0.21496467641306957,1157880000
2009-02-09,0.2229771912097931,0.2282425669219444,0.21679610984792258,0.22503755621216764,716128000
2009-02-10,0.21336223185062408,0.22572442608117,0.20924150044044212,0.2227483407687877,1129664000
2009-02-11,0.1865774244070053,0.20351819695233345,0.17993847669201263,0.19642138277529647,1983400000
2009-02-12,0.19046922028064728,0.1916138659219046,0.1799384694648782,0.1824566871465938,1024020000
2009-02-13,0.19024035334587097,0.19252965915342188,0.1847460494273155,0.1861196356408976,764304000
2009-02-17,0.17925171554088593,0.18749317686351408,0.17856492254891512,0.18314351975329485,779576000
2009-02-18,0.18405921757221222,0.1900113727708063,0.1790227680616682,0.17925169448368072,646252000
2009-02-19,0.16986554861068726,0.1893245491864867,0.16986554861068726,0.1877220373170177,743988000
2009-02-20,0.17421524226665497,0.1769624002238885,0.16597379568546142,0.1675762942599075,770056000
2009-02-23,0.16620273888111115,0.17810706394028802,0.16505809302803193,0.17719134452877366,679548000
2009-02-24,0.18108314275741577,0.18131206919157367,0.1668895128060632,0.16711845288547555,659524000
2009-02-25,0.1831434816122055,0.1886377834679737,0.17444416920346817,0.18062525026292456,702360000
2009-02-26,0.1890956461429596,0.1955056675835598,0.18680635472063856,0.18955351261457573,1117556000
2009-02-27,0.18955346941947937,0.1939031248597485,0.1829145230785686,0.18428809488990355,755444000
2009-03-02,0.1735285073518753,0.18886677234126714,0.17284171427576187,0.18497498129730966,700064000
2009-03-03,0.18039636313915253,0.18726425218813836,0.17101025583784996,0.17673349898621407,1041372000
2009-03-04,0.1936742514371872,0.19916855382957652,0.1836013523467619,0.18520386460238794,1108668000
2009-03-05,0.1890956461429596,0.1987106783038599,0.18817994049023376,0.19092708473891773,955252000
2009-03-06,0.19207170605659485,0.19893959309657608,0.18657740461176076,0.1890956221274447,974756000
2009-03-09,0.19001144170761108,0.20512079572096872,0.1895535886974754,0.19069823486807327,682768000
2009-03-10,0.20718109607696533,0.21084397382266598,0.19504784424615632,0.19687928311900665,1254800000
2009-03-11,0.21290433406829834,0.27128131370762865,0.20374715356758213,0.2071810911383801,864916000
2009-03-12,0.22549548745155334,0.22778477952391316,0.2094704292997777,0.2122175743285066,1604604000
2009-03-13,0.22435082495212555,0.22755583634729146,0.21862758154595038,0.22229045950914347,1195156000
2009-03-16,0.21565145254135132,0.22686899695462767,0.2138200275792833,0.22664007054002583,699344000
2009-03-17,0.22641116380691528,0.22686901667591924,0.21359111973175074,0.21633826423628344,1005384000
2009-03-18,0.2335079163312912,0.2401468770607017,0.22274823970655055,0.22297716609319362,1359560000
2009-03-19,0.2307608723640442,0.2351105165302336,0.2291583733181068,0.2351105165302336,822648000
2009-03-20,0.21816977858543396,0.23442377939017375,0.2122176073547885,0.2341948392311034,1093672000
2009-03-23,0.23396579921245575,0.23442367933516742,0.22000112408716524,0.22503755982243284,816048000
2009-03-24,0.22389286756515503,0.23030290140060428,0.2227482220772803,0.2282425231481291,1114868000
2009-03-25,0.2275557965040207,0.2380865346912093,0.21885646968725042,0.23076080733801385,1243852000
2009-03-26,0.24174948036670685,0.24220733333876743,0.22870050691988977,0.23121872555673806,1333664000
2009-03-27,0.23946014046669006,0.24518336970250287,0.23579726283956598,0.23923120038105367,731892000
2009-03-30,0.2241218388080597,0.23327903183504062,0.22091682807124302,0.23030294751258515,780052000
2009-03-31,0.22572435438632965,0.23121865663971278,0.22412184217124725,0.22755579301920853,805272000
2009-04-01,0.23144757747650146,0.23350792871077078,0.21450679199751663,0.22297717791438287,887920000
2009-04-02,0.24220716953277588,0.24655683805193526,0.2367128830028338,0.24014681890667175,1002860000
2009-04-03,0.2591480016708374,0.25983479448277486,0.23831544102158742,0.24243617060270872,1003208000
2009-04-06,0.259834885597229,0.26212417757945466,0.2513645107210967,0.2547984486944352,887288000
2009-04-07,0.25090646743774414,0.2575454262461015,0.24930396954969075,0.2547982831107964,607804000
2009-04-08,0.2612084746360779,0.2618952676965607,0.251593426370345,0.2536538055517935,731652000
2009-04-09,0.2756308913230896,0.2765465967834152,0.2657869348173365,0.2678472857483194,904412000
2009-04-13,0.26670271158218384,0.272425967756117,0.2607505699177265,0.27219702768457676,767628000
2009-04-14,0.2683051526546478,0.2747151724351172,0.26189513287417837,0.26303977828888725,711960000
2009-04-15,0.2607506215572357,0.26189526756060844,0.24976198717624148,0.2589191824937367,1045368000
2009-04-16,0.2673894762992859,0.2705945005102096,0.255485166935653,0.26555803779168735,1038772000
2009-04-17,0.2692209780216217,0.27173920997217915,0.2609795164475351,0.26738953908399005,695764000
2009-04-20,0.25296691060066223,0.26120836942591397,0.25159332503295284,0.2589190783400665,590660000
2009-04-21,0.25228026509284973,0.26281102115158816,0.24587024085233583,0.24953311964420616,932184000
2009-04-22,0.259834885597229,0.2703656396316722,0.2458701935894473,0.2499909246155561,916404000
2009-04-23,0.2557140588760376,0.2646423106398334,0.24770153993674804,0.2623530195143221,753952000
2009-04-24,0.2616662383079529,0.26349767674757824,0.2520511933225459,0.2582323014675944,759508000
2009-04-27,0.25228026509284973,0.26555816660023174,0.25067776585535084,0.2582324363070094,787024000
2009-04-28,0.25296691060066223,0.2582322855562118,0.24678580283647225,0.2490751212128221,634392000
2009-04-29,0.24907508492469788,0.25525616449785465,0.24609900148858582,0.25411151912169605,859668000
2009-04-30,0.2628108263015747,0.270136551163447,0.2518222253635172,0.2538825760998101,1110276000
2009-05-01,0.2671605348587036,0.2733416152790249,0.26189515994861434,0.26212407268092125,840548000
2009-05-04,0.2815830409526825,0.28364339175390507,0.26807620887528244,0.27173908506689914,927704000
2009-05-05,0.2701367735862732,0.27723359159326044,0.2644135420614514,0.27540215204721336,837076000
2009-05-06,0.2646424472332001,0.2756310557654491,0.25937706946873523,0.2731128233114173,935088000
2009-05-07,0.24564115703105927,0.27059447350493526,0.2422072204059576,0.27059447350493526,1289196000
2009-05-08,0.21175973117351532,0.24037589704777973,0.20855471939481504,0.24037589704777973,2930564000
2009-05-11,0.21588045358657837,0.22114583083613534,0.2064943451290849,0.20832578425378048,1038596000
2009-05-12,0.20557861030101776,0.22068794784463439,0.20145787939907572,0.22068794784463439,1201384000
2009-05-13,0.19230066239833832,0.20534964571356834,0.19069816381468943,0.20420499996946095,1305608000
2009-05-14,0.19504782557487488,0.19916855582169662,0.19069816890217503,0.19207174110269762,1017864000
2009-05-15,0.20008428394794464,0.20695215889709784,0.19413211474247488,0.1964214063921926,780308000
2009-05-18,0.2122175544500351,0.2135911404809925,0.20466288586079265,0.20512075241953037,938320000
2009-05-19,0.21633821725845337,0.21885643478165331,0.2101571229975973,0.2135910733504628,859768000
2009-05-20,0.22274833917617798,0.23465266669533558,0.21931440090733098,0.22023012050807506,1309436000
2009-05-21,0.2213747799396515,0.22435086541011998,0.21519368249604579,0.22000120727838085,965600000
2009-05-22,0.2248087227344513,0.2280137347691627,0.2172540524844357,0.22137478419267306,718260000
2009-05-26,0.2369418442249298,0.2387732825402354,0.22045894032293312,0.2227482313944395,865540000
2009-05-27,0.23739971220493317,0.24449652589790338,0.23350792259190278,0.23579721381021523,814152000
2009-05-28,0.24060481786727905,0.24266516974616673,0.2303030038918142,0.24106267080808594,995288000
2009-05-29,0.23877334594726562,0.2412915777108481,0.23053188498509522,0.24083372483306298,834232000
2009-06-01,0.25044870376586914,0.2518222894667194,0.2406047456844559,0.2415204512913527,1022764000
2009-06-02,0.24838849902153015,0.2559431702514553,0.24380991370527502,0.25044885149763646,907984000
2009-06-03,0.24060481786727905,0.2460991350285016,0.2346526477652496,0.24518340185637452,735688000
2009-06-04,0.24930408596992493,0.24976193882453507,0.24106262542490994,0.24129156549746908,673180000
2009-06-05,0.24793048202991486,0.2538826505771809,0.24495442504678797,0.2538826505771809,559992000
2009-06-08,0.24655699729919434,0.24999093542095854,0.24037588684760738,0.24609914434106198,473948000
2009-06-09,0.2600637674331665,0.26281091173811866,0.2481594299608623,0.24999086859433273,725032000
2009-06-10,0.2683051526546478,0.26990765077714035,0.25571402580235114,0.26143725287589537,833320000
2009-06-11,0.26487141847610474,0.2792939959387588,0.2632689189659842,0.2689921509953598,835156000
2009-06-12,0.26349779963493347,0.2644135056365515,0.255027396312641,0.26097956719470866,595000000
2009-06-15,0.2591480016708374,0.2621240856622307,0.2545694193119256,0.2586901488930469,445164000
2009-06-16,0.2520512342453003,0.26235307372947486,0.2483883840618575,0.2591480491171403,594912000
2009-06-17,0.25823238492012024,0.2607506169997309,0.24609913203833655,0.25594309295338796,799016000
2009-06-18,0.2531958818435669,0.26212413551581826,0.25044873736383905,0.257316612208413,566376000
2009-06-19,0.2559431493282318,0.26235317370507694,0.25250921062176324,0.2557142091649264,747564000
2009-06-22,0.2415204793214798,0.25685875469590225,0.240604773608309,0.25685875469590225,574864000
2009-06-23,0.24037587642669678,0.24426769462838732,0.2309897683845808,0.24380984169010406,589764000
2009-06-24,0.24838849902153015,0.25411173066684906,0.2433520333412326,0.2433520333412326,515096000
2009-06-25,0.261437326669693,0.26189520679721817,0.24358084770193134,0.24609907924129137,870444000
2009-06-26,0.26487141847610474,0.26578715197511865,0.258003540040854,0.2602928328526043,513956000
2009-06-29,0.26487141847610474,0.2696789442969894,0.26212427256010906,0.2655582117777344,510056000
2009-06-30,0.2584611773490906,0.2676183682410359,0.253653682832632,0.26395549188425776,589844000
2009-07-01,0.25960588455200195,0.2630398490098849,0.2552562417228614,0.2600637646733908,696420000
2009-07-02,0.24953310191631317,0.25434059928726477,0.24609916352684072,0.2511356010399637,552312000
2009-07-06,0.2415204793214798,0.24953302711901124,0.2373997490311948,0.24930408704546442,752456000
2009-07-07,0.2309897094964981,0.24380977953369676,0.23030294390941247,0.24243619377851322,1072996000
2009-07-08,0.23144757747650146,0.23305007591321145,0.2222903987180439,0.2323632830716201,1205860000
2009-07-09,0.23648397624492645,0.24037576535785052,0.23465253804752084,0.2353393307828605,714564000
2009-07-10,0.23739971220493317,0.23900223789015507,0.23144757141162317,0.23648400663380978,520008000
2009-07-13,0.24014687538146973,0.24220722649210197,0.22778468684616718,0.24220722649210197,556012000
2009-07-14,0.2451833188533783,0.24609905171549823,0.23923115076636273,0.24197832206221853,452568000
2009-07-15,0.255256325006485,0.26029276237046306,0.25182238671870233,0.2541116789105574,1022808000
2009-07-16,0.26853421330451965,0.26944994651508336,0.2566298998913072,0.2580034587713811,952076000
2009-07-17,0.2763177156448364,0.277233421209821,0.265786965194995,0.26853410918045245,850356000
2009-07-20,0.279751718044281,0.2827278027640563,0.27494419447460483,0.2786070721744067,782756000
2009-07-21,0.27402856945991516,0.28020965352089805,0.2676185452412773,0.2790650073136598,941296000
2009-07-22,0.28089627623558044,0.2834145072794709,0.2667026500471097,0.26853408832534803,600908000
2009-07-23,0.2976081371307373,0.29852387001034986,0.2783780741449283,0.28135415824528615,1046120000
2009-07-24,0.29669252038002014,0.2976082262433172,0.28661961943118913,0.28845105844829594,650592000
2009-07-27,0.29806599020957947,0.30241563229950075,0.2911980897515162,0.2939452608509423,677484000
2009-07-28,0.29852405190467834,0.3017290507099056,0.293487586224291,0.2960058190644847,563180000
2009-07-29,0.2925717234611511,0.2969213935575691,0.28959563914055075,0.29508995495331447,373972000
2009-07-30,0.2948610782623291,0.3015000412182157,0.29234284622897344,0.2976082231138456,468444000
2009-07-31,0.2960056662559509,0.3001263963714924,0.28799314608870635,0.29486102051777313,541560000
2009-08-03,0.30401813983917236,0.3074521038180342,0.29737920649121297,0.3031024343051445,471900000
2009-08-04,0.30607858300209045,0.31134395916332286,0.29829497515359205,0.2987528280175017,695380000
2009-08-05,0.3067653477191925,0.3090546391186225,0.3005842391083265,0.304247116263617,610768000
2009-08-06,0.30035531520843506,0.31340427024335676,0.29852387669868174,0.3079099820046019,957588000
2009-08-07,0.31386229395866394,0.3257666087835886,0.3095126220963238,0.3166094393351054,1401872000
2009-08-10,0.3035603165626526,0.32073002896296554,0.301728878026172,0.31615144626701686,693312000
2009-08-11,0.2964636981487274,0.30607874998904333,0.29486119860551596,0.3015001642709971,481884000
2009-08-12,0.30745217204093933,0.3106571694117211,0.29646353945123594,0.2966924795307956,634940000
2009-08-13,0.31660938262939453,0.3177540286054453,0.3042471897137382,0.3097415067730897,564028000
2009-08-14,0.3072231411933899,0.3166092450341023,0.3031024120123332,0.3161513923007629,427148000
2009-08-17,0.2944031059741974,0.2987527479513924,0.291198082204763,0.29783704246898335,465032000
2009-08-18,0.30516287684440613,0.30859684185225994,0.2941742706908071,0.2944032107881677,636200000
2009-08-19,0.3017289340496063,0.3035603729261388,0.29760820340003596,0.30058428816308735,552996000
2009-08-20,0.3136332035064697,0.3150067891816975,0.29966851587350435,0.3003553087111182,819840000
2009-08-21,0.31889864802360535,0.3193565009177931,0.3097414809778081,0.31615150336796827,607324000
2009-08-24,0.3099703788757324,0.3205011313882665,0.30813894009652965,0.31706719391120225,461456000
2009-08-25,0.31271764636039734,0.3159226447366347,0.30630762231740516,0.31157297289400687,444088000
2009-08-26,0.31638041138648987,0.31706720436264324,0.3108861221582832,0.3120307680217021,434308000
2009-08-27,0.3207300007343292,0.32210355904791854,0.3143199800660697,0.3177539167857977,551072000
2009-08-28,0.3372129499912262,0.3440808240655044,0.32897149018589017,0.32942934299940757,883992000
2009-08-31,0.3324054777622223,0.3349237095552005,0.32805580714621535,0.3333211835284818,431796000
2009-09-01,0.3211880624294281,0.3415627832606386,0.3193566228628387,0.3321766725384436,736856000
2009-09-02,0.3257664740085602,0.32897149836386785,0.31981430541335054,0.321645744003454,404656000
2009-09-03,0.3335501253604889,0.3340079782460142,0.32485081137346866,0.3257665171445192,534020000
2009-09-04,0.34591230750083923,0.3482015991560247,0.3321765302792172,0.3321765302792172,513048000
2009-09-08,0.3555273413658142,0.3555273413658142,0.34568338139249755,0.3484305260316647,549712000
2009-09-09,0.36537131667137146,0.36605810968261104,0.349804126675491,0.3548405632737287,571684000
2009-09-10,0.377046674489975,0.37750455464074417,0.36239519192807196,0.3665159222514356,607952000
2009-09-11,0.37361282110214233,0.3775046395156327,0.370865676032425,0.3761310533355167,712732000
2009-09-14,0.3674317002296448,0.37109457814101954,0.364226675234564,0.36811849324934154,490516000
2009-09-15,0.3749863803386688,0.37956496422272135,0.3674317114718796,0.370865649384919,546136000
2009-09-16,0.3649134337902069,0.3747573933681212,0.3594191447325618,0.3740706004132882,707064000
2009-09-17,0.3488883376121521,0.363997671092408,0.34270722927627156,0.363997671092408,923096000
2009-09-18,0.34843048453330994,0.35484050612160134,0.34568334022132996,0.3523223018733309,604740000
2009-09-21,0.3468279540538788,0.3527801222577132,0.3413336659353428,0.3443097227467555,588776000
2009-09-22,0.3475147783756256,0.35140656841972084,0.3447676340674706,0.3493462170112313,361388000
2009-09-23,0.34202057123184204,0.3525513262674898,0.3415627182499695,0.3495752409495445,478936000
2009-09-24,0.33744189143180847,0.34774373070928133,0.336297245655479,0.34774373070928133,552876000
2009-09-25,0.33194759488105774,0.3372129707874932,0.3294293633156516,0.3356104449055944,377556000
2009-09-28,0.3395023047924042,0.3479726789421121,0.33309228233379706,0.33309228233379706,467708000
2009-09-29,0.3333211839199066,0.34568337552198525,0.3326343909491506,0.341562644987959,470928000
2009-09-30,0.34408095479011536,0.34820168625834813,0.3326344663603505,0.34018913617035795,875956000
2009-10-01,0.31958529353141785,0.3429360805549434,0.3193563535447174,0.3429360805549434,999960000
2009-10-02,0.31706711649894714,0.32393498977627755,0.31454888538105835,0.3163803237131136,612476000
2009-10-05,0.31546473503112793,0.3216458178119147,0.3099704180000299,0.32050117184175003,754276000
2009-10-06,0.3207300007343292,0.3262242885696927,0.3170671239837515,0.31935641513023677,761272000
2009-10-07,0.31821179389953613,0.32187467093031635,0.31477785691711907,0.31844073394789935,459608000
2009-10-08,0.32027217745780945,0.32095894303259853,0.30882569338074395,0.320043237405876,1241524000
2009-10-09,0.3243929445743561,0.32485079744024353,0.31798292258040545,0.31844077544629285,618540000
2009-10-12,0.3207300007343292,0.32691108137173897,0.31866962232819057,0.31889856235904035,499008000
2009-10-13,0.31958529353141785,0.3262242256597549,0.31660921015680205,0.32256137690603365,602124000
2009-10-14,0.3191275894641876,0.33194763429866936,0.3175250633919945,0.33194763429866936,1101948000
2009-10-15,0.30974140763282776,0.3216457165153903,0.30768102916110285,0.31866963247212365,1092196000
2009-10-16,0.30264467000961304,0.3067654006983489,0.29715035332779494,0.30584966760612375,1018832000
2009-10-19,0.3136332035064697,0.3161514348142191,0.3026445999761614,0.30516280399340623,695588000
2009-10-20,0.31386229395866394,0.321188024059347,0.31134406144412397,0.31889873169722616,660180000
2009-10-21,0.30630749464035034,0.31752501157194113,0.3047049688296892,0.3127175160114763,503956000
2009-10-22,0.30836790800094604,0.309970406843396,0.29943965338070483,0.3047050301120504,379328000
2009-10-23,0.3010421693325043,0.31248862823504747,0.2992107304499952,0.31248862823504747,429528000
2009-10-26,0.29715031385421753,0.30791000569284754,0.2955478152688388,0.30333142271147556,481652000
2009-10-27,0.2870774269104004,0.3001264107846944,0.2841013696806223,0.2957767676869353,591836000
2009-10-28,0.2751730978488922,0.28707740784911057,0.2737995120721142,0.280667386374991,773632000
2009-10-29,0.2873063385486603,0.28867992428068856,0.27700452742996534,0.27952273155134294,637100000
2009-10-30,0.2737995386123657,0.2870774356764304,0.27242597999295093,0.28593278984833015,604144000
2009-11-02,0.2763177156448364,0.28226988368874745,0.26853410918045245,0.2733416316228809,593136000
2009-11-03,0.27494412660598755,0.2763177122269779,0.2646423163200704,0.26738946027154764,876472000
2009-11-04,0.2742574214935303,0.27998067855075404,0.273112775540188,0.27700459361396157,916840000
2009-11-05,0.28089627623558044,0.2836434200076871,0.27654660691345173,0.2774623396978217,955156000
2009-11-06,0.3012710511684418,0.30745216017286425,0.2948610293838049,0.29852390677231394,1641112000
2009-11-09,0.3081388473510742,0.3124885165538053,0.30516276364194267,0.30539170365437623,818124000
2009-11-10,0.3005843758583069,0.30928369259197086,0.2966925841668178,0.30928369259197086,781472000
2009-11-11,0.3090546727180481,0.3163804005345524,0.30516285508350627,0.3056207352455764,871512000
2009-11-12,0.3081388473510742,0.3170670984784689,0.3072231418823419,0.31180172380700555,505864000
2009-11-13,0.3104281723499298,0.3120306980316699,0.30653638274535533,0.3079099683895599,388524000
2009-11-16,0.31477802991867065,0.318440908962564,0.311573003932634,0.3131755305709124,402820000
2009-11-17,0.31432002782821655,0.3150068207346236,0.30836785902669833,0.3150068207346236,350124000
2009-11-18,0.3095126152038574,0.31248870066644424,0.30424723743012955,0.3113440545108737,455516000
2009-11-19,0.29715031385421753,0.3028735425809325,0.291656025192774,0.3028735425809325,833840000
2009-11-20,0.2953188419342041,0.2966924275900763,0.2895956138522436,0.2902824066801797,426748000
2009-11-23,0.2976081371307373,0.3051628037576442,0.29623457874707526,0.2996685156419871,390924000
2009-11-24,0.2957767844200134,0.29829498893309725,0.2909692609006108,0.2962346373050732,418504000
2009-11-25,0.2992108166217804,0.3033315484715561,0.2971504370516333,0.2992108166217804,441760000
2009-11-27,0.29280075430870056,0.2962346925224915,0.2868485838219236,0.28845108286358967,279932000
2009-11-30,0.29898175597190857,0.29921069603983486,0.2907402955936667,0.29394532009209745,509836000
2009-12-01,0.30493399500846863,0.3083679330745826,0.29898182477766555,0.300584323750416,461936000
2009-12-02,0.3140910267829895,0.3147778195560583,0.30378921705846285,0.3056206553564791,602292000
2009-12-03,0.31660938262939453,0.32347725848569936,0.31615152969707677,0.3177540286054453,660036000
2009-12-04,0.3264532685279846,0.32782685430007585,0.31752501559040425,0.322561478561068,824564000
2009-12-07,0.3683474361896515,0.37658889851906424,0.34568342842902344,0.362853146163719,2732184000
2009-12-08,0.35049083828926086,0.36399767340512684,0.3484304597340414,0.36239514765423225,1075512000
2009-12-09,0.3591902256011963,0.36193737029025097,0.3507198241483873,0.3541537891228442,671588000
2009-12-10,0.35278013348579407,0.3639976774130453,0.35163548781712595,0.361708386075709,417012000
2009-12-11,0.3482016623020172,0.35621418454822856,0.3472859290995703,0.35575633159226216,416744000
2009-12-14,0.3587323725223541,0.3598770184164314,0.3493462652747162,0.3532380558564768,405488000
2009-12-15,0.3582744598388672,0.3642266011205503,0.3552983755527725,0.35621408119902953,446152000
2009-12-16,0.3871195912361145,0.3912403217443519,0.3690341704751029,0.37109454937447645,1683400000
2009-12-17,0.38528817892074585,0.40016860324904086,0.3795649492908291,0.38826426378640483,1016132000
2009-12-18,0.3850592374801636,0.38986673363754265,0.38048062682614475,0.38849317500279557,812828000
2009-12-21,0.39879491925239563,0.400397417696995,0.3868906100047226,0.387348462804536,427792000
2009-12-22,0.4093256890773773,0.4134464190477489,0.39833708491988845,0.3987949377409284,793044000
2009-12-23,0.4150489866733551,0.4161936325617944,0.40795217124882693,0.41321754779375003,442196000
2009-12-24,0.4141333997249603,0.41688054518747614,0.4125309004793693,0.41619375199921754,136812000
2009-12-28,0.40749430656433105,0.4171093535815042,0.403373576027044,0.41344647592824685,465760000
2009-12-29,0.4125308096408844,0.41367545560576036,0.4052050536332682,0.40612078677947644,475848000
2009-12-30,0.42741116881370544,0.42992940062656493,0.41344647837968485,0.41642256307928877,704008000
2009-12-31,0.4276401996612549,0.4338212831704034,0.4271823466773394,0.428326992782386,700340000
2010-01-04,0.4232904613018036,0.42626654616346693,0.41459114681790743,0.42374831421347986,800204000
2010-01-05,0.42947155237197876,0.4340501358698265,0.42168794405133136,0.42168794405133136,728648000
2010-01-06,0.4322187304496765,0.4331344363038823,0.42512191456278803,0.429242645487739,649168000
2010-01-07,0.42374831438064575,0.43176086314544404,0.4205433167071357,0.42992942420750474,547792000
2010-01-08,0.4246640205383301,0.42764010521225354,0.41779614542489585,0.42031434992551586,478168000
2010-01-11,0.4187118709087372,0.42878477125710623,0.4127597012805868,0.4269533323491745,556612000
2010-01-12,0.40451833605766296,0.4141333857886836,0.3958190196436773,0.41253088659701936,627432000
2010-01-13,0.41001251339912415,0.41138609925809394,0.3914692407555729,0.40726536897169274,508868000
2010-01-14,0.4036025404930115,0.40795218408978884,0.39673466494619786,0.40497612651857884,608524000
2010-01-15,0.39169827103614807,0.40406046560363984,0.3864328933846525,0.4006265272166449,818192000
2010-01-19,0.3990239202976227,0.4015421247268149,0.38757743480939727,0.3887220806291689,545328000
2010-01-20,0.3974214196205139,0.3990239457026309,0.3887221053782807,0.39398748194256744,719728000
2010-01-21,0.3903246819972992,0.4042893746118838,0.3866618037503711,0.39719255824240357,608632000
2010-01-22,0.37681782245635986,0.3928428661826321,0.3745285304954638,0.38574605018764924,1067916000
2010-01-25,0.38322773575782776,0.39055346247859335,0.3802516516020622,0.3829987957110361,643676000
2010-01-26,0.3710945248603821,0.38391456841901844,0.37086558478984977,0.38139633680519447,714636000
2010-01-27,0.38116732239723206,0.3825409079715257,0.36674478302915914,0.3708655124615375,812504000
2010-01-28,0.3683474361896515,0.38551715392434704,0.363082058995333,0.38414356777260694,687764000
2010-01-29,0.3523223400115967,0.37658884319032443,0.3468280235023796,0.3724681126310392,774700000
2010-02-01,0.3793359398841858,0.38002273277240006,0.35071976967230767,0.3536958539942316,949832000
2010-02-02,0.38322773575782776,0.38803525841641096,0.37681771464321845,0.37796236029616637,849812000
2010-02-03,0.38643282651901245,0.3880353526547333,0.3779624520881826,0.37979389103578376,562296000
2010-02-04,0.36399784684181213,0.38299897924419335,0.3598771150584435,0.38299897924419335,783480000
2010-02-05,0.37132349610328674,0.37223922923908537,0.3571298644677615,0.3635399145468154,604856000
2010-02-08,0.37063664197921753,0.3795648953063535,0.36331091455294456,0.37017878913204566,445160000
2010-02-09,0.3676607012748718,0.37842039748773787,0.3639978497749866,0.3765889580925361,930144000
2010-02-10,0.3747573494911194,0.37819128657272577,0.36743162250846034,0.3699498539511741,535828000
2010-02-11,0.3919270932674408,0.39604782355022217,0.37796240377871176,0.38070954820373,695980000
2010-02-12,0.39719247817993164,0.4052049988507952,0.384830287056294,0.3891799575090681,780212000
2010-02-16,0.40451833605766296,0.40612086253984475,0.39765045898722967,0.40245798385274,457024000
2010-02-17,0.408409982919693,0.4097835413810787,0.396734585900131,0.4095546286161008,876560000
2010-02-18,0.38162529468536377,0.388035316763824,0.37109454217857135,0.38597493790440335,1515508000
2010-02-19,0.37956491112709045,0.38414349437066553,0.37773347237155863,0.38002276399334617,510548000
2010-02-22,0.38025158643722534,0.38689054646088805,0.3777333555160946,0.3811672918864545,458084000
2010-02-23,0.3710945248603821,0.3829988354273971,0.36720270740437994,0.38139633680519447,489764000
2010-02-24,0.37887808680534363,0.382540964013063,0.3731548582248488,0.37429950394094774,445868000
2010-02-25,0.375444233417511,0.37635996656899134,0.36079274860843863,0.37017885649066484,576972000
2010-02-26,0.3708655834197998,0.3763598994777074,0.36857629188496527,0.37361272780349974,393396000
2010-03-01,0.3857460021972656,0.38757744099623703,0.3681184617494984,0.37109454638651324,555868000
2010-03-02,0.38551709055900574,0.3939874643278034,0.3827699459975727,0.3891799681679229,538648000
2010-03-03,0.38070955872535706,0.3898667252554987,0.37750456135601107,0.38780637370242044,399300000
2010-03-04,0.3813965320587158,0.3852883242165882,0.37658900644041815,0.38231223822861926,557396000
2010-03-05,0.3930718004703522,0.39581894532461737,0.3786492558723192,0.3786492558723192,632832000
2010-03-08,0.3873485028743744,0.39444531752238976,0.3857459769734945,0.39330067175919425,439312000
2010-03-09,0.4017709791660309,0.4056627686655842,0.3910112889212908,0.3912402289526482,830832000
2010-03-10,0.40268674492836,0.40703641514107924,0.40039745343445743,0.4006263935000506,418520000
2010-03-11,0.3935295641422272,0.40085531847941575,0.39192706561490703,0.3994817327185663,540660000
2010-03-12,0.39490315318107605,0.3990238832073233,0.39284277452269917,0.3978792374939494,520352000
2010-03-15,0.3928429186344147,0.39833723644846575,0.38918006738223043,0.394445445053419,358904000
2010-03-16,0.40657860040664673,0.4088678921151113,0.39238496998175865,0.392613910068809,664988000
2010-03-17,0.41436219215393066,0.41985650877248165,0.40886790282589025,0.40886790282589025,651168000
2010-03-18,0.3997107446193695,0.4150489943500488,0.3960478667924113,0.4150489943500488,740964000
2010-03-19,0.39490315318107605,0.406807463142063,0.38986669020982584,0.40566281742868915,584612000
2010-03-22,0.4013132154941559,0.4029157141979379,0.38986672990447596,0.38986672990447596,435336000
2010-03-23,0.4095546305179596,0.4116149818648589,0.4015420833153908,0.4042892548319315,493612000
2010-03-24,0.39581891894340515,0.40726540510587816,0.39513212595298525,0.40612075921868196,436252000
2010-03-25,0.39696362614631653,0.4040604426593245,0.3960479202113222,0.40154221040231786,495184000
2010-03-26,0.39696362614631653,0.4045182956268217,0.39375862808332157,0.4003975643383175,344676000
2010-03-29,0.4020000398159027,0.40291574563507976,0.393987491090802,0.3994818078773986,394456000
2010-03-30,0.4036025404930115,0.4086389771025725,0.39673466494619786,0.40657862535473305,324104000
2010-03-31,0.39833709597587585,0.40383141185237004,0.3962767172882505,0.401999973226872,389840000
2010-04-01,0.3942164480686188,0.4047472018925701,0.3900957171248764,0.40016861801963693,339664000
2010-04-05,0.4001685678958893,0.40085536084890644,0.3962767502589618,0.3967346304213127,413636000
2010-04-06,0.3903246819972992,0.39604791220155283,0.3834567784616805,0.39513217899456365,809260000
2010-04-07,0.3928429186344147,0.3994818825817451,0.3846014555585963,0.38780648110608856,817468000
2010-04-08,0.38643282651901245,0.3933007293951448,0.3843724747595309,0.39032464451660687,1037600000
2010-04-09,0.38895106315612793,0.39032464920595894,0.38345674624731574,0.3855171253220623,817572000
2010-04-12,0.39604783058166504,0.3976503292505008,0.388722075597544,0.38940886853861895,546460000
2010-04-13,0.4042893648147583,0.4056629236561852,0.3960479026041423,0.3976504015643972,648696000
2010-04-14,0.4093256890773773,0.41504891756664175,0.4029156677113,0.412988566226709,900720000
2010-04-15,0.4123019278049469,0.41482016019979673,0.4065786971716666,0.41069942868573167,957596000
2010-04-16,0.39055362343788147,0.39719258733540574,0.38185430743211785,0.39559008821894,1917736000
2010-04-19,0.3887220621109009,0.3898667078761429,0.3756731058452431,0.38757741634565884,1094492000
2010-04-20,0.39009565114974976,0.3955899672423481,0.3850592151994156,0.3914692369955263,678188000
2010-04-21,0.38002288341522217,0.3926140185823162,0.37544429873283064,0.3921561655721805,895908000
2010-04-22,0.38162529468536377,0.3827699405104278,0.3685763104472269,0.3738416867006231,656932000
2010-04-23,0.3763599097728729,0.381396345829177,0.36972094776594205,0.380480612815889,752916000
2010-04-26,0.38002288341522217,0.3846014680976137,0.37613109189329286,0.376817885053755,491092000
2010-04-27,0.3692631721496582,0.381167485488563,0.3681185261114844,0.37727569441687486,606704000
2010-04-28,0.36994993686676025,0.3752153136967684,0.36239524084541136,0.36903420373212154,672164000
2010-04-29,0.38116732239723206,0.3816252024489983,0.36560013748074865,0.3710944524874206,987128000
2010-04-30,0.35964804887771606,0.3772756160357795,0.35941913609194776,0.37658882309745745,1068048000
2010-05-03,0.35575637221336365,0.3635399825155999,0.3502620542428704,0.3614796030427209,1078972000
2010-05-04,0.33767083287239075,0.35094872938975,0.3326343696037141,0.3502619364630661,1311376000
2010-05-05,0.33194759488105774,0.3404179679702762,0.3278268647242601,0.3308029491314199,1330840000
2010-05-06,0.3250797688961029,0.33652625635212546,0.2985239703959168,0.3296583802528201,1002888000
2010-05-07,0.31958529353141785,0.32805566368186445,0.3081388127158576,0.32805566368186445,1153712000
2010-05-10,0.3333211839199066,0.34293623092947106,0.32965833356005764,0.33881550039544484,979156000
2010-05-11,0.32965824007987976,0.3362971732367496,0.3271400089980314,0.33011609283371524,829124000
2010-05-12,0.33606836199760437,0.33789977356603196,0.3298872524373751,0.3319476313876217,901236000
2010-05-13,0.3353815972805023,0.3500330820963378,0.3321765721846105,0.33469480423920317,1252000000
2010-05-14,0.29669252038002014,0.31363329717511707,0.28845105844829594,0.31271759131182,2493068000
2010-05-17,0.29737934470176697,0.30104222312125023,0.2879932358084134,0.2971504045666059,856060000
2010-05-18,0.28753527998924255,0.3017288810298794,0.28593275419730296,0.29989744247516686,674112000
2010-05-19,0.29211392998695374,0.2925717829084213,0.2841014083444796,0.28616176013633954,826520000
2010-05-20,0.28524598479270935,0.29211385881288876,0.2749441464719347,0.2836434590222631,1129136000
2010-05-21,0.29142704606056213,0.2994395652038535,0.277004506144537,0.277004506144537,1069600000
2010-05-24,0.28295668959617615,0.29394532168713117,0.2820409839005171,0.2905113843926481,664564000
2010-05-25,0.2905113995075226,0.2918849581224754,0.2712813059930921,0.27402847780401596,966652000
2010-05-26,0.2918848991394043,0.3079099647329713,0.290969193581145,0.3021867367675915,995028000
2010-05-27,0.3090546727180481,0.3090546727180481,0.29852392021959806,0.2992107131721942,713560000
2010-05-28,0.300813227891922,0.3085968362851213,0.29623464435139674,0.3085968362851213,545116000
2010-06-01,0.28799310326576233,0.30012635174440305,0.28776416323596604,0.2966924150404766,527492000
2010-06-02,0.2911982536315918,0.2916561339328493,0.28661966894315594,0.2884511082766337,649088000
2010-06-03,0.29074031114578247,0.2914271040957914,0.2843302890965473,0.2852460221267289,586360000
2010-06-04,0.2770046293735504,0.28730644428353197,0.2754021029995852,0.28227000689675524,671456000
2010-06-07,0.2632688581943512,0.279980724611074,0.2621242120527003,0.27814928532632927,577248000
2010-06-08,0.2559431493282318,0.26212423354177145,0.24930418478808122,0.26212423354177145,967636000
2010-06-09,0.2497619092464447,0.2641844771374803,0.24884620364566698,0.2573165759696279,697152000
2010-06-10,0.259834885597229,0.2609795315883418,0.2541116556416649,0.2547984486944352,611768000
2010-06-11,0.2657868266105652,0.2669314716152162,0.2564007266562311,0.25708751911711963,442104000
2010-06-14,0.2600637674331665,0.2701366389814933,0.25937697453430175,0.26967878614575247,375080000
2010-06-15,0.27288389205932617,0.27425745097668963,0.26258205008126695,0.2630399303442366,528632000
2010-06-16,0.26944980025291443,0.2735705292373596,0.2657869239799633,0.27105229838839323,366480000
2010-06-17,0.279751718044281,0.28043851102430767,0.2692209651252333,0.27883601226458565,859068000
2010-06-18,0.2815830409526825,0.2850169771483861,0.2792937501555468,0.2813541009567693,932832000
2010-06-21,0.27494412660598755,0.2882220208770481,0.27242592268817656,0.28753525535705643,579836000
2010-06-22,0.2646424472332001,0.2818121395365526,0.26326886093272506,0.2783782010758821,818164000
2010-06-23,0.2676185071468353,0.27036565219505815,0.25960595754620425,0.26716065418721724,614060000
2010-06-24,0.25434058904647827,0.2673895762334815,0.25342488309569555,0.26601599001679205,725028000
2010-06-25,0.25365376472473145,0.25640090923398035,0.24953303431560356,0.25617196915383084,507220000
2010-06-28,0.25411155819892883,0.25777443488211227,0.2495329759902008,0.2554851437777483,372008000
2010-06-29,0.23991797864437103,0.2488462320793877,0.23831548001465255,0.24861729200778163,660808000
2010-06-30,0.23373691737651825,0.24289408439458804,0.23373691737651825,0.24037585254841468,623072000
2010-07-01,0.23762868344783783,0.2392311820529923,0.22732685796736687,0.23442368623752885,737008000
2010-07-02,0.23465262353420258,0.23900229424898908,0.2266401023806863,0.23854444135546168,737096000
2010-07-06,0.2321343868970871,0.2412915526642954,0.23007400822516125,0.23373688544824722,712020000
2010-07-07,0.24335196614265442,0.24472555227444093,0.2325922990787056,0.23305015202579654,608412000
2010-07-08,0.23602624237537384,0.24518341068323238,0.23305015721721695,0.24495449784984447,783272000
2010-07-09,0.2369418442249298,0.2385443698073861,0.23396576037387107,0.23717078424828136,571516000
2010-07-12,0.2412915974855423,0.2442676823708105,0.23671301375144094,0.23694192656383897,565396000
2010-07-13,0.24999092519283295,0.25159342412598873,0.24380984228465302,0.24518340110285236,723316000
2010-07-14,0.25250914692878723,0.2628109604496607,0.24884626898293852,0.26097952147673636,1355664000
2010-07-15,0.24541229009628296,0.2529669575394721,0.24243620567435906,0.25273801747220587,953088000
2010-07-16,0.23007400333881378,0.24609907038159207,0.2291582976977435,0.24541227750553632,1288604000
2010-07-19,0.23946014046669006,0.24037584622821623,0.23167653233167881,0.23327905835011414,798440000
2010-07-20,0.24541229009628296,0.24678584862835803,0.2312186608979547,0.23327903963182856,1160988000
2010-07-21,0.23739971220493317,0.24793046272537206,0.2351104209866207,0.24770154997784322,624940000
2010-07-22,0.2412915974855423,0.24380982945550272,0.23854445270318383,0.23991801144910718,462612000
2010-07-23,0.23717087507247925,0.2412916060373184,0.23488158312429225,0.2410626659262946,817604000
2010-07-26,0.2415204793214798,0.2424362123251588,0.23282116588432436,0.236484043318024,683548000
2010-07-27,0.23946014046669006,0.24266513792254138,0.23648405580596546,0.24220728504177827,683472000
2010-07-28,0.2319054752588272,0.23968908348921014,0.23121868228401254,0.23556835293083211,1320808000
2010-07-29,0.20901252329349518,0.21977220219224267,0.2076389510380872,0.21519361891071298,2664476000
2010-07-30,0.21038615703582764,0.21404902176493343,0.20420506001303257,0.20741007176797174,984288000
2010-08-02,0.21015717089176178,0.21496469429424217,0.20924145149865814,0.21404897490113853,917020000
2010-08-03,0.20466284453868866,0.20878357450906027,0.20306034601979586,0.2085546480985403,955444000
2010-08-04,0.21336223185062408,0.21404902496740702,0.2055786356565347,0.206494355263826,855496000
2010-08-05,0.21610936522483826,0.21656721815194116,0.21015719530096322,0.21404899976236277,800504000
2010-08-06,0.21862754225730896,0.2209168337502776,0.21336216636537966,0.215193605017856,739904000
2010-08-09,0.22068791091442108,0.2211457774076036,0.21542253493697208,0.2209168373383854,466456000
2010-08-10,0.21153073012828827,0.21748288496496448,0.21061501085066434,0.21702503214877897,772560000
2010-08-11,0.20328930020332336,0.20718109064961115,0.20260250723268203,0.20718109064961115,796148000
2010-08-12,0.2051207572221756,0.20969934104521992,0.19802394138025203,0.1996264402602151,1343584000
2010-08-13,0.21496470272541046,0.2179407874584091,0.21130182500933356,0.21175969154647076,1797392000
2010-08-16,0.20947040617465973,0.21633828163353927,0.20672324780395454,0.21198862444719777,814008000
2010-08-17,0.2122175544500351,0.21610935879565474,0.20947040967863192,0.21153077507981222,481224000
2010-08-18,0.21336223185062408,0.2151936710652067,0.2101572200477334,0.21153080628129928,352920000
2010-08-19,0.22618229687213898,0.22686909004300107,0.21450689483903634,0.2156515410269673,1615100000
2010-08-20,0.22824257612228394,0.23373689211359122,0.22435078601834174,0.22457971243999944,1305308000
2010-08-23,0.2248087227344513,0.23465268534565237,0.22412192956799212,0.22892945444268867,748620000
2010-08-24,0.22251933813095093,0.22480862954314232,0.217025036012641,0.21748288883697803,641332000
2010-08-25,0.22709791362285614,0.2289293521515775,0.21885645388886274,0.22000111320325313,757532000
2010-08-26,0.22435082495212555,0.2325922867240539,0.22435082495212555,0.23007405471304462,657596000
2010-08-27,0.23167656362056732,0.23350800268147287,0.22000117713175038,0.22572440714050934,1060416000
2010-08-30,0.22068791091442108,0.23076081002139037,0.22068791091442108,0.228929371339168,602804000
2010-08-31,0.21359114348888397,0.22435082355979027,0.21290435046373354,0.21748293424405382,931488000
2010-09-01,0.21519364416599274,0.21954330152297571,0.21404899821127385,0.21679615668975283,851440000
2010-09-02,0.21908539533615112,0.21977217455486217,0.21382001976643583,0.21588038471307455,596292000
2010-09-03,0.22664013504981995,0.22732691448910716,0.2216036842687611,0.2243508429616815,566484000
2010-09-07,0.22870038449764252,0.23396574543884624,0.2254953744730727,0.22595322720004685,899820000
2010-09-08,0.23625513911247253,0.23785766528957752,0.22664011850240448,0.2291583505317017,1224156000
2010-09-09,0.233050137758255,0.23946016049664187,0.23007405284859198,0.23923122039185551,697748000
2010-09-10,0.23053190112113953,0.23533942490065904,0.2284715493816377,0.23465263189065463,609292000
2010-09-13,0.2435808777809143,0.24655696252479914,0.2346526235492599,0.2346526235492599,1015792000
2010-09-14,0.2412915974855423,0.24449659518320854,0.23923121843088965,0.2415205102979403,698536000
2010-09-15,0.24174948036670685,0.2419784204979947,0.23579730985837405,0.2390023352438283,555572000
2010-09-16,0.2419784516096115,0.24403880389404495,0.23854451294187667,0.23854451294187667,365280000
2010-09-17,0.2415204793214798,0.2444965638250472,0.24083371368185583,0.24426765104200862,416884000
2010-09-20,0.2451833188533783,0.24609905171549823,0.23923115076636273,0.24152044198590655,443168000
2010-09-21,0.2584611773490906,0.2625819064278409,0.24380972650297844,0.24380972650297844,1779624000
2010-09-22,0.2607506215572357,0.26303991356398115,0.25594309742686494,0.25754559637348406,999996000
2010-09-23,0.2660159766674042,0.27425743897293137,0.2614373925622255,0.26372668461481485,1240872000
2010-09-24,0.28066736459732056,0.28158309747428745,0.26990770114911705,0.27196805236390975,1086976000
2010-09-27,0.27471527457237244,0.28295670824808505,0.27105239696727157,0.2827277954543347,999504000
2010-09-28,0.27402856945991516,0.27792036110642154,0.26922104447330725,0.27494427550949846,723192000
2010-09-29,0.27196815609931946,0.27998070584432116,0.26899207087240706,0.27151030313145175,974904000
2010-09-30,0.2673894762992859,0.2786070201017613,0.265100184987414,0.2754019958908376,787632000
2010-10-01,0.259834885597229,0.2717392257372129,0.25777453372943115,0.27128134550835725,999120000
2010-10-04,0.25731658935546875,0.26166625941169885,0.2520512136508251,0.25731658935546875,749500000
2010-10-05,0.2591480016708374,0.2632687312519587,0.2584612088588999,0.26281087847416823,753588000
2010-10-06,0.24678587913513184,0.26029271709183505,0.24426767453644915,0.25914807119502176,1057604000
2010-10-07,0.24495448172092438,0.2481594795014375,0.23762872572458732,0.2479305393926098,761488000
2010-10-08,0.2486172914505005,0.2506776702188127,0.24060477102936037,0.24403870835270614,706932000
2010-10-11,0.24747268855571747,0.25182235962659566,0.24632804258293572,0.24976198050128093,442680000
2010-10-12,0.25228026509284973,0.2534249113039944,0.2433520082716102,0.24541238782598163,605208000
2010-10-13,0.25960588455200195,0.26326876178007264,0.2536537431695205,0.25640088744532014,968732000
2010-10-14,0.25548529624938965,0.2602927940633299,0.2543406227235727,0.25983494102731447,599172000
2010-10-15,0.2584611773490906,0.2625819064278409,0.25548512101102105,0.2596058227992712,639940000
2010-10-18,0.2600637674331665,0.26120841316777216,0.2541115986970144,0.25869018163543694,448156000
2010-10-19,0.2584611773490906,0.2602926155274796,0.25228009737621515,0.2543404482703402,866136000
2010-10-20,0.2584611773490906,0.2655579900564106,0.2541115355546042,0.25869011735532677,763532000
2010-10-21,0.2538827955722809,0.25914817424958925,0.24999100343358224,0.2586903211668932,1014428000
2010-10-22,0.2701367735862732,0.2721971533095214,0.2527381388346068,0.2554853117989377,1322676000
2010-10-25,0.27265480160713196,0.2747151797830171,0.26967871799118676,0.27219694888710194,673136000
2010-10-26,0.27173912525177,0.2758598547540889,0.26716054298041636,0.2694498341160932,675248000
2010-10-27,0.2756308913230896,0.2765465967834152,0.26853407848881394,0.2692208712293085,496796000
2010-10-28,0.27585992217063904,0.28020956547521964,0.27334169038977046,0.2792938597133636,704448000
2010-10-29,0.2751730978488922,0.2781491821715735,0.2724259535858428,0.2754020106180175,554664000
2010-11-01,0.2756308913230896,0.2813541186763762,0.27334160038177496,0.2770044768040787,473920000
2010-11-02,0.28135421872138977,0.2859328022320894,0.27517313644004743,0.27677563521069015,581036000
2010-11-03,0.2834146320819855,0.2852460711667037,0.27585996291409387,0.2831856919624531,671748000
2010-11-04,0.2838725447654724,0.28913792300808144,0.2834146917205759,0.2861618372804747,700016000
2010-11-05,0.28867995738983154,0.29119816180002583,0.2845592270116396,0.2859327856106977,735116000
2010-11-08,0.28982457518577576,0.2923427793525539,0.2861616980279997,0.2884509894289832,605156000
2010-11-09,0.2882220149040222,0.2921138316526742,0.2866195165730788,0.2898245405254685,633964000
2010-11-10,0.2916559875011444,0.2916559875011444,0.28616167225924144,0.2902824018680427,521016000
2010-11-11,0.28867995738983154,0.29348745342229815,0.28089634949980036,0.2847881397995615,1089980000
2010-11-12,0.3035603165626526,0.31317536205654917,0.2982949410042105,0.29966852672919736,2142560000
2010-11-15,0.2998974323272705,0.309283537546,0.2992106667716846,0.3049338950049331,733548000
2010-11-16,0.29096919298171997,0.29898171211674507,0.29051134020353353,0.29486098253206006,739356000
2010-11-17,0.2957767844200134,0.2992107219937267,0.2879931762119573,0.29074032081282597,551764000
2010-11-18,0.30493399500846863,0.30791008012387017,0.2996686178489911,0.2996686178489911,993120000
2010-11-19,0.31477802991867065,0.3159226762085723,0.303789420077511,0.3042472731353676,716484000
2010-11-22,0.31500670313835144,0.3168381138177368,0.3099702418985504,0.3127174124986226,462668000
2010-11-23,0.3076811134815216,0.31454898902174705,0.3053918216347798,0.3113439913525131,457832000
2010-11-24,0.31523576378822327,0.3163804096453428,0.3106571803597452,0.31088612044737307,397784000
2010-11-26,0.3113439381122589,0.31683822668870354,0.3113439381122589,0.31500681535689323,143104000
2010-11-29,0.31477802991867065,0.3159226762085723,0.3085969454113059,0.30997050458487574,468192000
2010-11-30,0.3115728497505188,0.31317537559578584,0.30584962113315567,0.3099703511957585,720936000
2010-12-01,0.3253086805343628,0.32736903226756203,0.3172961591200147,0.31775401202844655,626536000
2010-12-02,0.3292004466056824,0.33126082547551494,0.3250797161565266,0.32530865623889993,529316000
2010-12-03,0.3385864794254303,0.3385864794254303,0.32691108358317406,0.3275978763898662,606044000
2010-12-06,0.3321765959262848,0.34041805842989176,0.3308030370360267,0.33973126533950543,438424000
2010-12-07,0.342936247587204,0.35094876895736676,0.3392733697589251,0.3399601627630413,1026812000
2010-12-08,0.34591230750083923,0.34957515777483045,0.3399601382811533,0.34247837001806103,613252000
2010-12-09,0.34018903970718384,0.34247835857639597,0.33286331211343323,0.3376708353449146,942408000
2010-12-10,0.3422493040561676,0.3454543002784178,0.3392732205409358,0.3401889259500075,451900000
2010-12-13,0.3335501253604889,0.3443097909776279,0.3326343922989284,0.343623025294595,609108000
2010-12-14,0.3340079188346863,0.3461411682407214,0.3335500660306011,0.3399600871593088,755160000
2010-12-15,0.3266822099685669,0.3388154600383369,0.32622432984892885,0.33469472999514055,624176000
2010-12-16,0.32714012265205383,0.331947646463797,0.32622438953573957,0.33011620752167997,631872000
2010-12-17,0.3289715349674225,0.33080297376130396,0.32347721858577805,0.32736900896620785,593156000
2010-12-20,0.3275979459285736,0.33171867635292407,0.32736900584757833,0.33011617765748474,344088000
2010-12-21,0.3404180109500885,0.3404180109500885,0.33057405080224284,0.3308029908972784,466952000
2010-12-22,0.34408095479011536,0.3445388077775821,0.33652628498010795,0.3397312831828912,477988000
2010-12-23,0.3415626287460327,0.34408086042222163,0.34018904286983725,0.34408086042222163,273784000
2010-12-27,0.34339404106140137,0.345912272543823,0.3344657881341391,0.3406468968109001,255500000
2010-12-28,0.34202057123184204,0.345683449667854,0.3399602191681576,0.34339415746797547,194260000
2010-12-29,0.34202057123184204,0.3445388035679148,0.3388155730682183,0.3417916583861636,177660000
2010-12-30,0.34316521883010864,0.34522559819330484,0.3404180736363629,0.3415627197412999,174488000
2010-12-31,0.35255134105682373,0.35300922134841983,0.34293631887209197,0.34339417187317123,391252000
2011-01-03,0.36216628551483154,0.3656002229629635,0.3548405304597429,0.3552984106185676,817448000
2011-01-04,0.3610216975212097,0.36445563551933247,0.3530091755255899,0.36285313657831114,651384000
2011-01-05,0.3887220621109009,0.3891799422494039,0.36399770812357113,0.36766055819804105,1428216000
2011-01-06,0.44252046942710876,0.44274940949727537,0.39765031704355747,0.3987949628133748,3493312000
2011-01-07,0.45488277077674866,0.4562563569508909,0.4276401784533671,0.43748413992668117,2579984000
2011-01-10,0.47228121757507324,0.47319692314063405,0.4432071974467168,0.4466411342533255,1750348000
2011-01-11,0.46495553851127625,0.4832699256668845,0.45488266651145404,0.47869134252323653,2711088000
2011-01-12,0.5345501899719238,0.535008015614274,0.4635820847912511,0.4651845837015277,3431896000
2011-01-13,0.5354658961296082,0.5457677372224609,0.5123440091665272,0.5288269330826814,2695192000
2011-01-14,0.5400442481040955,0.5489724992726014,0.5231035058210346,0.5263085022668565,1595352000
2011-01-18,0.5274532437324524,0.536381496987556,0.5144042875955397,0.5327186196587175,1813348000
2011-01-19,0.5130305886268616,0.5402731679368538,0.5118859704158634,0.5276820947108591,1197896000
2011-01-20,0.5134885907173157,0.5164646751867373,0.49883708115061953,0.5079943019203126,1111408000
2011-01-21,0.5086811780929565,0.5263087769054192,0.5077654721421738,0.5189830201370963,739244000
2011-01-24,0.5661423802375793,0.5734681354007661,0.5260797487943705,0.5320318634608138,2056900000
2011-01-25,0.5487437844276428,0.5695763234187401,0.5450809066340049,0.563624153826706,1086856000
2011-01-26,0.5617925524711609,0.572323302103155,0.5505750100735147,0.5544667993582075,1074660000
2011-01-27,0.5601902604103088,0.5711788395434869,0.5494305940896068,0.5698053080876072,657396000
2011-01-28,0.5439363121986389,0.5709499920795268,0.531116265355254,0.5615639107214367,1094796000
2011-01-31,0.5475990772247314,0.5551537451482949,0.5359237061524145,0.5448519599859019,750160000
2011-02-01,0.5601902604103088,0.5643109639399947,0.5487438010711553,0.552406678975889,654104000
2011-02-02,0.5856015086174011,0.5991083486326212,0.5569853295452949,0.5569853295452949,1606616000
2011-02-03,0.5746126770973206,0.586517014000217,0.5620215473284099,0.586517014000217,1030776000
2011-02-04,0.5876617431640625,0.5922403267465475,0.5803360421806996,0.582625333971942,872900000
2011-02-07,0.563166081905365,0.5821672009796912,0.5611057038136434,0.5796489974771414,934236000
2011-02-08,0.5464542508125305,0.5675157478700574,0.5439359927419581,0.5638528716973139,1076584000
2011-02-09,0.533176600933075,0.5540091958134672,0.5233326401236756,0.5485148514874582,1277520000
2011-02-10,0.5224169492721558,0.5313452044774057,0.5173804850222905,0.5212722759776754,1042352000
2011-02-11,0.5372973680496216,0.5542381740870947,0.5121151537119017,0.5205855294401225,1359276000
2011-02-14,0.5290558338165283,0.5608770043703709,0.5269954549413893,0.5437072895729171,1287828000
2011-02-15,0.5162355899810791,0.5318027454699169,0.5139462446175467,0.5299713346762881,886980000
2011-02-16,0.5352370142936707,0.5427916836441693,0.5212722943464614,0.5231037607659625,1318364000
2011-02-17,0.5878908634185791,0.5954455337522149,0.5176094834482959,0.5201277432801985,3470096000
2011-02-18,0.5867462158203125,0.5940719736127974,0.5775890458702254,0.5846858362072315,1394412000
2011-02-22,0.5313450694084167,0.5691184052277803,0.5295136035190159,0.5675159066876877,1396648000
2011-02-23,0.5061629414558411,0.536381618010694,0.4986082723171278,0.53134520830557,1491604000
2011-02-24,0.5185251235961914,0.52745332362258,0.5050182852794951,0.5086811085821042,1246120000
2011-02-25,0.5292848944664001,0.5379841834010185,0.5251641355649752,0.5324898927801525,775652000
2011-02-28,0.5187539458274841,0.5382129504847092,0.506849608429557,0.5379839831325088,903696000
2011-03-01,0.4956320822238922,0.5263086325169841,0.4956320822238922,0.5196696706783502,988448000
2011-03-02,0.47502848505973816,0.5043314511594329,0.46358202671947124,0.4949453171137008,1718140000
2011-03-03,0.4777757227420807,0.4887643582671699,0.4633531761398609,0.48601718574063946,1593704000
2011-03-04,0.47525736689567566,0.4830409471438589,0.46999199094401867,0.47823345132839545,959760000
2011-03-07,0.4686185121536255,0.4802939397737004,0.4567141989941892,0.4786914408025191,1019140000
2011-03-08,0.44755685329437256,0.4761729924661324,0.4377128686706836,0.4736547885933194,1947184000
2011-03-09,0.43817079067230225,0.45053298035213457,0.43427897354000905,0.4461833104073673,1318976000
2011-03-10,0.4102415144443512,0.4313029945722526,0.409783634229637,0.42809799681232646,1722736000
2011-03-11,0.41321760416030884,0.42466409189661564,0.40428937592879644,0.413675484410552,1486832000
2011-03-14,0.4166514575481415,0.42695326917922616,0.4097835558369113,0.4164225174845812,1003360000
2011-03-15,0.4042893648147583,0.4111572408934338,0.3894089393537812,0.39627681543245663,1256280000
2011-03-16,0.4013132154941559,0.42008542893720324,0.3960478392184355,0.40062642253810377,1476520000
2011-03-17,0.40886786580085754,0.41275965599667425,0.3937585305812065,0.4120728630702341,1238516000
2011-03-18,0.4033735692501068,0.4166514936974596,0.40291571637376933,0.4152779077779377,886960000
2011-03-21,0.40657860040664673,0.4161936201240959,0.40245786987330856,0.4120728895907577,751832000
2011-03-22,0.3994818925857544,0.40932585503657765,0.3976504532685403,0.4054340635440709,718332000
2011-03-23,0.4077232778072357,0.4088679237500315,0.39009570845577085,0.3987950230791213,782396000
2011-03-24,0.4402312636375427,0.4452677278381687,0.41550690473547325,0.416422610613489,1780592000
2011-03-25,0.4264954924583435,0.44526770772429575,0.4258086994355993,0.4441230617832261,1196392000
2011-03-28,0.44229164719581604,0.44961737616430886,0.4326765989284987,0.43656838988452484,1204284000
2011-03-29,0.43885770440101624,0.44389414130631477,0.43290553432806417,0.4422916423760625,715764000
2011-03-30,0.42237478494644165,0.44412308631876013,0.41688046775146703,0.44229164725376857,1176320000
2011-03-31,0.42260369658470154,0.4276401608218949,0.4148201146935155,0.423061576817547,655112000
2011-04-01,0.4166514575481415,0.42855576775262677,0.41092820157369847,0.42809791491601334,850072000
2011-04-04,0.4017709791660309,0.4177960445174623,0.3987948952109007,0.4166513989416817,924328000
2011-04-05,0.4024578630924225,0.41092823681292473,0.40154213005015965,0.40772323939127825,821076000
2011-04-06,0.3997107446193695,0.40589182707316435,0.39627677960002666,0.40543397416742233,856984000
2011-04-07,0.41436219215393066,0.4168804240154137,0.3990239427635165,0.40062644154331906,1021208000
2011-04-08,0.4017709791660309,0.4175671044861049,0.4006263335902503,0.4175671044861049,746552000
2011-04-11,0.39650577306747437,0.4054340287384786,0.3921561289417005,0.40337364944954773,546208000
2011-04-12,0.3976503312587738,0.4003974757464389,0.38528814012851764,0.3926138951496363,840756000
2011-04-13,0.40657860040664673,0.40909680491165185,0.3967346406021472,0.4017710769026672,749588000
2011-04-14,0.42374831438064575,0.42397725448183,0.40062645578149936,0.40291574763129556,1254704000
2011-04-15,0.4283268451690674,0.43359222089579036,0.41848285930955825,0.420543237962888,969720000
2011-04-18,0.4141333997249603,0.4210012770265091,0.4074944352924854,0.41825413156399327,743584000
2011-04-19,0.4125308096408844,0.4159647475355123,0.4013132628107924,0.41436222135227596,659860000
2011-04-20,0.42512187361717224,0.43382118755630267,0.4182539985005708,0.42764010540946334,650516000
2011-04-21,0.4239772856235504,0.43244768792236843,0.4230615797325767,0.42970051566842016,421300000
2011-04-25,0.43061625957489014,0.43771304863297406,0.4255797951775551,0.42580873530125735,619612000
2011-04-26,0.4418336749076843,0.44618334519154923,0.42992936440277885,0.434279007396136,676000000
2011-04-27,0.4418336749076843,0.44412299372953956,0.4326765087822943,0.44412299372953956,450004000
2011-04-28,0.44664114713668823,0.45556939946570846,0.43679718921569366,0.4418336245525616,684000000
2011-04-29,0.45785871148109436,0.46793158261121803,0.44893045874754733,0.449617251617898,836000000
2011-05-02,0.45167768001556396,0.4677027214010948,0.44938838838905953,0.46747380861274973,613824000
2011-05-03,0.4301583468914032,0.44778591637184073,0.424664057241989,0.4464123576047433,808000000
2011-05-04,0.42695337533950806,0.4363394836311848,0.4189408531897155,0.43153195942510375,639356000
2011-05-05,0.42718228697776794,0.4322187236780179,0.41779617931190655,0.42351940903730695,544000000
2011-05-06,0.44229164719581604,0.4464123782688787,0.4326765989284987,0.4361105369409653,841080000
2011-05-09,0.45213553309440613,0.45442482472198215,0.44252048642617975,0.4436651322399678,706328000
2011-05-10,0.45282232761383057,0.4562562650671237,0.4482437170522641,0.45579841219811973,690976000
2011-05-11,0.45488277077674866,0.45969026780521755,0.44870168757413753,0.4551117109026105,616000000
2011-05-12,0.46930524706840515,0.469763127252443,0.4521355588822989,0.4532802047613726,1224000000
2011-05-13,0.41802504658699036,0.44068905020486776,0.4148200492061232,0.43954440438448533,2025192000
2011-05-16,0.4052049517631531,0.41779608150184183,0.40497603900203494,0.4168803485858524,728188000
2011-05-17,0.4036025404930115,0.40406039340469674,0.3919271411472237,0.4038314805941099,1420364000
2011-05-18,0.4129886031150818,0.41642254051536165,0.4038314367143355,0.4052049953001423,658844000
2011-05-19,0.40703657269477844,0.4164226823691107,0.40085548872679966,0.4161937422149005,650884000
2011-05-20,0.4141333997249603,0.41504910578229276,0.4042894368013034,0.40612087620648674,575820000
2011-05-23,0.4136752784252167,0.41665136211731546,0.4029155891314365,0.40818096377276497,588000000
2011-05-24,0.41527801752090454,0.431989856602378,0.414591224379649,0.415735870518236,720372000
2011-05-25,0.42031434178352356,0.4230615136080891,0.4090967962745724,0.4132175267209114,545312000
2011-05-26,0.43084511160850525,0.434507989327761,0.4191697127575739,0.42031435863352756,706436000
2011-05-27,0.4464123547077179,0.4470991204415537,0.43221872317290283,0.43267657609229737,658824000
2011-05-31,0.4587745666503906,0.4590035340691464,0.4441231079963495,0.45511171563213776,1200716000
2011-06-01,0.43817079067230225,0.4574008544107618,0.43725505775684864,0.45671406154679794,762208000
2011-06-02,0.4361104667186737,0.44206263589807254,0.43084509048928377,0.4388576385187095,607592000
2011-06-03,0.42260369658470154,0.43496588977074885,0.4205433446989503,0.4310740988251558,549300000
2011-06-06,0.4136752784252167,0.4258085259142342,0.4132173984029701,0.4219167367586439,435988000
2011-06-07,0.41344642639160156,0.419169654982525,0.41161498778440475,0.4168803635461556,433956000
2011-06-08,0.40222880244255066,0.41390419737554984,0.3990238059815907,0.41138599366779594,569288000
2011-06-09,0.3976503312587738,0.40291570744626204,0.383227788585396,0.4020000017138766,741632000
2011-06-10,0.3919270932674408,0.40085534676188517,0.38872206869616277,0.3983371151194887,493548000
2011-06-13,0.389180064201355,0.39696364692783104,0.3864328916715246,0.3919272094406691,574760000
2011-06-14,0.39238491654396057,0.40108422930949295,0.39078241802437713,0.3926138565998323,534576000
2011-06-15,0.3839147388935089,0.38940903012090494,0.3759021876435663,0.38711973756106993,935916000
2011-06-16,0.37063664197921753,0.3900956472438449,0.3651423532321397,0.3841434783590876,1024908000
2011-06-17,0.36193740367889404,0.37521533003031754,0.3504909436764738,0.3749863899140638,1467884000
2011-06-20,0.357587605714798,0.36628691702633126,0.3548404346655231,0.3587322512218286,745960000
2011-06-21,0.36537131667137146,0.36811848871632974,0.3555273562849683,0.35896129405065463,704276000
2011-06-22,0.3603348433971405,0.36766057109353395,0.35964805045580484,0.3628530750852017,651720000
2011-06-23,0.3710945248603821,0.37361272918369814,0.3525512251530087,0.3557562496879217,744024000
2011-06-24,0.3603348433971405,0.3724680943923748,0.35804555178636077,0.3692630970534867,529052000
2011-06-27,0.35278013348579407,0.3626240916944414,0.3401890038399389,0.360334800357105,1142152000
2011-06-28,0.3548404574394226,0.3589611869873045,0.3502618751174435,0.3527801063107333,692200000
2011-06-29,0.3603348433971405,0.36399772089059157,0.3447676549857365,0.35712981876774363,960544000
2011-06-30,0.3649134337902069,0.36880522414691463,0.3557562671671256,0.3612505562247707,652300000
2011-07-01,0.3697209656238556,0.37109455156487897,0.3575877141131821,0.3649134421207837,540804000
2011-07-05,0.3635399043560028,0.37269707171422073,0.36033487940631964,0.369263133954889,535296000
2011-07-06,0.3587323725223541,0.3639977490932117,0.35438270175055403,0.3633109560986632,529580000
2011-07-07,0.3601059317588806,0.36239522355045495,0.3536959092843702,0.36056381194960413,986136000
2011-07-08,0.35323795676231384,0.3575876263138972,0.3502618728144943,0.35506939513716457,619516000
2011-07-11,0.34087592363357544,0.3479727403382111,0.33996021767385526,0.3465991813986309,714388000
2011-07-12,0.33629724383354187,0.3424783528246401,0.33057401498290107,0.3392733282939766,867604000
2011-07-13,0.3356104791164398,0.34316514729224484,0.3324054816069517,0.3408758555596076,634368000
2011-07-14,0.3223324716091156,0.3390443010123521,0.32072997340124376,0.33698395007230275,1088996000
2011-07-15,0.3227902948856354,0.32622423099936043,0.31615136264863297,0.32416388024732473,827736000
2011-07-18,0.31592264771461487,0.3221037316644902,0.3118019159845254,0.320272319598244,818200000
2011-07-19,0.32553765177726746,0.32622441756036097,0.31683830923225853,0.31683830923225853,602224000
2011-07-20,0.3214169144630432,0.3285137033128703,0.32050118128562094,0.3266822915390526,662956000
2011-07-21,0.33652615547180176,0.3388154468186435,0.3170671517331415,0.32187467447771134,1143420000
2011-07-22,0.34339404106140137,0.3445386867733191,0.33515258101939105,0.33950225109898235,737192000
2011-07-25,0.3378998637199402,0.3395023902056445,0.3330923661343803,0.3381288038723316,566920000
2011-07-26,0.32965824007987976,0.3365261132589184,0.32485071793835185,0.3282846545278712,698276000
2011-07-27,0.31729620695114136,0.32668231579621465,0.3163804737057231,0.3250797894393616,652212000
2011-07-28,0.31660938262939453,0.3232483183742841,0.31111506557004304,0.31615152969707677,648176000
2011-07-29,0.31660938262939453,0.31958546762522916,0.3118018586137761,0.3134043575221446,677656000
2011-08-01,0.3335501253604889,0.3344658311315395,0.32118793370824644,0.3239350783119081,1019620000
2011-08-02,0.3301161229610443,0.35209333005587073,0.3301161229610443,0.3312607685953477,1356432000
2011-08-03,0.33904436230659485,0.34018900798922425,0.3275979054803008,0.3308029297659666,765236000
2011-08-04,0.3067653477191925,0.3328632860469986,0.3067653477191925,0.3328632860469986,979732000
2011-08-05,0.2964636981487274,0.31775415448627053,0.2884511731421466,0.313862362084036,1270588000
2011-08-08,0.2731127142906189,0.2921138656034265,0.27128127571789595,0.2820409670987034,1084180000
2011-08-09,0.2960056662559509,0.29646351909312063,0.27471525006774244,0.27837810005560715,1329832000
2011-08-10,0.28249889612197876,0.29554788241596475,0.2808963971725196,0.2873064202608697,1140052000
2011-08-11,0.30699422955513,0.31111495911704135,0.2824987922167417,0.2824987922167417,1078792000
2011-08-12,0.2948610782623291,0.34018909111965695,0.2900535543042909,0.3397312381928229,3195784000
2011-08-15,0.30607858300209045,0.30676537594320924,0.2962346236207444,0.29783712228968245,864152000
2011-08-16,0.29737934470176697,0.30676545359512053,0.2918850270725421,0.3026447221958308,716868000
2011-08-17,0.2932584881782532,0.3033313858887839,0.2893666985746293,0.2982949233882666,553328000
2011-08-18,0.27334165573120117,0.2827277614074003,0.2701366313900693,0.2799806171796489,802564000
2011-08-19,0.26853421330451965,0.2836435520189334,0.26670277417390675,0.2687631534297892,761332000
2011-08-22,0.27334165573120117,0.2792938243000845,0.27036557144675955,0.2760887999589526,611876000
2011-08-23,0.3028736412525177,0.3031025813923744,0.27952283860778143,0.27998071888749476,938312000
2011-08-24,0.29852405190467834,0.30310263722101505,0.29074044049259323,0.30218693107395617,687500000
2011-08-25,0.2857038974761963,0.297837149579321,0.2852460445703354,0.29257177293564296,690968000
2011-08-26,0.29783719778060913,0.30081328308611444,0.2795228329676187,0.2845592976187118,732660000
2011-08-29,0.30584970116615295,0.30699434718915,0.29921076514897565,0.3063075814077629,601528000
2011-08-30,0.31317541003227234,0.31569361452650757,0.3017289242483941,0.30378930315150626,684760000
2011-08-31,0.30470505356788635,0.31866974589246083,0.30218684870461987,0.31546474796084395,705808000
2011-09-01,0.30401813983917236,0.31546462275753834,0.3037892271009168,0.308825662119076,762312000
2011-09-02,0.2957767844200134,0.30127107362175076,0.29348746541369464,0.2971503430751928,471356000
2011-09-06,0.3017289340496063,0.30241572703961983,0.28341459986530293,0.28616174453484633,696248000
2011-09-07,0.32622426748275757,0.3351525187512356,0.31729604350478097,0.32622426748275757,1606620000
2011-09-08,0.32462188601493835,0.330802995766778,0.31935650936620996,0.3230193871976326,880164000
2011-09-09,0.31775394082069397,0.33057398312692055,0.3150067966952183,0.32187467065416003,869828000
2011-09-12,0.3253086805343628,0.3280558252754656,0.3134043411720651,0.3134043411720651,916480000
2011-09-13,0.33263444900512695,0.33423697531342267,0.3230194276079255,0.32805586478831533,853836000
2011-09-14,0.3498040437698364,0.3541537136164482,0.34110473136711783,0.34133367141344134,1547192000
2011-09-15,0.3548404574394226,0.3594190670519051,0.35163546073023855,0.35758762866501276,752908000
2011-09-16,0.35392478108406067,0.36857626209719624,0.3520933425461055,0.3555272795708318,1391588000
2011-09-19,0.34659895300865173,0.35049074170875727,0.33767070297729446,0.3479725110431314,968204000
2011-09-20,0.33767083287239075,0.3523223152431178,0.33606833423713367,0.35094872938975,792436000
2011-09-21,0.3312607407569885,0.34545433997145325,0.33103180073316557,0.3395021995475821,715252000
2011-09-22,0.3092835545539856,0.3186696602888717,0.3033314132383926,0.31821180746313477,1314632000
2011-09-23,0.31569352746009827,0.32462177899687256,0.30562065768017577,0.3074520959921168,1011440000
2011-09-26,0.31638041138648987,0.3205011419528999,0.30218680813819765,0.3195854361783688,972124000
2011-09-27,0.31683823466300964,0.3271400737615109,0.3143200303731379,0.3243929294041474,781388000
2011-09-28,0.3072231411933899,0.3255374961414753,0.3021867065456543,0.31752495050078117,1236532000
2011-09-29,0.29966849088668823,0.3179828467704595,0.29188488486024755,0.3127174718417942,866416000
2011-09-30,0.2863907217979431,0.29646359599042665,0.28593284155150045,0.29486109699941987,677784000
2011-10-03,0.27036571502685547,0.2916561691473045,0.27036571502685547,0.28272791155254967,949896000
2011-10-04,0.2953188419342041,0.2953188419342041,0.26258194455678496,0.26372659017317707,1361548000
2011-10-05,0.30584970116615295,0.3085968734537569,0.2886800108211974,0.29463215376647367,856708000
2011-10-06,0.3179829716682434,0.3188986775413782,0.3069943374475486,0.307452217674629,773192000
2011-10-07,0.3239350914955139,0.32874261521546233,0.3127175725363157,0.3193565078729006,806976000
2011-10-10,0.3383576273918152,0.3383576273918152,0.328742580953996,0.32942937388391286,534376000
2011-10-11,0.33469465374946594,0.3411046737685809,0.3335500082921419,0.3356103591991251,816080000
2011-10-12,0.33446577191352844,0.34133367314246826,0.3342368591565504,0.34110473309498507,612064000
2011-10-13,0.35392478108406067,0.354611573947107,0.33194757320961005,0.33286327883333483,854832000
2011-10-14,0.3598771393299103,0.36376893121925624,0.35117782215397697,0.3601060522113307,702452000
2011-10-17,0.34202057123184204,0.3557563517216292,0.34018913201383605,0.3557563517216292,611780000
2011-10-18,0.35438272356987,0.3552984567158199,0.338128739957012,0.34018909177700246,590916000
2011-10-19,0.34728583693504333,0.3610216130023622,0.3463701312661253,0.35484050422039126,557568000
2011-10-20,0.3298872411251068,0.3392733478987327,0.31683825675921,0.3378997619790038,990308000
2011-10-21,0.3314898908138275,0.3395024426075257,0.3259955992135724,0.3340081237167488,628428000
2011-10-24,0.3438520133495331,0.3491173909117596,0.33217661211548805,0.33286340523934643,535256000
2011-10-25,0.3308028280735016,0.3417914287068271,0.3301160354169505,0.33904425808062266,577996000
2011-10-26,0.33469465374946594,0.33904429557109733,0.32507961007554337,0.33721288467177907,503116000
2011-10-27,0.34911736845970154,0.3525513065676379,0.3392734070921811,0.3470570165111454,577732000
2011-10-28,0.3571298122406006,0.36033483681142026,0.3452255015402188,0.34614120725159114,490156000
2011-10-31,0.33881545066833496,0.34774370339676575,0.33881545066833496,0.3456833247868944,519984000
2011-11-01,0.3218747675418854,0.3273690574466763,0.3186697423553295,0.3264533515593823,790824000
2011-11-02,0.31638041138648987,0.32668225144776997,0.3097414762948643,0.3250797254065754,961608000
2011-11-03,0.3353815972805023,0.33606839032180147,0.31134400457810785,0.3198143793127637,749372000
2011-11-04,0.3392733633518219,0.34041800924022875,0.32714011147660693,0.33240548802138065,654840000
2011-11-07,0.33744189143180847,0.3424783546800644,0.32965831106897153,0.33675509850790925,613536000
2011-11-08,0.34522560238838196,0.34728595448609906,0.3362973462870701,0.34179166403184263,549728000
2011-11-09,0.3278268277645111,0.3415625752115737,0.3264532421036031,0.3372129327695389,532244000
2011-11-10,0.3312607407569885,0.3392732595237592,0.3230192819663949,0.3358393229094289,990484000
2011-11-11,0.342936247587204,0.3456833923131576,0.3221036538180651,0.3406469557671575,1751560000
2011-11-14,0.33629724383354187,0.34637014298497426,0.33538153813364247,0.3429362056745898,500292000
2011-11-15,0.3406469523906708,0.34316515699345485,0.3321765509080482,0.3330922840012968,505660000
2011-11-16,0.33377891778945923,0.34316502136517246,0.33263427234317716,0.3342367978003722,512420000
2011-11-17,0.3218747675418854,0.3340080206463549,0.31592259740293405,0.33309231475906087,657504000
2011-11-18,0.31889864802360535,0.32370617163885307,0.3154647103814314,0.32370617163885307,501352000
2011-11-21,0.3349236845970154,0.3381286818306,0.3090546574965477,0.3138621806374325,1330788000
2011-11-22,0.34522560238838196,0.3470570416366395,0.33675519927650543,0.33858663852476295,1287480000
2011-11-23,0.3305741250514984,0.3440809660105791,0.3303451849050413,0.3415627335616185,825340000
2011-11-25,0.3214169144630432,0.33377908038887966,0.32050118128562094,0.3262244113050848,406620000
2011-11-28,0.3395023047924042,0.34453874126327017,0.33194763644084974,0.33194763644084974,690616000
2011-11-29,0.3413337171077728,0.3456833602461662,0.33583940087502956,0.33904439820958165,623440000
2011-11-30,0.35781654715538025,0.3587322800087899,0.34865938236430577,0.3516354663795057,730324000
2011-12-01,0.36216628551483154,0.3630819912514632,0.3532380317753831,0.3548405304597429,529760000
2011-12-02,0.3598771393299103,0.36743181022718185,0.356443200493925,0.36605822377657976,546464000
2011-12-05,0.35438272356987,0.3662870634336315,0.3514066386039296,0.36582921050591277,644696000
2011-12-06,0.3493461310863495,0.35712970926009757,0.3456832547160561,0.3564429438198553,573832000
2011-12-07,0.34728583693504333,0.3498040684603283,0.3399601097121784,0.34705692416306727,510016000
2011-12-08,0.33629724383354187,0.34957514022513,0.3351525980634137,0.3438519113744892,491488000
2011-12-09,0.3411048352718353,0.3438519802120066,0.32920049504690446,0.33377907904402765,555840000
2011-12-12,0.33263444900512695,0.3351526812405792,0.3264533657705342,0.33377909505932984,573208000
2011-12-13,0.3234770596027374,0.34110461862840175,0.32141670902881364,0.3369838901900582,516596000
2011-12-14,0.3108861744403839,0.32256157512692674,0.30745223627263774,0.3207301359793592,636020000
2011-12-15,0.3081388473510742,0.31821174395963486,0.30745208189477546,0.3161513930097366,435148000
2011-12-16,0.3092835545539856,0.31660930892780226,0.3079099960767748,0.31065714032170283,619116000
2011-12-19,0.3012710511684418,0.3143200348084378,0.3001264053958462,0.3106571574199288,463276000
2011-12-20,0.31821179389953613,0.3193564395603418,0.308138895710143,0.308138895710143,445208000
2011-12-21,0.3140910267829895,0.31981425440772654,0.3079099464063739,0.3163803178328843,548424000
2011-12-22,0.3275979459285736,0.32851365167153634,0.31500684186503597,0.31500684186503597,576560000
2011-12-23,0.3243929445743561,0.3296583207583337,0.3216457727980138,0.3292004406019374,248948000
2011-12-27,0.3218747675418854,0.3269112045030293,0.32095903436407797,0.3230194135462596,195712000
2011-12-28,0.31386229395866394,0.32256161039282655,0.3136333538062448,0.32187481722608674,233960000
2011-12-29,0.3198142945766449,0.32050108743597544,0.3124885677549651,0.31706715042982814,211112000
2011-12-30,0.31729620695114136,0.32210370415015427,0.3168383266831745,0.31866976588349555,186956000
2012-01-03,0.3214169144630432,0.3296583766072765,0.3207301214026049,0.32736905730897753,468044000
2012-01-04,0.3250797688961029,0.32645335503216943,0.3186697457453152,0.3216458308464502,347372000
2012-01-05,0.3367551565170288,0.338357682712346,0.3221036716818566,0.32347725776626773,563548000
2012-01-06,0.33286339044570923,0.33675518158725387,0.32897159930416464,0.3365262687498187,533252000
2012-01-09,0.33286339044570923,0.3392734138326435,0.3305740983282695,0.3330923305736591,508244000
2012-01-10,0.3314898908138275,0.33812885606220106,0.3292005980986342,0.337899915874473,546328000
2012-01-11,0.3248508870601654,0.33148982367335644,0.32347730079304904,0.32851373828828184,484272000
2012-01-12,0.3227902948856354,0.32576637830896343,0.31569348266773767,0.3255374656090141,652364000
2012-01-13,0.31432002782821655,0.32118790231127264,0.3127175292402716,0.3205011094048656,504300000
2012-01-17,0.3095126152038574,0.3191276647430636,0.3090547621997326,0.3191276647430636,627176000
2012-01-18,0.32004332542419434,0.32256155752600396,0.3138622425176317,0.3154647414503682,632676000
2012-01-19,0.3285137116909027,0.3289715919365478,0.3193565434262268,0.3227904815254803,608312000
2012-01-20,0.32553765177726746,0.3319476749800803,0.3243930057514264,0.32805585665980946,546272000
2012-01-23,0.33446577191352844,0.33469471196101164,0.32164572964558164,0.3257664594667435,562792000
2012-01-24,0.34202057123184204,0.34339415746797547,0.3319476964685826,0.332176609314261,730920000
2012-01-25,0.3399602472782135,0.340875953317675,0.3232483800886385,0.332863429955574,1274152000
2012-01-26,0.3367551565170288,0.3488884365847975,0.33492374479183085,0.3449966184424702,799672000
2012-01-27,0.3413337171077728,0.34316512856151193,0.331947610600071,0.3346947550711883,449996000
2012-01-30,0.33881545066833496,0.340417949171231,0.33034505075637366,0.33538151360905527,399076000
2012-01-31,0.33812862634658813,0.3399600647326165,0.33217645841462184,0.3397311247004242,357900000
2012-02-01,0.3417915105819702,0.34568330018069665,0.3372129281621735,0.34202042332865773,428020000
2012-02-02,0.35461166501045227,0.35598522379876574,0.34018909305431644,0.34362305825138156,696236000
2012-02-03,0.36216628551483154,0.3651423700946477,0.3591902009350154,0.3598769938827436,495232000
2012-02-06,0.35941916704177856,0.36079272574619226,0.35621414215045805,0.36033487284472104,278868000
2012-02-07,0.3603348433971405,0.36239519493063876,0.3539248214288555,0.3598769905330863,410296000
2012-02-08,0.37338387966156006,0.380480668273782,0.3585034548186472,0.3603348938216605,847612000
2012-02-09,0.3731548488140106,0.38002272293739897,0.3724680559435706,0.3779623716165848,561944000
2012-02-10,0.36399784684181213,0.37086572405058715,0.36193746730486875,0.3694921376926249,440268000
2012-02-13,0.3697209656238556,0.3745284891269275,0.3621662975292468,0.37315490318590416,610668000
2012-02-14,0.3717813193798065,0.37498634416376236,0.36651594296299406,0.3697209677469499,453756000
2012-02-15,0.37017881870269775,0.38689068092876444,0.36926311293520553,0.3752152822954345,1110856000
2012-02-16,0.3765887916088104,0.3795648758990205,0.3433940388832445,0.3447676246450357,1888588000
2012-02-17,0.36285310983657837,0.37933600555470015,0.3594191720915317,0.37681780091597267,1020360000
2012-02-21,0.3646845519542694,0.3736127792534202,0.3619373799017508,0.36262417291488047,518176000
2012-02-22,0.36216628551483154,0.37178130491149924,0.36170843264651575,0.3628530784625597,492432000
2012-02-23,0.3642265498638153,0.36628692821370085,0.3571297365872692,0.3628529915877274,323968000
2012-02-24,0.36147943139076233,0.365829101129902,0.3598769329776074,0.36537122104856834,366668000
2012-02-27,0.35415369272232056,0.35850333502181003,0.34911723032438113,0.35690083666360356,745268000
2012-02-28,0.350948691368103,0.35827444540505127,0.34728581434962896,0.3541537155818942,699884000
2012-02-29,0.3468279540538788,0.35804549762410454,0.34659904130173413,0.3520933294202701,689196000
2012-03-01,0.34911736845970154,0.35323809964732805,0.34682807638774393,0.3482016625471242,449944000
2012-03-02,0.3520934283733368,0.35712986511252953,0.3479726974810838,0.3479726974810838,684076000
2012-03-05,0.34018903970718384,0.3502619390277857,0.3376708353449146,0.3495751460960729,514848000
2012-03-06,0.3369840383529663,0.3390443898327718,0.3310318694038492,0.3362972454295285,471400000
2012-03-07,0.33904436230659485,0.3404179480419524,0.3342368668138548,0.3388154495443724,441984000
2012-03-08,0.34018903970718384,0.3436230043657479,0.3381286882025537,0.33996012692361843,430852000
2012-03-09,0.3392733633518219,0.3436230341020744,0.3374419244722688,0.341104802231375,367836000
2012-03-12,0.3340079188346863,0.3429361713216201,0.33309221322651594,0.3406468800106891,299948000
2012-03-13,0.3385864794254303,0.3404179178131082,0.3337789570690887,0.33538148271487145,553288000
2012-03-14,0.3289715349674225,0.33927334748118276,0.32782688913256025,0.3385865545221636,735708000
2012-03-15,0.33377891778945923,0.3356103559616106,0.32874248328391803,0.32988712873020015,382380000
2012-03-16,0.3342369496822357,0.3356105084676382,0.3321765705683633,0.33400800957274573,428340000
2012-03-19,0.33515262603759766,0.337670857858272,0.33355012728376404,0.3360683591044384,405400000
2012-03-20,0.32965824007987976,0.33332108940106575,0.32668215624419594,0.33332108940106575,449616000
2012-03-21,0.331031858921051,0.3340079433013658,0.32599542312617596,0.3296583004081799,467840000
2012-03-22,0.3305741250514984,0.3333212703563992,0.3275980396001405,0.3285137456049351,425372000
2012-03-23,0.3330923318862915,0.33400803782067007,0.32736907427962353,0.3296583936965996,315456000
2012-03-26,0.3369840383529663,0.3385865369806492,0.33309224817416266,0.3362972454295285,288600000
2012-03-27,0.3392733633518219,0.34339409400818877,0.3376708645661544,0.3383576575573007,419968000
2012-03-28,0.3470570147037506,0.35163559882382156,0.3411048444314528,0.3436230766136974,892448000
2012-03-29,0.3486595153808594,0.35140666040814006,0.34224949212352845,0.34659916343302744,372700000
2012-03-30,0.35255134105682373,0.35461172049745565,0.3465991974617597,0.3516356350546652,527240000
2012-04-02,0.350948691368103,0.35461156838657715,0.34591225593558,0.3516354842203801,407776000
2012-04-03,0.34522560238838196,0.3539249183497181,0.34339416314012444,0.3534670653602828,430476000
2012-04-04,0.3353815972805023,0.3443098249458533,0.33332121815660487,0.33996018116847976,495896000
2012-04-05,0.3349236845970154,0.33996012051715174,0.33377901153872624,0.33583939029503734,369424000
2012-04-09,0.3305741250514984,0.3317187712027502,0.3241641011463853,0.3296584190467038,365504000
2012-04-10,0.3241640627384186,0.3337790838116122,0.3225615637746386,0.32920049974909016,470360000
2012-04-11,0.32828477025032043,0.3353815859532001,0.3273690371293457,0.3285136830626803,372960000
2012-04-12,0.33606836199760437,0.33789977356603196,0.3273690205950217,0.3287426065618527,384868000
2012-04-13,0.3241640627384186,0.3349237571177564,0.323935122619087,0.33309231803464484,311324000
2012-04-16,0.32027217745780945,0.3273689642911731,0.3150068018778908,0.32645325866445063,463468000
2012-04-17,0.3209589719772339,0.3250797022501111,0.3198143261953518,0.32118791204981356,460696000
2012-04-18,0.317525178194046,0.32050126403061696,0.313633386234155,0.3188987646695466,400764000
2012-04-19,0.31271764636039734,0.3253087542950001,0.31111511988176116,0.3134044122335071,667188000
2012-04-20,0.306536465883255,0.31546472041107154,0.30584967287488274,0.31454898730307146,509592000
2012-04-23,0.3028736412525177,0.3042472275106255,0.2955479115538136,0.30127114214506934,706244000
2012-04-24,0.29348742961883545,0.30630749987049377,0.29188493107131813,0.3037892683740333,730440000
2012-04-25,0.2994396984577179,0.3017289906602749,0.29234288171358486,0.29783719937403114,727112000
2012-04-26,0.29966849088668823,0.3021867219844636,0.29715025978891285,0.29921063812995696,539208000
2012-04-27,0.29715031385421753,0.30104213122078954,0.29394531668346,0.29921069257013927,475356000
2012-04-30,0.2976081371307373,0.2992106628474331,0.2934874073987422,0.295547785909992,262268000
2012-05-01,0.3028736412525177,0.30607866675793055,0.2960057645430108,0.2960057645430108,408680000
2012-05-02,0.2941742241382599,0.3028735371036463,0.29257172558186134,0.3017288913790035,684008000
2012-05-03,0.2891378104686737,0.2966924782858261,0.28730637171140816,0.2948610395285606,419536000
2012-05-04,0.28066736459732056,0.2889088240375002,0.28066736459732056,0.2873063256159387,545092000
2012-05-07,0.2854749858379364,0.290511450176041,0.2831856937898939,0.28570392595894617,604440000
2012-05-08,0.28524598479270935,0.2870773960323528,0.2779202306721136,0.2829566661621441,462312000
2012-05-09,0.2863907217979431,0.2886800138680997,0.2774624663500237,0.28020961137610884,520608000
2012-05-10,0.28433021903038025,0.28959559396224843,0.2797516368792779,0.28913774120523866,597092000
2012-05-11,0.30241578817367554,0.31317548351445973,0.3012711420557637,0.30791010591396206,1435140000
2012-05-14,0.3005843758583069,0.30516296074018073,0.29371649853549614,0.2998975826679221,437472000
2012-05-15,0.2976081371307373,0.30722318226889406,0.29623457874707526,0.30058422123109513,599940000
2012-05-16,0.2916559875011444,0.30149994509702976,0.29074025464890874,0.2980660083047793,470484000
2012-05-17,0.28959566354751587,0.29554783269036217,0.28959566354751587,0.2928006881977057,335364000
2012-05-18,0.2765467166900635,0.2916560816606428,0.2751731579040199,0.2902824955840867,567288000
2012-05-21,0.28135421872138977,0.28272780469080383,0.27517313644004743,0.27700457530242933,416260000
2012-05-22,0.27792033553123474,0.28158321397353375,0.2737996041062773,0.2811253609908753,410140000
2012-05-23,0.2847881019115448,0.28524598200749024,0.2708234139573328,0.2749441437873056,496000000
2012-05-24,0.27723342180252075,0.2868484667079337,0.27517307063164875,0.2863906139244626,520420000
2012-05-25,0.2838725447654724,0.2861618372804747,0.2770046672204657,0.2770046672204657,391752000
2012-05-29,0.2911982536315918,0.29302969296506964,0.28730646210452476,0.2884511082766337,310000000
2012-05-30,0.28776419162750244,0.29005348298932065,0.28272775608960354,0.28799313167988655,379792000
2012-05-31,0.2845592200756073,0.28890886313570013,0.2808963426530494,0.2877642173524643,358192000
2012-06-01,0.2742574214935303,0.2813542373204575,0.2737995685702958,0.2786070924905384,440984000
2012-06-04,0.26853421330451965,0.2772335287070453,0.2662449212138821,0.2756310297017019,432856000
2012-06-05,0.2763177156448364,0.27700450846382674,0.26716055083297563,0.26716055083297563,365224000
2012-06-06,0.2836434543132782,0.2843302471619953,0.276317727604808,0.2783780788604541,368968000
2012-06-07,0.2721969187259674,0.2893666257938317,0.2719679787460703,0.28776410051554646,526780000
2012-06-08,0.2774624228477478,0.2783781286160348,0.2726548993379665,0.27311275222210996,370308000
2012-06-11,0.28066736459732056,0.29142705533602853,0.279980599052726,0.2863906200294763,839080000
2012-06-12,0.2863907217979431,0.28913786682402826,0.28341463664863664,0.2838724896045651,496128000
2012-06-13,0.2788360118865967,0.28684853296485513,0.2774624259284055,0.2861617399857595,494276000
2012-06-14,0.2754019796848297,0.2806673548503955,0.2726548357303399,0.27837806367323675,589884000
2012-06-15,0.28135421872138977,0.2815831588131289,0.27494419634830825,0.2774624281953972,385288000
2012-06-18,0.2838725447654724,0.2861618372804747,0.2770046672204657,0.27929395973546794,304424000
2012-06-19,0.3031025230884552,0.3074521938754292,0.2941742687091996,0.2955478547030884,960476000
2012-06-20,0.3079100549221039,0.31363328456385997,0.30424717703517534,0.3060786159786396,972720000
2012-06-21,0.29394543170928955,0.307681186028439,0.2932586385352285,0.307681186028439,516376000
2012-06-22,0.2976081371307373,0.30104210131615367,0.2934874073987422,0.2976081371307373,865360000
2012-06-25,0.2882220149040222,0.29875276500536946,0.2870773693404194,0.2978370594706884,494616000
2012-06-26,0.29142704606056213,0.29348739720977846,0.2857038181010683,0.2898245476900046,437152000
2012-06-27,0.300813227891922,0.3028735795689541,0.2916560608108715,0.2916560608108715,506064000
2012-06-28,0.3031025230884552,0.30493396198347,0.2955478547030884,0.29806608659504763,545896000
2012-06-29,0.31638041138648987,0.31706720436264324,0.3099703890932421,0.3101993291821299,616508000
2012-07-02,0.3079100549221039,0.31821186827726483,0.30539182296352657,0.31798295546590155,581684000
2012-07-03,0.31592264771461487,0.3166094408847161,0.30768118425443597,0.3079101244079756,219284000
2012-07-05,0.31271764636039734,0.3152358515730074,0.3079101215055238,0.3138622925362703,280076000
2012-07-06,0.3067653477191925,0.3113439305180526,0.3033314106200475,0.3104281975839769,382760000
2012-07-09,0.30264467000961304,0.30630754779749175,0.30012643811913253,0.3049339618044095,306336000
2012-07-10,0.29348742961883545,0.3083678512472294,0.2911981381822374,0.299439598270193,512028000
2012-07-11,0.28867995738983154,0.2980660639573516,0.2873063715002646,0.29440318644551233,485216000
2012-07-12,0.2838725447654724,0.28593289711276665,0.2813543120827622,0.2854750440678701,472160000
2012-07-13,0.28753527998924255,0.2889088384373976,0.2822699043783838,0.2841013429330963,324260000
2012-07-16,0.2884509563446045,0.2907402474830138,0.2829566412381203,0.2857038124366139,334460000
2012-07-17,0.2831856608390808,0.2909692692710514,0.27837813718137805,0.2893667704819874,447476000
2012-07-18,0.29898175597190857,0.30310248616102947,0.28112527667938964,0.2824988352154249,616008000
2012-07-19,0.3019578754901886,0.30584966606361275,0.29898179071386044,0.30104216969309255,403036000
2012-07-20,0.2932584881782532,0.3021867402823943,0.29005346410606,0.3001263618165907,451000000
2012-07-23,0.29715031385421753,0.29921069257013927,0.28226991916475846,0.28547491633551597,451584000
2012-07-24,0.29394543170928955,0.2994397225207422,0.29051149312950214,0.29760828315341864,351164000
2012-07-25,0.29966849088668823,0.3026445747411949,0.29165597212713307,0.2930295303973269,415044000
2012-07-26,0.3010421693325043,0.30859683766628493,0.2987528502614849,0.30516287270501125,338440000
2012-07-27,0.3085968792438507,0.30951258516322383,0.2998975365572339,0.30218685593669553,376516000
2012-07-30,0.30516287684440613,0.31248863247381287,0.3026446722259947,0.30859684185225994,363552000
2012-07-31,0.3099703788757324,0.3143200493876527,0.30470500261946537,0.3051628554916388,387788000
2012-08-01,0.306536465883255,0.31477792740269933,0.30516287986651053,0.3118018425600938,335912000
2012-08-02,0.3076811134815216,0.31225969717500524,0.2998975048282925,0.30493396872353373,367912000
2012-08-03,0.3140910267829895,0.31729605062714344,0.3051627753140985,0.31248852850616354,326548000
2012-08-06,0.3207300007343292,0.3223324990787683,0.316609271212555,0.3170671239837515,360324000
2012-08-07,0.3239350914955139,0.3273690292124739,0.3221036525883664,0.32462188449700813,407340000
2012-08-08,0.3257664740085602,0.3292004111310643,0.32279038971095536,0.32370612265126025,517064000
2012-08-09,0.3367551565170288,0.33744194955923434,0.32576654971327784,0.3262244026445773,822300000
2012-08-10,0.33469465374946594,0.3484303992373549,0.3303449846373342,0.3456832555978772,1278744000
2012-08-13,0.33904436230659485,0.339273302359323,0.33377898670839845,0.335152572443756,447244000
2012-08-14,0.3340079188346863,0.3406468800106891,0.33263433313192564,0.34018899991609886,388828000
2012-08-15,0.3314898908138275,0.337899915874473,0.3298873913712966,0.33515277007434546,594404000
2012-08-16,0.3383576273918152,0.33950227317817383,0.3333211640994306,0.3344658098857892,371008000
2012-08-17,0.3353815972805023,0.3383576822657902,0.3324055122952144,0.3383576822657902,309864000
2012-08-20,0.3353815972805023,0.33583945021119754,0.330345133171317,0.33423695130850795,314392000
2012-08-21,0.33446577191352844,0.3385865017346903,0.3310318349443111,0.3365261504693619,340248000
2012-08-22,0.33515262603759766,0.3365262119926037,0.33126083555242747,0.3324054814180958,313556000
2012-08-23,0.3275979459285736,0.33469476095331663,0.3262243600236204,0.3344658208723214,379040000
2012-08-24,0.3342369496822357,0.33583944857712816,0.32691119366470606,0.3275979867026635,347724000
2012-08-27,0.3285137116909027,0.33492376222479275,0.3282847988585943,0.3340080290240167,340944000
2012-08-28,0.32714012265205383,0.3303451203328749,0.3253086837099369,0.32599547672454465,310764000
2012-08-29,0.3278268277645111,0.3298871789653688,0.3262243020632837,0.3269110948937377,250412000
2012-08-30,0.3216457962989807,0.32828475885620356,0.3200432975060341,0.32714011296259726,307488000
2012-08-31,0.3211880624294281,0.32622450076965825,0.3179830636557873,0.32393520813405174,485064000
2012-09-04,0.30401813983917236,0.3170671210873386,0.3010420832083303,0.31592247552455227,694452000
2012-09-05,0.30493399500846863,0.30951257909662055,0.30172896977245395,0.3051629078385679,480256000
2012-09-06,0.31432002782821655,0.3225614881240868,0.3069942732138842,0.3072232132795223,657296000
2012-09-07,0.3067653477191925,0.3088256990624771,0.2964635091312512,0.3063074948974077,781064000
2012-09-10,0.30401813983917236,0.3104281604488763,0.3033313743339029,0.30607851822648946,371108000
2012-09-11,0.3076811134815216,0.312488637275884,0.3026446768767919,0.3037893228001628,382808000
2012-09-12,0.31111499667167664,0.31271752251566853,0.30722320667306774,0.31019929100982985,322608000
2012-09-13,0.31317541003227234,0.31500684884931324,0.30722324069951684,0.3138622029999764,433836000
2012-09-14,0.31683823466300964,0.3223325506682441,0.3129464445492024,0.3129464445492024,339468000
2012-09-17,0.3081388473510742,0.31752495121283514,0.3047049109075765,0.31752495121283514,493348000
2012-09-18,0.3101993799209595,0.31386225819923524,0.3044761496677252,0.30470506250354584,359952000
2012-09-19,0.31386229395866394,0.3182119385304864,0.307223329734203,0.31088620842980336,451936000
2012-09-20,0.3115728497505188,0.3147778741505462,0.30905464553318307,0.31317537559578584,320596000
2012-09-21,0.31294652819633484,0.3147779673542697,0.3108861762002299,0.3120308222626248,340136000
2012-09-24,0.31271764636039734,0.31317549937264305,0.3074522684932781,0.3079101215055238,357832000
2012-09-25,0.30699422955513,0.3182117726564722,0.30653637677947393,0.31683818703900063,481544000
2012-09-26,0.3017289340496063,0.3060786047926847,0.298066083587052,0.3058496646991767,436812000
2012-09-27,0.30401813983917236,0.3044760198966892,0.2998974103550411,0.3024156415093721,558888000
2012-09-28,0.305391788482666,0.3097414588935995,0.2987528264735071,0.30264464402289715,485508000
2012-10-01,0.30035531520843506,0.30859677485707254,0.2992106695511524,0.3067653363473192,504236000
2012-10-02,0.30149996280670166,0.30241566842222084,0.2980660258127467,0.30241566842222084,295492000
2012-10-03,0.29852405190467834,0.30310263722101505,0.2969215525020647,0.30218693107395617,430872000
2012-10-04,0.3118017911911011,0.3136332298148625,0.29760816232483006,0.2992106881771881,502608000
2012-10-05,0.3044761121273041,0.3159225712224801,0.3033314662177865,0.3127175735920353,483068000
2012-10-08,0.30149996280670166,0.3047049597515241,0.2992106714773984,0.3033314013282454,240596000
2012-10-09,0.295089989900589,0.30195786501202077,0.2941742568447589,0.30104215924670047,366360000
2012-10-10,0.2900535762310028,0.29509004067844763,0.2889089301821316,0.2937164545035964,326568000
2012-10-11,0.2916559875011444,0.2937163386602932,0.2893666963063108,0.29280063309856125,320516000
2012-10-12,0.2891378104686737,0.29188495495931766,0.28730637171140816,0.2895956633353629,260696000
2012-10-15,0.29280075430870056,0.2930296671486443,0.2861617907210624,0.28959572893485336,249580000
2012-10-16,0.3012710511684418,0.30218678416082295,0.2925717378386137,0.2953188822347415,367696000
2012-10-17,0.29898175597190857,0.30035534179845136,0.2946320857148613,0.2976081701453657,391752000
2012-10-18,0.2944031059741974,0.29829489521018787,0.2932584604759354,0.29829489521018787,254772000
2012-10-19,0.27723342180252075,0.29211384194411133,0.27563092341511986,0.2900534634827354,709412000
2012-10-22,0.27402856945991516,0.27998074065376133,0.27173927704543865,0.2783782141312132,480840000
2012-10-23,0.2822698652744293,0.2841013035754255,0.2708233827158288,0.2715101754900151,573948000
2012-10-24,0.27860701084136963,0.28524597179943423,0.27585986681653446,0.2841013261815442,332916000
2012-10-25,0.2788360118865967,0.28387244824911423,0.27769136601827404,0.2808963635333734,307356000
2012-10-26,0.27585992217063904,0.2808963584418665,0.27585992217063904,0.2792938597133636,389376000
2012-10-31,0.2742574214935303,0.2792938855206462,0.27357065575393463,0.27700459361396157,347112000
2012-11-01,0.2873063385486603,0.28753527860083355,0.27540200164576384,0.27563094169793706,473220000
2012-11-02,0.2859327495098114,0.2907402722258055,0.2841013382756283,0.29028241941725974,256700000
2012-11-05,0.29806599020957947,0.29921063573750634,0.2852459493805977,0.2852459493805977,444840000
2012-11-06,0.29783719778060913,0.29875290374052665,0.29280076042003167,0.29875290374052665,350804000
2012-11-07,0.28867995738983154,0.2973792710125681,0.2873063715002646,0.2955478322566485,324620000
2012-11-08,0.2902824282646179,0.2994395938766512,0.28959563538561417,0.2918849267886225,839024000
2012-11-09,0.2790648639202118,0.2953188426273301,0.27814915834115056,0.2918849057700942,846280000
2012-11-12,0.27288389205932617,0.2806674744625978,0.27013671964356895,0.27952282838620407,643624000
2012-11-13,0.27082347869873047,0.27769138158415396,0.2705945658865404,0.27151027171632397,492120000
2012-11-14,0.2641845643520355,0.2751731716415325,0.26395562423100927,0.2724260266417867,619300000
2012-11-15,0.26532918214797974,0.27265491046476137,0.26349774324615655,0.26578703505080775,466688000
2012-11-16,0.26052165031433105,0.26624487964740745,0.25525627386979877,0.2653291738703193,624552000
2012-11-19,0.26784729957580566,0.2687630323739062,0.2621240719270602,0.26532909578465896,404092000
2012-11-20,0.26473698019981384,0.267962655924484,0.26197208390257104,0.2668106249561611,336976000
2012-11-21,0.2723403573036194,0.27303155382814887,0.26450653118199696,0.26473694833456113,422312000
2012-11-23,0.27418360114097595,0.2774092763481693,0.27210992925071126,0.27349237717755437,276932000
2012-11-26,0.2790220379829407,0.27971326175816397,0.2741835264895234,0.27464433318414794,364600000
2012-11-27,0.2801741361618042,0.28432145234884315,0.2755660131687786,0.2778700746652914,451404000
2012-11-28,0.28247812390327454,0.283860571426857,0.27556594121850714,0.27902203256089086,398332000
2012-11-29,0.2774091958999634,0.28432137859649664,0.27648758252705463,0.28293895853713347,488688000
2012-11-30,0.27579647302627563,0.27925256580639785,0.274183635222202,0.2771788936583742,460504000
2012-12-03,0.27072739601135254,0.2792524430961433,0.27003619973232346,0.2792524430961433,391380000
2012-12-04,0.27879175543785095,0.2792525623094467,0.269575480673019,0.2711883459234793,528068000
2012-12-05,0.2755659520626068,0.27833081975200263,0.27164905388041494,0.27648759293678776,633024000
2012-12-06,0.2760268449783325,0.2778700998358278,0.2739532004302642,0.2748748141257208,412896000
2012-12-07,0.2755659520626068,0.2776396234295838,0.27234027766940727,0.27625717585159915,338288000
2012-12-10,0.2847822606563568,0.28685593249409963,0.2748747906757983,0.27556601462171254,513644000
2012-12-11,0.29146403074264526,0.2951505398298533,0.28501265357332,0.2857038774604937,816724000
2012-12-12,0.2884688377380371,0.2939986031361772,0.28731680671341453,0.2923857651950228,399404000
2012-12-13,0.288699209690094,0.29422894675513167,0.2859343411575752,0.2880079856903188,377556000
2012-12-14,0.29008159041404724,0.29307687569096386,0.28777752904204645,0.28985120075679405,338660000
2012-12-17,0.2889295220375061,0.29100319348174547,0.2845518169884027,0.28939035622505344,445232000
2012-12-18,0.2893904149532318,0.2926160901212265,0.2880079670431883,0.2889295806721639,416436000
2012-12-19,0.29146403074264526,0.29492012271193624,0.29031200008621494,0.29146403074264526,458544000
2012-12-20,0.2912336587905884,0.2928464963142931,0.28800795627659986,0.2926160791823728,334332000
2012-12-21,0.2845519185066223,0.2873167872854426,0.28132621537584507,0.2873167872854426,462172000
2012-12-24,0.28224775195121765,0.28524303679531715,0.28132611105564714,0.2843213958997466,127376000
2012-12-26,0.28201737999916077,0.2861646960265942,0.2808653492952392,0.2815565732109079,196740000
2012-12-27,0.2801741361618042,0.2829390319308832,0.2769484610533181,0.282478197658317,299804000
2012-12-28,0.27879175543785095,0.28316946191788556,0.27717889018739067,0.2776397245255699,220600000
2012-12-31,0.28247812390327454,0.2836301543507358,0.2771787783516384,0.2778700021134296,326460000
2013-01-02,0.29307690262794495,0.29330731977295416,0.2882383897819778,0.28939042057386244,478836000
2013-01-03,0.29330721497535706,0.29653288905348024,0.28985112383455186,0.29307679791267505,298888000
2013-01-04,0.3029843866825104,0.3039060002876661,0.29284649969290033,0.2937681132980561,524968000
2013-01-07,0.2942289113998413,0.3036755741729428,0.292155267116272,0.30275396059504056,610732000
2013-01-08,0.28777751326560974,0.29584175509209554,0.2857038691311209,0.29492011411387425,466424000
2013-01-09,0.2813260853290558,0.2914639694538017,0.27948285863962163,0.29008152197015447,695020000
2013-01-10,0.2817869484424591,0.2852430400403749,0.2801740837235055,0.2838605924145788,506368000
2013-01-11,0.2813260853290558,0.28316933948506157,0.27856121782833293,0.2829389498821681,513172000
2013-01-14,0.2810957133769989,0.2831693572661084,0.27787001153479446,0.2831693572661084,305684000
2013-01-15,0.2760268449783325,0.279713354693323,0.2744140072779925,0.279713354693323,375888000
2013-01-16,0.27856117486953735,0.28086523534257696,0.27556589076127236,0.27556589076127236,337376000
2013-01-17,0.28224775195121765,0.2833997824707502,0.27879166039262,0.2794828841976544,580736000
2013-01-18,0.2804045081138611,0.2822477625073662,0.2769484164260046,0.2822477625073662,397088000
2013-01-22,0.2790220379829407,0.282708546473083,0.277639617899067,0.2801740684527885,308224000
2013-01-23,0.279482901096344,0.2801740974765968,0.27648761607113725,0.2799437078387045,421808000
2013-01-24,0.28086531162261963,0.28201734217201874,0.2771788028779125,0.2785612505238214,396980000
2013-01-25,0.2859342396259308,0.2861646292329928,0.27994367037716406,0.2813260904192526,393920000
2013-01-28,0.2905424237251282,0.2923856783101026,0.2866254974320908,0.2873167213347785,422492000
2013-01-29,0.28432154655456543,0.29008170220438945,0.2831695154246006,0.28939050549968154,388872000
2013-01-30,0.28386056423187256,0.28846868590491587,0.2829389508838926,0.2845517879761434,287592000
2013-01-31,0.28247812390327454,0.2870862731596919,0.28063489716059453,0.283860571426857,470544000
2013-02-01,0.28501269221305847,0.28593433334309787,0.28247821343867646,0.2847822750639033,288816000
2013-02-04,0.2801741361618042,0.2891599924781519,0.2799437464921007,0.28339983873686986,511744000
2013-02-05,0.2866254150867462,0.2882382795518461,0.2806348737398398,0.2815564870342654,367296000
2013-02-06,0.28432154655456543,0.286625608814495,0.27810058394607323,0.2797134220347062,530688000
2013-02-07,0.2831694185733795,0.28570389717908073,0.28040455030043776,0.28339983570719934,440000000
2013-02-08,0.28501269221305847,0.2873167538382853,0.28316943741956074,0.28501269221305847,307232000
2013-02-11,0.28823840618133545,0.2912336919039688,0.28455189645092793,0.28731676501544245,408308000
2013-02-12,0.2863950729370117,0.2896207474683958,0.2852430423948639,0.28570384911840807,277804000
2013-02-13,0.28501269221305847,0.29192487708873904,0.28409107854960014,0.28662552985740103,856396000
2013-02-14,0.29330721497535706,0.29353763203803906,0.27763959631039264,0.28109568745119784,882096000
2013-02-15,0.29330721497535706,0.29468966241830746,0.28685583935253983,0.2926159912538819,733860000
2013-02-19,0.2893904149532318,0.29376812089073606,0.2875471602287005,0.2935377312167822,433552000
2013-02-20,0.28524306416511536,0.29492011596441176,0.28432142318111103,0.29031199344412045,713012000
2013-02-21,0.2831694185733795,0.28800795865096207,0.2824781946384992,0.2847822561103806,580408000
2013-02-22,0.2884688377380371,0.2886992549295961,0.283399906723015,0.28501274466416937,370148000
2013-02-25,0.283399760723114,0.2914639737410073,0.28293895404397734,0.2891599128787521,644444000
2013-02-26,0.28676116466522217,0.28838389661346064,0.2830520393820363,0.2839793345203732,487504000
2013-02-27,0.2920930087566376,0.2941794019977271,0.28606568735137405,0.28676115176507055,476980000
2013-02-28,0.29348400235176086,0.29788856521873014,0.2900067071509686,0.29116580555123267,591392000
2013-03-01,0.2946430444717407,0.29557031196079875,0.28884755357742714,0.29139755298987685,389396000
2013-03-04,0.29348400235176086,0.29626583298537756,0.29023851024996994,0.29255670705049813,353680000
2013-03-05,0.29672953486442566,0.29719316880383456,0.29371587280562944,0.2951068022589483,366168000
2013-03-06,0.296497642993927,0.30136583935369204,0.2951067139568034,0.29858400891452863,342928000
2013-03-07,0.2958020865917206,0.3011339427310394,0.29417935497586056,0.2981202825101135,314824000
2013-03-08,0.29719310998916626,0.29858403916721954,0.2951067438571729,0.2964976730352262,246464000
2013-03-11,0.29441124200820923,0.2955703402981989,0.2918612147161987,0.29417943893126114,299748000
2013-03-12,0.29533854126930237,0.29626580885997045,0.29116578184112907,0.29394761224821675,310856000
2013-03-13,0.29533854126930237,0.30043856828814375,0.2925566832271312,0.29533854126930237,485840000
2013-03-14,0.29557034373283386,0.29812037105447664,0.29371578092028305,0.2971930758306595,383304000
2013-03-15,0.2930203676223755,0.29557036751410504,0.2918612415905712,0.29557036751410504,355776000
2013-03-18,0.29093387722969055,0.2937157069302028,0.28884751186307545,0.2911657078860151,298312000
2013-03-19,0.2890794277191162,0.2925567231107994,0.2869930615381412,0.29116582153517845,355480000
2013-03-20,0.2925565838813782,0.29348387879224086,0.289311120781044,0.2918611196069997,340588000
2013-03-21,0.28792014718055725,0.29139744037327314,0.2874565136152091,0.29093380680792497,339032000
2013-03-22,0.28931114077568054,0.29047023876806,0.2876884091133645,0.288847507105744,232476000
2013-03-25,0.2876885235309601,0.2911658188910655,0.28560212973384463,0.290933988146357,362076000
2013-03-26,0.2897748649120331,0.2900066956369159,0.2872248374786608,0.2883839358329055,232540000
2013-03-27,0.2932520806789398,0.2948748124090763,0.2879202241641395,0.2886156885156486,254944000
2013-03-28,0.2974250018596649,0.2976568326486837,0.29047040981020916,0.29255677637100896,349276000
2013-04-01,0.2876885235309601,0.2967294804131994,0.28560212973384463,0.2967294804131994,442828000
2013-04-02,0.28467491269111633,0.28861584260695144,0.28282034930863753,0.2879203778841354,371524000
2013-04-03,0.28119736909866333,0.2858337596546563,0.27911097676742597,0.28421100085200474,353156000
2013-04-04,0.2839793562889099,0.28490662386324594,0.2793429631470637,0.2802702307213998,294676000
2013-04-05,0.28884753584861755,0.28884753584861755,0.2791110896357074,0.2798065540273551,551352000
2013-04-08,0.28815218806266785,0.289079455870047,0.2828203290825129,0.289079455870047,326660000
2013-04-09,0.2927885353565216,0.2948749014056607,0.2862975788418543,0.2883839448909934,380584000
2013-04-10,0.2974250018596649,0.29788863580261016,0.2923249732170825,0.29302043794904653,384688000
2013-04-11,0.29603394865989685,0.29788851129160276,0.28513843119686055,0.2932521185298783,969220000
2013-04-12,0.3034522235393524,0.30669768767898203,0.29487487413374863,0.297424901411374,770548000
2013-04-15,0.29719310998916626,0.3034522636553194,0.295338574598544,0.3025249683249217,430420000
2013-04-16,0.3004385828971863,0.3025249488951823,0.2983521892641055,0.2999749490793077,468844000
2013-04-17,0.296497642993927,0.3009022055530121,0.29464308015612345,0.2981203751138487,532948000
2013-04-18,0.2907020151615143,0.29904753099635156,0.2907020151615143,0.2971929688513796,402548000
2013-04-19,0.29139766097068787,0.29232495643844647,0.28676126653716677,0.2904703931380199,303028000
2013-04-22,0.2918612062931061,0.29441123351152304,0.2888475729341726,0.29116576944724903,245568000
2013-04-23,0.29951128363609314,0.3025249169516373,0.2939475955037646,0.2944112292726882,376948000
2013-04-24,0.3097112774848938,0.3122613041758115,0.30020666269337515,0.3004384933507592,556556000
2013-04-25,0.3122613728046417,0.31295683729456636,0.30855224728176533,0.31133410524146393,353224000
2013-04-26,0.31087037920951843,0.31226130790025936,0.3092476474937053,0.311797674215038,324332000
2013-04-29,0.31457963585853577,0.3157387343751149,0.30994324179221916,0.3113341710661496,269712000
2013-04-30,0.3192159831523895,0.3192159831523895,0.31318866069528356,0.3152750543004746,276712000
2013-05-01,0.31643402576446533,0.3213022479227817,0.31527492788249223,0.3192158551541861,341316000
2013-05-02,0.32014331221580505,0.3210705799370802,0.3143477922350296,0.31620235531266727,323480000
2013-05-03,0.3215341866016388,0.32385238334383576,0.32037508823054034,0.3222296511513149,293864000
2013-05-06,0.32060688734054565,0.3233887176298209,0.318752324602668,0.3215341548919433,217116000
2013-05-07,0.31643402576446533,0.3213022479227817,0.3134203657443206,0.3206067836665832,448068000
2013-05-08,0.32222968339920044,0.3240842465055747,0.31573872634443423,0.3168978248315322,334032000
2013-05-09,0.32246145606040955,0.32385235741330864,0.3159705001749652,0.3164341339592649,566800000
2013-05-10,0.33706602454185486,0.33845695321889085,0.32918414143044517,0.32918414143044517,861136000
2013-05-13,0.3301115036010742,0.33613882558129193,0.3287205746409987,0.33474789662121635,289812000
2013-05-14,0.33497968316078186,0.3377615130790797,0.33080692446579585,0.3340523880979635,454140000
2013-05-15,0.34077519178390503,0.34193428994772457,0.3333569414273959,0.3333569414273959,313172000
2013-05-16,0.3391524851322174,0.34378887813268516,0.33799335924701834,0.34031158338233436,308368000
2013-05-17,0.3447161912918091,0.3470343880987882,0.33822523470525034,0.3407752622469617,312116000
2013-05-20,0.34402066469192505,0.3454115935793468,0.34216610205372294,0.34332520024821417,236380000
2013-05-21,0.34763219952583313,0.34903019403457813,0.34204027704177536,0.3460012244492714,357784000
2013-05-22,0.3355163037776947,0.3490301470323612,0.33411830945721094,0.3490301470323612,480404000
2013-05-23,0.3408752381801605,0.34204022416553165,0.33062334484362066,0.3315553225217348,393884000
2013-05-24,0.33877819776535034,0.3418071664445202,0.3350502320409178,0.33901120603892215,283304000
2013-05-28,0.3385452330112457,0.34227319921490257,0.33528328341463826,0.34134122155171653,279300000
2013-05-29,0.3364482522010803,0.3385452157238985,0.3350502580022316,0.3364482522010803,335052000
2013-05-30,0.3408752381801605,0.34437019613627384,0.33505028047784813,0.33598228593141916,284504000
2013-05-31,0.33714723587036133,0.3439041427529097,0.33714723587036133,0.3390112188027569,577508000
2013-06-03,0.3366812467575073,0.34017620433659446,0.32969130382387923,0.3376132243350824,444468000
2013-06-04,0.33714723587036133,0.34483614810683444,0.3350502446556211,0.3387782105204123,363676000
2013-06-05,0.3299243450164795,0.3392442328237189,0.32899233957048163,0.336681280342002,464520000
2013-06-06,0.3320212960243225,0.3345842761839345,0.3296913241612045,0.32992433245769853,341044000
2013-06-07,0.3366812467575073,0.3387782101947781,0.3329532808962995,0.3343512472626621,274584000
2013-06-10,0.3364482522010803,0.3385452157238985,0.3338852720950093,0.335749255101656,224148000
2013-06-11,0.33015739917755127,0.3366813271038214,0.33015739917755127,0.33202135477751954,296336000
2013-06-12,0.3273613750934601,0.33458429948226676,0.32549739191807864,0.3317883386069233,312588000
2013-06-13,0.3348173201084137,0.33644829503105755,0.3259634205313289,0.32619640107715886,236256000
2013-06-14,0.3343513309955597,0.33644832273344205,0.3320213586926643,0.3359823338279551,236012000
2013-06-17,0.3376132547855377,0.34064222384903003,0.33505027455286196,0.33691425765158467,255336000
2013-06-18,0.3355163037776947,0.3429722086775412,0.3327203151367271,0.33924424233988926,486772000
2013-06-19,0.34576815366744995,0.36067999055793803,0.3373802436805844,0.3385452296356793,1159588000
2013-06-20,0.3364482522010803,0.3434381676444142,0.3341182803866357,0.34297217883661624,628696000
2013-06-21,0.3359823226928711,0.3394772810313847,0.3303903726859733,0.33831229491854686,714228000
2013-06-24,0.3289923667907715,0.335283313801526,0.3240994419524122,0.331089358386176,580772000
2013-06-25,0.33132246136665344,0.3331864173944721,0.32782747437582643,0.33248744777177347,457360000
2013-06-26,0.3294583261013031,0.335516263733095,0.328060331947673,0.3350502471649156,579752000
2013-06-27,0.3264292776584625,0.3308562117726583,0.3229343209023773,0.33039022309360305,808036000
2013-06-28,0.3271283507347107,0.3303903000230707,0.32223539902671694,0.3264293536656468,431536000
2013-07-01,0.3285263478755951,0.3301573504480304,0.3264293842474016,0.32945835331348045,199524000
2013-07-02,0.32829341292381287,0.3331863379940214,0.32526444343723027,0.3266624101249498,256392000
2013-07-03,0.32922524213790894,0.33318618762874946,0.3254972771021486,0.3254972771021486,140388000
2013-07-05,0.3317883312702179,0.3324873284174615,0.32806036500189,0.33015735644362076,184684000
2013-07-08,0.33015739917755127,0.33435132705294024,0.3282934158021226,0.3327203520152378,262084000
2013-07-09,0.3317883312702179,0.3338852949364918,0.329924348136054,0.3308563258154075,157364000
2013-07-10,0.33621537685394287,0.3371473826135224,0.3308564340066247,0.33178843976620426,208468000
2013-07-11,0.3408752381801605,0.3413412270192176,0.3373802524485904,0.33807924959490443,239832000
2013-07-12,0.34110820293426514,0.3443701802076981,0.3390112393677733,0.34017622529925884,216360000
2013-07-15,0.34040921926498413,0.34180721354816385,0.33505027821340416,0.34180721354816385,201332000
2013-07-16,0.34227317571640015,0.34413715869025824,0.34017621223046884,0.34180718691679923,162560000
2013-07-17,0.34040921926498413,0.34343818836156903,0.3394772415931688,0.3422732023840715,166100000
2013-07-18,0.33901137113571167,0.34110833551725783,0.3345844062101073,0.33994334913296187,344488000
2013-07-19,0.3317883312702179,0.33854523888417326,0.32829337330945685,0.33691426405757613,480532000
2013-07-22,0.3315552771091461,0.33738020623817055,0.33015731078345206,0.3343512375359872,292384000
2013-07-23,0.3310892879962921,0.33574923129475975,0.329458313396919,0.33574923129475975,246792000
2013-07-24,0.3310892879962921,0.335050234244899,0.33062329922153594,0.3341182566953867,284252000
2013-07-25,0.3322543203830719,0.3366812838022832,0.3285263541116789,0.3308563260874353,243320000
2013-07-26,0.3308562636375427,0.33295325468518566,0.328293311613248,0.328293311613248,227360000
2013-07-29,0.33015739917755127,0.33435132705294024,0.32922539360210673,0.33015739917755127,179540000
2013-07-30,0.3357492685317993,0.3401762318215979,0.3310893247165099,0.33132233301745684,266076000
2013-07-31,0.3364482522010803,0.3397102016311208,0.3338852720950093,0.3341182803866357,270160000
2013-08-01,0.34110820293426514,0.3418072000482476,0.33365229852784845,0.33761324513980834,277648000
2013-08-02,0.3439043462276459,0.3446033437127954,0.33807941347718373,0.34040938657736863,209628000
2013-08-05,0.3455352485179901,0.3467002347272192,0.3411082842576422,0.3429722677475012,185188000
2013-08-06,0.34040921926498413,0.34646715745815393,0.3397102221233943,0.3457681603165641,206608000
2013-08-07,0.34017619490623474,0.3436711523884347,0.33831221202730416,0.3385451925275123,244380000
2013-08-08,0.3425062298774719,0.34413720478224685,0.33807926624970214,0.3420402410154588,345696000
2013-08-09,0.3376132547855377,0.3427391874754329,0.3287593558981971,0.3289923364258772,906224000
2013-08-12,0.3348173201084137,0.3397102448763453,0.30545963262353143,0.323866428966108,257568000
2013-08-13,0.3359823226928711,0.33738028936300063,0.33318633380169227,0.3352833254700764,197468000
2013-08-14,0.3501952886581421,0.3522922532952441,0.3350504360411343,0.3352834444565766,828508000
2013-08-15,0.35252511501312256,0.3553210759575884,0.34506918212726956,0.3464671764872315,723616000
2013-08-16,0.3539230227470398,0.3588159462584006,0.3511270347114607,0.3518260317203554,660456000
2013-08-19,0.3483310639858246,0.35299100687118135,0.34809805573137653,0.3518260211498421,393432000
2013-08-20,0.35008737444877625,0.3524290937762868,0.34774565512126576,0.3482139934036686,234192000
2013-08-21,0.3484483063220978,0.3524292250789155,0.34704326303592364,0.3479799399497019,261540000
2013-08-22,0.3503216803073883,0.3536000773485198,0.3482141154247985,0.3482141154247985,129016000
2013-08-23,0.3503216803073883,0.3536000773485198,0.3496191586798584,0.3507900187539062,245120000
2013-08-26,0.35102421045303345,0.3519609153587982,0.3496191949676499,0.3505558719579056,300152000
2013-08-27,0.3465748131275177,0.35008739229787117,0.34540395340406654,0.34774567285096886,277464000
2013-08-28,0.3465748131275177,0.3498532091869818,0.3451697702931772,0.34727733454468795,318824000
2013-08-29,0.3458722233772278,0.3491506467044797,0.34446718082047806,0.34540388516347525,276216000
2013-08-30,0.3454039990901947,0.3470431973367414,0.3437648008436481,0.34610652060028657,378120000
2013-09-03,0.34563830494880676,0.3505559297470928,0.3435307674155491,0.34634082676506384,284680000
2013-09-04,0.3489167392253876,0.35102427680962006,0.34516997472506944,0.3456383133087306,222080000
2013-09-05,0.3498532772064209,0.3512583203139338,0.34727740206331825,0.34751155730423494,174904000
2013-09-06,0.3484483063220978,0.3519608866220264,0.34587240293594745,0.3500875048789631,226756000
2013-09-09,0.3543025851249695,0.3543025851249695,0.3503216666119378,0.35125834346835527,246408000
2013-09-10,0.3617960810661316,0.36203026423626883,0.35523925937284156,0.35687848573279274,292132000
2013-09-11,0.3678845465183258,0.36882125123800624,0.3587518220578352,0.36132772514257694,396164000
2013-09-12,0.3676503598690033,0.37233379932081845,0.3660111337284671,0.3660111337284671,303808000
2013-09-13,0.36999207735061646,0.3716312755657085,0.366245314645691,0.3688212174947649,159696000
2013-09-16,0.37022632360458374,0.37561228584891404,0.36882130818139397,0.37303641028197887,231412000
2013-09-17,0.3713970482349396,0.3744412890810126,0.36999203332440417,0.37163123134444426,168608000
2013-09-18,0.37467557191848755,0.37561224877482785,0.36975794863393846,0.371631330262124,268168000
2013-09-19,0.37303635478019714,0.3770172730935335,0.37139712849043777,0.3763147515287086,227572000
2013-09-20,0.36975783109664917,0.37631465075328807,0.3690553097199564,0.3739729314413096,356036000
2013-09-23,0.366245299577713,0.372567936956087,0.3641377351745885,0.3695236958730181,271244000
2013-09-24,0.3676503598690033,0.3690553749552472,0.36437193550343205,0.3664795000060495,229732000
2013-09-25,0.3681187331676483,0.3709287915223277,0.3653086468974652,0.36694787319357325,233156000
2013-09-26,0.36694788932800293,0.36975794780623855,0.3648403245326975,0.3690554262078034,148816000
2013-09-27,0.36484017968177795,0.36718189880316915,0.36273264363872343,0.3641376583622618,151920000
2013-09-30,0.36437198519706726,0.36694788841307185,0.35898602350983355,0.3610935882998841,226640000
2013-10-01,0.3641377389431,0.36647948649819556,0.3620302024336641,0.36484026041807865,226976000
2013-10-02,0.363903671503067,0.36530868687641804,0.36039109119642915,0.36039109119642915,162036000
2013-10-03,0.3601568937301636,0.36741623724226363,0.35851769523515875,0.3641378123367483,436768000
2013-10-04,0.3650744557380676,0.36811869695428895,0.358751790167646,0.35968849480406084,246228000
2013-10-07,0.3650744557380676,0.36765035859383205,0.36179603138386734,0.3636694127411959,169952000
2013-10-08,0.3620302081108093,0.3692895502735921,0.35922015008232905,0.3641377446532944,290712000
2013-10-09,0.35641005635261536,0.3646061029561837,0.3545367029848854,0.36437191982746747,275860000
2013-10-10,0.3603909909725189,0.36132766762759866,0.3564100453996824,0.35898594807440026,223484000
2013-10-11,0.3573467433452606,0.35922012453618773,0.3535999809634064,0.3547708407182985,213704000
2013-10-14,0.3627327084541321,0.3627327084541321,0.3564100433642063,0.3564100433642063,166628000
2013-10-15,0.36085936427116394,0.3648402823142946,0.36062518112694963,0.362732745678373,208820000
2013-10-16,0.3653087615966797,0.3667138051729252,0.36249870235970116,0.36296704091327886,210072000
2013-10-17,0.36601120233535767,0.3669479071506018,0.3624986220880815,0.3624986220880815,213324000
2013-10-18,0.37022632360458374,0.37139718374832914,0.36390368441146026,0.36530869983465003,255068000
2013-10-21,0.37116295099258423,0.37490968592117385,0.3699920910932433,0.37467553069060683,195008000
2013-10-22,0.3692896366119385,0.37139717364715674,0.3660112115493126,0.37116301837408083,179452000
2013-10-23,0.3629668951034546,0.36858703923521896,0.361796035232108,0.36858703923521896,252216000
2013-10-24,0.3603909909725189,0.36624528985551486,0.35968846952345956,0.36390357030231646,236436000
2013-10-25,0.3568784296512604,0.36249854569633505,0.3557075698155781,0.3622643904784989,330492000
2013-10-28,0.3561760187149048,0.3580494006165475,0.35125839471253123,0.3564101740054169,394024000
2013-10-29,0.35664433240890503,0.3573468540626034,0.3524292304022219,0.35570765548097866,387952000
2013-10-30,0.35641005635261536,0.35945429744842644,0.35336581525680427,0.35781509929391275,204032000
2013-10-31,0.355707585811615,0.35945432070498723,0.35500506429551343,0.3568784456999504,293368000
2013-11-01,0.3573467433452606,0.3589859414190099,0.3547708407182985,0.3575808985469399,206136000
2013-11-04,0.3470432162284851,0.3585176604099407,0.3463406946801506,0.3585176604099407,410264000
2013-11-05,0.3465748131275177,0.34821401115724976,0.34118885281654276,0.34493561509778564,422368000
2013-11-06,0.3489167392253876,0.3491509224749753,0.34306243714083695,0.34657501839156735,198044000
2013-11-07,0.34072068333625793,0.3486825222345921,0.3400181615709904,0.34774584515790985,553076000
2013-11-08,0.36437198519706726,0.3655428452197048,0.3498532985839577,0.35125834177732473,734532000
2013-11-11,0.3674162030220032,0.36835287981319303,0.36226442483945265,0.36296691847509355,297624000
2013-11-12,0.3681187331676483,0.37116297468334425,0.36390363167787737,0.3690554099807069,316032000
2013-11-13,0.3781881630420685,0.3781881630420685,0.36647956241852386,0.36718205612353183,332792000
2013-11-14,0.3798274099826813,0.38216913040601147,0.37678316784925014,0.3770173510577869,307980000
2013-11-15,0.3786565363407135,0.3817007783661706,0.37490977263007275,0.38123243988121763,450332000
2013-11-18,0.36952370405197144,0.3737388050360168,0.3685870273512949,0.37046040866814844,316948000
2013-11-19,0.363520085811615,0.37105416791167195,0.36304921094286596,0.3677580157637379,206716000
2013-11-20,0.35810497403144836,0.36469730675072043,0.35739864765675994,0.3637555288955718,204776000
2013-11-21,0.36093008518218994,0.3616364112314724,0.35692760832516185,0.3585756837290347,213568000
2013-11-22,0.35739853978157043,0.3614010172744633,0.3566922136200755,0.3614010172744633,158668000
2013-11-25,0.3651680648326874,0.36563893957628923,0.3573985333298653,0.3573985333298653,248208000
2013-11-26,0.36822885274887085,0.3722313308214964,0.3668162002212676,0.3691706023894812,753176000
2013-11-27,0.3696414828300476,0.3708186838426691,0.36563897693378594,0.3679933789590288,181272000
2013-11-29,0.36728718876838684,0.37058336966452804,0.3649327858711559,0.36964161973231424,116964000
2013-12-02,0.3708187937736511,0.37340861992917285,0.3651682103979145,0.3658745368282184,373872000
2013-12-03,0.37058329582214355,0.37576297555061,0.3682288933940505,0.37081874729162917,290560000
2013-12-04,0.3757629096508026,0.37646923586869596,0.3686997036052406,0.3696414812513271,493176000
2013-12-05,0.3696414828300476,0.3764692374765775,0.3691705799716502,0.3764692374765775,271812000
2013-12-06,0.36422640085220337,0.3741148850560213,0.3632846230772223,0.3741148850560213,281000000
2013-12-09,0.35810497403144836,0.3654036331254089,0.35739864765675994,0.36422643185649217,385220000
2013-12-10,0.36634528636932373,0.36799336209814426,0.35763400488839975,0.3581048796585364,524268000
2013-12-11,0.36281365156173706,0.36752245498204694,0.3621073254353541,0.3670515802533524,414156000
2013-12-12,0.35575059056282043,0.3635201249674775,0.35504426415027096,0.3616365972229101,258724000
2013-12-13,0.35363149642944336,0.35904662641067575,0.35316062166296325,0.356456801161693,184588000
2013-12-16,0.35410240292549133,0.35716313128189725,0.3536315281168182,0.3538669795544983,237620000
2013-12-17,0.35575059056282043,0.3566923404017573,0.35080633374166764,0.35386706281825303,274104000
2013-12-18,0.3606947660446167,0.3614010923528456,0.351983483087632,0.35645686432862217,426232000
2013-12-19,0.36210739612579346,0.36257827094641193,0.3578694666068514,0.3602238687766317,258544000
2013-12-20,0.3694060146808624,0.3696414660994042,0.3618719060877439,0.3628136836952261,382080000
2013-12-23,0.37152501940727234,0.3745857479616226,0.36846431891961096,0.37152501940727234,168568000
2013-12-24,0.3724667429924011,0.37364394395238476,0.36869968869377945,0.37364394395238476,79600000
2013-12-26,0.3689352571964264,0.3750567153576995,0.3679934792895493,0.37387951402412345,168920000
2013-12-27,0.37105414271354675,0.37176046900204934,0.3686997404629972,0.370818719328505,210976000
2013-12-30,0.3759983479976654,0.37623379941766694,0.3708186693577963,0.3712895441311144,248180000
2013-12-31,0.37717562913894653,0.3790591566992775,0.37435035183179555,0.3767047542655365,235776000
2014-01-02,0.3734085261821747,0.3762338311940762,0.37011237442387257,0.3748211786881255,260092000
2014-01-03,0.3689352571964264,0.37482126386430686,0.3677580558628503,0.37411493745082247,259332000
2014-01-06,0.37387946248054504,0.376704739678292,0.3691706297287137,0.37270223324256985,409492000
2014-01-07,0.3800007700920105,0.3814134222720354,0.3750565435952851,0.37764636850308964,333288000
2014-01-08,0.3851805627346039,0.38706409004300735,0.38000085561982266,0.38141350811779706,308192000
2014-01-09,0.3708187937736511,0.38000095316751836,0.3696415924120428,0.3792946267372145,292172000
2014-01-10,0.37034785747528076,0.3745857876093499,0.3670517051858336,0.37199596168669624,218492000
2014-01-13,0.36163651943206787,0.37270220395938247,0.3609301931714547,0.3703478018017969,243332000
2014-01-14,0.3729376494884491,0.3736439757378627,0.36187193706990683,0.3635200410074342,241828000
2014-01-15,0.37694013118743896,0.37835278370016207,0.37293765315697336,0.3745857290440254,175044000
2014-01-16,0.3781174123287201,0.37882373873465225,0.3752921347716847,0.3769402110077309,220652000
2014-01-17,0.3764692544937134,0.3825907112627209,0.374114852362047,0.37811733037254236,340400000
2014-01-21,0.37788188457489014,0.38023628656684016,0.37387940680191223,0.37694010693809876,246076000
2014-01-22,0.37741097807884216,0.3790590537213947,0.3729375978299901,0.37858817897590585,337940000
2014-01-23,0.3759983479976654,0.3802362770908983,0.3731730712910718,0.37623379941766694,185028000
2014-01-24,0.36634528636932373,0.37435026972838514,0.36634528636932373,0.37293761735129055,246696000
2014-01-27,0.3639909029006958,0.37152498380479787,0.3618719242276543,0.3663453049373956,233812000
2014-01-28,0.36752262711524963,0.3677580786232143,0.36187204352435637,0.36328469643875355,167996000
2014-01-29,0.3639909029006958,0.3682288321800926,0.3637554514703513,0.3661098535070511,162944000
2014-01-30,0.3701123893260956,0.3708187156075105,0.3649326819735116,0.3661098830869737,202896000
2014-01-31,0.3696414828300476,0.3717604334260918,0.3646972273503632,0.3649326507128759,335348000
2014-02-03,0.36469724774360657,0.3727022038503813,0.3632845952227933,0.37223132903233935,431728000
2014-02-04,0.36681610345840454,0.36752242953588354,0.3625781750602108,0.36446170191126137,280692000
2014-02-05,0.363520085811615,0.3654036133533019,0.36069478046573933,0.36422641214808393,214676000
2014-02-06,0.36822885274887085,0.3691706023894812,0.3635200484124437,0.36399092323274884,168380000
2014-02-07,0.37364405393600464,0.3741149288452651,0.36587451969978196,0.369170672131298,157248000
2014-02-10,0.37482115626335144,0.37976541167168726,0.37293762905700034,0.37317308048280134,324372000
2014-02-11,0.382590651512146,0.3835324009910612,0.37505657148077576,0.3769400704386061,235384000
2014-02-12,0.3962462544441223,0.3990715594925801,0.3837679173690594,0.3837679173690594,744528000
2014-02-13,0.4087246060371399,0.41107903635004694,0.3990715736676577,0.40613478040631285,902836000
2014-02-14,0.42167386412620544,0.42261561383747676,0.40472214478980345,0.4049575962509662,817536000
2014-02-18,0.4214385151863098,0.4233220431337388,0.41790691080989173,0.42190941822318956,428988000
2014-02-19,0.42708900570869446,0.4308560607804425,0.4195548955651985,0.4214384231010725,450340000
2014-02-20,0.44215723872184753,0.44309898854332386,0.4273244966000898,0.4280307949328505,398088000
2014-02-21,0.4388609528541565,0.4471013881138787,0.43603567600131005,0.4414508063414994,451052000
2014-02-24,0.4452178478240967,0.4485139993781522,0.433916712676829,0.4379191904400923,403112000
2014-02-25,0.44320759177207947,0.44651865485786,0.43847752581532184,0.4446266228364736,242184000
2014-02-26,0.44249799847602844,0.44888358034992404,0.44107896775142486,0.4422614839574578,360884000
2014-02-27,0.43753165006637573,0.4469917847077811,0.43634913323620006,0.4424982320304836,388848000
2014-02-28,0.4346933960914612,0.43942346102673446,0.4283077858741135,0.4351663969463063,321692000
2014-03-03,0.43256479501724243,0.43256479501724243,0.42121263497566985,0.4249966977206632,375948000
2014-03-04,0.4370585083961487,0.4398965422370513,0.43398395998791406,0.4346934754964938,260344000
2014-03-05,0.4408425986766815,0.44107911327328364,0.43469352929264116,0.43658553329178,241472000
2014-03-06,0.4346933960914612,0.44391701143787976,0.433983880712488,0.4415519789702431,290144000
2014-03-07,0.4342203736305237,0.4372949215237758,0.4309093394029669,0.43658540613403896,268452000
2014-03-10,0.4278348982334137,0.4346935111205403,0.4259428661199506,0.4328014790070771,300888000
2014-03-11,0.43209195137023926,0.43587601549146104,0.4285444018291255,0.42996340472952044,297220000
2014-03-12,0.4332744777202606,0.4358760253868388,0.4283078969725816,0.4299634144906685,239428000
2014-03-13,0.419557124376297,0.43587586349072127,0.417428578477855,0.4342203183941305,385172000
2014-03-14,0.4214491844177246,0.425233247729645,0.41530011677761847,0.41530011677761847,460048000
2014-03-17,0.4214491844177246,0.42570624859528217,0.4209761835520875,0.4226317006785233,299656000
2014-03-18,0.431382417678833,0.4342204515536692,0.4212127704500384,0.42310480243106796,293904000
2014-03-19,0.43895044922828674,0.44722809138371944,0.4335108687002765,0.4346934131739772,366168000
2014-03-20,0.43918710947036743,0.44297117410009124,0.43469355739181414,0.43658556151325467,191800000
2014-03-21,0.4384775161743164,0.4465186450400506,0.43611248324793866,0.442971095650484,566116000
2014-03-24,0.43634891510009766,0.4422614962952051,0.42996330485465273,0.43871394757814064,306096000
2014-03-25,0.43634891510009766,0.44155198091311004,0.43303785271479084,0.4410789800561836,304424000
2014-03-26,0.42641589045524597,0.44864721966759086,0.42263182602106214,0.4403696033870563,557756000
2014-03-27,0.4207397699356079,0.4290173851918814,0.41600967588146376,0.42546983579633557,540728000
2014-03-28,0.4233413636684418,0.42594291162657344,0.4188478115881286,0.42003032826120273,398820000
2014-03-31,0.42357778549194336,0.42783485022114665,0.4212127526638766,0.42405078641887367,273404000
2014-04-01,0.4410790503025055,0.44628211694415915,0.431855405253132,0.43705850008820113,656272000
2014-04-02,0.4382409453392029,0.44202498037609195,0.4363489137240529,0.4410789786652224,239948000
2014-04-03,0.4429711699485779,0.4536138199023344,0.4389505907446441,0.4391871053543182,599548000
2014-04-04,0.4292539060115814,0.4479376833495136,0.4273618740010619,0.44533613581087217,368032000
2014-04-07,0.43067288398742676,0.43895049888587745,0.4271253347452336,0.4294903675733624,428576000
2014-04-08,0.4460456073284149,0.4472281236941356,0.4299633509225169,0.4306728663806321,470692000
2014-04-09,0.44557249546051025,0.45195810520398044,0.44202494702231965,0.4481740422592136,421968000
2014-04-10,0.4346933960914612,0.44982959260697136,0.4332743653335148,0.4436805251071626,372748000
2014-04-11,0.4285443425178528,0.4380044733181912,0.42286824712160154,0.43138237611927155,353112000
2014-04-14,0.4332744777202606,0.4349299952383475,0.42854441155805895,0.4313824456166963,290184000
2014-04-15,0.43634891510009766,0.43871394757814064,0.42949030399772636,0.4337473680968859,304636000
2014-04-16,0.43729493021965027,0.43895044736634964,0.43185534971471357,0.43847744649492293,235136000
2014-04-17,0.43895044922828674,0.44297102713599784,0.4346934131739772,0.4356394149208433,153532000
2014-04-21,0.44249799847602844,0.4436805146820613,0.4363489029272933,0.4391869361830902,117004000
2014-04-22,0.44628211855888367,0.4491201805495229,0.4408425373347127,0.44320757019796825,255120000
2014-04-23,0.4514852464199066,0.45266776293798566,0.44628215118562453,0.4469916667351555,261580000
2014-04-24,0.45550572872161865,0.4602357940855133,0.4545597269262051,0.4545597269262051,391492000
2014-04-25,0.4429711699485779,0.4588169157677967,0.4420251397033024,0.45455985014760986,313600000
2014-04-28,0.4410790503025055,0.4488836643616937,0.4356394690980158,0.4465186315069952,226788000
2014-04-29,0.44202500581741333,0.44368055119683847,0.43705845425937556,0.442734521238108,171300000
2014-04-30,0.43682199716567993,0.4417885775702611,0.43587599527595794,0.4413155766254001,305740000
2014-05-01,0.43918710947036743,0.44439017719117163,0.4356395594525344,0.44344417513045137,198104000
2014-05-02,0.4358760118484497,0.4413155934047109,0.4332744642626761,0.4413155934047109,156376000
2014-05-05,0.440606027841568,0.44391706239899753,0.43492993235158495,0.43540293326073,239260000
2014-05-06,0.431618869304657,0.44864709826381016,0.4304363530131406,0.4448630630470052,416188000
2014-05-07,0.43209195137023926,0.43563950091135306,0.4273618853154209,0.43161895040344095,293900000
2014-05-08,0.43753165006637573,0.4443902364040246,0.4283080018749504,0.4304365490853217,432728000
2014-05-09,0.42688876390457153,0.42830779469173164,0.41884766462642836,0.42428724505266,539532000
2014-05-12,0.43942350149154663,0.44036950328835056,0.42759830987101627,0.427834824416924,299856000
2014-05-13,0.43232837319374084,0.44060601574692143,0.43090937050525735,0.43351088953085043,221104000
2014-05-14,0.4280713200569153,0.4342204164497931,0.4278348336992902,0.4325648991727611,214320000
2014-05-15,0.42570629715919495,0.4294903609027954,0.42144923249599814,0.4271253281113988,325896000
2014-05-16,0.4247604012489319,0.4278349502831772,0.4223953678677311,0.4223953678677311,283960000
2014-05-19,0.4384775161743164,0.44084254910069415,0.4273618670590242,0.42925389903880967,360076000
2014-05-20,0.4333692193031311,0.4397842124082988,0.43123089770916384,0.4385962496731468,256200000
2014-05-21,0.4333692193031311,0.4388338535494835,0.43075568995649044,0.4350323614676908,216712000
2014-05-22,0.4352700412273407,0.43764596711185455,0.4324189358305782,0.4324189358305782,130364000
2014-05-23,0.4393090605735779,0.44144741062512893,0.4350323887937434,0.4376459183045499,182656000
2014-05-27,0.44714969396591187,0.44714969396591187,0.4404970954777284,0.4419226624120792,209680000
2014-05-28,0.45095106959342957,0.4538021743971421,0.4445360767042602,0.4488127480714614,224676000
2014-05-29,0.4502383768558502,0.45451504908310186,0.44928801783791456,0.4507135563648181,171884000
2014-05-30,0.4514263868331909,0.4526143498910438,0.4478624976596323,0.45023842377533807,239128000
2014-06-02,0.4500007629394531,0.45570297320798925,0.446199270544917,0.4528518680737212,181500000
2014-06-03,0.4481000304222107,0.45142631512652676,0.4421601877531853,0.45095113564352,243212000
2014-06-04,0.44857528805732727,0.45190157334115855,0.4466745414708777,0.44691214541541163,161236000
2014-06-05,0.4504759609699249,0.4519014994341646,0.44667446841874736,0.4492879980880906,188696000
2014-06-06,0.45213907957077026,0.4561781474920183,0.45095111675138744,0.45261425903386987,161052000
2014-06-09,0.4526141881942749,0.4568908593393558,0.44857512090518975,0.4516638294168184,247456000
2014-06-10,0.4549902081489563,0.4571285583281394,0.44905039374556316,0.4509511400193028,217608000
2014-06-11,0.46093010902404785,0.46211807205459343,0.45332712296993793,0.45332712296993793,266228000
2014-06-12,0.4637811779975891,0.46591949995435117,0.4568909759707336,0.4609300726141495,337148000
2014-06-13,0.46425625681877136,0.4687705319931502,0.4597419816443925,0.4685329281280329,227852000
2014-06-16,0.4628307819366455,0.4659194911785573,0.4587917136925777,0.46211802684666353,198620000
2014-06-17,0.4659193754196167,0.4678201212749531,0.4609299494130295,0.4633058746513843,157608000
2014-06-18,0.4654443860054016,0.4675827365866358,0.4604549296391297,0.46473160247832357,215536000
2014-06-19,0.4547525644302368,0.45926681137112874,0.4514262518687636,0.45689088596576144,474592000
2014-06-20,0.44976311922073364,0.4576036788882046,0.4461992310376346,0.45594053673407814,353148000
2014-06-23,0.44453611969947815,0.44477369526752786,0.43859627732595463,0.4438233363487939,414200000
2014-06-24,0.43764597177505493,0.4473872793346654,0.4357452253825369,0.44382339046992075,275780000
2014-06-25,0.4421601891517639,0.4423977930556533,0.4347948363336902,0.43883390443692666,215420000
2014-06-26,0.4362203776836395,0.44239779599309026,0.434794839220645,0.44216019208762325,256908000
2014-06-27,0.43669548630714417,0.43930898705732635,0.43313157015096343,0.4357450992244084,302820000
2014-06-30,0.4404970407485962,0.44168500360520047,0.4350324059435627,0.4350324059435627,180512000
2014-07-01,0.44548654556274414,0.4481000754669064,0.43859634323507635,0.44002191015066877,321180000
2014-07-02,0.4438234269618988,0.44572417351069965,0.4412098969168884,0.4438234269618988,179284000
2014-07-03,0.447862446308136,0.4490504092297781,0.4397842814470074,0.4397842814470074,136892000
2014-07-07,0.4442985951900482,0.4488128716687595,0.44358581171201245,0.44857526773499,127496000
2014-07-08,0.44073477387428284,0.44501144707664836,0.4364581006719173,0.4431107002841218,221940000
2014-07-09,0.4540397822856903,0.4559405282794167,0.44120976807048584,0.44453608064032335,387668000
2014-07-10,0.45166394114494324,0.45356468749330725,0.44192263381162156,0.44548652259357774,266308000
2014-07-11,0.4526141881942749,0.454039754683723,0.4504758667833661,0.45213900880554664,191188000
2014-07-14,0.4583166837692261,0.4595046470712636,0.4528520469151977,0.45451518987339434,272636000
2014-07-15,0.4602171778678894,0.4614051405172449,0.45594050666555686,0.4590292152185339,395440000
2014-07-16,0.45974200963974,0.46568185171999255,0.45712850858062565,0.4621179634658007,319728000
2014-07-17,0.45855414867401123,0.46330602905764556,0.4545150800873581,0.4545150800873581,324832000
2014-07-18,0.43812114000320435,0.452614299009026,0.43740835658396765,0.4490504102361128,567816000
2014-07-21,0.44073477387428284,0.4438234838717289,0.4364581006719173,0.4364581006719173,243364000
2014-07-22,0.43883389234542847,0.44643684885790197,0.4378835334025949,0.44406092317754975,298816000
2014-07-23,0.42956778407096863,0.4393090911177002,0.42909260457867504,0.4390715155331882,297352000
2014-07-24,0.4302804172039032,0.43313152148524114,0.42719170909776233,0.4319435590077454,254576000
2014-07-25,0.4226776361465454,0.4298054139311455,0.42196485270343115,0.4288550265659028,266132000
2014-07-28,0.4210143983364105,0.4245782866615403,0.413886621686151,0.4245782866615403,330352000
2014-07-29,0.4224400222301483,0.4281422613168851,0.4210144553776465,0.42125205929415366,217972000
2014-07-30,0.42956778407096863,0.4307557469633374,0.4238655735169064,0.4250535364092752,246184000
2014-07-31,0.41578739881515503,0.42766702745199475,0.41507461543229085,0.42434074276298717,401880000
2014-08-01,0.42030173540115356,0.42267766147170965,0.4143618919014905,0.4157874588731333,219884000
2014-08-04,0.4193512797355652,0.4233903477335556,0.4172129579493551,0.4198264592076932,241724000
2014-08-05,0.4195888340473175,0.42576625142475477,0.414599379371444,0.4181632674761351,298136000
2014-08-06,0.41911375522613525,0.42434078670294356,0.41364911982267905,0.41673780092947144,223456000
2014-08-07,0.4148370027542114,0.4264790264478486,0.41198586947773463,0.42267756261799,407696000
2014-08-08,0.4514263868331909,0.45380231294889667,0.43289415746603155,0.43289415746603155,894348000
2014-08-11,0.4490503668785095,0.4538022181169169,0.4478624040689077,0.45190147195690045,344624000
2014-08-12,0.4490503668785095,0.4514262924977132,0.4440609117488748,0.4488127913105497,296152000
2014-08-13,0.45166394114494324,0.4554654338416713,0.44691208943566835,0.4497631947965792,256596000
2014-08-14,0.44667452573776245,0.4533271243943759,0.44477377921826244,0.4533271243943759,255992000
2014-08-15,0.45237666368484497,0.45499016477925736,0.4438233204299565,0.44809999205740075,369796000
2014-08-18,0.45855414867401123,0.4590293565386654,0.4497632280269962,0.45427747615503106,284076000
2014-08-19,0.46225300431251526,0.464639439804644,0.45700282347098786,0.45867335107432206,248260000
2014-08-20,0.45938926935195923,0.4627302961856281,0.45819605157891086,0.4605824871250076,221468000
2014-08-21,0.455093652009964,0.4605824591219828,0.4543777441485061,0.4581960237209793,272796000
2014-08-22,0.4553323984146118,0.45915070720281137,0.45175274459388454,0.4546164619607544,251224000
2014-08-25,0.4560483694076538,0.4603439600075684,0.4550937779140273,0.45724158743826554,153380000
2014-08-26,0.4641622006893158,0.46511676359372284,0.4555710207554217,0.45724152006241287,269636000
2014-08-27,0.4589121341705322,0.46487822493694336,0.45819619758884994,0.46129857047709666,182972000
2014-08-28,0.462730348110199,0.4636849110563302,0.4565256036146693,0.4579574764824251,179704000
2014-08-29,0.4641622006893158,0.46511676359372284,0.45938930082160756,0.46440082719113873,207932000
2014-09-02,0.4653555154800415,0.4653555154800415,0.46105992461830086,0.4653555154800415,192636000
2014-09-03,0.4696509838104248,0.4713214830295584,0.4646394577044677,0.4677418296534623,259456000
2014-09-04,0.47800350189208984,0.48086724731309416,0.4686963861709374,0.4689350411055397,491832000
2014-09-05,0.4765717387199402,0.47967411134006055,0.4734693660998199,0.47752630178064076,253792000
2014-09-08,0.47227612137794495,0.4770489933090253,0.4703669669158007,0.47609443030223353,319288000
2014-09-09,0.46630996465682983,0.47323064503452117,0.46583268322181304,0.4701282730340772,198588000
2014-09-10,0.46798044443130493,0.46965097205718903,0.4636848547977775,0.4689350357101752,172376000
2014-09-11,0.4632076621055603,0.46631003457114595,0.45819613516510954,0.4646395350738493,250720000
2014-09-12,0.4562869071960449,0.46607130452340356,0.45580962576634465,0.46607130452340356,262536000
2014-09-15,0.4500822424888611,0.45843476802085287,0.4481730881061225,0.457718831571256,294152000
2014-09-16,0.45676422119140625,0.4591506568099743,0.44745710520985693,0.4488889779604204,219936000
2014-09-17,0.4570028781890869,0.4612984682789515,0.45342322452229283,0.4555710337915044,173584000
2014-09-18,0.4639236032962799,0.46440088480769803,0.45843479479356836,0.45986666777638396,219604000
2014-09-19,0.4553323984146118,0.46583273335788083,0.4546164619607544,0.4653554518714958,601316000
2014-09-22,0.4507980942726135,0.46463942538718395,0.45032078443015433,0.46463942538718395,221464000
2014-09-23,0.4488891065120697,0.45390060567710827,0.44674129677114055,0.4484117964928201,196144000
2014-09-24,0.4515140652656555,0.4529459380961158,0.44817306659265915,0.4486503480532932,159592000
2014-09-25,0.44172972440719604,0.4522300601413293,0.44077516136253025,0.4510368421112161,298440000
2014-09-26,0.4426843523979187,0.4460253517782625,0.4412524792643061,0.4431616339596015,241188000
2014-09-29,0.4419683516025543,0.44507072397548997,0.4348090438720381,0.43910463420005985,208540000
2014-09-30,0.4402979016304016,0.44340027435194374,0.43504771927922414,0.4400592466331432,277204000
2014-10-01,0.4360021948814392,0.4441160643507612,0.43480897710956506,0.44101372090273294,350976000
2014-10-02,0.43409305810928345,0.4374340566246628,0.4240700056660318,0.4352862759288556,288996000
2014-10-03,0.4350476562976837,0.4426842737216438,0.4350476562976837,0.43671818413952446,239140000
2014-10-06,0.43242257833480835,0.4402978219885227,0.42955883267996087,0.43671816836852145,199032000
2014-10-07,0.42788833379745483,0.434809014539211,0.4274110523373305,0.4305134245009758,301896000
2014-10-08,0.4357635974884033,0.4379114068305195,0.4240700447108185,0.4274110719823682,260172000
2014-10-09,0.4274110496044159,0.4343317303019204,0.423831396003535,0.4338544203962899,306956000
2014-10-10,0.4021148681640625,0.42550197698281833,0.401876241614012,0.42407010388826155,691376000
2014-10-13,0.4006829857826233,0.4128538205944431,0.40020570427890817,0.40473992123704294,397628000
2014-10-14,0.409990131855011,0.42120637599685534,0.403785386526214,0.4061718226605878,376620000
2014-10-15,0.4161948263645172,0.4183426358391452,0.40139892881640077,0.4040239913539756,404428000
2014-10-16,0.4164334535598755,0.42120632525362955,0.40784227313169436,0.40879686453958075,351116000
2014-10-17,0.4157174527645111,0.42621778593449133,0.4140469536199964,0.42144491497956077,290716000
2014-10-20,0.41929715871810913,0.42311546734172606,0.4128537878082442,0.4157175050516777,200336000
2014-10-21,0.43719545006752014,0.4376727315274033,0.421206307797247,0.42239952567123407,351092000
2014-10-22,0.42693376541137695,0.43791138109648586,0.42693376541137695,0.43647950828588633,239512000
2014-10-23,0.43647950887680054,0.43958188100492773,0.43122935597842416,0.43433172810655135,214476000
2014-10-24,0.44101378321647644,0.4436388456163785,0.4364795379735478,0.4391046288220096,210156000
2014-10-27,0.44125238060951233,0.44292287992619556,0.43600222770769737,0.44077509915453966,145092000
2014-10-28,0.45175275206565857,0.4522300335599376,0.43958191749446235,0.44005919898874135,192580000
2014-10-29,0.4488891065120697,0.45246876096505356,0.44483214203983623,0.4498436696534395,168340000
2014-10-30,0.44602516293525696,0.44960481580513173,0.4402977297228782,0.4476956903667069,170260000
2014-10-31,0.46630996465682983,0.46654861959861654,0.4539004766550541,0.45628691227869456,256316000
2014-11-03,0.4741852879524231,0.47871953347190616,0.4717988519259251,0.4770490054945084,308732000
2014-11-04,0.4803900420665741,0.4820605416269358,0.4694124247580912,0.477287669483867,360196000
2014-11-05,0.4803900420665741,0.4834924146492812,0.47681038795927255,0.48325378811126496,335652000
2014-11-06,0.4825376868247986,0.48325362309149583,0.47394648007298346,0.4813444407479349,394088000
2014-11-07,0.47227612137794495,0.49375407351636713,0.46750324944686467,0.48802663857849504,450800000
2014-11-10,0.4777650535106659,0.4808674265742412,0.4706057157378025,0.4717989339585187,293388000
2014-11-11,0.4720374643802643,0.4775262439878545,0.4679805007418765,0.47490118166434586,212992000
2014-11-12,0.46893510222435,0.4715601646043346,0.4624917026358435,0.47036694667291623,204584000
2014-11-13,0.4665486514568329,0.4713215230300287,0.4627303428188528,0.47060558660433766,225328000
2014-11-14,0.47227612137794495,0.47227612137794495,0.462491722539806,0.46702596794346873,160248000
2014-11-17,0.47012823820114136,0.4751397640188929,0.4670258664305596,0.47012823820114136,158732000
2014-11-18,0.4813445210456848,0.48253776732160547,0.46917368782715313,0.4703669056545167,207772000
2014-11-19,0.4795472323894501,0.4831420644998445,0.4745145245728159,0.4817041316556867,240300000
2014-11-20,0.4874558746814728,0.48793520474313845,0.47475422799555655,0.47619216104262746,220968000
2014-11-21,0.49009189009666443,0.4924884250816253,0.486017786336021,0.49176945887234697,198976000
2014-11-24,0.4932074248790741,0.4953642665158923,0.48937295721442337,0.4912901624777962,136004000
2014-11-25,0.49296778440475464,0.4965626160827179,0.49129021533434214,0.49224881806916193,190240000
2014-11-26,0.501355767250061,0.5018350972632516,0.489852361174769,0.4900920547503244,219264000
2014-11-28,0.5025537014007568,0.5054295654576935,0.4984795987453538,0.5030330311228748,124832000
2014-12-01,0.4932074248790741,0.5032728382186391,0.492488458620833,0.5003970303235797,190060000
2014-12-02,0.4939264953136444,0.4960833374053722,0.48817476403459154,0.4927281989178694,245952000
2014-12-03,0.5066280961036682,0.5068677325068973,0.49488505527676385,0.4963229879719622,284424000
2014-12-04,0.5020745992660522,0.5078262721946778,0.4987194614858461,0.5059090669311043,185332000
2014-12-05,0.5049505233764648,0.507586695206776,0.5020746580067351,0.502314294408242,165680000
2014-12-08,0.4984797239303589,0.5092641597143195,0.49440562025181156,0.5042314534886846,226944000
2014-12-09,0.49680227041244507,0.49800056672765186,0.4879350948039846,0.4953643376893621,239448000
2014-12-10,0.4857783019542694,0.49728170911670094,0.485299029033705,0.49536444602066615,204364000
2014-12-11,0.4855387210845947,0.49200936335646084,0.4845801179957872,0.48865422397666836,135652000
2014-12-12,0.4704403281211853,0.4833816069261172,0.4699609982203739,0.47906783780148876,323964000
2014-12-15,0.4690023958683014,0.48457990343118656,0.46756446330281864,0.4759523366072434,254696000
2014-12-16,0.46373000741004944,0.47595234882350324,0.4634903710222872,0.4685231065616986,185308000
2014-12-17,0.4826626777648926,0.4833816441024511,0.4577386923329158,0.4730765361146605,345596000
2014-12-18,0.48457998037338257,0.4944057592344857,0.4800265455723228,0.48865408519720377,226156000
2014-12-19,0.48937293887138367,0.49129014406289445,0.4833815726565826,0.48793500640879917,325528000
2014-12-22,0.49800047278404236,0.49800047278404236,0.48721603653322704,0.48889360534772675,148976000
2014-12-23,0.4948851466178894,0.5042316537238553,0.4944058165850492,0.5018351178354991,109280000
2014-12-24,0.49296778440475464,0.49680225248194504,0.49248851160630025,0.4960832861463524,45644000
2014-12-26,0.493446946144104,0.4960831170507674,0.4917693776455099,0.4929676163711235,52636000
2014-12-29,0.49272820353507996,0.4960833420540228,0.48961270144237085,0.4920092371184611,82944000
2014-12-30,0.48817476630210876,0.4917695983682144,0.4874557998888876,0.4893730627034497,112120000
2014-12-31,0.4805057942867279,0.49152986765758505,0.4790678331671575,0.48889363893548465,166300000
2015-01-02,0.4824230968952179,0.48601792899680035,0.47475415983712044,0.4824230968952179,113680000
2015-01-05,0.47427472472190857,0.48386089334232535,0.47211785463790906,0.4824229609070251,197952000
2015-01-06,0.4598955810070038,0.47547306083844454,0.4594162796490581,0.47499375948049893,197764000
2015-01-07,0.45869722962379456,0.4673247667682681,0.45725929724339903,0.4632506345467974,321808000
2015-01-08,0.4759523868560791,0.4788282522906651,0.46373004446595795,0.4639697094418256,283780000
2015-01-09,0.47786954045295715,0.4814643716405947,0.4711592365176198,0.47762990408641576,209540000
2015-01-12,0.4718782305717468,0.4793075011825574,0.4675644614612424,0.4790678362329364,190732000
2015-01-13,0.4711592495441437,0.4850591591011549,0.4678041117681886,0.4754730185196233,236720000
2015-01-14,0.47307655215263367,0.4745144848764987,0.4649283429012827,0.4661266106481847,155260000
2015-01-15,0.4697214365005493,0.4793075789372273,0.4694817715120492,0.47643174192001553,188932000
2015-01-16,0.4783487915992737,0.4788280928224267,0.4675643569491221,0.4690022891875282,181512000
2015-01-20,0.4797869026660919,0.4843402802676754,0.47379553515223416,0.48170410827329385,140308000
2015-01-21,0.4864971935749054,0.4876954899676854,0.4737955489286047,0.47715071597668024,144780000
2015-01-22,0.4948851466178894,0.49632307957848765,0.48242313714326834,0.4874558453674395,159712000
2015-01-23,0.4963231384754181,0.4972817415169301,0.4912903725161036,0.4953644782959767,120416000
2015-01-26,0.4941660165786743,0.496562551673826,0.4910505152411867,0.4941660165786743,133240000
2015-01-27,0.4704403281211853,0.4869764383374354,0.46948169688851593,0.486497108436624,357948000
2015-01-28,0.4627714157104492,0.47810925908067087,0.46253175074804154,0.4761920250882738,272728000
2015-01-29,0.4740351140499115,0.476671285565548,0.4608541421959194,0.4630110409657519,235340000
2015-01-30,0.46013519167900085,0.4761920005397338,0.45941625396675,0.4706799638091056,298200000
2015-02-02,0.47020065784454346,0.4721178917192111,0.45390421276329834,0.4630110522412547,259604000
2015-02-03,0.48194369673728943,0.48242302666035514,0.4711592877094961,0.47355582304900573,183468000
2015-02-04,0.48314207792282104,0.4886541158866196,0.4790679442741701,0.4805059057272373,181516000
2015-02-05,0.49105048179626465,0.4912901181480873,0.48314191080711794,0.4836211835107633,140448000
2015-02-06,0.48889368772506714,0.4963229875987011,0.4867367886838916,0.49057125682223296,210524000
2015-02-09,0.48841434717178345,0.48985222252854305,0.4829023107008421,0.48601781205997874,273944000
2015-02-10,0.5020745992660522,0.5023142356395227,0.4867367286058442,0.48889362738079317,226204000
2015-02-11,0.49871954321861267,0.5032729207503074,0.4953643477506346,0.5032729207503074,320832000
2015-02-12,0.5344278812408447,0.5392209517968956,0.5241227738315446,0.5272382754067684,676904000
2015-02-13,0.5346675515174866,0.535386517860257,0.5250814097977616,0.5332296188319455,310084000
2015-02-17,0.5363449454307556,0.5389811735392082,0.5303536373816852,0.533708774460196,203340000
2015-02-18,0.5301141738891602,0.5365848716677742,0.5291555710420047,0.535626211682701,170948000
2015-02-19,0.5315520167350769,0.5377830198935313,0.5291554814539721,0.5368244172086709,169432000
2015-02-20,0.5353866219520569,0.5356262584002675,0.5272384113336686,0.5310728801946522,157752000
2015-02-23,0.5310726761817932,0.5351467799259105,0.528436447712499,0.5351467799259105,125008000
2015-02-24,0.5367264151573181,0.5367264151573181,0.5283062703423298,0.5331177980531616,149356000
2015-02-25,0.5326364040374756,0.5369668116171643,0.5302306411680634,0.5345609913898409,123820000
2015-02-26,0.5340799689292908,0.5372074669557153,0.5297495605736622,0.5331176750806804,152864000
2015-02-27,0.5307121276855469,0.5338396269843069,0.5287874818474165,0.5326367161657323,157492000
2015-03-02,0.5437028408050537,0.5465897787460055,0.5285465313308618,0.5292682658160998,301512000
2015-03-03,0.5335985422134399,0.5422592974910061,0.5319145144313985,0.5396129763132116,160344000
2015-03-04,0.5396135449409485,0.5408163986136953,0.5295093102432816,0.531674515683772,226840000
2015-03-05,0.5499579310417175,0.5509202247378496,0.5381696755298393,0.5396131447529937,323056000
2015-03-06,0.5425000786781311,0.5494767509353804,0.5420189031551189,0.5468304289535931,257392000
2015-03-09,0.5439435839653015,0.5480334332186445,0.5415378206528231,0.5427407309880231,222388000
2015-03-10,0.5533261895179749,0.556934863892354,0.5453871632522742,0.5463494572994642,527212000
2015-03-11,0.5504392981529236,0.560543471516007,0.5489958284273596,0.5533261802461192,262120000
2015-03-12,0.5453870296478271,0.549236262251567,0.5350422421193661,0.5451464705344432,406972000
2015-03-13,0.5461088418960571,0.5475523114971793,0.5352828772455683,0.5427407843987236,359288000
2015-03-16,0.5526043772697449,0.5559724920002205,0.5468305564370979,0.5504392303062056,236956000
2015-03-17,0.5593405365943909,0.5595810957275273,0.5475522787018474,0.5514015116216497,299900000
2015-03-18,0.5501984357833862,0.5622272491917382,0.5451463513592505,0.5593403683884778,413844000
2015-03-19,0.5586186647415161,0.5605432520501253,0.5480333198283457,0.5521231108775726,310756000
2015-03-20,0.5646331906318665,0.5680013053388492,0.5578970759337508,0.5631897784522166,462084000
2015-03-23,0.5463491082191467,0.5550098638260832,0.5461085492005335,0.5477925770466189,426012000
2015-03-24,0.538891613483429,0.5485146687916793,0.5364858496563664,0.5446654351967924,330480000
2015-03-25,0.5061730146408081,0.5386508421958619,0.5044889290028901,0.5386508421958619,542552000
2015-03-26,0.5044888257980347,0.5066540291542055,0.49221945482886575,0.4958281270891506,311920000
2015-03-27,0.5143525004386902,0.5162770874381333,0.4991961914048988,0.5073757721893829,318288000
2015-03-30,0.516517698764801,0.5191640202025518,0.5100220886501217,0.5167582577978965,253252000
2015-03-31,0.5035265684127808,0.5155553812129183,0.5030454503155175,0.5150742631156551,357276000
2015-04-01,0.5054512619972229,0.5071352902171121,0.4967905044678577,0.5054512619972229,330768000
2015-04-02,0.5066542029380798,0.5097817008504344,0.5023238520983148,0.5083382314512062,192204000
2015-04-06,0.5213294625282288,0.5230134912475809,0.4991964153174408,0.5044890606188543,515864000
2015-04-07,0.5259003043174744,0.5316741238792826,0.5184423990821391,0.5213293375419995,413964000
2015-04-08,0.5297496318817139,0.5316742771959269,0.5213294878755609,0.5263815742792527,366432000
2015-04-09,0.5420188307762146,0.5437028588450115,0.5254190517807693,0.5256596108311963,379432000
2015-04-10,0.5475521087646484,0.5477926678231254,0.5405753798476609,0.5425000243891951,258728000
2015-04-13,0.5425000786781311,0.5494767509353804,0.540094258420982,0.5463492534305809,236724000
2015-04-14,0.5379292368888855,0.5425002046663541,0.5326365343382417,0.5403350003468281,220276000
2015-04-15,0.5444245338439941,0.548514324043724,0.5367260714927978,0.5393724501898391,243560000
2015-04-16,0.5410563349723816,0.5458678583298211,0.5372071048148535,0.5412968939328887,155284000
2015-04-17,0.5340799689292908,0.5393726711335296,0.52950900145099,0.5297495605736622,293636000
2015-04-20,0.5314335823059082,0.5398537241614487,0.5304712312156339,0.5364856674192325,231624000
2015-04-21,0.5307121276855469,0.5379294205231596,0.5280657468278608,0.5379294205231596,230456000
2015-04-22,0.5367264151573181,0.5374481500497363,0.525659889950818,0.5338395329455798,207420000
2015-04-23,0.5345608592033386,0.5396130001303459,0.5208480199743988,0.5268624543396322,259380000
2015-04-24,0.5299900770187378,0.5345609862763588,0.5239756412237844,0.5343204271990921,240960000
2015-04-27,0.5340799689292908,0.5434624630085645,0.5271032381505035,0.5316742056288043,248456000
2015-04-28,0.5367264151573181,0.5386510606564117,0.5280656538062339,0.5331177980531616,234484000
2015-04-29,0.5326364040374756,0.5381696643729148,0.5304712002476313,0.5328769631170435,195156000
2015-04-30,0.5340799689292908,0.5367262913524494,0.5287872667250519,0.5299901770542559,218844000
2015-05-01,0.547311544418335,0.5489955725272159,0.5360044084105685,0.5384101710458136,256968000
2015-05-04,0.5439435839653015,0.5504391965311229,0.5422595553823587,0.5468305228834444,200720000
2015-05-05,0.5299900770187378,0.5427406258404448,0.5275843141723385,0.542018891250734,292928000
2015-05-06,0.5316742658615112,0.537929262622981,0.5246975342923389,0.5328771189690634,316484000
2015-05-07,0.5410563349723816,0.5427403624116971,0.5278246170604816,0.5295086444997972,534564000
2015-05-08,0.501120924949646,0.5254191727312021,0.4929413417731654,0.5054513330016068,1146552000
2015-05-11,0.4963095486164093,0.5013616928699011,0.49029516764902265,0.49414434393634143,544144000
2015-05-12,0.501120924949646,0.5052107165378863,0.4924601662036417,0.4927007826673623,388800000
2015-05-13,0.5040078163146973,0.5085787830431575,0.49919629050302716,0.504729550922239,308524000
2015-05-14,0.5121875405311584,0.5148339206108127,0.5042485150080516,0.5054514254729722,293052000
2015-05-15,0.5124279856681824,0.5167583357062612,0.5093004883348277,0.5143525729389044,215824000
2015-05-18,0.5117064714431763,0.5148339701232331,0.5088195319360674,0.5112252957393469,324972000
2015-05-19,0.5085158944129944,0.5140747661014383,0.5075490890227787,0.5123828854802606,253808000
2015-05-20,0.5085158944129944,0.5147998413324005,0.5080324917178866,0.5087575669488488,196824000
2015-05-21,0.5048905611038208,0.5109328360001275,0.5044071583676908,0.5087576101226485,239692000
2015-05-22,0.504165530204773,0.5080325795641073,0.5029571096931486,0.5060990836961446,212592000
2015-05-26,0.5010238289833069,0.5051325531572718,0.4971567775185633,0.5017489047344114,259732000
2015-05-27,0.5278509855270386,0.5302678833220991,0.5027152023596981,0.5044070250539017,432332000
2015-05-28,0.5351018905639648,0.5367937139273444,0.5268844463351467,0.5278511943108762,327656000
2015-05-29,0.534860372543335,0.5384856929058423,0.5341352969461478,0.5351020452012546,335168000
2015-06-01,0.5409024357795715,0.5462196360786239,0.5348602177166322,0.5382438644417511,372660000
2015-06-02,0.5302680730819702,0.5404190705031802,0.5297846703006137,0.5375187690618604,224304000
2015-06-03,0.5244677066802979,0.5358271284936524,0.5235009007878783,0.5317184051328707,250788000
2015-06-04,0.5338934659957886,0.5355852893464789,0.5213255695353334,0.5213255695353334,323712000
2015-06-05,0.5380024909973145,0.5404193910910324,0.5266430086957404,0.5322018846736363,313320000
2015-06-08,0.5256760120391846,0.5399357331478962,0.5196337934688221,0.536310413530362,342812000
2015-06-09,0.5283344388008118,0.5322014295450284,0.5251924656035901,0.5261592132896442,256888000
2015-06-10,0.5189088582992554,0.5254344814736468,0.516008555722445,0.522050833549656,529460000
2015-06-11,0.5244677066802979,0.5280930270948697,0.5189088321043157,0.5189088321043157,283052000
2015-06-12,0.5102078318595886,0.524225821681414,0.5089993536624352,0.5210838475169094,323728000
2015-06-15,0.5092412233352661,0.5116581227680462,0.5036823488775292,0.507549341871235,306548000
2015-06-16,0.5155249834060669,0.5162500588120881,0.5031988167505322,0.5082742869692677,256892000
2015-06-17,0.5215673446655273,0.5244676467645947,0.5140749744074998,0.5152833951998297,233544000
2015-06-18,0.5302680730819702,0.533651719681237,0.52446752782274,0.5259176785433999,299404000
2015-06-19,0.5285762548446655,0.5346184727407374,0.5237424574784441,0.530268078160502,355656000
2015-06-22,0.5264012217521667,0.5324434994870992,0.5184254474111772,0.5295431969545826,514236000
2015-06-23,0.5128664374351501,0.5314765534502266,0.5087577150128669,0.5273678310279435,414064000
2015-06-24,0.5077911019325256,0.5148001279856909,0.505374202357996,0.5121414981173065,253368000
2015-06-25,0.5116580128669739,0.5147999872170536,0.5077909630804593,0.5077909630804593,350460000
2015-06-26,0.5012651681900024,0.5080325181566999,0.49909000000731585,0.5075491154364351,421296000
2015-06-29,0.48628050088882446,0.5005402204592861,0.485555425518851,0.49546469286947176,391724000
2015-06-30,0.48603883385658264,0.491356034719693,0.4826551867725204,0.48918080832704547,315916000
2015-07-01,0.49304771423339844,0.5051322057345307,0.4886973203423512,0.4981232410002545,302892000
2015-07-02,0.493531197309494,0.49667317137376793,0.49038922324522005,0.49280612193901463,145764000
2015-07-06,0.48748889565467834,0.4961897420110263,0.48386357661985413,0.48942244908020405,214776000
2015-07-07,0.4783047139644623,0.48652218703373085,0.46307824601737296,0.4845886910755085,594252000
2015-07-08,0.4749211370944977,0.47854648576707126,0.4710540869857352,0.4756462125913544,332492000
2015-07-09,0.4691205620765686,0.4845887625164068,0.46622028889995404,0.48241353602516324,357588000
2015-07-10,0.47733786702156067,0.48168828964902394,0.4739541921727782,0.47516264130197905,216708000
2015-07-13,0.4804799556732178,0.48313852710760175,0.4773379814219396,0.48217177909722697,212472000
2015-07-14,0.48072168231010437,0.4816884592408658,0.4744377619128503,0.4812050851813401,249216000
2015-07-15,0.47733786702156067,0.4826550374277047,0.4729874443940974,0.4795130639294424,265732000
2015-07-16,0.4879721999168396,0.4879721999168396,0.478546280131523,0.48023810302272407,282848000
2015-07-17,0.4850720465183258,0.48676386992342524,0.4787880980860062,0.4862805247353471,220372000
2015-07-20,0.47612956166267395,0.4870056359212811,0.4749211121685741,0.485072082156671,188412000
2015-07-21,0.4783047139644623,0.4850720362533582,0.4751627398147921,0.4751627398147921,149720000
2015-07-22,0.4691205620765686,0.4749211372415079,0.4633200157233395,0.4749211372415079,356472000
2015-07-23,0.4749211370944977,0.48193013300345583,0.46912056193135393,0.47008733886439963,169916000
2015-07-24,0.4693621098995209,0.4787880018415303,0.467428585477347,0.478304627938912,188844000
2015-07-27,0.4667036235332489,0.47202079537646147,0.4613864516900364,0.46525347266159656,192420000
2015-07-28,0.4768546223640442,0.4799965679021017,0.46307827550828184,0.4679120733350875,198308000
2015-07-29,0.4826551079750061,0.4865221572783564,0.47395426144832,0.47588778609999516,232680000
2015-07-30,0.4838637411594391,0.4886975399318932,0.4814468129614987,0.4814468129614987,190180000
2015-07-31,0.4821717441082001,0.48603876468079366,0.47927147147582866,0.48579709210159044,218340000
2015-08-03,0.490389347076416,0.49087269236318126,0.4797549728513464,0.4860388937549803,397132000
2015-08-04,0.4923228621482849,0.4937730133104466,0.4867639877756163,0.48869754186630754,260100000
2015-08-05,0.4973981976509094,0.5048905655751508,0.4964313921700874,0.5044071628347397,234628000
2015-08-06,0.49425628781318665,0.49981516074145754,0.4860387859039523,0.4961897837780583,655676000
2015-08-07,0.5554038882255554,0.5648297530530451,0.5288179442424882,0.5428359916243536,1405248000
2015-08-10,0.5747390985488892,0.5788478208232131,0.548153153629406,0.5515368581112732,662304000
2015-08-11,0.5718387365341187,0.5773976090535058,0.5662798640147315,0.5662798640147315,435008000
2015-08-12,0.5732888579368591,0.5773975795677339,0.5626545162085125,0.5626545162085125,384048000
2015-08-13,0.568455159664154,0.5752225111192035,0.5670050088078281,0.5740140328644604,276884000
2015-08-14,0.5689385533332825,0.5723222001946378,0.5645881008343281,0.5679717476956834,214652000
2015-08-17,0.5653132200241089,0.5679717916748301,0.5583041955375694,0.5679717916748301,273880000
2015-08-18,0.5601679086685181,0.5674491134322461,0.5557991510907582,0.5635657926517502,287084000
2015-08-19,0.5579833388328552,0.5657499777346435,0.5519156413409859,0.559439590860172,249248000
2015-08-20,0.5378386974334717,0.5543427335040061,0.5351688826422907,0.5516729765786794,426932000
2015-08-21,0.5210921168327332,0.5429357331179584,0.5206066799911552,0.5339555855428424,382664000
2015-08-24,0.5026461482048035,0.5298293254865629,0.48541392963071944,0.4919670056446374,682284000
2015-08-25,0.4922097623348236,0.5266741422788799,0.4922097623348236,0.5247324536552728,622684000
2015-08-26,0.5293440222740173,0.5298294590093965,0.5043452166522072,0.5082285369376479,614976000
2015-08-27,0.5492458939552307,0.5494885833419955,0.5317709850594111,0.5349261785507633,463764000
2015-08-28,0.5516729950904846,0.5550708781759832,0.5453626077226407,0.549245927477149,320944000
2015-08-31,0.5456053018569946,0.5528865626260182,0.5434209814921445,0.5490032428378245,219352000
2015-09-01,0.5232765674591064,0.5388098558433607,0.5193933032289341,0.5298297060457775,353408000
2015-09-02,0.5390522480010986,0.5392949374151221,0.5286158509419197,0.5375959957852394,344044000
2015-09-03,0.5405084490776062,0.5497313403281995,0.5395376336475053,0.5470615255631046,262556000
2015-09-04,0.5278878211975098,0.5397804726434975,0.5276451317391845,0.5312857050775435,287972000
2015-09-08,0.5504594445228577,0.5526438227829185,0.5385668534606389,0.5407511738548422,238448000
2015-09-09,0.5395377278327942,0.5567698927892715,0.5383241649339301,0.552158504224834,289392000
2015-09-10,0.548032283782959,0.5548281068159427,0.5339553168513854,0.536382384106198,357076000
2015-09-11,0.5497315526008606,0.5533721263359691,0.5397805314687533,0.541964910429344,301584000
2015-09-14,0.5507023930549622,0.5541002774573844,0.5477898876438123,0.5524013352561733,192460000
2015-09-15,0.5567699670791626,0.5596824721323612,0.5492460728462283,0.5509450148386369,327976000
2015-09-16,0.5606529712677002,0.56380816400501,0.551672829579141,0.5557988374973526,173508000
2015-09-17,0.5657498836517334,0.5754581517315801,0.5645363212088315,0.570361270483571,268712000
2015-09-18,0.5652644038200378,0.5701185374882881,0.5545853213230547,0.5579832033176624,326412000
2015-09-21,0.5710896253585815,0.5723031882880701,0.563080295194726,0.5659927999328064,281840000
2015-09-22,0.5555563569068909,0.5625948708782162,0.552643852404036,0.5587115508296967,228356000
2015-09-23,0.5582262277603149,0.5616241117947685,0.5538575279825708,0.5560418489385066,161632000
2015-09-24,0.5689053535461426,0.5747303056568656,0.5460908661581828,0.5548283232572024,382440000
2015-09-25,0.5730314254760742,0.5841959519802725,0.567449162223975,0.5759438729124673,369692000
2015-09-28,0.5655074119567871,0.576671937261095,0.5618668385860917,0.5730313638903997,395584000
2015-09-29,0.5754583477973938,0.576429163362979,0.5635656979878553,0.5715750276691912,380736000
2015-09-30,0.5982726216316223,0.5990007475868554,0.577399831890533,0.5807977144377227,556380000
2015-10-01,0.5866228938102722,0.5999717385437042,0.5696333603690357,0.5982727967727534,489296000
2015-10-02,0.6019134521484375,0.6019134521484375,0.5774000244558523,0.5834677234844485,386144000
2015-10-05,0.6169613003730774,0.6244851939714644,0.6026415815123277,0.6057967757652342,482024000
2015-10-06,0.6249704360961914,0.6276401927611174,0.6079809650300421,0.6104080323252062,453216000
2015-10-07,0.6315235495567322,0.6378339364725423,0.616233018901443,0.6264267252935865,310152000
2015-10-08,0.6351643204689026,0.6368632622666175,0.6181747867600234,0.6288539321540386,460068000
2015-10-09,0.6327371001243591,0.6378339242901574,0.6208444525383121,0.63176622687443,423248000
2015-10-12,0.6395328640937805,0.6431734941073645,0.6288537791636857,0.6334651666930908,227588000
2015-10-13,0.6407465934753418,0.6446298560126539,0.6322518264767729,0.6344362050534106,298444000
2015-10-14,0.6640463471412659,0.6744827436657455,0.6407464864788428,0.6414745546836113,612148000
2015-10-15,0.6657453179359436,0.6793369087417056,0.6584641147756274,0.665259881245579,526048000
2015-10-16,0.6761817336082458,0.6824921214281071,0.6662307151746723,0.6679297147049784,448396000
2015-10-19,0.6749680638313293,0.6815211978976511,0.667201482862478,0.6783660044876688,294712000
2015-10-20,0.6739972829818726,0.6771524765535399,0.6669587697938564,0.6720556521066253,264824000
2015-10-21,0.6652599573135376,0.6822494911627721,0.6640464522476583,0.6781234234875321,386280000
2015-10-22,0.6892881989479065,0.691472578301267,0.6720560272470936,0.673026843226625,306884000
2015-10-23,0.6938994526863098,0.6985108996288752,0.6849193061274358,0.6953557051803695,381776000
2015-10-26,0.6907439231872559,0.6960834937868521,0.6844335373511445,0.6943845526564901,247436000
2015-10-27,0.6902589201927185,0.6946276200677324,0.6868609782167369,0.6873464150321268,208268000
2015-10-28,0.6958411931991577,0.6958411931991577,0.6844339197330631,0.6946276300761345,217036000
2015-10-29,0.6718130707740784,0.6917150525571533,0.6705995656437976,0.6846765954966137,327168000
2015-10-30,0.6885597109794617,0.6934139040602747,0.6739973053345911,0.6790941878163952,301160000
2015-11-02,0.6965692043304443,0.6972973305711838,0.6866182421501213,0.6907442522703985,190088000
2015-11-03,0.6917149424552917,0.6963263885212552,0.6839483604064611,0.6924430685639101,376768000
2015-11-04,0.6803076863288879,0.6948700918376548,0.6771524926820696,0.6897732672693431,442264000
2015-11-05,0.6725411415100098,0.6856473546040882,0.670599510315409,0.6837056655436236,478800000
2015-11-06,0.7657405138015747,0.7752060943399862,0.7237522405814665,0.739042771502803,1172272000
2015-11-09,0.7623427510261536,0.7645271294636478,0.7516636061312011,0.7582167414436838,492568000
2015-11-10,0.747780442237854,0.7565178992716859,0.7317617806534739,0.7523918312804256,552260000
2015-11-11,0.7404991388320923,0.7536052937002586,0.7378293236805308,0.748265721262998,619896000
2015-11-12,0.7378295063972473,0.7455961486173529,0.7346743116119466,0.7388003222082914,291080000
2015-11-13,0.7232669591903687,0.7417126875839439,0.7196263282534091,0.7385574933938676,292940000
2015-11-16,0.7378295063972473,0.7383149432357076,0.7269076693918409,0.7327326799898585,344280000
2015-11-17,0.7378295063972473,0.7441398959678486,0.7346743116119466,0.739771195885212,257048000
2015-11-18,0.7559798359870911,0.7569543963236425,0.7328351025777491,0.7408748477978441,350216000
2015-11-19,0.758172333240509,0.7657247965353811,0.7525688739941218,0.7586596132954276,254072000
2015-11-20,0.7647501230239868,0.7691354682781024,0.7591466650341159,0.7637756212182661,239744000
2015-11-23,0.7532998323440552,0.7710847136966096,0.7506199370165305,0.7710847136966096,242552000
2015-11-24,0.7593903541564941,0.7659683141262537,0.7498888306065823,0.7532996160597045,195428000
2015-11-25,0.7584158182144165,0.7669428402023615,0.7557359235716157,0.7579285963260446,138300000
2015-11-27,0.7647501230239868,0.7671864065810793,0.7559794906013375,0.7598775559098019,86996000
2015-11-30,0.7727899551391602,0.7762007989872938,0.7647502126499678,0.7654811036113115,327244000
2015-12-01,0.7978838682174683,0.7986147592938709,0.7788808164021926,0.7796117074785953,409496000
2015-12-02,0.7917929291725159,0.8073851326753487,0.7900875364523298,0.7991017800099922,294240000
2015-12-03,0.7900876998901367,0.806410797661877,0.7861896336866774,0.798127443283023,246656000
2015-12-04,0.8222466707229614,0.8237084528050892,0.7900876972585307,0.7900876972585307,458756000
2015-12-07,0.8066543340682983,0.8220029272862903,0.8042180503525153,0.8220029272862903,333588000
2015-12-08,0.8176177144050598,0.8210285005434392,0.7915494802251667,0.7966656594327358,314488000
2015-12-09,0.7969092130661011,0.8222466124662234,0.7886258593017184,0.8173740445947524,372676000
2015-12-10,0.8034874796867371,0.8078727688888199,0.7966658477121975,0.7993457434420477,236596000
2015-12-11,0.7915493249893188,0.8010508485847665,0.7898439322545846,0.7954473904196756,227320000
2015-12-14,0.7934982180595398,0.7978835628395314,0.7839966957884668,0.7922801054554813,275892000
2015-12-15,0.8032435178756714,0.8088469764222181,0.7981273393231847,0.802512626927375,307296000
2015-12-16,0.8081160187721252,0.8107959713898713,0.7978836625117292,0.8049488442861218,236356000
2015-12-17,0.7959346175193787,0.8176175594235252,0.7954473956408757,0.809334206633136,254160000
2015-12-18,0.7830225229263306,0.7983711199309488,0.7820480208167166,0.7903313758768344,395896000
2015-12-21,0.8015382289886475,0.8022691200317442,0.784484240182777,0.7915494815423161,284216000
2015-12-22,0.8022690415382385,0.810308784140105,0.7973964737847189,0.8039744344434115,130012000
2015-12-23,0.8054362535476685,0.8086034285421418,0.8020254675799563,0.8034872495905736,122524000
2015-12-24,0.8081160187721252,0.8100650805019026,0.8017816698001184,0.8029998406419272,52448000
2015-12-28,0.8073852062225342,0.8073852062225342,0.7883822155482885,0.7995891328037412,142024000
2015-12-29,0.8205411434173584,0.8229774271271368,0.8056797721277997,0.807872444892276,203660000
2015-12-30,0.8134762048721313,0.8268757992873055,0.8132325938364976,0.8198105564834643,180344000
2015-12-31,0.8029999732971191,0.8159122843083686,0.8029999732971191,0.8122578873504034,148528000
2016-01-04,0.7886258363723755,0.7937420150629897,0.780586093809645,0.7866768325146908,358076000
2016-01-05,0.8012946248054504,0.8146942165951886,0.7917930992501232,0.8034872979533557,490272000
2016-01-06,0.7681612968444824,0.7917932517033922,0.7591469915293291,0.7881387957532481,449344000
2016-01-07,0.7377074956893921,0.7540305919862935,0.7279623020184527,0.7489143551440721,645304000
2016-01-08,0.7218716144561768,0.7479398460905468,0.7204098325151563,0.7472089551200366,398472000
2016-01-11,0.7230896949768066,0.7282059315413211,0.7101773852185337,0.7226024730753392,409372000
2016-01-12,0.7352713346481323,0.7459910328984664,0.7301551546324757,0.7360022258054553,469356000
2016-01-13,0.7128574252128601,0.745747289093922,0.7121265341856726,0.7408746628841407,481672000
2016-01-14,0.698483407497406,0.7065231515819337,0.6777749616831742,0.6982397384048808,600236000
2016-01-15,0.6604772806167603,0.6785058305059188,0.6490267504689422,0.6704660866854342,841452000
2016-01-19,0.6658371090888977,0.693123515054912,0.6631571558392522,0.6741204636582103,457140000
2016-01-20,0.6694914698600769,0.6780184930423742,0.6443977384409874,0.6531683726015923,481180000
2016-01-21,0.6772874593734741,0.6877634843469889,0.6629133691400686,0.6768002375194759,481456000
2016-01-22,0.693123459815979,0.6977524168004621,0.6887381138036502,0.6901998958077598,257996000
2016-01-25,0.6923925280570984,0.7009195505220772,0.6909307461390347,0.6928798080583157,270728000
2016-01-26,0.6992142796516418,0.7021378442407682,0.6867892463190615,0.6938544886857146,227944000
2016-01-27,0.6909307837486267,0.7004323086476504,0.6777748619411117,0.6982396356512007,231700000
2016-01-28,0.6833783388137817,0.6989705449981196,0.6699787475978585,0.6965342609666421,276776000
2016-01-29,0.7135881185531616,0.715049900321564,0.6865453881800467,0.6892252826983961,310504000
2016-02-01,0.7138321399688721,0.717486538108361,0.7067668966574192,0.7128576376707157,289884000
2016-02-02,0.6836220026016235,0.7101775180218428,0.6787494341622583,0.7065231207351178,341908000
2016-02-03,0.6870325207710266,0.6931232579860632,0.6711967085659662,0.6889815822374913,326772000
2016-02-04,0.6872764229774475,0.7028686295723326,0.680454792658339,0.6880072559291001,348140000
2016-02-05,0.64391028881073,0.6901997314622612,0.6419612853263947,0.6826472703534896,600428000
2016-02-08,0.6144315004348755,0.6373325610843681,0.6054171963082122,0.6341653857070213,608852000
2016-02-09,0.6210095286369324,0.6468341564241794,0.6041991478552254,0.6071227125426893,425372000
2016-02-10,0.6195477843284607,0.6429361290072128,0.6161369973740948,0.6249076338893279,335800000
2016-02-11,0.6163802742958069,0.6227146226834523,0.603711577520516,0.603711577520516,340144000
2016-02-12,0.6268565654754639,0.628074736723494,0.6029809434016127,0.6261256743437662,340816000
2016-02-16,0.6575536727905273,0.6585282328929546,0.6339217229757582,0.6358707270094238,485352000
2016-02-17,0.6738767623901367,0.6802111120071171,0.6631570669988213,0.6658370198894444,771468000
2016-02-18,0.7318603992462158,0.7547615153220816,0.7284496132622333,0.7291805042710285,1068660000
2016-02-19,0.7416056394577026,0.7481836594611838,0.7223589757213255,0.7279624355190758,525628000
2016-02-22,0.7679175734519958,0.7764445980092859,0.7508635824230185,0.7523253646997656,449668000
2016-02-23,0.7698665261268616,0.7771753783833248,0.7581723276651636,0.7618267828361925,369380000
2016-02-24,0.775226354598999,0.7764445257447794,0.7455036640520052,0.7666993889209254,336852000
2016-02-25,0.776931643486023,0.780829709309642,0.7630448311839213,0.7781498144683493,349616000
2016-02-26,0.7718155384063721,0.782535176879918,0.7640194060152868,0.7805861728249441,361964000
2016-02-29,0.7668030261993408,0.7829410967836045,0.766314029089044,0.7729159564558384,323344000
2016-03-01,0.8007909059524536,0.8007909059524536,0.7675366509039251,0.7687592603867989,348700000
2016-03-02,0.8054364919662476,0.8083707074372719,0.7949222975913648,0.796389405326877,233812000
2016-03-03,0.7983455657958984,0.8078816494511111,0.7875868146354694,0.8044584369442545,302004000
2016-03-04,0.7959003448486328,0.8051919292710014,0.7897874158702554,0.8044583754617076,175304000
2016-03-07,0.7907654643058777,0.7968783932542789,0.7804957693233364,0.7914990181115743,239968000
2016-03-08,0.7763389945030212,0.7873422431667303,0.7738938346107759,0.7826964218823012,274940000
2016-03-09,0.7758499383926392,0.7844079682148756,0.7658247427901831,0.7831854175105015,222788000
2016-03-10,0.7746275067329407,0.7848972031679569,0.7589784926916173,0.7804958797112845,286084000
2016-03-11,0.7878315448760986,0.7880761017679576,0.7768283502538993,0.7861199381192506,277400000
2016-03-14,0.7897875905036926,0.7929663049477547,0.780495945729596,0.7841637155870615,190312000
2016-03-15,0.7858750820159912,0.7907654014672155,0.7719376774097225,0.7856305835325919,226216000
2016-03-16,0.8093487024307251,0.8120384191874853,0.776339013911563,0.7800067829902306,363644000
2016-03-17,0.8025023937225342,0.8103268717244803,0.7914991431954078,0.8064146618721173,353680000
2016-03-18,0.8267094492912292,0.8374681423425968,0.8069036111746392,0.8120384883219416,545512000
2016-03-21,0.8291546106338501,0.8293991091611881,0.8105713817201718,0.8193739699737265,337780000
2016-03-22,0.8276873230934143,0.833555694555376,0.8174176293120781,0.8264647724250574,242012000
2016-03-23,0.8418694138526917,0.8479822847321273,0.8276874508093056,0.8313552199747375,429008000
2016-03-24,0.8430919051170349,0.8445590126795074,0.8315996597063484,0.8342893180394088,244956000
2016-03-28,0.851650059223175,0.8553177701143291,0.8406468099552858,0.841624862306446,265388000
2016-03-29,0.8653430342674255,0.8672991391217335,0.8460262510679579,0.8479823559222659,261812000
2016-03-30,0.8743900656700134,0.8863713674585706,0.868032637851709,0.8685216931828149,376700000
2016-03-31,0.8712112903594971,0.8802583761182259,0.8643648659898245,0.8783022715260937,379884000
2016-04-01,0.8839260339736938,0.8844150892088485,0.8592298813938428,0.8658318064338141,348292000
2016-04-04,0.8753682971000671,0.8959076924526157,0.8719450839737178,0.8912618698970123,393940000
2016-04-05,0.8741455674171448,0.8822146014509358,0.8641203703555538,0.8675436410799002,339568000
2016-04-06,0.8753682971000671,0.8758573525312141,0.8467599243627922,0.863142494293658,453376000
2016-04-07,0.8663210272789001,0.8775687751628014,0.8626533163543142,0.8697442396877707,378104000
2016-04-08,0.8719450235366821,0.8790360061620708,0.8633869330167686,0.873412131431207,255936000
2016-04-11,0.8773242235183716,0.8917506844217953,0.8743900083186209,0.8770796667202521,387524000
2016-04-12,0.8763462901115417,0.8814811091105367,0.8592301101871219,0.8802584998456987,292764000
2016-04-13,0.8983527421951294,0.8985972407319289,0.8802585096359266,0.8802585096359266,350716000
2016-04-14,0.900797963142395,0.9047102314808559,0.8922398725084355,0.8959076422936247,416564000
2016-04-15,0.9078889489173889,0.9159579841747352,0.8976192517815238,0.900553467619549,436972000
2016-04-18,0.9039766788482666,0.9061773407226045,0.8951740896481385,0.9061773407226045,307320000
2016-04-19,0.8878385424613953,0.9091114307759389,0.8822146680647985,0.9073998244331337,309152000
2016-04-20,0.8912617564201355,0.8966411322889354,0.885393383479675,0.8863714359202153,200172000
2016-04-21,0.890283465385437,0.8956628398125754,0.8863711983745367,0.8915060160341666,178280000
2016-04-22,0.8868606090545654,0.8993309104961171,0.8839263930460937,0.8932180382081032,223540000
2016-04-25,0.8912617564201355,0.8961520769200557,0.8846598295749651,0.8871049898249252,191972000
2016-04-26,0.8919953107833862,0.9069108291238637,0.8880830427219951,0.8966411327498643,214536000
2016-04-27,0.912290096282959,0.9127791516250636,0.8880829936444844,0.8897945998960272,352396000
2016-04-28,0.8851488828659058,0.9120457056210087,0.8829482793092259,0.9066663294105436,381224000
2016-04-29,0.8687661290168762,0.8834370883249463,0.8592299879774677,0.8814809837360876,321904000
2016-05-02,0.8802586197853088,0.8856379963485691,0.872923138088441,0.8770799052202768,256076000
2016-05-03,0.8697443008422852,0.8739010673877914,0.8621643216472112,0.8702333562053169,224024000
2016-05-04,0.8499385118484497,0.8599636511616856,0.8411359234844589,0.8592300972732516,525764000
2016-05-05,0.8550732731819153,0.8650984701171814,0.8487158454417987,0.8570294361850662,246884000
2016-05-06,0.8638759255409241,0.8660765872225467,0.851894623003936,0.8536062293239032,183240000
2016-05-09,0.8626533150672913,0.8697442383901687,0.8555623334471999,0.8660765274710547,333336000
2016-05-10,0.8792802691459656,0.8807473766474407,0.8597189912521807,0.8680325226975979,269676000
2016-05-11,0.8817256093025208,0.8915062502507405,0.8770797873629507,0.8819701661342791,328176000
2016-05-12,0.8697443008422852,0.8919952996589117,0.8540952870891055,0.8880830316463122,670540000
2016-05-13,1.0020276308059692,1.0025166278740374,0.9536134232341086,0.958259186866849,2110256000
2016-05-16,1.031614065170288,1.046529641879368,0.9912688916835115,0.9944476058550283,973032000
2016-05-17,1.033814549446106,1.0411499702649025,1.0137641582462775,1.0269680089956408,628392000
2016-05-18,1.0602220296859741,1.0722033855280773,1.026967794676644,1.026967794676644,541072000
2016-05-19,1.064868688583374,1.072448728867867,1.0545990468517221,1.0560660385895475,398880000
2016-05-20,1.083940029144287,1.088341350279012,1.0697580721064253,1.0714696775597554,391084000
2016-05-23,1.0856518745422363,1.0927427963311742,1.0790499496782175,1.0885860892805563,413636000
2016-05-24,1.1120059490203857,1.115438168251661,1.086019931150625,1.0889617665504503,415788000
2016-05-25,1.107348084449768,1.120095841927817,1.0985225790066475,1.1154380726573576,458076000
2016-05-26,1.1191154718399048,1.1272054612308424,1.1061224621180117,1.1093094311779939,309964000
2016-05-27,1.125244140625,1.126960191688791,1.1166637684088339,1.1203411208859957,277416000
2016-05-31,1.1453465223312378,1.1477980907260714,1.129411678456464,1.1301471957338,412524000
2016-06-01,1.1475530862808228,1.1585847946061798,1.1365212610582374,1.1399533636790902,387132000
2016-06-02,1.155643105506897,1.1654491466458388,1.1424048447618171,1.1536818037613235,329208000
2016-06-03,1.139462947845459,1.14583688593318,1.1193605996594005,1.1443660850488366,461076000
2016-06-06,1.133579134941101,1.1512300273948781,1.1276954651574427,1.1424045227193904,322512000
2016-06-07,1.1357851028442383,1.146816921842244,1.1352948361456663,1.1404429871721589,193400000
2016-06-08,1.1321080923080444,1.1401980789173947,1.1227923218131113,1.136030460465287,234616000
2016-06-09,1.1615262031555176,1.1632422538349474,1.1257341553877687,1.1281857231567745,472168000
2016-06-10,1.1325982809066772,1.1580940228600367,1.13112736372497,1.1477977194852618,400024000
2016-06-13,1.1470623016357422,1.1693710777740385,1.133824162752811,1.133824162752811,475588000
2016-06-14,1.1492689847946167,1.1546622714964516,1.1316180901646324,1.1443659650027995,298344000
2016-06-15,1.161036491394043,1.1710876668781227,1.1460822949252483,1.1588301728649557,301036000
2016-06-16,1.1656936407089233,1.1676548244814757,1.141178551309101,1.152455504122736,246456000
2016-06-17,1.1453465223312378,1.1674101702958808,1.1406886358988257,1.1671650368358404,471000000
2016-06-20,1.1659387350082397,1.1808929215065762,1.1629969009993821,1.163732417950178,293768000
2016-06-21,1.158829689025879,1.1740290126632424,1.1571135213453905,1.1708420445089511,212508000
2016-06-22,1.157848834991455,1.16888065488652,1.15588765114053,1.161280935954867,202620000
2016-06-23,1.1887379884719849,1.1899637723471514,1.1681452635784877,1.1688807806624613,297880000
2016-06-24,1.1210767030715942,1.1610363847190444,1.1105352615267536,1.1399533847321328,1017684000
2016-06-27,1.1090638637542725,1.1203408177928755,1.0926386410198798,1.1117604478980128,449088000
2016-06-28,1.125244140625,1.1313728276258468,1.1097995641536702,1.1301471603640043,381920000
2016-06-29,1.143630027770996,1.1524555302936492,1.132107941336285,1.1350497755105027,318932000
2016-06-30,1.1524558067321777,1.1595651436108725,1.1362758317900743,1.145591486380075,430940000
2016-07-01,1.1438754796981812,1.1610361058954652,1.139953110971649,1.1460819143919077,218488000
2016-07-05,1.1607908010482788,1.162751985121937,1.1284308546927708,1.1375013748698843,371084000
2016-07-06,1.1681455373764038,1.1750098585479323,1.1468174072970847,1.1527010777591915,273104000
2016-07-07,1.1985443830490112,1.202712002708363,1.1705971803658641,1.1759904673686554,395400000
2016-07-08,1.2465940713882446,1.252477742327389,1.2066343928705348,1.2112922795478205,481932000
2016-07-11,1.2752765417099,1.2845921963398725,1.263018935290233,1.264489852736481,448776000
2016-07-12,1.294398307800293,1.3061655300747737,1.2733151974167733,1.2894952887778266,436760000
2016-07-13,1.2939079999923706,1.3042044223717473,1.291946815647747,1.2968498349579067,324604000
2016-07-14,1.3071461915969849,1.31891353191966,1.2899856817884265,1.3007723714518102,316892000
2016-07-15,1.2919470071792603,1.2978306779825886,1.270864009330292,1.2904760894784282,428616000
2016-07-18,1.2985656261444092,1.3098425799919842,1.293662607814906,1.3078813960396185,252992000
2016-07-19,1.3120490312576294,1.3171971830358689,1.2953786752031469,1.297830242848316,382652000
2016-07-20,1.329209566116333,1.336319018924322,1.3110684093565086,1.316461694637218,296460000
2016-07-21,1.3046947717666626,1.3304356539976325,1.3002820190392141,1.3262680347166187,361308000
2016-07-22,1.340241551399231,1.340241551399231,1.2997916145881634,1.3093525193705244,315768000
2016-07-25,1.3650020360946655,1.3681890049526122,1.3424481206226153,1.3483317914056607,312528000
2016-07-26,1.3882912397384644,1.3954005766802984,1.3750530995586638,1.3770142838635975,514508000
2016-07-27,1.3743175268173218,1.4027551072292705,1.3659824061854593,1.4003035392743257,446676000
2016-07-28,1.377259612083435,1.3875559188135025,1.3730919925609513,1.3775047455440725,221916000
2016-07-29,1.3998137712478638,1.4034910075934226,1.3576477693339333,1.3824080066364572,409588000
2016-08-01,1.3907426595687866,1.4108451197088443,1.381672138526333,1.4056969671879063,301120000
2016-08-02,1.3738274574279785,1.3980974225634126,1.360589315880871,1.3973619053123452,282748000
2016-08-03,1.377504825592041,1.380201527610192,1.3645118162454954,1.3721115384529612,299828000
2016-08-04,1.4030002355575562,1.4093741719406652,1.3814269753593682,1.3841235598233956,272712000
2016-08-05,1.426779866218567,1.4275152664310446,1.4123159432984755,1.4191801462036882,371588000
2016-08-08,1.4400182962417603,1.4498243357730163,1.4248188531402652,1.4463922336267978,305064000
2016-08-09,1.4436951875686646,1.4576688431722002,1.440017952845644,1.4471272888964415,372344000
2016-08-10,1.434380054473877,1.4586500248441032,1.4297221672031584,1.456443706409441,375740000
2016-08-11,1.4635530710220337,1.4696818763213173,1.4390379667221376,1.4419798026175727,681064000
2016-08-12,1.545433521270752,1.5537686444857455,1.4863521413924925,1.5174863159270136,1425744000
2016-08-15,1.5439621210098267,1.5567099937898792,1.5231242610345248,1.5471490892048398,573304000
2016-08-16,1.534646987915039,1.544207778849801,1.5299891007483823,1.5417563269657484,287652000
2016-08-17,1.4990993738174438,1.5380785077657773,1.4870870186540277,1.5346464062905154,595212000
2016-08-18,1.5223888158798218,1.5248402668590284,1.491009401686206,1.4968930710718065,331684000
2016-08-19,1.5263116359710693,1.537833727847247,1.5150346775756491,1.5216537491450017,291560000
2016-08-22,1.5326857566833496,1.5348921920675198,1.5128285396092502,1.5309697052163498,244748000
2016-08-23,1.5450886487960815,1.5551583459487273,1.5406677632976085,1.5482814910262035,339764000
2016-08-24,1.5212644338607788,1.551228043593383,1.5141419969415018,1.550491288234533,298448000
2016-08-25,1.5111945867538452,1.5224923208891523,1.4922832462385565,1.5217555656056394,406032000
2016-08-26,1.523475170135498,1.532071236216529,1.5030900795860624,1.5151246892121226,300024000
2016-08-29,1.5224930047988892,1.535755542760401,1.5200370356380282,1.5296155613019289,274652000
2016-08-30,1.513650894165039,1.5286326411427718,1.509475595607669,1.520527746271198,285544000
2016-08-31,1.506528615951538,1.5207736101485887,1.502107848565915,1.5165984279385418,388544000
2016-09-01,1.5509824752807617,1.5566312844309527,1.5065282889956668,1.507756331719656,428492000
2016-09-02,1.5357551574707031,1.5558946616778409,1.5183174411767035,1.554175448562762,323148000
2016-09-06,1.5502461194992065,1.5502461194992065,1.533299569287739,1.5411588813831438,306812000
2016-09-07,1.5274049043655396,1.5529476368627049,1.5185632523310124,1.545333910726982,397988000
2016-09-08,1.5384570360183716,1.5409131220073502,1.5084935364736374,1.5259312551223572,315808000
2016-09-09,1.4618287086486816,1.530106294825007,1.4490573447433825,1.5215102295474425,697760000
2016-09-12,1.4920381307601929,1.494985387278397,1.4077963203634616,1.4424264087834107,598260000
2016-09-13,1.4704248905181885,1.505546144042572,1.4620744097132043,1.4883538950116408,471768000
2016-09-14,1.483441948890686,1.488354003670617,1.4615833461094108,1.4738634245029267,319048000
2016-09-15,1.5396852493286133,1.5414044628660226,1.4824596808491095,1.485898225036567,515212000
2016-09-16,1.5433690547943115,1.5534387494658823,1.5256856342700937,1.5450882681013451,902444000
2016-09-19,1.5637543201446533,1.6028051773161076,1.5524565812521967,1.5595790204422217,417128000
2016-09-20,1.549509048461914,1.5816830459064475,1.5409129825039676,1.5816830459064475,331112000
2016-09-21,1.592980980873108,1.595928237314501,1.5539301258062246,1.5541757109909025,336212000
2016-09-22,1.5969105958938599,1.607225993553979,1.5878233583961103,1.6023139384676566,308732000
2016-09-23,1.595191478729248,1.6035419611686332,1.588069039413706,1.5988756081007778,276132000
2016-09-26,1.580209493637085,1.5865951764013453,1.5603156898465602,1.5770166522549547,230040000
2016-09-27,1.6342418193817139,1.6366979048520949,1.573332375335038,1.5740691307085917,402752000
2016-09-28,1.6401363611221313,1.64136440388001,1.619260102688607,1.6366979350901538,319788000
2016-09-29,1.6553637981414795,1.6605215546292205,1.6222074613637762,1.6374347943445342,336684000
2016-09-30,1.6828718185424805,1.6993271980373132,1.6546274125691456,1.6644515232261394,429932000
2016-10-03,1.681152105331421,1.70718612147165,1.6782049664951288,1.6828714355621224,242596000
2016-10-04,1.6774680614471436,1.711852440255309,1.6649422824633275,1.6836081583696108,281624000
2016-10-05,1.6757491827011108,1.708905642430113,1.6705915424177455,1.6917133910395974,305440000
2016-10-06,1.653890609741211,1.6659251039629424,1.6273654180346853,1.6556098232014582,360212000
2016-10-07,1.6418558359146118,1.6693633656688198,1.6371893663807364,1.6649424813031555,286260000
2016-10-10,1.6479963064193726,1.6592940465014774,1.6325232661951785,1.6504522757697528,287876000
2016-10-11,1.6241724491119385,1.6450487113051613,1.61164666837348,1.6425927424597009,388540000
2016-10-12,1.631540298461914,1.640136363554607,1.6040327730526935,1.6175408920715828,419920000
2016-10-13,1.6050152778625488,1.6160674296059592,1.564490799545121,1.6123834180623609,390116000
2016-10-14,1.620733618736267,1.6357153645882359,1.6111550966884687,1.6246632147551918,330636000
2016-10-17,1.6114007234573364,1.6357154068735607,1.6091903402786243,1.6204880755158377,195328000
2016-10-18,1.6359611749649048,1.6452941131856988,1.6271195241485708,1.6337507915389742,269372000
2016-10-19,1.6325225830078125,1.640136307321788,1.6165583790168632,1.6249089758064361,199060000
2016-10-20,1.663468360900879,1.6688717014529655,1.628347232875252,1.6516794565271586,312084000
2016-10-21,1.6588026285171509,1.661749767875287,1.6430840054148137,1.6575745854688928,279508000
2016-10-24,1.7366586923599243,1.738623490899547,1.6698546051117338,1.670100307402735,339836000
2016-10-25,1.7651485204696655,1.7757095026679155,1.7253609118503892,1.7337113932724857,397460000
2016-10-26,1.7722712755203247,1.7916739116693143,1.7486933396339954,1.7504125531463972,333792000
2016-10-27,1.735921859741211,1.7892177093941244,1.728799420953605,1.7857792825923402,388664000
2016-10-28,1.7329744100570679,1.770797215215535,1.7297815690111358,1.7442721462878579,290856000
2016-10-31,1.7477105855941772,1.7592539070516797,1.7376407749880667,1.7386232326682707,252388000
2016-11-01,1.6958887577056885,1.7636751909743957,1.6772228773363478,1.754096665592124,473224000
2016-11-02,1.6887660026550293,1.7319921543866097,1.6858187464054135,1.7089055089523226,295848000
2016-11-03,1.6691179275512695,1.6980990879806297,1.6366983402387827,1.6966254597289139,309664000
2016-11-04,1.6595391035079956,1.688029088425234,1.6352244174038841,1.6580654755217514,328780000
2016-11-07,1.7504123449325562,1.761464497404835,1.7069406076683244,1.7081686506347162,487580000
2016-11-08,1.7477105855941772,1.7626923332634796,1.731500795102772,1.757043406549373,429884000
2016-11-09,1.718238115310669,1.741324874960507,1.6877834501866065,1.700309112006742,456532000
2016-11-10,1.664451241493225,1.756061180831628,1.6396453838499685,1.7558155956736674,869280000
2016-11-11,2.160569190979004,2.180217408756554,1.9279831846676532,1.9527891591575337,2175344000
2016-11-14,2.05422306060791,2.1659723791209986,2.053731890332116,2.163516293516813,1348796000
2016-11-15,2.116851568222046,2.1477973996777946,2.061345118081629,2.070186884594065,626092000
2016-11-16,2.250459909439087,2.2733008512805424,2.120781578803012,2.145096265797276,987984000
2016-11-17,2.2691256999969482,2.328070350906106,2.2263906055738483,2.267160784609888,832988000
2016-11-18,2.2929489612579346,2.3167722401648074,2.2546348721522484,2.2691254481258656,576060000
2016-11-21,2.283616304397583,2.317263929054057,2.2693711946808492,2.310878246752644,436436000
2016-11-22,2.3000714778900146,2.30228186125354,2.268879940098631,2.2914754124622965,330368000
2016-11-23,2.3113865852355957,2.3428706618902813,2.2818701314228718,2.30523717741466,443236000
2016-11-25,2.316059112548828,2.339180313701126,2.297611131060066,2.322454353372389,195564000
2016-11-28,2.3148300647735596,2.330326149609626,2.3022854140792948,2.3089267273381306,278736000
2016-11-29,2.2936766147613525,2.3229472335499066,2.275966835975484,2.312124369414611,444568000
2016-11-30,2.267850160598755,2.3160604473161115,2.2653903970392246,2.302285912128321,440500000
2016-12-01,2.1556875705718994,2.2671123337267622,2.0850940407172924,2.2653905460370396,1035524000
2016-12-02,2.175610303878784,2.1842192384593537,2.093702038453582,2.121496699203367,478292000
2016-12-05,2.2599780559539795,2.2779339004862798,2.189138489022861,2.213489575494441,602284000
2016-12-06,2.2971200942993164,2.305483194914457,2.2523533916039815,2.268095546859829,498796000
2016-12-07,2.338444232940674,2.3441015027904646,2.2653909270771453,2.2835928532700587,480804000
2016-12-08,2.2993335723876953,2.376568389776538,2.288757014402109,2.3413946725190264,381544000
2016-12-09,2.258502960205078,2.3187657523124567,2.231200198055604,2.3170439649544154,382312000
2016-12-12,2.2036514282226562,2.2125064354190154,2.1532274530997415,2.2100466721018144,601332000
2016-12-13,2.2425150871276855,2.270063923774405,2.2149664850569377,2.2159502966806155,387796000
2016-12-14,2.3723878860473633,2.3886219510393794,2.2523539516947846,2.276213143361229,983980000
2016-12-15,2.427976131439209,2.458230554228341,2.3760762202773917,2.383455273409221,746548000
2016-12-16,2.4697914123535156,2.4769243961360994,2.4038711292175683,2.4555249756365605,1089528000
2016-12-19,2.4997994899749756,2.5199690268181194,2.4351090954498393,2.4523271987240167,744656000
2016-12-20,2.586873769760132,2.610486886330503,2.56104672558785,2.5723614954414393,848056000
2016-12-21,2.6031079292297363,2.6060595982339696,2.5509621677815075,2.5984344728543616,576136000
2016-12-22,2.6345925331115723,2.677883292326866,2.6203260922532867,2.6274593126824293,718612000
2016-12-23,2.700266122817993,2.7017420745481346,2.6139304530343663,2.6166360517717235,647692000
2016-12-27,2.885728597640991,2.8867124092181764,2.735686307050103,2.756347992202716,1194272000
2016-12-28,2.6872291564941406,2.9499257476602536,2.673454861384335,2.941808718816851,2295764000
2016-12-29,2.7408502101898193,2.7423261613456127,2.528577610721989,2.5802314442338816,2175368000
2016-12-30,2.6254913806915283,2.7529043603484906,2.614668749837745,2.738883990070845,1212932000
2017-01-03,2.5091466903686523,2.6163898634551663,2.444456288357391,2.567933520831202,1501996000
2017-01-04,2.567687511444092,2.5949902671628715,2.497339847336833,2.5433364240118728,1199220000
2017-01-05,2.5025060176849365,2.602862068162744,2.485533978191201,2.5711319170382474,984296000
2017-01-06,2.5359580516815186,2.5642446262342946,2.4892234867390743,2.5298086433596483,822856000
2017-01-09,2.6387734413146973,2.656483454555052,2.545796692818576,2.545796692818576,916248000
2017-01-10,2.618849515914917,2.6857533732513637,2.5981878373808738,2.65180953895212,880920000
2017-01-11,2.5866281986236572,2.6122091775832676,2.5617851956737203,2.6072898848627126,525664000
2017-01-12,2.544321060180664,2.575313469950122,2.4995543503252056,2.5637528631528057,625616000
2017-01-13,2.5440752506256104,2.582692552212353,2.5349741726247936,2.5482565670688433,457820000
2017-01-17,2.487009048461914,2.5384168199208146,2.4737266588724176,2.5334975293130877,580612000
2017-01-18,2.532268524169922,2.5391556741491836,2.4378158129778345,2.465610483069549,654424000
2017-01-19,2.5866281986236572,2.6186044223231706,2.533006711632145,2.5352204050851936,644872000
2017-01-20,2.5583415031433105,2.626967404498405,2.5364501706594136,2.6092573885337527,492024000
2017-01-23,2.5849053859710693,2.60482908829994,2.550715482376114,2.553175245048988,369904000
2017-01-24,2.640002965927124,2.646152372988506,2.5802320898306745,2.594990432202098,428052000
2017-01-25,2.651317834854126,2.6884594104420483,2.6154061407251827,2.682310003147152,522760000
2017-01-26,2.697068691253662,2.7044477463760166,2.6245073179187,2.654023772984051,458800000
2017-01-27,2.7492144107818604,2.7521660797017424,2.6773910144085673,2.7039558001115758,471996000
2017-01-30,2.7061686515808105,2.730519736665078,2.654268977912736,2.728306044307573,496004000
2017-01-31,2.685507297515869,2.7069067152944073,2.661402047144918,2.679850031401329,362756000
2017-02-01,2.802835702896118,2.807017018212062,2.702233608258349,2.719943384550513,590004000
2017-02-02,2.8382561206817627,2.846865293202944,2.756348057820163,2.7868483286226367,483240000
2017-02-03,2.8134124279022217,2.8508000744601367,2.801605987864913,2.839731375654223,372744000
2017-02-06,2.8854820728302,2.8859739785412897,2.804065695958869,2.804065695958869,506768000
2017-02-07,2.930248737335205,2.9742774646626557,2.899994308037366,2.919671943672788,746224000
2017-02-08,2.9174585342407227,2.934676408451014,2.8626069377800265,2.9122931719776353,449580000
2017-02-09,2.8626060485839844,2.9285263250108167,2.843420557323971,2.9236067998640345,842568000
2017-02-10,2.7947185039520264,2.968865526151305,2.769629440696513,2.9499258695924704,1651092000
2017-02-13,2.66582989692688,2.8035733253811363,2.6614022771093824,2.7890610537186573,1180724000
2017-02-14,2.675668954849243,2.709366956561339,2.6144221242131955,2.6562371559851132,850632000
2017-02-15,2.681079864501953,2.7007574968062116,2.6505796048031165,2.678620336395831,373020000
2017-02-16,2.6380362510681152,2.6919038087516514,2.598926806258328,2.6906739269161766,647176000
2017-02-17,2.6375434398651123,2.6419710602619375,2.5775267228442647,2.6245071179613686,563740000
2017-02-21,2.7319960594177246,2.7359315390968164,2.661894228059426,2.6621402981663205,551952000
2017-02-22,2.727809429168701,2.753422685299107,2.7088456328767934,2.7440639774920776,433772000
2017-02-23,2.4748787879943848,2.6201846784903453,2.4549301724327126,2.5982657220057583,1592888000
2017-02-24,2.498767614364624,2.5120667671893995,2.3569096710711235,2.390650196988915,1029904000
2017-02-27,2.571420669555664,2.586443783008362,2.5012306015998433,2.5169926221538685,715400000
2017-02-28,2.499260663986206,2.5908774085511657,2.4820210613213884,2.5810259386033034,625360000
2017-03-01,2.5315229892730713,2.570435393398635,2.4901477182716323,2.5561509534160876,504804000
2017-03-02,2.4381823539733887,2.532754470881611,2.4354733412815506,2.518716411268426,754332000
2017-03-03,2.424145460128784,2.4325188820608172,2.369717160646537,2.427593381195858,864692000
2017-03-06,2.4054269790649414,2.4160171183303945,2.343856718744178,2.3879410007071664,883568000
2017-03-07,2.431779384613037,2.451235707231836,2.392620828443478,2.405427456405435,603400000
2017-03-08,2.4273462295532227,2.4948272845373403,2.42512974312433,2.4800503168915022,638712000
2017-03-09,2.426853656768799,2.4492651361591053,2.398777536213795,2.4113380171908942,478060000
2017-03-10,2.441138505935669,2.4650278057918507,2.4229138487365125,2.453206463658558,499740000
2017-03-13,2.5083727836608887,2.518224016996762,2.450742962953664,2.451481870043635,774136000
2017-03-14,2.506649971008301,2.5305390407562243,2.474387008527805,2.5211805644448515,522016000
2017-03-15,2.5256142616271973,2.536450555894233,2.4706934129082994,2.518225889848405,615036000
2017-03-16,2.5566444396972656,2.557137201154976,2.5221652299775994,2.536203294594321,523100000
2017-03-17,2.612304210662842,2.61353564458154,2.5566444779489035,2.574130463799211,1119688000
2017-03-20,2.6955466270446777,2.699487308875962,2.613781354432952,2.629789757833636,748568000
2017-03-21,2.608363628387451,2.7081076657861285,2.6004827328514044,2.678307574475925,913484000
2017-03-22,2.661559820175171,2.6662391741102356,2.593339851969421,2.5972802987379087,616764000
2017-03-23,2.637423515319824,2.673626904526082,2.62781866392921,2.653678059882324,533940000
2017-03-24,2.6467831134796143,2.6916063164516815,2.6209237088064854,2.683725422133769,439500000
2017-03-27,2.6659932136535645,2.6699336610431588,2.5509799228403383,2.6002361023902445,506644000
2017-03-28,2.6522014141082764,2.681755120542884,2.6418576520869608,2.667224530597137,432444000
2017-03-29,2.643580913543701,2.6719031786970144,2.641364427249672,2.659589078886729,349992000
2017-03-30,2.694315195083618,2.709092164780632,2.6450590208801814,2.6507234280673844,525532000
2017-03-31,2.6827404499053955,2.706383605385506,2.6696876731167554,2.6847107911527397,440808000
2017-04-03,2.6691946983337402,2.70047236307441,2.645551546823593,2.683232760824899,445232000
2017-04-04,2.4820215702056885,2.571667992186722,2.4711852798620546,2.5465472553875506,1271280000
2017-04-05,2.463550329208374,2.5211801672131067,2.450497317812738,2.463303948480456,747048000
2017-04-06,2.481527805328369,2.4935955236463143,2.4236516107578203,2.468721180007149,635120000
2017-04-07,2.470937967300415,2.505417401568764,2.4559148540102713,2.487931421215467,429068000
2017-04-10,2.407890558242798,2.478326784023212,2.40370373044892,2.4716773235905585,756332000
2017-04-11,2.4165103435516357,2.435720287237883,2.372918575364226,2.37784407548092,618148000
2017-04-12,2.3965609073638916,2.4307939586101512,2.391389027812032,2.416509753401003,414092000
2017-04-13,2.351738452911377,2.3940987902732824,2.351738452911377,2.372426212469881,506892000
2017-04-17,2.443847179412842,2.4440933252005506,2.359372669585664,2.3645445495907644,497292000
2017-04-18,2.445324420928955,2.451481587850071,2.4037030059785804,2.429562402431561,370116000
2017-04-19,2.454930305480957,2.4869466443917414,2.4482806100187,2.4628111998558007,380828000
2017-04-20,2.493842601776123,2.4985219559857987,2.448280493405277,2.4694607776958026,404016000
2017-04-21,2.5041863918304443,2.5068954051352113,2.471677292685362,2.483498633819593,341896000
2017-04-24,2.53546404838562,2.548516823214267,2.5147765253189474,2.535710194209574,371820000
2017-04-25,2.5795483589172363,2.594078948268915,2.5285682232736106,2.549994653690903,388440000
2017-04-26,2.561816453933716,2.595556754994199,2.5598461127973993,2.5930941221637926,327004000
2017-04-27,2.601712465286255,2.6100858819580526,2.5512248800590163,2.569203381435119,319700000
2017-04-28,2.568711519241333,2.601713137914356,2.563046878263488,2.5948172983294184,348248000
2017-05-01,2.6263413429260254,2.6315134579593793,2.5724058199239215,2.5795480408062277,307732000
2017-05-02,2.5485172271728516,2.6007290393793023,2.525859359563262,2.5994976054484327,629972000
2017-05-03,2.5674808025360107,2.5770856575330496,2.5268444258716416,2.541621162001238,336904000
2017-05-04,2.557629346847534,2.5847201840030736,2.549748218033873,2.573637515423088,209788000
2017-05-05,2.5578742027282715,2.5650164207355792,2.5305369986667583,2.546052867777244,228428000
2017-05-08,2.5310311317443848,2.571174745044671,2.519702082044593,2.5696971654518155,365240000
2017-05-09,2.535217046737671,2.5842270639769613,2.5283212074044483,2.536694860807311,847672000
2017-05-10,2.9871435165405273,3.00019652625086,2.8080973259094417,2.814746786240692,2129096000
2017-05-11,3.115455389022827,3.212243996339975,2.9531563037944926,2.956604223684555,1939792000
2017-05-12,3.1496894359588623,3.191803629882451,3.0977242405599097,3.1186581471570616,962620000
2017-05-15,3.3078012466430664,3.3102641139026403,3.186384662235067,3.1908178702766903,1087540000
2017-05-16,3.3693714141845703,3.384887289540112,3.2844046102174786,3.3587812731950906,1120700000
2017-05-17,3.1455018520355225,3.321346471155879,3.141315025060101,3.3026290575282964,1271368000
2017-05-18,3.277261972427368,3.2861281522352273,3.129000722051136,3.189339551127901,1156032000
2017-05-19,3.3529508113861084,3.4076825960127173,3.333720635931605,3.378344405140926,1018372000
2017-05-22,3.424447774887085,3.4387470285648796,3.385740781197584,3.3965887178959764,836608000
2017-05-23,3.378345012664795,3.446390206866603,3.345801669138686,3.4441713852842555,681248000
2017-05-24,3.416311740875244,3.4779468648983247,3.404231074114113,3.475234763322068,815996000
2017-05-25,3.4086689949035645,3.452306674551503,3.363798584545197,3.4515669891013774,608228000
2017-05-26,3.49692964553833,3.58173952403106,3.3803161213906483,3.40053238315894,779140000
2017-05-30,3.571632146835327,3.6066407097447075,3.526761738739872,3.5427867669285837,989652000
2017-05-31,3.558811902999878,3.6241449791864877,3.5021074708039275,3.616502190512127,887316000
2017-06-01,3.55905818939209,3.575576496794286,3.5136947391954503,3.5745901712722277,503340000
2017-06-02,3.5413076877593994,3.582233264386071,3.535390674601021,3.5560999855360116,487456000
2017-06-05,3.649045467376709,3.661865583310814,3.513448394768166,3.525035780117917,817376000
2017-06-06,3.6325271129608154,3.690464035214239,3.619213952849801,3.6443609024376618,758728000
2017-06-07,3.6764113903045654,3.6951485185639883,3.641402830016917,3.656934811807027,612612000
2017-06-08,3.9431684017181396,3.9446475373302308,3.7422377861185647,3.7834099996465405,1161744000
2017-06-09,3.688246011734009,4.154207656831671,3.5193656601801893,4.061508561185832,3692928000
2017-06-12,3.6973676681518555,3.740019255725093,3.503587015872353,3.596532744954067,1697532000
2017-06-13,3.7326223850250244,3.8157064878349116,3.5908614424566947,3.8065843296980635,1672504000
2017-06-14,3.7405121326446533,3.7982026555501305,3.6611262093365955,3.7355814453238203,1184640000
2017-06-15,3.756537914276123,3.786862198017779,3.611818424245223,3.6231594063523045,963824000
2017-06-16,3.738046646118164,3.8139812523710908,3.704024174964848,3.766152339550402,924960000
2017-06-19,3.878575325012207,3.8837526530642084,3.77847984576815,3.782177802879952,778176000
2017-06-20,3.8729045391082764,3.9875459067081622,3.868713536914892,3.9207334552478024,1095444000
2017-06-21,3.931581497192383,3.935279689574897,3.8386357584099504,3.9005175276089514,682652000
2017-06-22,3.9044623374938965,3.9530309459252346,3.880547876048535,3.939717546671635,469132000
2017-06-23,3.7925326824188232,3.927883367062651,3.7774935084634222,3.912104742758777,1088588000
2017-06-26,3.7511143684387207,3.86082483393103,3.6569358893129786,3.8253229828650333,1063960000
2017-06-27,3.613790512084961,3.7422380852138897,3.608120139106439,3.7336092056554144,999492000
2017-06-28,3.7412519454956055,3.7459362279256134,3.593327558921808,3.6813425994987306,994948000
2017-06-29,3.6162562370300293,3.7158584370447887,3.5521556483239505,3.712900165368525,1064424000
2017-06-30,3.5639894008636475,3.6470735195796826,3.5378561221156817,3.63351371740465,731060000
2017-07-03,3.435048818588257,3.5908624128712785,3.416558327423024,3.576070113986833,709072000
2017-07-05,3.526761770248413,3.5556069152935326,3.4794259004335344,3.498409435323804,820188000
2017-07-06,3.537362813949585,3.5842056383027625,3.445649816431922,3.497669968457925,746284000
2017-07-07,3.61822772026062,3.6364718027947545,3.571138495932102,3.5940668603958397,654972000
2017-07-10,3.789327383041382,3.796723532064029,3.6655640901880857,3.6916973695128217,958492000
2017-07-11,3.8430733680725098,3.8507161573913433,3.7511137262958276,3.793025629895059,757956000
2017-07-12,4.006529331207275,4.0186097624409305,3.8598379102742273,3.9027359024782537,1145208000
2017-07-13,3.960179328918457,4.099967630111991,3.913829790297327,4.018609297375198,1369132000
2017-07-14,4.066685199737549,4.068164100202074,3.9695480077003578,3.9764511106635467,941948000
2017-07-17,4.049426555633545,4.129552387059989,3.9877914453789183,4.100707012508297,930792000
2017-07-18,4.091585636138916,4.1061315270282215,3.9766974094494802,3.988531434281222,776640000
2017-07-19,4.070384979248047,4.127089199052657,4.058304543652037,4.100709270812075,687044000
2017-07-20,4.129551887512207,4.129798292494709,4.041044064226787,4.09084514452615,699596000
2017-07-21,4.144346237182617,4.173931308112767,4.094791537273834,4.109091027409969,648332000
2017-07-24,4.096270561218262,4.161110836425801,4.085669499746062,4.1514958655279095,652524000
2017-07-25,4.076547145843506,4.090846634090149,4.032909465886904,4.073341998949852,496556000
2017-07-26,4.123636722564697,4.189463090731363,4.088874324688348,4.133991379328136,640404000
2017-07-27,3.9875454902648926,4.1601240065445975,3.8844915197443286,4.148536386318646,782856000
2017-07-28,4.05288028717041,4.077288033438796,3.926898368152271,3.9517986895909902,513348000
2017-07-31,4.006529331207275,4.1024335658994335,3.959933382163176,4.066438677257495,559672000
2017-08-01,4.055342197418213,4.057067972398436,3.969299853336079,3.9971586579487166,431384000
2017-08-02,4.05288028717041,4.090354559699458,3.9759600307145035,4.086410196426185,478444000
2017-08-03,4.104407787322998,4.108105745577809,4.035376255053852,4.052387615408132,442420000
2017-08-04,4.122403144836426,4.192913542453255,4.1044057027706895,4.127087191564323,589096000
2017-08-07,4.2491254806518555,4.249618290772647,4.141880029307964,4.151495469527373,717412000
2017-08-08,4.198584079742432,4.30360998909288,4.1593840499443955,4.287091917948767,755336000
2017-08-09,4.243209362030029,4.2456748238697175,4.133745301589454,4.152482435380072,530784000
2017-08-10,4.0615081787109375,4.256768197656512,4.051399928541747,4.244440891265307,1328088000
2017-08-11,3.8450450897216797,3.9199933679386967,3.769850406464079,3.8741368726237617,1497196000
2017-08-14,4.151741981506348,4.155439938462175,3.9249247068549793,3.936512093213958,1279020000
2017-08-15,4.116733074188232,4.183052243779031,4.0824639612636044,4.156919200230081,764532000
2017-08-16,4.071616172790527,4.155193574635667,4.039319709895831,4.131772396618513,596632000
2017-08-17,3.9808881282806396,4.080243890553686,3.9786695428124434,4.063233011089507,525444000
2017-08-18,3.98162841796875,4.052139288189695,3.9357719234288733,4.035127935904468,601204000
2017-08-21,3.923691749572754,4.017377160659298,3.8798076680545575,4.006036415141319,623672000
2017-08-22,4.011044979095459,4.016967203500811,3.940965951169214,3.9602130628234042,450456000
2017-08-23,4.091240406036377,4.102344515279784,3.9690952043589016,3.9777321521283993,579520000
2017-08-24,4.076186656951904,4.127759351406601,4.04978399021053,4.123317332641135,469700000
2017-08-25,4.0421342849731445,4.110486210280681,4.035718349714156,4.100369063543062,357200000
2017-08-28,4.070758819580078,4.073966787887158,4.0056148481423595,4.0611353853114665,389496000
2017-08-29,4.0640974044799805,4.085812381504118,4.003888679550643,4.012031913597884,324096000
2017-08-30,4.088279724121094,4.0993838338920865,4.053486721331256,4.083837703690516,384400000
2017-08-31,4.181060314178467,4.185008149130149,4.101111008574349,4.1085134344351095,612684000
2017-09-01,4.206229209899902,4.241762546696998,4.185007950756027,4.1936448982720345,445432000
2017-09-05,4.093955039978027,4.159839364847334,4.035967326907536,4.154904100136262,695364000
2017-09-06,4.091486930847168,4.140592008890526,4.056694401189748,4.126773645831955,397672000
2017-09-07,4.110487461090088,4.142812357188386,4.070265954477423,4.108266451135546,352868000
2017-09-08,4.039173126220703,4.113693897659314,4.014990998223004,4.098888580407005,498856000
2017-09-11,4.170202732086182,4.180813597246549,4.079395941120961,4.084824920035346,567444000
2017-09-12,4.185255527496338,4.194878964163865,4.1201115398196215,4.194878964163865,411488000
2017-09-13,4.204007625579834,4.232877925067333,4.127759555472201,4.160084444846371,580960000
2017-09-14,4.1800737380981445,4.258049133364543,4.14059256105081,4.165021321671949,513712000
2017-09-15,4.444350242614746,4.444350242614746,4.260269035104378,4.265450921166393,1364792000
2017-09-18,4.627937316894531,4.718004230469194,4.561559762772193,4.568468943563326,1684460000
2017-09-19,4.623003959655762,4.6846933619649,4.5556389553687335,4.577600555791013,874280000
2017-09-20,4.58574104309082,4.674080174393562,4.545519546396711,4.626702876253879,724920000
2017-09-21,4.460389137268066,4.508260158034046,4.382660384018477,4.482103637868586,1075600000
2017-09-22,4.416959762573242,4.498636822570755,4.407089705956855,4.4490385055449515,491232000
2017-09-25,4.219554424285889,4.3873496425438665,4.198826879345181,4.386115591162519,874580000
2017-09-26,4.24324369430542,4.409065028312072,4.203515891887457,4.3540381861429145,1125620000
2017-09-27,4.336269855499268,4.349594972332799,4.262736032249857,4.33355560186904,713720000
2017-09-28,4.335037708282471,4.347375400009098,4.287659917790014,4.343427093917136,435244000
2017-09-29,4.411285877227783,4.434974302180255,4.373778616070399,4.418935396823112,619092000
2017-10-02,4.416959762573242,4.49049359050854,4.367608538186016,4.461376193978597,503480000
2017-10-03,4.426089763641357,4.455947495502793,4.381919956113937,4.4231284173264385,390332000
2017-10-04,4.463102340698242,4.485310550686096,4.39573737431475,4.432257656898726,427848000
2017-10-05,4.460636138916016,4.490987588596641,4.430778403891061,4.487532997964961,437364000
2017-10-06,4.473714351654053,4.487039470734371,4.416960225862189,4.432999599030392,318800000
2017-10-09,4.574637413024902,4.607703111711555,4.49172677967013,4.510480403324936,563492000
2017-10-10,4.661989688873291,4.761186316278002,4.620781228656902,4.72367906821317,974876000
2017-10-11,4.711588382720947,4.71306905596208,4.632626046099398,4.678522680700664,529508000
2017-10-12,4.713808536529541,4.764640425601471,4.686665061750541,4.7150421169046925,528292000
2017-10-13,4.801654815673828,4.81177196504256,4.729108416171767,4.775992009268941,628728000
2017-10-16,4.884071350097656,4.887032696334766,4.768342108586349,4.831512160915083,576640000
2017-10-17,4.879628658294678,4.908005709605449,4.845082764638522,4.863342669763561,478596000
2017-10-18,4.8754353523254395,4.889253714378823,4.770316963661443,4.88851384839967,567316000
2017-10-19,4.880862236022949,4.885797027029396,4.74884704588826,4.797951628632712,570772000
2017-10-20,4.8586554527282715,4.925033000074119,4.849771885008994,4.897889994302545,451620000
2017-10-23,4.851747512817383,4.906774345609747,4.831513211306817,4.880371198967552,428696000
2017-10-24,4.902579307556152,4.904306602980218,4.834967693347943,4.860877124708925,407244000
2017-10-25,4.77870512008667,4.915902688067447,4.717262843257159,4.863096414650842,828160000
2017-10-26,4.828797817230225,4.840395168035618,4.782407472703444,4.806342981512302,322744000
2017-10-27,4.981047630310059,4.981294252288455,4.854954142760017,4.880864040723219,572192000
2017-10-30,5.029906272888184,5.085426347121226,4.965255536418178,4.981048287519275,504056000
2017-10-31,5.103192329406738,5.129842093237851,5.05606164575727,5.061737245814479,411908000
2017-11-01,5.1128153800964355,5.181167315021661,5.048658371741765,5.165868281800248,502576000
2017-11-02,5.08172607421875,5.1278698140436285,5.025218560185433,5.083206747863607,342308000
2017-11-03,5.149582862854004,5.149582862854004,5.0669193146553395,5.11281594877186,353640000
2017-11-06,5.172778129577637,5.181414605792804,5.100478351361336,5.112816040053674,389944000
2017-11-07,5.232001304626465,5.253469660656966,5.18339040261712,5.195481472604921,427700000
2017-11-08,5.1611809730529785,5.231260214699131,5.113803663070127,5.22755853142906,522988000
2017-11-09,5.066425323486328,5.0913477917094525,4.944280614060956,5.065191742967513,978564000
2017-11-10,5.3334174156188965,5.395847135690715,5.222129715141216,5.2579096705055335,1253256000
2017-11-13,5.246804714202881,5.358832262522395,5.231505681804428,5.333416553159544,582376000
2017-11-14,5.28505277633667,5.300351811490341,5.212259283687851,5.255935379277143,529292000
2017-11-15,5.1814141273498535,5.231259533456734,5.127621357791847,5.230025482309857,501948000
2017-11-16,5.2216362953186035,5.285546692219255,5.212753196798798,5.255442335399168,441768000
2017-11-17,5.215467929840088,5.313924241864783,5.200415985373731,5.278637995891355,515664000
2017-11-20,5.282585144042969,5.2946762096323505,5.194245531475255,5.231012442832861,396100000
2017-11-21,5.331195831298828,5.342793652522641,5.290481087341017,5.322312734237784,399176000
2017-11-22,5.307244300842285,5.358358777921161,5.274649684699717,5.358358777921161,356640000
2017-11-24,5.357370376586914,5.358358491793912,5.299095128354143,5.323541324645499,180752000
2017-11-27,5.2877373695373535,5.367248629963366,5.284527172043773,5.366014192224124,422896000
2017-11-28,5.203040599822998,5.302306160495451,5.142049202613219,5.292922832387818,512752000
2017-11-29,4.850180149078369,5.1884726629049105,4.722023731378043,5.185756522647519,1396788000
2017-11-30,4.956111907958984,5.004757046867638,4.8558591677924925,4.918825857593671,823768000
2017-12-01,4.88129186630249,4.941789672100705,4.752641893589117,4.921541315397551,811548000
2017-12-04,4.609174728393555,4.945985811813881,4.555838186380829,4.939812212810802,1240844000
2017-12-05,4.6358442306518555,4.758321063604663,4.459043197291908,4.503984071058407,981488000
2017-12-06,4.67337703704834,4.6951066206896765,4.56423411933135,4.585470116401038,467032000
2017-12-07,4.740789413452148,4.780545277506629,4.6946136256563715,4.740048562447449,542600000
2017-12-08,4.728442192077637,4.809681928054298,4.72004651036949,4.790668012075413,466876000
2017-12-11,4.80672025680542,4.809683661290111,4.726715400414755,4.742518654400664,372748000
2017-12-12,4.712393283843994,4.786472271749457,4.688935196712779,4.7632609779938075,455016000
2017-12-13,4.597322940826416,4.754616458388995,4.58991490318919,4.753382020939242,554280000
2017-12-14,4.604485511779785,4.6753543061397345,4.558309714871157,4.590904339632571,438164000
2017-12-15,4.7301716804504395,4.750420038118922,4.583495896964614,4.648438340726052,670036000
2017-12-18,4.886724472045898,4.889687404876546,4.74103634416411,4.770667556389095,477704000
2017-12-19,4.842523574829102,4.8825262260960285,4.814126802558108,4.877340740837315,373100000
2017-12-20,4.859562397003174,4.890922106148219,4.804003282361591,4.881786042859807,288820000
2017-12-21,4.837093353271484,4.887960583295188,4.828697667573842,4.863020790590863,300904000
2017-12-22,4.821781635284424,4.8311649616097,4.722516093467407,4.800298843351743,466276000
2017-12-26,4.875364780426025,4.883019611346507,4.736590650682599,4.76646912350389,355080000
2017-12-27,4.868699073791504,4.937839366388846,4.847463540568781,4.862032355978169,329488000
2017-12-28,4.87437629699707,4.923268206564682,4.868203168860756,4.8924020949036215,240248000
2017-12-29,4.778075695037842,4.900552536550136,4.778075695037842,4.900552536550136,279964000
2018-01-02,4.9225287437438965,4.926232998453694,4.802768516998509,4.834375017324645,355616000
2018-01-03,5.246499061584473,5.2768715921266445,5.031177092524499,5.039819567643107,914704000
2018-01-04,5.274155139923096,5.384285709129352,5.251931497244063,5.3277389582428585,583268000
2018-01-05,5.318850517272949,5.356136563849528,5.212176921617321,5.288972038755744,580124000
2018-01-08,5.481823921203613,5.55590243190379,5.397373966864914,5.4423153193662275,881216000
2018-01-09,5.48034143447876,5.526764011442247,5.398854895983358,5.487255415261424,497000000
2018-01-10,5.523305892944336,5.526762882629595,5.333664575813712,5.387988766722007,582664000
2018-01-11,5.533185005187988,5.58726241973231,5.511701738594264,5.555902238512881,406032000
2018-01-12,5.506023406982422,5.555656193077837,5.4655271567039865,5.521333074143963,359916000
2018-01-16,5.435153961181641,5.617881358656475,5.3507044795640475,5.532444232660265,702348000
2018-01-17,5.548987865447998,5.558864779376796,5.355889511892631,5.4497223136245685,538408000
2018-01-18,5.5420732498168945,5.596397447654057,5.498613608959416,5.529726520095098,408632000
2018-01-19,5.6820831298828125,5.706282066340805,5.605288478534328,5.632203554862957,609380000
2018-01-22,5.770482063293457,5.772210558275641,5.632448787028187,5.689983178997837,550944000
2018-01-23,5.899380207061768,5.9220974386965155,5.805300141382632,5.823819531545379,475228000
2018-01-24,5.822585582733154,5.93839524547815,5.767026465621453,5.9025904287862,579972000
2018-01-25,5.836167812347412,5.920123722121505,5.8213522020872075,5.876910858307916,409884000
2018-01-26,6.008522987365723,6.008769780706532,5.867032691438194,5.879873009855168,516356000
2018-01-29,6.095440864562988,6.126554246914878,5.941357538495678,5.993953241669754,455116000
2018-01-30,5.993460178375244,6.0848241102499605,5.8870338459000475,5.95370478502649,570832000
2018-01-31,6.069515228271484,6.15519962744378,6.036179754408111,6.068774377166113,478576000
2018-02-01,5.938641548156738,6.096676409437072,5.878391007501542,5.889749623333987,519224000
2018-02-02,5.766285419464111,5.8761692122464035,5.70825742887083,5.8522170708127845,718464000
2018-02-05,5.276872158050537,5.759124205306844,5.062043752540937,5.605287660717667,1165204000
2018-02-06,5.570223331451416,5.57318626405171,5.0373504296823395,5.0472278136425,1114800000
2018-02-07,5.6497344970703125,5.802089811251349,5.597879640627276,5.668995208734599,802932000
2018-02-08,5.371200084686279,5.80826407928095,5.370952820335988,5.77517587039458,1144000000
2018-02-09,5.730727672576904,5.898886243549443,5.371199240991339,5.883082992680038,1674604000
2018-02-12,5.630720138549805,5.814682394452114,5.556641649624317,5.811718991146549,1093172000
2018-02-13,5.744307518005371,5.790483293315582,5.562073762452617,5.594421578693166,625524000
2018-02-14,5.961358547210693,5.990249376507811,5.692946814511126,5.7040586357038965,744988000
2018-02-15,6.086799621582031,6.132975411384869,5.963829181989082,6.044574880316106,698900000
2018-02-16,6.021116256713867,6.173224311591797,6.011979722715716,6.059637210328734,637656000
2018-02-20,6.150507926940918,6.219400953963212,6.0398832723629265,6.043587527726283,686240000
2018-02-21,5.96358060836792,6.2218686341425675,5.959876824976251,6.214954653955677,892292000
2018-02-22,5.983102321624756,6.069086919541259,5.917625614895713,5.997433245034983,534364000
2018-02-23,6.0764994621276855,6.0764994621276855,5.99224443544721,6.042896324410254,415300000
2018-02-26,6.092559814453125,6.127151209647181,6.030294831831411,6.122703811875432,469312000
2018-02-27,6.079710006713867,6.150128455906252,6.0567312407746385,6.065872980795746,455436000
2018-02-28,5.979396820068359,6.130116827919239,5.967783723642421,6.0905836647512235,523116000
2018-03-01,5.737501621246338,6.031035498043806,5.636444803216449,5.9771714232388495,1040120000
2018-03-02,5.84448766708374,5.850912051592276,5.48152360924925,5.630020109064844,913428000
2018-03-05,5.8224992752075195,5.8620324377145145,5.671037487007336,5.794331790884979,620776000
2018-03-06,5.9833478927612305,6.002620574471278,5.864748442124549,5.907740731198539,636808000
2018-03-07,5.9754414558410645,6.02757595760045,5.879326406215545,5.880561610998472,581208000
2018-03-08,5.959133625030518,6.002867223300824,5.914905662116351,6.002867223300824,411912000
2018-03-09,6.061672687530518,6.074520512230115,5.990512930707261,6.006572947217894,505524000
2018-03-12,6.171131610870361,6.251186182577723,6.094783125334736,6.102937080439439,605060000
2018-03-13,6.120479583740234,6.288248784927967,6.079216858231815,6.213876817556124,619772000
2018-03-14,6.145928382873535,6.190650241531687,6.083663411876089,6.163471023940503,505496000
2018-03-15,6.160754203796387,6.241797033879044,6.118750165774702,6.159518998827692,401952000
2018-03-16,6.1889214515686035,6.207946717769669,6.139504771773921,6.177061410716089,399456000
2018-03-19,5.954686164855957,6.160999750634975,5.855853295283005,6.132091436720975,713772000
2018-03-20,6.166683673858643,6.205475515716861,5.957651760642879,5.957651760642879,554696000
2018-03-21,6.141481399536133,6.226477725635134,6.111089987723472,6.160259246634437,438688000
2018-03-22,5.9756879806518555,6.124678832896503,5.938378766555672,6.078227407471712,551196000
2018-03-23,5.756278991699219,5.991748304328897,5.745160264654728,5.9892774237332,735620000
2018-03-26,6.040670394897461,6.041905599515372,5.82867374853484,5.8805608253879464,611424000
2018-03-27,5.572204113006592,6.177062014118541,5.432108486023023,6.121468361736988,1409000000
2018-03-28,5.4691691398620605,5.667823135106281,5.361688424687533,5.5378580189014475,945904000
2018-03-29,5.7221832275390625,5.818792190266626,5.453110234557236,5.537365261847326,916628000
2018-04-02,5.461757183074951,5.79778944981991,5.37404303062302,5.651763826874527,922092000
2018-04-03,5.568003177642822,5.691544407182308,5.469170288265712,5.6285385874770215,667432000
2018-04-04,5.589992523193359,5.600369939066566,5.287563426422367,5.31251870810874,789168000
2018-04-05,5.469911575317383,5.661400385994269,5.398504854297527,5.648305140137454,701240000
2018-04-06,5.293740749359131,5.47534648193211,5.2645850157665715,5.367371394706079,662988000
2018-04-09,5.322403430938721,5.484489560749731,5.3023894347219755,5.356747878247084,499524000
2018-04-10,5.631255149841309,5.6581869470897574,5.495359545124256,5.55243580278532,761676000
2018-04-11,5.589992523193359,5.657693144322585,5.557377652942625,5.616430427510846,460244000
2018-04-12,5.796553611755371,5.81434367122385,5.638667953244426,5.682895919574601,593920000
2018-04-13,5.7199578285217285,5.868454318867843,5.671776832869516,5.8600534187104,503036000
2018-04-16,5.7197113037109375,5.753067488839465,5.625572768210806,5.726629581698572,350792000
2018-04-17,5.869197845458984,5.890447050562069,5.716253900618233,5.771847559381689,447224000
2018-04-18,5.840287208557129,5.911446975099655,5.751337853833223,5.8187910634443485,391364000
2018-04-19,5.659174919128418,5.759490403833536,5.603828704820635,5.7261342244867155,471996000
2018-04-20,5.651021957397461,5.734782597827774,5.619889708986493,5.650527592750426,386200000
2018-04-23,5.531681537628174,5.719958133507901,5.505737995704806,5.668812361040737,427508000
2018-04-24,5.465465068817139,5.653247352773116,5.400235304357861,5.557379694075896,414596000
2018-04-25,5.353287696838379,5.4748523883524705,5.196143359985117,5.43581313300979,588492000
2018-04-26,5.564788818359375,5.572942770085318,5.4489072241018475,5.51487826400221,375824000
2018-04-27,5.5922160148620605,5.690308044076227,5.549965039834614,5.670541470223973,400848000
2018-04-30,5.556883335113525,5.658187085343407,5.5376111258358955,5.608523468233435,327844000
2018-05-01,5.6122307777404785,5.614948605436822,5.49017170794247,5.548730597497608,253788000
2018-05-02,5.59172248840332,5.653245676682889,5.565531528912585,5.6087712360513065,268248000
2018-05-03,5.756772994995117,5.782963952791854,5.578379465520611,5.6235956858680325,443144000
2018-05-04,5.906752586364746,5.9099647785900515,5.710816400978454,5.728112095618816,400660000
2018-05-07,6.14444637298584,6.201522641365676,6.001385517587172,6.011269041796054,687616000
2018-05-08,6.186944484710693,6.189662312359762,6.0957707218406165,6.144693033340903,506616000
2018-05-09,6.319874286651611,6.322098220839707,6.179778685882466,6.206957904466042,596760000
2018-05-10,6.427355766296387,6.436497507612215,6.35496031956407,6.3727503800306735,994080000
2018-05-11,6.288989543914795,6.4189551572692665,6.190404073614181,6.245750302554876,1214456000
2018-05-14,6.309497833251953,6.386835050417833,6.2857782213181315,6.32704094891102,523140000
2018-05-15,6.067354202270508,6.2487129359755045,5.967038732982464,6.245994637993002,963528000
2018-05-16,6.078474521636963,6.140492072807018,5.991995581112506,6.028810902853696,553828000
2018-05-17,6.120479583740234,6.214123764289259,6.064144624607503,6.0802051164367485,519784000
2018-05-18,6.07674503326416,6.23561894338696,6.071803271734639,6.172366186643895,483716000
2018-05-21,6.034739971160889,6.177800785459562,5.9420840790474445,6.17409470058214,640624000
2018-05-22,5.99669075012207,6.073286172243902,5.9361553467973005,6.048083941326286,518264000
2018-05-23,6.120061874389648,6.121298314830051,5.939827337789846,5.940569107741316,442956000
2018-05-24,6.123769760131836,6.16604734301879,6.063197387211172,6.116353004341286,437372000
2018-05-25,6.163079738616943,6.17939726015594,6.100776731775564,6.136378382604383,292112000
2018-05-29,6.146020412445068,6.21401047810902,6.0992931575786455,6.1450315432003935,352684000
2018-05-30,6.254803657531738,6.263456852340025,6.154920796565376,6.179644412402086,390996000
2018-05-31,6.235025405883789,6.309443359324026,6.212279997982969,6.222910932089949,493868000
2018-06-01,6.369274139404297,6.375455397753894,6.271121906004706,6.2797751018175765,421968000
2018-06-04,6.548025608062744,6.570029246817029,6.371252370342508,6.40339274467173,642024000
2018-06-05,6.553464889526367,6.591044753875298,6.506490059090202,6.551239579835776,391712000
2018-06-06,6.555441379547119,6.558655557966693,6.447152426508077,6.46346994643949,371356000
2018-06-07,6.499815464019775,6.563602020220037,6.409574175641179,6.551734644284208,369448000
2018-06-08,6.484486103057861,6.527010312038009,6.408337508734217,6.427127439991888,360456000
2018-06-11,6.44344425201416,6.513411580308076,6.430588009495123,6.471876245199073,265372000
2018-06-12,6.49190092086792,6.504015391327485,6.419708296827604,6.469897288866606,319160000
2018-06-13,6.487453460693359,6.568299311392896,6.478305593439592,6.493387148700687,338208000
2018-06-14,6.598955154418945,6.655572041586089,6.51761465130932,6.53244910381306,430016000
2018-06-15,6.558161735534668,6.613047988906187,6.510939808543376,6.541844213493508,432260000
2018-06-18,6.553959369659424,6.571512860974775,6.4869586402088615,6.514154196775797,356268000
2018-06-19,6.432318687438965,6.518109337887466,6.3049927016297485,6.450861045769104,594932000
2018-06-20,6.485228061676025,6.538136107117899,6.435039053196084,6.473360686687477,369780000
2018-06-21,6.356666564941406,6.535417571572556,6.349002237102077,6.517122307487005,359516000
2018-06-22,6.204367637634277,6.3907833922434945,6.1890394577479775,6.377432479185783,434160000
2018-06-25,5.91188907623291,6.101765649132433,5.8233789115244,6.098057271523718,665816000
2018-06-26,5.982846736907959,6.0733351337463,5.931421750446888,6.025124326830022,478884000
2018-06-27,5.827828407287598,6.092617101969401,5.8223889196307805,6.026358153449965,453892000
2018-06-28,5.9549078941345215,5.966775268239401,5.810275038522449,5.817939364650027,338012000
2018-06-29,5.8570027351379395,6.032539522219198,5.8557662949112945,6.019930849915605,392300000
2018-07-02,5.989026069641113,5.9927344469603625,5.767008669583508,5.787529237669018,357572000
2018-07-03,5.855518341064453,6.029572034665417,5.847112246379475,6.02363834850918,222732000
2018-07-05,6.001141548156738,6.006085894889845,5.871837331918492,5.910653165265387,306216000
2018-07-06,6.114869594573975,6.123275691441566,5.955402739792998,5.9766650814098945,296352000
2018-07-09,6.162337303161621,6.198681191457179,6.083716783273464,6.189039127853757,303880000
2018-07-10,6.26123046875,6.283234099445617,6.1343987139249165,6.174698070467142,360016000
2018-07-11,6.119813919067383,6.203132167984538,6.109182513334937,6.168519385515629,367508000
2018-07-12,6.2112908363342285,6.259254534040166,6.155168613242787,6.165058249355427,345508000
2018-07-13,6.164068222045898,6.229832974492567,6.122038216375358,6.229832974492567,246988000
2018-07-16,6.136377811431885,6.189286319689047,6.124016239608383,6.136377811431885,197036000
2018-07-17,6.272110939025879,6.287192493015592,6.061713782436663,6.087179171672873,362136000
2018-07-18,6.2229108810424805,6.278538903205476,6.171980577328074,6.264693790411804,277640000
2018-07-19,6.231070041656494,6.264694429372078,6.189040500139685,6.204121583157917,235752000
2018-07-20,6.202883243560791,6.267411542562682,6.192004741601009,6.228595723419436,222352000
2018-07-23,6.166294574737549,6.178161950133588,6.014739146335825,6.176431310870159,301584000
2018-07-24,6.148988246917725,6.300790776367516,6.131434283086601,6.214258340720101,354620000
2018-07-25,6.227114200592041,6.239723345249112,6.100529498278359,6.158382832475902,319112000
2018-07-26,6.300542831420898,6.337380924614669,6.190276122839303,6.207088315757086,325124000
2018-07-27,6.2308220863342285,6.344055865179182,6.176924705176644,6.337133309027177,295420000
2018-07-30,6.035754680633545,6.250849573296613,6.00089432266595,6.244915885311409,340340000
2018-07-31,6.053802490234375,6.128467548823555,5.986554659084164,6.0253704923974,283988000
2018-08-01,6.093606472015381,6.140334197694458,6.029819926903251,6.085200847788866,283556000
2018-08-02,6.196208477020264,6.200163953398901,5.963560164099082,6.022401883522834,269668000
2018-08-03,6.232799530029297,6.256534276607299,6.203873338146573,6.220685057336201,214288000
2018-08-06,6.280516624450684,6.283977902639579,6.173711199442598,6.22019135556885,207508000
2018-08-07,6.35270881652832,6.371251646403029,6.3025202863527126,6.329221640708941,258132000
2018-08-08,6.389052867889404,6.43404995717187,6.319085532312254,6.353945886167342,262100000
2018-08-09,6.340594291687012,6.4095727505774835,6.332929966080987,6.406853242439297,204280000
2018-08-10,6.299307346343994,6.3316952943591875,6.2476352664436865,6.258760872243204,256396000
2018-08-13,6.332188606262207,6.452839613844387,6.306229020221007,6.307959659290421,375208000
2018-08-14,6.463470935821533,6.477563620207169,6.3544401963372685,6.437511348221425,466220000
2018-08-15,6.405370712280273,6.51810982494344,6.326749711256938,6.484238341164835,591136000
2018-08-16,6.364822864532471,6.4775624326941035,6.304744703349716,6.4750900241049045,801260000
2018-08-17,6.05281400680542,6.254310885221484,6.02586507548696,6.253569115273911,1143188000
2018-08-20,6.12747859954834,6.259996521428613,5.901999886921479,6.012267069902748,854388000
2018-08-21,6.26296329498291,6.267413442545277,6.124017021882193,6.143795822264557,673988000
2018-08-22,6.497835159301758,6.502779976275204,6.226865696735975,6.2303269743046465,749856000
2018-08-23,6.597225189208984,6.662495277887314,6.445422671676492,6.45926778484295,720684000
2018-08-24,6.73023796081543,6.744824844240702,6.601181319621181,6.605631467323773,531512000
2018-08-27,6.821220397949219,6.895390782287352,6.728507181744651,6.759905786011847,505776000
2018-08-28,6.783641815185547,6.838033880754932,6.663732548704555,6.815287996419905,475384000
2018-08-29,6.8890204429626465,6.914004818889428,6.755192928225578,6.775971957096754,420108000
2018-08-30,6.872199535369873,6.96892158076988,6.8353412912755545,6.857851907460349,346608000
2018-08-31,6.94319486618042,6.956058142533176,6.842267475775179,6.852162521502722,306592000
2018-09-04,7.017900466918945,7.055500412361464,6.901636043631954,6.930083591166378,391720000
2018-09-05,6.8872880935668945,7.035710463506061,6.806398036419235,7.0003365746425885,393156000
2018-09-06,6.7462873458862305,6.873435753245805,6.713387216582884,6.870961991910118,322796000
2018-09-07,6.725013732910156,6.850430552376574,6.6094914867958945,6.654265481017739,295420000
2018-09-10,6.796009540557861,6.825694207721541,6.703740545471441,6.7475251346492575,220140000
2018-09-11,6.748265266418457,6.8373182972939155,6.728970120650657,6.749749145460876,243112000
2018-09-12,6.634474754333496,6.727980839592733,6.479126062532267,6.708438458913695,419092000
2018-09-13,6.7121500968933105,6.8026874906289745,6.68296037574801,6.700276232050866,305536000
2018-09-14,6.838061809539795,6.904109774042702,6.7655824430713984,6.802440684590151,386936000
2018-09-17,6.776219844818115,6.861562967081699,6.756925165241341,6.81258362066938,205528000
2018-09-18,6.704233646392822,6.882835138502996,6.697555010488127,6.780176648816838,299520000
2018-09-19,6.727982044219971,6.745792842653954,6.635713058791179,6.685681810783271,224860000
2018-09-20,6.586981773376465,6.648329457651943,6.533054902174709,6.606029218937643,430584000
2018-09-21,6.516975402832031,6.64437152628743,6.4838280364211505,6.598855352257606,435128000
2018-09-24,6.572633743286133,6.57609691499487,6.3989797450026416,6.486053978745938,293912000
2018-09-25,6.6396708488464355,6.664655225404641,6.5530910878733595,6.63868143865924,280388000
2018-09-26,6.60281229019165,6.684939465478431,6.586980784311211,6.644618053395329,268548000
2018-09-27,6.614686965942383,6.659213730441383,6.583271184911978,6.6379397584529185,214428000
2018-09-28,6.951603889465332,6.973867266689335,6.71858107591866,6.746534150636501,709396000
2018-10-01,7.1579132080078125,7.224702886440414,6.990690597749016,7.029280430885661,622060000
2018-10-02,7.086669445037842,7.242017693488077,7.064406064856786,7.130454029817686,383964000
2018-10-03,7.092854976654053,7.164344947205839,6.988959339767103,7.156923661777549,320552000
2018-10-04,6.908810138702393,7.08097977620803,6.831877717918174,7.056737575588032,391220000
2018-10-05,6.675540447235107,6.946163745093689,6.618150403395672,6.8840738843702605,426636000
2018-10-08,6.574365615844727,6.707698204267434,6.433611742656048,6.592423650802323,408612000
2018-10-09,6.5686750411987305,6.648327977631686,6.50089549740489,6.553832474711893,273500000
2018-10-10,6.077644348144531,6.508563794328241,6.0754178217005625,6.462799923612774,684940000
2018-10-11,5.816423416137695,6.123904993717112,5.794902206362909,5.99057191515012,725436000
2018-10-12,6.098670482635498,6.1728818955498195,5.928232458306137,6.073191641353088,608236000
2018-10-15,5.822606086730957,6.085313590991073,5.821616676578489,6.085313590991073,449760000
2018-10-16,6.081108570098877,6.092240260599139,5.885933370361248,5.935159948793996,408712000
2018-10-17,6.0125861167907715,6.1812930397813375,5.963606778855773,6.143197684617434,329668000
2018-10-18,5.925264835357666,6.120192798270936,5.86490656711467,6.0818506761808315,524020000
2018-10-19,5.668989181518555,5.999970717753412,5.6326258798969935,5.980428804861731,613608000
2018-10-22,5.719699859619141,5.821121713091837,5.61704136141607,5.721184210752967,368844000
2018-10-23,5.468371868133545,5.545798757805471,5.360765373271096,5.452787124542647,626436000
2018-10-24,4.932812690734863,5.476532768801435,4.918960009997059,5.430027205804077,884288000
2018-10-25,5.141347885131836,5.188595640562211,4.791071213211139,4.835350738187719,951720000
2018-10-26,4.905108451843262,5.06713578411587,4.777217888420696,4.90560292094189,664784000
2018-10-29,4.591689586639404,5.049572170865699,4.353966514809163,5.046109000247917,758016000
2018-10-30,5.021620750427246,5.031515796486237,4.5916910961498605,4.614696653597426,807192000
2018-10-31,5.215311527252197,5.2588488760364624,5.0466045956017425,5.186121805010123,745772000
2018-11-01,5.395398139953613,5.404798245307036,5.125269318126723,5.251675563438202,566528000
2018-11-02,5.316486835479736,5.491625191679545,5.199975165957487,5.385997978722489,452960000
2018-11-05,5.238563060760498,5.326627147350339,5.078019626923794,5.303373891506454,379332000
2018-11-06,5.220999717712402,5.314753024589751,5.183893781444759,5.230647053540495,299012000
2018-11-07,5.28853178024292,5.378079745447958,5.223968184249979,5.287542370346639,483812000
2018-11-08,5.095584869384766,5.230154096652301,5.042152470746677,5.22941192102683,511352000
2018-11-09,5.087668418884277,5.1779585856268,4.973136051283547,5.006778356612328,413240000
2018-11-12,4.688660621643066,5.018405546787777,4.666891707906829,4.996389398433703,617116000
2018-11-13,4.930341720581055,5.051553217455858,4.780187729744398,4.78637237013519,644712000
2018-11-14,4.877899646759033,5.1176016661692465,4.770046359259233,5.10325403518271,526580000
2018-11-15,5.006531715393066,5.078516622728389,4.836093169949229,4.871962006307089,840708000
2018-11-16,4.067512035369873,4.22162360785015,3.9977532066267076,4.0400539034961005,1963520000
2018-11-19,3.579451084136963,4.002949103971042,3.577719498242671,4.002207400149291,1697820000
2018-11-20,3.6877996921539307,3.8159375340691524,3.2976964670712143,3.3162492087978794,1692032000
2018-11-21,3.579697608947754,3.8416629117220666,3.552486945159913,3.824841761239901,1025496000
2018-11-23,3.586872100830078,3.7004150650182996,3.532203292433255,3.5450665692220227,411968000
2018-11-26,3.7860054969787598,3.7963950124615544,3.625462004393743,3.7078364244259916,814832000
2018-11-27,3.802825927734375,3.8839634515524093,3.724162165011543,3.7600307572485927,738060000
2018-11-28,3.95965838432312,3.9648531405992347,3.78798324902776,3.9203263886201722,804524000
2018-11-29,3.8965163230895996,3.9990300513099,3.866306995508318,3.9618874509163176,549172000
2018-11-30,4.046820163726807,4.057467553965689,3.855906515288309,3.906172974959146,729564000
2018-12-03,4.210496425628662,4.325391352126382,4.143639451874544,4.273886762475256,890804000
2018-12-04,3.890326738357544,4.170877805423308,3.8752218354305326,4.165925331778989,812112000
2018-12-06,3.919545888900757,3.924498126672629,3.734327567752433,3.7499274355322187,692308000
2018-12-07,3.6550889015197754,3.9339068454543518,3.6058130711508896,3.9237544176548105,681676000
2018-12-10,3.760326862335205,3.785088756441355,3.606556014736308,3.6102703696963077,629472000
2018-12-11,3.669450521469116,3.860116223288564,3.590460333674671,3.851944832694204,671912000
2018-12-12,3.6870319843292236,3.7831076499447813,3.5860038455252448,3.6751462375945487,654136000
2018-12-13,3.686783790588379,3.797964343397347,3.6508793091919505,3.733831335221216,471384000
2018-12-14,3.6263651847839355,3.728878911987021,3.6028414121564096,3.6451839667390646,471820000
2018-12-17,3.5552988052368164,3.6684601640487577,3.4973561485793327,3.5964034794123507,662868000
2018-12-18,3.6384990215301514,3.7224414627810014,3.5718897650413535,3.5991276605455687,564372000
2018-12-19,3.4297564029693604,3.658307868542155,3.3782518207392216,3.6048222500158973,745364000
2018-12-20,3.3453195095062256,3.511223601928458,3.285643523188255,3.421338281378698,749588000
2018-12-21,3.208386182785034,3.404747300038811,3.1809005712858642,3.371814015403391,863740000
2018-12-24,3.1467292308807373,3.2185384332547193,3.0828437015886583,3.132119766766623,463840000
2018-12-26,3.295795440673828,3.2967858408120705,3.081853425117454,3.19278626959552,695100000
2018-12-27,3.2480051517486572,3.277967000968328,3.0996819782329377,3.2435481147353684,637044000
2018-12-28,3.3094141483306885,3.4020234061374777,3.2267098361325357,3.268557192282664,628728000
2018-12-31,3.3057000637054443,3.385185222164874,3.2749952987569935,3.352747375093456,465140000
2019-01-02,3.373051881790161,3.4290135007628106,3.220271688741212,3.234881152570605,508752000
2019-01-03,3.169262409210205,3.34680449917898,3.161833936081145,3.3128808158221736,705552000
2019-01-04,3.372309446334839,3.410442449788006,3.211605332463338,3.242309862485577,585620000
2019-01-07,3.550841808319092,3.5877369282498313,3.3782519546193495,3.4295090569356015,709160000
2019-01-08,3.46244215965271,3.634536816055823,3.389890036843315,3.632308061543531,786016000
2019-01-09,3.5305371284484863,3.5778321572029506,3.4631849627780333,3.513698909920698,617260000
2019-01-10,3.596155881881714,3.6048224734389516,3.450804153386844,3.5112230484738736,523156000
2019-01-11,3.6852986812591553,3.708079538497349,3.546137301225491,3.5738703955257685,874764000
2019-01-14,3.7251646518707275,3.7504217433238005,3.6095270582266896,3.633050831449988,730168000
2019-01-15,3.7110507488250732,3.797221699312551,3.6927269296751715,3.7578503426020893,617012000
2019-01-16,3.6855461597442627,3.7712219153154525,3.680098722595817,3.7382888658650337,470104000
2019-01-17,3.7568600177764893,3.7967265753472876,3.6253748349137225,3.6526129641538416,493436000
2019-01-18,3.885869026184082,3.911869037587816,3.7551267594139857,3.806631345995397,651336000
2019-01-22,3.6838126182556152,3.867297583177716,3.653603289208936,3.8556595552286868,661552000
2019-01-23,3.696688413619995,3.8276783812887025,3.665488687412012,3.7390312028053936,591020000
2019-01-24,3.90840220451355,3.9259828691008893,3.7764218261033498,3.7811265808391865,708972000
2019-01-25,3.965601921081543,3.9836780228449444,3.7464601814829033,3.8489739187978556,1154572000
2019-01-28,3.4173755645751953,3.5072608682035145,3.2437955483461773,3.3812233631027357,2511528000
2019-01-29,3.258652448654175,3.419604270903445,3.2440429846402754,3.371318606155215,1153932000
2019-01-30,3.4020235538482666,3.4163853005399343,3.2551859876519855,3.334671384895989,974228000
2019-01-31,3.5595083236694336,3.59516532462294,3.37701376428753,3.3988042193554775,842852000
2019-02-01,3.583775043487549,3.634784430377582,3.5305373742978947,3.5780798883137495,625048000
2019-02-04,3.693965435028076,3.7311080411348154,3.5775849071350003,3.599622847127747,528592000
2019-02-05,3.713031768798828,3.7496791731204335,3.672174809486618,3.7058507771176155,542424000
2019-02-06,3.78855562210083,3.8529363617477665,3.740765385567621,3.7462128231283276,702464000
2019-02-07,3.6503846645355225,3.7444795380569804,3.6075469011987353,3.7422510193852423,637120000
2019-02-08,3.6689558029174805,3.679603194977889,3.5689180664556606,3.5832798133270645,461604000
2019-02-11,3.6263651847839355,3.679107648481847,3.57807952137513,3.624879348540675,495180000
2019-02-12,3.743241310119629,3.758841412659197,3.650384557721107,3.6647465418910627,591060000
2019-02-13,3.78558349609375,3.8586308150604207,3.7590882867916373,3.7727073505082047,605372000
2019-02-14,3.8264412879943848,3.8546698216782733,3.7415082049428467,3.784593923762189,827264000
2019-02-15,3.896021604537964,4.057715889737594,3.8732407469906733,4.034935268337227,1516748000
2019-02-19,3.8786885738372803,3.9591646196309918,3.866307861696968,3.8853743662023623,551892000
2019-02-20,3.925983428955078,3.9930878868882407,3.896764732411786,3.907907325588882,540988000
2019-02-21,3.857145309448242,3.9631256834479633,3.8425358444025264,3.938611744491741,448548000
2019-02-22,3.941830635070801,3.960649654890205,3.895278521746518,3.9088975865337567,401740000
2019-02-25,3.929450273513794,4.0926304027463685,3.9207834448772534,4.025278463314607,656020000
2019-02-26,3.89007830619812,3.980706526390799,3.8566498236755344,3.9247449069045306,488464000
2019-02-27,3.848231315612793,3.9022119038952963,3.791279054489746,3.875716927918622,500256000
2019-02-28,3.8236916065216064,3.8643429349671288,3.801383218768535,3.8420343108237707,324944000
2019-03-01,3.877976179122925,3.9201144040319287,3.8152641976236867,3.8735143122949323,357188000
2019-03-04,3.886155366897583,3.939200158721884,3.8296401297034093,3.9163958269743024,409992000
2019-03-05,3.879711151123047,3.917883454737757,3.816255487925633,3.870539680751214,362924000
2019-03-06,3.768911361694336,3.8792148417462267,3.7661848363739043,3.87078729239659,403524000
2019-03-07,3.6997556686401367,3.7550315283201217,3.6536512809246053,3.745364345836841,450104000
2019-03-08,3.733961343765259,3.744619944571655,3.58920327157,3.6105204731827922,422416000
2019-03-11,3.9942281246185303,4.017032220525099,3.7104132468627493,3.7575092789922193,859728000
2019-03-12,4.028435707092285,4.074787593786374,3.9458936443828994,4.021990761412275,579576000
2019-03-13,4.179638385772705,4.208887435194801,4.058428293901747,4.065864661185233,768900000
2019-03-14,4.103788375854492,4.200706976177281,4.0961042731064214,4.188808980129908,519384000
2019-03-15,4.209134578704834,4.251768511099473,4.143447866293532,4.146918075590544,661484000
2019-03-18,4.187817096710205,4.294402629756358,4.160798635174207,4.240613916460844,486992000
2019-03-19,4.3553786277771,4.399748130589831,4.2654009372849435,4.282256034301148,854972000
2019-03-20,4.322908878326416,4.4376740109521435,4.288206307728212,4.3843812334290755,719148000
2019-03-21,4.5593791007995605,4.585653881326078,4.341003170959589,4.345960748082415,824312000
2019-03-22,4.3997483253479,4.5806956077962955,4.3858674897387635,4.532112683164318,747644000
2019-03-25,4.307541847229004,4.423298432422966,4.241359633481458,4.359099533935418,525212000
2019-03-26,4.384133338928223,4.505095202851292,4.3278658277383935,4.4490759014802626,703508000
2019-03-27,4.374960899353027,4.45601533427444,4.305556721575917,4.4096634610220855,474372000
2019-03-28,4.393552303314209,4.459238546118691,4.340507267685018,4.400988196292479,480264000
2019-03-29,4.450811862945557,4.475103808001466,4.409913023083517,4.460231072796453,456896000
2019-04-01,4.5182342529296875,4.548474728431658,4.4708904607953,4.542525728177741,483824000
2019-04-02,4.536078453063965,4.580447958692014,4.499393521901843,4.542275660034518,440920000
2019-04-03,4.675383567810059,4.734377597306607,4.580696025319537,4.585653602140534,783504000
2019-04-04,4.66646146774292,4.708847672703521,4.603749476431988,4.660016521717433,457376000
2019-04-05,4.7331390380859375,4.750490560887049,4.673154046983878,4.709591252026839,481744000
2019-04-08,4.7539591789245605,4.7789943245391795,4.678605532320205,4.702649257234318,424192000
2019-04-09,4.691247940063477,4.73165129477477,4.649109480661156,4.720496982792374,439972000
2019-04-10,4.7616448402404785,4.787423680580294,4.686043897163436,4.6905055286105775,444772000
2019-04-11,4.747762680053711,4.795602400034655,4.698436065190567,4.764122306002446,374600000
2019-04-12,4.709839344024658,4.790398336939907,4.701163818360639,4.786432179730346,471708000
2019-04-15,4.578217506408691,4.707111674658761,4.538557835067221,4.702154097545933,440092000
2019-04-16,4.665221214294434,4.684059630158757,4.584662709190543,4.617381963527399,394964000
2019-04-17,4.642417907714844,4.720993584395809,4.62010927842184,4.70017232313052,351004000
2019-04-18,4.617877960205078,4.683068739221043,4.590116280118214,4.649110323083455,380988000
2019-04-22,4.671664714813232,4.687280653265821,4.562848619562705,4.594328233426684,279936000
2019-04-23,4.726197242736816,4.757429596465563,4.675135528567097,4.684802471796713,346856000
2019-04-24,4.738593101501465,4.7792442051382675,4.675881104456656,4.736609786430388,318204000
2019-04-25,4.632998466491699,4.720745611248034,4.553431372698059,4.698436983070616,499296000
2019-04-26,4.414373397827148,4.483778057349987,4.295642123758112,4.479315954390358,868988000
2019-04-29,4.445110321044922,4.472871998947083,4.350174554563525,4.422305747924848,391920000
2019-04-30,4.486505508422852,4.512036136906894,4.393800785257262,4.412886940548845,362920000
2019-05-01,4.473367214202881,4.580944171260318,4.4731190044189075,4.538805714430242,354280000
2019-05-02,4.5407891273498535,4.582431642632066,4.439904838935968,4.483034721987003,394684000
2019-05-03,4.536326885223389,4.559130981628011,4.474854068726424,4.54921630099399,336824000
2019-05-06,4.4579997062683105,4.470145440261222,4.3129936366991535,4.3501745225848865,422176000
2019-05-07,4.290933609008789,4.409664906665212,4.2428461427667425,4.409664906665212,555220000
2019-05-08,4.311010837554932,4.391073871553678,4.251521324991654,4.263419322060434,419168000
2019-05-09,4.218554496765137,4.251769704200405,4.099823663531328,4.2421027574147105,660248000
2019-05-10,4.18459415435791,4.253255116963289,4.065119219241282,4.187816626065282,569500000
2019-05-13,3.9275505542755127,4.075778844553139,3.911686638804407,4.052726536980217,656912000
2019-05-14,4.016536235809326,4.051734268737782,3.9285411534881876,3.9672091586483504,524880000
2019-05-15,3.955559730529785,3.9919969243335114,3.9017712556673634,3.9610127809168643,502320000
2019-05-16,3.9706807136535645,4.013315124991478,3.9077212267914367,3.95010742830043,781088000
2019-05-17,3.87995982170105,4.057932911345257,3.84054811432648,3.928790975125381,1022068000
2019-05-20,3.7614762783050537,3.836334004430712,3.7366888609744437,3.7813061176134095,572064000
2019-05-21,3.843522071838379,3.8593859901925756,3.7835368447903055,3.8222051014554737,361848000
2019-05-22,3.772629737854004,3.8308798480781565,3.761723163231834,3.804853278528092,325868000
2019-05-23,3.651668071746826,3.7104138991528792,3.591930587012482,3.7104138991528792,591844000
2019-05-24,3.597878932952881,3.705703623090062,3.5911862518594124,3.670505585881271,357584000
2019-05-28,3.5527665615081787,3.6481977986441865,3.550783483276379,3.615478544356447,428356000
2019-05-29,3.478651762008667,3.5401241005685646,3.443949437139484,3.50517403871896,559800000
2019-05-30,3.452099084854126,3.51761227090889,3.413882980768825,3.4818777842735584,394300000
2019-05-31,3.361522912979126,3.4704634892612543,3.359785827593994,3.403213198882425,389720000
2019-06-03,3.3198320865631104,3.41140155089737,3.2905496616915424,3.3726891685254583,478644000
2019-06-04,3.548633098602295,3.553844355188981,3.3617714476848235,3.383857283217945,641836000
2019-06-05,3.5059497356414795,3.6277944343818405,3.469718964759109,3.6223349221050043,511616000
2019-06-06,3.567988872528076,3.592556323518667,3.507686925854797,3.5101685439330685,408140000
2019-06-07,3.6106715202331543,3.64491694860971,3.5548362996995038,3.573944473908411,348856000
2019-06-10,3.6833813190460205,3.7518724125005205,3.666754762775281,3.666754762775281,402780000
2019-06-11,3.740953207015991,3.7809064020945917,3.7014965248313723,3.7431865683985013,383872000
2019-06-12,3.628042459487915,3.7037301521005195,3.612904968297418,3.6975261070813854,358892000
2019-06-13,3.6791634559631348,3.6975268649996136,3.6325099271646675,3.6501290399743804,308080000
2019-06-14,3.5893301963806152,3.6104234768649275,3.5446622539774637,3.5861042821856657,394428000
2019-06-17,3.599008321762085,3.6359836257979934,3.564762655565564,3.587593020809871,276040000
2019-06-18,3.7938103675842285,3.849149070172521,3.6493835766947877,3.6603023633506604,581920000
2019-06-19,3.799766778945923,3.840464274972169,3.773710261901939,3.8290492102307088,331644000
2019-06-20,3.824084997177124,3.904239396350783,3.809692041688198,3.890342717029051,350168000
2019-06-21,3.766016960144043,3.858331203483976,3.759564895734803,3.8091963060582503,434428000
2019-06-24,3.78835129737854,3.817881983735955,3.7402089492520556,3.7873587448378245,282948000
2019-06-25,3.7590689659118652,3.868257794693554,3.7563393280233672,3.793314632724528,311868000
2019-06-26,3.952133893966675,4.0131806021573935,3.8734685516761678,3.8863726800215015,584072000
2019-06-27,4.050652503967285,4.069760442698096,4.001765621336326,4.037748373830597,445440000
2019-06-28,4.075467586517334,4.103757460552952,4.028814309330252,4.094575522317128,397668000
2019-07-01,4.123608589172363,4.316673935929303,4.0861367890761295,4.282428285154208,709756000
2019-07-02,4.02583646774292,4.1280769479164805,4.012684318865418,4.106983432433489,400228000
2019-07-03,4.0387420654296875,4.05487235097974,3.978936614268978,4.049164580404075,246636000
2019-07-05,3.976205348968506,3.9848907745607325,3.9129252787163464,3.9804240518733294,396552000
2019-07-08,3.901261806488037,3.935507467952032,3.871235084423911,3.916647552169547,329788000
2019-07-09,3.9037437438964844,3.9317853634338737,3.846419695875436,3.8590755684712126,342860000
2019-07-10,3.971986770629883,4.02931058133632,3.933274383924666,3.947171065308045,452076000
2019-07-11,4.126339912414551,4.1670374051469015,4.0077211313339385,4.044944453629627,682560000
2019-07-12,4.159346103668213,4.230319077968762,4.154134846043525,4.154134846043525,506392000
2019-07-15,4.150907516479492,4.1965682493733905,4.1226181107263224,4.180438441294544,289840000
2019-07-16,4.14619255065918,4.173241382538583,4.090605348098259,4.136018058733451,341444000
2019-07-17,4.211457252502441,4.21840559286607,4.118646736708043,4.147929163474818,348204000
2019-07-18,4.2231221199035645,4.285905702806669,4.16530177459194,4.221881547165888,442192000
2019-07-19,4.179942607879639,4.267789917184944,4.173986817984335,4.261338087568565,344896000
2019-07-22,4.251410007476807,4.264314135155811,4.1938377091150825,4.201282562002257,315940000
2019-07-23,4.359110355377197,4.361095460427464,4.274985257379087,4.290619497940688,428176000
2019-07-24,4.433556079864502,4.4392638473480694,4.326352856306315,4.402288551880053,366236000
2019-07-25,4.302530288696289,4.404770764474118,4.279203649431086,4.392114655728459,392700000
2019-07-26,4.344468593597412,4.3911218696456285,4.32957936095483,4.32957936095483,274160000
2019-07-29,4.3382649421691895,4.35439522088235,4.250169641994567,4.337272389733334,248160000
2019-07-30,4.353899955749512,4.366059554883775,4.27746771644239,4.291860914187575,197772000
2019-07-31,4.186889171600342,4.32337529483997,4.144702620536477,4.322382269179052,359416000
2019-08-01,4.092590808868408,4.2876413418581345,4.040477778383073,4.197312436118388,421212000
2019-08-02,4.000029563903809,4.069265448768431,3.952631971278064,4.000029563903809,428348000
2019-08-05,3.7419464588165283,3.8178821751715524,3.6950449173442688,3.816641366103382,589156000
2019-08-06,3.780658006668091,3.862053222534789,3.7330121767256927,3.816640753892801,361272000
2019-08-07,3.818873882293701,3.8307854573829028,3.702488715391575,3.7198595651799287,372560000
2019-08-08,3.927318811416626,3.928559620416878,3.819122775191908,3.8764468257068865,309300000
2019-08-09,3.82607102394104,3.889847137722322,3.775695315714958,3.8863729672694967,341816000
2019-08-12,3.758324384689331,3.8260709437598064,3.7364865732577073,3.773958151399416,279200000
2019-08-13,3.8724758625030518,3.9183848455555395,3.7178748114695592,3.7568352172905617,351956000
2019-08-14,3.724078893661499,3.795547882888534,3.6804035054272526,3.784380838530552,419880000
2019-08-15,3.6918182373046875,3.7627909438749896,3.657572811239916,3.7429384749498853,477200000
2019-08-16,3.9595797061920166,4.008714377055771,3.8930737068207644,3.9543684496358584,1007960000
2019-08-19,4.238009929656982,4.253892189927733,4.056608058764237,4.072738338834775,815112000
2019-08-20,4.165797710418701,4.233048008507014,4.144704190238062,4.232551495488512,463188000
2019-08-21,4.249176025390625,4.304266701141818,4.210215626109679,4.231805176878109,427244000
2019-08-22,4.255380630493164,4.301289372684599,4.216171735153766,4.258854800460947,303488000
2019-08-23,4.031048774719238,4.233296189711494,4.011196299667997,4.178950021509208,568056000
2019-08-26,4.105744361877441,4.1337862284067795,4.067528473556423,4.10971504663252,318208000
2019-08-27,4.01516580581665,4.146688236942727,3.9858833782095293,4.143958599338707,290968000
2019-08-28,4.004732608795166,4.057393748788544,3.9495873946582023,3.988835102822662,255612000
2019-08-29,4.14831018447876,4.180602209505402,4.092667950942162,4.096145560926398,357976000
2019-08-30,4.160978317260742,4.244193164669285,4.142844997659137,4.194512616324888,290616000
2019-09-03,4.078011989593506,4.121233846385008,4.055159260760922,4.088196553572964,296140000
2019-09-04,4.192027568817139,4.199479791476243,4.138621157565341,4.138621157565341,227728000
2019-09-05,4.464772701263428,4.470982649442789,4.292381848684692,4.29412065312646,695676000
2019-09-06,4.4376959800720215,4.498305861445579,4.3996905531512915,4.441421853679588,376976000
2019-09-09,4.4836506843566895,4.570094847258105,4.467256175256386,4.4687467143896855,417524000
2019-09-10,4.550223350524902,4.5768019505612365,4.441174715633058,4.4508622737446295,352812000
2019-09-11,4.578789710998535,4.62697971233285,4.535816123801105,4.564879273300177,361512000
2019-09-12,4.577299118041992,4.679889068655952,4.569350364277171,4.625240853510472,327840000
2019-09-13,4.519421577453613,4.547739457034524,4.475702720883678,4.510727553957993,324592000
2019-09-16,4.476448059082031,4.510975888289779,4.433971475955046,4.444404304309437,231832000
2019-09-17,4.497811317443848,4.502034197165476,4.436704404833392,4.483155607982486,223048000
2019-09-18,4.470734596252441,4.506504699218102,4.38429089143522,4.490855456841406,258152000
2019-09-19,4.39522123336792,4.495078856815174,4.384539664785912,4.4766967988047615,245476000
2019-09-20,4.289649486541748,4.4178249719627845,4.279465397875577,4.394226976885047,350244000
2019-09-23,4.343057155609131,4.388514828078053,4.286173117129129,4.289899466537312,249712000
2019-09-24,4.2856764793396,4.403915698846809,4.25015510779471,4.37435601241722,317268000
2019-09-25,4.427264213562012,4.4468880685788506,4.240465903650763,4.28517829278737,308432000
2019-09-26,4.405155658721924,4.426270050055258,4.3542333280562575,4.417576028267607,234564000
2019-09-27,4.2665486335754395,4.414099239922448,4.205938261262975,4.363425165093212,362056000
2019-09-30,4.3239288330078125,4.334113394955263,4.261083130573894,4.292382086045168,186184000
2019-10-01,4.322190284729004,4.496071696407756,4.3174708751842825,4.347030554081502,366008000
2019-10-02,4.298344612121582,4.312255051152552,4.226059603195252,4.300331682329208,293372000
2019-10-03,4.503772258758545,4.509982207751677,4.272510290120743,4.302815239189767,450588000
2019-10-04,4.520167350769043,4.549478768616811,4.4409271216900095,4.50600817250666,265524000
2019-10-07,4.578789710998535,4.6783985839980335,4.576305636582578,4.584999660144053,480984000
2019-10-08,4.402424335479736,4.487129238036931,4.38429101816831,4.487129238036931,444436000
2019-10-09,4.48886775970459,4.538300033345435,4.450365792127868,4.479180201486422,292412000
2019-10-10,4.546497821807861,4.5974201696329065,4.481416769097177,4.486633183927551,309124000
2019-10-11,4.620024681091309,4.703239045355618,4.611578922491844,4.630457509788729,446404000
2019-10-14,4.633437633514404,4.6543032887412705,4.580279486712769,4.611329704263812,200040000
2019-10-15,4.877863883972168,4.950397607444675,4.709695924558597,4.723606832665932,664124000
2019-10-16,4.824210166931152,4.948659778379216,4.812783804173107,4.843834022264547,428944000
2019-10-17,4.826197624206543,4.913634858641434,4.771797203408737,4.868674204295252,263436000
2019-10-18,4.731804370880127,4.859234576136827,4.657532308727944,4.826693821535992,307440000
2019-10-21,4.868921279907227,4.8823351828622625,4.774280111113772,4.793158691826768,261868000
2019-10-22,4.8589863777160645,5.030880232247028,4.851285890080237,4.925806218529679,328720000
2019-10-23,4.846069812774658,4.860228515074197,4.745218670685841,4.777014158325373,279916000
2019-10-24,4.890036582946777,4.923570399024333,4.853272949352469,4.8873037697684545,232020000
2019-10-25,5.080808639526367,5.101674291975892,4.962817733779943,4.970518220820409,423092000
2019-10-28,5.136700630187988,5.189113041993195,5.095217104547726,5.124528522221476,330792000
2019-10-29,5.040567874908447,5.12924737996355,5.021192759747854,5.122788692384218,211236000
2019-10-30,5.042556285858154,5.073109979768941,4.974494151837034,5.0673965602975635,205960000
2019-10-31,4.993371486663818,5.0425550187031005,4.9136347421803634,5.021689363981352,209732000
2019-11-01,5.0323710441589355,5.064663061893138,4.9330099691241465,4.958098503171702,283640000
2019-11-04,5.22885799407959,5.241278369050281,5.090250115444236,5.1133511126908875,376716000
2019-11-05,5.20674991607666,5.254691183804037,5.1588081745604795,5.228609110134573,300868000
2019-11-06,5.157565116882324,5.208238712291003,5.070127414387124,5.182653649313797,269012000
2019-11-07,5.175201892852783,5.258664989551244,5.1304895027004385,5.244009282725252,280340000
2019-11-08,5.16129207611084,5.1928393025780455,5.120802560053755,5.15831147084381,189100000
2019-11-11,5.171227931976318,5.194328923737769,5.074350925363267,5.160546364658916,243436000
2019-11-12,5.20674991607666,5.262640412360373,5.174457418762158,5.209482256110299,283504000
2019-11-13,5.1809163093566895,5.203023769608301,5.1145929810242095,5.175451155287931,300188000
2019-11-14,5.211221218109131,5.213457027543398,5.129993915496387,5.1898585540740285,518080000
2019-11-15,5.072115421295166,5.260652066558472,4.983932441136792,5.208984457760898,1053628000
2019-11-18,5.273071765899658,5.299650362796563,5.061681948100534,5.064662552633288,574588000
2019-11-19,5.166508197784424,5.2656205425735925,5.108382371167746,5.242022545733795,414564000
2019-11-20,5.245746612548828,5.329457951007399,5.130985064523961,5.143653697849053,472588000
2019-11-21,5.220909595489502,5.296920495111723,5.199298662730025,5.241278727561399,288388000
2019-11-22,5.2385454177856445,5.289964295422484,5.214946944987763,5.243513093405742,224100000
2019-11-25,5.494895935058594,5.499864084447164,5.353555259338752,5.366472163475753,506476000
2019-11-26,5.39031982421875,5.4819799693207765,5.383861134150257,5.477260084457049,385244000
2019-11-27,5.425119876861572,5.470113709339363,5.398770112423443,5.435809325871139,215784000
2019-11-29,5.3878326416015625,5.422634398950764,5.363968308483034,5.39429609604549,141556000
2019-12-02,5.201642036437988,5.394295831529911,5.186478617538699,5.380872026274394,372036000
2019-12-03,5.1621174812316895,5.166094553868876,4.980898951860107,5.018186615594766,465232000
2019-12-04,5.205867290496826,5.268013544804459,5.177280070411911,5.245640855322648,273424000
2019-12-05,5.188964366912842,5.243404457640698,5.15838813326808,5.227743668078507,184884000
2019-12-06,5.274229526519775,5.307043224374402,5.248128206322438,5.258071837333856,232236000
2019-12-09,5.274229526519775,5.32891854880573,5.242659493749211,5.2513599338149906,211880000
2019-12-10,5.319223403930664,5.370929143014458,5.251607951361957,5.304307958637612,256388000
2019-12-11,5.402747631072998,5.408216817345285,5.327178032838414,5.3296639403915655,233796000
2019-12-12,5.570043563842773,5.588190256066649,5.364961239111546,5.373910123939843,404348000
2019-12-13,5.568057060241699,5.692101147516369,5.514113860741178,5.573028875466691,454704000
2019-12-16,5.596892356872559,5.669230698851014,5.58744609823879,5.6155364256371545,320976000
2019-12-17,5.674948692321777,5.697569835117651,5.606090521582747,5.615536780813981,321196000
2019-12-18,5.705275058746338,5.7656812284331656,5.701297512416588,5.709749502030859,343548000
2019-12-19,5.853183746337891,5.86660755208629,5.734857298669903,5.739829113698079,445360000
2019-12-20,5.950378894805908,5.975734385172872,5.9004132593766325,5.919554219903856,603044000
2019-12-23,5.936707496643066,6.011034365228068,5.926018522750285,5.97896696941142,355060000
2019-12-24,5.931736946105957,5.94888937699333,5.886991556684707,5.921296418459453,138864000
2019-12-26,5.9459052085876465,5.97399505772598,5.916323246235514,5.935215760730923,182852000
2019-12-27,5.888233661651611,5.974492697227238,5.861883424733075,5.961068893221164,254644000
2019-12-30,5.775126934051514,5.871578037548779,5.743805359915575,5.866357775192789,258056000
2019-12-31,5.84920597076416,5.858652228527245,5.720687459973178,5.73982842397939,231004000
2020-01-02,5.963803291320801,5.963803291320801,5.884505079799994,5.934967621143992,237536000
2020-01-03,5.868345737457275,5.9120968420723505,5.8193743709965,5.8442329639400254,205384000
2020-01-06,5.892958641052246,5.898178905762086,5.749028214544661,5.7751295380938625,262636000
2020-01-07,5.964300632476807,6.010040281790685,5.876301509096684,5.921295338837738,314856000
2020-01-08,5.97548770904541,6.016752920110511,5.920053346777654,5.960075367023141,277108000
2020-01-09,6.041112899780273,6.113451228430026,5.987418636459854,6.0617455010434655,255112000
2020-01-10,6.073429584503174,6.178581141333891,6.059260434267668,6.148253830514935,316296000
2020-01-13,6.263846397399902,6.288953447003874,6.133836231355337,6.156457847574533,319840000
2020-01-14,6.1470112800598145,6.246445205302498,6.133835923434662,6.221089234322224,359088000
2020-01-15,6.104504108428955,6.182062727968043,6.078651235249259,6.159690031018751,263104000
2020-01-16,6.188027381896973,6.193993464647111,6.134581559774977,6.157948519655376,284192000
2020-01-17,6.196728706359863,6.214626957169051,6.149248960200199,6.20716923413062,253792000
2020-01-21,6.163418769836426,6.196977813299668,6.129362355167134,6.160187042343165,217916000
2020-01-22,6.21735954284668,6.303867019248585,6.189766591842113,6.208659105515355,239240000
2020-01-23,6.285721778869629,6.294173769700094,6.168638520500725,6.2573834759438345,244516000
2020-01-24,6.226558208465576,6.450782022304533,6.172366566956607,6.40106482430508,373512000
2020-01-27,5.971012592315674,6.021972504994483,5.772890101483585,5.922289664238681,470536000
2020-01-28,6.164163112640381,6.196478957414824,5.983689951264804,6.036887321336886,310976000
2020-01-29,6.103757381439209,6.185790426975521,6.063983338200734,6.149745481810295,258848000
2020-01-30,6.110469818115234,6.123893625117595,5.951127066926015,6.006064063462553,290504000
2020-01-31,5.877295970916748,6.076661182932319,5.835533866568299,6.064729017650381,370420000
2020-02-03,5.974243640899658,5.993633051226416,5.8529339426473035,5.85914847292443,255564000
2020-02-04,6.143282413482666,6.162423853757808,6.0659727292741294,6.115938379346584,271544000
2020-02-05,6.233517169952393,6.274284997708073,6.150240952984799,6.264092922234595,208220000
2020-02-06,6.320274829864502,6.320274829864502,6.1867849664456935,6.26782374742976,218284000
2020-02-07,6.254150390625,6.302375943450668,6.228794423639679,6.280251702987878,189752000
2020-02-10,6.537042140960693,6.537787486553337,6.271801523877715,6.276773339325847,529608000
2020-02-11,6.659343719482422,6.7739415190338645,6.583276767151044,6.645174571161196,638556000
2020-02-12,6.774935722351074,6.781399175304886,6.673264355662587,6.712043650970629,374644000
2020-02-13,6.731184959411621,6.7983030286831045,6.689671306540473,6.717015810496624,528016000
2020-02-14,7.203744888305664,7.332511833755253,7.109531243405762,7.140852817508515,1041924000
2020-02-18,7.372287750244141,7.39068337270847,7.081194733816154,7.100584150411243,620164000
2020-02-19,7.822971343994141,7.840621144248622,7.49459070572819,7.49459070572819,694332000
2020-02-20,7.673820495605469,7.863242082400725,7.366817815393153,7.774994505818821,810052000
2020-02-21,7.310140609741211,7.586815992154604,7.225373204609657,7.56170894332457,768180000
2020-02-24,6.793332099914551,7.006866948451461,6.662079222439039,6.716519314840207,856916000
2020-02-25,6.514170169830322,6.930301423578362,6.412498802092312,6.868403619519949,1055496000
2020-02-26,6.653378963470459,6.847275480502582,6.51292874628162,6.514419911465364,747732000
2020-02-27,6.283014297485352,6.641191014108092,6.190734008300934,6.340222943534122,906416000
2020-02-28,6.717551231384277,6.77699866718428,6.014132526651322,6.030797544626237,1133252000
2020-03-02,6.875746250152588,6.904599643014992,6.491950295924303,6.887436955320719,890744000
2020-03-03,6.613580703735352,6.991158383309481,6.528264939840169,6.931462350616747,652792000
2020-03-04,7.076722621917725,7.086174529178954,6.646164359026675,6.720784754418788,597408000
2020-03-05,6.797643661499023,7.044138573937588,6.753120114977706,6.877486969671298,540328000
2020-03-06,6.617313385009766,6.675765974057028,6.41733121700189,6.618308247999443,515412000
2020-03-09,6.104921340942383,6.452153634610945,5.924340679442209,5.96712263032955,614160000
2020-03-10,6.493939399719238,6.493939399719238,6.118600526730272,6.381014182098124,580648000
2020-03-11,6.13054084777832,6.382508269115836,6.033534832806254,6.354152540659785,499964000
2020-03-12,5.380359649658203,5.8731009372494505,5.367674080920537,5.607950774664352,816540000
2020-03-13,5.99050235748291,5.994979476802565,5.462440911971198,5.733311612240155,634836000
2020-03-16,4.885129928588867,5.623869353339023,4.825433894923929,5.283352557854332,726972000
2020-03-17,5.404237747192383,5.493533447583742,4.7508144907275,4.997309431523579,833632000
2020-03-18,5.0448174476623535,5.221915838198457,4.494121265098619,4.977162031994791,874268000
2020-03-19,5.297284126281738,5.390807901406282,4.810263284933044,5.023427771146896,765512000
2020-03-20,5.117696762084961,5.728835253713744,5.102275202274465,5.447268674676942,804636000
2020-03-23,5.290316581726074,5.384587051709071,4.937860991668966,5.116700479033214,643876000
2020-03-24,6.197947978973389,6.284507700206213,5.672373774240404,5.696003311904587,1101644000
2020-03-25,6.1093974113464355,6.5123457531006785,6.060645342640623,6.3128613076656235,793432000
2020-03-26,6.398427486419678,6.522296697989874,6.218344012305379,6.316344890012129,696108000
2020-03-27,6.286248207092285,6.54468246183584,6.185510868111897,6.21834371533813,638828000
2020-03-30,6.606119155883789,6.615322467118645,6.307638489346079,6.351664371055623,602252000
2020-03-31,6.556620121002197,6.850125946668454,6.411110667854634,6.64616392544038,949960000
2020-04-01,6.045970439910889,6.505133062019152,6.001447365136863,6.358877795314713,656912000
2020-04-02,6.354399681091309,6.367582441170234,6.027066154897926,6.075071479118108,675764000
2020-04-03,6.06686544418335,6.3583811622855135,5.929564394605599,6.316842669101764,663212000
2020-04-06,6.6760125160217285,6.712825281839305,6.291221263715193,6.348678972084709,727884000
2020-04-07,6.4429497718811035,6.921016220631699,6.399918753132553,6.897386212673465,784520000
2020-04-08,6.639946937561035,6.664820405786756,6.482000959912944,6.551895173160466,542444000
2020-04-09,6.5404534339904785,6.7884408976976,6.477523735926655,6.76555762990454,525564000
2020-04-13,6.712080001831055,6.720785644616619,6.392457189784047,6.480757551993029,398408000
2020-04-14,7.062793731689453,7.0968700332485595,6.812567493136743,6.840176949824809,530948000
2020-04-15,6.985438346862793,7.068266728820845,6.849629840850387,6.894899184713868,366148000
2020-04-16,7.3301825523376465,7.437138127768252,7.127464912267185,7.140647674170319,745620000
2020-04-17,7.270983695983887,7.433655370807423,7.137164937154515,7.412264162275912,539120000
2020-04-20,7.139901638031006,7.300335006334705,7.095627159726841,7.144627829354325,449388000
2020-04-21,6.7036237716674805,7.083191266559698,6.643927724837678,7.022003162515106,735160000
2020-04-22,7.117516040802002,7.160298464980973,6.850127550160316,6.895645491403493,483356000
2020-04-23,7.064285755157471,7.291379655385693,7.039163692591461,7.1595510947877585,424160000
2020-04-24,7.203078269958496,7.205067995097443,6.979466658521829,7.054087044294239,352328000
2020-04-27,7.38938045501709,7.549067532190591,7.312770338618193,7.337395205269283,479388000
2020-04-28,7.247106075286865,7.566480291999541,7.241634092483355,7.536632034839591,442904000
2020-04-29,7.423707008361816,7.476438532098062,7.306553255548668,7.381670852745031,379160000
2020-04-30,7.269988536834717,7.423705966666164,7.256059510755734,7.369730516188236,375916000
2020-05-01,7.033693313598633,7.185918254969449,6.985438902892825,7.072744411880323,342096000
2020-05-04,7.245364665985107,7.259045096885763,6.986432764934915,6.986432764934915,317556000
2020-05-05,7.306303977966309,7.468727056760737,7.245364011573555,7.34933499237457,368896000
2020-05-06,7.407041549682617,7.511758806368057,7.3478431802598525,7.38565081334239,323464000
2020-05-07,7.583146572113037,7.646324879643541,7.494846194741485,7.546085197423918,373732000
2020-05-08,7.772928714752197,7.779146962839616,7.620952397339861,7.6547801034035805,339216000
2020-05-11,8.024646759033203,8.071408625567924,7.739348894683899,7.767953212795398,469060000
2020-05-12,7.762979030609131,8.131104815572956,7.753278525773543,8.082353219891191,493060000
2020-05-13,7.740592002868652,8.037579590528313,7.556280072928503,7.877395331312251,625852000
2020-05-14,7.9898247718811035,7.99529675418394,7.648561706335305,7.802030552114325,602312000
2020-05-15,8.447744369506836,8.457444400932566,7.834117990428447,7.849788147818248,987660000
2020-05-18,8.705928802490234,8.871336954115424,8.636532261563676,8.716126976105572,774460000
2020-05-19,8.760899543762207,9.041470783714418,8.71836571880114,8.74572658115145,717320000
2020-05-20,8.924567222595215,8.997197432107013,8.843728564013752,8.945460766522393,587536000
2020-05-21,8.730804443359375,9.006649532311567,8.693245401400757,9.005655143771433,761068000
2020-05-22,8.980531692504883,9.046944125761256,8.669117319003607,8.780549550249997,1038764000
2020-05-26,8.673592567443848,9.135243019223017,8.62807463372257,9.110369079581073,770780000
2020-05-27,8.482069969177246,8.589024607829826,7.956246272031052,8.581314301909094,1175892000
2020-05-28,8.444015502929688,8.71612977146846,8.336810347043386,8.369643201042887,734896000
2020-05-29,8.830544471740723,8.830544471740723,8.442022323211523,8.511170268712194,745256000
2020-06-01,8.761646270751953,8.795971650904905,8.645487840751274,8.788509941773912,389876000
2020-06-02,8.780548095703125,8.792487396907989,8.614145567728748,8.7516956542315,391320000
2020-06-03,8.725078582763672,8.821338761503675,8.65593065978825,8.777561966367868,365440000
2020-06-04,8.72607707977295,8.902011297144291,8.637486770862257,8.687753825722185,424280000
2020-06-05,8.87886905670166,8.955513667793715,8.667846716392749,8.753948023245258,481748000
2020-06-08,8.764402389526367,8.848760851346432,8.645701928817363,8.836318675946666,387736000
2020-06-09,9.004289627075195,9.067745950107147,8.710899416736416,8.759424561032304,468488000
2020-06-10,9.323559761047363,9.456195581866325,9.111292895481155,9.125477940681284,632180000
2020-06-11,8.755693435668945,9.218548660862655,8.745490604255512,9.107811677637617,583652000
2020-06-12,8.891312599182129,9.144888210962371,8.663119704419731,9.120252574923361,570908000
2020-06-15,9.131450653076172,9.139911559125865,8.703433037578094,8.77460413262687,400004000
2020-06-16,9.026684761047363,9.224021398349738,8.797994456053088,9.182463952946726,535716000
2020-06-17,9.193413734436035,9.256122973976474,9.028427490860382,9.07172781257394,408304000
2020-06-18,9.175497055053711,9.23969950716199,9.07247391956649,9.184455382209771,254408000
2020-06-19,9.218544960021973,9.401447821597749,9.184702291926113,9.19988217763818,524160000
2020-06-22,9.482821464538574,9.487301102199996,9.230490376313739,9.257117593182326,398468000
2020-06-23,9.406423568725586,9.598036018461734,9.364120002183721,9.506957666162588,375108000
2020-06-24,9.192915916442871,9.512435900600783,9.102334958406512,9.432555192603575,449372000
2020-06-25,9.446240425109863,9.461171600336776,9.139909742005443,9.312609776761736,376072000
2020-06-26,9.112786293029785,9.456195773769487,9.082924887962797,9.456195773769487,592084000
2020-06-29,9.157578468322754,9.162058106058364,8.858961583091999,9.12746835403248,342248000
2020-06-30,9.453956604003906,9.48232479694981,9.22377307669493,9.271053714697091,367892000
2020-07-01,9.486054420471191,9.531594070429003,9.369594310080467,9.476847385994699,326648000
2020-07-02,9.567927360534668,9.692599684605682,9.534083742752678,9.594553626527235,364056000
2020-07-06,9.7938814163208,9.863060925578766,9.667715860624158,9.696831134904459,315892000
2020-07-07,9.826231002807617,10.023566685048234,9.805327925441164,9.90038756505966,357800000
2020-07-08,10.16889476776123,10.177854044374415,9.91955006873265,9.947669552928001,365480000
2020-07-09,10.460542678833008,10.521261277875176,10.186312717025418,10.332386498774396,494548000
2020-07-10,10.430930137634277,10.606118244789283,10.330893436767795,10.539925164838058,497676000
2020-07-13,10.005901336669922,10.74248914202726,9.97877669146229,10.546149200369124,457076000
2020-07-14,10.329151153564453,10.354782578911696,9.740378299322161,10.028543640334897,542676000
2020-07-15,10.180091857910156,10.384892650763021,10.009382445924082,10.366229867151485,403984000
2020-07-16,10.088016510009766,10.159684052032336,9.849869569041433,9.96881868427963,344964000
2020-07-17,10.154458045959473,10.201241247818436,10.041233071795403,10.17834754249951,266284000
2020-07-20,10.462285041809082,10.482690699140393,10.109917234833206,10.226875749369688,284852000
2020-07-21,10.280875205993652,10.51130838501067,10.23931776030554,10.464524220514964,277036000
2020-07-22,10.390619277954102,10.553613955695724,10.244048043577852,10.319697835420705,367292000
2020-07-23,10.083043098449707,10.498368886085727,9.984997020400378,10.401816020804677,411660000
2020-07-24,10.147493362426758,10.316958282802545,9.731918901066056,9.829466600023125,473292000
2020-07-27,10.37344741821289,10.393603416599648,10.17063628726889,10.185070043943437,292132000
2020-07-28,10.16839599609375,10.334128352270644,10.162175384539536,10.326414528145886,271636000
2020-07-29,10.417243957519531,10.467759731459614,10.299290598378333,10.342838679361162,284508000
2020-07-30,10.565057754516602,10.574016079653706,10.247777173412945,10.32715949631909,308880000
2020-07-31,10.565805435180664,10.716856279883503,10.38489318588376,10.51454258205135,386080000
2020-08-03,10.959481239318848,11.047573183866636,10.665841424159556,10.683011944240379,412720000
2020-08-04,11.175979614257812,11.175979614257812,10.855713487813759,10.999049569082658,310336000
2020-08-05,11.23470687866211,11.31931498345862,11.114762888879284,11.192154590342838,249924000
2020-08-06,11.28322982788086,11.305626114488891,11.127202902435064,11.297413921234702,244316000
2020-08-07,11.147858619689941,11.451701263494748,10.986605906099884,11.260337487409021,342516000
2020-08-10,11.113517761230469,11.35564602075613,10.806439976810287,11.281987829661926,427796000
2020-08-11,10.799971580505371,11.085399231333554,10.745971010645114,11.022689045250187,354512000
2020-08-12,11.387500762939453,11.41412703456627,10.907722858272763,10.94007327043613,464412000
2020-08-13,11.390236854553223,11.6677019727211,11.303389402079686,11.49276161637444,374460000
2020-08-14,11.510677337646484,11.650778256595569,11.387746937929792,11.476833720238632,366436000
2020-08-17,12.280110359191895,12.352524978681528,11.762757436193732,11.79660009781904,621300000
2020-08-18,12.204214096069336,12.438379802232884,12.030519221573105,12.392591435062732,503448000
2020-08-19,12.082527160644531,12.258212653513244,12.042213276333214,12.23979858343999,622624000
2020-08-20,12.085016250610352,12.317937454799441,11.823975568616628,11.91978228041564,921388000
2020-08-21,12.625015258789062,12.749687580406652,12.139015904821967,12.145486175613579,999868000
2020-08-24,12.66159725189209,12.85296104070654,12.449827806001334,12.824343188832731,490564000
2020-08-25,12.691208839416504,12.702406509210157,12.515771085101091,12.572508413508759,289076000
2020-08-26,12.714103698730469,12.809163342409363,12.619292765610336,12.740232546554608,321244000
2020-08-27,12.570019721984863,12.790747463917562,12.50855404867162,12.722562809357813,317604000
2020-08-28,13.087127685546875,13.087376396140137,12.58420733693493,12.616557750323455,537160000
2020-08-31,13.31282901763916,13.512404027360901,12.977631777675004,13.121962673479885,500840000
2020-09-01,13.761384963989258,13.933389350143239,13.378542954721397,13.421855269799934,511316000
2020-09-02,14.28462028503418,14.663230147107154,13.840045378460548,14.640328637897767,874012000
2020-09-03,12.95936107635498,13.824612353112618,12.823200691803297,13.76910292266537,945128000
2020-09-04,12.568055152893066,13.118171798924816,11.654263373150707,12.728608789534096,1463684000
2020-09-08,11.861615180969238,12.495867661284716,11.653765820445578,11.683884939027743,795728000
2020-09-09,12.660157203674316,12.75400040657726,12.17899096545241,12.346515345038622,736200000
2020-09-10,12.258647918701172,13.008897940882886,12.11452165542531,12.933225527994797,698684000
2020-09-11,12.112031936645508,12.597926996342265,11.844440927572224,12.431647488239708,636928000
2020-09-14,12.816728591918945,13.257568885233198,12.576768855905764,13.024578926203295,1201744000
2020-09-15,12.934968948364258,13.241391347213609,12.772423089111419,13.222722027557282,727556000
2020-09-16,12.460521697998047,13.036277502029263,12.459775343133906,12.901361990824535,556384000
2020-09-17,12.409741401672363,12.535447115383795,11.98284068441075,12.07991998724421,792512000
2020-09-18,12.136675834655762,12.578013731233012,11.937041086164525,12.539431169954202,698460000
2020-09-21,12.463258743286133,12.468486075393573,11.853151697144176,11.873563455723925,721044000
2020-09-22,12.58323860168457,12.59344448097838,12.103069452829205,12.520759401296207,646452000
2020-09-23,12.071454048156738,12.67210243610613,12.02714659862657,12.52125523110918,647012000
2020-09-24,12.294739723205566,12.515284736210981,11.962180709019703,12.020179888363417,731240000
2020-09-25,12.818221092224121,12.827929401956277,12.19293055034486,12.393810139922095,588016000
2020-09-28,12.978778839111328,12.995456929252475,12.695008219085075,12.98400617264737,573808000
2020-09-29,13.168704986572266,13.384769035049606,12.877467046243323,12.881698289843444,621460000
2020-09-30,13.472142219543457,13.563745423360237,13.093532292737644,13.100750855751826,689184000
2020-10-01,13.555777549743652,13.703387740885159,13.40269029134298,13.698658927613552,525004000
2020-10-02,13.005908966064453,13.461186360734684,12.994706996717781,13.167957222470799,552496000
2020-10-05,13.58365535736084,13.585397801441708,13.165715663762136,13.178908861614774,479820000
2020-10-06,13.677253723144531,14.081005195924398,13.606062280172727,13.770350590708075,784420000
2020-10-07,13.903770446777344,14.058351371895522,13.803703815426886,13.939366637867233,418084000
2020-10-08,13.779061317443848,14.023751786873135,13.698660090271776,14.014292260405256,378900000
2020-10-09,13.703389167785645,13.764624457346555,13.601829820935107,13.707621361148332,346892000
2020-10-12,14.164641380310059,14.285119781393261,13.852494090541311,13.92916164601553,434744000
2020-10-13,14.186795234680176,14.286613084948678,13.958285283848605,14.234837322926795,344604000
2020-10-14,14.034454345703125,14.280886294295177,13.899787616295503,14.228861750713278,276100000
2020-10-15,13.909746170043945,13.945341414351493,13.708368017226269,13.751182773950996,267224000
2020-10-16,13.75192642211914,14.060589716200548,13.73300832168819,13.976205093854658,242392000
2020-10-19,13.439529418945312,13.923183444817134,13.348921381558638,13.843031020971136,298068000
2020-10-20,13.586641311645508,13.740226109835254,13.448738508609205,13.524908470657572,229212000
2020-10-21,13.466413497924805,13.732013260286454,13.419367506297078,13.566231333022323,219596000
2020-10-22,13.30337142944336,13.553039484968712,13.174678386058064,13.464174825263315,290480000
2020-10-23,13.531634330749512,13.534621649823457,13.233924151048443,13.391989033555745,233484000
2020-10-26,13.08457088470459,13.633692560663071,12.982264224569636,13.369088820150674,336896000
2020-10-27,13.33896541595459,13.384020175552658,13.134599996643855,13.248606162274928,250520000
2020-10-28,12.572535514831543,13.20280555303319,12.554613504100049,13.141072705641232,376520000
2020-10-29,12.967824935913086,13.135846892018513,12.695006587997323,12.783124891809354,320080000
2020-10-30,12.479939460754395,12.88070262306885,12.246948531109375,12.794576492375915,416820000
2020-11-02,12.526485443115234,12.781380795725333,12.341536637952245,12.603152981885287,299652000
2020-11-03,12.963343620300293,13.048474603240864,12.548391206447642,12.653685165437649,272900000
2020-11-04,13.734753608703613,13.767861003481139,13.27947612899768,13.331500678560896,410228000
2020-11-05,14.098922729492188,14.277150540043976,13.930652013276667,14.101412477856645,319028000
2020-11-06,14.499191284179688,14.525825518344906,13.835068378723031,14.048891455608413,383348000
2020-11-09,13.5719575881958,14.628132371643925,13.552044345915604,14.489731966855251,582976000
2020-11-10,12.714921951293945,13.547813246458624,12.57378300138772,13.547813246458624,644068000
2020-11-11,13.360126495361328,13.37705336947428,12.89240219069717,12.99744737462769,404744000
2020-11-12,13.398707389831543,13.706623391136638,13.258564550225856,13.4208615944081,365812000
2020-11-13,13.239645957946777,13.60979236646862,13.002921392268068,13.568471277334389,346312000
2020-11-16,13.456954956054688,13.590625584856218,13.099254438617393,13.115682790684902,413776000
2020-11-17,13.36435604095459,13.53760531971783,13.246367406234198,13.494044215080645,312028000
2020-11-18,13.370828628540039,13.547065230799866,13.128130360392811,13.407171172523759,510924000
2020-11-19,13.382278442382812,13.429324433422689,13.043496030611196,13.15575975818555,565936000
2020-11-20,13.03130054473877,13.436295883226773,13.008647818893134,13.395970878679213,341088000
2020-11-23,13.083325386047363,13.324778798429607,12.959362101310216,13.114440599717943,361356000
2020-11-24,12.901864051818848,13.105232514268844,12.829427728555963,13.085816837301769,346500000
2020-11-25,13.177664756774902,13.21226485548097,12.963841692206845,12.976287586431019,259916000
2020-11-27,13.204050064086914,13.34966996860032,13.113691752498204,13.317309884312802,167276000
2020-11-30,13.343695640563965,13.354648825249436,12.916297341464292,13.207784992620201,286952000
2020-12-01,13.332244873046875,13.470396474680498,13.171191763899333,13.4340539339607,296948000
2020-12-02,13.48608112335205,13.614524440565008,13.17716899170747,13.29291762801155,283360000
2020-12-03,13.34216022491455,13.605099125266102,13.275430066021904,13.532890281081619,199520000
2020-12-04,13.50376033782959,13.505503297047852,13.334941202298934,13.394450674202265,202244000
2020-12-07,13.55206298828125,13.676062887003207,13.445742488055723,13.546585252766883,223244000
2020-12-08,13.296346664428711,13.544096671002487,13.228121449551065,13.530401856332638,271920000
2020-12-09,12.87878131866455,13.360088806654998,12.816532505636271,13.24704531933605,401300000
2020-12-10,12.920113563537598,13.01622611811567,12.797856623609862,12.817278981162264,207764000
2020-12-11,12.960946083068848,12.967669059118618,12.771460361379006,12.915130492540358,209264000
2020-12-14,13.25525951385498,13.33493790120574,13.024939145736656,13.035396898457394,270156000
2020-12-15,13.306803703308105,13.409887145651437,13.133752090709104,13.38573457742504,193016000
2020-12-16,13.189276695251465,13.383243798398896,13.159396585899268,13.368552602157862,223116000
2020-12-17,13.287631034851074,13.32572727512773,13.12553489491259,13.313027895141222,231384000
2020-12-18,13.218657493591309,13.35112236253232,13.017967423113692,13.325226838927424,342064000
2020-12-21,13.278667449951172,13.316265976199928,12.915383468107274,13.022202644085827,302332000
2020-12-22,13.224885940551758,13.283648841350535,13.00153733578457,13.265721530878286,185580000
2020-12-23,12.956964492797852,13.221646354324898,12.952731999410004,13.202722663623348,179144000
2020-12-24,12.941522598266602,13.079714983112048,12.886744310917493,12.984847701366164,97884000
2020-12-28,12.848151206970215,13.009998457672015,12.711951569819655,13.009998457672015,212564000
2020-12-29,12.891229629516602,13.019960686571482,12.790635724681074,12.873053464210267,170372000
2020-12-30,13.092915534973145,13.160642074392083,12.844916701690002,12.938040099740185,225396000
2020-12-31,13.002530097961426,13.098143976917555,12.863092439192675,13.083702589161886,192424000
2021-01-04,13.06079387664795,13.597628037496744,12.9104007529022,13.051581365786737,560640000
2021-01-05,13.350874900817871,13.389468856919152,13.03440199119971,13.047100420987022,322760000
2021-01-06,12.563800811767578,13.191766594805781,12.535415751922324,13.16935698709165,580424000
2021-01-07,13.290369033813477,13.32398392120334,12.834708264575642,12.915382094628498,461480000
2021-01-08,13.223388671875,13.367058829260577,12.989582367036666,13.3087946092629,292528000
2021-01-11,13.566753387451172,13.904889317137515,13.30879451781324,13.36481806161411,518344000
2021-01-12,13.430553436279297,13.699219880759559,13.291365574551167,13.697227113464349,291476000
2021-01-13,13.477365493774414,13.570240994686895,13.331205784944276,13.435783333016113,210028000
2021-01-14,13.147195816040039,13.545090057040834,13.12752555150125,13.520439774298518,283120000
2021-01-15,12.807816505432129,13.271694358141557,12.79686103451609,13.174835229375097,277780000
2021-01-19,12.972901344299316,13.0413744649296,12.79237922661994,12.963936740649542,226188000
2021-01-20,13.312032699584961,13.376522184971396,13.004274570708622,13.059052877089373,258572000
2021-01-21,13.81176471710205,13.942985300241656,13.199734440258004,13.364568959095964,337780000
2021-01-22,13.657389640808105,13.786120714632485,13.572482355871044,13.684779271402295,246820000
2021-01-25,13.598376274108887,13.7729219839982,13.183301270177894,13.726359807474722,251112000
2021-01-26,13.38125228881836,13.589909643164159,13.333693731069246,13.525917879750628,163980000
2021-01-27,12.86583423614502,13.179567840926634,12.742332042000513,13.176828497975235,371272000
2021-01-28,12.99854564666748,13.286135761458496,12.908409501804401,12.94401620453668,228316000
2021-01-29,12.937545776367188,13.281159531751463,12.859610321428859,13.022453068812036,271552000
2021-02-01,13.18380069732666,13.217414637475345,12.850893606397493,13.00078904025559,217204000
2021-02-02,13.502263069152832,13.51745103174744,13.23210255402486,13.344898109624282,220440000
2021-02-03,13.476120948791504,13.875758199731045,13.462177275976654,13.58119621183441,245408000
2021-02-04,13.609333038330078,13.618545550549243,13.284145319662846,13.476618341474891,201340000
2021-02-05,13.536378860473633,13.682041819578815,13.491310776070629,13.66984110418182,169152000
2021-02-08,14.380719184875488,14.415578363671342,13.672078622183603,13.672078622183603,434624000
2021-02-09,14.205925941467285,14.524639548402014,14.165339215361854,14.283113858860963,287560000
2021-02-10,14.704912185668945,14.84509644211504,14.283861699388261,14.405122263766792,485352000
2021-02-11,15.18945598602295,15.21087016144193,14.865015793501902,14.920043907883057,450828000
2021-02-12,14.90112018585205,15.229793821020415,14.71561805135183,14.989513380553097,374756000
2021-02-16,15.268632888793945,15.310713703995667,14.889911251025723,15.003702228186778,321960000
2021-02-17,14.846092224121094,15.162316290720591,14.720598221294038,15.110026568801802,274756000
2021-02-18,14.769401550292969,14.813473242529565,14.51642173524086,14.669803078245188,233868000
2021-02-19,14.866507530212402,15.11600044369941,14.787078001691846,14.96411322176952,271724000
2021-02-22,14.298051834106445,15.072427078711511,14.26742515013621,14.715367473678917,325884000
2021-02-23,14.085162162780762,14.181523573742238,13.335685999500365,14.018679913027913,391780000
2021-02-24,14.440729141235352,14.448448503648297,13.700715175316017,14.06599194727329,448320000
2021-02-25,13.254015922546387,14.316976805653484,13.16313319589413,13.989049754794058,824436000
2021-02-26,13.659379959106445,13.798816671905104,13.307300359607096,13.697226388407962,500932000
2021-03-01,13.786116600036621,13.869032042521285,13.498776322723113,13.819232815380492,353184000
2021-03-02,13.352371215820312,13.864554283352424,13.342162318670978,13.844136489053758,264116000
2021-03-03,12.753286361694336,13.397436481579216,12.747309959818812,13.372288481570262,377592000
2021-03-04,12.320531845092773,12.922851894147273,12.035183354685007,12.749301630930296,573344000
2021-03-05,12.411416053771973,12.499560385516855,11.632309598213094,12.499560385516855,542840000
2021-03-08,11.54665470123291,12.421125153517597,11.52001165248514,12.399960789446373,543112000
2021-03-09,12.47423267364502,12.570377437106382,12.014926618631605,12.085665759973232,521824000
2021-03-10,12.42242431640625,12.932292694520745,12.411714009519088,12.793305748971898,384376000
2021-03-11,12.945743560791016,12.99830026920778,12.68769566195109,12.902403493519058,299916000
2021-03-12,12.808749198913574,12.841378959282121,12.543727056525297,12.601762440863276,243964000
2021-03-15,13.142767906188965,13.158211007285875,12.720326450748013,12.817467955931283,221988000
2021-03-16,13.242401123046875,13.462837548611631,13.068541996245397,13.307410755933141,272128000
2021-03-17,13.292217254638672,13.403805133986928,12.941759670722005,12.991825039852959,243864000
2021-03-18,12.675740242004395,13.13554423645725,12.67026061604295,13.088219157514716,293896000
2021-03-19,12.79853630065918,12.874008237088663,12.566143927350314,12.703138366761953,299208000
2021-03-22,13.137784957885742,13.345269600925587,12.859312225279986,12.865290689757089,297804000
2021-03-23,13.022714614868164,13.295457924632482,12.973396066012691,13.20553958242289,222048000
2021-03-24,12.596532821655273,13.110886055698332,12.59030636238717,13.102915085638799,245840000
2021-03-25,12.489181518554688,12.668022417306725,12.22689958693841,12.453563465581471,295144000
2021-03-26,12.792064666748047,12.809002388454033,12.328026581903478,12.508361153766067,363968000
2021-03-29,12.90066146850586,13.014491751038356,12.653323847339317,12.773131644958724,273520000
2021-03-30,12.824443817138672,12.927563800366542,12.658306699828916,12.79480328311249,200204000
2021-03-31,13.299193382263184,13.420993698216213,12.934787261773293,12.967665973766012,314776000
2021-04-01,13.760990142822266,13.81902554077951,13.46159365916124,13.522370295892967,308276000
2021-04-05,13.936092376708984,13.962494731258166,13.682527344785477,13.816533522907958,255672000
2021-04-06,13.810554504394531,14.0025960659606,13.722878585220865,13.948296742716591,191744000
2021-04-07,14.091519355773926,14.191151260158252,13.661106906366319,13.829734405751106,251284000
2021-04-08,14.26438045501709,14.418312621618602,14.196629588023145,14.20036660361676,244416000
2021-04-09,14.347074508666992,14.355045478293736,14.122902033632048,14.161758253910516,195172000
2021-04-12,15.153100967407227,15.296073878996914,14.087282859260705,14.237230012870905,869324000
2021-04-13,15.62187385559082,15.642298695804206,15.07015897630807,15.175520404329175,676212000
2021-04-14,15.22085189819336,15.662721441224473,15.171533365001741,15.567572446035657,385500000
2021-04-15,16.07794189453125,16.154658563081032,15.574050016503216,15.604936219474224,598480000
2021-04-16,15.854018211364746,16.106337579853726,15.806941121261284,15.994000959162806,335208000
2021-04-19,15.305292129516602,15.749404144258904,15.177015463688035,15.479400214978964,404420000
2021-04-20,15.115489959716797,15.440042098301998,14.90800531574817,15.266930774723033,334132000
2021-04-21,15.304046630859375,15.306039135930256,15.046745528966595,15.063184408428354,216776000
2021-04-22,14.795670509338379,15.381758649575245,14.729165313862191,15.318491630862203,277788000
2021-04-23,15.209144592285156,15.278638067216274,14.84548633446587,14.879360816606061,227500000
2021-04-26,15.421113014221191,15.422109741768356,15.069410715459696,15.129190614058306,197796000
2021-04-27,15.325217247009277,15.612905694192488,15.298067110638453,15.521243816067019,164572000
2021-04-28,15.220602035522461,15.475163771233227,15.159577417453752,15.30802995583941,209416000
2021-04-29,15.268426895141602,15.379765830719082,15.016107543211453,15.34340000196832,173196000
2021-04-30,14.954336166381836,15.308529842071689,14.941882296807739,15.118730665369561,201912000
2021-05-03,14.782220840454102,15.190713824195964,14.73315219758806,15.069411410988684,203912000
2021-05-04,14.298502922058105,14.583700949045891,13.958756633234461,14.583452004723556,405324000
2021-05-05,14.40535831451416,14.759054021385886,14.334619173139814,14.654937338900202,292024000
2021-05-06,14.469622611999512,14.517695473850004,14.165744240795117,14.441974587843967,193380000
2021-05-07,14.757811546325684,14.915728739355696,14.617827849292928,14.7538265361417,229328000
2021-05-10,14.213318824768066,14.751583061695198,14.197626779371475,14.732901783793752,268904000
2021-05-11,14.253670692443848,14.301992504029124,13.699465425742892,13.774189592576713,285584000
2021-05-12,13.707931518554688,14.207837357510233,13.658862883776619,13.958008435105357,303408000
2021-05-13,13.615026473999023,14.029000041847352,13.409534306407398,13.98217189732555,285404000
2021-05-14,14.190653800964355,14.275341444847527,13.697971040090284,13.838951467039104,258616000
2021-05-17,14.113436698913574,14.11717276437191,13.802584080647618,14.104967840462367,216980000
2021-05-18,13.96423625946045,14.351308574282077,13.952529225125941,14.214563077949034,186256000
2021-05-19,14.014055252075195,14.02775479367314,13.493475521861324,13.516639700292195,344000000
2021-05-20,14.558795928955078,14.62978403099266,14.21805284914082,14.249934831389337,321592000
2021-05-21,14.936652183532715,15.166056327513427,14.81485187119772,15.10801998185376,672992000
2021-05-24,15.554620742797852,15.687131342210156,15.120222378827417,15.156588205382036,554816000
2021-05-25,15.590240478515625,15.760362594796842,15.425597988720599,15.708055773561385,435408000
2021-05-26,15.642297744750977,15.735703186240535,15.528966303165006,15.676422124487875,370440000
2021-05-27,15.431076049804688,15.692113190945143,15.403179081309112,15.642047824221699,581476000
2021-05-28,16.18479347229004,16.21767312523201,15.444027357726569,15.444027357726569,644536000
2021-06-01,16.204723358154297,16.328019228538366,15.844801122756069,16.210203934751263,472804000
2021-06-02,16.71657943725586,16.856564032625176,16.17582496751519,16.192513735506356,594168000
2021-06-03,16.907381057739258,17.195569308836276,16.522053197728837,16.63937060204186,580008000
2021-06-04,17.513647079467773,17.59609137456024,17.03267134906249,17.049607167748274,617120000
2021-06-07,17.554243087768555,17.7470324200021,17.12956115972956,17.5066700158796,575756000
2021-06-08,17.392841339111328,17.556736040763386,17.18759717009018,17.462832709701473,323848000
2021-06-09,17.298416137695312,17.5144200997862,17.196270441472134,17.45537445495699,381656000
2021-06-10,17.36493682861328,17.43170722377166,17.116796462616325,17.29019648734641,287772000
2021-06-11,17.763809204101562,17.877416579612827,17.38362394384522,17.419250155413216,416308000
2021-06-14,17.956636428833008,17.97731494669159,17.601864607504492,17.84427598888684,321376000
2021-06-15,17.72718620300293,17.954151966900646,17.666895541106463,17.85325126082189,243032000
2021-06-16,17.748859405517578,17.892862060192925,17.523887570749032,17.7294277906978,307124000
2021-06-17,18.592937469482422,18.770074396069546,17.69504416542192,17.713230770641097,809656000
2021-06-18,18.57450294494629,19.308215040452524,18.519941225336265,18.71925259251508,968856000
2021-06-21,18.363727569580078,18.47260198225136,17.76131158192782,18.37169941417833,672384000
2021-06-22,18.82164764404297,18.898383795362612,18.32262411331532,18.407830114038756,580144000
2021-06-23,18.991561889648438,19.0867336597578,18.84257729781816,18.942232994544018,332356000
2021-06-24,19.13929557800293,19.3530565919672,19.022449314340957,19.161470004367036,320924000
2021-06-25,18.965402603149414,19.27881936597167,18.829373695027133,19.214042880819722,278364000
2021-06-28,19.916112899780273,20.009539746281707,19.25240821728546,19.294512263445398,495436000
2021-06-29,19.957717895507812,20.029468310884855,19.58924145905206,19.81396426181728,367632000
2021-06-30,19.933555603027344,20.09300396046819,19.795283772661914,19.93031668352851,326568000
2021-07-01,20.142330169677734,20.38548859722356,19.949994640023817,20.055630160644014,480136000
2021-07-02,20.416378021240234,20.43456652516882,20.217815593150004,20.369790056845883,342764000
2021-07-06,20.627153396606445,20.77015813867355,20.280104352666278,20.666018525350328,446708000
2021-07-07,20.301528930664062,20.8030443612869,20.261916799534852,20.78161883623467,418428000
2021-07-08,19.83414649963379,20.063602249461436,19.632843115344528,19.788056528694977,503300000
2021-07-09,19.98113250732422,20.011029776539825,19.686153340670238,19.893685513393702,296624000
2021-07-12,20.441795349121094,20.46197396708829,20.118163846582572,20.170233652591747,321984000
2021-07-13,20.180198669433594,20.390720799183015,20.044667777946696,20.330179245184596,290708000
2021-07-14,19.773107528686523,20.347371324645856,19.684664506102898,20.287578671273554,380100000
2021-07-15,18.900875091552734,19.778589906396334,18.793496553631783,19.743461697812513,550564000
2021-07-16,18.098400115966797,19.090967290639107,18.010704097196164,18.964904144857933,688224000
2021-07-19,18.715017318725586,18.976362343498174,17.803917401134495,17.853497190988364,749060000
2021-07-20,18.54784393310547,18.773064743639477,18.101388235116307,18.665437217414535,434687000
2021-07-21,19.343093872070312,19.459691152678595,18.677397187844907,18.816914001718725,371017000
2021-07-22,19.52645492553711,19.81844415855121,19.209550352543133,19.574289793246418,323826000
2021-07-23,19.490581512451172,19.632092217078913,19.18364266714778,19.58824326752879,195672000
2021-07-26,19.227493286132812,19.374981936997983,18.848802099805674,19.244434884003283,203943000
2021-07-27,19.141788482666016,19.554360946532352,18.676397315586588,19.198591207828677,248863000
2021-07-28,19.43577766418457,19.5782844245796,18.929529207405572,19.25241185691331,202191000
2021-07-29,19.594226837158203,19.78456845561129,19.261376580692936,19.451718199146022,190781000
2021-07-30,19.43178939819336,19.562336470219837,19.1966028063269,19.35106731996473,183497000
2021-08-02,19.681922912597656,19.892196048997913,19.29426383352367,19.632096019964017,217444000
2021-08-03,19.7466983795166,20.152295043077654,19.153748123448008,19.67195614363054,301811000
2021-08-04,20.204116821289062,20.247965779199756,19.759653109158858,19.9210953580706,231309000
2021-08-05,20.56586265563965,20.66153240927619,20.271879455166875,20.429335766295853,211435000
2021-08-06,20.295793533325195,20.499090775757196,20.14033115979174,20.4532498183851,178497000
2021-08-09,20.225048065185547,20.437313251264435,20.073571547056734,20.375526676723766,146443000
2021-08-10,19.867280960083008,20.35957761344973,19.766627375953473,20.25195008967123,179238000
2021-08-11,19.631099700927734,19.979893679889088,19.363027803581907,19.973913844041807,185925000
2021-08-12,19.836387634277344,19.959958849718042,19.552370188713052,19.801508432244812,151652000
2021-08-13,20.118412017822266,20.1443233694404,19.782573757798062,19.836388472220936,183063000
2021-08-16,19.881237030029297,20.217075350798737,19.38594844911108,20.06559883916075,210876000
2021-08-17,19.39093017578125,19.70185501306102,19.2005885511107,19.61714701214786,204585000
2021-08-18,18.974374771118164,19.566327264099343,18.934511728791065,19.432788353232937,285913000
2021-08-19,19.72975730895996,20.424355275719023,18.697327164065186,19.42680433496521,766555000
2021-08-20,20.744247436523438,20.79307832111632,19.86429170671667,19.922090443139417,675741000
2021-08-23,21.88231086730957,21.921175993171637,20.877786025238045,20.89871354691562,575807000
2021-08-24,21.717880249023438,21.8833084230163,21.46077013569365,21.678019114764727,297299000
2021-08-25,22.13643455505371,22.392548685209118,21.647127731975118,21.66207542103675,347701000
2021-08-26,21.991933822631836,22.262995617571487,21.71489219229339,22.12347879676051,237940000
2021-08-27,22.5579776763916,22.643681691661413,22.090594367409157,22.107535969309836,304722000
2021-08-30,22.609792709350586,22.963568544992565,22.47326582404602,22.751303423762153,262580000
2021-08-31,22.311777114868164,22.620762547931086,22.047644559274826,22.620762547931086,259850000
2021-09-01,22.367591857910156,22.622754957763057,22.28386700045794,22.41144855038439,201767000
2021-09-02,22.322734832763672,22.51909087939799,22.222065406056725,22.4443354699411,187834000
2021-09-03,22.76827049255371,22.910802324236958,22.127374389935948,22.251965457669577,280532000
2021-09-07,22.587865829467773,22.82409003815894,22.448322522567985,22.758305960984877,198107000
2021-09-08,22.26592254638672,22.53603592576677,21.905105352001236,22.439353122725205,254434000
2021-09-09,22.104455947875977,22.464275126748724,22.058606891844985,22.239014571951014,196856000
2021-09-10,22.404470443725586,22.55198511877038,22.197150672313043,22.2748946360381,248376000
2021-09-13,22.07953643798828,22.88888048395177,21.786497552074803,22.609795740171823,297500000
2021-09-14,22.169240951538086,22.336690647857136,22.013751133052175,22.202132041411108,199755000
2021-09-15,22.267919540405273,22.293835464685625,21.894146209939382,22.236024626845165,166538000
2021-09-16,22.169240951538086,22.204126304937887,21.855270869830687,22.11043394136282,156033000
2021-09-17,21.828359603881836,22.247981943060058,21.758588894411496,22.227050730218956,294503000
2021-09-20,21.043933868408203,21.362886747600268,20.594409012672557,21.076824957284188,349440000
2021-09-21,21.17650032043457,21.35491372577289,20.88146906785273,21.3469404733302,204688000
2021-09-22,21.869230270385742,21.888167223452875,21.12666635278142,21.296110353375784,268726000
2021-09-23,22.4084529876709,22.461279102173783,21.81838869165872,22.067570844468374,248555000
2021-09-24,22.00876808166504,22.076546431149566,21.789488429342764,21.997804384215325,217655000
2021-09-27,21.589147567749023,21.72769282238247,21.255244302712523,21.63898325171852,245215000
2021-09-28,20.631284713745117,21.34893052299368,20.58344140631402,21.144601235884615,343069000
2021-09-29,20.44988250732422,20.94824684688675,20.400044932702517,20.87149907318932,218394000
2021-09-30,20.648229598999023,20.997084994573704,20.620321319441768,20.700059532620926,221009000
2021-10-01,20.674148559570312,20.79076450155357,20.13691029679446,20.68212181172919,240978000
2021-10-04,19.667449951171875,20.474799620417603,19.49102893557556,20.436923825487426,345635000
2021-10-05,20.384098052978516,20.58045410102996,19.789050920867343,19.884737541485297,279282000
2021-10-06,20.632286071777344,20.652219202114356,20.014313404708272,20.054183467600772,297202000
2021-10-07,21.006059646606445,21.252251394930184,20.90339594423825,21.023002332349666,256919000
2021-10-08,20.762855529785156,21.136628803152057,20.707038964304342,21.031972742875528,151258000
2021-10-11,20.627304077148438,20.994100339135553,20.44390594615488,20.507697674953654,163388000
2021-10-12,20.603376388549805,20.98811330819256,20.460844548765365,20.759862367878053,162134000
2021-10-13,20.870500564575195,20.921334319318166,20.645240054992183,20.84956935399439,180652000
2021-10-14,21.674861907958984,21.68383134051635,21.052902671473788,21.218359995410317,243589000
2021-10-15,21.790485382080078,21.859259915283243,21.5911407550322,21.73865543684794,226994000
2021-10-18,22.14930534362793,22.218079867426876,21.573195134718436,21.677853093300257,189494000
2021-10-19,22.217084884643555,22.305792542429998,21.964912250814812,22.203128841785272,161473000
2021-10-20,22.030696868896484,22.359617290338466,21.910092397516213,22.23203574791411,146276000
2021-10-21,22.61777114868164,22.636710001159347,22.010764006896952,22.02471815036075,187590000
2021-10-22,22.651655197143555,23.054332903700523,22.487195958001656,22.74833799814001,249384000
2021-10-25,23.090219497680664,23.27860041757706,22.69551498837549,22.897850050486433,230235000
2021-10-26,24.636146545410156,25.176375311741033,23.845741281251218,23.9105291901344,485898000
2021-10-27,24.371013641357422,25.00792321942295,24.20256586759915,24.393939116260093,245990000
2021-10-28,24.859411239624023,24.868382573846535,24.442779360511576,24.79661760339399,234204000
2021-10-29,25.48336410522461,25.624899789420567,24.918219450808614,24.91921563206718,292503000
2021-11-01,25.74251365661621,25.809293921603484,25.144476013269458,25.565096437115333,265740000
2021-11-02,26.314632415771484,26.590726680343938,25.71559865861731,25.737527951466095,294112000
2021-11-03,26.510990142822266,26.69638250653968,26.149178650654214,26.582755112755702,239910000
2021-11-04,29.703516006469727,31.26239905171974,27.02929203332066,27.139928992611882,1153631000
2021-11-05,29.654674530029297,31.297282321186877,29.313792339899493,30.088251003295557,851260000
2021-11-08,30.703231811523438,30.998263036065406,29.809164902811037,30.05037382681619,503101000
2021-11-09,30.556711196899414,32.20430550943804,29.86597932140083,32.17639722764453,646746000
2021-11-10,29.36263084411621,30.74908123163005,28.683858832683175,29.25996904882886,636206000
2021-11-11,30.290584564208984,30.489931064518142,29.679590905724567,30.368330421751022,332172000
2021-11-12,30.290584564208984,30.57963679954635,29.53307052458696,29.911828494952534,413054000
2021-11-15,29.92677879333496,30.54375334062734,29.15132398754459,30.45205524331211,384909000
2021-11-16,30.104198455810547,30.29058701140295,29.608824510774056,29.661652535322734,264484000
2021-11-17,29.165283203125,30.409201930373957,28.705790752092632,30.31849809734663,428508000
2021-11-18,31.571380615234375,32.65283033546003,31.218538566380822,32.26111820971524,781711000
2021-11-19,32.87710189819336,32.97976560905506,31.800634810586825,32.13752850967371,533867000
2021-11-22,31.85146141052246,34.533658301488515,31.795644847195604,33.40735381658586,754335000
2021-11-23,31.64215087890625,32.25414264484403,30.77898266433961,31.431840673643133,532163000
2021-11-24,32.567115783691406,32.74752344863697,30.82682705345173,31.358084433513884,435162000
2021-11-26,31.39995002746582,32.60300060926562,31.247450631165712,32.493359824591494,283069000
2021-11-29,33.266815185546875,33.30269671767384,31.93119862998533,32.26012091262168,454964000
2021-11-30,32.5691032409668,33.24389046679486,31.759761224855104,33.06049048348585,622066000
2021-12-01,31.336000442504883,33.18416358693001,31.281173351154255,33.114384343880765,484368000
2021-12-02,32.02482604980469,32.37571869369958,30.927293561836475,31.11569943003582,472890000
2021-12-03,30.596343994140625,32.027822639120906,30.035115336865402,31.899227266863253,544325000
2021-12-06,29.94240951538086,30.145765658155717,27.94970412663919,29.785902441906565,658938000
2021-12-07,32.32487487792969,32.34680875654143,30.554469012712545,30.859506976245633,593053000
2021-12-08,31.72577476501465,32.18831425036044,31.322049493917223,31.898230293439173,475551000
2021-12-09,30.393980026245117,32.103581165831095,30.33217500414839,31.634061878266106,488507000
2021-12-10,30.102901458740234,31.206415682530494,29.766962833942674,31.051903118678588,488825000
2021-12-13,28.072311401367188,30.198595232835125,28.027453044551194,30.15373687601913,598344000
2021-12-14,28.247760772705078,28.587686497132797,27.16418406880267,27.611769480974516,667035000
2021-12-15,30.36307716369629,30.40394841022342,27.750331012948195,28.310561418103585,698297000
2021-12-16,28.2976016998291,31.061869576386897,28.004528853648427,31.053895348302806,707366000
2021-12-17,27.71345329284668,28.830923474166912,27.672582039666786,27.896873879142326,713758000
2021-12-20,27.631704330444336,28.055365116089646,27.059512623643005,27.219008583039486,461847000
2021-12-21,28.98343849182129,29.028296854991318,27.31470852270142,28.284645850680768,524385000
2021-12-22,29.307415008544922,29.461927576880676,28.359409624344213,28.80001904458484,395184000
2021-12-23,29.546653747558594,29.9643348089571,29.338312319080405,29.661291348376615,343022000
2021-12-27,30.847549438476562,30.989102457785446,29.54665876702278,29.566596240467327,403686000
2021-12-28,30.226512908935547,31.231338018752773,29.917487766927692,31.213395052745707,420591000
2021-12-29,29.906518936157227,30.451797181054715,29.273518478931255,30.177663603854032,343139000
2021-12-30,29.492826461791992,30.361083746132028,29.446971799242743,29.733066714604764,308864000
2021-12-31,29.318382263183594,29.9354343785165,29.238634264128304,29.58055454684799,266530000
2022-01-03,30.026142120361328,30.61428422261977,29.69119982289277,29.721106030264906,391547000
2022-01-04,29.1977596282959,30.372049319821922,28.25972307978426,30.18165084016446,527154000
2022-01-05,27.51706886291504,29.323362739600288,27.446293309746405,28.857832469761814,498064000
2022-01-06,28.089263916015625,28.348445375941616,26.97976990821359,27.55295802996534,454186000
2022-01-07,27.161191940307617,28.33249270432617,26.971789766731415,28.052377508601495,409939000
2022-01-10,27.313711166381836,27.382494114013422,25.5632406683439,26.497290128969677,594681000
2022-01-11,27.72939682006836,27.976616901866414,26.754478046594247,27.236953065488187,404089000
2022-01-12,27.910823822021484,28.504945618330236,27.52105444566208,27.978608560513216,383413000
2022-01-13,26.491308212280273,28.390307586035668,26.414549141387052,28.289625832276567,540171000
2022-01-14,26.85715675354004,27.111354801279813,26.127461534880105,26.217178269218586,395832000
2022-01-18,25.82142448425293,26.554110383396345,25.688843914417376,26.177300546732358,424270000
2022-01-19,24.988059997558594,26.45941170270569,24.973107843056518,25.996874104337753,488315000
2022-01-20,24.073945999145508,25.49844661807642,24.002172240904777,25.22431303336184,435181000
2022-01-21,23.300390243530273,24.74482640351697,23.189739748176777,23.432970816782724,718958000
2022-01-24,23.29839515686035,23.30636938474509,20.822218672511546,22.259676871868574,913982000
2022-01-25,22.253698348999023,22.870750425042836,21.93071925859125,22.474999365021613,664616000
2022-01-26,22.700281143188477,23.98123400750133,22.22976753998485,23.166807633010286,755959000
2022-01-27,21.874895095825195,23.919436763705882,21.606741215717612,23.493781409014357,573353000
2022-01-28,22.7680721282959,22.78601509261585,21.22893388945279,21.94267865750041,543774000
2022-01-31,24.408891677856445,24.431819963911636,22.979407443957587,23.108997226913345,564680000
2022-02-01,24.560407638549805,25.065810904904282,23.814762231762714,25.024939661803632,518925000
2022-02-02,25.162508010864258,25.735696069563566,24.475676742278374,25.712769688020778,543419000
2022-02-03,23.872587203979492,24.99803167047953,23.70511696959125,24.380981431526827,410178000
2022-02-04,24.242416381835938,24.557421239348365,23.557579565128698,23.896509010672386,354829000
2022-02-07,24.650129318237305,25.102698190128145,24.125784779344208,24.29524950581425,376868000
2022-02-08,25.0289306640625,25.150546207819467,23.90448265925914,24.282288838178633,410359000
2022-02-09,26.620901107788086,26.640838580536943,25.27315951224319,25.54131148574977,524282000
2022-02-10,25.74267578125,26.84020840080806,25.519382164128384,25.913138706568642,513200000
2022-02-11,23.873580932617188,26.06964442204501,23.698136487325115,25.83438755548586,605472000
2022-02-14,24.19057846069336,24.79666354683214,23.680189818886806,23.85862696314563,440424000
2022-02-15,26.411563873291016,26.461405654812495,24.705951642944154,24.870431043038703,699869000
2022-02-16,26.427509307861328,26.498286759029188,25.471529825588878,26.176304019794223,732676000
2022-02-17,24.429826736450195,25.70380215677522,24.088904647146872,25.549289571656853,810595000
2022-02-18,23.56754493713379,24.90731216889236,23.02725202902934,24.59031284874341,761255000
2022-02-22,23.316341400146484,23.988218678165815,22.92757016662024,22.9624597952012,633422000
2022-02-23,22.31650161743164,24.07893566959685,22.23077389493765,23.727046641189006,566511000
2022-02-24,23.6732120513916,23.72504833875335,20.82421265561137,20.94881900592277,735801000
2022-02-25,24.080923080444336,24.140733592878306,23.30736782876033,23.646297234789348,528866000
2022-02-28,24.30820655822754,24.587325461796915,23.632342229680074,23.91644455057124,477319000
2022-03-01,23.403066635131836,24.300233919081215,23.059153777179308,24.214504305072836,412056000
2022-03-02,24.147842407226562,24.336280413234043,23.34524228336605,23.685225970986814,389642000
2022-03-03,23.64335060119629,24.2535268091343,23.399079682408747,24.18971640143085,365095000
2022-03-04,22.867664337158203,23.609447114971164,22.41501653226553,23.314329501450473,431415000
2022-03-07,21.288381576538086,22.96437474060364,21.266447763904743,22.749016800661877,450821000
2022-03-08,21.449907302856445,22.30634749936782,20.588480936976687,21.24551809708056,557467000
2022-03-09,22.9454288482666,23.150814439662312,22.180713956250962,22.3202962123776,492742000
2022-03-10,22.590496063232422,22.72010791806969,21.816807022974896,22.46387362746883,428066000
2022-03-11,22.034156799316406,23.076043457185644,21.980316832138143,22.953408821575593,367209000
2022-03-14,21.26645278930664,22.19567534891805,21.095962710522347,21.80384653913913,385354000
2022-03-15,22.904550552368164,22.96935741459522,21.25847070445962,21.453885862253337,491996000
2022-03-16,24.423017501831055,24.523716417538445,23.102962788581674,23.429984670978083,671422000
2022-03-17,24.69221305847168,24.767984935801795,23.83477472930563,24.04813783867153,471941000
2022-03-18,26.374187469482422,26.489842995481,24.55063805480904,24.72511591515251,730719000
2022-03-21,26.65435218811035,27.071108036211722,25.889637069261166,26.42802919116261,591727000
2022-03-22,26.444974899291992,27.156848316591432,25.994321917033023,26.647369201302396,547007000
2022-03-23,25.557628631591797,26.532713584181124,25.49880439684632,26.04816147769014,502120000
2022-03-24,28.066131591796875,28.23562518243766,25.829814189665502,26.08804332010231,877379000
2022-03-25,27.609495162963867,28.273511278243372,27.189749942659294,27.802917411678866,579016000
2022-03-28,28.134923934936523,28.165831710193313,27.12494158890915,27.673304055239864,425494000
2022-03-29,28.570621490478516,28.85975646589663,27.896634994206327,28.60950485138546,488984000
2022-03-30,27.60750389099121,28.411102336887122,27.421060745065915,28.21967492416321,463487000
2022-03-31,27.204708099365234,28.163841976043138,27.188756923217856,27.699230691592014,523440000
2022-04-01,26.632415771484375,27.414080364707395,26.188741881916698,27.293440575757664,517235000
2022-04-04,27.278484344482422,27.475894378510496,26.533710211634048,26.648367352938315,397120000
2022-04-05,25.853742599487305,27.237607768198263,25.743073244909805,27.17280089255996,436615000
2022-04-06,24.334285736083984,25.22462494159722,23.93149001085727,24.859716112456148,703833000
2022-04-07,24.135875701904297,24.648344247170577,23.40805109513817,24.36818131196346,557992000
2022-04-08,23.050121307373047,23.851726811207488,22.993291917921837,23.84574416968649,524781000
2022-04-11,21.851699829101562,22.253499000395795,21.595465570939584,22.147815823189774,575207000
2022-04-12,21.439931869506836,22.65729475827579,21.218593162457935,22.46985514903304,662258000
2022-04-13,22.1368465423584,22.432962530129032,21.39107597210752,21.66326329916609,516943000
2022-04-14,21.19466209411621,22.70913730080681,21.09994582726885,22.437946450799743,569097000
2022-04-18,21.718101501464844,22.02219119866503,21.016198500677564,21.13683828693259,525701000
2022-04-19,22.131860733032227,22.306338557655973,21.250493846316246,21.655284301108995,512781000
2022-04-20,21.417997360229492,22.602457585796717,21.1368379554735,22.449913552276662,468974000
2022-04-21,20.122873306274414,22.325292100354226,19.94041791941847,21.644326265512817,656209000
2022-04-22,19.456857681274414,20.424965416989473,19.441902979823055,20.24251007228569,624713000
2022-04-25,19.84270668029785,19.885577840769354,19.039108228053102,19.14479141968029,641566000
2022-04-26,18.732025146484375,19.72904585331805,18.614376672651343,19.659254708106264,653143000
2022-04-27,18.360137939453125,19.109896444638807,18.235510346277362,18.542591397089467,499460000
2022-04-28,19.72306251525879,19.977303851455268,18.43491199008361,18.910490135420694,570327000
2022-04-29,18.491743087768555,20.06803212955995,18.46183178332937,19.344195296792407,500435000
2022-05-02,19.47480583190918,19.515682143130196,18.336208020718836,18.48576074197281,572049000
2022-05-03,19.54360008239746,19.76593718597662,19.075997486229383,19.342202225014407,475751000
2022-05-04,20.27341651916504,20.33921986356432,18.695132726502678,19.863641752299557,648855000
2022-05-05,18.78785514831543,19.865633741473076,18.444880215286258,19.807807888219486,626331000
2022-05-06,18.619354248046875,19.453860173269426,17.936395841773244,18.68017331082638,633297000
2022-05-09,16.899499893188477,18.200610175903677,16.776865264300895,17.980269856071814,644455000
2022-05-10,17.54257583618164,18.1437798648561,16.974274428777502,17.636295630660026,761474000
2022-05-11,16.58045196533203,17.70010720962238,16.518638315122686,17.295316703632178,670167000
2022-05-12,16.126806259155273,16.73798070919897,15.520618927510899,16.170675786077656,708728000
2022-05-13,17.65324592590332,17.874584618378165,16.54356304480127,16.737981755398717,670437000
2022-05-16,17.212560653686523,17.734999526687567,17.05503238408511,17.456831495925755,521446000
2022-05-17,18.122840881347656,18.31626309329952,17.581459503770265,18.020147135380373,585830000
2022-05-18,16.887537002563477,18.06402177879582,16.813758061200716,17.6522521071145,545161000
2022-05-19,17.072982788085938,17.634305160902688,16.68414342710916,16.886539645818328,621310000
2022-05-20,16.644271850585938,17.358138621130948,15.70806883166344,17.280371851332426,739105000
2022-05-23,16.847658157348633,16.86460770868563,16.130800340603695,16.225516631801014,639889000
2022-05-24,16.105873107910156,16.54755410720824,15.732987737093548,16.460813405318188,588550000
2022-05-25,16.9244327545166,17.06002729824065,15.952336847536499,15.972277724995937,781132000
2022-05-26,17.79781723022461,18.038098454950646,15.97426580795554,15.988224037593847,996575000
2022-05-27,18.754955291748047,18.82474642934616,18.046073205336302,18.1318174179565,738379000
2022-05-31,18.616369247436523,19.14279599466487,18.295328116993222,18.923450248875827,664100000
2022-06-01,18.265417098999023,18.99623300147652,18.06800706571725,18.668214653926945,544514000
2022-06-02,19.533626556396484,19.560546538437922,18.14378074438324,18.237500543404728,648656000
2022-06-03,18.66422462463379,19.274402636121195,18.466814594887644,19.025147490431646,598779000
2022-06-06,18.73002815246582,19.27938709229923,18.508689459205605,19.081977060607624,422406000
2022-06-07,18.869611740112305,18.94339066834296,18.133809698571795,18.416963933581936,388914000
2022-06-08,18.596372604370117,19.12689931949138,18.4836845843309,18.74695362356912,363252000
2022-06-09,17.998029708862305,18.880579582283133,17.991049120633004,18.42983139770459,395574000
2022-06-10,16.9270076751709,17.648005592341615,16.822296926639886,17.551274019304014,465248000
2022-06-13,15.603679656982422,16.266838484183843,15.562792805356883,15.955702020878928,604153000
2022-06-14,15.792156219482422,16.021518975223227,15.369329385877796,15.687446432401757,469680000
2022-06-15,16.48124885559082,16.82130447221136,15.881911815742903,16.050443647151294,563936000
2022-06-16,15.557806968688965,15.897863432906357,15.358360878066698,15.816089727372347,545749000
2022-06-17,15.83603572845459,15.950717118320277,15.285563915858456,15.604677679322638,630334000
2022-06-21,16.5201358795166,16.960911609240924,16.361575686273117,16.429388214877477,483089000
2022-06-22,16.31471061706543,16.615874624972886,16.135208613375514,16.181080798165386,437135000
2022-06-23,16.180084228515625,16.539086336361255,15.80911335486878,16.473269061348233,463680000
2022-06-24,17.078584671020508,17.09254584996885,16.26484385133375,16.454318352824092,472153000
2022-06-27,16.822294235229492,17.28201830452183,16.579966999575007,17.264068491152564,427968000
2022-06-28,15.937753677368164,17.154375384027293,15.90085545872729,16.85321143493184,461149000
2022-06-29,15.498970985412598,15.776201206281394,15.128001145361374,15.770218251263673,482352000
2022-06-30,15.117032051086426,15.523902477901675,14.820854376855518,15.318472470620367,686070000
2022-07-01,14.482791900634766,15.021296837715987,14.352155016267275,14.857751323588166,577610000
2022-07-05,14.922569274902344,14.929549863734284,14.016086557176527,14.13575420188145,651397000
2022-07-06,15.088113784790039,15.276590681067619,14.74805726364274,14.968446110382747,529066000
2022-07-07,15.814094543457031,15.900853564352674,15.346393177463765,15.413208065905915,492903000
2022-07-08,15.794150352478027,15.992599747893234,15.346393120597432,15.387279970974781,467972000
2022-07-11,15.110053062438965,15.484014898410512,14.996368344756148,15.483017263609451,437321000
2022-07-12,15.040244102478027,15.388277846313347,14.835811736826283,15.225729017833062,458483000
2022-07-13,15.122016906738281,15.332433178961859,14.424952733218012,14.549606661502255,521918000
2022-07-14,15.32944393157959,15.430164156027939,14.687226726452822,15.066174849443637,456235000
2022-07-15,15.718362808227539,15.73830694346338,15.40224003829484,15.615648276832916,385935000
2022-07-18,16.056421279907227,16.850216937133126,15.957696353307478,16.25686498780902,670517000
2022-07-19,16.94495964050293,17.062632997757373,16.127230046583808,16.44035994202508,702366000
2022-07-20,17.7576961517334,17.883348644030917,16.7544828947443,16.900078566553773,760538000
2022-07-21,18.000024795532227,18.093764403863,17.49642380939711,17.835482614701714,557049000
2022-07-22,17.271055221557617,17.917260145054595,17.08955795011608,17.843465596264313,536671000
2022-07-25,16.976865768432617,17.076589278551587,16.602904032037294,16.971878546789405,480748000
2022-07-26,16.487220764160156,16.872151603555817,16.43237275583495,16.842233989360118,397865000
2022-07-27,17.740745544433594,17.886341221329417,16.866172897497414,16.984842903526864,569776000
2022-07-28,17.934207916259766,18.089776144359217,17.391715338129444,17.925233960102176,474646000
2022-07-29,18.112712860107422,18.19348797443547,17.643016231379985,17.763681512135797,435460000
2022-08-01,18.389944076538086,18.79382347486427,17.940192505913,18.13166037008038,476469000
2022-08-02,18.474706649780273,18.885566611126666,18.041908238318054,18.071825862895118,489527000
2022-08-03,18.8406925201416,18.915485636087563,18.08678506318179,18.133655821615758,418146000
2022-08-04,19.161802291870117,19.220638962108396,18.708062062276774,18.796816360490926,409652000
2022-08-05,18.936426162719727,19.17576145516048,18.614320486775554,18.757920901412877,386068000
2022-08-08,17.743738174438477,18.188504443935763,17.19426496293747,17.45354536402082,981859000
2022-08-09,17.038698196411133,17.398698836090517,16.677700873007122,17.20423899397108,668263000
2022-08-10,18.046897888183594,18.067839657584745,17.269056663137828,17.64900236749365,597422000
2022-08-11,17.89232635498047,18.65520971795895,17.82650909360647,18.080804181955322,509327000
2022-08-12,18.657203674316406,18.66617953381499,17.903296146751718,18.109723796605994,478094000
2022-08-15,18.97930908203125,19.110943606719005,18.56147037086015,18.649226086629287,457666000
2022-08-16,18.82672882080078,19.089001131232823,18.449775142788685,18.867615667988698,451240000
2022-08-17,18.28424072265625,18.63626412135766,18.094768085558428,18.471721894186565,446799000
2022-08-18,18.721023559570312,18.812767894027008,18.132656951420675,18.2503302730506,415447000
2022-08-19,17.799585342407227,18.468727183536906,17.72080358497965,18.355042477008766,441588000
2022-08-22,16.986841201782227,17.509390657788362,16.91902867077679,17.441578126782925,409593000
2022-08-23,17.133432388305664,17.41664650068236,16.923016122259966,16.941964523094743,369986000
2022-08-24,17.174320220947266,17.357810823683003,16.84822587028311,16.96490062655106,522661000
2022-08-25,17.8634090423584,17.897315311031562,16.78639903354692,16.79736826116041,770691000
2022-08-26,16.214981079101562,17.874373512103524,16.19204404414736,17.80755957837467,769127000
2022-08-29,15.757253646850586,16.29276663412164,15.723348333249264,15.97564814658675,496132000
2022-08-30,15.425175666809082,15.994593942634191,15.13996723606161,15.915813141555713,530181000
2022-08-31,15.052210807800293,15.496976116815032,14.91758433882462,15.341407879469896,573710000
2022-09-01,13.898412704467773,14.340186004315418,13.233259619419709,14.169658975117944,1178865000
2022-09-02,13.609217643737793,14.131766129658757,13.55337197606146,14.060963550220945,743157000
2022-09-06,13.427721977233887,13.740852790055504,13.314037269416279,13.692985344440922,535751000
2022-09-07,13.680095672607422,13.803789664823167,13.313005420498245,13.529468955559182,512657000
2022-09-08,13.955412864685059,13.973368965250524,13.335948799799713,13.425725497360691,624873000
2022-09-09,14.351431846618652,14.438216654464224,14.091077423081934,14.121999969055892,486612000
2022-09-12,14.46914005279541,14.511036035425132,14.162898875313989,14.333476599142045,484159000
2022-09-13,13.098536491394043,13.887581309355834,13.06661601426547,13.767878093148786,714956000
2022-09-14,13.095544815063477,13.25714401689083,12.881076192438005,13.22123276604588,588507000
2022-09-15,12.897034645080566,13.200282946033923,12.75837836522552,12.982822462776163,523625000
2022-09-16,13.165369987487793,13.179335313818578,12.585806090810705,12.710497048087857,670751000
2022-09-19,13.348917007446289,13.429717086609914,12.977836924096026,12.97983183509863,569685000
2022-09-20,13.143424987792969,13.44966616014184,13.024719705664902,13.182329079094677,524818000
2022-09-21,13.228217124938965,13.996314062404092,13.0775903896323,13.180336402327288,807679000
2022-09-22,12.529946327209473,13.116492959222398,12.39727571074283,13.037687792673827,759162000
2022-09-23,12.485057830810547,12.579823238873681,12.22669830375946,12.389295442898492,663309000
2022-09-26,12.197768211364746,12.627703351069655,12.18380288466906,12.460118479404896,547343000
2022-09-27,12.38231372833252,12.704515189141288,12.227697172710009,12.476081212421443,553854000
2022-09-28,12.70451545715332,12.791300278328475,12.323459827939773,12.379321147074725,542414000
2022-09-29,12.189790725708008,12.469098260371657,11.916467924408922,12.417226765945308,532763000
2022-09-30,12.108988761901855,12.601767882452046,12.045146859340639,12.057117275528151,565638000
2022-10-03,12.48106861114502,12.646658600455845,12.075074233627726,12.316476553047927,547478000
2022-10-04,13.134448051452637,13.187317472632325,12.847159945252836,12.847159945252836,584182000
2022-10-05,13.176342964172363,13.2880665303076,12.58979733374113,12.87908032737509,507131000
2022-10-06,13.097539901733398,13.622239538294219,13.07060622540916,13.187317554392024,644157000
2022-10-07,12.046146392822266,12.638677792000106,11.992279988471251,12.474085736672928,672478000
2022-10-10,11.641148567199707,12.094025672565365,11.379796220873162,12.007240867482555,698699000
2022-10-11,11.557357788085938,11.816714298827332,11.255106408972765,11.532419021743818,667482000
2022-10-12,11.471569061279297,11.705987738753207,11.316952527256786,11.550374224944592,492590000
2022-10-13,11.930432319641113,12.048140628446744,10.786267640804748,10.943877022867374,850103000
2022-10-14,11.199246406555176,12.081060929547599,11.17630349988581,12.027194519781066,713432000
2022-10-17,11.858610153198242,11.918462240438945,11.48852799742512,11.48952497727775,580774000
2022-10-18,11.93741512298584,12.461116834509994,11.589277945577948,12.313482956867912,659362000
2022-10-19,12.021206855773926,12.319468398644798,11.804743321043421,11.84963214701234,523131000
2022-10-20,12.163851737976074,12.737429914885366,12.075071081844804,12.083051675521514,652398000
2022-10-21,12.4351806640625,12.467102092739703,11.85761257031653,12.068090417832614,609494000
2022-10-24,12.567853927612305,12.678579584853372,12.034176655941128,12.477079284905395,517457000
2022-10-25,13.228217124938965,13.267121222834982,12.632692848550477,12.662619370414102,505482000
2022-10-26,12.864116668701172,13.354899906667043,12.676581741774218,12.837183946889244,532953000
2022-10-27,13.143424987792969,13.803788998303101,13.089558589412318,13.59630304820485,583113000
2022-10-28,13.799798011779785,13.815759201014696,13.028709325811903,13.071603238162181,521040000
2022-10-31,13.463630676269531,13.803788166627177,13.264125332932366,13.743936087967768,486341000
2022-11-01,13.50951862335205,13.89057419579045,13.485577789770767,13.776855711937651,432817000
2022-11-02,13.186319351196289,14.174869538553562,13.17833970749939,13.815759886644688,672628000
2022-11-03,13.38782024383545,13.746930863679363,12.923970612064814,13.010755424842653,500065000
2022-11-04,14.121002197265625,14.193821673388257,13.663136398930058,13.95142241289194,612576000
2022-11-07,14.265645027160645,14.376370676305802,13.919503702415724,14.192825541805423,410061000
2022-11-08,14.565900802612305,14.854185888099915,14.18085444989022,14.764408236163073,595292000
2022-11-09,13.741942405700684,14.175867398651944,13.724984235954823,14.12698780032859,454414000
2022-11-10,15.711060523986816,15.734003424063605,14.51103468975513,14.763409444549325,700819000
2022-11-11,16.28663444519043,16.348481436653724,15.443724222491777,15.767920535169456,655487000
2022-11-14,16.254716873168945,16.499112040814346,15.882638829501316,16.177907561308043,527852000
2022-11-15,16.624797821044922,16.955975861509707,16.341499544736198,16.680659131421315,545876000
2022-11-16,15.870667457580566,16.32154969717503,15.833759225066268,16.122045274835585,649547000
2022-11-17,15.638243675231934,16.22578826120925,15.496594526959475,15.67614983892832,710894000
2022-11-18,15.370904922485352,15.962439267152297,15.082618903576678,15.926527067026893,492072000
2022-11-21,15.279132843017578,15.438737129847263,15.042718303446582,15.109553050431892,404739000
2022-11-22,15.998348236083984,16.018299245315394,15.0846125617215,15.290103580749188,472866000
2022-11-23,16.478158950805664,16.486140496528126,16.008324643497133,16.05820026675545,427241000
2022-11-25,16.229778289794922,16.44624088571978,16.1320209884095,16.277659960613633,167934000
2022-11-28,15.787873268127441,16.316563724326194,15.6861261407486,15.986380720692408,303741000
2022-11-29,15.600337982177734,15.892613862875352,15.48163268556751,15.787872943961405,298384000
2022-11-30,16.885482788085938,16.89246723894382,15.562422258629718,15.662199992090873,565298000
2022-12-01,17.097013473510742,17.226724437822572,16.5981219285695,16.96131529301092,470977000
2022-12-02,16.838586807250977,16.895461554561713,16.408542540886174,16.622068821587856,371389000
2022-12-05,16.57317543029785,16.95732209492753,16.435480895818028,16.64202269753776,352255000
2022-12-06,15.951555252075195,16.53625550550943,15.783927508680161,16.493351572776334,352694000
2022-12-07,16.08426284790039,16.150116510882306,15.632266127408133,15.737033837548465,372388000
2022-12-08,17.130937576293945,17.140915635032428,15.923619112619104,16.236924067023104,515456000
2022-12-09,16.96330451965332,17.54401482926612,16.937363096057506,17.121952377755747,465338000
2022-12-12,17.496124267578125,17.499117875319435,16.75976146929497,16.99922915428006,457328000
2022-12-13,18.031932830810547,18.748341354532826,17.67173314781312,18.48991481040543,656589000
2022-12-14,17.634815216064453,18.211534767204142,17.38137864220524,17.94712099776623,496888000
2022-12-15,16.914411544799805,17.281595599066822,16.662971407295746,17.107981627041802,478542000
2022-12-16,16.53426170349121,17.003220944622573,16.373619336340138,16.82661330300129,478232000
2022-12-19,16.21796417236328,16.57217667143344,16.109206574205285,16.53525994983705,354039000
2022-12-20,16.049339294433594,16.27384085919094,15.81685699546008,16.028385941930914,403260000
2022-12-21,16.464412689208984,16.590134671337612,16.066297202560737,16.07827163091564,325025000
2022-12-22,15.304993629455566,16.10222300797655,14.849007005999164,16.0583199304805,565045000
2022-12-23,15.172286987304688,15.304991533429133,14.850003158774006,15.162308930007534,349326000
2022-12-27,14.08969497680664,15.06652469064024,14.024838544585242,15.040582308063698,464902000
2022-12-28,14.004881858825684,14.230380640006066,13.853218422811985,13.896123310795858,351066000
2022-12-29,14.570624351501465,14.650446912717559,14.195458504097823,14.370070713593025,354923000
2022-12-30,14.581600189208984,14.59656632429452,14.20144437182903,14.302220281186143,310490000
2023-01-03,14.2832612991333,14.96275213841312,14.06474698864116,14.818073166185235,401277000
2023-01-04,14.716299057006836,14.820068566207876,14.20942594066625,14.534703367464905,431324000
2023-01-05,14.233373641967773,14.531710520758232,14.11663246222546,14.458872413551465,389168000
2023-01-06,14.826055526733398,14.976720759443683,14.002884868402322,14.441908902325604,405044000
2023-01-09,15.593351364135742,16.020401941381497,15.1074306292161,15.250114184790577,504231000
2023-01-10,15.873730659484863,15.926612657782302,15.437699200244237,15.472621454131234,384101000
2023-01-11,15.965523719787598,15.992464284529852,15.528495081310508,15.804881372380587,353285000
2023-01-12,16.47439193725586,16.600112025362304,15.45765118323187,16.06430389569738,551409000
2023-01-13,16.861539840698242,16.88448957174493,16.129167658137206,16.24191613364346,447287000
2023-01-17,17.66275405883789,17.68869739083552,16.861534824609727,16.861534824609727,511102000
2023-01-18,17.338478088378906,17.8333769022018,17.24368747395342,17.627834203643413,439624000
2023-01-19,16.727828979492188,17.158872284903268,16.693905869643526,16.998228042242104,452932000
2023-01-20,17.79945182800293,17.816414337109105,16.787699916065623,16.973286475081306,564967000
2023-01-23,19.150447845458984,19.202332601538465,17.77849636841415,18.023949346098004,655163000
2023-01-24,19.222291946411133,19.451783519320056,18.77827874521834,18.785263196880425,496204000
2023-01-25,19.280160903930664,19.327057588077132,18.538808102919397,18.87107002531869,449537000
2023-01-26,19.75809669494629,20.121289984084356,19.235258296776955,19.657320791237296,489535000
2023-01-27,20.319849014282227,20.582266410433473,19.36197832095678,19.41885115591402,542142000
2023-01-30,19.119518280029297,20.095348779096263,19.107543848870183,19.905771381530464,488611000
2023-01-31,19.493690490722656,19.643357585934556,18.907991875192625,19.127503487962052,498017000
2023-02-01,20.89657211303711,21.14501874822768,19.56752430206783,19.647346873400746,660477000
2023-02-02,21.66086769104004,21.90033534849852,20.654105914331332,20.953440010374486,564276000
2023-02-03,21.053218841552734,21.696789246514708,20.74290754825101,20.95344017438409,429366000
2023-02-06,21.04224395751953,21.522176520252494,20.73991434273434,20.759870457178742,452197000
2023-02-07,22.123844146728516,22.209653931499272,21.10311135974189,21.33459738007037,664150000
2023-02-08,22.155771255493164,22.827279543884256,21.959207503696422,22.33736696829217,559651000
2023-02-09,22.287477493286133,22.96896380674192,22.07095953858251,22.555882109825383,523876000
2023-02-10,21.217853546142578,22.02905079986804,20.76486152389426,21.641912436236254,550737000
2023-02-13,21.739694595336914,21.999118385629707,20.915525681631326,21.490248862723064,474919000
2023-02-14,22.920072555541992,22.99789874171555,21.318629492503824,21.530159368940577,675474000
2023-02-15,22.713531494140625,22.804329348665444,22.056991258302702,22.499008003095835,420575000
2023-02-16,21.95322036743164,22.50000383331045,21.878385888019974,22.083928543019674,412026000
2023-02-17,21.3405818939209,21.691800771351655,20.92849743532747,21.58304317749563,465888000
2023-02-21,20.609210968017578,21.44634980045972,20.57229233801295,20.953445458280317,410015000
2023-02-22,20.70798683166504,21.05721124102222,20.37572493019937,20.661092053593148,513184000
2023-02-23,23.61153793334961,23.835042267919597,22.97395461774742,23.388035501899783,1117995000
2023-02-24,23.234375,23.421959839225643,22.89612775467356,23.173511315975173,589716000
2023-02-27,23.44890022277832,23.82705973062597,23.40200543687523,23.617526191892537,452994000
2023-02-28,23.164525985717773,23.77217689153847,23.154547928957133,23.32018024556822,455963000
2023-03-01,22.647676467895508,23.204439895549427,22.45809718193452,23.140580708274207,460026000
2023-03-02,23.262313842773438,23.328167510652396,22.38226919901642,22.438146710867823,389415000
2023-03-03,23.8370361328125,23.847014191551843,23.078720796703625,23.26830010651087,412393000
2023-03-06,23.501781463623047,24.19424120106475,23.434928663312892,23.838034225602097,437429000
2023-03-07,23.240314483642578,24.07560049580581,23.193409839893587,23.5516758916116,515154000
2023-03-08,24.13148307800293,24.15044517574278,23.376033256322696,23.438903973884155,513573000
2023-03-09,23.388015747070312,24.403931047691355,23.3351228633312,24.12550106515551,501257000
2023-03-10,22.9179744720459,23.578619542231447,22.679463555166457,23.36106553205838,474866000
2023-03-13,22.91897201538086,23.2502929083055,22.251343209013474,22.70541142718648,421890000
2023-03-14,24.01372718811035,24.169407892174178,23.411961279895785,23.447888767567775,474910000
2023-03-15,24.178390502929688,24.236270399989948,23.31216782093887,23.71234578983034,524486000
2023-03-16,25.48870277404785,25.535605516897093,23.845073897032023,23.977802891862606,583253000
2023-03-17,25.672327041625977,26.34494677671912,25.615442640620632,25.928800789668877,848547000
2023-03-20,25.846965789794922,25.970712430849073,25.07854201438664,25.562549518958868,432747000
2023-03-21,26.145353317260742,26.337958914805075,25.329029397408142,26.126393120823032,547408000
2023-03-22,26.41380500793457,27.53250995771594,26.183277100976117,26.370891881444173,797295000
2023-03-23,27.13532257080078,27.442692460706514,26.635348987272323,27.059477978352234,564889000
2023-03-24,26.724164962768555,27.1113709568097,26.301033385062095,26.97564975875482,454920000
2023-03-27,26.476675033569336,26.944714568093122,26.311014571134052,26.782048221700336,361026000
2023-03-28,26.355926513671875,26.4587162651786,25.797073622443282,26.392851412554858,356104000
2023-03-29,26.92874526977539,27.022552652943062,26.542538581113224,26.77007235480998,393694000
2023-03-30,27.326932907104492,27.442696524698064,27.046508115727384,27.173248891114078,364516000
2023-03-31,27.720121383666992,27.777003872770962,27.04949655680014,27.08442473492415,433933000
2023-04-03,27.907739639282227,27.942667821784,27.280027855037655,27.452673959085395,398716000
2023-04-04,27.39678955078125,27.942670460474673,27.251088574745484,27.908739678999307,368592000
2023-04-05,26.82596206665039,26.942721186079208,26.340957083573166,26.774068490200907,515015000
2023-04-06,26.98164176940918,27.024552994988376,26.372890149473246,26.52956827718351,397654000
2023-04-10,27.52252960205078,27.564443419953324,26.614393073942708,26.768077072918704,395279000
2023-04-11,27.113367080688477,27.733095757858216,27.070453958606574,27.667230920271166,314378000
2023-04-12,26.440750122070312,27.4117573972983,26.393845475280525,27.313958486817846,446259000
2023-04-13,26.408817291259766,26.831948953111812,26.27509277834578,26.67926233700585,353615000
2023-04-14,26.703210830688477,26.827954885781043,26.166312310977247,26.44973120006375,395660000
2023-04-17,26.94671058654785,26.95070210668743,26.37887544680579,26.510605128627287,321471000
2023-04-18,27.610349655151367,28.05244337278638,27.30098493529646,27.476625156577658,604812000
2023-04-19,27.873811721801758,27.942670689641986,27.17624350095967,27.30497908731356,358660000
2023-04-20,27.04850196838379,27.972606485594795,26.944714827313312,27.614340416338198,427713000
2023-04-21,27.063472747802734,27.127342787585114,26.66728625337911,26.896814866617028,345103000
2023-04-24,26.98663330078125,27.309969340612152,26.61639260681385,26.957693346171588,339282000
2023-04-25,26.187267303466797,27.191207903080986,26.171301222877446,27.02255332861515,378527000
2023-04-26,26.900802612304688,27.27403733509567,26.65031712353252,26.946709851264895,406337000
2023-04-27,27.170249938964844,27.438700120455238,26.57048075680254,27.30697044349632,377161000
2023-04-28,27.692184448242188,27.70116489389645,27.015571252856407,27.1692571711631,292216000
2023-05-01,28.850805282592773,28.99850296142685,27.723119847489293,27.782996461743867,570329000
2023-05-02,28.152236938476562,28.776956510510566,28.025498077141993,28.621275795478528,402730000
2023-05-03,27.745071411132812,28.30891502450401,27.415747210218576,27.782993707204334,383387000
2023-05-04,27.50556755065918,27.80195842799496,27.184226337640972,27.594384121705687,321850000
2023-05-05,28.621274948120117,28.696120235561477,27.67421872062941,27.76902351276572,361494000
2023-05-08,29.091312408447266,29.160171374611277,28.291953765246245,28.4636005750586,344979000
2023-05-09,28.512496948242188,28.91367423632623,28.3917463228912,28.83982635316878,314869000
2023-05-10,28.825857162475586,29.053390963914687,28.402725530757564,28.94561039227481,369350000
2023-05-11,28.519481658935547,28.890721581405018,28.188162647959096,28.8368313012262,322149000
2023-05-12,28.281970977783203,28.72107056378974,27.988572349830026,28.470583157825374,274222000
2023-05-15,28.89371681213379,28.90968479771039,28.09435819789657,28.449628270125718,293926000
2023-05-16,29.153186798095703,29.808843106968173,28.772968267342456,28.781948713333726,449405000
2023-05-17,30.116209030151367,30.13716594058163,29.369741392303435,29.52342540212538,432535000
2023-05-18,31.613134384155273,31.76282685759254,30.25791527609372,30.34773114084469,748725000
2023-05-19,31.199979782104492,31.515332684942223,30.85269281769496,31.471422160629178,473908000
2023-05-22,31.112165451049805,31.455460948812917,30.617180758045432,30.837727010931786,372000000
2023-05-23,30.62516212463379,31.22393392865523,30.568279631249496,30.936523538862662,356253000
2023-05-24,30.475473403930664,30.54433236973777,29.744971827236576,30.14814396527104,721419000
2023-05-25,37.9022331237793,39.39916178020132,36.55998587698389,38.44412056648187,1543911000
2023-05-26,38.86625671386719,39.08979709643769,37.47311513309701,37.812419131021514,714397000
2023-05-30,40.028865814208984,41.852124379037896,39.86719878603495,40.51187589734803,923401000
2023-05-31,37.756526947021484,40.21248609510539,37.74455048395033,39.40713938095961,1002580000
2023-06-01,39.688568115234375,39.967993574032356,38.2614958531395,38.410189027460895,635873000
2023-06-02,39.24646759033203,40.41706590831205,38.978017431503446,40.014891275538574,482731000
2023-06-05,39.09079360961914,39.48398404045427,38.627743010740026,38.82932905392205,396094000
2023-06-06,38.57485580444336,39.07982029424169,38.06989131464503,38.75049794421731,388729000
2023-06-07,37.40213394165039,39.42220064737449,37.28336583715142,38.8393365135724,511998000
2023-06-08,38.435123443603516,38.78843525380602,37.43208020342754,37.650652361661095,417772000
2023-06-09,38.69461441040039,39.63378277087799,38.49201001557308,38.96109353851752,427717000
2023-06-12,39.40523910522461,39.45314612056553,38.54292044364982,39.123789673287696,388701000
2023-06-13,40.94224166870117,41.021090447407424,39.662736532909214,40.107868537313834,613208000
2023-06-14,42.91340255737305,42.91639507972652,40.47315286932789,40.744627187256896,740465000
2023-06-15,42.57007598876953,43.20484109231197,42.06505921158456,42.519176450195246,568622000
2023-06-16,42.60898971557617,43.635988226566326,42.578047952217986,43.36551525859182,655709000
2023-06-20,43.72282028198242,43.90446942443079,42.59102630942327,42.91439764756023,451153000
2023-06-21,42.961307525634766,43.53020280046162,41.998187390967416,43.416422222584046,551603000
2023-06-22,42.94134521484375,43.3415626918256,42.15188284213235,42.170843097037455,417737000
2023-06-23,42.126930236816406,42.72576209923424,41.93330719856048,42.381435491620046,358140000
2023-06-26,40.55299758911133,42.680852228000454,40.02203048498169,42.378439961624785,594322000
2023-06-27,41.794586181640625,41.85846093359961,40.369364835566834,40.71968036738126,462175000
2023-06-28,41.03705596923828,41.76364114383004,40.43922159164072,40.58094379252524,582639000
2023-06-29,40.74262619018555,41.51911336113598,40.521057714884826,41.47719520674288,380514000
2023-06-30,42.21975326538086,42.467272192490576,41.420311904436474,41.5989647398468,501148000
2023-07-03,42.330528259277344,42.81458581035407,42.11994000015232,42.434326127886784,198209000
2023-07-05,42.23472595214844,43.09305068763653,42.00317476731274,42.053076792694064,323618000
2023-07-06,42.02113723754883,42.09698967937306,41.2656091487607,41.76264195382368,303582000
2023-07-07,42.42036056518555,43.129980526432945,42.097990517388034,42.239712723775206,355881000
2023-07-10,42.09799575805664,42.72776951271603,41.568026064774784,42.574069582991044,353908000
2023-07-11,42.322547912597656,42.67486219078261,41.98520766702778,42.398400353937646,298244000
2023-07-12,43.8166389465332,43.84957572671799,42.69382635632928,42.949329116868,481277000
2023-07-13,45.887611389160156,46.065262910266576,44.40549795947818,44.43144838419821,478204000
2023-07-14,45.380592346191406,47.99449947378626,44.97238720530781,46.49242471309176,772075000
2023-07-17,46.37065887451172,46.40559066754623,45.17399273078662,46.19899623861634,510488000
2023-07-18,47.40165710449219,47.8028759240553,45.645080740043866,46.61019966194242,569164000
2023-07-19,46.985469818115234,47.72503024968798,46.65112205838491,47.37171842574284,427502000
2023-07-20,45.43149185180664,46.99544633379389,44.974382199398164,46.416572252146125,537865000
2023-07-21,44.22284698486328,45.776822685139486,44.01425371443011,45.698971418551594,963769000
2023-07-24,44.52526092529297,45.02129625877823,43.95437445925072,44.64402903720118,382516000
2023-07-25,45.59018325805664,46.09320109466631,44.83565269586211,44.85361925028961,348081000
2023-07-26,45.36362838745117,45.96346161310325,44.54322798421179,45.93152233751283,364237000
2023-07-27,45.810760498046875,47.302852779891246,45.66105061247082,46.42855649018283,455976000
2023-07-28,46.65909957885742,46.93556140812505,46.290817578046465,46.57725828817055,331194000
2023-07-31,46.63814163208008,47.03836291442901,46.41557565297474,46.66309454574556,251055000
2023-08-01,46.41657257080078,46.808809981833214,45.9375063312931,46.36966307349115,237858000
2023-08-02,44.182926177978516,45.750870737209425,43.302641133046315,45.74188936339505,530142000
2023-08-03,44.42844772338867,45.03027593449394,43.71483776411609,43.71483776411609,324176000
2023-08-04,44.59313201904297,45.553259657619556,44.306691262413594,44.89753933286693,362666000
2023-08-07,45.328697204589844,45.45145915668349,44.47635751419299,45.02329239286848,322154000
2023-08-08,44.5771598815918,45.154035175235585,43.97034032891443,44.765791580742274,353843000
2023-08-09,42.47126388549805,44.22584525940291,42.05207850406444,44.187917131866904,586449000
2023-08-10,42.30559158325195,43.48928663606157,41.75366530069566,42.07803421130193,492705000
2023-08-11,40.77556228637695,41.93630299373014,40.55998266636193,41.669820039034846,533085000
2023-08-14,43.66792678833008,43.71483628671642,40.2326217412967,40.407280716905284,690286000
2023-08-15,43.85456848144531,45.17998944739272,43.62501611478745,44.473365790467945,676512000
2023-08-16,43.40144348144531,44.58813070182248,43.32159721036821,44.43343331071029,527451000
2023-08-17,43.25972366333008,43.97632609118521,42.91738827793847,43.884505920253574,452395000
2023-08-18,43.21481704711914,43.49327393992906,41.57900368302175,42.552106546557646,583768000
2023-08-21,46.875675201416016,46.97348422125593,44.136013716733004,44.40748419324704,692573000
2023-08-22,45.57920455932617,48.09330773941367,45.24485683130546,48.041406896438666,755293000
2023-08-23,47.02439498901367,47.108231304990525,45.120103708429646,45.77682532419549,779046000
2023-08-24,47.0713005065918,50.16826807045973,47.06731047667301,50.11836604551162,1156044000
2023-08-25,45.928524017333984,47.71204812043245,44.9364534643998,46.92059076298821,925341000
2023-08-28,46.74393844604492,46.88865698143186,44.800725372190506,46.3916241394205,685192000
2023-08-29,48.689144134521484,48.98556752704201,46.30079556232575,46.57526237156326,701397000
2023-08-30,49.168216705322266,49.82992584763343,48.33084725951484,48.94864322959215,735206000
2023-08-31,49.2590446472168,49.647288301131454,48.86281712543133,49.283997565683826,528570000
2023-09-01,48.4146842956543,49.70317460901009,48.04839726391632,49.665250288293905,463830000
2023-09-05,48.453609466552734,48.75602175102256,47.76694740479326,48.129240595849275,382653000
2023-09-06,46.97336196899414,48.4585899209421,46.49325871140174,48.35079314460042,468670000
2023-09-07,46.1548957824707,46.25770462589442,45.067922908266546,45.440229441727205,433330000
2023-09-08,45.487144470214844,46.519219579428515,45.186706235848995,45.856458279277405,473069000
2023-09-11,45.0938720703125,46.07703462980452,44.229483586598796,46.062063171640766,473966000
2023-09-12,44.78644561767578,45.587951736657104,44.44807617569655,44.6546914479524,349256000
2023-09-13,45.400306701660156,45.84447779885845,44.4201329496468,44.51695245570367,398355000
2023-09-14,45.49612045288086,45.90136263395265,45.0469576802591,45.86443278415264,370097000
2023-09-15,43.8182487487793,45.514082288276775,43.726417212467545,45.25656332752661,506831000
2023-09-18,43.884124755859375,44.15961175484726,41.92178629799531,42.668394445794135,500271000
2023-09-19,43.43896484375,43.88413352477652,42.92192782259573,43.751381753727316,373064000
2023-09-20,42.16034698486328,43.82124998391259,42.14437793528599,43.51881278602881,367108000
2023-09-21,40.94062042236328,42.021603947761406,40.903690569058845,41.505568360727295,450736000
2023-09-22,41.53252029418945,42.0365810200349,41.154224400495224,41.494589042058344,479236000
2023-09-25,42.14338302612305,42.45679753767784,41.10032682953403,41.513557426280826,419091000
2023-09-26,41.83295822143555,42.74026599878411,41.577434392681035,41.92279078773523,402282000
2023-09-27,42.388916015625,42.79216683776979,41.55148148041127,42.25117631483952,444935000
2023-09-28,43.00876998901367,43.3651037098535,42.03658452900842,42.380939557902295,424663000
2023-09-29,43.41800308227539,44.061802514667,43.226359256277895,43.74539144535937,397830000
2023-10-02,44.698612213134766,45.09087814744479,43.77932579033049,43.948009813372195,433298000
2023-10-03,43.43596649169922,45.045965740925496,43.16547120468859,44.7245629218231,470850000
2023-10-04,43.958988189697266,44.06079943552314,43.21138241263282,43.6605451941074,361821000
2023-10-05,44.60478973388672,44.81639678263096,43.80628011216114,43.96797721587723,393483000
2023-10-06,45.67678451538086,45.70373466330227,43.944017177662325,44.11070601288464,434436000
2023-10-09,45.18869400024414,45.52007649973999,44.28538045832398,44.75849682767498,409675000
2023-10-10,45.71271896362305,46.17285906419018,45.004041982640686,45.22562871384522,368582000
2023-10-11,46.71883773803711,46.77174044276166,45.964245041548175,46.109973069324404,378137000
2023-10-12,46.85759353637695,47.52035870731033,46.24374072748174,46.68990706399952,481325000
2023-10-13,45.3763427734375,47.02826348384449,45.195680068516225,46.87255194030723,474115000
2023-10-16,46.0091667175293,46.13892190023753,44.82836714020883,44.97908693457242,375099000
2023-10-17,43.85618591308594,44.67066838631244,42.40090056802487,43.91807074145932,812333000
2023-10-18,42.1174201965332,43.13851774775219,41.74711270086322,42.51168506984707,627294000
2023-10-19,42.022605895996094,43.21637798376251,41.8040119269262,42.73128289845607,501233000
2023-10-20,41.3099365234375,42.39092011000652,41.00150997673177,41.81199826924351,477266000
2023-10-23,42.89497375488281,43.16746801501632,40.86875508234883,41.15222663549808,478530000
2023-10-24,43.581695556640625,43.615632642963874,42.61150915403504,42.99678817947999,401463000
2023-10-25,41.70120620727539,43.56872457047859,41.47762427336827,43.31719108723883,398379000
2023-10-26,40.25090408325195,42.17731029147376,39.80573548899641,41.77506089043769,541001000
2023-10-27,40.42457962036133,41.12926616420593,39.94048219347045,41.053407480581996,416784000
2023-10-30,41.08435821533203,41.68823125867914,40.405624059194345,41.01049849985918,388028000
2023-10-31,40.704063415527344,40.802881903079644,39.1569503913023,40.37467987980174,517969000
2023-11-01,42.246192932128906,42.30208841819016,40.79290267934758,40.80787414060049,437593000
2023-11-02,43.42498779296875,43.802282272530825,42.814127888386025,43.247317846401735,409172000
2023-11-03,44.92119598388672,45.22462694220357,43.64158173973637,43.93802957100558,424610000
2023-11-06,45.665802001953125,45.84946127643141,44.815387407221024,45.2006701825068,400733000
2023-11-07,45.86943054199219,46.13193749816825,45.073913725971586,45.63386992886557,343165000
2023-11-08,46.48727035522461,46.77972399420801,45.882396057118896,46.01415021384401,346719000
2023-11-09,46.862571716308594,48.1401869158154,46.662943389487246,47.378607266813916,540496000
2023-11-10,48.244998931884766,48.38174487246118,47.19495962235481,47.411554622346145,421245000
2023-11-13,48.52945327758789,49.02453176353161,48.00942363402412,48.23001273299556,384136000
2023-11-14,49.56352996826172,49.74119990193618,48.94867974988804,49.58748734734276,416954000
2023-11-15,48.796966552734375,49.86696898933371,48.11024794590893,49.84201782618033,475497000
2023-11-16,49.38786697387695,49.43278516309001,48.24001057724096,48.58835975878918,339756000
2023-11-17,49.206207275390625,49.62442581647781,48.9157487529458,49.43178439121729,325205000
2023-11-20,50.31513214111328,50.45387324372552,49.08941820057832,49.22017477900762,414120000
2023-11-21,49.85099792480469,50.42292897370047,49.130342262240724,50.03265822480747,565747000
2023-11-22,48.62528610229492,50.2412708632355,47.6011956303171,49.7591723537565,899420000
2023-11-24,47.687042236328125,48.829910707399556,47.656097917344944,48.379750254535665,294645000
2023-11-27,48.15217208862305,48.43963402417859,47.56327053938668,47.7109937696309,395662000
2023-11-28,47.731956481933594,48.23302446932741,47.3846048841161,48.14618466607588,401491000
2023-11-29,48.050357818603516,48.67120123627393,47.7708804254883,48.288914999950215,382005000
2023-11-30,46.68291473388672,48.02041980667685,46.33556313621097,47.934577593167546,526247000
2023-12-01,46.67792510986328,47.112116530587656,46.1010022026633,46.43837411108703,369317000
2023-12-04,45.42524719238281,45.99119263522652,44.92617831886354,45.99119263522652,437543000
2023-12-05,46.48337173461914,46.51730799060107,45.19066769826612,45.38532137121095,371718000
2023-12-06,45.42226028442383,47.30292009715476,45.331422145943435,47.13122440124437,380590000
2023-12-07,46.51332473754883,46.54626712955494,45.52308427817849,45.6189146142351,350823000
2023-12-08,47.42170333862305,47.65628695136218,46.467398436529756,46.51232056625321,359224000
2023-12-11,46.54426574707031,47.446661054028745,45.74868283771919,47.40673492251671,509728000
2023-12-12,47.572444915771484,47.581427820158346,45.96430321028968,45.96430321028968,372387000
2023-12-13,48.00267791748047,48.50778063121328,47.52353004634861,47.54449269431196,447792000
2023-12-14,48.26420211791992,48.58363397802505,47.33785124678629,48.3041320524151,391232000
2023-12-15,48.803253173828125,49.31634111544804,48.034618938742405,48.10848894942567,479948000
2023-12-18,49.9881477355957,50.34351507731144,49.062794375670336,49.31235079913167,412587000
2023-12-19,49.515987396240234,49.61181773302037,48.80824574504592,49.33630646675969,464444000
2023-12-20,48.02562713623047,49.910277369403474,48.01264971730357,49.566886030204486,397894000
2023-12-21,48.903076171875,49.007889407965415,48.333086371904265,48.724392927903814,300425000
2023-12-22,48.74335861206055,49.29537497058781,48.38099994161529,49.107708829124014,252507000
2023-12-26,49.19156265258789,49.51199224313979,48.87312841671405,48.88111364335506,244200000
2023-12-27,49.32931900024414,49.59185284551433,48.997907338293054,49.42315398247824,233648000
2023-12-28,49.43412780761719,49.795484989479434,49.324322381717465,49.55491529927827,246587000
2023-12-29,49.43412780761719,49.90828725509975,48.66449595698359,49.72461182444803,389293000
2024-01-02,48.08252716064453,49.20752624943747,47.51054587491967,49.15661805673898,411254000
2024-01-03,47.484596252441406,48.09850289557728,47.23603751691528,47.40074566328975,320896000
2024-01-04,47.912837982177734,48.413946184142475,47.42370571637504,47.68224504410837,306535000
2024-01-05,49.009883880615234,49.459086175725254,48.220287041681374,48.37601228101952,415039000
2024-01-08,52.16028594970703,52.18225008334284,49.39120958940494,49.424151981929796,642510000
2024-01-09,53.045711517333984,54.22861030764682,51.59828353362604,52.30802433098523,773100000
2024-01-10,54.25356674194336,54.50312317370562,53.39409433002728,53.52087170860792,533796000
2024-01-11,54.72472381591797,55.24779611496442,53.46496584925973,54.90141170121365,596759000
2024-01-12,54.61292266845703,54.872463461679565,54.23359967517569,54.52308221048439,352994000
2024-01-16,56.28195571899414,56.734151032115776,54.80258693421074,54.92037758541191,449580000
2024-01-17,55.953548431396484,56.370806056804064,54.64287831771136,56.24702551752996,474394000
2024-01-18,57.00567626953125,57.49780159403606,56.00745052096862,57.15840468720761,491650000
2024-01-19,59.385440826416016,59.39442372974931,57.12345894632279,57.88610325059809,543501000
2024-01-22,59.54814529418945,60.22394592990309,58.965181948294486,59.94244483680034,452955000
2024-01-23,59.76676559448242,59.803698694627826,58.48104894335419,59.464301820428496,294654000
2024-01-24,61.253116607666016,62.737477534813706,59.83164361691738,60.19699530070834,560271000
2024-01-25,61.50767517089844,62.607721109617174,60.742033936667,62.23937252647403,482777000
2024-01-26,60.92270278930664,61.673371126647396,60.46551910494396,60.8518296270528,390309000
2024-01-29,62.354164123535156,62.37811980223714,60.798929932553925,61.12335021592604,348733000
2024-01-30,62.66261291503906,63.38033889790534,62.14952501071203,62.78839260190601,410735000
2024-01-31,61.41782760620117,62.158511588509604,60.5922953608444,61.33098018068535,453795000
2024-02-01,62.91516876220703,63.07887923181449,61.5406131324354,61.98981163068563,369146000
2024-02-02,66.04261779785156,66.48183193924027,63.57699522405565,63.8604917267368,476578000
2024-02-05,69.208984375,69.37369252800232,67.08575942583846,68.10394628020288,680078000
2024-02-06,68.1019515991211,69.630233381063,66.18236704818828,69.50645284574946,683111000
2024-02-07,69.974609375,70.09539685563645,67.48004326560577,68.19776917750116,495575000
2024-02-08,69.51742553710938,70.66837949372972,69.33175856710787,69.9496558671256,414422000
2024-02-09,72.0050277709961,72.0569298484953,70.08743069197543,70.40786033375117,436637000
2024-02-12,72.11981201171875,74.4786183227707,71.1235816589561,72.47118484090161,613710000
2024-02-13,72.00003051757812,73.31968365428922,69.4964845401849,70.27509946360114,602580000
2024-02-14,73.76888275146484,74.10428513350574,71.81036588559786,73.0721231436502,504917000
2024-02-15,72.5290756225586,73.8437401296513,72.27153779440317,73.73793302512789,420122000
2024-02-16,72.4841537475586,74.2699807907232,72.37235296886776,73.96851471281462,495327000
2024-02-20,69.32877349853516,71.82832841143384,67.61381946264177,71.81934169951924,704833000
2024-02-21,67.35227966308594,68.76576751724065,66.13045246980936,67.88532873628714,673755000
2024-02-22,78.3986587524414,78.43558804957509,74.08831901858908,74.89189108055353,865100000
2024-02-23,78.67716217041016,82.24781162101127,77.43237298519631,80.64666119604064,829388000
2024-02-26,78.95167541503906,80.50291911362528,78.36571128314377,79.5585907729136,503973000
2024-02-27,78.56136322021484,79.338988045559,77.02509990421383,79.24015705268404,391705000
2024-02-28,77.52519989013672,78.7929431019633,76.98815248522881,77.48227691873889,393110000
2024-02-29,78.97163391113281,79.84807446200602,78.2109848648127,78.95366810218512,507289000
2024-03-01,82.13300323486328,82.15396968894088,79.29404786978826,79.85804776923267,479135000
2024-03-04,85.08576202392578,87.53940093463996,83.57045769196934,83.98072393894745,615616000
2024-03-05,85.81549835205078,85.94827183043155,83.27290109267872,85.12269695886387,520639000
2024-03-06,88.54676818847656,89.56900130568565,86.87965493223747,87.8699456446009,582520000
2024-03-07,92.50891876220703,92.60674904676837,89.44721547430589,90.00225477502153,608119000
2024-03-08,87.37678527832031,97.23173191783087,86.35654773150235,94.97363874493585,1142269000
2024-03-11,85.62582397460938,88.64359662209651,84.02060015441661,86.27969121669621,678364000
2024-03-12,91.75421905517578,91.80113493638854,86.0011743538899,87.89689583589372,668075000
2024-03-13,90.73099517822266,91.34592838246506,88.28222971094472,90.89770650975179,635713000
2024-03-14,87.79206848144531,90.48940398821422,86.45038860441925,89.42225054534444,602318000
2024-03-15,87.68526458740234,89.39131202190967,86.10799973550625,86.77983369344113,642086000
2024-03-18,88.30220794677734,92.2453818170238,86.93457169204753,90.23186761392955,668976000
2024-03-19,89.24356842041016,90.38758481674583,84.86314816147532,86.55022352343148,672171000
2024-03-20,90.21588134765625,90.25381771221527,88.07059173697641,89.6418701073994,479063000
2024-03-21,91.27703857421875,92.48794810720764,90.24881917443113,92.14054972284487,480372000
2024-03-22,94.12611389160156,94.61426754269417,90.67708069798141,90.9835495525749,586719000
2024-03-25,94.8378677368164,96.59882008344006,93.34844863498571,93.77870376975639,552136000
2024-03-26,92.4011001586914,96.20851455285562,92.34220396856466,95.68541767838448,513648000
2024-03-27,90.0940933227539,93.0789259717654,88.96904130951937,92.95114873658731,586067000
2024-03-28,90.19990539550781,91.14227480173439,89.03891256279711,89.8445176119648,435212000
2024-04-01,90.20689392089844,92.0656767674512,89.04989954343785,90.14300911365386,452441000
2024-04-02,89.29747772216797,89.93836697964663,87.46864171818919,88.29520668047454,433064000
2024-04-03,88.81031036376953,90.21787822523544,88.24728931215489,88.33114383542578,370067000
2024-04-04,85.756591796875,90.47742601324012,85.73163346290652,90.24981545155312,434965000
2024-04-05,87.8559799194336,88.32816244191248,85.7775755946387,86.71594667786945,399678000
2024-04-08,86.98247528076172,88.67654220104028,86.58216705957724,88.54676191015398,283220000
2024-04-09,85.20654296875,87.4836082761363,82.87857850073121,87.29094090122678,501700000
2024-04-10,86.8886489868164,87.24902545092569,83.56439945092491,83.78102746556362,431929000
2024-04-11,90.45945739746094,90.58224601063488,86.77583708331596,87.2689793680449,431637000
2024-04-12,88.03365325927734,90.01922323878227,87.37878828439109,89.54403999734934,426805000
2024-04-15,85.85243225097656,90.45646450816476,85.78055803275619,88.94408228829708,443077000
2024-04-16,87.26398468017578,87.96576550123054,85.91532070970885,86.28367890740496,370453000
2024-04-17,83.88983154296875,88.62164096734257,83.80497167986917,88.18738725935935,495400000
2024-04-18,84.52472686767578,86.0411075798554,82.25964941091485,84.82321393436638,447260000
2024-04-19,76.06836700439453,84.17833393456459,75.47539894537725,83.00636595540483,875198000
2024-04-22,79.38063049316406,79.93467203595871,76.26802061217705,77.96907171420484,596341000
2024-04-23,82.2806167602539,82.62601974052421,80.1253496885507,80.62947459576492,438559000
2024-04-24,79.53936004638672,83.93674919660243,79.0462101404743,83.80497344877082,512208000
2024-04-25,82.4892578125,83.1790583894206,78.08787011237102,78.73175253009703,424641000
2024-04-26,87.58345031738281,88.17842147858853,83.2429613231266,83.67321658546781,551011000
2024-04-29,87.60540771484375,87.8399947565515,85.11870586410434,87.44368500312586,388971000
2024-04-30,86.25275421142578,88.66557903150859,86.15093302077396,87.0893041357892,363709000
2024-05-01,82.89752960205078,85.85141694267458,81.11461218464028,84.93001509196907,559863000
2024-05-02,85.66874694824219,86.08801954331209,83.05626359727954,84.30310641773906,377898000
2024-05-03,88.6356201171875,89.12676696706856,86.88964093377092,87.63734759857738,398341000
2024-05-06,91.98081970214844,92.06068332323404,88.90115021604193,89.23557056109705,376203000
2024-05-07,90.39757537841797,91.62245320483287,88.8572415302883,90.94063437830519,437342000
2024-05-08,90.25581359863281,91.03646035901207,89.26552291616532,89.32841761603471,325721000
2024-05-09,88.59368133544922,90.91466159296331,88.07857394048413,90.37260041699219,378013000
2024-05-10,89.72274017333984,91.24311191356409,89.07286375704587,90.14900450939767,335325000
2024-05-13,90.24283599853516,90.84080023922876,88.37606371894472,90.32169428450598,289680000
2024-05-14,91.19818115234375,91.49266969851776,88.78036057605543,89.44421267221655,296507000
2024-05-15,94.4665298461914,94.69813133508781,91.44076747625896,92.31226052004403,417735000
2024-05-16,94.19599151611328,95.65346838301872,93.94042944222824,94.74604213563502,323952000
2024-05-17,92.31924438476562,94.57634022771545,91.64741042469609,94.20598653059943,359691000
2024-05-20,94.61626434326172,95.03553695656012,93.27858287715311,93.58804490846175,318764000
2024-05-21,95.22122192382812,95.23519767784772,93.01903151729087,93.43730641374981,328946000
2024-05-22,94.78596496582031,95.85411617010452,93.0879071432018,95.29408831779949,548648000
2024-05-23,103.61969757080078,106.1363388077003,101.34462744914427,101.85175314144693,835065000
2024-05-24,106.28507232666016,106.29105867121642,102.82206339543845,104.2685576920773,429494000
2024-05-28,113.70423126220703,114.74044007562202,109.69317481392171,110.05355122917427,652728000
2024-05-29,114.62664031982422,115.29248791517858,110.70942292973874,112.85471267036033,557442000
2024-05-30,110.30911254882812,115.61892428256706,109.47356046717066,114.45194499585061,484553000
2024-05-31,109.443603515625,112.52227529514084,106.75525509489461,112.32560941345422,613263000
2024-06-03,114.80133056640625,114.80133056640625,111.80950641949946,113.42471506551881,438392000
2024-06-04,116.23584747314453,116.39856789561996,113.84798144289938,115.51609997186799,403324000
2024-06-05,122.22848510742188,122.2374646244509,117.26507420610801,118.16651413530396,528402000
2024-06-06,120.78898620605469,125.37005594832782,118.1156108470622,123.83371299207869,664696000
2024-06-07,120.67916870117188,121.48178065904402,117.81812234412239,119.56309618694148,412386000
2024-06-10,121.57960510253906,122.88733960177423,116.80786391189227,120.16206002224595,313434100
2024-06-11,120.71105194091797,122.66782593913159,118.54461678500223,121.56962984389475,222551200
2024-06-12,124.99398040771484,126.6712162731191,122.36831081363356,122.85750238613136,299595000
2024-06-13,129.39671325683594,129.58640302855855,126.95074804505506,129.17707407207072,260704500
2024-06-14,131.66299438476562,132.62140615970972,128.10885485479358,129.7461556011969,309320400
2024-06-17,130.76446533203125,133.50994014798042,129.36677515556565,132.7711675834259,288504400
2024-06-18,135.3568878173828,136.10565359767494,130.47493553922533,130.92419196066484,294335100
2024-06-20,130.56480407714844,140.52837801062054,129.30688285479897,139.56996619369176,517768400
2024-06-21,126.36172485351562,130.41504917764772,124.09546355999291,126.91082285827493,649445800
2024-06-24,117.9156494140625,124.25519890170064,117.84576490444155,123.03720520530106,476060900
2024-06-25,125.88252258300781,126.29185160793926,119.12366557563713,121.00056940292565,414192600
2024-06-26,126.19200897216797,127.90917229563556,122.39825886605338,125.92244899462368,362975900
2024-06-27,123.78597259521484,126.2019962793405,122.71773358253314,123.8957921998042,252571700
2024-06-28,123.33672332763672,127.49986001719877,122.54802231076043,124.37501298465715,315516700
2024-07-01,124.09547424316406,124.6345790000873,118.63447360818265,123.26683813440599,284885500
2024-07-02,122.46815490722656,123.20694278300529,120.83085399993702,120.93068793490033,218374000
2024-07-03,128.06890869140625,128.06890869140625,121.16029766804549,121.45980705227005,215749000
2024-07-05,125.6229476928711,128.63798252741702,125.47319299554034,127.17039258704797,214176700
2024-07-08,127.98902893066406,130.55480700867955,126.83094180644568,127.28019823232947,237677300
2024-07-09,131.163818359375,133.59980576329167,128.43829962119838,130.1355144487565,285366600
2024-07-10,134.68801879882812,134.87770860466375,132.20211043348235,133.80946190177127,248978600
2024-07-11,127.19036865234375,135.92596317348227,126.84094609019272,135.52662745493282,374782700
2024-07-12,129.02735900878906,131.70294212873284,127.01067837288572,128.04896049446677,252680500
2024-07-15,128.2286376953125,131.1737800395054,126.97070905664152,130.34514408452472,208326200
2024-07-16,126.1520767211914,128.82765950066548,124.37500690887067,128.22865593379024,214769500
2024-07-17,117.79584503173828,121.64949400158038,116.52793817127537,121.15031675281162,390086200
2024-07-18,120.89073944091797,122.19858897958201,116.36819489836525,121.64949097287113,320979500
2024-07-19,117.7359390258789,121.39989798056288,117.17686297871009,120.15195493467543,217223800
2024-07-22,123.33672332763672,123.86585002604772,119.66277824004172,120.15196984200875,258068900
2024-07-23,122.38826751708984,124.4848179409612,121.89907597271183,122.57795729865761,173911000
2024-07-24,114.06200408935547,119.75262181556741,113.25333936427286,118.9739065074374,327776900
2024-07-25,112.09524536132812,116.43808604158575,106.12508953993542,112.85399693651604,460067000
2024-07-26,112.87395477294922,116.00878722251285,111.3963944118867,115.99880916186419,293399100
2024-07-29,111.40636444091797,116.08864903956604,111.11684836617498,113.50291478569986,248152100
2024-07-30,103.55931854248047,111.8057214597651,102.37127421675278,111.33649361290321,486833300
2024-07-31,116.82744598388672,118.14527368402075,110.6975496617802,112.71423011638636,473174200
2024-08-01,109.03028869628906,119.96227450650746,106.63423649015627,117.3365974252001,523462300
2024-08-02,107.0934829711914,108.54110155423277,101.20319756374683,103.58926418951675,482027500
2024-08-05,100.28469848632812,103.23983427364557,90.54076482697137,91.90850550819489,552842400
2024-08-06,104.0784683227539,107.53277436697496,100.38455930431832,103.66913927566458,409012100
2024-08-07,98.74723815917969,108.6209626457341,98.52759897070796,107.6325862976113,411440400
2024-08-08,104.79727172851562,105.3263983879788,97.3595262295921,101.83215768316434,391910000
2024-08-09,104.57763671875,106.42459107060563,103.2598090475883,105.46617163856445,290844200
2024-08-12,108.8405990600586,110.88722873441804,106.08514625528547,106.14504508504662,325559900
2024-08-13,115.94889068603516,116.03874655153282,111.39639661656214,112.25498209343158,312646700
2024-08-14,117.88568878173828,118.40482971569406,113.8822855253416,118.33494521272233,339246400
2024-08-15,122.6578369140625,123.03720888953038,117.27670666159618,118.56458490618095,318086700
2024-08-16,124.375,124.79430704362497,120.98059332504539,121.73934484458584,302589900
2024-08-19,129.78610229492188,129.78610229492188,123.21692698149081,124.07551257525068,318333600
2024-08-20,127.04060363769531,129.66628071339343,125.68284097768198,128.18870516059542,300087400
2024-08-21,128.28854370117188,129.13715105648026,126.45157521398528,127.11048517418402,257883600
2024-08-22,123.53638458251953,130.5348518103843,122.89743830728821,129.80605728559254,376189100
2024-08-23,129.1571044921875,129.38673697357257,125.01393980516215,125.65288601497598,323230300
2024-08-26,126.25190734863281,131.04400430992783,124.16535012958609,129.35679802537265,331964700
2024-08-27,128.08888244628906,128.98739538212007,123.6761498691349,124.84423039602758,303134600
2024-08-28,125.40330505371094,128.11883041927797,122.4381910717034,127.90916927864866,448101100
2024-08-29,117.39649963378906,124.22524823697073,116.51795043355128,121.16030028839229,453023300
2024-08-30,119.17357635498047,121.54965726206557,117.02711271158417,119.33330911013266,333751600
2024-09-03,107.8222885131836,116.01877823521122,107.1134577156826,115.8191103772934,477155100
2024-09-04,106.03523254394531,113.0836130103624,103.94867525541761,105.23655349888746,372470300
2024-09-05,107.03358459472656,109.46957200218677,104.58761912643209,104.8172363950656,306850700
2024-09-06,102.66080474853516,107.97205088494898,100.78389323668084,107.86223127024085,413638100
2024-09-09,106.29480743408203,106.37467762407766,103.51938307487873,104.70741977949132,273912000
2024-09-10,107.92210388183594,109.21996758561849,104.77728615100841,107.63258020585863,268283700
2024-09-11,116.71763610839844,116.9971741685222,107.24324578146685,109.21000549756162,441422400
2024-09-12,118.95413208007812,120.60155948017247,115.19999582839206,116.6577172050991,366052700
2024-09-13,118.91419219970703,119.77285113489948,117.4165323291377,118.89422675312926,238358300
2024-09-16,116.59781646728516,117.99563392468083,114.18159360974668,116.60780299971084,248772300
2024-09-17,115.40966796875,118.61466685067687,114.65085910577872,117.98564481894722,231925900
2024-09-18,113.19313049316406,117.51636932909096,113.04336298957726,115.70919560695407,310318900
2024-09-19,117.68611145019531,119.47331975028854,117.06707598202318,117.16691844656921,293506400
2024-09-20,115.81903076171875,118.43494609535816,115.2099818009,116.87737463970251,382462400
2024-09-23,116.07862091064453,116.80747774675662,114.68080357526898,116.36816938577523,206228500
2024-09-24,120.68143463134766,121.60998405209612,115.19999404233639,116.33821493002908,354966800
2024-09-25,123.31731414794922,124.74508350925583,121.42027681497308,121.82963321276459,284692900
2024-09-26,123.84648132324219,127.47081527785902,121.6099781665842,126.60217747362803,302582900
2024-09-27,121.21060180664062,123.83649592385486,119.07394109309165,123.77659196922,271009200
2024-09-30,121.25054931640625,121.31045327548797,117.96568098439478,118.1254274144435,226553700
2024-10-01,116.81746673583984,122.24898215671047,115.60935538711523,121.58002164337385,302094500
2024-10-02,118.66458129882812,119.19375323018366,114.96037016184738,116.25834508658102,221845900
2024-10-03,122.65834045410156,124.16598683922703,120.15225416683853,120.73135113827638,277118000
2024-10-04,124.72510528564453,124.84492081095192,121.63992977952229,124.74507834860822,243678100
2024-10-07,127.52074432373047,130.43618698242878,124.7550615549546,124.79500006476454,346250200
2024-10-08,132.6826629638672,133.27173878303944,129.21807567689768,130.0567614433445,285722500
2024-10-09,132.44305419921875,134.31014727855833,131.1750464230449,133.9007832398008,246191600
2024-10-10,134.5996856689453,134.7893916948541,130.79563194093248,131.70421594134592,242311300
2024-10-11,134.58970642089844,135.5681732923908,133.4514855032485,133.80093033986074,170209500
2024-10-14,137.85459899902344,139.3822107684187,136.0873561782587,136.2570891265267,232347700
2024-10-15,131.3946990966797,138.3538265330219,128.5391603262797,137.654906403531,377831000
2024-10-16,135.50827026367188,136.40686011825153,131.37472950963348,133.77097927850218,264879700
2024-10-17,136.7163543701172,140.67018267771826,136.6564504197718,139.1225979422057,306435900
2024-10-18,137.7847137451172,138.6833036103306,137.06583575895257,138.45366668655112,176090200
2024-10-21,143.4857940673828,143.4857940673828,137.78469595874105,137.91449801128798,264554500
2024-10-22,143.36598205566406,144.194689003585,141.55880826832362,142.68705023422552,226311600
2024-10-23,139.34226989746094,142.20778753302577,137.24555525009052,141.80841766733155,285930000
2024-10-24,140.19094848632812,141.12948441968888,138.2439937495604,140.6003124972593,172354900
2024-10-25,141.31918334960938,143.90515439009727,140.5803475394567,140.71013437273555,205122100
2024-10-28,140.30079650878906,142.91670449778834,139.83152847847435,142.77692350375753,173586700
2024-10-29,141.02963256835938,142.0380513591214,138.68329276437913,140.0711235834401,157593600
2024-10-30,139.12261962890625,140.11108066863528,136.59656776236113,139.32230457284558,179418100
2024-10-31,132.55287170410156,137.39531116933003,131.90389188236236,137.38533225522045,270039600
2024-11-01,135.1887664794922,137.09579048755296,134.36007470728345,134.4898615442038,207127800
2024-11-04,135.83773803710938,138.7432015157854,135.3584911981984,136.99593186321135,187528200
2024-11-05,139.6917266845703,140.151000495864,137.11574997671616,137.23555788662173,160537400
2024-11-06,145.38284301757812,146.2614750565614,141.73854326176877,142.73698322061895,242043900
2024-11-07,148.6477508544922,148.69766066609404,145.9419717733186,146.1616297903136,207323300
2024-11-08,147.39967346191406,149.53633403774526,146.03180056765603,148.5378942315628,175665800
2024-11-11,145.0333709716797,148.6177817068004,143.3460203778287,148.44803352101476,182325600
2024-11-12,148.0586395263672,149.41651833977537,145.78219787373922,146.55100082856893,198634700
2024-11-13,146.04180908203125,149.09703275189045,145.6723759576151,148.83744386134128,191903300
2024-11-14,146.5310516357422,148.76756276185756,145.32294774490563,147.40968372724925,194463300
2024-11-15,141.7584686279297,145.01339189876805,139.86143923454313,144.64395883880698,250132900
2024-11-18,139.93133544921875,141.32916034590224,136.93601597273187,139.28235565663965,221205300
2024-11-19,146.78065490722656,146.90047806374457,140.77005724054902,141.09954425974988,227834900
2024-11-20,145.6623992919922,147.32979212988033,142.50732548898966,147.18003223590216,309871700
2024-11-21,146.44119262695312,152.65149063112756,140.4805046221909,149.11701974284432,400946600
2024-11-22,141.7285614013672,146.93044074143577,140.87989650374584,145.7023485163706,236406200
2024-11-25,135.80780029296875,141.82839170792872,135.60811535874635,141.76848775116036,344941900
2024-11-26,136.7063751220703,139.0826667131691,135.4583253763222,137.48515694461858,190287700
2024-11-27,135.12884521484375,137.00591700209634,131.59437486042492,134.7993582371888,226370900
2024-11-29,138.03433227539062,139.13262238748922,135.837767286179,136.56662423239774,141863200
2024-12-02,138.41372680664062,140.23087948399635,137.60499293345052,138.6134117376161,171682800
2024-12-03,140.0411834716797,140.32074544201365,137.73478959893222,138.04430354930304,164414000
2024-12-04,144.91355895996094,145.56253876730494,140.07111960214385,141.77845844597738,231224300
2024-12-05,144.84368896484375,146.3214777724878,143.7353435501018,144.89361745373108,172621200
2024-12-06,142.2275848388672,145.4827177885172,141.09926510716357,144.38436733563313,188505600
2024-12-09,138.60299682617188,139.74129618907318,136.9255094433844,138.76276188244717,189308600
2024-12-10,134.86856079101562,141.6084936848826,133.59045579547387,138.80267178561354,210020900
2024-12-11,139.1022491455078,139.96096726526153,135.00837248215075,137.155160163518,184905200
2024-12-12,137.1351776123047,138.23354324797214,135.59748095840345,136.8755708420711,159211400
2024-12-13,134.04978942871094,139.39181692680097,132.34233289302693,138.7327975455873,231514900
2024-12-16,131.8031463623047,134.19956111084232,130.22550081237128,133.9798879813558,237951100
2024-12-17,130.19554138183594,131.39374870651014,126.67080709010266,128.89747709842524,259410300
2024-12-18,128.71775817871094,136.49613412730267,128.08869283192976,133.6603731199009,277444500
2024-12-19,130.485107421875,133.8301176053825,129.3568029702355,131.56349862817564,209719200
2024-12-20,134.49911499023438,135.07825184796977,128.02878306565836,129.61640819653473,306528600
2024-12-23,139.46170043945312,139.58151660116854,134.91848306333998,136.0767567466981,176053500
2024-12-24,140.01089477539062,141.6883821217358,138.44322876231024,139.79122163679293,105157000
2024-12-26,139.7213134765625,140.63995487774488,137.52459740894255,139.49166074428362,116205600
2024-12-27,136.80567932128906,138.81269167406333,134.50912136885398,138.3433913393573,170582600
2024-12-30,137.28494262695312,140.060795108374,133.82011682531788,134.628906293037,167734700
2024-12-31,134.08973693847656,137.8641141320975,133.63043143330796,137.82416524884428,155659200
2025-01-02,138.10372924804688,138.6728864930968,134.42922472124587,135.79717669922962,198247200
2025-01-03,144.2545623779297,144.6839138332244,139.5216253508109,139.80120658589456,229322500
2025-01-06,149.2071533203125,151.93309314343088,147.599568879649,148.36840963752263,265377400
2025-01-07,139.93101501464844,152.90164910642062,139.80120400217487,152.80179213743568,351782200
2025-01-08,139.9010467529297,143.7353162901366,137.35484666292894,142.36736432306787,227349900
2025-01-10,135.7073211669922,139.71133557177419,134.0198390250661,137.24501786219508,207602500
2025-01-13,133.03131103515625,133.29093305056014,129.31685741876072,129.79615256902926,204808900
2025-01-14,131.56349182128906,136.1766120600162,129.85605059334506,135.84710238324766,195590500
2025-01-15,136.03683471679688,136.2465130176968,131.09420431967888,133.45068552943664,185217300
2025-01-16,133.37081909179688,138.5430870275282,133.2909365646461,138.43325045720013,209235600
2025-01-17,137.504638671875,138.29345383465838,135.25799411499426,136.4861555399997,201188800
2025-01-21,140.61997985839844,141.6184885428412,136.88555189361048,138.95247218370304,197749000
2025-01-22,146.85067749023438,147.56958971587568,143.45573886876412,144.44426793757484,237651400
2025-01-23,147.00045776367188,147.0104373660888,143.50567717742842,144.83369562852502,155915500
2025-01-24,142.40731811523438,148.74785499769604,141.66843136501245,148.14874363197046,234657600
2025-01-27,118.24340057373047,128.20851331467108,116.52596435964819,124.61389107098998,818830900
2025-01-28,128.79763793945312,128.8076175411123,116.0766320864675,121.62833781559046,579666400
2025-01-29,123.51551818847656,126.70076325147895,119.87096767407616,126.31134548354018,467120600
2025-01-30,124.464111328125,124.81358785050304,117.92387627755191,122.91641979157204,392925500
2025-01-31,119.89093780517578,127.6593341751579,119.01225290264883,123.59540412169352,388161100
2025-02-03,116.48602294921875,118.39317051235568,112.84146484737198,114.57886776806536,371235700
2025-02-04,118.47305297851562,121.01924546805154,116.52595653802958,116.78557092036435,256550000
2025-02-05,124.64385223388672,124.81359689734293,120.57992182362993,121.57843059880868,262230800
2025-02-06,128.4881134033203,128.57799078053569,125.02329404175714,127.22999771870256,251483600
2025-02-07,129.64634704589844,130.17555536084487,124.81356929927793,129.02727661770408,228186300
2025-02-10,133.37081909179688,134.79867927002743,129.76620194780145,129.89599772289156,216989100
2025-02-11,132.60195922851562,134.27944654160947,130.82461495038982,132.38228609427233,178902400
2025-02-12,130.94442749023438,132.04279313100764,128.88750205027108,129.8261026458349,160278600
2025-02-13,135.08822631835938,136.29642846871295,130.97437562399168,131.36379338160384,197430000
2025-02-14,138.64292907714844,139.04232643389201,135.29791907929888,136.27645326854343,195479600
2025-02-18,139.19210815429688,143.226091877041,137.72429913092634,141.05932980350207,219176600
2025-02-19,139.02235412597656,141.14918241151278,137.01535723812603,139.3019353271886,167536000
2025-02-20,139.9010467529297,140.45022955446439,136.58599074078032,139.8211642330671,143903600
2025-02-21,134.22950744628906,141.2490371129211,133.83011008980694,139.83114145453473,228217600
2025-02-24,130.08572387695312,138.38332947991822,129.88602516626045,136.35635785611953,251381100
2025-02-25,126.44115447998047,130.00583024952502,124.25442559786755,129.78615711570163,271428700
2025-02-26,131.084228515625,133.53057192522448,128.29839578499454,129.79615892181477,322553800
2025-02-27,119.9708251953125,134.80865788512716,119.83103458283094,134.7986782828192,443175800
2025-02-28,124.73369598388672,124.90344062232614,116.22640582508673,117.8439849269481,389091100
2025-03-03,113.88990020751953,123.51552349340123,112.11255593535711,123.32581202011416,411381400
2025-03-04,115.8170166015625,119.13206502689525,109.94578846070081,110.48498404782327,398163300
2025-03-05,117.12507629394531,118.10361057672029,114.3392360416895,117.40465751759531,284337900
2025-03-06,110.40510559082031,115.17797591196373,110.05562907278994,113.3606904001891,321181900
2025-03-07,112.5219497680664,113.31077256873955,107.39959517379882,111.08409477767312,341755500
2025-03-10,106.8204574584961,111.6831896506324,105.30272006245755,109.73610085349598,366487400
2025-03-11,108.5978012084961,112.0726069900584,104.61374627233778,106.83043665954975,354865700
2025-03-12,115.5780258178711,116.5966026479449,112.72202762810602,113.9602977987337,323857500
2025-03-13,115.41825103759766,117.59520049683546,113.63075517539951,116.86621875800482,299033100
2025-03-14,121.49972534179688,121.70943054003341,117.98465480860956,118.44401014075397,277593500
2025-03-17,119.36272430419922,122.71802281178023,117.86482345684047,122.56823120330081,255501500
2025-03-18,115.26846313476562,118.85343549406599,114.37970924440411,117.83486627342975,299686900
2025-03-19,117.35552978515625,120.2814296141779,115.51810848491796,117.10587965509883,273426200
2025-03-20,118.3641128540039,120.0317738155389,116.30699831746894,116.38688818380663,248829700
2025-03-21,117.5352783203125,117.82487338576216,115.25847035053427,116.77634740953133,266498500
2025-03-24,121.24009704589844,122.04896105750126,119.17298658297102,119.71223179694545,228452500
2025-03-25,120.52110290527344,121.12026171196634,118.75357566400419,120.38129943766901,167447200
2025-03-26,113.60079956054688,118.6736845133834,112.55226594608844,118.5638454632065,293463300
2025-03-27,111.27406311035156,114.28983351449122,110.50514401476981,111.19417323533278,236902100
2025-03-28,109.51652526855469,112.71205173921601,108.91736643615505,111.33397804410711,229872500
2025-03-31,108.22832489013672,110.80471613819729,103.50494855407659,104.98287310192077,299212700
2025-04-01,109.99585723876953,110.04578269736857,106.32100673854832,108.36813339033893,222614000
2025-04-02,110.26546478271484,111.82328673498283,106.64054773013802,107.1398479774266,220601200
2025-04-03,101.65753936767578,105.48217369637304,101.45781468579652,103.36514539947606,338769400
2025-04-04,94.17801666259766,99.98987163475934,91.98109847139008,98.7715853475697,532273800
2025-04-07,97.50335693359375,101.60760579690213,86.49878224276449,87.33760304641297,611041300
2025-04-08,96.16522979736328,105.70185986228381,94.3278009423825,103.6647139576977,476243400
2025-04-09,114.17000579833984,114.9389248904037,97.39351305704149,98.75161045127601,612918300
2025-04-10,107.4194564819336,110.70485307181585,99.01124202201945,109.21694044618194,437812400
2025-04-11,110.7747573852539,111.39389245819964,107.32958859529616,108.34815778630501,313417300
2025-04-14,110.55506134033203,114.1300529879136,108.91735711650354,113.9503045917023,264705000
2025-04-15,112.04297637939453,113.46099492172469,110.3453585264742,110.81470199440513,228966900
2025-04-16,104.3437728881836,106.64055727885454,100.30942561460589,104.40369410395131,397016900
2025-04-17,101.34796142578125,104.3237942331935,99.90998190333623,104.30381795694564,292517500
2025-04-21,96.77438354492188,99.3008417327631,94.90699776234818,98.63177356997639,288501100
2025-04-22,98.75160217285156,99.67031279819463,97.14385476914264,98.6417555090913,241004800
2025-04-23,102.5662612915039,104.6533403969428,101.87722447592722,104.37372584399631,247526000
2025-04-24,106.28105163574219,106.39089830035945,102.96569827687256,103.33518320501399,220815000
2025-04-25,110.85465240478516,111.76337496991529,105.58204256681438,106.70047033928225,251064700
2025-04-28,108.57784271240234,110.21554702841466,105.8716284785824,109.53649833991803,207708500
2025-04-29,108.86742401123047,110.04577291521682,107.2896409990865,107.5193148494054,170444300
2025-04-30,108.76756286621094,108.76756286621094,103.93434018163836,104.32379376082015,235044600
2025-05-01,111.45380401611328,114.7791455573913,111.14424029465428,112.92174799120272,236121500
2025-05-02,114.33976745605469,115.23850951002053,113.21135153306962,114.02021557227994,190194800
2025-05-05,113.66071319580078,114.5095221313392,112.50234053074915,112.75199066583207,133163200
2025-05-06,113.38111114501953,114.57942879752297,110.66491633937942,111.32399638135878,158525600
2025-05-07,116.89617919921875,117.51531428959993,112.12286973799952,112.89179643623137,206758800
2025-05-08,117.20574951171875,118.51391379663416,115.68787240644632,118.08451525459601,198428100
2025-05-09,116.48675537109375,118.06454606438504,115.04876814493281,117.18577270674557,132972200
2025-05-12,122.82786560058594,122.82786560058594,120.11167093091153,121.79930827024249,225023300
2025-05-13,129.7481689453125,131.03637225526788,124.29581818961599,124.8051066300396,330430100
2025-05-14,135.1505889892578,135.25045513495294,131.49570747587302,133.01358451331882,281180800
2025-05-15,134.6413116455078,136.1092556474961,132.47435031815246,134.10205882491402,226632600
2025-05-16,135.21051025390625,136.15919297953724,133.27323795943153,136.02937003025397,226542500
2025-05-19,135.38026428222656,135.6798322139183,132.20470706939753,132.20470706939753,193154600
2025-05-20,134.19195556640625,134.39167264198855,132.43440873143513,134.1020699305735,161514200
2025-05-21,131.6155548095703,137.2077087161811,130.40724144628157,132.87378601013486,270608700
2025-05-22,132.64410400390625,134.0621148614722,131.3658966044825,132.0449376190489,187344000
2025-05-23,131.10626220703125,132.49431639064062,128.97925335315108,129.81807417545411,198821300
2025-05-27,135.31036376953125,135.47014350181522,133.1234263008756,133.96224703921547,192953600
2025-05-28,134.621337890625,137.05792567392893,134.60136161311598,135.83963178227697,304021100
2025-05-29,138.99520874023438,143.28919402135628,137.71700129433316,142.0509238917618,369241900
2025-05-30,134.94090270996094,139.42460961066672,132.73398869983464,138.5258751739265,333170900
2025-06-02,137.187744140625,137.9266987725352,135.21050414256473,135.30038976970178,197663100
2025-06-03,141.02235412597656,141.80126124338923,137.7569264491721,138.58576663563605,225578800
2025-06-04,141.7213897705078,142.19073325311263,139.34471555965237,141.99101618842522,167120800
2025-06-05,139.79409790039062,143.79848066110154,138.63571759363617,141.97103980754113,231397900
2025-06-06,141.5216522216797,143.06948591448216,141.31193942977922,142.31053984611202,153986200
2025-06-09,142.43040466308594,144.7970831461155,141.74136782943543,142.98961854621228,185114500
2025-06-10,143.75852966308594,144.08805440763362,141.33192260937975,142.4903028059026,155881900
2025-06-11,142.6400146484375,144.79714515361243,141.6812848999734,144.41764573923192,167694000
2025-06-12,144.80712890625,144.80712890625,141.6613249598906,141.78116046611606,162365000
2025-06-13,141.78114318847656,143.38900206786707,140.6626379640278,142.29045926636147,180820600
2025-06-16,144.49754333496094,145.98555166191812,143.00951976951112,143.159329390418,183133700
2025-06-17,143.92828369140625,145.0268265438421,143.58873962374116,144.2978018718573,139108000
2025-06-18,145.28648376464844,145.4562558084884,142.92962233744194,143.81843788371728,161494100
2025-06-20,143.65866088867188,146.00552584195606,142.46024490398213,145.2565234707711,242956200
2025-06-23,143.97824096679688,144.58743022935184,141.84108794116847,142.31046402404658,154308900
2025-06-24,147.70326232910156,147.76319531946535,145.3064608232896,145.36637857516104,187566100
2025-06-25,154.10475158691406,154.24456476496755,149.06146548674553,149.0714619384952,269146500
2025-06-26,154.8137969970703,156.5115326130379,153.795149532093,155.77251147358507,198145700
2025-06-27,157.54017639160156,158.4989061985097,155.05348286000648,155.83244416127852,263234500
2025-06-30,157.7798614501953,158.4489684480595,155.7525627920192,158.1893045239527,194580300
2025-07-01,153.09609985351562,156.9909063970138,151.2885097592641,156.08211312403307,213143600
2025-07-02,157.04083251953125,157.39037305932783,152.7665268185242,152.77650803107835,171224100
2025-07-03,159.1280517578125,160.76586971787668,157.56014800239086,158.15934077500395,143716100
2025-07-07,158.02952575683594,159.09809459400483,157.1307137305003,157.98957042846925,140139000
2025-07-08,159.7871856689453,160.0068942683196,158.1793265036118,159.11807865757584,138133000
2025-07-09,162.66334533691406,164.2012901564699,160.9456320255445,161.0055497766517,183656400
2025-07-10,163.88172912597656,164.28119097215313,161.3950357038234,164.10143771292147,167704100
2025-07-11,164.7006378173828,167.66668863474402,163.25256951238498,163.50223698698784,193633300
2025-07-14,163.85177612304688,165.2698855378492,161.80449980139463,165.15003478890583,136975800
2025-07-15,170.4729461669922,172.17068192225182,168.97494134085255,170.96229989605533,230627400
2025-07-16,171.14205932617188,171.52155877211666,168.67534340451815,170.83247408910898,158831500
2025-07-17,172.7698974609375,173.92835823409905,170.60278554683865,171.79120519874627,160841100
2025-07-18,172.18069458007812,174.0182436825287,171.03221496217563,173.4090543863528,146456400
2025-07-21,171.1520538330078,173.1493936504508,170.77255439137573,172.52022673163836,123126100
2025-07-22,166.80784606933594,171.16204780548466,164.36110765827524,171.11211125862738,193114300
2025-07-23,170.55284118652344,171.03219846298632,167.74658125695927,169.30450383433347,154082200
2025-07-24,173.5089111328125,173.59878776513457,171.07215417768242,172.21063723590794,128984600
2025-07-25,173.26922607421875,174.4876045602178,172.72995103806022,173.37908037175941,122316800
2025-07-28,176.514892578125,176.7645600358027,173.7385916678285,173.78852820706248,140023500
2025-07-29,175.2765655517578,179.1414287993287,174.7872270062438,177.72331923330725,154077500
2025-07-30,179.03155517578125,179.65072563032518,175.80584046425426,176.27521653092245,174312200
2025-07-31,177.63340759277344,183.05619299307685,175.69598557745124,182.65671589592668,221685400
2025-08-01,173.4889373779297,176.3051785902702,170.66269971388826,173.85844036702034,204529000
2025-08-04,179.76058959960938,179.9603205403546,174.28788258302183,174.9270307365029,148174600
2025-08-05,178.02288818359375,180.0202279532499,175.6660266458598,179.38107983649965,156407600
2025-08-06,179.1813507080078,179.66070799076476,176.01556896990587,176.09546439011424,137192300
2025-08-07,180.52955627441406,183.63542017290519,178.56217541570945,181.32849521637667,151878400
2025-08-08,182.4569854736328,183.05619350177665,180.16004168373897,181.30852119793246,123396700
2025-08-11,181.8178253173828,183.59545638109407,180.01023537809715,181.80784410502207,138323200
2025-08-12,182.9163818359375,184.234618174838,179.22130626788388,182.7166509044063,145485700
2025-08-13,181.34844970703125,183.72528876478472,179.11143905360885,182.37707840680864,179871700
2025-08-14,181.7778778076172,182.77654758863486,179.22128560637054,179.5108931379294,129554000
2025-08-15,180.20997619628906,181.658044469753,177.8031781362909,181.6380820439347,156602200
2025-08-18,181.76788330078125,182.69665413107447,180.34977402519155,180.3597704757432,132008000
2025-08-19,175.4063720703125,182.25724785967336,175.25657768801665,182.1873336556069,185229200
2025-08-20,175.16668701171875,175.76589502196344,168.57547509149074,174.93699721113848,215142700
2025-08-21,174.7472381591797,176.66468235557974,173.57879631630271,174.61742144674352,140040900
2025-08-22,177.75326538085938,178.35245819257523,170.9722880586796,172.38041630972646,172789400
2025-08-25,179.57083129882812,181.6680441727565,176.33515059315872,178.11278178635797,163012800
2025-08-26,181.52822875976562,182.14739921043056,178.57215920342722,179.82049655621498,168688200
2025-08-27,181.3584442138672,182.24725973827816,178.86176968029795,181.73792838079515,235518900
2025-08-28,179.93035888671875,184.22464261974775,176.17536544772958,180.57950348224864,281787800
2025-08-29,173.94830322265625,177.91302365652732,172.91967451951007,177.87308356836775,243257900
2025-09-02,170.55284118652344,172.15071909272382,166.99757884564528,169.77387989783634,231164900
2025-09-03,170.39306640625,172.18069419661035,168.65539040087648,170.83248363379096,164424900
2025-09-04,171.4316864013672,171.6314173426514,169.18467902530818,170.34313981864827,141670100
2025-09-05,166.79786682128906,168.8051880252559,163.85179338392152,167.8065180303181,224441400
2025-09-08,168.08612060546875,170.73260486035574,167.12740607965867,167.32713700266137,163769100
2025-09-09,170.53285217285156,170.75256075129445,166.51821048710502,168.86507540993838,157548400
2025-09-10,177.09413146972656,179.05151589898875,175.2366048852674,176.4050468150653,226852000
2025-09-11,176.9443359375,180.0503753259473,176.25521235533765,179.45113345293117,151159300
2025-09-12,177.59349060058594,178.37249577533527,176.22522541777622,177.5435512454145,124911000
2025-09-15,177.52357482910156,178.62217970015598,174.28769658655634,175.44622258887705,147061600
2025-09-16,174.65724182128906,177.27389957504343,174.15787872389456,176.77453647764895,140737800
2025-09-17,170.0730743408203,172.97937117956877,168.1954794867923,172.42008695754546,211843800
2025-09-18,176.01551818847656,176.87442336525442,172.73969733735942,173.7583871307785,191763300
2025-09-19,176.4449462890625,177.8531538116004,174.95683884616588,175.54609885389235,237182100
2025-09-22,183.37611389160156,184.31491893588398,174.48745701577195,175.07670180251023,269637000
2025-09-23,178.2027130126953,182.18763613663097,175.9855548133895,181.73821238324945,192559600
2025-09-24,176.74456787109375,179.5509859124944,175.17656050171237,179.54100413716742,143564100
2025-09-25,177.4636688232422,180.03038734713982,172.90947958662534,174.2577508730865,191586700
2025-09-26,177.96302795410156,179.54101721374016,174.70717071687335,177.94304916264082,148573700
2025-09-29,181.61837768554688,183.7656330630971,180.09032771672483,180.20017297627672,193063500
2025-09-30,186.3423309326172,187.11135435179565,181.2488213615314,181.848063160254,236981000
2025-10-01,187.00149536132812,187.90034282726023,183.6657383394342,185.00404300205486,173844900
2025-10-02,188.64939880371094,190.80665113886596,187.82045419605362,189.35850113919957,136805800
2025-10-03,187.38099670410156,190.11751186051177,185.1438598655547,188.94900408551683,137596900
2025-10-06,185.30364990234375,186.9914995955013,183.09647356463947,185.2637075602064,157678100
2025-10-07,184.80429077148438,188.8191743935438,183.76562222076905,185.99277739696944,140088000
2025-10-08,188.86911010742188,189.35849142592937,186.30237648821537,186.33235229407293,130168900
2025-10-09,192.32470703125,195.05122522476873,190.816620752273,191.9851285494953,182997200
2025-10-10,182.92669677734375,195.37081685366852,181.81811007166195,193.26350393527704,268774400
2025-10-13,188.0801239013672,189.8678370807686,185.72312947730666,187.73056363822363,153482800
2025-10-14,179.8006591796875,184.5645869600227,179.47107773683655,184.53462639606815,205641400
2025-10-15,179.60093688964844,184.63451030281777,177.06416377208902,184.56460739230218,214450500
2025-10-16,181.5784149169922,183.0465437061986,179.5410200965125,181.99787810828644,179723300
2025-10-17,182.9866180419922,183.86550198639478,179.52103686227596,179.9504818191574,173135200
2025-10-20,182.4073486328125,184.96408521149223,181.4985041529273,182.89672994644732,128544700
2025-10-21,180.92922973632812,182.55714296878105,179.5709615871908,182.55714296878105,124240200
2025-10-22,180.05035400390625,183.20633238125785,176.53483359319367,180.9092591258601,162249600
2025-10-23,181.92796325683594,182.7968501503985,179.5609718650331,180.19017423035882,111363700
2025-10-24,186.02272033691406,187.23118563906056,183.26624175096782,183.60580497197222,131296700
2025-10-27,191.24607849121094,191.75542334831323,188.18996363054165,189.74798924630224,153452700
2025-10-28,200.77394104003906,202.89123585796654,191.66556232510956,192.80410966447576,297986200
2025-10-29,206.77627563476562,211.9197249544373,204.51915980095313,207.715080745974,308829600
2025-10-30,202.63156127929688,205.89740027142088,201.1534507471854,204.88867704045037,178864400
2025-10-31,202.23207092285156,207.70508615602077,201.81260775338424,206.18701808603035,179802200
2025-11-03,206.61647033691406,211.07078042213968,205.29814450690722,207.81493866642379,180267300
2025-11-04,198.43690490722656,203.71017785907821,197.67786326579136,202.7414122562426,188919300
2025-11-05,194.9613494873047,202.66152000582164,194.40205001057666,198.51681234435117,171350300
2025-11-06,187.84042358398438,197.36826472822915,186.1425921093966,196.169796348482,223029800
2025-11-07,187.91033935546875,188.08013622996737,178.68211848431696,184.66447901682176,264942300
2025-11-10,198.7964630126953,199.68532876518447,193.5431531870904,194.8614791513322,198897100
2025-11-11,192.91395568847656,195.17107140540628,191.05632435423007,194.91140808059743,176483300
2025-11-12,193.5531463623047,195.64048052491762,190.88654915774768,195.4706988945922,154935300
2025-11-13,186.62196350097656,191.1961309619508,183.61580336420005,190.80662838449902,207423100
2025-11-14,189.92776489257812,190.76669126639962,180.3499840264004,182.62707860640327,186591900
2025-11-17,186.3623046875,188.75924133892028,184.08521029684528,185.73310233977776,173628900
2025-11-18,181.1289825439453,184.5646030780414,179.42115405263684,183.14641371605563,213598900
2025-11-19,186.2823944091797,187.6206837111527,182.59709270204067,184.5545873026742,247246400
2025-11-20,180.40989685058594,195.7503316108911,179.62090987236718,195.70039225393623,343504800
2025-11-21,178.6521453857422,184.32490281868388,172.70971237567008,181.00913979899244,346926200
2025-11-24,182.31747436523438,183.26626122561635,176.25519889972114,179.2613745727385,256618300
2025-11-25,177.59349060058594,177.93305383278917,169.33402110596253,174.68719385821646,320600300
2025-11-26,180.03038024902344,182.67701383620675,178.01296428701193,181.3986455127995,183852000
2025-11-28,176.7745361328125,179.0616124091028,176.27517303639212,178.7819702942556,121332800
2025-12-01,179.69082641601562,180.07034727044882,173.45876908321011,174.53739527000454,188131000
2025-12-02,181.22885131835938,185.42349804109853,179.77070445469002,181.52845696763603,182632200
2025-12-03,179.36123657226562,182.21759414523953,178.88185225801445,180.8493441127912,165138000
2025-12-04,183.1566162109375,184.2952268834804,179.74078419330877,181.3987504426599,167364900
2025-12-05,182.1877899169922,184.43504894381925,180.6896172324408,183.66598269849337,143971100
2025-12-08,185.323974609375,187.7709870845105,182.17780264974235,182.41751577930148,204378100
2025-12-09,184.7446746826172,185.4937610485011,183.09669077375298,185.33395229946427,144719700
2025-12-10,183.55612182617188,185.2540478736652,181.8182359713298,184.74467463147755,162785400
2025-12-11,180.70957946777344,181.09911899111663,176.40483245042134,180.060377409269,182136600
2025-12-12,174.80679321289062,182.59729422559735,174.40727135263347,180.88937065842447,204274900
2025-12-15,176.0752410888672,178.20265125135413,174.8167814768023,177.7232402429772,164775600
2025-12-16,177.50350952148438,178.27257580423,174.68693742218818,176.0452813318811,148588100
2025-12-17,170.7317657470703,175.91544580087532,170.10252832729947,175.88548356566727,222775500
2025-12-18,173.9278564453125,175.93540231223645,171.6106906687844,174.3173807251694,176096000
2025-12-19,180.76951599121094,181.2289470656948,176.12517166919682,176.45477147838753,324925900
2025-12-22,183.4662322998047,183.935660967629,182.1278683380167,183.6959478478248,129064400
2025-12-23,188.97950744628906,189.099356383118,182.67718160782493,182.7471036477755,174873600
2025-12-24,188.38023376464844,188.67987134928,186.36269028434322,187.71105179508496,65528500
2025-12-26,190.2978973388672,192.45526970950266,187.7709805748158,189.68863982420257,139740300
2025-12-29,187.99070739746094,188.53004285167208,185.68352392965699,187.4813341773615,120006100
2025-12-30,187.31153869628906,188.75978454971104,186.70228116711607,188.01069817319677,97687300
2025-12-31,186.27281188964844,190.32786369396138,186.26282955778902,189.33907943283364,120100500
2026-01-02,188.6199493408203,192.69496568024334,188.03065649528438,189.60873357074172,148240500
2026-01-05,187.89083862304688,193.39413642527967,185.9232371396652,191.52640398377517,183529700
2026-01-06,187.0119171142578,191.935904267691,186.5924305704924,190.2879203285983,176862600
2026-01-07,188.87962341308594,191.13686475404677,186.3327268208183,188.34028795646717,153543200
2026-01-08,184.81459045410156,189.31910643994627,183.48622397884648,188.87963997886857,172457000
2026-01-09,184.63479614257812,186.1129888751533,183.44624341374129,184.8545293482555,131327500
2026-01-12,184.71470642089844,186.89204340473577,182.79704721562317,182.99680052530172,137968500
2026-01-13,185.58364868164062,187.88084992986475,183.17658082293008,184.7746378408776,160128900
2026-01-14,182.91688537597656,184.23528457453645,180.57973978602013,184.0954557419801,159586100
2026-01-15,186.8221435546875,189.46890929684608,186.103019420931,186.27281050248445,206188600
2026-01-16,186.0031280517578,190.20800608356458,185.85331687968656,188.84966224271636,187967200
2026-01-20,177.8530731201172,182.1578200140757,177.39362681050815,181.67839380225757,223345300
2026-01-21,183.09669494628906,185.15418310637224,178.18267486272933,178.8318922054109,200381000
2026-01-22,184.6148223876953,185.94320399708803,183.70592730123704,184.52493568425237,139636600
2026-01-23,187.44137573242188,189.3690325020707,186.59242035942677,187.27158465782284,142748100
2026-01-26,186.2428436279297,188.88960930416175,185.76343263076708,186.93200550896393,124799600
2026-01-27,188.29034423828125,189.76853699604698,185.47377232125424,187.01190478720812,143711600
2026-01-28,191.2866973876953,192.1156881225865,189.60873601436586,191.03700193406064,148552700
2026-01-29,192.27548217773438,193.244301759811,185.83334250366076,191.10690928022157,171764400
2026-01-30,190.8971710205078,194.25307849059112,189.23918956869622,190.97707539362895,179489500
2026-02-02,185.38389587402344,190.0681850900544,184.6547894061738,186.97195532434574,165794100
2026-02-03,180.12030029296875,186.04308409913696,176.01530661894333,186.01312186532803,204019600
2026-02-04,173.97779846191406,179.36123157735668,171.70057725198066,179.24138264216026,207014100
2026-02-05,171.6706085205078,176.604592702014,170.82163795446576,174.71688060291817,206312900
2026-02-06,185.1841278076172,186.77218713146127,174.3872995354016,176.47474973392875,231346200
2026-02-09,189.80848693847656,193.42408742490235,183.7259094221984,184.03552934237337,196387400
2026-02-10,188.31031799316406,192.24552080983682,187.89083145679504,191.1468699498802,136764800
2026-02-11,189.8184814453125,193.0245624433192,188.54004197866425,192.2155516352278,144192700
2026-02-12,186.7122802734375,193.3741533411549,186.28279615580217,192.79485804306626,189932500
2026-02-13,182.58731079101562,187.27160018883805,181.36879569323744,187.25162028422807,161888000
2026-02-17,184.7446746826172,186.92201173748992,178.9617194034806,181.5285959992061,162276900
2026-02-18,187.75099182128906,190.13807962880853,186.53247684939709,188.52005804720127,164749100
2026-02-19,187.6710968017578,188.20044994409497,185.43383529156333,186.8321237354349,126554500
2026-02-20,189.58877563476562,190.09814888521723,185.71349722992974,186.342734664171,178422300
2026-02-23,191.31666564941406,193.71373598373438,189.3490641935772,191.16683922839312,171584800
2026-02-24,192.61508178710938,193.53395924081437,187.171708627792,191.2567378902843,175123600
2026-02-25,195.32176208496094,197.38924768090467,193.5539140704845,194.2131137016724,250637100
2026-02-26,184.66476440429688,194.0533071271398,184.09546670933034,194.03334246429932,360807900
2026-02-27,176.97415161132812,182.36756729714082,176.1651407824763,181.0292033274304,311636500
2026-03-02,182.25770568847656,183.2365228635074,174.42725972943845,174.79680413295333,209095300
2026-03-03,179.83065795898438,180.67961330625172,176.70446619030554,178.27256086028186,178099400
2026-03-04,182.8170166015625,184.47499807110998,179.84065106191534,180.22019302825058,177731200
2026-03-05,183.1166534423828,183.83577756501342,177.6633132926684,180.94929874286032,198779700
2026-03-06,177.60337829589844,182.5373473445644,176.60459654479845,179.6209064601764,189021900
2026-03-09,182.427490234375,182.68718325690133,175.34613090826778,176.61458806542097,177213600
2026-03-10,184.544921875,186.21288569214076,181.7882742872215,182.17779858894656,179118500
2026-03-11,185.8134307861328,187.40157611978597,184.23526832414757,185.6935753620157,145280400
2026-03-12,182.9268035888672,184.72471123223085,181.53842231669145,183.83574790315467,155762700
2026-03-13,180.0401611328125,185.87335881208497,179.73052445930352,184.70472270189353,160988400
2026-03-16,183.0067138671875,188.66012868968363,181.19882333613754,182.7570048934839,217307400
2026-03-17,181.71820068359375,185.1841623368753,181.4684917186082,184.8445618023411,182497800
2026-03-18,180.1899871826172,183.16652908726184,180.12007659614625,182.26756764801692,156683100
2026-03-19,178.3521270751953,179.77047215436778,175.5853475010711,177.80276430906588,170968500
2026-03-20,172.4989471435547,178.05247199547227,171.52009228430225,177.79278016290237,241323500
2026-03-23,175.43553161621094,178.16234927411983,174.55655117338722,177.0536408486584,182836300
2026-03-24,174.99603271484375,176.01484951930743,173.777451794472,174.6264683383626,147667800
2026-03-25,178.47198486328125,181.00903649280792,176.64412864426953,176.89383761026875,162602100
2026-03-26,171.04066467285156,176.30451888215924,170.9407749866337,175.86504388946904,186152200
2026-03-27,167.32498168945312,170.77096223786808,166.81556566439232,169.80209026823204,196212700
2026-03-30,164.97772216796875,169.25273855906806,164.07877596313077,168.58352034150624,185627000
2026-03-31,174.1969757080078,174.41672082635512,166.7656493784466,166.77563225072552,226181300
2026-04-01,175.54541015625,177.16351944386196,174.54657425208924,175.79511913229018,168132000
2026-04-02,177.18348693847656,177.28337661769746,171.170490985778,171.97954556798163,143143200
2026-04-06,177.43319702148438,177.58301630024127,175.55538077559635,176.953760088437,107564300
2026-04-07,177.89266967773438,178.0225079733855,173.4578360976707,175.52541836668527,132534900
2026-04-08,181.8680419921875,185.0443328296099,180.09011531444295,184.28522303450282,147732700
2026-04-09,183.69590759277344,183.86570786090292,180.40972906189933,181.6283100364998,116428500
2026-04-10,188.41041564941406,189.77881591864653,184.08545448929232,184.09543736125556,160459500
2026-04-13,189.08961486816406,189.43921351677633,185.52377876103736,185.81343445538195,133648200
2026-04-14,196.28123474121094,196.28123474121094,190.54792650193752,190.61783708872017,161307000
2026-04-15,198.63848876953125,200.166706463506,195.5121427945441,196.31119931453722,185338400
2026-04-16,198.1190948486328,199.6173486077875,195.58204328148997,197.20015246424893,134012900
2026-04-17,201.44520568847656,201.46518667284232,199.03802288778024,199.66727910555997,160324400
2026-04-20,201.82476806640625,201.9346406188145,197.6096795882359,199.7471876833392,119381400
2026-04-21,199.64732360839844,202.51397775047528,198.76834314349978,201.89470437258373,107945300
2026-04-22,202.26426696777344,202.26426696777344,198.76834136586132,200.75603026628932,107501000
2026-04-23,199.4075927734375,203.59271751351986,196.99041179336916,202.22431724671497,113561800
2026-04-24,208.0275421142578,210.70441481695215,199.57738430538978,199.72721882416832,214134400
2026-04-27,216.3578338623047,216.5775789683675,207.13858324348888,209.4059296471886,187172400
2026-04-28,212.92184448242188,214.4800260296235,207.95762889823203,209.24613572912838,180275400
2026-04-29,209.00640869140625,212.47237042757808,207.33835459433345,212.4523894424142,123711800
2026-04-30,199.33767700195312,210.05518135667162,198.46867945247158,209.68560172993963,225239200
2026-05-01,198.21897888183594,202.76368521944246,196.89052532216473,201.0456862731779,128647000
2026-05-04,198.24893188476562,201.49514834231712,194.51329562325486,199.26774870200734,125368100
2026-05-05,196.271240234375,200.00689171848026,195.80178617585554,199.06798360144137,113406600
2026-05-06,207.5880584716797,208.0275486883452,198.37879062945476,199.65729931010404,188362800
2026-05-07,211.2537841796875,213.95063795079753,206.25960488465944,208.0974592073836,168307900
2026-05-08,214.94947814941406,217.5464575316693,212.642169707093,212.7820061205359,136421400
2026-05-11,219.18453979492188,222.04121091513153,213.64099781886503,213.79081709888328,160685800
2026-05-12,220.52297973632812,223.48952345691538,214.6698009927987,218.29558003818886,159176600
2026-05-13,225.56710815429688,227.57476278227756,221.3120728008497,224.6681467194947,150405400
2026-05-14,235.465576171875,236.26463268418732,229.03307065698914,229.58243343997336,180782900
2026-05-15,225.05770874023438,231.23050718880455,223.97896415639156,229.49252726355346,180977600
2026-05-18,222.0612030029297,229.7322553439391,218.1157890335498,229.60240180074675,146280900
2026-05-19,220.35317993164062,224.21866983705235,217.6563261548179,219.36432694236115,140948200
2026-05-20,223.20985412597656,225.8667612103758,220.2433103590018,222.9201831873553,184201600
2026-05-21,219.25445556640625,227.13526994336974,217.6762930684293,222.03121805596584,203381800
2026-05-22,215.07933044433594,220.75271088945502,214.54994865072538,220.64283833374193,169275700
2026-05-26,214.60987854003906,217.92600574795006,211.75320730356688,216.28791550863897,187202600
2026-05-27,212.35250854492188,213.90069192498567,208.53694826896,213.87072806866348,167601200
2026-05-28,214.00057983398438,215.2691056248748,210.97410844231206,211.03403615445995,143996000
2026-05-29,210.8942108154297,217.6063892667686,210.88422794322287,214.33020874183248,289410600
2026-06-01,224.09881591796875,224.60821672379726,215.44889364463796,215.47885750139108,212850700
2026-06-02,222.56060791015625,232.00958636747916,221.09231801448135,226.91551751623658,193362900
2026-06-03,214.5,222.56061267075634,214.2602739078757,221.46188713313538,160907000
2026-06-04,218.66000366210938,221.60000610351562,210.97000122070312,213.91000366210938,169022200
2026-06-05,205.10000610351562,214.8699951171875,204.3300018310547,214.52999877929688,219655500
2026-06-08,208.63999938964844,210.47000122070312,206.0,210.17999267578125,138372800
2026-06-09,208.19000244140625,211.39999389648438,199.33999633789062,210.6199951171875,180962500
2026-06-10,200.4199981689453,207.22000122070312,199.9199981689453,204.42999267578125,161746600
2026-06-11,204.8699951171875,205.66000366210938,199.5399932861328,201.49000549316406,158643200
2026-06-12,205.19000244140625,207.07000732421875,203.44000244140625,204.86000061035156,112001800
2026-06-15,212.4499969482422,212.7100067138672,208.33999633789062,208.9199981689453,149936700
2026-06-16,207.41000366210938,211.49000549316406,207.2899932861328,211.17999267578125,125694100
2026-06-17,204.64999389648438,209.2100067138672,203.0800018310547,208.52999877929688,128363500
2026-06-18,210.69000244140625,211.38999938964844,206.5,207.3300018310547,241272000
2026-06-22,208.64999389648438,213.99000549316406,207.72000122070312,211.44000244140625,122041400
2026-06-23,200.0399932861328,203.77000427246094,200.0,202.1699981689453,153496200
2026-06-24,199.0,201.6699981689453,196.5800018310547,200.1199951171875,151810700
2026-06-25,195.3249969482422,200.7899932861328,192.1300048828125,200.0800018310547,117561120
