Date,Close,High,Low,Open,Volume
1999-03-10,43.02705764770508,43.106054693569895,42.36874893216491,43.079722344948294,5232000
1999-03-11,43.237701416015625,43.59318799891222,42.39506655285332,43.34303077391091,9688600
1999-03-12,42.184417724609375,43.1060498222132,41.842097231213664,43.079717476567374,8743600
1999-03-15,43.39569854736328,43.44836323006639,42.05274913843395,42.500398941410396,6369000
1999-03-16,43.76437759399414,43.94870409408918,43.10606866508328,43.5800510938991,4905800
1999-03-17,43.4483528137207,43.81700550426136,43.31669113852761,43.764340834184125,3965000
1999-03-18,44.291011810302734,44.31734415977378,43.38254575355158,43.395711928287106,4848400
1999-03-19,43.158721923828125,44.87032468468769,43.13238957366105,44.87032468468769,7160400
1999-03-22,42.63206100463867,43.44836359336245,42.553063979923465,43.34303422707551,5024800
1999-03-23,41.131134033203125,42.5530810484355,41.05213697680133,42.3950869356319,10962400
1999-03-24,42.526737213134766,42.55306955815838,40.86779947664716,41.49977575721387,8447000
1999-03-25,44.08034896850586,44.08034896850586,42.901976437836424,43.185049168667625,8133800
1999-03-26,43.60637664794922,44.212020768059624,43.422050176611265,43.71170606014233,8256200
1999-03-29,45.18632125854492,45.212653613590696,43.869703506256315,44.13302705671404,5113800
1999-03-30,44.87031936645508,45.50229569556008,44.68599293713278,45.13364283691549,4940600
1999-03-31,44.21202087402344,45.660300295149874,44.08035910846649,45.607635588927096,8256600
1999-04-01,45.13364028930664,45.55495781826166,44.396334613635354,45.50229312714229,8715800
1999-04-05,46.76625061035156,46.83208148114316,45.58129493610279,45.86436768050667,5697200
1999-04-06,46.858421325683594,47.37190220000269,46.31860809883531,46.71359338677308,7522400
1999-04-07,46.371246337890625,47.39820750039927,45.3706175128822,47.29287815039839,11923600
1999-04-08,46.73991394042969,46.963738880426114,45.34429960868728,46.29226406043684,7952400
1999-04-09,47.029563903808594,47.134893274253855,46.52924939419361,46.660911107250186,4946800
1999-04-12,46.71358108520508,47.02956923234288,45.87094602617094,45.923610717360575,10934000
1999-04-13,46.08161926269531,47.10858106340681,45.71296630859375,47.00325164794922,9962200
1999-04-14,44.50166320800781,46.713580195861454,44.244922843346224,46.66091550567446,21253800
1999-04-15,45.10730743408203,45.17972138355297,43.07971684889562,44.65965756462529,17650600
1999-04-16,43.79069137573242,45.001979291116484,43.55370026185293,45.001979291116484,17274000
1999-04-19,41.73677062988281,44.44900241214018,41.295703810923484,44.08034954853238,19460600
1999-04-20,42.684722900390625,43.02704331846902,41.15744718896394,41.5524322867467,17413600
1999-04-21,44.79132080078125,44.817653146931036,42.500406685750114,43.07971830104534,10940400
1999-04-22,46.00262451171875,46.134286287653836,44.9164148602543,45.21265385610824,13630600
1999-04-23,46.60826110839844,46.950581670211534,45.29164356296345,45.76562587932005,7064400
1999-04-26,47.681297302246094,48.030200899791176,46.77283133127965,46.92424232644073,5421000
1999-04-27,46.9505729675293,48.26719026891823,46.35151209539733,48.03019915466822,16482800
1999-04-28,45.34431457519531,46.713597013006094,45.14023882725236,46.55560288556639,7676800
1999-04-29,44.97564697265625,45.39696450869987,44.02768251655811,45.13364104867261,19148200
1999-04-30,45.265316009521484,45.84462779091152,43.65904243384911,45.607636607615596,15295200
1999-05-03,45.028297424316406,45.317953138741835,44.271242716159044,45.133626775016566,11109800
1999-05-04,44.31736373901367,45.818308321974925,44.054040127967845,45.107334572151174,15428400
1999-05-05,45.66029739379883,45.66029739379883,43.00072989854296,44.34367982188998,12642600
1999-05-06,44.00135040283203,45.63395586361934,43.580032864564345,45.23897067149338,15173400
1999-05-07,44.63331985473633,44.76498156522228,43.4483644603628,44.39632877586162,16430400
1999-05-10,45.080955505371094,45.38377734433825,44.39631482596709,44.922961502431704,10604200
1999-05-11,45.79195022583008,46.028941342582506,45.1863062607961,45.44962972385435,8800800
1999-05-12,46.73991394042969,46.89790801572128,44.659658615757046,46.00260825573559,12507400
1999-05-13,45.87095642089844,47.187573998995404,45.66029760840292,47.10857694430959,9864000
1999-05-14,45.00196075439453,45.50227512205603,44.659640397573504,44.97562841925445,12205400
1999-05-17,45.81171417236328,45.94995903478887,44.16594200063016,44.60700894265464,9906800
1999-05-18,45.60764694213867,46.02896469680046,45.080999748811436,45.76564110013684,9267800
1999-05-19,46.23960494995117,46.265937299011505,45.08098159129636,45.791955015925446,7985600
1999-05-20,44.96907424926758,46.3383565569601,44.8966602810723,46.3383565569601,5997200
1999-05-21,44.55434036254883,45.23898152651235,44.31734919040761,45.10731976421167,10958600
1999-05-24,43.42204666137695,44.712331856287484,43.132390801294996,44.63333480353786,9569800
1999-05-25,42.00009536743164,44.00135383008042,41.815768930082406,43.369377473454485,17771200
1999-05-26,43.171871185302734,43.3430313943326,41.236444206272694,42.553061198810134,26772000
1999-05-27,43.13238525390625,43.75777850774036,42.44774421812996,43.00072351625696,23334800
1999-05-28,43.84336471557617,44.08035587620091,42.84273537071618,43.39571474550723,12969800
1999-06-01,42.86906814575195,43.9750269062689,42.63207698278404,43.76436809474186,6960200
1999-06-02,43.59319305419922,43.817017965682574,41.769678334173065,42.84272129216679,11996600
1999-06-03,42.9743766784668,43.922340869903564,42.71105329195658,43.922340869903564,11147800
1999-06-04,44.291011810302734,44.44242281976126,43.290382530402916,43.290382530402916,12987200
1999-06-07,45.21262741088867,45.495700063577694,44.501654236692985,44.60040051088683,11491800
1999-06-08,44.08034896850586,45.52862805647947,43.84994093178278,45.317969280046945,8134800
1999-06-09,44.81765365600586,44.942732301638074,44.21200968768145,44.23834203413034,8384400
1999-06-10,44.3041877746582,44.60700986048796,43.77095758004493,44.34368630759252,9392400
1999-06-11,43.63269805908203,44.65307648381916,43.237712862409595,44.606994877540714,16567600
1999-06-14,42.80982208251953,43.79070221327386,42.71107576063151,43.79070221327386,14136800
1999-06-15,43.4483528137207,43.70509308034723,42.790044437755235,42.91512302918868,9147800
1999-06-16,45.68003845214844,45.68003845214844,44.47533359024569,44.5279982836622,15060200
1999-06-17,46.18693542480469,46.397594195271296,45.08097687985497,45.08097687985497,16278200
1999-06-18,46.397605895996094,46.52926766074069,45.68663236637527,45.76562942522203,5392800
1999-06-21,47.78662872314453,47.812961071249305,46.63458849356052,46.713585537874856,10565200
1999-06-22,46.344940185546875,48.109207794883034,46.344940185546875,47.50356369018555,10862800
1999-06-23,47.07565689086914,47.187569374038596,46.05527836785352,46.35151729389031,9607000
1999-06-24,46.14085006713867,47.082231371119384,45.92360822775851,47.0558990269521,14988800
1999-06-25,46.08161926269531,46.81892517089844,45.660301600864955,46.450272216796876,8635600
1999-06-28,47.17438888549805,47.240219737975714,46.09476290486426,46.47658184923475,7666200
1999-06-29,47.819549560546875,48.003876018104044,46.897917272761,47.13490843247737,9000400
1999-06-30,48.55684280395508,50.50543627873419,47.29947336583748,47.86561876729357,19467600
1999-07-01,48.8859977722168,49.162487390643015,47.87220250465399,48.71483753223866,6822600
1999-07-02,49.50481414794922,49.55747884385129,48.87283779712433,48.87283779712433,3302000
1999-07-06,49.18882751464844,50.268453814488154,48.925504026882656,49.76813918773316,8794800
1999-07-07,49.267818450927734,49.478477215015076,48.82016857724212,49.16248906888406,10520000
1999-07-08,49.92612075805664,50.130196409889415,49.03082112420963,49.267812203757366,11225000
1999-07-09,50.42645263671875,50.479117339211406,49.741811504314214,50.11046442176281,4206800
1999-07-12,50.16311264038086,50.87408589040201,49.873456871853726,50.61076246446825,7816200
1999-07-13,49.92612075805664,50.11044715326043,49.53113562547708,49.92612075805664,6230000
1999-07-14,50.77533721923828,50.87408349932237,49.71546047966906,50.4264336962745,6909400
1999-07-15,51.24274826049805,51.24274826049805,50.67001970208806,50.95309243785392,6539800
1999-07-16,51.71673583984375,52.00639169230723,51.249336623368585,51.26908588603655,4913800
1999-07-19,51.19007873535156,51.92738439614881,50.9860030613809,51.92738439614881,6833000
1999-07-20,49.215152740478516,50.63709936861434,49.08349101565113,50.56468541995927,14837400
1999-07-21,49.45215606689453,49.88005677833598,48.925509037428135,49.32049430952794,10980400
1999-07-22,48.19478225708008,49.45215193487031,48.056537423396335,49.45215193487031,15148400
1999-07-23,48.2672004699707,48.76093206233947,47.766885789703686,48.55685633749371,12115000
1999-07-26,47.08224868774414,48.135542841832375,47.00325162618752,47.60889576478826,10720000
1999-07-27,48.03020477294922,48.76751054797256,47.622053361775585,48.03020477294922,13732800
1999-07-28,48.971595764160156,49.24150239493453,47.98413248083928,48.60952589360917,10161800
1999-07-29,47.92487716674805,48.45152416858044,47.45089486509889,48.05653891720615,13033800
1999-07-30,47.68789291381836,48.662190008137124,47.61547894059197,48.13554293012698,10947400
1999-08-02,47.55623245239258,48.71485605588387,47.371905970018965,47.76689128939099,9642400
1999-08-03,47.24681854248047,48.21453239586553,46.55559436149113,48.207949308427544,13005000
1999-08-04,46.39101791381836,47.602306021685905,46.35151938856181,47.246819294376955,13227600
1999-08-05,47.1283073425293,47.1283073425293,45.291626556306966,46.39758487919353,18695200
1999-08-06,46.621421813964844,47.66154955282484,46.292267466224345,46.792582074789905,12392200
1999-08-09,46.022361755371094,46.92424468492135,45.93019853629296,46.79258294338116,7983400
1999-08-10,45.60764694213867,46.23304048421476,44.607017274816926,45.89730289846865,16767200
1999-08-11,47.10857391357422,47.187570963177755,45.72612554551237,46.423932817010254,13101400
1999-08-12,46.55556869506836,47.60886210445905,46.450239354129295,47.29287408164184,12715000
1999-08-13,48.583194732666016,48.63585944240332,47.45090347331391,47.52990053791987,14342600
1999-08-16,48.971595764160156,49.13617297804697,48.240872934502704,48.55686118516539,11470600
1999-08-17,49.215152740478516,49.45214384516782,48.31985301165226,49.39947915523687,11408400
1999-08-18,48.66218185424805,49.583814086336076,48.47785540783044,48.9781700481068,7035200
1999-08-19,48.082862854003906,48.556845072718076,47.773457794565495,48.21452458142451,10157800
1999-08-20,48.846492767333984,48.846492767333984,47.87219614609875,48.135519557243406,6920800
1999-08-23,50.40009689331055,50.40009689331055,49.18222621341733,49.29413865427239,9652000
1999-08-24,50.742427825927734,51.29540706014905,49.932708232960806,50.03145452478604,13891400
1999-08-25,51.82206726074219,52.032726070745206,50.50544969822333,51.05842907448125,11352000
1999-08-26,50.95966339111328,52.006373955534805,50.880666367383355,51.82204756683164,9753000
1999-08-27,50.452781677246094,51.34808156087155,50.32111992965412,51.341498473491946,9635400
1999-08-30,49.741817474365234,50.8214440050423,49.61015570233145,50.66344987860175,10141600
1999-08-31,50.29477310180664,50.610761205064065,48.97815600490071,50.08411436630169,14590400
1999-09-01,50.65684509277344,51.084745668605834,50.294775374761414,50.610763492299185,10752000
1999-09-02,50.47911834716797,50.74244186488924,49.610150738687764,49.715480145776276,14583200
1999-09-03,52.79633712768555,52.81608638097521,51.74304361890379,51.9273699829406,14195400
1999-09-07,52.55938720703125,53.21769616503515,52.48039013207078,52.69104899863203,9009000
1999-09-08,51.8484001159668,52.7700324186884,51.42708249186549,52.24338538856177,14303400
1999-09-09,52.585716247558594,52.71737803085243,51.6114190511842,51.87474261777187,12677600
1999-09-10,53.19136047363281,53.711424517867584,52.69104569690062,53.29668990031327,10251000
1999-09-13,52.55278778076172,53.24401197179015,52.26971501681674,53.13868257125248,7240800
1999-09-14,52.842430114746094,53.21108292232375,52.24336930243242,52.34869867602603,10022600
1999-09-15,51.82206726074219,53.50075465295373,51.76940255824144,53.50075465295373,16096000
1999-09-16,51.79571533203125,52.269697475384866,50.72267242416126,51.79571533203125,15371000
1999-09-17,53.34933090209961,53.45466028196555,52.19070772357425,52.2697047584737,14506400
1999-09-20,53.474422454833984,53.71799670459748,53.11235262410447,53.50733789399121,6187200
1999-09-21,52.19070816040039,53.11234024194127,52.03929717557582,53.007010861193734,12265800
1999-09-22,52.74369812011719,53.02018780072689,51.63773939767839,52.26971581050056,12441800
1999-09-23,50.5581169128418,53.402010989189144,50.24871177027622,53.29668157895406,19766000
1999-09-24,50.6239128112793,50.8214053189956,49.39945926343821,50.24209396302778,23570800
1999-09-27,50.97941970825195,51.716725365189475,50.821425638908195,51.348072536720714,12608800
1999-09-28,51.21641540527344,51.400741836037916,49.63647457014932,50.72268389429715,20622000
1999-09-29,50.18943786621094,51.58505182576455,50.18943786621094,51.216399081731524,15557000
1999-09-30,50.716102600097656,51.24274956375391,50.03146154734452,50.66343790373203,17604200
1999-10-01,50.73586654663086,50.73586654663086,49.50482891276295,50.031476028856176,19607400
1999-10-04,51.874725341796875,52.05905177702153,50.71610203467045,51.005757861452054,12434200
1999-10-05,52.2433967590332,52.875373332731186,51.13743775506173,52.05907025837129,19526400
1999-10-06,53.29009246826172,53.369089517010224,51.76281619245731,52.55936976733806,19098200
1999-10-07,53.16499710083008,53.8430548895108,52.770011981210246,53.58631456175791,22013600
1999-10-08,53.724578857421875,53.87598987491001,52.24338412112486,52.954357594547425,22523200
1999-10-11,54.48162841796875,54.50796076616496,53.74432266847473,53.87598440945581,13016000
1999-10-12,53.24399948120117,54.731776914775786,53.086005417458736,54.297293239484084,20182800
1999-10-13,51.6640625,53.27033559505607,51.45340373343527,52.63835929536187,22570600
1999-10-14,51.98665237426758,52.34872225910799,51.00577214079083,51.84840750914669,22130400
1999-10-15,50.452781677246094,51.40074625990834,50.143376570404946,50.66344047339326,33703000
1999-10-18,49.814208984375,50.68975937355458,48.37909631639644,50.50543297583256,24714800
1999-10-19,50.084110260009766,50.61075705559347,49.241475387075845,50.35401674274641,26657200
1999-10-20,51.61140060424805,52.02613507338933,50.34744793638891,50.84776253408315,22486400
1999-10-21,52.45402145385742,52.45402145385742,50.400098927049754,50.76875168827164,22454800
1999-10-22,52.2170524597168,53.29667885953948,52.032726001210484,52.76344874743194,16589400
1999-10-25,52.2433967590332,52.816125528947,51.769414328759716,51.98007318665904,13855400
1999-10-26,51.82206726074219,53.165017174511426,51.71673785574068,52.87536131075728,13542400
1999-10-27,51.74306106567383,51.92738749186198,50.93334140777588,51.69039637247722,15225200
1999-10-28,53.533660888671875,53.71798731573567,52.08538181888488,52.55936405990608,14103800
1999-10-29,55.40327072143555,55.824588369507296,54.586967778296525,54.771294249327916,19000000
1999-11-01,55.11359405517578,56.06155840586203,55.04118011172058,55.40324982899658,9681800
1999-11-02,55.14651870727539,56.08790012963905,54.93585992744576,55.40325909519275,12834800
1999-11-03,56.245887756347656,56.56187588981028,55.77190555615371,55.929899622885024,18752600
1999-11-04,56.87785720825195,57.14118062125312,56.27221335834927,57.029268170727626,20048600
1999-11-05,57.457191467285156,58.3261590742606,57.457191467285156,58.03650320526879,15134600
1999-11-08,58.615806579589844,58.81988227635167,57.48351561691133,57.66784205269621,10890800
1999-11-09,58.22083282470703,59.19512989142533,57.720518114770606,59.089800478807135,14629800
1999-11-10,58.98445129394531,59.484765836170745,57.983822209494456,58.247145652770996,16561000
1999-11-11,60.03776168823242,60.11675874308536,59.08979702999717,59.61644406235009,18501400
1999-11-12,60.82769012451172,60.88035479128619,58.45778011966061,60.3537081235415,28646600
1999-11-15,60.70922088623047,61.09103988551493,60.40639892128072,60.88038112728902,10909400
1999-11-16,62.249691009521484,62.53934693215462,60.669749613340734,60.93307317937086,19126400
1999-11-17,61.40700912475586,62.51955034925026,61.09102108466278,62.24964389833742,21683600
1999-11-18,63.28978729248047,63.28978729248047,61.459689428187815,61.82834223538345,17738400
1999-11-19,63.855953216552734,63.96128262392024,62.77632679103576,63.01331795761266,17939400
1999-11-22,62.88169479370117,65.30427265007492,62.88169479370117,63.987654249871795,18841800
1999-11-23,63.17129135131836,64.4615761684149,62.56564745757916,64.4089114820028,24047600
1999-11-24,65.25159454345703,65.50833507888831,62.69735537044842,63.35566443565683,18617800
1999-11-26,65.46221923828125,66.38385144799156,65.19889574979258,66.06786326180517,8045200
1999-11-29,64.382568359375,65.88351167082055,64.30357134298313,65.33053255607746,20485200
1999-11-30,61.93370056152344,64.61960084097726,61.93370056152344,64.51427141825359,23702400
1999-12-01,63.27663040161133,63.592618568410884,62.14433947057958,62.618321720778916,23205800
1999-12-02,65.28445434570312,65.40953296147083,63.47410595959156,63.51360446983399,17229200
1999-12-03,66.67352294921875,67.56882302041679,66.48919646397209,66.83151707943017,21444600
1999-12-06,67.27913665771484,67.83211586312072,66.30483996247592,66.93023311144685,16018400
1999-12-07,67.27913665771484,67.75311883377702,66.42991859227011,67.48979540263137,23397000
1999-12-08,66.46284484863281,67.82554382680901,66.30485076420658,67.29889687872159,19563000
1999-12-09,66.7788314819336,67.77946066029064,65.09356128680594,67.41080780510646,28445400
1999-12-10,67.3318099975586,67.56880111604825,65.83086624712416,67.3318099975586,20428400
1999-12-13,68.24685668945312,68.53651249097102,66.80516076826183,67.10139965617785,16209200
1999-12-14,67.01586151123047,68.43780906392455,66.5682113557527,68.04282363262064,27760200
1999-12-15,68.30611419677734,68.30611419677734,65.67287926243743,66.2521909479922,31797200
1999-12-16,69.99140167236328,70.14939580706388,68.88544272945913,69.20143099886032,27219600
1999-12-17,70.5970458984375,71.51867835141971,70.30080689569321,71.2026900818258,23892400
1999-12-20,71.5186538696289,71.83464203105584,70.51802469177696,71.12366866784525,15392000
1999-12-21,75.36319732666016,75.36319732666016,71.32118097807793,71.72933246604552,26003800
1999-12-22,75.12620544433594,75.25786721342871,73.67792598431544,75.15253779815448,22313600
1999-12-23,76.02146911621094,76.4691189170338,74.99450780844086,75.72523027743111,17543600
1999-12-27,75.57381439208984,76.12679352178806,74.07287104005182,76.10046118227862,19281800
1999-12-28,75.099853515625,76.25847678164446,74.62587127043523,75.62650045472475,15346400
1999-12-29,77.94376373291016,77.94376373291016,75.73184611346271,75.83717552391259,16512600
1999-12-30,77.1010971069336,78.99702572431721,77.1010971069336,78.89169635668478,21887000
1999-12-31,76.99576568603516,78.52304147597702,76.99576568603516,78.04905933427094,14464400
2000-01-03,79.83966064453125,81.05094837198786,76.46912088117374,81.05094837198786,36345200
2000-01-04,74.36257934570312,78.78641551074496,74.09925576445063,77.522462320733,33786600
2000-01-05,72.46661376953125,75.52116580342137,70.99200244282567,73.73056633527888,42496600
2000-01-06,67.48977661132812,74.15185756437768,67.20012091771727,73.20389347619671,37134800
2000-01-07,75.837158203125,75.837158203125,69.51739501953125,69.88604787190755,28138200
2000-01-10,77.94376373291016,79.15505195308376,75.78451081868765,76.67981080751161,29675600
2000-01-11,74.15190124511719,78.2597480470484,73.3092660036954,77.31178340044889,32546600
2000-01-12,72.51927947998047,75.1985956336072,72.46661478900009,74.99451995605824,29050000
2000-01-13,76.89044952392578,77.10110828974476,73.37508136932165,74.57320309991707,25165200
2000-01-14,78.6810531616211,78.8917119384929,77.52242988882614,78.36506499631338,21898600
2000-01-18,79.10240936279297,79.57639184233035,77.04848528479768,77.57513248428366,16752400
2000-01-19,80.8929672241211,80.8929672241211,77.88449668201307,78.77979644946754,19006000
2000-01-20,80.10301971435547,81.63029622435963,79.21430277965479,80.47167266504613,25958000
2000-01-21,81.10364532470703,81.36696884848855,80.10301593433728,81.31430414373224,18698200
2000-01-24,77.2064208984375,82.26223017964486,76.65344175830543,82.10423613960714,28340400
2000-01-25,78.36507415771484,79.30645567691454,75.33685388616335,77.41710955096829,33276200
2000-01-26,75.20516967773438,78.62837417987214,74.99451093914128,78.57570949522386,23095600
2000-01-27,76.3111801147461,77.94378645260471,73.83593824767013,77.3118098056917,30739200
2000-01-28,72.46661376953125,76.23213912165441,71.41331996474155,75.83715394485829,35313800
2000-01-31,75.57381439208984,75.83713778718423,70.36001116922093,72.36126897193829,36014600
2000-02-01,77.60144805908203,77.94376866470404,74.52056260848393,75.4421950082355,26417600
2000-02-02,78.25972747802734,79.81333579606355,77.60141886868996,77.73308059055745,26169200
2000-02-03,81.31427764892578,81.41960702411869,77.75941123616509,79.47101358304987,30579800
2000-02-04,81.86727142333984,82.78232053300889,81.0773009689493,81.73560968094142,26640000
2000-02-07,82.99954223632812,83.10487160464834,81.1036136065643,81.946248553126,17761000
2000-02-08,86.47540283203125,86.68606154782182,83.73683952675377,83.73683952675377,21999400
2000-02-09,83.42088317871094,86.1133659138824,83.2102243828051,86.00145342855743,27258200
2000-02-10,86.15945434570312,86.15945434570312,83.04565377223754,84.10553092303661,26341600
2000-02-11,84.15819549560547,86.00146010283088,82.57825440369798,86.00146010283088,24876000
2000-02-14,84.05284118652344,84.26349993636435,82.36757118779616,84.25691685043182,22814600
2000-02-15,84.65848541259766,84.79014713174634,80.78763086962662,83.36820056494065,30572800
2000-02-16,84.26354217529297,85.68548944950103,83.68423032283783,84.18454510450364,25310600
2000-02-17,86.05411529541016,87.00207984578799,83.94752740568164,85.26414483676196,30080200
2000-02-18,82.94690704345703,86.79143035404266,82.94690704345703,86.47544213673424,25271200
2000-02-22,83.21025085449219,84.21088045337532,81.10366222526454,83.42090971741496,37226200
2000-02-23,87.84471893310547,88.47669532830767,83.55254591569054,83.99361277484208,32170800
2000-02-24,89.74063873291016,89.99737911660905,85.94878075828015,88.37135668651598,48868200
2000-02-25,87.68672943115234,90.58328806101024,87.52873532406919,89.47732931142812,32617600
2000-02-28,87.63404846191406,89.05599516171677,84.68482567713811,87.00207215089065,38216200
2000-02-29,89.9512939453125,90.24094975134248,88.42401787715438,89.10865887322527,23978600
2000-03-01,90.68862915039062,91.47859978758916,89.7406643857524,90.37264089551122,24468400
2000-03-02,88.58861541748047,91.1626028313346,88.26604410474684,91.05727342309504,32739200
2000-03-03,93.58516693115234,93.63783162835614,90.16196161290536,91.00459676816615,32017200
2000-03-06,94.32249450683594,95.402121049209,92.90054735346656,94.16450037868378,23268400
2000-03-07,92.9005126953125,95.95506470003366,91.63656014163479,95.90240001029709,39471000
2000-03-08,93.74313354492188,94.3751097261236,89.55629134446048,93.53247481785463,43512600
2000-03-09,96.90303039550781,97.32434791896655,91.92621714965158,93.71681662435117,30101400
2000-03-10,96.48175048828125,98.11435652820305,95.6456982017084,96.79773875407257,29750600
2000-03-13,93.95381164550781,96.16572873581686,92.29487382777603,92.68985902247408,37544200
2000-03-14,90.47794342041016,95.53375399570665,88.47668506768863,95.00710706077993,39106800
2000-03-15,86.68607330322266,90.16194258512587,85.84343832579158,89.74062509641034,51202600
2000-03-16,91.63655853271484,92.05787604321009,85.10613712003862,88.79266533687198,55282200
2000-03-17,93.3744888305664,93.58514757581304,90.95191326023023,91.00457794654189,31422400
2000-03-20,90.74127197265625,93.95381845572766,89.529983954449,93.53250088417731,21167200
2000-03-21,94.16449737548828,94.32249149860152,87.26542066621033,89.42467368209122,33435100
2000-03-22,96.06040954589844,97.71934753970096,93.6378334279646,95.63909196017082,24370200
2000-03-23,97.74573516845703,99.22034755246393,95.69181077644744,96.46861551445106,19227400
2000-03-24,99.06228637695312,101.53752691906732,96.91620016224773,98.99645551147135,22063000
2000-03-27,99.2203140258789,100.69492591161384,98.69366692383072,99.43097286669818,11752600
2000-03-28,96.6923599243164,99.2729294429937,95.32307813889581,98.57512237926974,18336300
2000-03-29,92.68988037109375,97.27170968489214,92.68988037109375,97.21904498013583,27189500
2000-03-30,90.37264251708984,95.00713700514574,87.21275991159719,90.37264251708984,42328700
2000-03-31,92.26854705810547,93.21651158267505,87.63405382687642,91.12308992425056,31349900
2000-04-03,86.73873901367188,91.95254299810024,84.89547497877295,90.80708606212734,31551300
2000-04-04,85.89615631103516,87.58142731161954,74.41524761955407,87.31810371777823,66213000
2000-04-05,84.36883544921875,87.58138161800922,81.10362458913663,82.15691841496957,37631500
2000-04-06,86.37008666992188,87.52870978378668,84.05284044219226,86.26475729593416,30499900
2000-04-07,89.84597778320312,90.47795418027138,86.47543699883911,87.73938979297562,20645500
2000-04-10,84.36883544921875,90.74126309550805,83.63152977113569,90.6885984042164,26988200
2000-04-11,82.3675765991211,85.52745805433035,80.10299488955447,81.84092968991956,34497100
2000-04-12,77.52242279052734,83.21020924526712,76.04781148744667,82.26224483614382,34824400
2000-04-13,74.15190124511719,80.89298317649148,74.15190124511719,78.20708334445953,46330500
2000-04-14,67.726806640625,74.57321788734448,65.725547968507,72.51929451332865,60851300
2000-04-17,75.52119445800781,75.83718271933839,65.72555835675993,65.73872453431538,55398500
2000-04-18,77.52242279052734,78.36505782085916,73.62523577524269,75.40266904234886,36260900
2000-04-19,75.15251159667969,78.89170453526712,75.04718221812793,77.94374012830129,28082500
2000-04-20,73.51988220214844,76.65343018999071,72.51925343292149,76.15311580537724,21255600
2000-04-24,71.41332244873047,71.83463998530115,67.30547646716633,70.30736391523243,31190900
2000-04-25,76.23213195800781,76.25846430065306,72.46660695973661,72.88792444206067,28663200
2000-04-26,73.62523651123047,77.87791022244782,73.41457775154169,76.36380038718467,25688300
2000-04-27,76.89044952392578,77.93057718015697,69.30673395444269,70.78134531517551,37010400
2000-04-28,79.83966064453125,79.83966064453125,77.62774392482788,78.83903165228449,24828400
2000-05-01,80.57698059082031,81.63027445475261,79.4183573404948,80.68230997721355,23205700
2000-05-02,75.9425277709961,80.5770232244272,75.62653944462579,79.94504657168659,20307900
2000-05-03,75.099853515625,76.04781800600456,72.05846744232392,75.41584167908485,26589700
2000-05-04,75.25782012939453,76.46910764722244,73.83587391281395,74.99449675595369,17750700
2000-05-05,77.04847717285156,77.78578317450564,74.17825023784103,74.25724730944683,20571200
2000-05-08,74.0465316772461,76.4691066823338,73.9412023291988,76.25844798623922,13903000
2000-05-09,72.46661376953125,75.09984828150549,71.04466713306516,74.57320137911064,19825800
2000-05-10,67.20014190673828,71.61080952796816,66.98948315467953,71.09732881982498,34847500
2000-05-11,71.30801391601562,71.8346609907277,68.14813146774314,69.72807269187939,24709700
2000-05-12,71.30801391601562,73.7832551671624,70.78136684130354,71.93999040567012,17832000
2000-05-15,74.41520690917969,74.67853035896447,69.62272012309663,71.46598427159012,17950800
2000-05-16,76.52179718017578,77.10110878993623,74.20455074113399,75.83715618682253,23758800
2000-05-17,74.94185638427734,76.25847367844946,73.94122724070652,75.20517984311176,20339400
2000-05-18,72.2559585571289,75.29734456782438,71.93997040017354,74.99452258407548,19063000
2000-05-19,68.83275604248047,71.62398486440202,68.51676787396104,70.57069096933728,28178100
2000-05-22,68.78011322021484,69.30676033522414,63.684802382499846,68.78011322021484,43879800
2000-05-23,63.039634704589844,69.6227210354785,62.56565248876586,68.56942722253632,31898500
2000-05-24,66.9894790649414,67.30546717373831,60.88037562820147,63.19762175937869,49476000
2000-05-25,65.51490020751953,69.30675938351744,64.46160599196456,67.62148863862949,29632700
2000-05-26,65.51490020751953,66.77885326618551,63.82962946263157,65.51490020751953,18203200
2000-05-30,72.09793853759766,72.41392658085958,67.41078256254565,67.41078256254565,31590400
2000-05-31,70.04400634765625,73.03272616737767,69.7280183490954,71.17629667583265,29675400
2000-06-01,73.62523651123047,74.4678715499856,70.78134325543186,71.7819723639536,28993500
2000-06-02,78.89167022705078,79.15499355891677,69.51735961262152,78.0490355650796,31677200
2000-06-05,79.0892333984375,80.3136879857614,77.41712874693066,77.73311702753038,23784300
2000-06-06,76.89044952392578,80.0503310112104,76.57446137519732,78.52305495902284,23200500
2000-06-07,78.94440460205078,79.20772816643387,75.46853355219397,77.15380436424576,22524400
2000-06-08,78.57573699951172,79.94501927966407,77.20645471935937,79.73436046733295,19313800
2000-06-09,78.99705505371094,79.83969030761719,78.36507861328126,79.83969030761719,17014600
2000-06-12,76.46916198730469,79.4710505777154,75.83718544195506,79.4710505777154,16484700
2000-06-13,79.4183578491211,79.73434601032449,75.29734558009342,76.2584762370871,25187900
2000-06-14,77.62774658203125,79.94499274865905,77.10109972597948,79.94499274865905,20274500
2000-06-15,78.99705505371094,79.10238446044923,76.57447869873047,77.41711395263673,18807800
2000-06-16,79.4183578491211,80.31365763919739,78.417728671977,79.8396753973923,21203400
2000-06-19,82.57823944091797,82.78889821500194,78.1017404916335,79.22086522895462,20042500
2000-06-20,82.26226806640625,84.00020330724581,81.89361513653118,82.78891510908491,20988300
2000-06-21,83.31551361083984,84.02648670423196,81.47225003537878,81.57757938254798,20880600
2000-06-22,80.260986328125,83.42086767962599,79.6290100578248,83.10487954447589,21526700
2000-06-23,77.1010971069336,80.47163687117113,76.99576773930117,80.05031940064144,24888100
2000-06-26,79.20767974853516,79.56316634315125,77.52240996665144,78.41770953827717,22169200
2000-06-27,78.25972747802734,80.102991584172,77.83840996805142,79.01019929267196,14786000
2000-06-28,79.20767974853516,80.47163208494796,77.94372741212236,78.35187868742233,19259800
2000-06-29,77.2195816040039,78.68102637093389,76.36378061436021,78.31237363693354,21355800
2000-06-30,78.73371124267578,79.16819493347984,76.9431117896651,77.36442930802055,15153100
2000-07-03,80.260986328125,80.260986328125,78.57571627399115,78.78637503075788,5212000
2000-07-05,77.15377044677734,79.18136100118072,76.57445885980496,78.89170520769451,16489000
2000-07-06,79.20767974853516,79.83965591674156,75.88980486545157,77.15375720186437,23594700
2000-07-07,80.84030151367188,81.73560126984935,79.57634891671545,80.0503311405741,16603200
2000-07-10,79.61585998535156,80.7876495568244,79.20770856158012,79.78702025983637,12659400
2000-07-11,80.0503158569336,80.6822920347515,78.20705200496472,79.26034563466122,14374600
2000-07-12,81.94625854492188,82.36757606957443,79.73434154049596,80.41898251805637,18252600
2000-07-13,82.99954223632812,84.05283591953027,81.84091918480578,82.52556007888717,19566700
2000-07-14,84.79019165039062,85.21150937287703,83.26291490637738,84.47420335852581,17219400
2000-07-17,85.7381362915039,86.0014598059127,84.15819520505114,85.05349515404104,13140500
2000-07-18,83.8421630859375,84.92178892969486,82.88103276161692,84.57946854021081,20684000
2000-07-19,81.94625854492188,83.36820519062425,80.60330893509186,82.84155828480856,21828500
2000-07-20,84.5794906616211,84.68482003978004,81.95942237991771,82.47290309844249,19521200
2000-07-21,81.735595703125,83.85534939323503,81.735595703125,82.94688352604503,14411400
2000-07-24,80.0503158569336,83.42085547196238,79.4183396791157,82.52555588672035,18579200
2000-07-25,80.6823501586914,81.73564454718607,79.04974385652467,80.57702071984194,19065700
2000-07-26,80.57698059082031,80.99829813639323,78.57572224934896,80.47165120442709,20318700
2000-07-27,77.41710662841797,80.10300624613859,77.15378313648458,79.15504167517838,26141800
2000-07-28,73.20390319824219,78.25971233999128,72.46659769840377,77.68040087583253,36485600
2000-07-31,75.36319732666016,75.9425091160335,72.22964719323159,73.83592079103951,27609900
2000-08-01,74.36257934570312,75.82402522165444,73.88859689944864,75.67919725196558,15751800
2000-08-02,73.04596710205078,76.1663517817887,72.88797294105139,74.04659678838024,23578200
2000-08-03,76.20576477050781,76.89040536623456,70.20199339259635,70.99196331074259,35874700
2000-08-04,75.9425277709961,78.16761223585364,75.09989223400862,77.5224694028476,22283400
2000-08-07,77.7331314086914,78.39144044839917,76.04786026703957,76.57450749880576,15103300
2000-08-08,79.3130111694336,79.41834053353642,77.10109452327409,77.57507666173684,14832300
2000-08-09,77.2064208984375,79.57633149900344,76.9957621783872,78.94435533885253,18649800
2000-08-10,75.67918395996094,77.71994135623686,75.4158604249576,77.36445458398234,15336200
2000-08-11,76.73246002197266,76.77195854291739,74.04656059773065,75.20518387877621,21050600
2000-08-14,78.36507415771484,78.36507415771484,76.00832881594216,76.99579194796982,12539300
2000-08-15,78.36507415771484,79.19454318861807,77.5224389517179,78.15441535621561,14090300
2000-08-16,79.1550064086914,79.7869825077628,77.52240148609032,78.73368900931048,15245300
2000-08-17,80.6823501586914,80.78767959754087,78.25977306515368,78.3124377845784,14492400
2000-08-18,80.260986328125,81.41960949034203,79.78700412539986,80.84029790923351,14706700
2000-08-21,80.47164154052734,81.61709847999492,79.52367717683003,80.89295903550392,13560100
2000-08-22,80.47164154052734,82.03841597497151,80.27414896475707,80.89295903550392,14878200
2000-08-23,81.78823852539062,82.10422656863102,79.06284165244216,79.78698091820141,21396400
2000-08-24,83.05224609375,83.15757551175095,80.94565773373098,82.10428133174145,13567700
2000-08-25,82.60456848144531,84.2240077423981,81.73560107312919,82.98638749419028,11764700
2000-08-28,82.99954223632812,84.13183294577043,82.52556007888717,82.7888834996877,12314200
2000-08-29,83.42088317871094,83.5657111008962,82.45975242239057,83.10489498485218,11162800
2000-08-30,83.31551361083984,83.84216034668586,82.38071565471316,82.84153154857843,10545300
2000-08-31,85.6327896118164,85.94877776536555,83.31554315245606,83.94751945955433,15588700
2000-09-01,86.47540283203125,87.22587450703517,85.26411521623544,86.79139090571711,14071900
2000-09-05,83.8421630859375,85.73809139692604,83.77633224180595,85.63276204631556,16348300
2000-09-06,80.8929672241211,83.8290238144497,80.47164968649545,83.63153121868768,20964900
2000-09-07,82.68358612060547,83.77637873971538,81.36696850722002,81.5776273253617,16669700
2000-09-08,80.15567016601562,82.57824626827366,79.85284815323338,82.38075365124175,23475200
2000-09-11,78.20708465576172,80.99831393977207,77.5224435106271,79.62903164950283,27262100
2000-09-12,76.99576568603516,79.78699385385995,76.54811588553495,78.78636488803598,24256000
2000-09-13,78.78643035888672,79.10241871594107,75.83720569304603,76.04786459774894,34093100
2000-09-14,78.36507415771484,80.84031507533084,78.06225213055968,80.26100337120793,28615300
2000-09-15,76.943115234375,78.89170884400667,76.41646831285293,78.47039130678901,24994600
2000-09-18,75.73182678222656,78.3650613713165,74.1518860287726,77.36443222746232,29218500
2000-09-19,78.52302551269531,79.02333989389625,75.73179791231111,76.46910331618618,27568700
2000-09-20,79.73432922363281,80.24780987748382,76.94310105398121,78.68103557470768,33123200
2000-09-21,73.94123840332031,79.61585979787712,73.30926200671074,78.99704957619691,25031400
2000-09-22,78.31241607666016,78.5757396007915,73.73058675677485,73.8359161664274,33710100
2000-09-25,76.23213195800781,79.41834541808345,75.83714681832902,78.89169856517837,20560800
2000-09-26,75.36319732666016,77.9437680247778,74.92871348463015,76.48232237431321,26011200
2000-09-27,75.46852111816406,76.83780342735615,74.15190351317167,76.3638210895589,28482900
2000-09-28,77.15377044677734,78.36505831044688,74.75752706430065,74.75752706430065,29050000
2000-09-29,74.78388214111328,77.90426595580409,74.7312174353801,77.52244683923855,27198800
2000-10-02,73.0986099243164,76.04783337947615,72.46663346963932,76.04783337947615,24968200
2000-10-03,70.78137969970703,74.83656291166942,70.16256927450499,74.20458630720775,35731200
2000-10-04,72.15067291259766,73.19080122648364,69.20144832638928,70.36007227097114,37672100
2000-10-05,72.36131286621094,73.46727179648055,71.25535393594134,71.83466575655875,23443100
2000-10-06,69.938720703125,72.94060856462961,68.46410912203501,72.09797337543534,36335800
2000-10-09,69.62271118164062,70.62334016231473,66.88414765558517,69.57004649844725,28834600
2000-10-10,65.98888397216797,70.20206092170783,65.62023098908323,68.93810783684586,35283200
2000-10-11,64.93556213378906,67.79262153829681,64.09292710204484,64.77756806533702,48462600
2000-10-12,63.302947998046875,67.04214043387161,62.69730415280766,66.77881702289804,53223600
2000-10-13,68.46409606933594,68.78008420504057,62.881639005220855,62.934303694504955,42410200
2000-10-16,69.09610748291016,69.35943106325661,67.20017770441567,68.35880145794007,27644900
2000-10-17,65.93618774414062,70.08353182149771,65.72552899735423,70.04403330647526,52101400
2000-10-18,65.72551727294922,68.4114158153534,62.82896002133687,64.67222372690836,64354400
2000-10-19,71.6766357421875,71.71613425563837,68.62208403531984,69.42522047548763,44278900
2000-10-20,72.72993469238281,74.04655190259975,71.110495523816,71.20265872853119,40692200
2000-10-23,72.62461853027344,73.73057718809486,70.88668349655406,72.62461853027344,28989200
2000-10-24,69.51739501953125,73.3092529296875,69.41206563313803,72.83527069091797,31466200
2000-10-25,65.62020111083984,69.09607051157454,64.7907322765736,68.4640942568955,48635400
2000-10-26,67.30548095703125,67.41081034820031,62.039011398578104,65.8835341762489,69991300
2000-10-27,67.17382049560547,68.97758635368034,65.29105759265141,68.1349512083023,51046400
2000-10-30,64.68543243408203,67.30550185284497,63.79013233118816,65.88355463060176,35496700
2000-10-31,68.8459243774414,69.57006395303125,65.6202117225412,65.72554111535428,43863800
2000-11-01,68.25344848632812,69.78072472560552,66.72617224705071,67.67413680936083,45186400
2000-11-02,69.09610748291016,70.14940180429598,68.30613674187079,69.25410163111803,26594300
2000-11-03,69.99140167236328,70.7287076342994,68.79327948421711,69.8334075376627,29837100
2000-11-06,69.46470642089844,70.88665264786148,69.0960536953895,70.46533524727984,23485800
2000-11-07,69.20140838623047,69.49106420519871,67.62146755549462,68.62209674829398,24334400
2000-11-08,63.790130615234375,69.30675904202141,63.72429972708656,69.20142962098491,40338200
2000-11-09,63.776947021484375,64.8302409442174,61.51236508760839,62.98697657943461,64955900
2000-11-10,60.45906066894531,63.776935949558165,60.45906066894531,62.5656481486995,49235500
2000-11-13,60.55121994018555,62.512979403348766,57.523000634631586,59.7875820283502,75023400
2000-11-14,63.908626556396484,64.04028833339771,61.30172337177215,61.51238221497412,44829500
2000-11-15,65.19890594482422,65.77821771008517,63.026486825095624,63.6716294727726,37760900
2000-11-16,61.40700912475586,64.88287756577978,61.40700912475587,63.51359605870975,33898700
2000-11-17,61.367549896240234,63.35564258757949,59.827107214871404,61.67037196180846,49913800
2000-11-20,58.8659553527832,60.722385615530335,58.35247464181059,59.774421226042435,46862300
2000-11-21,58.77381134033203,59.932434861378,57.667852524788145,59.14246427884666,42128600
2000-11-22,56.14057540893555,59.089798882575685,56.03524599916268,57.66785185064205,56623700
2000-11-24,59.353118896484375,59.51111300179888,57.44402345726738,57.61518373802476,19987900
2000-11-27,58.615806579589844,61.459700160270756,57.93116553238889,61.143711984639545,35416600
2000-11-28,55.15309524536133,58.93178665988,55.03459969577712,58.08915164061451,48812700
2000-11-29,53.03334426879883,56.24589044595546,52.66469142879725,55.455920074523505,66189300
2000-11-30,53.072845458984375,54.13930551410165,50.97942386930973,52.03271775090703,74792600
2000-12-01,53.92864990234375,56.25906275212765,52.34870898723602,53.98131459951401,57112500
2000-12-04,54.77128601074219,55.074108024743886,52.03272171020508,54.03398023752066,49106300
2000-12-05,59.563819885253906,59.82714358059101,55.192646542657904,55.6666291942647,76531800
2000-12-06,57.299198150634766,60.91989656318636,57.08853933390449,59.48478337421137,63352100
2000-12-07,56.03526306152344,58.128685718192195,55.19262752676369,56.45658082890331,41481100
2000-12-08,57.299198150634766,61.93369211870081,56.98320992553935,59.906101007671914,65856900
2000-12-11,62.67097854614258,63.013299017192935,59.78758688614148,60.722385095548226,51829800
2000-12-12,60.380069732666016,62.24966630964782,60.09041392496461,61.933678155791746,31054500
2000-12-13,57.91801452636719,61.933698643335134,57.56252773568478,61.88103393360441,51661600
2000-12-14,55.08725357055664,58.72111637779221,54.981924213825174,57.73365365843472,41562700
2000-12-15,53.82331085205078,55.29792210827135,52.71735240988536,54.13929897838376,59026100
2000-12-18,53.92864990234375,55.58758786320686,52.717361867427826,54.902946799993515,42950000
2000-12-19,49.8208122253418,55.495434336632044,49.504823987126095,53.46784314141465,80489200
2000-12-20,46.963748931884766,49.188832635133586,46.13427985907604,48.29353268353051,81432100
2000-12-21,47.24021911621094,49.50480041163688,45.71294335883065,46.3580857046206,85875600
2000-12-22,50.97941970825195,51.190078467376956,48.45151459875186,48.556843978314355,57240000
2000-12-26,51.295413970947266,52.17754763009857,48.872837951785485,51.058422838637966,37082800
2000-12-27,51.874725341796875,52.40137229958162,49.662808119100966,50.29478446844266,33955500
2000-12-28,51.7693977355957,52.65153142030702,50.76876848129629,51.21641841085129,30996900
2000-12-29,49.18882751464844,52.44087258855587,48.8728393293295,51.874727089859434,49191000
2001-01-02,45.028297424316406,49.45213015372293,44.18566261871516,49.346800803022774,62514100
2001-01-03,52.612003326416016,54.981913386164486,43.9486654413355,43.97499777533271,118175700
2001-01-04,51.6640625,53.61265609072375,50.755596569189606,51.92738595820591,58465400
2001-01-05,47.71419143676758,51.664041721268205,47.187544732167495,51.664041721268205,68782000
2001-01-08,48.240875244140625,48.4515340880015,45.09415876396879,47.45090457966234,55576500
2001-01-09,48.240875244140625,49.8208165730972,47.71422813448844,48.66219293186238,53318900
2001-01-10,50.716102600097656,50.87409668919453,46.97690915813823,47.292897336331976,74258300
2001-01-11,52.19070816040039,53.66531949086579,49.87346178395477,49.93929264692197,65451700
2001-01-12,52.86216354370117,54.45526984227847,51.822036290911036,52.87532971145801,60793900
2001-01-16,52.23021697998047,53.020187491399376,51.03209503766178,52.71736546202213,32203300
2001-01-17,53.82331085205078,55.28475593634081,53.20450077131537,54.34995772927241,61388800
2001-01-18,56.087928771972656,56.24592293752751,52.82271601717237,54.03400461975957,54934700
2001-01-19,55.87725830078125,57.562529050663436,55.24528176957543,57.41770109559543,56292500
2001-01-22,55.92991256713867,56.45655957812868,54.56063033856466,55.50859495834667,35777100
2001-01-23,57.1016960144043,57.64150914250911,55.034606718978544,55.534921325514716,49859500
2001-01-24,56.56188201904297,58.24715224679844,56.24589385133882,57.35185243830335,53905400
2001-01-25,54.349979400634766,57.022713368253186,54.25781616037206,56.351238332053484,57151900
2001-01-26,55.23208999633789,55.56124428713848,53.086004020318086,53.55998619907093,45681400
2001-01-29,56.456539154052734,56.6671978822395,54.13929314399833,54.56061060037186,31514100
2001-01-30,56.245887756347656,57.080094628626384,55.6139114894224,56.58294305113346,42439300
2001-01-31,54.18143844604492,57.29075753289328,54.18143844604492,56.66720937110299,59322200
2001-02-01,54.89767074584961,55.28528206881698,53.59158394312464,54.39209103888325,45142600
2001-02-02,51.864200592041016,55.024086091264074,50.558116557193216,54.720736877617156,47471000
2001-02-05,51.82206726074219,52.159122642506354,50.659229729494,51.56084917915504,36016300
2001-02-06,51.90632247924805,53.18712825657987,51.53556418096696,51.813635315476205,42417700
2001-02-07,51.063697814941406,51.56928092279541,49.36157734025546,50.987860509483234,61972200
2001-02-08,49.538509368896484,51.822049306729554,49.36155680125567,51.316469623642305,48269500
2001-02-09,47.52461624145508,49.37841070721601,47.1875609489181,49.08348973704427,55385200
2001-02-12,48.097618103027344,48.82228166505097,46.86736828486103,47.398229353653434,50540400
2001-02-13,46.55556869506836,49.86712343134439,46.3280569329124,48.57789332685704,58914000
2001-02-14,48.40937805175781,48.66216789143126,45.60340215251007,46.68197706385917,63048200
2001-02-15,49.209877014160156,50.97098399671478,49.12561159968572,49.54692902886723,67801300
2001-02-16,46.45447540283203,47.92065872221185,45.948892398523405,47.15386088602178,66779700
2001-02-20,44.65123748779297,47.052746351295056,44.06981718391501,46.96848412304507,55298400
2001-02-21,43.39569854736328,45.56127004296342,42.906968748967785,43.43782965064634,72349000
2001-02-22,42.9743766784668,43.951832960616834,41.196416658446346,43.35356299792086,103855500
2001-02-23,43.126068115234375,43.479973342553755,40.64029372906943,42.2075956543937,93337900
2001-02-26,43.94342803955078,44.32261131729786,42.342419834669634,43.88444383126131,78342700
2001-02-27,41.289119720458984,43.88443736008449,41.20485749658451,43.429413636607634,66741700
2001-02-28,39.9830322265625,42.30870346072002,39.485877437620466,41.66830226170193,102187900
2001-03-01,41.12057876586914,41.45763398120775,38.550543195701714,39.578558709527385,101773000
2001-03-02,39.35107421875,41.81999622273917,38.466307682729074,39.77239192298844,95927100
2001-03-05,40.06730270385742,40.74983836600095,39.679691287310895,40.025171587171606,43888400
2001-03-06,41.62617111206055,42.68788981880136,41.373378035524524,41.54190568174938,60828600
2001-03-07,41.64300537109375,42.49406821897323,41.26382232724652,42.46879020655577,55215500
2001-03-08,40.8677978515625,41.9716508682414,40.53074256290403,41.58403632196492,48965200
2001-03-09,38.002838134765625,39.91562001682572,37.87644481034252,39.81450471440773,79990900
2001-03-12,35.643455505371094,37.87643926850257,35.22213805681021,37.07593547335749,80674000
2001-03-13,37.45512771606445,37.699492646152564,35.50021470415464,36.04792554486527,80024400
2001-03-14,36.86529541015625,38.07868911904416,35.651901701268336,35.980528963192235,97190000
2001-03-15,35.51707458496094,38.17980165983643,35.432809137225476,38.08711127452651,74135500
2001-03-16,34.716575622558594,36.06479084086434,34.17728953523629,35.28956789393819,77784500
2001-03-19,36.452396392822266,36.452396392822266,34.337383509978395,34.91880062572477,53248200
2001-03-20,34.00032043457031,36.91583993209322,33.87392711517778,36.604062672584064,104796200
2001-03-21,34.00032043457031,35.22214180841577,33.46103455727511,34.14357005382537,96200700
2001-03-22,36.064788818359375,36.064788818359375,33.27566813920286,34.21099058635057,130208100
2001-03-23,36.064788818359375,36.932705329969856,34.969363613117316,36.69676526919884,95277500
2001-03-26,35.23057174682617,36.65462378975061,35.011484839054695,36.62934576746834,57666200
2001-03-27,36.4439697265625,36.84000927011746,34.90194588077034,35.22214813331261,69945300
2001-03-28,33.45261764526367,35.55920561770599,33.43576455575636,35.30641570389255,77863500
2001-03-29,32.820640563964844,34.21941481970218,32.357191862644285,33.1829739447641,79654700
2001-03-30,32.98917007446289,33.68855563400067,32.020138287885985,33.115563428539275,63661300
2001-04-02,31.514558792114258,33.5790125278301,31.430293340731016,33.006020316017235,69713600
2001-04-03,29.205730438232422,31.809472847576867,29.172024265084204,31.34602421718043,89015700
2001-04-04,28.691720962524414,30.17476035511298,28.312534571555894,29.247859931145772,76473900
2001-04-05,31.438718795776367,31.986429717984127,30.090500618899846,30.334865585348457,87035800
2001-04-06,30.29274559020996,31.26177444569922,29.913558988323206,31.09324992432662,86123600
2001-04-09,31.219635009765625,31.50613112003925,30.20847207854117,31.000551261626192,51638700
2001-04-10,33.536869049072266,34.093007965639295,31.834746131240532,31.935864635632438,94265100
2001-04-11,34.54805374145508,35.81200692711807,34.08460488292515,35.52551074312515,92829500
2001-04-12,36.064788818359375,36.064788818359375,33.705410711438375,33.958200648894476,79531500
2001-04-16,33.91604995727539,35.75299403820005,33.755950505964194,35.34010158090741,65229800
2001-04-17,34.758697509765625,35.98051903480664,33.62114142247786,33.663272534155595,94694300
2001-04-18,38.38203048706055,40.44648724999181,36.40183916787223,36.840009832141575,128891400
2001-04-19,40.69926452636719,41.07845086958119,38.40729981235693,38.845467126296434,110467600
2001-04-20,40.78353500366211,41.659872954658496,36.27543585620586,40.5981542763372,80598100
2001-04-23,38.04497146606445,40.21054315494555,37.82588456640324,39.595419991800085,79317600
2001-04-24,37.328739166259766,39.11512491172207,36.86529044356319,38.002846691490994,88888300
2001-04-25,38.002838134765625,38.40730577323259,36.31756809394413,36.99167868179074,68418400
2001-04-26,37.03380584716797,38.97186554489977,36.966393509801286,38.676944604913444,71110200
2001-04-27,38.04497146606445,38.3146144084187,37.27817374604504,38.04497146606445,55580000
2001-04-30,38.887603759765625,40.08414383143979,38.17136213225611,38.97186596799159,73859100
2001-05-01,40.48862838745117,40.51390963403132,38.25564661306492,38.92975425789098,54498300
2001-05-02,41.27226257324219,41.626170950379496,40.02516313905818,41.120588013668694,77566500
2001-05-03,39.43531036376953,40.36221062803401,38.929730739186624,40.36221062803401,67124900
2001-05-04,40.61502456665039,40.61502456665039,38.01128120312732,38.17138076265572,72673400
2001-05-07,39.772369384765625,40.95205635948836,39.68810396303011,40.44647668666393,45561600
2001-05-08,40.61502456665039,40.74141794067847,39.59543656325626,40.69928681600244,56970700
2001-05-09,39.224647521972656,40.40433747434336,39.131957183863975,39.64596490290555,60984600
2001-05-10,38.56739807128906,40.4886045306235,38.52526697101183,40.37906109838517,61130300
2001-05-11,38.38203048706055,39.11512216843521,37.99441908903698,38.6263954523181,48760400
2001-05-14,37.76690673828125,38.221930485585354,36.52823205319718,38.17137121997447,43108000
2001-05-15,38.04497146606445,39.01399978565083,37.56466977409611,37.834312716450356,69007600
2001-05-16,39.730220794677734,40.04199468188553,37.12647987537951,37.33713851540559,80110500
2001-05-17,40.36223602294922,41.11218099749923,39.82294667918398,39.98304945873885,73810700
2001-05-18,40.480201721191406,40.7666978598196,39.67969752081273,40.1431463059587,41095100
2001-05-21,43.016536712646484,43.100802181649286,40.15157826892956,40.589745850148255,85426900
2001-05-22,42.89012145996094,43.774887539732006,42.28342325010771,43.23560167070573,77233900
2001-05-23,40.994197845458984,42.510940343534415,40.98576969461317,42.502512192688606,65618000
2001-05-24,42.04749298095703,42.12333026890304,40.67399686122278,41.26384207698087,61792500
2001-05-25,41.28071212768555,42.14862561295311,40.463354712224394,42.09806632874756,36191100
2001-05-29,38.862327575683594,40.86779989315208,38.84547448896901,40.86779989315208,66609600
2001-05-30,37.43829345703125,38.63483425811759,37.14337233405902,38.28092891055093,81397400
2001-05-31,37.69106674194336,38.63481713149374,37.32873340039855,37.53096723392964,68018300
2001-06-01,38.80333709716797,38.95501163864566,37.354007232732556,38.37359470591259,61874300
2001-06-04,38.617958068847656,39.3173433473182,38.16293446248062,39.039275508580765,41696000
2001-06-05,40.32010269165039,40.74984854664545,38.92975620727563,39.014018461698726,68146400
2001-06-06,40.00831604003906,41.19643145822665,39.66283576140006,40.51389905240699,61169500
2001-06-07,41.03632354736328,41.702005942936545,39.66282765073432,39.71338690595162,65400200
2001-06-08,39.89877700805664,41.095320710741625,39.56172484340046,41.053189591959395,56391400
2001-06-11,38.80333709716797,39.60384090732307,38.33146360314592,39.51957870178973,48809400
2001-06-12,38.59270095825195,39.4353363643902,37.26976362776682,37.809049773391465,78450500
2001-06-13,37.539390563964844,39.39318830347865,37.514112541254335,38.98872386812252,68535400
2001-06-14,35.60133361816406,37.41300040165227,35.39067483935836,37.0927981578362,91050300
2001-06-15,35.896240234375,36.29227960839183,34.783962585269066,35.222133055279976,84589400
2001-06-18,35.415950775146484,36.37655423553425,34.88509299823599,35.929958679416565,63539100
2001-06-19,35.238990783691406,36.70517690417308,34.767114088897955,36.50294311657674,73386900
2001-06-20,36.039512634277344,36.20804033934341,34.783984606653696,34.80083769860016,83588600
2001-06-21,36.52822494506836,37.26974462441053,35.64345886263367,35.95523290390359,67212600
2001-06-22,36.4439697265625,37.24447375071919,35.88783066393538,36.75574382766005,51870400
2001-06-25,36.53664779663086,36.90740597533876,35.938377821535084,36.74730651020516,39212100
2001-06-26,36.66304397583008,36.98324614564437,35.79513103634086,35.84569028875274,55155100
2001-06-27,36.89898681640625,37.20233592573569,36.233304405866356,36.806296453622544,53289400
2001-06-28,37.370872497558594,39.064571170326765,37.370872497558594,37.413006832079944,89963700
2001-06-29,38.5084228515625,39.199383343012876,37.66578779229154,37.99441495110359,59719600
2001-07-02,38.29776382446289,39.16567690096083,38.07867691049017,38.46629147804245,50884300
2001-07-03,38.4578742980957,38.500005419909684,37.750060522665784,38.129247047788695,24758400
2001-07-05,36.61250686645508,38.07026564682125,36.61250686645508,37.80904752923933,44409800
2001-07-06,35.09574890136719,36.325995225200835,34.96092743045935,36.24172979688505,53434800
2001-07-09,35.39909744262695,35.972089540358006,34.969354976527484,35.29798213549725,45547500
2001-07-10,34.12672424316406,36.13219683946047,34.042462012273496,36.031078305114114,58620000
2001-07-11,34.54805374145508,34.632316001406274,33.59587477489052,34.05932363342045,77840200
2001-07-12,36.738887786865234,36.93269668174401,35.64346283812983,35.92153395429683,70363300
2001-07-13,36.35970687866211,37.43827880854646,36.149048097706704,36.553512571413336,62474200
2001-07-16,35.68558120727539,36.95796150945036,35.30639813246759,36.54506905800639,53390800
2001-07-17,36.486083984375,36.57034938790262,35.00304824065015,35.23898494173453,59813000
2001-07-18,35.09574890136719,36.106908325977216,34.66600325295025,35.61818169933536,64797200
2001-07-19,35.92995071411133,36.52822070654383,35.18000618635834,35.77827617879084,76590200
2001-07-20,35.09574890136719,35.50863824972355,34.851383980847544,34.96092743045935,49012800
2001-07-23,34.219390869140625,35.72770754148602,34.168831637067946,35.59288613702137,55329400
2001-07-24,33.83180236816406,34.463778727113095,33.123988717565226,34.02560806584734,70422900
2001-07-25,34.12672424316406,34.31210500840098,33.199826845775625,33.82337506892114,68859600
2001-07-26,34.632301330566406,35.29798383114347,33.68855091842542,34.084590444105054,69199300
2001-07-27,35.34854507446289,35.609759912928524,34.8008309429223,35.08732702159926,47452900
2001-07-30,35.13788986206055,35.643469716145546,34.88509993501805,35.50022326943418,39459400
2001-07-31,35.18843078613281,36.047918739975316,34.96934713408525,35.25584311869941,55732500
2001-08-01,36.31757736206055,36.65463274199918,35.736160206784646,35.92154098719073,53864800
2001-08-02,37.00010681152344,37.07594409848261,36.08163443141693,36.898991500377136,53187300
2001-08-03,36.384971618652344,36.67989251854731,35.862538932668365,36.67989251854731,51513700
2001-08-06,35.81199264526367,36.10691365187728,35.68559609134476,35.8372706702883,31105700
2001-08-07,35.626617431640625,36.08164123924889,35.34012131733895,35.474942829104535,38407500
2001-08-08,34.12672424316406,35.93839113689373,33.958196566984874,35.26428043217697,76045200
2001-08-09,34.26995849609375,34.44691426109567,33.68854159507863,34.05087484502045,66861400
2001-08-10,33.94133377075195,34.3373732143466,33.05656774185067,34.05930214601917,68491900
2001-08-13,34.632301330566406,34.83453516893838,33.87393166906658,34.20255884382295,48425700
2001-08-14,34.21097946166992,35.13787988346531,34.16042341925752,34.960927306227084,51267600
2001-08-15,32.947044372558594,34.48906876853212,32.92176633800136,34.22785062531062,58935300
2001-08-16,33.33464813232422,33.35992615855138,32.05384230164665,32.55942211257814,68227300
2001-08-17,31.817913055419922,32.69425469150882,31.77578192596162,32.390905416370416,56649300
2001-08-20,32.25606155395508,32.567838767891075,31.615660471875216,31.89372830541091,49921300
2001-08-21,30.916276931762695,32.56784397144319,30.8825739747713,32.26449485773866,56445600
2001-08-22,31.758922576904297,31.88531915478663,30.78989393260095,31.556691909570773,65221400
2001-08-23,31.447134017944336,32.40773728374825,31.43028093432007,31.742054945376402,54711800
2001-08-24,33.11556625366211,33.191403558337,31.809482197059886,31.90217259326237,58450600
2001-08-27,33.15769958496094,33.621151596858496,32.71953203363756,33.09871536788284,50927500
2001-08-28,32.121246337890625,33.23352431667946,32.02855597059197,33.132409013443436,65275500
2001-08-29,31.649375915527344,32.3993206497574,31.28704256076934,32.33190829798947,59060500
2001-08-30,30.478103637695312,31.43871015050361,30.12419851276368,31.0089645394899,76105800
2001-08-31,30.86573028564453,31.202782458950484,30.284309902574435,30.360147204087994,54309000
2001-09-04,29.88825035095215,31.598797563799117,29.787131884382937,30.764587893780618,74073600
2001-09-05,29.77031898498535,30.2590459893084,28.776008663252362,29.905140560081353,95461200
2001-09-06,28.56532859802246,29.930396436807282,28.464210080780976,29.27314214672524,88701800
2001-09-07,28.39681625366211,29.576503994313214,28.101891907699894,28.32940387250529,95528800
2001-09-10,28.733856201171875,28.919236955501333,28.093454926648654,28.219851479945625,80371300
2001-09-17,26.290220260620117,27.638435365514127,26.19752986945896,26.33235137994836,97700900
2001-09-18,25.700366973876953,27.38563693937708,25.590825133286863,26.568281584701044,66285300
2001-09-19,25.253774642944336,26.121689418338843,23.812869320678576,25.818340252725424,116632800
2001-09-20,24.4111385345459,25.35489056400248,24.267890501696208,24.689208056289537,90840200
2001-09-21,23.75387954711914,24.41113377554434,22.91967114451889,23.096623711495333,112341900
2001-09-24,24.95042610168457,25.279053280021188,24.090937904436107,24.503828915145917,85696500
2001-09-25,25.02627182006836,25.64139527135556,24.394295275189858,25.03469675966454,83860600
2001-09-26,24.158344268798828,25.2790486967327,23.939258987229977,25.236917591784266,59759800
2001-09-27,23.998249053955078,24.259467111640543,23.10505623128598,23.930838305210223,70050700
2001-09-28,24.419565200805664,25.211642657423898,23.85499961053505,24.30159679923235,84810800
2001-10-01,24.20890235900879,24.419561102001623,23.467384290841423,24.31001926281276,53460800
2001-10-02,24.284744262695312,24.781899119470737,23.930837442739907,24.141496225875294,74133400
2001-10-03,26.1216983795166,26.635706507094813,23.8718617128638,23.947699030283523,136198600
2001-10-04,26.374475479125977,27.9754833026425,26.07112796486707,26.669398057521057,127371500
2001-10-05,26.7620906829834,26.880059081419574,25.49813804648531,26.1216878209605,96443400
2001-10-08,26.846351623535156,27.259240973614574,26.087978837515404,26.23122685185261,67789600
2001-10-09,26.197521209716797,26.981171984895635,26.012142095871805,26.846350518972248,57564800
2001-10-10,27.385643005371094,27.419349183602474,25.911031458928036,26.012148386423135,73840600
2001-10-11,29.239444732666016,29.70289349178581,27.924932544356718,27.967063665295157,117232200
2001-10-12,29.11305046081543,29.323709296587463,27.924934755637103,28.927672871127182,111901600
2001-10-15,28.98663902282715,29.11303231687981,28.363087843218437,28.750699088014716,78322000
2001-10-16,29.45852279663086,29.57649119821771,28.708578059916302,29.20573290545935,81346800
2001-10-17,27.34351348876953,30.33486787217367,27.217116920209502,30.22532439371486,141530300
2001-10-18,28.085041046142578,28.26199371890156,27.301389821753776,27.554179813466487,94448200
2001-10-19,28.27041244506836,28.438940140633278,26.96432842963748,27.688995270487737,73434200
2001-10-22,29.028783798217773,29.070914916086075,27.992342869545972,28.177720431046144,74104900
2001-10-23,29.18045425415039,29.8292836633454,28.649593244009424,29.340553765095475,104062200
2001-10-24,29.812435150146484,30.065225074678768,28.919240654774242,29.1551774890846,90171400
2001-10-25,31.008955001831055,31.025808080843763,28.84338417183858,29.23942349264681,118551900
2001-10-26,30.343276977539062,31.22804606700877,30.343276977539062,30.7561694335847,93823900
2001-10-29,28.68329620361328,30.46125656991021,28.68329620361328,30.334860034009527,92146800
2001-10-30,28.127151489257812,28.725421446333172,27.672127910187772,28.40521931131387,96092200
2001-10-31,28.56532859802246,29.458519666206254,28.379947864143926,28.683296987073337,106175500
2001-11-01,29.778717041015625,29.964097744799144,28.464205459854043,29.0203443568076,92716000
2001-11-02,29.997798919677734,30.208457628985578,29.399528956698703,29.719731094877726,64917700
2001-11-05,30.975252151489258,31.312307338943434,30.469672584704487,30.553934774369782,64473000
2001-11-06,32.18023681640625,32.188664968386895,30.663494114104914,30.84044673292047,107214900
2001-11-07,32.138099670410156,32.72794483686858,31.598813763155906,31.691504131164773,92562100
2001-11-08,31.809484481811523,33.199834095915115,31.388166806555745,32.483592119341026,105916300
2001-11-09,31.792612075805664,32.08753619796447,31.278604309937496,31.674643712700867,74121900
2001-11-12,32.020145416259766,32.31506652249204,30.58766458370519,31.177510010568717,112994400
2001-11-13,33.166114807128906,33.284083195289625,32.55099163000695,32.88804370840936,97931800
2001-11-14,33.40205001831055,33.907632933820004,32.64368046664238,33.671692954156654,88660100
2001-11-15,33.26724624633789,33.79810746496642,32.820650498983206,32.997603167059694,86349700
2001-11-16,33.17454147338867,33.43575949965388,32.79535505280939,33.267231844463346,64035500
2001-11-19,34.11830520629883,34.11830520629883,33.27566989407449,33.52845984486207,69196300
2001-11-20,32.542564392089844,33.899207322766195,32.42459600062191,33.77281399522095,85176500
2001-11-21,32.37404251098633,32.82064134822335,32.00328418395012,32.41617684207526,60867900
2001-11-23,33.09870529174805,33.225101840950465,32.500435149571835,32.66053465941683,27046000
2001-11-26,33.91604995727539,34.00874029754904,32.87118141382234,33.351486196549125,75267500
2001-11-27,33.873939514160156,34.52276907727321,33.03130421885467,33.747542934104914,100289700
2001-11-28,32.6521110534668,34.01717905425129,32.601551788845924,33.477893089220274,101568200
2001-11-29,33.66326141357422,33.70539251133404,32.6858051593214,32.888035714327245,83774700
2001-11-30,33.41049575805664,33.739123058234405,33.16613071429403,33.47790492030896,66018200
2001-12-03,32.837493896484375,33.368351743954086,32.75322845009371,33.107136896138286,60449800
2001-12-04,34.404808044433594,34.41323298486195,32.39090655573579,33.14927977025791,79378700
2001-12-05,36.10692596435547,36.35971915839588,34.64916709354428,34.71657946912812,115773700
2001-12-06,36.15746307373047,36.43553413089788,35.6940145261818,35.9805105179314,77702100
2001-12-07,35.16316604614258,35.89625776043478,34.666011156128754,35.795142437800926,81632600
2001-12-10,34.54805374145508,35.58449496797083,34.4469383866338,34.817696830577916,69088000
2001-12-11,34.74185562133789,35.60976901638484,34.65759337082027,34.93566136904746,66056500
2001-12-12,35.01992416381836,35.34012326289031,34.21099183429293,34.96936488872347,76093400
2001-12-13,33.5031852722168,34.54805468180713,33.5031852722168,34.303689621138524,79582600
2001-12-14,33.79810333251953,34.093024409920766,33.343079486473066,33.59586944058822,70006300
2001-12-17,34.37950134277344,34.750262735126825,33.7222471863606,33.7222471863606,62295500
2001-12-18,34.767120361328125,34.96935418541001,33.84022310241364,34.68285814302593,50850400
2001-12-19,34.13515853881836,34.81769436798555,33.97505897047497,34.177292880213045,79596200
2001-12-20,32.68581771850586,33.958195360372,32.5931273391809,33.789667690180984,83048800
2001-12-21,33.26724624633789,33.46105200866915,32.98917822713184,33.21668696357358,56205000
2001-12-24,33.13240051269531,33.39361846129859,32.98915413772999,33.31778119972968,13660400
2001-12-26,33.44418716430664,33.95819510809151,32.99759157385654,33.17454417976342,37672900
2001-12-27,33.71381759643555,33.87392026879682,33.36833745021972,33.578996154361,34255200
2001-12-28,33.98347473144531,34.37951103805778,33.89920929378474,33.94976855638109,38240400
2001-12-31,32.786922454833984,34.08458091784543,32.786922454833984,33.96661255109837,46176900
2002-01-02,33.79810333251953,33.83180951690786,32.803793393854434,33.343079486473066,61708800
2002-01-03,34.9693603515625,35.01149146814259,33.924491302626414,33.96662563360465,85769100
2002-01-04,35.11261749267578,35.63505378357457,34.489069062685665,35.34855760335235,86876900
2002-01-07,34.724979400634766,35.576042350267656,33.79808240468271,35.483352007793115,75166200
2002-01-08,34.9609375,35.196874338444495,34.41322330858431,34.63230705651158,66956800
2002-01-09,34.6407356262207,35.89626034809281,34.46378299525591,35.424386665520046,85123000
2002-01-10,34.86824417114258,35.00306566952117,34.27839891033697,34.69128834282225,75548000
2002-01-11,34.42163848876953,35.05361473921987,34.10143950290751,34.84295598906976,60832900
2002-01-14,33.67169952392578,34.27839785515261,33.452615801203855,34.118298335255744,71310700
2002-01-15,33.99190139770508,34.33738167369889,33.33464702249683,33.73068334926178,66916100
2002-01-16,32.67738723754883,33.654843797697545,32.66896230111896,33.309363544913886,90942000
2002-01-17,33.41049575805664,33.680138835863985,32.87120638804291,33.267246064872026,75285900
2002-01-18,32.51729965209961,33.24196659786833,32.20552545952431,32.71953355893696,81985600
2002-01-22,31.514558792114258,32.87962696053982,31.455574583345136,32.86277387026317,81773800
2002-01-23,32.38246154785156,32.60154522161414,31.47241425438257,31.725207312166575,74968800
2002-01-24,32.81222152709961,33.29252345099652,32.66897505110182,32.81222152709961,77251200
2002-01-25,32.719512939453125,32.989155835710946,32.323473529275816,32.41616387756386,58832100
2002-01-28,32.9049072265625,33.19140335195305,32.37404609713915,32.98917268367649,47795900
2002-01-29,32.00327682495117,33.19982019309828,31.607237347449338,32.97230835800558,83339800
2002-01-30,32.247657775878906,32.73638464597197,31.05111381293559,32.02014582769111,101385500
2002-01-31,32.44987106323242,32.652104869014025,32.036981730757695,32.50043031827715,69655500
2002-02-01,32.138099670410156,32.76165100967136,31.76734141277225,32.35718657923067,61207100
2002-02-04,31.110074996948242,32.07910629410553,30.848860268480724,31.986415952624807,82763300
2002-02-05,30.596086502075195,31.455574826436692,30.494967959633847,30.83202333897502,86853800
2002-02-06,30.385427474975586,31.08481304263898,30.082078278630668,31.042681924124032,98507600
2002-02-07,29.652320861816406,30.798304835791406,29.49222138860406,30.326431350787843,97725900
2002-02-08,30.478103637695312,30.537091039581057,29.466944301092283,29.87983361351252,80483100
2002-02-11,30.86573028564453,31.00897673605992,30.31801608422455,30.452837596426612,57641200
2002-02-12,30.612934112548828,31.160644987936184,30.368569166989463,30.59608102515876,51477700
2002-02-13,31.1353702545166,31.30389793182998,30.848874167403288,30.94156455064555,60984700
2002-02-14,31.07638931274414,31.6578064854081,30.334869383342,31.303901218847017,77482300
2002-02-15,30.149492263793945,31.1016711241502,30.03152382726108,31.03426196658806,79719900
2002-02-19,29.222597122192383,29.879851732417762,28.919247851504025,29.804014414745676,72437200
2002-02-20,29.618629455566406,29.635479331402202,28.59061345207518,29.407970649237765,106552700
2002-02-21,28.211421966552734,29.4500965572225,28.211421966552734,29.315275073601132,109307800
2002-02-22,28.354692459106445,28.818141449074588,27.88281531211338,28.320986259806922,99824200
2002-02-25,29.50066566467285,29.702899586833723,28.607474145660113,28.649605275243875,88994700
2002-02-26,29.391109466552734,29.854558069991683,28.961363819904008,29.686030428450955,94683300
2002-02-27,28.98663902282715,29.92196097064511,28.700143056152346,29.82084569252363,95159300
2002-02-28,28.46421241760254,29.46695023565163,28.438934393415682,29.079335649865723,95711200
2002-03-01,30.115795135498047,30.12422007642843,28.72544523082619,28.77600451960679,86081600
2002-03-04,31.303890228271484,31.371299353969306,29.829279039862413,30.082068886424512,105734600
2002-03-05,31.531404495239258,31.91059094028793,31.01739977461536,31.118515088495716,91452600
2002-03-06,31.683073043823242,31.977997206912498,30.84043808824925,31.244905695594355,86943400
2002-03-07,31.75048065185547,32.298194577119425,31.185913644263742,32.121238819876176,85496000
2002-03-08,32.584712982177734,32.88806227406197,32.12969225875069,32.213954522318836,84443700
2002-03-11,32.46673583984375,33.02287498801782,32.07069944976727,32.315061234487324,71035200
2002-03-12,32.020145416259766,32.020145416259766,31.447153083237936,31.657811934660696,82652100
2002-03-13,31.24490737915039,31.73363400823058,31.0679515860031,31.522975257986246,71376200
2002-03-14,31.059551239013672,31.51457527122233,30.950007702133814,31.228079015505767,70700500
2002-03-15,31.37131118774414,31.455576644649355,30.832025121144813,31.084815063063434,63966500
2002-03-18,31.548259735107422,31.96957732181002,31.219632531783088,31.708362475269187,78938300
2002-03-19,31.49770164489746,31.919019204352598,31.362880154447733,31.68307918526716,58947600
2002-03-20,30.385427474975586,31.24491579315341,30.368574384689946,31.06795995235334,61816500
2002-03-21,31.194366455078125,31.2954818145904,30.25061559936514,30.46127447341532,89198800
2002-03-22,30.907848358154297,31.29545964031027,30.730895800787053,31.126932017599877,58930100
2002-03-25,29.9641056060791,31.09323677969215,29.930399430294152,30.91628096402009,87421900
2002-03-26,30.24217987060547,30.688775543140377,29.829290380933184,29.846140257965974,92457500
2002-03-27,30.00623321533203,30.33486035487289,29.829280634717332,30.02308630125688,64531800
2002-03-28,30.385427474975586,30.64664233840725,30.250605967088767,30.351721294404307,59539400
2002-04-01,30.96685028076172,31.09324687378969,29.745028334287262,30.16634602518198,70730500
2002-04-02,29.56805992126465,30.461254107237888,29.49222264873487,30.31800449717179,77759800
2002-04-03,29.51750946044922,29.871417909138753,28.902386161991686,29.745021345807178,85766400
2002-04-04,29.289989471435547,29.62704473746798,28.88552508083497,29.070905798592534,90521500
2002-04-05,28.961366653442383,29.63547407116159,28.80126714623336,29.500652587617747,68426000
2002-04-08,29.323694229125977,29.323694229125977,28.160857153135957,28.202991470159382,74950700
2002-04-09,28.304126739501953,29.475389577064302,28.21986447476772,29.306861833196482,80910200
2002-04-10,28.51477813720703,28.860258475047722,27.916507857063145,28.447365771580305,85748700
2002-04-11,27.80696678161621,28.52320554932257,27.705851438805635,28.363105988672583,90665600
2002-04-12,28.24513816833496,28.481075044832636,27.76483626152249,28.07661045037997,78360100
2002-04-15,28.472646713256836,28.615893167093308,27.975491772438733,28.48107165167137,69306800
2002-04-16,29.66075325012207,29.677606336194792,28.995070815038215,29.01192390111094,72064700
2002-04-17,29.50908851623535,29.913553073472787,29.197314356064556,29.829290829447785,69130100
2002-04-18,28.944517135620117,29.61862785086797,28.649596108497768,29.306850520026497,91086100
2002-04-19,29.037206649780273,29.542789671069738,28.96979750891382,29.534361519462667,62286800
2002-04-22,28.304126739501953,28.658032108664955,28.01763053924647,28.658032108664955,64625600
2002-04-23,27.815387725830078,28.599038752456458,27.554172859886837,28.304117705617855,73070300
2002-04-24,27.385643005371094,28.06817864976519,27.132853097431898,27.983913204186738,68953900
2002-04-25,27.3182315826416,27.579449651266078,26.964326342309914,27.217116258889433,103073700
2002-04-26,26.155405044555664,27.62158892217236,26.13012540255554,27.520473568571,100193400
2002-04-29,26.222808837890625,26.58514063360848,25.750931955989866,26.32392416458426,85326800
2002-04-30,26.7368106842041,27.124422049280906,26.071129807207324,26.14696709293085,95357900
2002-05-01,26.59356689453125,26.829505332960487,25.767784770827607,26.68625728234258,109975700
2002-05-02,25.708789825439453,26.955889035130113,25.666657118031928,26.450307796628955,85852200
2002-05-03,25.059965133666992,25.708794480438023,24.840879837074226,25.67508830840895,92103200
2002-05-06,24.4111385345459,25.262200187688293,24.310023221474896,24.96727757803318,96491200
2002-05-07,24.183629989624023,24.73134252795369,23.947691563747057,24.663931778731563,101954400
2002-05-08,26.770523071289062,26.863211858639463,25.279058248877476,25.388600127454946,129741500
2002-05-09,26.079553604125977,26.871629338173015,25.95315706976647,26.601986398310306,106477200
2002-05-10,24.908292770385742,26.19752503460705,24.85773511508262,26.130114291803256,112282800
2002-05-13,25.919450759887695,26.104829866756063,25.0009785533516,25.169506183012725,93971200
2002-05-14,27.444622039794922,27.512034383557893,26.854778496657524,27.006451448528008,107284700
2002-05-15,27.64686393737793,28.337824590916686,26.837933254972146,27.031740585539694,150522100
2002-05-16,27.688997268676758,27.849096823097952,27.149711175469932,27.419354222073345,89916300
2002-05-17,27.747966766357422,28.152431121729656,27.360355494258652,28.051315836485838,82695000
2002-05-20,27.141273498535156,27.554166076865585,26.91376326229441,27.469900645370835,78144200
2002-05-21,26.39976692199707,27.461487715011632,26.121697305293218,27.26768195944217,104180000
2002-05-22,26.458744049072266,26.618845181584728,25.62453542261109,26.096410668375192,89543100
2002-05-23,26.98960304260254,27.048587246424304,25.95316218550832,26.652549301336006,94445800
2002-05-24,26.32392120361328,26.70310765406056,26.130115509917545,26.618843819827944,55874600
2002-05-28,26.20595932006836,26.559866226138453,25.691951249842912,26.517733494940014,68829400
2002-05-29,25.514989852905273,26.037422683061344,25.481283679502273,25.835190464239755,73470200
2002-05-30,25.734071731567383,25.88574467008704,25.194784279324868,25.287474636641264,92080500
2002-05-31,25.312755584716797,26.155390565184888,25.279049414042706,25.919452192062298,79907400
2002-06-03,24.419565200805664,25.489712180560232,24.259465686441573,25.279053402208497,77043700
2002-06-04,24.739768981933594,25.009411977834937,24.107792607590188,24.225761016497266,98366200
2002-06-05,24.992549896240234,25.110518262701202,24.411131391028338,24.790317722079237,95347100
2002-06-06,24.335308074951172,24.8661692427368,23.50952582195061,24.8661692427368,91129700
2002-06-07,23.84657859802246,24.259471313702093,23.18932408571469,23.2820128767944,106049200
2002-06-10,23.804439544677734,24.22575705874283,23.71174917727981,23.897129912075663,73142900
2002-06-11,23.138750076293945,24.175192067711155,23.054487884821146,24.099354809627012,84609500
2002-06-12,23.47581672668457,23.56007895927557,22.607901909085285,22.953382205745402,152974400
2002-06-13,23.324134826660156,23.770730305344962,23.046065367539942,23.391545555925706,97556300
2002-06-14,23.273582458496094,23.357844683784485,22.077040537333172,22.633179581670973,122106800
2002-06-17,24.06566047668457,24.225761612137042,23.51794792689346,23.593785222255207,87618100
2002-06-18,24.45328140258789,24.5628233050752,23.8297313558765,23.85500939103533,100513400
2002-06-19,23.03765106201172,23.86343333593152,22.9618137504069,23.67805413378608,93507600
2002-06-20,22.296127319335938,23.13033760781645,21.630446326216106,22.978663009910903,99913200
2002-06-21,21.7568416595459,22.56577232642928,21.613593604326926,22.211865461017645,168755100
2002-06-24,22.186580657958984,22.582618550292448,21.24282870092761,21.445062525947677,219672100
2002-06-25,21.453493118286133,22.515213747170254,21.31867160419284,22.397245324138424,136336400
2002-06-26,21.613595962524414,21.723139455808113,20.551875250448212,20.585581435212227,149080300
2002-06-27,22.085464477539062,22.119170651892635,21.082729898503104,21.90851188377937,121371100
2002-06-28,21.992782592773438,22.54049523977674,21.782123758756832,21.950649861650504,87842000
2002-07-01,20.939483642578125,22.026482142217688,20.88049943967042,21.883234103499404,64753900
2002-07-02,20.18111801147461,20.85522567318255,19.45645106973899,20.728830687512243,111629600
2002-07-03,20.855220794677734,20.855220794677734,19.903043744350946,20.09684945085654,101067000
2002-07-05,22.195003509521484,22.237134611860267,21.108003711436734,21.284957877096396,56768300
2002-07-08,21.38608169555664,22.37196499117587,21.13329176630009,22.077043942776285,97288500
2002-07-09,20.77938461303711,21.47034524348146,20.72040040417466,21.276539526590806,91039600
2002-07-10,20.138973236083984,21.091151546993867,20.07998905185387,21.057445380463243,115365200
2002-07-11,20.89735221862793,20.973189514846425,19.827206741143005,20.021012450501786,170271200
2002-07-12,20.89735221862793,21.50405058837589,20.6866934196208,21.276538699720405,130027800
2002-07-15,21.546171188354492,21.605155366133754,20.01257613730046,20.79622674424964,140207200
2002-07-16,21.225971221923828,21.925358046904805,20.981606356627676,21.276528860289176,148281700
2002-07-17,21.613595962524414,22.27927864681955,20.973192916802294,21.967502866549815,157954700
2002-07-18,20.83836555480957,21.546179164584483,20.661412955965293,21.386078046202353,114052300
2002-07-19,20.21481704711914,20.821513776271885,20.054715918670876,20.501313126574356,124116400
2002-07-22,19.717655181884766,20.644553838950813,19.456438828223806,20.096841507520377,150034800
2002-07-23,18.875024795532227,20.0125824342895,18.773909489579783,19.759792562209576,150786800
2002-07-24,19.903047561645508,19.936752139711277,18.23462835660641,18.377876429584532,186493600
2002-07-25,18.748634338378906,19.71766455577663,18.369447832475835,19.591269589542,153915500
2002-07-26,19.102535247802734,19.245783260092338,18.54639628413691,19.0098448847922,96034200
2002-07-29,20.07999038696289,20.32435528896218,19.44801418728022,19.608115274548766,96735200
2002-07-30,20.484458923339844,20.80466116281488,19.877762227196115,19.995730627424336,117394300
2002-07-31,20.09684181213379,20.383337794245765,19.68395092196028,20.22323672019532,93831300
2002-08-01,19.153100967407227,20.138984383352398,19.094116750528354,20.004162857000868,85149700
2002-08-02,18.748634338378906,19.24578926514107,18.386300923226905,19.19523160008706,86706000
2002-08-05,18.066097259521484,18.807615451251582,17.948127250892497,18.630662849106496,84897800
2002-08-06,18.95928955078125,19.38903364012949,18.361019407523177,18.369444344099612,115364600
2002-08-07,19.212078094482422,19.692381412963442,18.504264538740554,19.54913339317762,125677100
2002-08-08,19.860912322998047,19.886191958755827,18.790765183906206,19.16995168427707,111697900
2002-08-09,19.658672332763672,19.978872890529,19.279485981411334,19.54913050192774,93576900
2002-08-12,19.717655181884766,19.78506590564238,19.296337756600053,19.422732662745783,62870900
2002-08-13,19.04355239868164,20.113699294944627,19.001419681979076,19.574411771543474,88434400
2002-08-14,20.2569522857666,20.391773797884916,18.93401358640695,19.10254128015444,102613500
2002-08-15,20.669841766357422,20.686693248667424,19.987306106031394,20.425476790073,120307800
2002-08-16,20.813085556030273,21.0658754181688,19.995728561198124,20.332782246449078,95853000
2002-08-19,21.318662643432617,21.56302753951363,20.796229897712283,20.872067168413388,76015900
2002-08-20,21.225971221923828,21.42820338258357,20.93947525918961,21.217544680996546,89981300
2002-08-21,21.69784927368164,21.78211308744633,21.06587308124431,21.39450018700818,101365500
2002-08-22,22.0433349609375,22.08546607472747,21.419785155091898,21.689428140625242,80345500
2002-08-23,21.192272186279297,21.74841121695168,21.0237461326446,21.73998467319011,75211200
2002-08-26,21.276535034179688,21.39450342699627,20.737249115933803,21.318666143843092,83335400
2002-08-27,20.535018920898438,21.495622459268265,20.349638162827787,21.428211712842295,92340400
2002-08-28,19.785070419311523,20.299078309725612,19.709233136883256,20.240094113881135,115562300
2002-08-29,20.046293258666992,20.40862506412623,19.39746373400885,19.54913833532625,97028200
2002-08-30,19.793500900268555,20.223245050454608,19.700810512816922,19.90304437765669,59474900
2002-09-03,19.07725715637207,19.742939622166453,18.824467282414023,19.43116394423263,81828100
2002-09-04,19.153100967407227,19.397465988418983,18.740209842055744,18.959295224176824,82717600
2002-09-05,18.68122100830078,18.959290538578642,18.47898876875315,18.875026703634052,91576600
2002-09-06,19.25421142578125,19.565985497680163,19.04355266096351,19.094110314504096,86008800
2002-09-09,19.448020935058594,19.69238592184393,18.866602179603095,19.102540621271782,72679500
2002-09-10,19.92831802368164,19.945171109912618,19.405885208111457,19.574411248824937,74615800
2002-09-11,19.759798049926758,20.51816948398125,19.73451841281855,20.324363754416073,73902800
2002-09-12,19.220504760742188,19.5996911706029,19.136240935528832,19.574411540879254,70763500
2002-09-13,19.372177124023438,19.44801439738053,18.976139279868654,19.04355001094178,79716100
2002-09-16,19.094118118286133,19.380614284105388,18.849754686969405,19.262645841897278,58853600
2002-09-17,18.689645767211914,19.55755884479772,18.689645767211914,19.422737364644608,89139700
2002-09-18,18.478992462158203,19.00142545027543,18.35259748807818,18.5464032221475,92358300
2002-09-19,18.184064865112305,18.647513513760572,18.15878523425556,18.285181781340416,86247700
2002-09-20,18.25990104675293,18.453706716676678,18.099799942068685,18.394722522108474,78116900
2002-09-23,17.712196350097656,18.133514046681142,17.53524208178887,18.07452982631137,72757500
2002-09-24,17.720613479614258,18.07452022095544,17.40041130034439,17.425690927296838,91507300
2002-09-25,18.428424835205078,18.57167282367072,17.77959561643726,17.990254328463298,98051900
2002-09-26,18.20092010498047,18.816043397122357,18.00711440042054,18.67279535305653,104453500
2002-09-27,17.956554412841797,18.7149257186461,17.956554412841797,18.15878665390968,92249700
2002-09-30,17.45939826965332,17.897568896746268,17.265592587084893,17.754320868935068,91502500
2002-10-01,18.521121978759766,18.529548523927797,17.248742587971563,17.619502539369243,102096000
2002-10-02,17.905996322631836,18.512693031207036,17.670057910142006,18.125081646972617,94829700
2002-10-03,17.47625160217285,18.03239063390187,17.425693946706275,17.745894574259783,74354800
2002-10-04,17.147626876831055,17.712192532869,16.945394618918836,17.644781780231593,81837100
2002-10-07,16.987533569335938,17.349867134528694,16.726316983322498,17.071797450785393,79861800
2002-10-08,17.021228790283203,17.366709034996184,16.650468915274583,17.088639530539425,94103100
2002-10-09,16.903270721435547,17.29931050630385,16.717891456671634,16.802155343273398,103301000
2002-10-10,17.76274871826172,17.872290579487498,16.77686553843376,16.93696666533204,109610500
2002-10-11,18.72335433959961,18.858175848598414,18.0492467946056,18.158788667967443,124777400
2002-10-14,18.942434310913086,18.959287396548817,18.35259077845079,18.428428056612884,78890300
2002-10-15,19.852489471435547,19.911473691978948,19.532288728257324,19.75137412398957,118176000
2002-10-16,19.19522476196289,19.515425336168683,18.596953111022344,19.136238965347303,97441900
2002-10-17,19.844058990478516,20.063144342776518,19.02670339733529,19.886191716227643,95754500
2002-10-18,20.06314468383789,20.096850865010175,19.321626377238573,19.616549033699357,84941900
2002-10-21,20.467609405517578,20.602430906478496,19.63339915842318,19.818779927643746,85311500
2002-10-22,20.341215133666992,20.509742832453657,19.928324039558838,19.995734797633652,89947000
2002-10-23,20.72883415222168,20.754112189261157,19.945182860003587,20.096857511039307,88093500
2002-10-24,20.206388473510742,20.94790823076185,20.15583081962507,20.796233661905994,88674800
2002-10-25,20.813085556030273,20.85521666398711,20.21481385841093,20.21481385841093,71557300
2002-10-28,20.636131286621094,21.09958150833996,20.366488339467658,21.06587533634641,90272000
2002-10-29,20.15582847595215,20.61927706494624,19.692379886958058,20.48445559879528,90293800
2002-10-30,20.695119857788086,20.888927173347128,20.09684964314671,20.273802261945175,103531100
2002-10-31,20.68669319152832,21.099585847364924,20.52659366323151,20.779383576373156,81493100
2002-11-01,21.276535034179688,21.402929970368714,20.34120961342302,20.535016896591596,86658400
2002-11-04,21.82424545288086,22.59946969139178,21.73998163424298,21.95064037723835,110562400
2002-11-05,21.992782592773438,22.05176680914619,21.53775873984188,21.66415371881197,79603300
2002-11-06,22.304548263549805,22.422518258518988,21.60516126554167,22.152875310930128,116251700
2002-11-07,21.520904541015625,21.992779819698125,21.327097216686052,21.900089430114377,82711600
2002-11-08,21.124860763549805,21.798969777991214,21.032170392354388,21.478767554151865,76937600
2002-11-11,20.484458923339844,21.08273068278062,20.349637435307905,21.02374648266651,74384300
2002-11-12,21.00689125061035,21.40292913037923,20.560294112591084,20.560294112591084,88748800
2002-11-13,21.259685516357422,21.655725085352472,20.636135666908864,20.813089893038352,119341800
2002-11-14,21.992782592773438,22.262425643162796,21.50405416214289,21.554611832291055,85720100
2002-11-15,22.279260635375977,22.28768717475463,21.697842275833338,21.82423715211703,69291300
2002-11-18,21.950637817382812,22.557335955064264,21.900080174975518,22.506776705458492,76238000
2002-11-19,21.613595962524414,21.950649774167807,21.31867327463669,21.73999094099077,88139200
2002-11-20,22.532060623168945,22.540487166375367,21.520899546379784,21.537751025593852,75104700
2002-11-21,23.366270065307617,23.45896043715232,22.54048808385126,22.692162653343008,105472900
2002-11-22,23.357847213745117,23.543227986736166,23.020793454487436,23.062926178894084,73808600
2002-11-25,23.585359573364258,23.762313804995905,23.206174689352096,23.391553858833653,72666100
2002-11-26,22.79328155517578,23.484243770376647,22.666886596404574,23.408406473674102,80017900
2002-11-27,23.5179443359375,23.762309274168604,23.155611003911424,23.197743721123075,73643900
2002-11-29,23.357847213745117,23.8381506287863,22.93652961287324,23.770738269735663,34652100
2002-12-02,23.593778610229492,24.259460992473446,23.231445324420616,23.947685353670877,85136000
2002-12-03,22.894393920898438,23.239874156003445,22.692161705753954,23.214594526410842,76595500
2002-12-04,22.38882064819336,22.70902297630295,22.085471412552558,22.380394101958963,130115900
2002-12-05,22.077035903930664,22.751143207953557,22.0180501085299,22.709012104151597,84933200
2002-12-06,22.304548263549805,22.515207017253445,21.689425088462876,21.748409282348096,81727900
2002-12-09,21.251264572143555,22.37196960898476,21.234413085327525,22.093899986526402,75855200
2002-12-10,21.571460723876953,21.866383355506333,21.360801930884403,21.419786135770472,69578300
2002-12-11,21.672571182250977,21.96749374771462,21.335517510520535,21.43663441563901,64237600
2002-12-12,21.790542602539062,22.489929619969416,21.53775112675534,21.908510993585526,62296400
2002-12-13,21.099584579467773,21.546180172994873,21.07430494679306,21.504049059069327,72647800
2002-12-16,21.782123565673828,21.87481235892395,21.12486743077636,21.251262408626047,60278500
2002-12-17,21.84953498840332,22.077046919732325,21.622023057074312,21.748418038746188,62562700
2002-12-18,21.38608169555664,21.571462477064006,21.108012130494764,21.5293297507218,67130700
2002-12-19,21.116432189941406,21.723130405331045,20.905773444530823,21.20912255222564,95969700
2002-12-20,21.335519790649414,21.445063250167905,21.124861022404932,21.343946334243057,65578600
2002-12-23,21.63044548034668,21.706282776333797,21.17542170442397,21.217554428416307,45941700
2002-12-24,21.360801696777344,21.681002351449152,21.33552206330364,21.487196649747823,16772700
2002-12-26,21.30181121826172,21.832670507257024,21.20912086335835,21.5124699468977,33795400
2002-12-27,20.914201736450195,21.782116418724687,20.85521753995365,21.217550869516778,42490200
2002-12-30,20.754100799560547,21.04059684824557,20.52659055506265,20.931054997724274,57396400
2002-12-31,20.535018920898438,20.821513387809585,20.45918163026935,20.678266957953497,46015400
2003-01-02,21.40292739868164,21.52932231968358,20.60242516087029,20.829935375794328,65903200
2003-01-03,21.638874053955078,21.664152083521405,21.301820266410452,21.45349326540611,39059500
2003-01-06,22.178150177001953,22.405661984356552,21.234399994728708,21.664142376800488,67223400
2003-01-07,22.456218719482422,22.69215705910419,22.119165096593076,22.253986545748813,88726100
2003-01-08,21.82424545288086,22.72586461574927,21.773687804577595,22.23713639628795,74989900
2003-01-09,22.498361587524414,22.73429842650123,22.093895450194257,22.11074854074951,75391100
2003-01-10,22.835411071777344,22.97023255648756,22.093891298672283,22.20343475949863,82594300
2003-01-13,22.700590133666992,23.14718570982343,22.523635926224717,23.02921730966119,72870300
2003-01-14,22.818561553955078,23.020793812656116,22.624755840266477,22.675313503141954,46993800
2003-01-15,22.532060623168945,23.046068508369338,22.397239146263722,22.953378140297456,55131000
2003-01-16,22.279260635375977,22.734282511436874,22.119159601577675,22.574183084836623,68740300
2003-01-17,21.32709312438965,21.857954117343773,21.293388557407795,21.824247943163073,77289400
2003-01-21,21.09115219116211,21.52932111905346,21.08272564927209,21.411352746990236,67729600
2003-01-22,21.00689125061035,21.51247258272299,20.95633359955871,21.032169272536795,80020200
2003-01-23,21.495628356933594,21.773697963133387,21.158574532327698,21.402937952467195,78471100
2003-01-24,20.914201736450195,21.512473459198308,20.762527169916904,21.512473459198308,74519700
2003-01-27,20.669841766357422,21.09115936088995,20.535020264682938,20.60243101552018,76561000
2003-01-28,20.880496978759766,21.108007219275983,20.577147848473075,20.872070435451935,65217200
2003-01-29,21.192272186279297,21.44506367752967,20.50973821358117,20.863645015572587,95717500
2003-01-30,20.644559860229492,21.419784213146475,20.636133316402265,21.335520382073103,70333800
2003-01-31,20.594003677368164,20.863646670328954,20.23167030287747,20.27380141782796,90505600
2003-02-03,20.636131286621094,20.888922754976495,20.543440920837572,20.661410915616255,53158800
2003-02-04,20.383342742919922,20.47603150749554,20.071567060623263,20.37491619937689,68235700
2003-02-05,20.290660858154297,20.94791706463254,20.231676635880515,20.501319713246097,80107700
2003-02-06,20.400192260742188,20.518162251799527,20.105271301095556,20.256945855884503,103552000
2003-02-07,20.06314468383789,20.60243233220021,19.928323173547106,20.526595031761747,72312400
2003-02-10,20.240100860595703,20.433906599314973,19.903047052562332,20.130557368485274,67572600
2003-02-11,20.349632263183594,20.737245148157736,20.155826624295777,20.43389607358654,77823300
2003-02-12,20.071561813354492,20.50130577850874,20.03785725519254,20.282220525261568,51753000
2003-02-13,20.172687530517578,20.20639210342984,19.650252989184917,20.09685023246608,77387400
2003-02-14,20.636131286621094,20.644557829619483,19.903039724947533,20.079992306317447,67510400
2003-02-18,21.276535034179688,21.352372317332865,20.796233312342093,20.81308639908698,73976800
2003-02-19,21.133289337158203,21.268110831558015,20.821513626859264,21.234406261557556,45541400
2003-02-20,21.049022674560547,21.293387604842366,20.931054284603132,21.192270694022596,59759800
2003-02-21,21.20911979675293,21.377647414065887,20.65298090969802,21.00688762029646,70228500
2003-02-24,20.846786499023438,21.242824309485627,20.821506874322182,21.175413584147414,56646600
2003-02-25,20.872072219848633,21.023746797958953,20.29065353949206,20.60242923974093,74440700
2003-02-26,20.408613204956055,21.015311257681603,20.391761731312318,20.796226028330516,60005600
2003-02-27,20.872072219848633,20.998467165874253,20.450754661630608,20.577149607656228,66424000
2003-02-28,21.20069694519043,21.251254596304587,20.829937086889515,20.90577436716013,50185800
2003-03-03,20.770952224731445,21.470339203580295,20.695114946899754,21.293386626772143,60414400
2003-03-04,20.644559860229492,20.87207172196792,20.577149116810574,20.779381347067325,56043500
2003-03-05,20.68669319152832,20.88050050594926,20.49288748430645,20.560298234957497,69096500
2003-03-06,20.636131286621094,20.796232389192973,20.417045990259243,20.58557363582951,59108600
2003-03-07,20.67827796936035,20.804672985315893,20.18954778851924,20.290664765603566,73291000
2003-03-10,20.23166847229004,20.602428357663804,20.147404642814337,20.501311440853186,55948000
2003-03-11,20.054718017578125,20.425477972241012,20.037866534292807,20.27380337227896,54934200
2003-03-12,20.417051315307617,20.42547786050376,19.83563416156594,20.021013334283687,77859800
2003-03-13,21.588308334350586,21.613586354487236,20.560292656829976,20.762524853916332,128537600
2003-03-14,21.672571182250977,21.891656470675436,21.369223681292922,21.680997724944074,89794400
2003-03-17,22.41408920288086,22.582615222632707,21.360795552437196,21.428206281777648,141040800
2003-03-18,22.692157745361328,22.725862305070333,22.262413760481657,22.582614310110444,96548700
2003-03-19,22.498361587524414,22.70902039786753,22.186585841048963,22.624756552290446,91315100
2003-03-20,22.582622528076172,22.869118622253776,22.051763063687716,22.363538792245375,92789700
2003-03-21,22.894393920898438,23.07134650645032,22.07703851712297,22.928098486489795,93304600
2003-03-24,21.94222640991211,22.414101780078116,21.883240582341827,22.30455827893277,85244500
2003-03-25,22.253982543945312,22.548905013638727,21.916928981666334,22.03489732666444,78731500
2003-03-26,22.38039779663086,22.55735208236698,22.211871665719862,22.329840118077524,67880200
2003-03-27,22.220300674438477,22.456237605285885,21.992788684950074,22.1360367960502,64113100
2003-03-28,21.975921630859375,22.270844214312227,21.86637978356483,22.026479282903104,45374700
2003-03-31,21.276535034179688,21.6809994728641,21.24282886068991,21.57145762341996,89345300
2003-04-01,21.44506072998047,21.630439845658586,21.276533092310427,21.4366341873771,73159500
2003-04-02,22.034902572631836,22.38038275711788,21.933787283474164,21.959065302164312,75843800
2003-04-03,22.312976837158203,22.624752528180238,22.169728807315465,22.447798323222088,70138200
2003-04-04,21.950637817382812,22.414087962244864,21.883227091773595,22.388808337441976,65665700
2003-04-07,21.984344482421875,22.919669727762923,21.9674913988377,22.843832458832647,83842700
2003-04-08,21.959070205688477,22.152877499715743,21.807395630884052,22.03490749309069,54250600
2003-04-09,21.453493118286133,22.144455387013302,21.411361997831687,21.99278078185854,76457100
2003-04-10,21.714706420898438,21.714706420898438,21.31866690426127,21.45348838863171,57017500
2003-04-11,21.495628356933594,22.043341022818105,21.36923337360631,21.925372586005896,67974500
2003-04-14,21.933794021606445,22.02648279727551,21.478770259016525,21.571460641884627,52476200
2003-04-15,22.144454956054688,22.29612795105848,21.782121541280706,21.883236871283234,64655700
2003-04-16,22.093889236450195,22.607897103430197,22.00962702177042,22.45622254548864,70711600
2003-04-17,22.599477767944336,22.734299283067703,22.034912070665523,22.043338616260638,70179900
2003-04-21,22.683734893798828,22.83540945515984,22.430945029662983,22.70058797999422,52729600
2003-04-22,23.113483428955078,23.13876145594935,22.456227404719716,22.523638155369568,70757200
2003-04-23,23.281997680664062,23.383114558896793,22.970223719909793,23.172455869177004,70327100
2003-04-24,23.15559959411621,23.383111333357487,22.97864709061613,23.054484337029887,72383900
2003-04-25,22.70901107788086,23.105048900196653,22.633173808705713,23.020785089202214,63277900
2003-04-28,23.15559959411621,23.28199446907313,22.70900426212189,22.793266440627814,59666200
2003-04-29,23.366270065307617,23.644339573642878,23.096627100521776,23.290432780561744,79903800
2003-04-30,23.130338668823242,23.416834787520155,23.113485577794194,23.29886475751605,60202100
2003-05-01,23.332565307617188,23.484239875869335,22.911247776782925,23.121906542200055,66022600
2003-05-02,23.829723358154297,23.83814990277899,23.231451547393483,23.265157725892255,85004100
2003-05-05,23.804439544677734,24.19205088616221,23.737028806715273,23.8718502826402,80520300
2003-05-06,24.10779571533203,24.35215910916893,23.77074031980643,23.779166865414492,77338300
2003-05-07,23.838150024414062,24.175203775126366,23.69490197946145,23.939265346028222,70353200
2003-05-08,23.399986267089844,23.753893211830547,23.391559719929408,23.46739703717381,80249100
2003-05-09,23.939268112182617,23.998252324472947,23.593787776882774,23.627493959448245,58528200
2003-05-12,24.301605224609375,24.402720573243542,23.73703943860356,23.897140615673727,67487300
2003-05-13,24.149921417236328,24.427990931110205,24.048806107027037,24.124641786084567,64934300
2003-05-14,24.099361419677734,24.411135470917362,23.897129211717207,24.32687325633285,62181200
2003-05-15,24.369009017944336,24.419566677790964,24.065659844466502,24.22576097571303,62232100
2003-05-16,24.183629989624023,24.385862237290407,23.998249223863894,24.208908016082923,70590400
2003-05-19,23.332565307617188,24.16677382580517,23.26515456697166,24.031952344514114,91334800
2003-05-20,23.399986267089844,23.560085841539554,23.096636998112235,23.391559719929408,71817800
2003-05-21,23.332565307617188,23.383122961301627,23.121906542200055,23.298859133695007,63648500
2003-05-22,23.66961669921875,23.863422358747307,23.273578837504036,23.391547220312955,62401400
2003-05-23,23.678050994873047,23.804445961725555,23.55165602802054,23.627493329571884,37922500
2003-05-27,24.52069091796875,24.62180626781962,23.509527776263017,23.534807417325485,101422100
2003-05-28,24.596513748168945,24.773466309793875,24.402706495229204,24.57123412199457,76290400
2003-05-29,24.697641372680664,25.11053249653872,24.571246393083193,24.630230609748722,97336000
2003-05-30,25.10210609436035,25.169516853363163,24.81560996679859,24.8830207258014,78093700
2003-06-02,24.925148010253906,25.44758251749639,24.69763613094513,25.346465590959482,102937000
2003-06-03,25.16108512878418,25.177936609666958,24.714487937812297,24.807178315062803,81672600
2003-06-04,25.632959365844727,25.76778085095222,25.043114163100295,25.118951449373117,87046100
2003-06-05,25.818342208862305,25.852048388572662,25.253776556306676,25.388598060749892,88747900
2003-06-06,25.388595581054688,26.517726775884096,25.31275989851144,26.29864145076208,157178100
2003-06-09,25.051544189453125,25.46443524589427,24.88301811323992,25.27905607990001,94941800
2003-06-10,25.43073081970215,25.447583909580068,25.009413215948832,25.161087810451882,69660100
2003-06-11,25.71722984313965,25.81834517950678,25.110531396139688,25.338043313764672,87338200
2003-06-12,25.826765060424805,25.911028890451416,25.498137891239793,25.818338516702255,79450500
2003-06-13,25.24534034729004,25.89416959354618,25.16107814466851,25.835185408831713,83353600
2003-06-16,26.020578384399414,26.037431476792783,25.27905999828413,25.422308069229047,71211800
2003-06-17,25.919450759887695,26.21437330819537,25.75092313022657,26.13853603556772,67571200
2003-06-18,26.054279327392578,26.315495778138892,25.658241379022417,25.835193991954075,80215700
2003-06-19,25.632959365844727,26.32391987882034,25.599253190968415,26.10483456372095,79467200
2003-06-20,25.5992488861084,25.936304149395603,25.48970705057908,25.86046687587584,71512400
2003-06-23,25.203216552734375,25.590829547401363,24.90829393646146,25.557123370822076,86509400
2003-06-24,25.009408950805664,25.38859376519742,24.883014012675076,25.051540061116246,83004400
2003-06-25,24.87458610534668,25.43072508838828,24.832453390147318,25.00098103654727,94255300
2003-06-26,25.464426040649414,25.514985291715686,24.95041984573048,25.034682049777224,79187500
2003-06-27,25.13581085205078,25.75936077913627,25.085253184232844,25.4897177411749,82451900
2003-06-30,25.236921310424805,25.565548477601723,25.110524762557805,25.413873905920415,72043000
2003-07-01,25.573978424072266,25.599256451249992,24.655505935302948,25.0262658701674,105852500
2003-07-02,26.09641456604004,26.113267657705634,25.599259612299978,25.62453924979837,81972500
2003-07-03,25.76778793334961,26.20595868398168,25.675097534162237,25.868904878572135,50050400
2003-07-07,26.871631622314453,26.88005816580127,26.0879807572274,26.09640730071422,88554600
2003-07-08,27.200267791748047,27.22554903778115,26.644130202200106,26.778951728247975,81874500
2003-07-09,27.132848739624023,27.37721367095695,26.90533689470001,27.11599565321511,89588400
2003-07-10,26.627273559570312,26.95590078459794,26.39976166199773,26.837932366834004,102928700
2003-07-11,26.82950210571289,26.955897051125195,26.635696415600762,26.66940098435121,67728100
2003-07-14,27.14969825744629,27.596293738190067,27.023301733191907,27.250813548211514,84524600
2003-07-15,27.183412551879883,27.512043009160717,26.913771128283425,27.410924461813472,75059000
2003-07-16,27.099143981933594,27.38564003705096,26.73681064121464,27.35193386247298,80138700
2003-07-17,26.273359298706055,26.82949826465953,26.155390914170074,26.694676794561637,116260400
2003-07-18,26.357627868652344,26.58513813593803,26.054278702672775,26.458743185846206,80519000
2003-07-21,26.020578384399414,26.374485288663365,25.793068065886363,26.323927618682617,111325300
2003-07-22,26.408180236816406,26.543001704198346,26.003715834670587,26.2143745783547,91471500
2003-07-23,26.627273559570312,26.660978132988944,26.11326555554318,26.450319325725253,69050400
2003-07-24,26.273359298706055,26.981172820319333,26.189095478095197,26.837924807440487,82999700
2003-07-25,26.79579734802246,26.82950352575585,25.927884164974824,26.231231728580273,82709600
2003-07-28,26.871631622314453,26.955895449983814,26.627268289992017,26.846353599052826,56180800
2003-07-29,26.669404983520508,26.981180729008376,26.323924664228077,26.90534342894914,80560100
2003-07-30,26.475601196289062,26.745244235198292,26.39976389069593,26.71996459760082,56617300
2003-07-31,26.79579734802246,27.242396166994823,26.55986053268478,26.787372410788127,85544100
2003-08-01,26.509302139282227,26.787373293145126,26.374480638305766,26.703109453235072,73545400
2003-08-04,26.500879287719727,26.795800339820275,25.98687127028872,26.475599651597165,96344600
2003-08-05,25.45600700378418,26.526154025544855,25.36331823056641,26.467169822442912,111041800
2003-08-06,25.43916130065918,25.927889732342493,25.363323991673894,25.582409372387016,96816000
2003-08-07,25.540273666381836,25.7088013572087,25.29591028260197,25.464436366229663,67326600
2003-08-08,25.338037490844727,25.74250195776209,25.22006908979356,25.641386644632213,66677100
2003-08-11,25.616107940673828,25.784635611593643,25.30433383883085,25.346464952961313,63712200
2003-08-12,26.003721237182617,26.0374258074312,25.5571240291961,25.70879861331224,59676100
2003-08-13,26.012142181396484,26.18066821075548,25.82676145974333,26.104830935024403,57969700
2003-08-14,26.03741455078125,26.28177941003398,25.84360893584183,26.02056146934348,50271500
2003-08-15,26.264934539794922,26.36605145283538,26.062702320912816,26.121686517186912,28116300
2003-08-18,26.939035415649414,26.97273997370572,26.315485823222694,26.382896546533733,67224100
2003-08-19,27.27610206604004,27.28453021857952,26.837932958739188,27.057018315989207,68205000
2003-08-20,27.208690643310547,27.402496348339252,26.981178759738217,27.048587902427368,58233500
2003-08-21,27.503612518310547,27.65528711203932,27.19183839315616,27.461481401029936,77161400
2003-08-22,27.3350772857666,28.11872806548137,27.284521244751016,28.02603770442304,92989800
2003-08-25,27.394071578979492,27.41935282320786,27.141281637485324,27.26767821543166,43044700
2003-08-26,27.419343948364258,27.461475055910256,26.80421917068107,27.20025704608913,79838500
2003-08-27,27.638431549072266,27.66371278869695,27.276098186964965,27.377216716667874,47532100
2003-08-28,27.88280487060547,27.90808290341399,27.402502960850253,27.756408277765093,55311000
2003-08-29,28.135574340820312,28.19455851732713,27.790094215110436,27.840653458286226,53148800
2003-09-02,28.54004669189453,28.55689977770603,27.91649858885627,28.219847704668375,80303100
2003-09-03,28.5231990814209,28.818123318139886,28.354674619750693,28.733857872906718,85234800
2003-09-04,28.784414291381836,28.83497355351811,28.396802924863625,28.50634638562668,63736100
2003-09-05,28.59903907775879,28.93609446174963,28.37152717572473,28.624320320917043,91024100
2003-09-08,29.07090187072754,29.09617988722554,28.607453353348923,28.649584452311196,69296000
2003-09-09,28.725440979003906,28.978230956691096,28.58219128919516,28.91924673571072,87817500
2003-09-10,28.03446388244629,28.556896627379505,27.899642425224908,28.438928254110433,111624500
2003-09-11,28.346242904663086,28.46421129876182,27.81538191682113,28.042893768753398,96914900
2003-09-12,28.497909545898438,28.51476262813879,27.849080344430178,28.09344521532019,104963000
2003-09-15,28.2198429107666,28.57374800949543,28.17770859619678,28.514763826373958,54594200
2003-09-16,28.98663902282715,29.011917038758334,28.245119483010587,28.245119483010587,87463800
2003-09-17,28.868667602539062,29.070901374259787,28.67486197910494,28.927654997355035,79794700
2003-09-18,29.306856155395508,29.374268525642155,28.649601617484343,28.792848082660374,91469900
2003-09-19,29.13831329345703,29.374250011818074,28.952932606518093,29.315265832227812,69796000
2003-09-22,28.582183837890625,28.81812387470212,28.455790489196946,28.75913966909878,97477500
2003-09-23,29.087766647338867,29.121472825818294,28.573758675920953,28.624317943640094,77826500
2003-09-24,27.99233627319336,29.08776115162518,27.9502019508557,29.079333001398652,115057400
2003-09-25,27.630008697509766,28.430512772220794,27.60472745597697,28.127163589012557,117604800
2003-09-26,27.453054428100586,27.95020607531297,27.402495162473137,27.714269264514147,106581000
2003-09-29,27.92493438720703,27.950212418558568,27.34351716533074,27.604732061026507,96862800
2003-09-30,27.3182315826416,27.773255361123645,27.26767552796461,27.739549181740195,119122500
2003-10-01,27.933345794677734,28.00075490933662,27.31821954243359,27.47832221674238,106653600
2003-10-02,28.02604103088379,28.169290664357582,27.747973129101737,27.89121954817783,83911100
2003-10-03,28.80970001220703,29.04564008414694,28.49792584839908,28.523203879021764,112862800
2003-10-06,29.020349502563477,29.028777652991895,28.700150503030084,28.8855280252869,49162900
2003-10-07,29.197309494018555,29.197309494018555,28.65802029310787,28.784416852495912,80104600
2003-10-08,29.011926651000977,29.357406912244354,28.834974052061202,29.332128887938044,71387400
2003-10-09,29.231021881103516,29.71975197294002,29.01193808385206,29.416402704131027,118216100
2003-10-10,29.50066566467285,29.517518759386185,29.188891448474017,29.29843495691112,68356200
2003-10-13,29.694461822509766,29.804002069240507,29.424815637947827,29.610196385334863,60919800
2003-10-14,29.77031898498535,29.85458126402039,29.458541480875923,29.576509957284937,62274900
2003-10-15,29.643901824951172,30.208465775230326,29.51750527952269,30.166334664886726,97045200
2003-10-16,29.879840850830078,29.938825052605488,29.542788728456017,29.576491690614883,73955000
2003-10-17,29.16360092163086,29.905120699398378,29.155172770684743,29.837708349420527,97794400
2003-10-20,29.52593994140625,29.55964612287322,29.070916134797287,29.19731270809924,75544300
2003-10-21,29.702896118164062,29.871423831217797,29.441678002210836,29.61020571526457,73455600
2003-10-22,29.129892349243164,29.43324147038223,29.0203488967435,29.399535298167336,88141400
2003-10-23,28.792842864990234,29.079338957823886,28.69172754234252,28.77599298988074,95409600
2003-10-24,28.818117141723633,28.843395162676863,28.219847073583114,28.472636926307537,101778600
2003-10-27,28.826560974121094,29.0287949175109,28.68331447561957,28.885545204609897,63604500
2003-10-28,29.79555892944336,29.8376900150924,28.961349290250936,29.011908521667255,107375700
2003-10-29,29.761878967285156,29.837716273952815,29.551220139252617,29.66076362986115,74075200
2003-10-30,29.820859909057617,30.334867907346943,29.610201104145485,30.1747683727971,95062600
2003-10-31,29.643901824951172,29.90511985211779,29.542786517246995,29.86298552737651,55473200
2003-11-03,30.13265037536621,30.31803125279229,29.795598033427893,29.8545822736271,71141200
2003-11-04,29.93039321899414,30.22531415991442,29.871409030810085,30.073639614756225,60033900
2003-11-05,30.200029373168945,30.242160467517046,29.618612556613687,29.930386512065365,67412700
2003-11-06,30.2843074798584,30.309588721272714,29.778727653146177,30.157914130379417,90567400
2003-11-07,30.023096084594727,30.4865448481565,29.997814840270564,30.402282605472,63505200
2003-11-10,29.652320861816406,30.115772626583528,29.568058657893495,30.08206645925555,68896400
2003-11-11,29.54279899597168,29.74502969680124,29.365843114747026,29.618636312382524,75607100
2003-11-12,30.174768447875977,30.30116180249878,29.610201177819647,29.635479205864552,80364600
2003-11-13,30.14105224609375,30.25059568853055,29.955671530338737,30.09049299241587,64243000
2003-11-14,29.52593994140625,30.351722100956742,29.450102640304756,30.17476946985272,90932200
2003-11-17,29.222597122192383,29.41640288637681,28.86868856825627,29.357418663120644,108063100
2003-11-18,28.548480987548828,29.466953468409105,28.49792171923058,29.382688021212026,108588500
2003-11-19,28.826560974121094,28.98666378350454,28.54849291815953,28.658033223696172,86320300
2003-11-20,28.548480987548828,29.22258849313478,28.48949678170994,28.58218395202952,117324500
2003-11-21,28.843393325805664,28.868671345149078,28.422075859963808,28.717000014691408,81787500
2003-11-24,29.643901824951172,29.702886022311752,29.04563170063807,29.08776281098167,92057500
2003-11-25,29.643901824951172,29.871413678083837,29.56806454057362,29.736592196345704,72519800
2003-11-26,29.778717041015625,29.930391577857232,29.332121579424786,29.829276291428496,72842900
2003-11-28,29.812435150146484,29.913550477079742,29.669185490459274,29.71131660881494,24802600
2003-12-01,30.25057601928711,30.343263102501286,29.888242972848104,30.090473427272826,82767300
2003-12-02,30.082073211669922,30.376994205997,29.980957901386034,30.183188521953813,62504500
2003-12-03,29.702896118164062,30.435987973389224,29.702896118164062,30.200051103753257,107568500
2003-12-04,30.023096084594727,30.090505235862622,29.559647321032955,29.812437263484966,102334800
2003-12-05,29.52593994140625,29.913551385081266,29.458527578472307,29.719745663243756,87490200
2003-12-08,29.694461822509766,29.770299108768302,29.30684724030072,29.509081075122733,86961200
2003-12-09,29.011926651000977,29.879839772427506,28.944514300320414,29.862986684757367,109949500
2003-12-10,29.121461868286133,29.23943023417807,28.759128621962667,29.070902619590917,103504200
2003-12-11,29.745010375976562,29.82084764312743,29.062478186015728,29.070903120411625,108374700
2003-12-12,29.694461822509766,29.778724045286914,29.407965764910603,29.75344602133332,72189400
2003-12-15,29.306856155395508,30.32644736178431,29.197315875342802,30.275888084099325,106091400
2003-12-16,29.365825653076172,29.509075260849677,29.003492380610226,29.315269615130216,89854700
2003-12-17,29.41637420654297,29.492211450276663,29.129878309593014,29.332112031014844,68539900
2003-12-18,29.9641056060791,30.031514743251158,29.45009767575108,29.45009767575108,89978100
2003-12-19,29.879840850830078,30.03994358227583,29.660757132006836,30.006237405719048,89762300
2003-12-22,29.972532272338867,30.06522265389709,29.736595457025587,29.78715150922242,63580000
2003-12-23,30.200029373168945,30.351703884339265,29.938811445176405,29.997795620143034,66999800
2003-12-24,30.26239776611328,30.363552508560513,30.17809946769785,30.211818787064026,44840300
2003-12-26,30.22026824951172,30.42258109225383,30.194980350039035,30.31299483511629,25497600
2003-12-29,30.717622756958008,30.79348968449508,30.363579238887755,30.37200746832338,63296200
2003-12-30,30.818777084350586,30.835636756841023,30.59960455762865,30.79348596778807,48249400
2003-12-31,30.734485626220703,30.886219497067028,30.557463848784813,30.869359820789164,60494600
2004-01-02,30.650175094604492,31.01264991372259,30.5321606354782,30.903063680682674,55234100
2004-01-05,31.265541076660156,31.324548311086595,30.81877109724483,30.835630766459968,69717900
2004-01-06,31.476289749145508,31.543725226701298,31.147534158883055,31.257120427521834,60033000
2004-01-07,31.762895584106445,31.762895584106445,31.248686838461175,31.425708572506828,71830000
2004-01-08,32.015785217285156,32.03264488994779,31.695457868002624,31.906198952804914,76800900
2004-01-09,31.805034637451172,32.327671471350506,31.68702017969837,31.7881749698218,94296500
2004-01-12,32.31083297729492,32.327689438640085,31.76290472959407,31.906207160610073,77668400
2004-01-13,31.990510940551758,32.33612633819545,31.69547136678194,32.26025938672951,92973900
2004-01-14,32.10008239746094,32.243384786330886,31.8219026322612,32.10008239746094,68122400
2004-01-15,32.18437957763672,32.420408569835125,31.72074982196677,31.973638487272755,104427700
2004-01-16,32.51313400268555,32.56371302020153,32.17594698388646,32.35297193736553,77324100
2004-01-20,32.487850189208984,32.87561305865666,32.29396875448515,32.64801227467977,81998100
2004-01-21,32.352989196777344,32.58901830645937,32.03266167959784,32.361417429699365,112180300
2004-01-22,32.15907287597656,32.61427092116224,32.08320599917029,32.496256494052915,90061900
2004-01-23,32.04106140136719,32.42039585842337,31.847180060127936,32.20965485068689,88751300
2004-01-26,32.53002166748047,32.580600728520054,31.897797874939897,32.01581246837576,84538000
2004-01-27,31.813478469848633,32.56371628546892,31.771327676531854,32.46255824029352,97191600
2004-01-28,31.27398681640625,32.083235313634475,31.189691638779617,31.982077241696633,127959700
2004-01-29,31.392004013061523,31.45101127948991,30.90308298762076,31.392004013061523,143925900
2004-01-30,31.248685836791992,31.560581722349013,31.16439069442098,31.358272094397158,84264700
2004-02-02,31.164403915405273,31.594314468925596,31.037957932552573,31.35828539763247,94507900
2004-02-03,31.130678176879883,31.391998320572405,31.054811245850072,31.11381850157834,73488700
2004-02-04,30.624893188476562,31.071663218422323,30.624893188476566,30.869350380611838,109933000
2004-02-05,30.74291229248047,30.945221945052154,30.624897792537993,30.776628424139783,96784500
2004-02-06,31.299270629882812,31.425713366782404,30.793490035322,30.852497289005974,107174100
2004-02-09,31.29082679748535,31.509999266393358,31.231819567160784,31.47627993030707,58817700
2004-02-10,31.341415405273438,31.53529682369957,31.214969464030634,31.240260581671514,65042700
2004-02-11,31.67859649658203,31.754460188314244,31.248682949513253,31.391988537087265,92503000
2004-02-12,31.400409698486328,31.779744150054924,31.39198147318593,31.628010369427486,70556400
2004-02-13,31.13910675048828,32.007362352005096,30.987372886753473,31.518441409825307,90570400
2004-02-17,31.56058692932129,31.712320783145522,31.37513694237818,31.425712749883534,69678600
2004-02-18,31.653295516967773,31.75445029006615,31.459414195340784,31.61957618738423,70972100
2004-02-19,31.172821044921875,31.948349913285103,31.037946878552674,31.923058796328906,100843800
2004-02-20,31.071693420410156,31.307722614233835,30.810373087493517,31.189708017321994,132347600
2004-02-23,30.72604751586914,31.21496510809667,30.439439542613894,31.18967720963849,125199800
2004-02-24,30.650175094604492,30.894635454596298,30.43100262852466,30.599596091127722,124521900
2004-02-25,30.835647583007812,30.911511312369377,30.6249064263683,30.709201602762164,74457100
2004-02-26,30.911518096923828,31.054823787032394,30.608053465907666,30.74292770713337,71327600
2004-02-27,30.827199935913086,31.139095783451204,30.574311323972633,30.9873619731563,99383900
2004-03-01,31.23183822631836,31.248697904434156,30.742920423579488,30.91994222031314,79700700
2004-03-02,30.869365692138672,31.341427070741517,30.860937460223916,31.172833491550854,91536000
2004-03-03,30.700756072998047,30.877781007269892,30.523734354379584,30.776622983213585,83938300
2004-03-04,30.98736000061035,31.046370448104785,30.675464172926418,30.717611736291335,65905600
2004-03-05,30.87778663635254,31.31612850688032,30.65018586421385,30.700761669808692,118107100
2004-03-08,30.152830123901367,31.037941899695067,30.119110783804608,30.928355652207234,112599500
2004-03-09,30.060108184814453,30.32985651590486,29.94209369191912,30.1865541218616,126140400
2004-03-10,29.66390609741211,30.346708189306554,29.613330308447797,30.13596716021415,134226100
2004-03-11,29.3941707611084,29.950527193898473,29.335163504271144,29.562764301638126,152132000
2004-03-12,29.93366050720215,30.001099193880243,29.630196064111434,29.655483963788935,118369600
2004-03-15,29.411022186279297,29.840935754812474,29.343586718377153,29.80721641303469,115813600
2004-03-16,29.46161460876465,29.71450335589662,29.191866183069894,29.596488821612027,123265100
2004-03-17,29.92524528503418,30.026400143360764,29.65549685239331,29.680784763061215,91684700
2004-03-18,29.79035186767578,29.891506660804176,29.478456046399046,29.815639762044654,111249700
2004-03-19,29.293018341064453,29.891522404477303,29.2677304333766,29.739788527041004,99976700
2004-03-22,28.922115325927734,29.12442502036343,28.686083061546608,29.107565343218017,133870400
2004-03-23,28.68608283996582,29.208723180472646,28.66922316295064,29.158144149427102,125945800
2004-03-24,29.014833450317383,29.191858420324397,28.66921817082411,28.78723588938013,118876800
2004-03-25,29.79035186767578,29.891506660804176,29.183416677599627,29.2087077876214,142122000
2004-03-26,29.689207077026367,29.992674774304604,29.672347403216023,29.756642556613766,78430800
2004-03-29,30.16970443725586,30.31300687874112,29.916815695093458,29.933672157670106,103864000
2004-03-30,30.270845413208008,30.29613331113447,29.9420898775506,30.068532582836262,95716500
2004-03-31,30.211833953857422,30.34670808337966,30.01795259364751,30.279269410792093,85993900
2004-04-01,30.481605529785156,30.557472486654095,30.161278021265694,30.186569150658915,93048600
2004-04-02,31.27398681640625,31.324565852375173,30.78506899799296,31.09696501399738,145964000
2004-04-05,31.56900405883789,31.611151617864518,31.164381704007543,31.198097821837266,67351600
2004-04-06,31.172821044921875,31.40042180360498,31.12224202666326,31.324554884043945,98611400
2004-04-07,31.13910675048828,31.282412384306404,30.90307772496938,31.18125754703463,91004900
2004-04-08,31.13910675048828,31.518441409825307,30.970516426920092,31.48472205884995,77176300
2004-04-12,31.33298683166504,31.391997301131234,31.172824744982968,31.206544094491033,55285700
2004-04-13,30.87778663635254,31.493150257770207,30.734481017307896,31.476290584020603,100624400
2004-04-14,31.029510498046875,31.147524960658888,30.65017599989903,30.692323562881473,113663200
2004-04-15,30.473167419433594,31.071671432034844,30.363581135998867,30.978944824178868,123565500
2004-04-16,30.42258071899414,30.61646211576423,30.169692080409398,30.515307303461032,110736600
2004-04-19,30.793489456176758,30.844068479377825,30.329859664956295,30.355147568729784,85838700
2004-04-20,30.076984405517578,31.01267585064394,30.043265041665784,30.860941928966394,119545100
2004-04-21,30.33829116821289,30.439445999155083,30.05168313416493,30.26242424109272,117850500
2004-04-22,31.122236251831055,31.19810315731474,30.32985107339838,30.346710743022886,137623300
2004-04-23,31.36670684814453,31.408854428098746,31.105389923035865,31.257123783394416,91855600
2004-04-26,31.13910675048828,31.434146248041213,30.89464949505269,31.34141964068613,74392200
2004-04-27,31.0800838470459,31.34983208773719,30.92835005970046,31.14752251504506,87548500
2004-04-28,30.515302658081055,30.95364439887031,30.363568854898123,30.945212956664026,111740700
2004-04-29,30.043243408203125,30.633318988087282,29.75663545315386,30.42257793924674,156917100
2004-04-30,29.30988121032715,30.178133769157142,29.26773362103874,30.060119232887622,150829200
2004-05-03,29.588062286376953,29.94210916366046,29.41104045556291,29.503767095224195,117007200
2004-05-04,29.71450424194336,30.135986571616314,29.529050987877664,29.68078488381233,126176000
2004-05-05,29.95051383972168,30.093819410754634,29.672337355185668,29.85778727299205,97528500
2004-05-06,29.722917556762695,29.874651376547497,29.37730234850918,29.69762965868302,102733300
2004-05-07,29.47846221923828,30.043246749429272,29.427883204256307,29.57961703354866,137686000
2004-05-10,29.225568771362305,29.41945337709407,29.014827710539723,29.225568771362305,156951400
2004-05-11,29.66390609741211,29.8240713375402,29.436305400113962,29.47845617845477,120493600
2004-05-12,29.722917556762695,29.748208670495742,28.888384763599664,29.60490307818638,197765400
2004-05-13,29.512191772460938,29.883098286419422,29.436324823301707,29.554342578614428,137841700
2004-05-14,29.293018341064453,29.765079650383445,29.200291725336207,29.6723530346552,133689900
2004-05-17,29.014833450317383,29.21714632361653,28.75351654122127,28.981117317812547,150652400
2004-05-18,29.27616310119629,29.41946876967447,29.16657679184887,29.217155830545003,96686400
2004-05-19,29.24244499206543,29.93367580551797,29.19186916686245,29.638639439649893,141646900
2004-05-20,29.377296447753906,29.52060201127876,29.132839312227755,29.318289220318004,94938500
2004-05-21,29.520620346069336,29.647063105255278,29.284591289731804,29.512188899397444,111329200
2004-05-24,29.722917556762695,29.891511047151738,29.5037482702143,29.756636897971177,99861800
2004-05-25,30.31300163269043,30.41415968457256,29.46160893110189,29.630202468584507,146321400
2004-05-26,30.506879806518555,30.506879806518555,30.186555656843854,30.228703232784852,93789700
2004-05-27,30.700756072998047,30.76819475570225,30.397291647789277,30.591173037083788,110183400
2004-05-28,30.810340881347656,30.810340881347656,30.523732924586845,30.667038510793866,56379500
2004-06-01,30.768203735351562,30.8103513165157,30.439448100355236,30.57432228947307,90592700
2004-06-02,30.700756072998047,30.903068905457275,30.490015013027485,30.818773767730402,103519800
2004-06-03,30.329845428466797,30.65017266040736,30.19497131222644,30.59959366094751,97301400
2004-06-04,30.506879806518555,30.869354747788172,30.490020133011374,30.633325749995464,91233200
2004-06-07,31.23183822631836,31.27398581378045,30.633334123654215,30.717629298578395,107532600
2004-06-08,31.27398681640625,31.34985376253218,31.063245656684767,31.105396461152985,72530900
2004-06-09,30.835647583007812,31.231838770844796,30.768208869368838,31.172831504238122,98215200
2004-06-10,31.05482292175293,31.05482292175293,30.810362361450373,30.92837691727768,57101300
2004-06-14,30.61648178100586,30.860942348773516,30.431028492953764,30.860942348773516,85129900
2004-06-15,31.012657165527344,31.181250667553254,30.818775763676303,30.818775763676303,91937700
2004-06-16,30.962093353271484,31.105399025838402,30.894657848741,30.995812713364305,64743300
2004-06-17,30.67547607421875,30.903076863476077,30.557461564749218,30.89464863379434,77844200
2004-06-18,30.717622756958008,31.054809816157015,30.565888901883866,30.59960825093459,78641500
2004-06-21,30.473167419433594,30.877789986360675,30.397300487156368,30.785063378504702,65373100
2004-06-22,30.919931411743164,30.936791083965385,30.3635750910246,30.481589580926467,101524300
2004-06-23,31.29082679748535,31.34983402780992,30.7766181769545,30.827197181083935,94393900
2004-06-24,31.23183822631836,31.484726966745693,31.122251926393087,31.206550316972066,92343200
2004-06-25,31.467872619628906,31.51844844172132,31.17283305625143,31.189692735500575,81005400
2004-06-28,31.20656394958496,31.62804643964042,31.10540905235539,31.60275851924708,94033200
2004-06-29,31.501585006713867,31.687038240688867,31.257127725884118,31.273984187468542,68265900
2004-06-30,31.813478469848633,31.948352647761784,31.484719646509646,31.56901801748915,97809500
2004-07-01,31.223403930664062,31.74604098812437,30.99580314378921,31.74604098812437,122141800
2004-07-02,31.037935256958008,31.231816597540003,30.877773249256162,31.223388372146253,74056400
2004-07-06,30.372011184692383,30.852500712669276,30.203420850118007,30.852500712669276,130232600
2004-07-07,30.431018829345703,30.59118415113097,30.27928495378837,30.31300430739101,95623100
2004-07-08,30.093826293945312,30.456301201893687,29.967380362092204,30.186552881883774,108755400
2004-07-09,30.135984420776367,30.380444926296448,30.03482956925779,30.211851363328986,86014700
2004-07-12,30.009523391723633,30.085390296221068,29.706058989387028,29.9842354954422,81844500
2004-07-13,29.96737289428711,30.18654535946137,29.849358435648426,30.07695912687424,81222000
2004-07-14,29.66390609741211,30.05167203483835,29.545891635624827,29.672337539341434,119489200
2004-07-15,29.56275177001953,29.916798376617415,29.554323543610206,29.77349280243521,90405700
2004-07-16,29.225568771362305,29.883083067773075,29.183421202328468,29.86622339702886,120387100
2004-07-19,29.166574478149414,29.478473701884244,29.056991393149975,29.318308366546137,106387900
2004-07-20,29.866226196289062,30.001100359230676,29.25929085522494,29.284581971538408,117453700
2004-07-21,28.99797248840332,30.051677837318362,28.947393474020128,29.984239151474103,136086800
2004-07-22,29.3941707611084,29.596483652874937,28.87153367955514,29.06541512568531,132135800
2004-07-23,28.83782386779785,29.21715865555915,28.686089952693333,29.18343929316806,107107100
2004-07-26,28.711368560791016,29.006404813904183,28.407900862929477,28.863102409721783,112962200
2004-07-27,29.107563018798828,29.259296885336013,28.694512216512095,28.820954961523512,103474700
2004-07-28,28.981115341186523,29.191856429325,28.5006259174831,29.006403242753922,154299800
2004-07-29,29.31830596923828,29.43632049152926,29.082276924656327,29.259298708092793,98959800
2004-07-30,29.411022186279297,29.588043907132526,29.208712566919445,29.301435933328214,83007800
2004-08-02,29.470035552978516,29.520614576159875,29.048553340096145,29.17499929022249,81249000
2004-08-03,28.854665756225586,29.44474137158743,28.820946414626988,29.36887446081729,85746500
2004-08-04,28.86311149597168,29.04856153531455,28.66922679357118,28.787244547623004,86721000
2004-08-05,28.323604583740234,28.99797872459699,28.323604583740234,28.955827929052777,109722900
2004-08-06,27.581796646118164,28.163440933953524,27.53121762365916,28.155012704704045,148808600
2004-08-09,27.649232864379883,27.784107045546452,27.522790128341672,27.65766430950824,79281900
2004-08-10,27.994848251342773,28.222449035783054,27.750387792241636,27.78410714156334,105819800
2004-08-11,27.750389099121094,27.85154715185015,27.438493142342235,27.69138184285629,121217700
2004-08-12,27.371057510375977,27.69981314085845,27.286759133550806,27.5565075080828,113691800
2004-08-13,27.4132080078125,27.5986612409064,27.26990235978868,27.522794301518406,91416100
2004-08-16,27.72510528564453,27.9779940234818,27.472216547807264,27.489076225750384,77851300
2004-08-17,28.03699493408203,28.18872878552601,27.809397372570096,27.91898043088205,89573100
2004-08-18,28.53434181213379,28.584920830504856,27.826251633207722,27.868402423010508,106608500
2004-08-19,28.38261604309082,28.534349925694812,28.16344666580433,28.433195075843717,104690200
2004-08-20,28.66921615600586,28.778802421993635,28.247733980603133,28.29831299928683,91962400
2004-08-23,28.73666763305664,28.888401540963137,28.584933725150144,28.702948272265147,83390800
2004-08-24,28.728233337402344,28.922114797550623,28.50063252357926,28.87153576703842,86610500
2004-08-25,29.12442970275879,29.166577294571166,28.57650457788766,28.71980703318076,88394600
2004-08-26,28.99797248840332,29.124415200881007,28.922105574655294,29.04854828713298,57663400
2004-08-27,29.132844924926758,29.23399973206914,29.031686902131035,29.056978015656636,58597200
2004-08-30,28.643932342529297,29.02326699766084,28.610212991927767,29.006407322360076,62355700
2004-08-31,28.677656173706055,28.761951347725827,28.365760171047175,28.677656173706055,81262000
2004-09-01,28.88838005065918,29.056973513543355,28.49218589522929,28.60177212845193,96630600
2004-09-02,29.31830596923828,29.402604353485092,28.795668849526283,28.812528526375647,83054000
2004-09-03,28.778799057006836,29.225569081685524,28.702932145678997,29.03168768954848,90213700
2004-09-07,29.02326774597168,29.175001611936473,28.761947595553572,28.997979840195665,95556500
2004-09-08,28.913684844970703,29.234012290120166,28.812529994375243,28.922116291652245,101466100
2004-09-09,29.15814208984375,29.293016280783775,28.778807422932942,29.04012757472802,104397500
2004-09-10,29.604904174804688,29.66391141627858,29.056979330310902,29.174993813258688,108591600
2004-09-13,29.9926700592041,30.11068454166966,29.62176372499409,29.714490308546594,109350500
2004-09-14,30.034828186035156,30.110695125093805,29.807227368859213,29.88309430791786,76466300
2004-09-15,29.71450424194336,29.88309781694354,29.604917935845,29.857806690517773,90128700
2004-09-16,29.77350616455078,29.984247291545422,29.613344065670436,29.722927136436482,67121000
2004-09-17,29.866226196289062,29.942093113922077,29.638625443390016,29.697632688698615,83903400
2004-09-20,29.866226196289062,30.15283419449671,29.65548511571443,29.74821170567186,110678100
2004-09-21,29.9842472076416,30.220276240205724,29.857801245536884,29.958959301482416,93688400
2004-09-22,29.46161460876465,29.891525157323514,29.394175894513516,29.874665478760733,101393400
2004-09-23,29.43631935119629,29.630204019625783,29.402603214458253,29.486898379784996,92503200
2004-09-24,29.33515167236328,29.663907175187607,29.29300410814404,29.49531691831064,103247400
2004-09-27,29.082258224487305,29.28457100093605,28.98110344408918,29.183413004885434,86017600
2004-09-28,29.141281127929688,29.242435962756858,28.85467308287419,29.124421452849454,87070300
2004-09-29,29.571199417114258,29.604915556880982,29.107566319206217,29.115997765888938,95096200
2004-09-30,29.621767044067383,29.731353311058722,29.41102595443611,29.520612221427445,74514600
2004-10-01,30.431018829345703,30.473169629176276,29.807226865969604,29.88309380374827,118252700
2004-10-04,30.608041763305664,30.86935869696295,30.557462736313447,30.65018934463868,108032600
2004-10-05,30.650175094604492,30.759761327644412,30.48158163200143,30.540588861564576,89754400
2004-10-06,30.894651412963867,30.928367550377992,30.439449793500945,30.608043343189564,87815500
2004-10-07,30.549028396606445,30.911500096100724,30.49001793575692,30.80191704968199,82374300
2004-10-08,29.9926700592041,30.54902634486564,29.925231374564653,30.414152191240223,115073000
2004-10-11,30.135984420776367,30.228711041191207,30.009538444637084,30.11069651181041,51181600
2004-10-12,30.08539390563965,30.21183983352312,29.672343210440236,29.8662246083823,97884100
2004-10-13,30.017961502075195,30.464731585770608,29.86622765937603,30.388864664421025,132442500
2004-10-14,29.883081436157227,30.16125794911484,29.781926632868387,30.085391042734905,99383700
2004-10-15,30.034828186035156,30.228709649039565,29.739788660516147,29.916813662089396,129183400
2004-10-18,30.464752197265625,30.557478854501493,29.840959946934213,29.93368338851405,108933400
2004-10-19,30.245561599731445,30.827205840160477,30.169694680053418,30.667043772241875,129973500
2004-10-20,30.38887596130371,30.54060986040905,30.05169201991244,30.20342591901778,106524200
2004-10-21,30.852506637573242,31.012671988093306,30.431024288886967,30.54904204766943,122627600
2004-10-22,30.178131103515625,30.91994082895616,30.127555287098883,30.860933566033527,114321100
2004-10-25,30.034828186035156,30.18656206415245,29.916813662089396,30.119123355809386,102863000
2004-10-26,30.194971084594727,30.211830750954242,29.849355963356025,30.051668744017668,98164500
2004-10-27,30.962093353271484,31.096967577987613,30.102268964835467,30.211855277309564,152423400
2004-10-28,31.155963897705078,31.290838075007326,30.827208291509233,30.919934891339658,111113900
2004-10-29,31.105379104614258,31.39198705053686,30.91149451608014,31.11380733141208,100779200
2004-11-01,31.223403930664062,31.341418438898245,31.021091048223912,31.17282490614048,72356000
2004-11-02,31.32455062866211,31.653306163547846,31.20653615107783,31.26554338986997,108930700
2004-11-03,31.53531265258789,31.94836681441014,31.316143222164467,31.830349042707013,140980100
2004-11-04,31.712322235107422,31.847196420720444,31.28241177335785,31.408854513564556,112513700
2004-11-05,31.99892807006836,32.16752159434682,31.703891814321565,32.0495070920481,117017900
2004-11-08,32.032649993896484,32.116945154987135,31.906204036606237,31.99050241335116,66486000
2004-11-09,31.96520233154297,32.15908693587656,31.872478966598546,31.97363377468097,85038700
2004-11-10,31.855613708496094,32.08321439850038,31.737599250490792,31.9736281665014,95122300
2004-11-11,32.277095794677734,32.35296269144339,31.914620978536608,31.95676853992801,99338800
2004-11-12,32.588993072509766,32.67328819908132,32.17593923474206,32.31924480869725,102418100
2004-11-15,32.7322998046875,32.75758770042318,32.45412008898275,32.572134556620014,82696000
2004-11-16,32.53002166748047,32.60588865121159,32.30242071628708,32.5890289641984,97197500
2004-11-17,32.96833419799805,33.14535592876058,32.732305223648005,32.732305223648005,125242500
2004-11-18,33.120059967041016,33.1790671962655,32.78287304377012,32.85873994072343,94901100
2004-11-19,32.60586929321289,33.12007818703345,32.53000235452372,33.07793060235159,118448900
2004-11-22,32.91776657104492,32.93462624871052,32.43727701236695,32.54686330936596,79882600
2004-11-23,32.86717987060547,33.00205403161551,32.54685253233651,32.88403632703478,91925300
2004-11-24,33.15378952026367,33.204365323384444,32.93461698789431,32.95147666081917,74051700
2004-11-26,33.052650451660156,33.2802513432854,33.01893108645886,33.187524696809675,31248900
2004-11-29,33.044212341308594,33.41511560069327,32.850330872835606,33.263381718296195,94765400
2004-11-30,32.976741790771484,33.204342394610094,32.926166022575075,33.12847552666389,87663100
2004-12-01,33.65114212036133,33.68486147294392,33.10321711133919,33.10321711133919,102375000
2004-12-02,33.77757263183594,34.04732089778081,33.516252592353666,33.56683159808819,122005600
2004-12-03,33.828147888183594,34.21591057554454,33.786000329236124,34.013597790683,114227700
2004-12-06,33.946163177490234,34.08103729884321,33.64269560053285,33.81971728187376,70415100
2004-12-07,33.36454772949219,34.140073788077096,33.32239691772328,34.013627784081294,121439800
2004-12-08,33.55842971801758,33.70173218995797,33.29710947337536,33.38140466679259,10121300
2004-12-09,33.76074981689453,33.878764410114925,33.077950180217535,33.28869144401295,134346000
2004-12-10,33.65959167480469,33.777606256679796,33.49942948735364,33.58372469850552,86177300
2004-12-13,33.95459747314453,34.00517648356345,33.70170885235647,33.91244990562207,74296400
2004-12-14,34.12322235107422,34.215949014320934,33.92934078958391,33.95462871023075,91985000
2004-12-15,33.996742248535156,34.29177838470793,33.84500845974552,34.13161637016453,95179300
2004-12-16,33.676414489746094,34.09789651536081,33.566828262703524,34.00516995522115,86101300
2004-12-17,33.59046173095703,33.879814701841475,33.5564194410997,33.73513659317353,97947000
2004-12-20,33.3607063293457,33.845797963446515,33.26709158479048,33.675589632114644,106397600
2004-12-21,33.76918411254883,33.79471421066971,33.42876765416127,33.522382342540446,83184700
2004-12-22,33.811737060546875,33.981945298310094,33.607489772392704,33.65004102022048,75298000
2004-12-23,33.8372802734375,33.96493731284585,33.65005406114619,33.70962648048252,45782000
2004-12-27,33.69260787963867,34.05855462413409,33.5309117643898,34.0245123115174,67157700
2004-12-28,34.01598358154297,34.04151367793687,33.70960943900926,33.76066963179706,62563100
2004-12-29,34.05851364135742,34.17765834569483,33.95639007284675,33.973407962223774,46594800
2004-12-30,34.033016204833984,34.143648824150425,33.98195274837444,34.101097566993886,41717600
2004-12-31,33.97344207763672,34.143650360373876,33.8542972536566,34.0670567954648,44112300
2005-01-03,33.61600112915039,34.28832193088196,33.50536527971868,34.11811368093757,100970900
2005-01-04,33.003257751464844,33.820256826265556,32.80751937049313,33.760681170232324,136623200
2005-01-05,32.798988342285156,33.156422559196876,32.73941597279987,32.91813308125573,127925500
2005-01-06,32.63730239868164,32.94367656429426,32.628793448059945,32.87559521996477,102934600
2005-01-07,32.80751419067383,33.07984609045929,32.51816114134523,32.81602638867155,123104000
2005-01-10,32.790489196777344,33.07984221218222,32.671344410396266,32.71389565603923,88764200
2005-01-11,32.56070327758789,32.76495376847937,32.399007271868555,32.65431795064435,106398800
2005-01-12,32.83305740356445,32.85007531176863,32.34796261195955,32.70540036686001,127754900
2005-01-13,32.399009704589844,33.06281816854009,32.34794626641995,32.83304081290475,101982400
2005-01-14,32.70540237426758,32.78199595170078,32.50115175229454,32.509663953372396,93460900
2005-01-18,32.95219802856445,33.01177043902588,32.526678955866885,32.577739166860745,91760400
2005-01-19,32.407535552978516,32.97772957704546,32.39051439975148,32.96070842381843,104981000
2005-01-20,31.78628158569336,32.17776170030117,31.760751473647485,32.041595691966975,120963900
2005-01-21,31.530973434448242,31.95649265285228,31.47991320597032,31.896920221992033,138569200
2005-01-24,31.088420867919922,31.658618085162278,31.028848460418104,31.590533478615782,137499000
2005-01-25,31.24160385131836,31.564999196706843,31.19905260108489,31.292667299469898,119171300
2005-01-26,31.616056442260742,31.735201218120945,31.335212402203126,31.45435717806333,107465800
2005-01-27,31.573511123657227,31.718189283828224,31.377772756975073,31.565002171389565,103654700
2005-01-28,31.420333862304688,31.71819922830283,31.16502301034458,31.675647960718415,111648600
2005-01-31,31.828834533691406,31.939467178078115,31.7096864416192,31.794792221670775,89139900
2005-02-01,31.930952072143555,32.041587941671004,31.803295049884735,31.905421966272964,76610300
2005-02-02,31.982023239135742,32.10967704571071,31.75224249155634,32.03308346318424,100160500
2005-02-03,31.616056442260742,31.837324847936596,31.488399470152434,31.811794752095597,90157900
2005-02-04,32.12669372558594,32.18626614297672,31.616072077535414,31.616072077535414,99302000
2005-02-07,32.058597564697266,32.26284809824685,31.930943821874358,32.16923340563879,71551400
2005-02-08,32.11817932128906,32.34795675140244,32.016052411846765,32.050094714994195,72821700
2005-02-09,31.58202362060547,32.16923872619697,31.53947236596016,32.143708622700316,93276600
2005-02-10,31.616056442260742,31.760731313961944,31.386275840336783,31.709667875828288,110373000
2005-02-11,32.08415603637695,32.21180987916897,31.428855921389765,31.51395848325111,108684100
2005-02-14,32.22883224487305,32.28840468969249,32.075645030635975,32.0841572350129,54908900
2005-02-15,32.441566467285156,32.747940655538734,32.18625572589124,32.254340321704134,131406500
2005-02-16,32.322444915771484,32.47563212006295,32.1947910764983,32.364996195529216,80273900
2005-02-17,31.88840675354004,32.458600867215445,31.854364441736077,32.3820072888833,115628300
2005-02-18,31.78628158569336,31.97351106457302,31.70968800310202,31.896917481981678,69158800
2005-02-22,31.394775390625,31.956460056121745,31.30967293233334,31.5139201308136,121232000
2005-02-23,31.437353134155273,31.547989020405712,31.23310576341199,31.522458910676157,95010100
2005-02-24,31.837331771850586,31.862861873243816,31.28415576767994,31.360749318311996,99334600
2005-02-25,32.016056060791016,32.08414067484564,31.73521514394839,31.811808711533303,79988700
2005-02-28,31.67563247680664,31.999024549528237,31.420318503197336,31.879879759951645,95731300
2005-03-01,32.024532318115234,32.084104665325604,31.76922179486372,31.803260817234335,78460600
2005-03-02,32.00754928588867,32.35647484053591,31.794789722165884,31.837340985619782,107270600
2005-03-03,31.743724822998047,32.10967151577285,31.505435161266785,32.09265036187017,89793800
2005-03-04,31.930952072143555,32.12669045887493,31.82882840220826,31.99903343661611,86622300
2005-03-07,32.390506744384766,32.586245090554115,31.964987753637764,31.999026805593804,93563900
2005-03-08,32.06710433959961,32.51815333158273,32.04157424464254,32.347945123482,89595200
2005-03-09,31.973499298095703,32.279873515713156,31.888396791625308,32.058601804566095,98063000
2005-03-10,31.930952072143555,32.058605847949444,31.556496451412176,32.00754563620826,97043600
2005-03-11,31.63307762145996,32.186253562678424,31.505423882568618,32.07561772514433,102857500
2005-03-14,31.777748107910156,31.794769251623592,31.513925250028745,31.692645635794197,65576200
2005-03-15,31.522462844848633,31.896918568914344,31.479911574504275,31.845855096628817,93856300
2005-03-16,31.16501235961914,31.641594834470673,31.088418805561794,31.41181417229864,159578000
2005-03-17,31.24160385131836,31.39479094932068,31.096928951234112,31.156501350851425,100429600
2005-03-18,31.07140350341797,31.30969640892228,30.93523752018113,31.27565410149979,108899400
2005-03-21,31.130977630615234,31.275652560352096,30.850133477898325,31.14799553703478,92752500
2005-03-22,30.748004913330078,31.275647582587453,30.73098376316662,31.1565027778957,114016300
2005-03-23,30.85862922668457,31.054370777734,30.696933213265012,30.713954358854163,97444900
2005-03-24,30.86716079711914,31.190556273395714,30.86716079711914,30.96928448830252,77566800
2005-03-28,30.926727294921875,31.156507990895992,30.901197188631304,30.986299707235204,59739000
2005-03-29,30.6799373626709,31.13098997653828,30.58632260797287,30.867166872066953,119554300
2005-03-30,31.258634567260742,31.301185830516822,30.82460648772344,30.833115441793343,114711000
2005-03-31,31.12244987487793,31.275636927709346,31.011814059732718,31.258615783344595,86578900
2005-04-01,30.807580947875977,31.386287135852925,30.74800853850654,31.335223679342196,143814300
2005-04-04,31.02884864807129,31.14799346379548,30.662902001802557,30.850131424485,100090300
2005-04-05,31.11395263671875,31.207564096281736,30.994804581320057,31.054380232245684,66266600
2005-04-06,31.06288719177246,31.411812644068526,30.99480259305501,31.199053142755016,82168900
2005-04-07,31.437353134155273,31.445865335034075,31.071406411249022,31.088427566553197,88618000
2005-04-08,31.182024002075195,31.547970510269703,31.14798171144047,31.488398124884693,92332900
2005-04-11,31.045856475830078,31.301167149446094,30.977775144543106,31.275637056019896,70976000
2005-04-12,31.199064254760742,31.267148877727536,30.56078552348785,31.011834788055573,144848500
2005-04-13,30.688432693481445,31.147990764817884,30.620348092422734,31.11395171074099,108995500
2005-04-14,30.2544002532959,30.722470504045447,30.211849002582728,30.688431451346307,158057900
2005-04-15,29.565053939819336,30.101205404394115,29.51399050423776,29.990572830311283,170013300
2005-04-18,29.573570251464844,29.78632974967682,29.479955552819206,29.539527952602374,110084000
2005-04-19,29.777807235717773,29.871418645275266,29.573556782022276,29.803337325010652,96922100
2005-04-20,29.531023025512695,30.033135639577463,29.437408314109522,29.965051032574156,140457400
2005-04-21,30.313980102539062,30.39057367122479,29.75229501432812,29.888460997941284,124505100
2005-04-22,29.8629207611084,30.18631607991477,29.63314013299219,30.177803882696377,114996800
2005-04-25,30.109725952148438,30.177807305356993,29.913987597801793,30.041641352487485,72170100
2005-04-26,29.828880310058594,30.382056291195173,29.82037135876595,30.033130852056598,104958800
2005-04-27,29.87144660949707,29.99910366836955,29.556563309786515,29.675708166625434,112539300
2005-04-28,29.573570251464844,29.91398674718493,29.548040150544143,29.71824515195188,98181900
2005-04-29,29.76930809020996,29.83739268676841,29.23315325489504,29.786329239349573,144435900
2005-05-02,29.888452529907227,30.00759732600585,29.69271418682346,29.871431380971394,67648800
2005-05-03,30.041637420654297,30.15227325739719,29.81185679655074,29.82887794423826,103428700
2005-05-04,30.40757942199707,30.492685147678127,29.990572728740105,30.03312396835489,90480600
2005-05-05,30.433143615722656,30.569309682930058,30.23740509701546,30.424634656846308,79341700
2005-05-06,30.518217086791992,30.65438300966057,30.399072310088442,30.61183176747383,77310200
2005-05-09,30.66290283203125,30.688436183558306,30.34801963245543,30.526736860880664,66298400
2005-05-10,30.44162940979004,30.603325459793542,30.31397241221464,30.518222959044813,77194700
2005-05-11,30.59483528137207,30.662916674455516,30.041658947717952,30.484199365350385,131952400
2005-05-12,30.509716033935547,30.807581330939232,30.348019955986945,30.662903158919644,116602200
2005-05-13,30.841629028320312,31.037367445257285,30.543763679235276,30.62886945602533,133273500
2005-05-16,31.045856475830078,31.096919909133824,30.747994564353288,30.841609235517808,79093200
2005-05-17,31.233097076416016,31.26713937755604,30.816087003582044,30.9352318111196,91665900
2005-05-18,31.65863037109375,31.79479639057668,31.241620110296918,31.318213699159436,128105900
2005-05-19,31.922443389892578,31.93095559042264,31.65862360961994,31.735217182124032,92619700
2005-05-20,32.050113677978516,32.075643797218056,31.786290542169628,31.87139635039248,66530100
2005-05-23,32.21181106567383,32.33095920170496,31.99905140672894,32.05011489359943,93068200
2005-05-24,32.313926696777344,32.33945680802378,32.08414595619853,32.13520617869141,100830000
2005-05-25,32.177757263183594,32.23732968071177,31.990527810121737,32.20328737170902,76470600
2005-05-26,32.50114059448242,32.56922519391747,32.322423390644005,32.322423390644005,84066800
2005-05-27,32.518165588378906,32.55220789212064,32.356469515284836,32.45859318005726,50076900
2005-05-31,32.407535552978516,32.54370153234174,32.27136632716226,32.50114702604765,75281500
2005-06-01,32.67135238647461,32.91815421648841,32.3564691961017,32.36497814872681,110875700
2005-06-02,32.9011344909668,32.9011344909668,32.594760239938445,32.62029359182606,75926500
2005-06-03,32.42455291748047,32.88411430756549,32.35647155216397,32.87560535432079,96998400
2005-06-06,32.433067321777344,32.50114869172159,32.30541028925873,32.441576275600426,52681400
2005-06-07,32.16072463989258,32.73943070075471,32.118173392039914,32.46709881875513,108953400
2005-06-08,32.09263610839844,32.29688661806263,31.964982380503567,32.237314229088014,79211900
2005-06-09,32.296913146972656,32.39052790552907,31.913945155812034,32.05011119195199,99383300
2005-06-10,31.956478118896484,32.25434338418119,31.811803208735856,32.25434338418119,85971700
2005-06-13,32.10966110229492,32.29689048805096,31.879880468808537,31.896901617191094,82331300
2005-06-14,31.982023239135742,32.20329178507125,31.913938611799452,32.075634732042566,62593600
2005-06-15,32.08415603637695,32.22883104083217,31.70118801509163,32.19479196396041,103952000
2005-06-16,32.25434112548828,32.339443625922954,32.050090579411865,32.11817517692143,90450100
2005-06-17,32.25860595703125,32.548226534190256,32.1563878855204,32.463045349506864,83915700
2005-06-20,32.25860595703125,32.43749164399262,32.01157922166785,32.13083418000616,67580000
2005-06-21,32.241580963134766,32.377872858574435,32.11380913897857,32.23306414130639,97845600
2005-06-22,32.20749282836914,32.45451951987914,32.054164123595584,32.369338350317534,75221100
2005-06-23,31.849714279174805,32.52265634525032,31.798606894049033,32.25858960744224,122163300
2005-06-24,31.491981506347656,31.86678345813602,31.483461433889083,31.841229739671405,142144100
2005-06-27,31.347135543823242,31.56861169531979,31.26195440829505,31.47491049656756,72780800
2005-06-28,31.645286560058594,31.738984540575327,31.432330400837348,31.474920982790973,73330300
2005-06-29,31.5771541595459,31.73899974829915,31.49197295482412,31.73048292760884,71513600
2005-06-30,31.330120086669922,31.696405068877297,31.304566378431257,31.63677758335091,87803700
2005-07-01,31.28752899169922,31.517522110548537,31.244938395494724,31.398267141394268,55254800
2005-07-05,31.611223220825195,31.679367524535937,31.176790693034235,31.176790693034235,79288700
2005-07-06,31.45787239074707,31.756009602901774,31.398244948316126,31.54305352294787,79101000
2005-07-07,31.568618774414062,31.594172470912394,31.13418643722587,31.159743383176963,119466300
2005-07-08,32.17340850830078,32.207482264731006,31.508986505172743,31.58565083241461,101320700
2005-07-11,32.4715461730957,32.505619929966294,32.19896261703558,32.258590066832966,96283700
2005-07-12,32.62488555908203,32.76117738193511,32.37785561470664,32.47155685219064,86059300
2005-07-13,32.701541900634766,32.735615660363294,32.51413947158044,32.641914445836136,72135400
2005-07-14,33.025238037109375,33.11893925707829,32.81228190061741,32.94005363284093,99135200
2005-07-15,33.12745666503906,33.22115788668319,32.92302059004536,33.07634927101705,67239200
2005-07-18,32.99116516113281,33.127456962168665,32.95709139851064,33.042275805066076,58644000
2005-07-19,33.37449645996094,33.391533346169005,33.08487589333139,33.14450337033273,77860900
2005-07-20,33.61300277709961,33.706704016507004,33.13598301204879,33.17005353137139,91433100
2005-07-21,33.62151336669922,33.80891254323599,33.40003718153868,33.698177700108246,127286000
2005-07-22,33.57893753051758,33.7237494598417,33.408575142306994,33.63004819665331,71666600
2005-07-25,33.4511604309082,33.75781788014982,33.391532954606085,33.61300597380628,51872700
2005-07-26,33.57893753051758,33.672638793705964,33.38301818451199,33.55338382217685,67324900
2005-07-27,33.834476470947266,33.86854698769831,33.417080958578346,33.60448342324846,78351100
2005-07-28,33.9963264465332,34.00484326447506,33.76633336865945,33.86003461328805,66163700
2005-07-29,33.71522521972656,34.004842515723524,33.66411456483993,33.962251928044765,74725700
2005-08-01,33.77485656738281,33.928185300180694,33.664118427150136,33.766336499197415,59748300
2005-08-02,34.141136169433594,34.19224357273205,33.774851281678686,33.817441867578545,79284100
2005-08-03,34.124088287353516,34.18371573828671,33.970759627967496,33.99631332138104,61916400
2005-08-04,33.79189682006836,34.021889964289464,33.70671561826257,33.97078254298781,72035500
2005-08-05,33.63005065917969,33.89411757936896,33.587460059008386,33.74078881918867,66029500
2005-08-08,33.38300704956055,33.74077509426811,33.34041646671405,33.66411074536314,63415400
2005-08-09,33.60447692871094,33.72373183792489,33.48522201949699,33.53632940947293,62143600
2005-08-10,33.31487274169922,33.80892949965977,33.19561777424165,33.6896745322022,102317500
2005-08-11,33.58745193481445,33.68115318219939,33.30634819265965,33.331905146144265,92446700
2005-08-12,33.40005874633789,33.49376001983091,33.195622558220954,33.32339436343038,86367300
2005-08-15,33.60447692871094,33.75780559754389,33.28930277586657,33.340410165842506,63061100
2005-08-16,33.059326171875,33.502275518291775,32.99969868768949,33.47671856117357,94596000
2005-08-17,33.255252838134766,33.36598776204093,33.042296562146895,33.15303148605307,74470500
2005-08-18,33.084869384765625,33.306342362994,33.0252419194944,33.11042308432382,72559400
2005-08-19,33.067832946777344,33.22116164509558,33.04227924687537,33.12746041285075,52024300
2005-08-22,33.084869384765625,33.37448989442006,32.88043003994061,33.11894315047865,88056300
2005-08-23,32.99116516113281,33.153010659408864,32.888947122719145,33.08486638361737,57482900
2005-08-24,32.79524612426758,33.374487094990094,32.76117236141263,32.92302111024717,95025700
2005-08-25,32.871917724609375,32.95709890110322,32.78673654811553,32.854880839419884,52328800
2005-08-26,32.76118469238281,32.880439657808566,32.59933913208416,32.82081217509569,63840700
2005-08-29,33.016746520996094,33.09341092640177,32.590833879732465,32.590833879732465,74940400
2005-08-30,32.897457122802734,32.93153087836536,32.64191045498745,32.84634973891099,87373600
2005-08-31,33.20412063598633,33.22967433271294,32.778208360127934,32.91450015842451,93426300
2005-09-01,33.15302276611328,33.34894534801068,33.033767802839414,33.221170316243516,74884400
2005-09-02,33.025238037109375,33.24671098930181,32.99968434055523,33.22115729274766,53244900
2005-09-06,33.510765075683594,33.5703925113604,33.13596358722203,33.1785541484981,78106600
2005-09-07,33.570404052734375,33.63003150891087,33.40003849960755,33.47670283604199,57440100
2005-09-08,33.56189727783203,33.7067059291671,33.45115914775287,33.46819603310764,73529700
2005-09-09,33.74929428100586,33.80892175106876,33.485230699142555,33.57041187081715,75342100
2005-09-12,33.842994689941406,33.95373280996664,33.71522293556152,33.757813520354816,51689900
2005-09-13,33.757816314697266,33.99632620884532,33.68115195594202,33.80040690301605,66145800
2005-09-14,33.37449645996094,33.80040886680122,33.34894275537573,33.774855162216014,98644000
2005-09-15,33.357460021972656,33.510788750451724,33.26375877129614,33.44264120470377,80421500
2005-09-16,33.56189727783203,33.6130046844427,33.31486731436837,33.434122262398105,71034100
2005-09-19,33.29784393310547,33.54487399675329,33.144515152183025,33.49376331996083,73387500
2005-09-20,33.161537170410156,33.681150778310815,33.05931911212833,33.357456469389284,115202800
2005-09-21,32.79524612426758,33.110420307043604,32.76969242685281,33.06782972820136,116404300
2005-09-22,32.91451644897461,32.99118082655112,32.57378840932129,32.744150804420755,118686100
2005-09-23,33.008209228515625,33.118947356419575,32.71858868208083,32.795253039944555,70154000
2005-09-26,33.016746520996094,33.246739737213126,32.83786399153471,33.19563229991306,69327600
2005-09-27,32.94005584716797,33.1359783654295,32.80376404062928,33.04227713916172,64089500
2005-09-28,32.948577880859375,33.17857092740296,32.84635983221329,33.01672216347237,72044500
2005-09-29,33.39154052734375,33.40005734755252,32.752671779688406,32.906000539082044,117634600
2005-09-30,33.61300277709961,33.63003966148763,33.33190230833087,33.365972827653465,79248500
2005-10-03,33.69818878173828,33.8600343168457,33.655594944041006,33.68115189655009,81685600
2005-10-04,33.476707458496094,33.97076730583827,33.468190641917445,33.749291081356226,85348600
2005-10-05,33.016746520996094,33.51080674460058,32.99119280234606,33.48525302595055,106152200
2005-10-06,32.58229064941406,33.101904170532876,32.30118697426994,32.99116606370765,162213700
2005-10-07,32.658966064453125,32.85488539713025,32.52267421348407,32.71007672711178,91119900
2005-10-10,32.48009490966797,32.76119552836829,32.42046740723289,32.59934991453812,64012000
2005-10-11,32.3182373046875,32.573787388234784,32.19898233207439,32.573787388234784,114736900
2005-10-12,31.934906005859375,32.420445772800356,31.883795359540795,32.13082527590109,146109500
2005-10-13,32.181949615478516,32.29268778274218,31.798630939370323,31.917885927444402,138569600
2005-10-14,32.42045211791992,32.428968935913375,32.06268402257584,32.26712339840869,131463200
2005-10-17,32.52266311645508,32.531179932598484,32.2160057440455,32.428961891612936,64080400
2005-10-18,32.29265594482422,32.522648873407746,32.29265594482422,32.48857512485059,88070400
2005-10-19,32.94005584716797,32.94005584716797,32.03712384739404,32.130825073661825,132879900
2005-10-20,32.63340377807617,33.09338662325206,32.45451813052941,32.97413169118967,132576900
2005-10-21,32.83784484863281,33.008210455714334,32.65044560535146,32.940062913100256,110032000
2005-10-24,33.357460021972656,33.37449690840965,32.7697020624388,32.991175087211985,110820900
2005-10-25,33.22965621948242,33.38298481516943,33.02522025820043,33.29780370621043,86665800
2005-10-26,33.059326171875,33.451164853509546,33.016732326496054,33.20413484791005,89878100
2005-10-27,32.39487838745117,33.05078351467182,32.39487838745117,33.03374663805482,132231100
2005-10-28,32.641944885253906,32.70157239565666,32.30121346913335,32.50565296869681,95243900
2005-10-31,33.11043167114258,33.26376040716214,32.72710983109368,32.75266678673293,115279100
2005-11-01,33.084869384765625,33.229678014866266,32.974131270924865,33.033758736196084,73502300
2005-11-02,33.51930236816406,33.61300360989299,32.97413505205413,32.991171936864255,101409900
2005-11-03,34.02189254760742,34.14966760947276,33.800419456422944,33.851530131060045,137054000
2005-11-04,34.141136169433594,34.268907927133164,33.93669680787951,34.07298863243109,100944500
2005-11-07,34.183738708496094,34.3200305807054,34.03040994607881,34.251883019873475,65324500
2005-11-08,34.192256927490234,34.371139407809316,34.06448511988575,34.14114950423032,78859700
2005-11-09,34.209293365478516,34.354105311525295,34.098555200790344,34.1752195841199,72458800
2005-11-10,34.584068298339844,34.66073262200835,34.00482746383387,34.22630362085492,120763100
2005-11-11,34.67778778076172,34.856670213806886,34.65223407588493,34.72889843996912,80057200
2005-11-14,34.67778778076172,34.80556280405331,34.58408653027506,34.72889843996912,53652400
2005-11-15,34.51594161987305,34.8396359568518,34.39668666663186,34.69482404973482,79543500
2005-11-16,34.72890090942383,34.73741772850375,34.46483402558942,34.60964594558057,65895700
2005-11-17,35.18886947631836,35.19738629112635,34.79702775664986,34.84813839385508,94425500
2005-11-18,35.308135986328125,35.4785015835599,35.15480727376488,35.36776345794122,108820200
2005-11-21,35.3933219909668,35.41887894618454,35.129258366196964,35.265550212693825,69731400
2005-11-22,35.52108383178711,35.665892443294936,35.23146335931872,35.32516457827212,88814000
2005-11-23,35.60626220703125,35.79366463031353,35.52959787472964,35.54663475406916,64101200
2005-11-25,35.68294143676758,35.725532028171486,35.54664959460277,35.64035084536367,22930200
2005-11-28,35.38479232788086,35.77663083814425,35.350718566261584,35.77663083814425,74716200
2005-11-29,35.214447021484375,35.64887635889096,35.214447021484375,35.58073204591456,77443000
2005-11-30,35.129249572753906,35.342205732689614,35.08665574120427,35.16332008875924,88044400
2005-12-01,35.78515625,35.81923001980435,35.35072705808192,35.35924387580624,91914100
2005-12-02,35.87035369873047,35.887390589818594,35.66591425512769,35.725541749208766,72929200
2005-12-05,35.60626220703125,35.82773838899257,35.46145360682402,35.82773838899257,61519900
2005-12-06,35.72552490234375,36.04070236466569,35.691454385688644,35.80218925136082,81509400
2005-12-07,35.65739440917969,35.80220309696127,35.46147505246989,35.77664938722439,83885500
2005-12-08,35.40184783935547,35.77664966605337,35.15481781179222,35.742575886502344,112043200
2005-12-09,35.538143157958984,35.58073376180501,35.24852250256935,35.40185127597885,56526900
2005-12-12,35.66588592529297,35.725513372011264,35.504040462693624,35.66588592529297,44863600
2005-12-13,35.81071853637695,35.95552720543556,35.57220536167157,35.62331602399144,76611600
2005-12-14,35.69145584106445,35.86181817964635,35.52960707017701,35.73404642570993,73581600
2005-12-15,35.75108337402344,35.83626454346822,35.44442596489691,35.7766370749662,72607200
2005-12-16,35.50432586669922,35.81171987778682,35.478707256138726,35.74341118330951,63743000
2005-12-19,34.94075012207031,35.615315757965085,34.92367539724313,35.58115979372666,75341700
2005-12-20,34.96636199951172,35.13713853056977,34.795585468453666,34.96636199951172,70257700
2005-12-21,35.120079040527344,35.35916435549906,34.966380407390346,35.02615173613328,68935000
2005-12-22,35.35063552856445,35.40186624712193,35.094468906601456,35.103009531223634,59149500
2005-12-23,35.35063552856445,35.51287156615297,35.265245568812155,35.44455959835113,38000400
2005-12-27,35.043216705322266,35.589699083548496,34.98344539878452,35.45307848899194,55656300
2005-12-28,35.00052261352539,35.205451872224984,34.89805472688376,35.06029391875376,50302400
2005-12-29,34.76997756958008,35.11152744749604,34.71020625951248,35.03467815493883,47301700
2005-12-30,34.50526809692383,34.65042929575446,34.46257477631185,34.61627333634824,60026500
2006-01-03,35.27375030517578,35.427448819059904,34.29178793950394,34.71019017336419,109350400
2006-01-04,35.64093780517578,35.64093780517578,35.282306660587736,35.359155958907145,92769400
2006-01-05,35.79461669921875,35.86292860291438,35.61530283795398,35.6494587898018,77656900
2006-01-06,36.443572998046875,36.46065097689629,35.9141686828807,36.084941956792015,110053900
2006-01-09,36.5887451171875,36.6485164376871,36.306966500159746,36.443587126629225,80768800
2006-01-10,36.614356994628906,36.64850970199979,36.332575172097606,36.42650244627471,84369400
2006-01-11,36.89613342285156,36.98152332956319,36.60581425461579,36.71681950469497,100761400
2006-01-12,36.71683120727539,36.96445712972592,36.58874793503052,36.85345184426656,82429200
2006-01-13,36.699729919433594,36.75950120658698,36.48626010608838,36.66557396754855,64572100
2006-01-17,36.46066665649414,36.53751596571918,36.2898900518504,36.417973319656404,77962100
2006-01-18,36.042259216308594,36.25572912864014,35.880023255561866,35.88856061884649,121021900
2006-01-19,36.30695343017578,36.56311660542939,36.110561553904965,36.22156353356358,111094000
2006-01-20,35.22251892089844,36.28133061984977,35.13713229915804,36.255712027494994,188569400
2006-01-23,35.23107147216797,35.39331068364115,35.07737613821837,35.31646138802023,111381900
2006-01-24,35.384769439697266,35.606779959707616,35.273767436984265,35.31646076551174,77956900
2006-01-25,35.23107147216797,35.58116198393164,35.07737613821837,35.55554663782208,99826400
2006-01-26,35.47869873046875,35.59824136004733,35.205457503634165,35.436005399518166,112600600
2006-01-27,35.956878662109375,36.195963962199386,35.640944050234296,35.69217475322906,110830400
2006-01-30,36.025169372558594,36.1361746024687,35.92270476041381,36.016632012084564,53942600
2006-01-31,35.862937927246094,36.093485776224824,35.70070199972404,36.00809587440398,100988100
2006-02-01,35.99102783203125,36.00810255827315,35.606781345742384,35.6409373128108,89168700
2006-02-02,35.376243591308594,35.93126681469346,35.35916560288056,35.87149222654871,94047400
2006-02-03,34.94075012207031,35.205453958980065,34.82120750452785,35.11152668597041,121094200
2006-02-06,34.846824645996094,35.01759794544741,34.65897010784936,34.76997535832624,58162800
2006-02-07,34.6931266784668,34.949289889423554,34.53088748093702,34.78705394918573,87327000
2006-02-08,35.09444808959961,35.137144672796346,34.744357605513386,34.94074951050888,89907800
2006-02-09,34.76144027709961,35.32500072403319,34.69313159789466,35.188380108330875,78213400
2006-02-10,34.97489929199219,35.06028918600018,34.37718306310179,34.73581410335259,102575900
2006-02-13,34.57359313964844,34.78706308103174,34.41135389952973,34.75290710866014,70643100
2006-02-14,34.92367172241211,35.02613634705355,34.50526934774771,34.64188993303353,94340300
2006-02-15,35.14569091796875,35.23107759135936,34.7785223592621,34.82975631767214,92254300
2006-02-16,35.47015380859375,35.47869117004763,35.137141337934004,35.27376192223779,103859600
2006-02-17,35.18837356567383,35.40184344159851,35.179836203845234,35.40184344159851,81770200
2006-02-21,34.795597076416016,35.239614902376665,34.676054441982856,35.18838094877996,85101400
2006-02-22,35.23107147216797,35.47015997926206,34.7358229893938,34.82120964795383,91983900
2006-02-23,35.137149810791016,35.470162361752315,35.07737849432578,35.171302522133686,66517100
2006-02-24,35.23107147216797,35.256690075569765,35.017601568475676,35.171300159717504,57085400
2006-02-27,35.62387466430664,35.75195471000942,35.29086198526823,35.316477342950044,64945000
2006-02-28,35.09444808959961,35.623855754153,34.983446093705616,35.529928482787334,117564600
2006-03-01,35.572628021240234,35.666555309009745,35.13715080929098,35.205459491209915,80962300
2006-03-02,35.59824752807617,35.726330800412995,35.35916222749323,35.4787048777847,69856500
2006-03-03,35.393306732177734,35.87147717839641,35.34207278838636,35.393306732177734,112066100
2006-03-06,35.08589172363281,35.54698721116013,34.974886530571005,35.47013796323891,99581000
2006-03-07,34.880977630615234,35.068832170265104,34.71020432979745,35.02613884506066,96441100
2006-03-08,34.898067474365234,35.0859220778688,34.58213285171262,34.80414017261345,103961900
2006-03-09,34.59920120239258,35.13714625340911,34.556507874567295,35.00906301264113,108556700
2006-03-10,34.633358001708984,34.82974992026906,34.3174202021499,34.56504606970955,124474900
2006-03-13,34.7358283996582,34.957835700868266,34.684594442166926,34.78706235714948,69169100
2006-03-14,35.324981689453125,35.367674998112825,34.70165026260765,34.70165026260765,118201000
2006-03-15,35.62387466430664,35.62387466430664,35.28232136117849,35.4616353795386,84375800
2006-03-16,35.324981689453125,35.79461459929115,35.29082899689976,35.73484331570944,101371200
2006-03-17,35.41814041137695,35.537766899888595,35.23015406681446,35.3241472390957,78219600
2006-03-20,35.50359344482422,35.61467660137069,35.37542358072716,35.52068341195275,60240100
2006-03-21,35.12762451171875,35.89665348740391,35.10199119040264,35.12762451171875,136566000
2006-03-22,35.21306228637695,35.27287552754738,34.913996080524825,34.931086043655974,112282800
2006-03-23,35.11051559448242,35.22159869286182,34.87980604842193,35.11051559448242,75158200
2006-03-24,35.289955139160156,35.46085146076584,35.050702244657934,35.2301419155346,81795500
2006-03-27,35.29849624633789,35.46938928173174,35.2386830320349,35.272859683368246,54400400
2006-03-28,35.15324401855469,35.60611656825256,35.02507420276418,35.366863637782245,100522800
2006-03-29,35.81973648071289,35.97354286858198,35.178877617783925,35.20451418881326,130669100
2006-03-30,35.93083190917969,36.144451603359805,35.708668861446625,35.89665197581218,115915600
2006-03-31,35.82828903198242,36.05045204042323,35.75138582529574,35.99918540901696,71074600
2006-04-03,35.871009826660156,36.20425594602696,35.80265323632758,36.01627287792959,80730700
2006-04-04,36.067535400390625,36.15298520305132,35.828282472094045,35.930818975710196,89952600
2006-04-05,36.40932846069336,36.460595083232405,36.0675357657417,36.144438959126994,91628200
2006-04-06,36.511871337890625,36.691311067248954,36.2640717537802,36.39224485165174,91712800
2006-04-07,36.161521911621094,36.7852906883794,36.144431954227926,36.64003093990158,116604300
2006-04-10,36.110260009765625,36.31533628417239,35.9650002292258,36.229889737922704,58981900
2006-04-11,35.81973648071289,36.255522332867564,35.6402967813912,36.22134241121293,91481900
2006-04-12,35.82828903198242,35.95646212965264,35.71720589797338,35.836832384024376,58751200
2006-04-13,35.973548889160156,36.1700818417779,35.70866260094693,35.8026557714396,63476900
2006-04-17,35.59758758544922,36.06755028551892,35.366877912416165,35.92229045041182,104072100
2006-04-18,36.28116226196289,36.36661208168541,35.69157317397549,35.69157317397549,124291700
2006-04-19,36.44350814819336,36.44350814819336,36.14443872713604,36.349514994706105,79050300
2006-04-20,36.315330505371094,36.588763321351315,36.21279401427258,36.43495695491541,81408000
2006-04-21,35.888084411621094,36.50330975888453,35.73427807480524,36.45203989342069,130181200
2006-04-24,35.85392379760742,35.947916971756335,35.6488507445347,35.84538044521998,78556400
2006-04-25,35.777015686035156,35.97354535979409,35.58903262307012,35.947912046566344,77660800
2006-04-26,35.768455505371094,35.93935178549372,35.63173913318808,35.768455505371094,82537000
2006-04-27,36.110260009765625,36.30679293337814,35.46085778336834,35.606117563908164,173950100
2006-04-28,35.75993728637695,36.076096796436254,35.70012402978801,35.88811041311213,88876600
2006-05-01,35.409584045410156,35.930816395694876,35.29850419929237,35.81973329000065,92875500
2006-05-02,35.50359344482422,35.657399889403045,35.37542358072716,35.5634066999851,85148100
2006-05-03,35.45231628417969,35.58048611024827,35.27287331236051,35.520672872834204,74971600
2006-05-04,35.74285888671875,35.87957539921246,35.48651257366161,35.48651257366161,88696800
2006-05-05,36.02481460571289,36.06753788019231,35.83682828651116,35.97354472059145,80392200
2006-05-08,36.05900192260742,36.12735852387484,35.947918778523096,35.95646539091751,45079100
2006-05-09,35.92228698730469,36.04191348929035,35.862473736311856,35.97355362553985,48528800
2006-05-10,35.60613250732422,35.87102212719174,35.50359595687602,35.82829883613651,92424200
2006-05-11,34.81147003173828,35.58904566040638,34.71747683603475,35.57195569213499,140989700
2006-05-12,34.34148025512695,34.70890616939606,34.33293690670074,34.657639559687,153920800
2006-05-15,34.315879821777344,34.469686317389005,33.99972347394405,34.19625327176361,127896500
2006-05-16,34.059539794921875,34.401329502730626,33.98263654023852,34.32442624804728,132397500
2006-05-17,33.598106384277344,34.01680243334595,33.52120316136996,33.90571927590686,207897100
2006-05-18,33.367374420166016,33.88860666497521,33.32465116033715,33.74334692964191,139690900
2006-05-19,33.62372589111328,33.726265652580075,33.11104012208583,33.49555607864473,194306300
2006-05-22,33.29902267456055,33.5297322225099,32.99995329333304,33.33319933162336,169591800
2006-05-23,32.974327087402344,33.64936591831562,32.9572371254021,33.54682614631416,142243900
2006-05-24,33.196510314941406,33.35886342314573,32.66673420822482,32.92307727537291,234981600
2006-05-25,33.63229751586914,33.64938748882469,33.170878024806406,33.41867774329332,123510900
2006-05-26,33.74336242675781,33.820265633598964,33.521196158293456,33.70918249936679,91319600
2006-05-30,33.01706314086914,33.60665564954209,32.99142981773666,33.58101906683138,105606200
2006-05-31,33.170841217041016,33.37591740536739,32.931588380306444,33.076848099873736,137066200
2006-06-01,33.95698928833008,33.95698928833008,33.18795705675092,33.26486027990884,119357400
2006-06-02,33.871543884277344,34.17915681716437,33.58956753551651,34.14497687804839,128864100
2006-06-05,33.13667678833008,33.803172267052,33.13667678833008,33.803172267052,103190600
2006-06-06,33.11103439331055,33.28193070661059,32.769241766710465,33.19648092017254,127271000
2006-06-07,32.86323165893555,33.469910414684065,32.85468831092286,33.153754385002905,130754700
2006-06-08,32.81198501586914,32.94870148428619,32.034409490576344,32.70090186666225,280562200
2006-06-09,32.598331451416016,33.10247351592942,32.56415155493984,32.948667241360965,144146200
2006-06-12,31.95751190185547,32.69236101178566,31.94896528756167,32.64109436433605,145607500
2006-06-13,31.829322814941406,32.29928531868293,31.752419622723583,32.03439908071449,207099500
2006-06-14,32.15402603149414,32.222382614736546,31.78660002528316,31.923316451344686,201876800
2006-06-15,33.02561950683594,33.145246062882066,32.299310294360005,32.34203359872231,200700400
2006-06-16,32.78276062011719,33.07347902305751,32.663053618042554,32.96232112322913,120006100
2006-06-19,32.5177001953125,32.95377952997552,32.4150946361214,32.91957658965452,129450100
2006-06-20,32.560447692871094,32.90246722874141,32.44073743045679,32.56899679501512,102871700
2006-06-21,33.07346725463867,33.3385349947509,32.603188515924074,32.611737615128334,129548100
2006-06-22,32.65450668334961,33.07348452204364,32.4834985158223,32.996529541947666,143100500
2006-06-23,32.62028884887695,32.945206795731174,32.43217605518353,32.62883794778579,88050200
2006-06-26,32.70582580566406,32.82553288150043,32.551915776224966,32.6374198984586,65157700
2006-06-27,32.090171813964844,32.7742175431847,32.05597213692127,32.72291313496168,128227500
2006-06-28,32.32957458496094,32.35522514665124,31.96190131247181,32.16711232953486,91576300
2006-06-29,33.31290054321289,33.31290054321289,32.40654545914526,32.474948077861725,181997200
2006-06-30,33.15043640136719,33.46680539582675,33.0734814284693,33.44970392831929,82719200
2006-07-03,33.34709930419922,33.34709930419922,33.18464025105753,33.25304286120137,21598500
2006-07-05,32.62028884887695,33.07346611175304,32.56898447011423,33.03926319257789,93724000
2006-07-06,32.586097717285156,32.90246667967277,32.50059038841616,32.72290618170448,70615200
2006-07-07,32.22697448730469,32.63739989365124,32.12436895116085,32.406538252770396,108063300
2006-07-10,31.94481658935547,32.4321970874731,31.782354248801578,32.31249005449993,105109800
2006-07-11,32.1842155456543,32.269722858900266,31.705387638558793,31.876395741509768,136114200
2006-07-12,31.577131271362305,32.18421857457573,31.500176313083788,32.11581597931193,154458900
2006-07-13,31.0470027923584,31.671191637553626,31.0470027923584,31.329168833334037,177745500
2006-07-14,30.73063087463379,31.106856615520282,30.60237476805349,31.038450749260473,172448500
2006-07-17,30.807584762573242,30.995697626417567,30.670776296624034,30.739182160484194,134311000
2006-07-18,30.910179138183594,31.064088998295997,30.388596085777078,30.970032610252908,206964900
2006-07-19,31.31206512451172,31.491628877841585,30.858887713880886,30.884538280740454,192517600
2006-07-20,30.850337982177734,31.465974406631947,30.816135052549473,31.42322237548207,152292100
2006-07-21,30.52541160583496,30.74772408796427,30.457005757936493,30.679321501836156,119343000
2006-07-24,31.132495880126953,31.149597340482284,30.610912755484485,30.64511567619515,130269300
2006-07-25,31.31206512451172,31.414673915491917,30.987147071720653,31.200910493606283,108869600
2006-07-26,31.286405563354492,31.525819483272354,30.978585802448656,31.217999722366518,107170500
2006-07-27,31.081199645996094,31.671188766706532,30.995695583577348,31.41467331767938,99698700
2006-07-28,31.731056213378906,31.75670679102768,31.20947272270492,31.235123300353695,93556100
2006-07-31,31.722482681274414,31.91059548991731,31.542922233989916,31.70538448209793,78015300
2006-08-01,31.192367553710938,31.465984555445704,31.004254641853805,31.440333980836805,98552800
2006-08-02,31.542924880981445,31.748139167791976,31.303510931177854,31.303510931177854,87370600
2006-08-03,31.739578247070312,31.927691020774084,31.19234464549886,31.226547561039464,99205600
2006-08-04,31.594247817993164,32.17568483326876,31.31207841568044,32.02177484323861,123493800
2006-08-07,31.389026641845703,31.58568863963698,31.235116685005284,31.56003806742079,69634800
2006-08-08,31.192367553710938,31.551491907095286,31.004254641853805,31.474536921496636,124139900
2006-08-09,31.235124588012695,31.90206899032644,31.14962048447701,31.628451944885278,145342200
2006-08-10,31.45743751525879,31.534392505906872,31.04701198572641,31.149617552666463,102481300
2006-08-11,31.235124588012695,31.371933110733277,31.098316065292114,31.337733426382485,86903200
2006-08-14,31.440324783325195,31.867851631189115,31.380471285565925,31.500178281084462,109281100
2006-08-15,32.23551559448242,32.278267614465456,31.713932470087325,31.80798887111202,133712100
2006-08-16,32.996524810791016,33.01362627744602,32.35523448919889,32.47494149401268,135452100
2006-08-17,33.116214752197266,33.329978082584624,32.86824850612324,32.88534996396657,129492200
2006-08-18,33.167537689208984,33.201740624038635,32.731458424559364,33.03072921166176,97754500
2006-08-21,32.851173400878906,32.97088370181164,32.714364890156546,32.91957928712618,66668400
2006-08-22,32.85972213745117,33.18464353768648,32.66306012887427,32.79986862448306,102058600
2006-08-23,32.61172103881836,33.06489808700769,32.42360833424089,32.88533773905739,96056300
2006-08-24,32.70582580566406,32.7913299278977,32.42365633110132,32.70582580566406,78985300
2006-08-25,32.76567459106445,33.03929165665296,32.54336194843856,32.63741516454428,73572900
2006-08-28,33.01361846923828,33.16752837096013,32.69724956537469,32.7400015910151,80035000
2006-08-29,33.116214752197266,33.141865308077485,32.64593607769899,32.98795871102659,104842000
2006-08-30,33.2701530456543,33.372758618637526,33.00508511519423,33.10769394994982,75687200
2006-08-31,33.23594284057617,33.372751328593075,33.14188639348237,33.31289781894641,61207200
2006-09-01,33.41550064086914,33.5266552749881,33.2615907117202,33.41550064086914,69388500
2006-09-05,33.740421295166016,33.75752276213761,33.218837968731805,33.432601413219835,85582800
2006-09-06,33.06493377685547,33.50956221011198,33.013632628792095,33.43260722624505,97888600
2006-09-07,32.9110221862793,33.26159411369233,32.79986427902012,32.962323326728615,115877400
2006-09-08,33.10769271850586,33.19319681584949,32.88537684657683,32.95378273386953,96627000
2006-09-11,33.31290054321289,33.475362878486834,32.76566654639351,32.842621531056984,142377500
2006-09-12,33.92852020263672,34.03112570045513,33.30433159310563,33.30433159310563,124102400
2006-09-13,34.159393310546875,34.185043875785134,33.885776408769594,33.954179003328534,116054300
2006-09-14,34.193599700927734,34.39026166513216,33.99693447495222,34.0738894402297,98116000
2006-09-15,34.3159294128418,34.61536902265926,34.22181888871432,34.47848187765028,137825600
2006-09-18,34.32450485229492,34.56405995329391,34.17050631009879,34.32450485229492,117806700
2006-09-19,34.09349822998047,34.43571784947175,33.8111698180011,34.41005252028676,159060800
2006-09-20,34.5897216796875,34.683832252725736,34.384389223636006,34.39294651044785,116635500
2006-09-21,34.375831604003906,34.795047231762204,34.29027832672826,34.67527133811698,121886900
2006-09-22,34.11060333251953,34.35871234833668,33.96516214206314,34.35015832804707,100996400
2006-09-25,34.70950698852539,34.786506272447404,33.94807143843524,34.25606857412329,136473400
2006-09-26,34.8806037902832,34.90626912074918,34.56405274782564,34.66671733333787,113375600
2006-09-27,34.83783721923828,35.03461242485528,34.649616038365814,34.79505730456779,113003800
2006-09-28,34.931949615478516,34.9832802938978,34.58972986231924,34.88061567340979,85943600
2006-09-29,34.77794647216797,35.01749830963739,34.75227787268981,34.99183297380824,85438200
2006-10-02,34.341609954833984,34.82071680655683,34.290279292482246,34.73516026322324,97068800
2006-10-03,34.487060546875,34.63250180079566,34.11917550458875,34.23895142279376,116261400
2006-10-04,35.33402633666992,35.34258361878903,34.34159374790095,34.4271502508576,149209500
2006-10-05,35.50516128540039,35.55649522361829,35.23138680886996,35.334051421656575,91799900
2006-10-06,35.42813491821289,35.55646803379748,35.28269376662061,35.385358300900265,85450400
2006-10-09,35.547935485839844,35.710491313837,35.35116029837132,35.38538292149166,62786100
2006-10-10,35.60781478881836,35.71903665509884,35.34259768322791,35.590703481417655,98181800
2006-10-11,35.53937530517578,35.78748438434334,35.22282099162474,35.44526473972268,136561300
2006-10-12,36.10403823852539,36.14681488151342,35.67626528134772,35.727595947473894,95260200
2006-10-13,36.30080032348633,36.37779955857184,36.0526913144722,36.12969054955771,80470200
2006-10-16,36.33502960205078,36.46335950832279,36.275141659727566,36.30080698825235,62017400
2006-10-17,35.93290328979492,36.10401300580894,35.72757097784883,36.07834442703668,146149100
2006-10-18,35.761810302734375,36.19814044586253,35.633480403427434,36.1211412008192,120366100
2006-10-19,35.84737014770508,36.027033981538615,35.58214977610685,35.66770305022333,108198400
2006-10-20,35.93290328979492,36.00134848165908,35.62490645369897,35.967125885727,105454300
2006-10-23,36.30080032348633,36.429133469844665,35.778916981645395,35.86447023678597,126960500
2006-10-24,36.05268478393555,36.31790504866563,35.86446374034343,36.1724606248953,103541700
2006-10-25,36.30080032348633,36.37779955857184,35.9756920793867,36.06980261822981,125399500
2006-10-26,36.63447952270508,36.72003281739447,36.12115322727074,36.42915030999094,130260700
2006-10-27,36.11258316040039,36.63446655881343,36.001364569391065,36.54891329439889,129375000
2006-10-30,36.343605041503906,36.489049604035856,35.98427717580733,36.06983049707318,103899900
2006-10-31,36.42914962768555,36.58314490251237,36.198151819971905,36.41203831633836,135811800
2006-11-01,35.93290328979492,36.59167357507873,35.778904871746946,36.55745097914665,148960600
2006-11-02,35.96714782714844,36.05270110552323,35.71048472837569,35.770372675967714,100216400
2006-11-03,35.87303924560547,36.0954797398642,35.599264823295385,36.018480479611455,119263300
2006-11-06,36.39490509033203,36.54034625373446,35.98424365622008,35.992797674918535,101283300
2006-11-07,36.64301681518555,36.865457218187196,36.33501990053156,36.394907826864596,139706500
2006-11-08,36.81413269042969,36.95957716547033,36.335029157702984,36.4376937341947,180245700
2006-11-09,36.64301681518555,37.087897621188844,36.50612639654181,37.01089839252535,124278000
2006-11-10,36.81413269042969,36.82268997559869,36.5061356973065,36.65158017234713,82419400
2006-11-13,37.19055938720703,37.25044730380103,36.78845200695017,36.83122862399636,89146200
2006-11-14,37.58412170410156,37.61834431432262,36.99379636420308,37.21623680334449,121962800
2006-11-15,37.73812484741211,37.98623390668667,37.575569060608984,37.63546026771676,116565900
2006-11-16,37.90066909790039,38.00333365518691,37.66111737634937,37.86644649092241,113513200
2006-11-17,37.90066909790039,37.90066909790039,37.60122944596161,37.69533998332735,95162500
2006-11-20,37.977684020996094,38.05468328668253,37.65257564769238,37.78090884505271,107184100
2006-11-21,38.02900314331055,38.08033379134633,37.85789336801375,38.00333455564515,68092200
2006-11-22,38.26856994628906,38.28568125692443,37.866462305480006,38.14024001199703,69852700
2006-11-24,38.20011520385742,38.37977901002573,37.96911748293487,37.98622878785295,51762900
2006-11-27,37.336029052734375,38.16590976455561,37.336029052734375,38.08035320147399,159506300
2006-11-28,37.44725799560547,37.50714596920112,37.07937286428945,37.22481415340752,118268400
2006-11-29,37.70390701293945,37.798017582777945,37.35313332949963,37.64401906188743,139515500
2006-11-30,37.678245544433594,37.88357475091096,37.46435905055781,37.68679956818311,123457100
2006-12-01,37.35313415527344,37.94345965597183,37.010914487140425,37.64401989409191,144559600
2006-12-04,37.866458892822266,38.054680029199325,37.46435455190105,37.46435455190105,89782400
2006-12-05,38.00334167480469,38.114563539129904,37.80656653862815,37.977676345978914,84697500
2006-12-06,37.866458892822266,37.986238056474896,37.70390635190931,37.8835702019155,78207500
2006-12-07,37.38734436035156,38.05466890161238,37.38734436035156,37.93489303663198,124936100
2006-12-08,37.558448791503906,37.866442430335944,37.19056396505908,37.26756319067886,133798700
2006-12-11,37.69533920288086,37.960556242350584,37.43011889976376,37.49856411230264,72931300
2006-12-12,37.472904205322266,37.75523587696828,37.26757504744164,37.686790648575986,110985900
2006-12-13,37.54132080078125,37.73809578685574,37.31887724181313,37.72953850800931,79035500
2006-12-14,37.960575103759766,38.131684956478665,37.59269006269129,37.618358661970966,109104200
2006-12-15,38.05819320678711,38.34086545927693,37.98966461974541,38.27234013985811,99942300
2006-12-18,37.68132019042969,38.33232585092503,37.5185663245871,38.18670741056587,121588700
2006-12-19,37.56138610839844,37.74127208910742,37.158791931631235,37.39007110600774,136535200
2006-12-20,37.4243278503418,37.784096502841244,37.407195698544314,37.60421381040344,67213400
2006-12-21,37.15879440307617,37.509995409534355,37.01317272020967,37.467166656088125,102952300
2006-12-22,36.77334213256836,37.18450419324052,36.77334213256836,37.17593974656271,92858600
2006-12-26,36.92753601074219,36.93610045920512,36.73052101983201,36.77334979739922,50848600
2006-12-27,37.115966796875,37.17592770707799,36.91894864320858,37.01317386427743,54129200
2006-12-28,36.936092376708984,37.15880719952521,36.87613144771052,37.00462101992184,69016000
2006-12-29,36.97032165527344,37.355786738911235,36.936057366145086,36.99601823830847,75152500
2007-01-03,37.03888702392578,37.74128931063459,36.42214227749825,37.227334266069754,167689500
2007-01-04,37.741268157958984,37.86975439636882,36.96177321482669,37.09025945323653,136853500
2007-01-05,37.56138610839844,37.647046877218,37.244449432826585,37.647046877218,138958800
2007-01-08,37.58707046508789,37.79264969018802,37.381487972364894,37.5956349046242,106401600
2007-01-09,37.775535583496094,37.93828942101618,37.372941380570126,37.69844252036143,121577500
2007-01-10,38.220970153808594,38.25523447104512,37.53570014720375,37.65562198990646,121070100
2007-01-11,38.614994049072266,38.75204801767736,38.246660895766496,38.29805409172818,174029800
2007-01-12,38.8120231628418,38.846284216843415,38.52078296426194,38.563611732483125,104217300
2007-01-16,38.78631591796875,38.88910886331845,38.65782963771904,38.84627683561027,95690500
2007-01-17,38.469383239746094,38.794887732520664,38.400857869892405,38.6235694064485,127142600
2007-01-18,37.7584228515625,38.409428677308895,37.64706543102829,38.366599905603685,189029800
2007-01-19,37.83550262451172,37.929727857796436,37.61279111025917,37.66418758322128,127544300
2007-01-22,37.4243278503418,37.8868861460023,37.270141751788294,37.869753994204814,123441700
2007-01-23,37.33012008666992,37.67275344980492,37.26159145346787,37.39864545224689,133103600
2007-01-24,37.94685363769531,37.963985792469934,37.49286297285326,37.56995603552685,117615300
2007-01-25,37.45860290527344,38.09247963321968,37.33011663135006,37.99825440510101,158337600
2007-01-26,37.321556091308594,37.5442709037748,37.081712386460744,37.52713874376775,146284300
2007-01-29,37.35580825805664,37.612784039307535,37.17592553794345,37.22731873361902,104191500
2007-01-30,37.372947692871094,37.510001687411794,37.27872245894468,37.41577645348538,69605900
2007-01-31,37.749855041503906,37.852644746862524,37.115981379562335,37.33012850517451,157772500
2007-02-01,37.68989181518555,38.03252850237384,37.56140224058353,37.92117108889381,147365600
2007-02-02,37.826927185058594,37.904020238282094,37.638476773262475,37.79266287970948,98189200
2007-02-05,37.79267501831055,37.99825764881215,37.655621020517835,37.809807176487766,96347800
2007-02-06,37.741268157958984,37.88688654834824,37.38149950163891,37.86118995419105,121110200
2007-02-07,38.083900451660156,38.24665425762267,37.79266041046932,37.92971435528714,117823800
2007-02-08,38.07534408569336,38.20383034817435,37.88689364623851,38.03251533153303,89521900
2007-02-09,37.58707046508789,38.306604288184076,37.45858099868316,38.178114821779346,133472000
2007-02-12,37.44147872924805,37.59566490492086,37.33868903467466,37.57853274455439,126940000
2007-02-13,37.5699577331543,37.689879554371004,37.43290375638884,37.501429110959286,93648000
2007-02-14,38.20384979248047,38.29807506016497,37.72416227354288,37.72416227354288,133370000
2007-02-15,38.426544189453125,38.426544189453125,38.16100069173838,38.22952931087421,110452500
2007-02-16,38.29806137084961,38.400854317559045,38.17813953398025,38.25523261019983,72342200
2007-02-20,38.589290618896484,38.64925152039598,38.05820694806205,38.23808965256054,93629000
2007-02-21,38.7092170715332,38.72634922653722,38.40084808433429,38.47793788041568,95864000
2007-02-22,38.906253814697266,39.017611250984686,38.606449102723005,38.85486058843099,116344400
2007-02-23,38.769187927246094,38.94050625361694,38.597872868500545,38.906241934817714,113467100
2007-02-26,38.58073425292969,38.97476405030725,38.340887329096816,38.95763189377456,101623700
2007-02-27,36.99605941772461,38.10105946489422,36.88470525554554,38.00683419872262,317813200
2007-02-28,37.115966796875,37.48429670199712,36.77333022346548,36.96178066560317,214978700
2007-03-01,36.94466781616211,37.2958690170013,36.18230447294726,36.44784485185845,231806500
2007-03-02,36.38788986206055,36.95323830875086,36.37932541228004,36.64486583462401,183359400
2007-03-05,36.105201721191406,36.66198221065632,36.02810863586545,36.105201721191406,171885400
2007-03-06,36.704803466796875,36.82472856092107,36.40499890054812,36.43069550119096,155551800
2007-03-07,36.55918884277344,36.81616467880816,36.53349223945748,36.713374997919274,119979300
2007-03-08,36.80760955810547,37.03888884941456,36.6962521361509,36.944663589885764,120900700
2007-03-09,36.77334213256836,37.124543263619096,36.53349841408266,37.11597881694129,128597600
2007-03-12,37.0131721496582,37.073133057083524,36.68767101438485,36.721932056039044,81310100
2007-03-13,36.29365539550781,37.038889775342355,36.28509094789376,36.833307088719664,171231800
2007-03-14,36.824729919433594,36.83329436408892,36.0623636401162,36.345039328114474,192586700
2007-03-15,36.73907470703125,36.88469642925715,36.59345625243067,36.74764242061088,111627400
2007-03-16,36.71078109741211,36.89077713035981,36.52221195641012,36.805062398230405,108328800
2007-03-19,37.08791732788086,37.19077174013169,36.813636715423456,36.90792128902122,95913200
2007-03-20,37.353633880615234,37.362203720594124,37.03649421677982,37.079349956040915,78755700
2007-03-21,38.073631286621094,38.09077424217821,37.15650441726396,37.40507236831556,173333500
2007-03-22,37.93649673461914,38.09935320256598,37.7907864945456,38.09078008862933,114856300
2007-03-23,37.81648254394531,38.03076452184341,37.773626802302395,37.93647992841889,68530300
2007-03-26,37.97075271606445,37.98789566073785,37.39647878307631,37.83361242835964,114237300
2007-03-27,37.705074310302734,37.91935637936185,37.670788394528905,37.910783265575944,76419200
2007-03-28,37.30221176147461,37.73934561229548,37.293638650265706,37.542206560381445,142795000
2007-03-29,37.345069885253906,37.58506469943495,36.942218644577906,37.559351903539586,124407000
2007-03-30,37.310791015625,37.60221474625283,37.045083355427536,37.33650708605536,120418700
2007-04-02,37.3621940612793,37.507904191032985,37.11362626027097,37.430762572433245,89617700
2007-04-03,37.85074996948242,37.97932040133708,37.53361371250468,37.55932649100285,105814500
2007-04-04,38.005043029785156,38.03932892312336,37.825046994283724,37.87647256460828,85147200
2007-04-05,38.193626403808594,38.210769356864894,37.91077258290566,37.962201442074544,54220200
2007-04-09,38.09933090209961,38.35646858504599,38.039332218401555,38.32218268873766,63050200
2007-04-10,38.296478271484375,38.296478271484375,38.06505332534713,38.09076611835668,76364500
2007-04-11,37.893646240234375,38.27935467886341,37.77364878592432,38.26221171829263,114012300
2007-04-12,38.193626403808594,38.245051993293515,37.67077777948545,37.83363092899431,113801300
2007-04-13,38.270751953125,38.3307506287322,37.9621854673265,38.20218016975529,94572000
2007-04-16,38.622188568115234,38.699330218325414,38.42504952195229,38.42504952195229,72803200
2007-04-17,38.7078971862793,38.74218308820182,38.536470946350256,38.699327345640455,81852300
2007-04-18,38.57932662963867,38.767895820239254,38.4250466105915,38.510758095582545,82002500
2007-04-19,38.699317932128906,38.78502939640254,38.33075275032328,38.40789437604266,95413000
2007-04-20,38.913604736328125,39.145026372788486,38.74217851662737,39.0164591602753,122377400
2007-04-23,38.97361373901367,39.08503803208226,38.862186176261034,38.965040627433595,85303300
2007-04-24,39.17075729370117,39.2821848692384,38.85362079221691,39.11075858449292,108143700
2007-04-25,39.693580627441406,39.70215046484474,39.17073226441495,39.29929944355898,106818100
2007-04-26,39.89931106567383,39.98502583461557,39.71074511337021,39.78788350089161,99308300
2007-04-27,39.91646194458008,40.027889531485414,39.67646708326221,39.74503564234528,96536500
2007-04-30,39.39359664916992,39.88215928005216,39.359310749185774,39.8478766497514,93290500
2007-05-01,39.35931396484375,39.54788316047929,39.136462136106566,39.40217297816721,135044400
2007-05-02,39.78785705566406,39.92500059481762,39.47072079557632,39.5050066803647,91971600
2007-05-03,39.93359375,40.04502130578831,39.79645340044664,39.865021940381396,98003600
2007-05-04,39.967872619628906,40.190724422295105,39.78787328590563,40.08786999565557,93591800
2007-05-07,39.967872619628906,40.0964398355075,39.916443771467506,39.99358540886797,47487900
2007-05-08,40.05358123779297,40.087867134119854,39.68501602648653,39.83072945103428,95138900
2007-05-09,40.139320373535156,40.25931781392542,39.82218054429229,39.847896617008075,116021000
2007-05-10,39.59074401855469,40.09644970607355,39.48788956659541,40.002165096075856,171196300
2007-05-11,40.096431732177734,40.096431732177734,39.58215643322979,39.63358527099763,104767900
2007-05-14,39.82216262817383,40.18215805706655,39.5907376959607,40.087873462126,118899200
2007-05-15,39.51358413696289,40.02786269892214,39.41930284013547,39.787864728801466,179438500
2007-05-16,39.89931106567383,39.907884177410054,39.3507496231831,39.59931754858799,144420500
2007-05-17,39.71074295043945,39.916451845327046,39.67645704473021,39.847883303592496,109869100
2007-05-18,40.03644561767578,40.03644561767578,39.75359509541519,39.83930658223752,104961700
2007-05-21,40.293582916259766,40.49072521927016,40.00215928662807,40.06216125038141,112831400
2007-05-22,40.327877044677734,40.52501611821746,40.173593722831995,40.31930720221265,98029100
2007-05-23,40.139320373535156,40.60216717651404,40.11360430081937,40.447883818959404,119220600
2007-05-24,39.565040588378906,40.319314377219655,39.4021873950876,40.16503102791848,206268600
2007-05-25,39.8135986328125,39.90788324159545,39.58217366662272,39.65074221048412,87143200
2007-05-29,40.12215805053711,40.165013791466315,39.779305583736566,39.856447225282515,99702400
2007-05-30,40.44786834716797,40.456441458022255,39.7278807105452,39.83930826386452,132036500
2007-05-31,40.63642883300781,40.73071341407774,40.46500261921549,40.55928720028542,109457700
2007-06-01,40.662139892578125,40.94499362376685,40.602141210753175,40.78214052591097,125089800
2007-06-04,40.78215408325195,40.83357967352153,40.49073041621631,40.516443211351095,64782700
2007-06-05,40.78215408325195,40.78215408325195,40.28501824608597,40.670726521527854,151160400
2007-06-06,40.34502029418945,40.610731188129144,40.25073567796297,40.602158075917124,183166500
2007-06-07,39.719295501708984,40.46499564301061,39.70215255631691,40.20785800149445,221373300
2007-06-08,40.2078742980957,40.22501725043597,39.565028298912964,39.70216864795126,177587800
2007-06-11,40.1307258605957,40.44786225104772,40.07929701227243,40.18215470891898,97100400
2007-06-12,39.89072036743164,40.31928417902068,39.813578750558314,39.91643314982861,153967700
2007-06-13,40.327877044677734,40.362162953906626,39.89074314590431,40.0621694223645,147985300
2007-06-14,40.59358215332031,40.70500970759703,40.36215720352274,40.37072704476689,101531900
2007-06-15,40.968441009521484,41.062799336041095,40.87408595524235,40.968441009521484,100378400
2007-06-18,40.97701644897461,41.06279495179366,40.89123467391543,41.04563859678182,75713200
2007-06-19,40.968441009521484,41.054222793739534,40.75399145733709,40.85692959839874,109621300
2007-06-20,40.58243179321289,41.1056859178195,40.52238618428688,41.02848722540629,161889500
2007-06-21,40.951271057128906,40.99416029545165,40.3851246034469,40.56526136774591,143181300
2007-06-22,40.56526565551758,40.92553922219673,40.43659465470961,40.86549362775021,153328700
2007-06-25,40.39372253417969,40.81404514571364,40.16211659789455,40.573859393876724,136602600
2007-06-26,40.16210174560547,40.59100074183982,40.09347960777259,40.58242420170058,128211900
2007-06-27,40.779720306396484,40.79687666015953,40.05916980954792,40.11921541159864,141196200
2007-06-28,40.762550354003906,41.045621916060114,40.71966112002434,40.762550354003906,116546300
2007-06-29,40.83118438720703,41.07137005760126,40.49664368342337,40.985588292374835,124794700
2007-07-02,41.200050354003906,41.21720671227809,40.899822264807504,40.92555516609841,80863100
2007-07-03,41.44021224975586,41.44878878783699,41.20860645469903,41.2514956895824,34803300
2007-07-05,41.7404670715332,41.83482541244208,41.423082602127785,41.46597186465701,73588500
2007-07-06,41.91202926635742,41.954918530802765,41.603221326765116,41.78335820078025,65804300
2007-07-09,41.9377555847168,42.01495755749116,41.791931454054456,41.94633539960318,66768800
2007-07-10,41.5860710144043,41.94634808707081,41.543181743721554,41.7061622812126,104383100
2007-07-11,41.8691291809082,41.8691291809082,41.44880664459673,41.49169589795742,99637600
2007-07-12,42.51247787475586,42.606832923423546,41.96348430513133,42.00637683080971,107667100
2007-07-13,42.80411911010742,42.86416470496323,42.52104421529619,42.5725132704181,74232200
2007-07-16,42.761234283447266,42.958530727436575,42.68403232300278,42.7955469930315,77799500
2007-07-17,43.08719253540039,43.147238132768436,42.82127398117072,42.85558668602093,124833700
2007-07-18,43.03572082519531,43.03572082519531,42.58108896679447,42.847007504631634,144915900
2007-07-19,43.164390563964844,43.456041984217556,43.15581402465124,43.24159250674466,116563800
2007-07-20,42.932796478271484,43.19871508107603,42.66688114770717,43.138669472739565,163721300
2007-07-23,42.94993209838867,43.15580499346508,42.82126112993609,43.07860306684126,107464100
2007-07-24,42.31517028808594,42.9756717651424,42.07498466055351,42.6325545821862,175496200
2007-07-25,42.375244140625,42.6068468392827,42.083592540853004,42.52964812122437,170258700
2007-07-26,42.01494216918945,42.43526459417917,41.217189833450966,42.083567574183455,318522000
2007-07-27,41.16573715209961,42.13504676430725,41.16573715209961,41.93775357052409,246387600
2007-07-30,41.6461067199707,41.80051067541414,41.13142904998647,41.36303498315162,166517200
2007-07-31,40.77115249633789,42.02354051182172,40.685373974509524,42.00638415300787,260224500
2007-08-01,41.08852005004883,41.11425293951337,40.29934429333075,40.65104129571618,301153900
2007-08-02,41.46595764160156,41.54315959656985,40.99416937112418,41.114260573910435,177369900
2007-08-03,40.676780700683594,41.44022369022348,40.44517811392674,41.38875463081098,166048400
2007-08-06,41.14858627319336,41.19147553455306,40.34225376177112,40.719687115114596,190869100
2007-08-07,41.44021224975586,41.706127469376064,40.728238516184234,41.071358939728924,167109700
2007-08-08,41.89484405517578,42.083560615464684,41.517414206836854,41.61176921474243,164831200
2007-08-09,40.925559997558594,42.00638779074408,40.90840363725901,41.33730282802507,242418200
2007-08-10,40.55669403076172,41.02848561413829,39.9991272165969,40.48807188278703,247006400
2007-08-13,40.83118438720703,41.07137005760126,40.728249541175074,40.899809799388166,116935100
2007-08-14,40.136356353759766,40.9512648472757,40.08488731223376,40.91695215292503,153529800
2007-08-15,39.3729362487793,40.393714865510525,39.29573428467423,40.04201775619638,214854100
2007-08-16,38.986934661865234,39.38152110740556,38.077667256182764,39.05555682653963,362468700
2007-08-17,39.72461700439453,39.96479933951494,39.10700154581188,39.72461700439453,223246600
2007-08-20,39.91334533691406,40.076329073377835,39.527338802055965,39.87903589913655,144715100
2007-08-21,40.33366394042969,40.428022247702515,39.79325026292884,39.87045221685753,115027200
2007-08-22,40.882633209228516,40.91694589833413,40.548092671044145,40.642450929965506,115814100
2007-08-23,40.77115249633789,41.045647692877694,40.51381365861193,40.99418188867702,118663400
2007-08-24,41.34587478637695,41.37160768581513,40.59101143786543,40.6424805089823,88189200
2007-08-27,41.07136917114258,41.345864269463085,41.037056465792595,41.22577307297782,72490400
2007-08-28,40.09348678588867,40.91697222075339,40.06775061638398,40.831190442804825,106024800
2007-08-29,41.2429313659668,41.27724080069122,40.35939715895622,40.35939715895622,113201000
2007-08-30,41.45738983154297,41.80908697329882,40.95986528980806,41.02849071856069,138930000
2007-08-31,41.92057800292969,42.08356168084668,41.697552012410334,41.912001464626194,94687200
2007-09-04,42.61542510986328,42.88992033824878,41.9549199439853,41.97207630478955,98480900
2007-09-05,42.18649673461914,42.58966275412753,41.920578234397155,42.51246082001399,114049300
2007-09-06,42.15218734741211,42.34090392834253,41.8691157482557,42.229389287589164,99222600
2007-09-07,41.371620178222656,41.68900469867822,41.131437651633746,41.62895906703099,152438000
2007-09-10,41.34587478637695,41.81766315210646,41.011334004718584,41.7061484674735,125199400
2007-09-11,41.972049713134766,42.02351876293897,41.54315078148388,41.61177290898366,103064500
2007-09-12,41.98064041137695,42.34949387878419,41.84339283784684,41.894861905010735,93993400
2007-09-13,42.18649673461914,42.332320792256404,41.98062381957003,42.28085501767335,80807500
2007-09-14,42.220829010009766,42.298030979921336,41.80050644666,41.86055205967561,99801200
2007-09-17,41.8691291809082,42.117888159296335,41.680412539432815,42.03210965257495,84882300
2007-09-18,42.92420959472656,42.95852229757753,41.88627487528064,42.109300899333036,151452100
2007-09-19,43.03572082519531,43.39599765943404,42.87274039556317,43.13865893340034,127025800
2007-09-20,42.91563415527344,43.11292730840818,42.82127584893948,42.94137032115347,109970600
2007-09-21,43.221160888671875,43.358479773964746,42.92077357625964,43.1524998090552,86829500
2007-09-24,43.41858673095703,43.73613625983519,43.195444615136836,43.332763595782204,107226800
2007-09-25,43.83053207397461,43.83053207397461,43.2211794632358,43.27267202113707,101102200
2007-09-26,44.04508972167969,44.20815493232187,43.87344023609013,44.079420273585924,96124600
2007-09-27,44.26824188232422,44.32831872048171,44.0794270915766,44.3025691655984,73423200
2007-09-28,44.122337341308594,44.35406368472651,43.92494155408786,44.23391001197841,75546000
2007-10-01,44.628692626953125,44.76601155023225,44.096582208489195,44.15665903280247,100404100
2007-10-02,44.63727569580078,44.68019052139155,44.38838738665858,44.66302524594355,71046000
2007-10-03,44.328311920166016,44.688772893813386,44.19957398732531,44.49137713101483,106785000
2007-10-04,44.43129348754883,44.48278930757541,44.06224829554448,44.414128214206634,84129300
2007-10-05,45.332462310791016,45.40112342423355,44.680198102797384,44.77460222286774,115674700
2007-10-08,45.61568069458008,45.62426169607484,45.238051149974126,45.31529325919427,63022400
2007-10-09,45.813072204589844,45.87314903128734,45.512684797160865,45.71866482722478,93965600
2007-10-10,45.92463302612305,45.97612884252909,45.667160491974634,45.82164466725186,91777500
2007-10-11,45.19514465332031,46.293696308353,44.86901090300417,46.164961627871335,239786700
2007-10-12,45.941802978515625,45.95038725242826,45.315285214483865,45.40111158390404,131676000
2007-10-15,45.58992004394531,46.096284131355944,45.229459137961996,46.01046104153354,121578700
2007-10-16,45.37535858154297,45.72723848452293,45.21229340297113,45.30670076517519,193676600
2007-10-17,45.958953857421875,46.053361197243774,45.212282684010795,46.0190306602285,183985200
2007-10-18,46.156368255615234,46.25077563372927,45.58992726087259,45.77016101633644,144491200
2007-10-19,45.006317138671875,46.14778330516742,44.963405590640434,46.14778330516742,245111500
2007-10-22,45.54701232910156,45.58992387762122,44.64585671442369,44.76601035985523,207052100
2007-10-23,46.499664306640625,46.5254105812633,45.77873915173374,46.01046544516181,162360600
2007-10-24,46.14777755737305,46.29367745729608,45.14363043401131,46.12203128654918,298293400
2007-10-25,45.52984619140625,46.328013419711006,45.27237363123015,46.25077132426406,233833100
2007-10-26,46.285091400146484,46.51681763406,45.86455047031667,46.4138292880786,146690300
2007-10-29,46.47392272949219,46.628406940725796,46.2078658603806,46.5082500078117,101896600
2007-10-30,46.568328857421875,46.82580473660825,46.25936369549348,46.29369097530209,114616600
2007-10-31,47.22917175292969,47.26350230265934,46.379511927740026,46.74855715248024,148431900
2007-11-01,46.34518051147461,47.006028848677865,46.31943423662947,46.928786750201084,181974200
2007-11-02,46.70565414428711,46.817226822164244,46.001894066493946,46.70565414428711,217882900
2007-11-05,46.40526580810547,46.6884879788783,45.99330896566114,46.22503530340019,150588900
2007-11-06,46.92879104614258,46.93737204722936,46.15636999066605,46.6284068989804,131884700
2007-11-07,45.78730773925781,46.842950547786806,45.75298047371397,46.53398224030909,197908200
2007-11-08,44.39695739746094,45.77014962790954,43.598790293384255,45.607081188489985,380626400
2007-11-09,42.91219711303711,43.87342941166571,42.91219711303711,43.53871479801455,309414900
2007-11-12,41.822235107421875,43.11818554754868,41.75357728103861,42.84354442019123,283216000
2007-11-13,43.54731750488281,43.590229065372604,42.354355170036555,42.388685728005264,255625900
2007-11-14,42.98945236206055,44.14808072930532,42.82638714171954,44.105169173841034,263284100
2007-11-15,42.757720947265625,43.37565774905395,42.37151044614792,42.912205147712704,251548800
2007-11-16,43.15251541137695,43.332749173566214,42.34576707783414,43.0495270286557,263623700
2007-11-19,42.65473937988281,43.29842255983897,42.4058477645537,43.04953094450985,198651100
2007-11-20,42.82637405395508,43.58162636635803,41.993876381804085,42.877866595199336,300763600
2007-11-21,42.32002258300781,43.058109843194295,41.92522776372264,42.44017624689999,212225400
2007-11-23,42.77488327026367,42.88645591265159,42.371507522051246,42.59465280682709,46463300
2007-11-26,42.036781311035156,43.22973967998609,41.968123508863606,42.88644412124771,150352100
2007-11-27,42.87787628173828,42.95511838499525,42.13978580038088,42.39726166053183,211369300
2007-11-28,44.18239974975586,44.37121447324017,43.42714412975959,43.45289367546989,216868100
2007-11-29,44.371219635009766,44.534284831753396,43.942097594582094,44.01075541860102,172087300
2007-11-30,44.036502838134766,44.8432510565135,43.7275344601349,44.80892050919325,171417400
2007-12-03,43.66745376586914,44.225310377604394,43.615957949456586,43.84768421240172,108625700
2007-12-04,43.48723602294922,43.71896237103244,43.23834767036393,43.332755064835844,113374100
2007-12-05,44.26824188232422,44.628702911269166,43.90777757943713,43.94210813665345,137614200
2007-12-06,44.9033203125,44.94623185245042,44.29396793295839,44.31113320372668,99724500
2007-12-07,44.911922454833984,45.09215295870194,44.69736139576967,44.87759189963763,88992300
2007-12-10,45.09212875366211,45.220863355631984,44.90331407537808,45.02346768012603,75657900
2007-12-11,44.04508972167969,45.349621228642015,43.95068234090835,45.16080646709934,167064300
2007-12-12,44.43986129760742,44.99772105686337,43.67602486726077,44.843236916575265,162975200
2007-12-13,44.1995735168457,44.31114617252391,43.75328616807447,44.053673583524784,153476200
2007-12-14,43.74470520019531,44.28539665531946,43.7017903737117,43.84769358108444,128396700
2007-12-17,42.680477142333984,43.761866502271594,42.663311868087526,43.581632759654454,134377000
2007-12-18,42.81779098510742,43.14392460923514,42.20843855435002,43.118178337889056,154251700
2007-12-19,42.80921173095703,43.08384954964642,42.577485457573914,42.817792730441866,137970900
2007-12-20,43.684627532958984,43.73612008544392,43.083855987082906,43.44431695024363,167341700
2007-12-21,44.54633712768555,44.58929668152485,44.228456748868396,44.40028513216414,107573500
2007-12-24,44.881404876708984,45.018866930713365,44.63225387965295,44.68380010155841,34499800
2007-12-26,45.10478210449219,45.21647105402912,44.67521275111607,44.786901700653004,58492100
2007-12-27,44.563514709472656,45.10477290195507,44.42605267553226,44.958720924735516,65778900
2007-12-28,44.520572662353516,44.812679987472094,44.18550905240813,44.709584248416846,67545400
2007-12-31,44.00508499145508,44.40028800445362,43.99649176918979,44.30578222365961,70135600
2008-01-02,43.30917739868164,44.219865509327676,43.06861963552574,44.048037131064724,152344100
2008-01-03,43.48961639404297,43.60989533279608,43.08582328213685,43.3091979859133,114103700
2008-01-04,41.58232116699219,42.81088997038204,41.41908268988505,42.79370680029947,212617600
2008-01-07,41.384708404541016,41.754138297005404,40.748947620314354,41.58231318387644,235083600
2008-01-08,40.31077194213867,41.89158672089036,40.31077194213867,41.4706107424296,261669800
2008-01-09,41.169921875,41.2042882070141,39.91558025266947,40.47402167716033,254011800
2008-01-10,41.230072021484375,41.59090874056865,40.628674212322856,40.74895311868428,249958500
2008-01-11,40.42249298095703,41.04107416612372,40.12179561447628,41.006707816424345,211685200
2008-01-14,41.1269645690918,41.24724345077631,40.64584904235376,40.97231935625351,168048500
2008-01-15,39.992919921875,40.826285803282275,39.82109146585682,40.69741364192984,241094900
2008-01-16,39.56332778930664,40.3021874333902,39.05643593655304,39.68360665651032,265625900
2008-01-17,39.01347732543945,40.01867102755219,38.83305903546,39.72656382014841,254098800
2008-01-18,38.96194076538086,39.640661160331646,38.64406034746696,39.21109178793559,273063300
2008-01-22,37.95673751831055,38.46362934205094,36.710986092777055,36.79690190540017,325732000
2008-01-23,37.810707092285156,37.9309893089038,35.748775396294974,36.5477749526647,390129000
2008-01-24,38.58391189575195,38.601095059921406,37.853645443994175,37.965331095065444,250249100
2008-01-25,37.79351806640625,39.40869668542927,37.750558503599294,39.40869668542927,199299100
2008-01-28,38.085628509521484,38.180131034301276,37.432681118785325,37.81929427417453,163711200
2008-01-29,38.15434646606445,38.386314289683156,37.836466090299766,38.28321857163722,138520000
2008-01-30,38.11997985839844,38.936162207293904,37.95674469956085,38.01688414109858,220824400
2008-01-31,38.77293014526367,39.16813315760626,37.64745727722296,37.690413556416026,246824100
2008-02-01,39.16813659667969,39.41728762617124,38.558148857459116,39.09081397640143,161920300
2008-02-04,38.6182975769043,39.18532916923937,38.60970435183651,39.15955604874621,100209900
2008-02-05,37.51858139038086,38.31758055699015,37.49280828092691,37.94815069383301,188990400
2008-02-06,36.77971649169922,37.94814197567951,36.74535016875343,37.73335737329775,178285000
2008-02-07,37.0374755859375,37.62169025410734,36.212703093469926,36.36734834547691,286254800
2008-02-08,37.458431243896484,37.60448646954933,36.89140005649993,37.114777865768346,173781300
2008-02-11,37.86224365234375,37.99111577306939,37.4069011731937,37.60450268824663,119562300
2008-02-12,37.6474494934082,38.386309141240076,37.38111537371082,38.09420191482639,145412400
2008-02-13,38.47222900390625,38.558144838234355,37.93956394048789,38.137165443411575,148685900
2008-02-14,37.776329040527344,38.53236872387912,37.707596372575004,38.53236872387912,170868900
2008-02-15,37.6474494934082,37.78491152481739,37.32956916027822,37.57012689590595,100053300
2008-02-19,37.5787239074707,38.23166780319756,37.174927715627575,38.145755253907126,110507600
2008-02-20,37.75056076049805,37.87943290191448,37.149166173500554,37.16634606682503,137338800
2008-02-21,37.38972473144531,38.205907329040684,37.235079469696515,38.111401527154776,127857000
2008-02-22,37.52718734741211,37.535777294360706,36.599315763932864,37.518594123108706,157364700
2008-02-25,37.716163635253906,37.862215538096216,37.23504512279646,37.48419595660577,121444300
2008-02-26,37.86224365234375,38.21449040132578,37.26084588454769,37.50140695807862,148375900
2008-02-27,38.05126190185547,38.19731393878614,37.518593434878944,37.60450928956294,125682600
2008-02-28,37.905208587646484,38.25745541705037,37.75915654300935,37.905208587646484,129196700
2008-02-29,36.90000915527344,37.60450265256911,36.81409331575313,37.50140692249891,188724500
2008-03-03,36.659446716308594,36.934374115177626,36.290020090872986,36.874231391076805,132963800
2008-03-04,36.86563491821289,36.9773238469744,36.10100213581053,36.42747570130769,183851000
2008-03-05,37.04605484008789,37.40689474974437,36.72817448153247,36.93436918381526,183208300
2008-03-06,36.22987747192383,37.174932010059266,36.16973802500251,37.02028678158899,152752200
2008-03-07,36.14395523071289,36.63366389723758,35.55115086527594,36.01508314905769,242552400
2008-03-10,35.44804763793945,36.20409031978577,35.370725053689796,36.092401414235646,146801900
2008-03-11,36.796897888183594,36.8140777714795,35.66283222683945,35.96353262216237,196755300
2008-03-12,36.69381332397461,37.320984185683784,36.599307541996474,36.94296433512532,155566100
2008-03-13,36.97731399536133,37.22646489415994,35.920574257444294,36.28141077789531,208967900
2008-03-14,36.298614501953125,37.26944226901372,35.86045515355131,37.22648598424561,309589800
2008-03-17,35.6370735168457,36.0924159871948,35.26764360708372,35.47383834078855,193130600
2008-03-18,37.22648239135742,37.23507233654021,36.178332101933954,36.29002105343501,216300400
2008-03-19,36.30720901489258,37.45845528920221,36.28143589626071,37.38113265595175,216157200
2008-03-20,37.04921340942383,37.05781006634905,36.19800005757144,36.41295255976584,128397000
2008-03-24,38.3303337097168,38.48509650162438,37.21257801768325,37.21257801768325,125018000
2008-03-25,38.545291900634766,38.75164450685119,38.072393678231414,38.433515658983474,118107500
2008-03-26,38.43351364135742,38.56248319349335,38.07239167956301,38.40771710699794,124824600
2008-03-27,37.58230209350586,38.27014957992834,37.58230209350586,38.209963129861094,143868600
2008-03-28,37.39313888549805,38.12397608413188,37.25556941469939,37.84883714253456,111822300
2008-03-31,37.59089279174805,37.84883512576173,37.35874370716132,37.53070635647535,113644800
2008-04-01,39.19873809814453,39.215934691763685,38.184162034018534,38.19275869087068,137494400
2008-04-02,39.11275863647461,39.5684568903192,38.83761641688961,39.29331795064908,132486800
2008-04-03,39.19873809814453,39.47387703622125,38.81182294150074,38.940795753686956,140033800
2008-04-04,39.430877685546875,39.85218264793962,39.035365967406804,39.35349467287477,139261000
2008-04-07,39.34490966796875,39.90378755821799,39.2503333098497,39.67163843211055,102297100
2008-04-08,39.0439567565918,39.31049893351163,38.846200927230726,39.0439567565918,97435200
2008-04-09,38.605464935302734,39.11275289584828,38.373315874044835,39.0955563046535,127182300
2008-04-10,39.15574645996094,39.41368879259974,38.63126185831036,38.63126185831036,112773800
2008-04-11,38.07239532470703,38.777439439615264,37.93482582130825,38.70865632787371,120135400
2008-04-14,37.900447845458984,38.24437007234651,37.7886715637601,38.01222084724116,89274600
2008-04-15,37.952022552490234,38.132581911350975,37.55651063881936,38.038005542363706,124232300
2008-04-16,39.00959014892578,39.10416980127244,38.390528998874935,38.424918916160784,134027900
2008-04-17,38.923606872558594,39.09556956290869,38.674261135546736,39.05257643038453,124953100
2008-04-18,40.161705017089844,40.3508641757809,39.740400156258495,39.95535255298441,133022500
2008-04-21,40.44545364379883,40.47984682286309,39.97255891136454,40.08433182345226,83303200
2008-04-22,39.84360122680664,40.2133198420508,39.491079207610504,40.19612324600278,104689600
2008-04-23,40.282108306884766,40.46267094945978,39.7834200747903,40.13594214089845,131086200
2008-04-24,40.64323425292969,41.09033601328198,39.88660025233997,40.29930881268452,166509000
2008-04-25,40.5400505065918,40.71200991529834,40.0413590375795,40.68621665997545,121945400
2008-04-28,40.61742401123047,40.94414943495576,40.522844390709835,40.63461732412994,71244000
2008-04-29,40.92695236206055,41.06452182304556,40.46265748118279,40.54004050798153,91270600
2008-04-30,40.59162521362305,41.3224656077671,40.43685916685911,41.01293351423922,132152700
2008-05-01,41.87274932861328,41.88994592288999,40.6002308713716,40.60882752855247,143596900
2008-05-02,41.932918548583984,42.294037040354155,41.56320012324959,42.26824379948876,124990000
2008-05-05,41.81255340576172,42.15647537355149,41.6147975363019,41.93292625848385,75624700
2008-05-06,42.070499420166016,42.24246205921769,41.39124879986491,41.69218423818397,139582600
2008-05-07,41.30527114868164,42.32844381741667,41.159101750339666,42.07909814254281,140008300
2008-05-08,41.614810943603516,41.8727533225273,41.322475372845815,41.477241456183144,128058700
2008-05-09,41.45145034790039,41.66640290512441,41.18491127608867,41.3052841833476,97062000
2008-05-12,42.20808410644531,42.29406381704014,41.44285353043795,41.51163664293067,89606500
2008-05-13,42.31985855102539,42.41443819659936,41.92434337136009,42.22527890545142,85448100
2008-05-14,42.22526168823242,42.93030549332097,42.1650752619381,42.48320398376727,143598200
2008-05-15,42.964725494384766,43.00771535715757,42.11351177985151,42.233884707581886,157248900
2008-05-16,42.99908447265625,43.08506741624112,42.51759310823671,43.05067423880717,146563200
2008-05-19,42.689579010009766,43.39462313255902,42.42303665932282,43.03350113227619,140048700
2008-05-20,42.36284637451172,42.534809060049994,42.03611759998053,42.534809060049994,137163700
2008-05-21,41.4256591796875,42.64658819193139,41.28808966732317,42.414442304748256,192806700
2008-05-22,41.57182693481445,41.86416256971131,41.36547429836727,41.52883707554762,153198200
2008-05-23,41.44286346435547,41.57183306116191,41.11613458192944,41.42566686213131,121698400
2008-05-27,42.173683166503906,42.22527295133755,41.52022895818664,41.52882561570136,106984300
2008-05-28,42.34563064575195,42.440210244061696,41.915725766099655,42.37142388895863,121363000
2008-05-29,42.72397232055664,42.964721433177054,42.3456569720331,42.37145023127544,143993000
2008-05-30,42.99908447265625,43.196843602944476,42.77553537916345,42.88731156586681,94153600
2008-06-02,42.47462844848633,42.921726900439516,42.096309832334725,42.921726900439516,144359900
2008-06-03,42.242469787597656,42.904523937126825,41.84695466144384,42.63798163383634,167606900
2008-06-04,42.78413772583008,43.07647321308488,42.07909389420045,42.11348707621027,174870800
2008-06-05,43.46341323852539,43.51500304112848,42.73257574118759,42.89593852955635,126653700
2008-06-06,42.1564826965332,43.17105874559588,42.14788603980869,43.085079058691505,189136000
2008-06-09,41.932918548583984,42.294037040354155,41.22787487234481,42.242450558623354,208897300
2008-06-10,41.73518371582031,42.0791057934306,41.40845495416254,41.50303459147784,162798500
2008-06-11,40.72920227050781,41.717985167173396,40.712005675444956,41.649198786921986,170366900
2008-06-12,40.772178649902344,41.36544950389214,40.41106011261643,41.02152427607446,189913200
2008-06-13,41.589019775390625,41.675002766068545,40.80659259975806,41.02154515657927,167855000
2008-06-16,41.958744049072266,42.14790337395512,41.33108289277101,41.37407275390361,136343900
2008-06-17,41.73518371582031,42.18228536863745,41.67499727024063,42.08770573132215,122932000
2008-06-18,41.28807830810547,41.657796885851475,41.12471558209106,41.49443087992208,169338100
2008-06-19,41.932918548583984,42.139271035334474,40.93553944952026,41.21067828513,221304200
2008-06-20,40.800621032714844,41.600802211056504,40.61993580720598,41.58359690765746,197434200
2008-06-23,40.48229217529297,41.0759772100989,40.42206373440017,40.96412298463919,131488800
2008-06-24,40.27579116821289,40.75761864231974,39.931625873390715,40.29299976117435,178293800
2008-06-25,40.9296989440918,41.29967546605144,40.387639784582944,40.44786821539467,179023400
2008-06-26,39.2777214050293,40.18115133121183,39.26911546620818,40.17254539239072,190028300
2008-06-27,39.2777214050293,39.49282392470152,38.69264228894453,39.234698275331674,181351800
2008-06-30,38.86471939086914,39.43259316028767,38.84751407864777,39.157258931689086,132912400
2008-07-01,39.41538619995117,39.45840604669567,38.443121908946644,38.55497613624548,245494300
2008-07-02,38.46893310546875,39.690717100927394,38.408704663671905,39.53584302710582,199576400
2008-07-03,38.40007781982422,38.78726276049859,38.098932518321114,38.701219839125486,123118300
2008-07-07,38.63240432739258,39.11423175213058,38.06453394666339,38.75286118357708,181011300
2008-07-08,39.55303192138672,39.58744581226959,38.520539704248016,38.675413700928935,206151200
2008-07-09,38.503334045410156,39.60465741025898,38.486125457559076,39.54442899388147,168500300
2008-07-10,38.9593620300293,39.07981889955974,38.18499503353205,38.563574235228245,238811500
2008-07-11,38.339874267578125,38.95076463539336,37.72898061755892,38.55497678713594,265514700
2008-07-14,38.05593490600586,38.87332508392246,37.918269433677025,38.83890789528931,177389800
2008-07-15,38.064537048339844,38.65821872314076,37.2557496071347,37.8666398745361,283891100
2008-07-16,39.01099395751953,39.04541114915343,37.78920991214863,38.16779245571338,186047800
2008-07-17,39.26911163330078,39.42398569492443,38.701241168081935,39.243300383764726,197555100
2008-07-18,38.365665435791016,38.86470131318156,38.365665435791016,38.83889007465168,160661000
2008-07-21,38.5291633605957,38.88193137152437,38.279646925210116,38.71845463355393,128107800
2008-07-22,38.5291633605957,38.554977895583505,37.73758764132322,37.8838557833698,152524500
2008-07-23,39.03680419921875,39.48421783226071,38.477539619569264,38.58939056617678,169259100
2008-07-24,38.45172119140625,39.24330008730317,38.4173072863527,39.2174888379621,145561000
2008-07-25,38.95075988769531,39.13144519437124,38.5119489632497,38.70124020769318,111616700
2008-07-28,38.21942138671875,39.16587462255197,38.03873602356858,38.94216612152401,124028500
2008-07-29,39.01099395751953,39.183076633484966,38.34847778848526,38.382894980119154,142290900
2008-07-30,39.2088623046875,39.42396468875192,38.61518090626237,39.12282266394249,165679900
2008-07-31,39.11423873901367,39.70792375369034,38.73565951163723,38.82169920079432,180473100
2008-08-01,38.61520767211914,39.1916808855332,38.2022112023141,39.157263692498404,180350400
2008-08-04,38.22800827026367,38.64960724077754,38.11615407550974,38.60658740655002,116298000
2008-08-05,39.51863098144531,39.55304816866808,38.58078396394843,38.62380380687508,151657400
2008-08-06,40.12091827392578,40.275792332853854,39.217488451647775,39.53583922513165,133463700
2008-08-07,39.81114959716797,40.310185420959314,39.64767296703323,39.87998065325558,152805800
2008-08-08,40.71459197998047,40.81784023824824,39.707914076913134,39.78535109116469,143121500
2008-08-11,41.084556579589844,41.5405725970796,40.55970622169303,40.69737162030514,157290100
2008-08-12,41.127601623535156,41.43734978092193,40.878081909839814,41.075979118773375,140549300
2008-08-13,41.04155731201172,41.40292793352126,40.654372158820316,41.05876590573174,169652100
2008-08-14,41.51476287841797,41.69544810528983,40.86085303165224,40.90387285487857,158069200
2008-08-15,41.43735122680664,41.7901192445388,41.26526854645346,41.583622653878294,123115900
2008-08-18,40.95550537109375,41.56639882661046,40.66296590634867,41.55779289053397,151399100
2008-08-19,40.44786834716797,40.94690766946614,40.224163215167515,40.749013784411005,155410600
2008-08-20,40.516700744628906,40.92109443218748,40.21555860423624,40.73180321125314,155466700
2008-08-21,40.32741165161133,40.50810022758431,39.9058126328155,40.21556072625108,118916200
2008-08-22,40.86087417602539,41.02435090176098,40.508106191498406,40.54252009856644,96515500
2008-08-25,40.000457763671875,40.61995066083454,39.89720621230868,40.576930822201525,128076500
2008-08-26,39.94882583618164,40.241365288921955,39.682097626205746,40.02626284667769,107225500
2008-08-27,40.20695495605469,40.51670305077647,39.828375774841035,39.966041230028125,108489900
2008-08-28,40.53392028808594,40.68018842945454,40.293006510676925,40.370440268669206,112808600
2008-08-29,39.682098388671875,40.54250817418117,39.510015775129446,40.103700627740686,133184300
2008-09-02,39.1916618347168,40.50809092965453,39.01097658242033,40.32740239515547,162277500
2008-09-03,38.82170867919922,39.269122392901366,38.5377750098948,39.10564563070819,161682900
2008-09-04,37.565494537353516,38.641006867536795,37.565494537353516,38.5979870307701,219004700
2008-09-05,37.38479995727539,37.66873343509348,36.83413830630499,37.238528609997566,247977500
2008-09-08,37.315982818603516,38.04733332786075,36.72230106777914,37.875250662023525,311065100
2008-09-09,36.5244026184082,37.67735206957941,36.43835965506501,37.298769595276255,214180600
2008-09-10,36.82554626464844,37.152502974086325,36.52440408635274,36.87717204472923,160658100
2008-09-11,37.51386260986328,37.59129961622127,36.2834764433989,36.30929096698664,203398200
2008-09-12,37.36759567260742,37.60850935209322,36.91157955580853,37.1955130663164,172094300
2008-09-15,36.206050872802734,37.247146084355954,36.163027751201945,36.48138178359031,616772300
2008-09-16,36.4899787902832,36.859955259798255,35.64677759624045,35.689797428978814,349506500
2008-09-17,34.59708786010742,36.498593312411266,34.57987926497569,36.02536843400227,340088000
2008-09-18,35.767242431640625,36.111407734844086,33.986194044300404,35.36284869270709,423934000
2008-09-19,36.936466217041016,37.73718704762749,36.24767170320033,37.685526473764746,263394000
2008-09-22,35.197265625,36.88480492535358,35.12838486119018,36.798707255006896,164698200
2008-09-23,34.93035125732422,35.94631934836658,34.81842167863921,35.47277567850463,184011200
2008-09-24,35.171443939208984,35.524449745499886,34.8873189167878,35.13700683169068,159270800
2008-09-25,35.7310905456543,36.17880580927202,35.32642413183475,35.49862281544413,148586800
2008-09-26,35.36946105957031,35.72246673121344,34.629009337485876,34.706498547574135,182678600
2008-09-29,32.56262969970703,34.76676448082457,32.0115968255314,34.66344335360539,307954400
2008-09-30,33.501121520996094,33.83690710303062,32.373223413275774,32.47654458037584,195436700
2008-10-01,33.14811325073242,33.552779580390855,32.74344692107399,33.440849966660984,174033300
2008-10-02,31.6413631439209,32.93284735387685,31.546653776351192,32.93284735387685,192124000
2008-10-03,31.15060806274414,32.87258748784038,31.08172730922104,32.080475244400255,272116100
2008-10-06,30.014102935791016,30.590964486491753,28.335172281775012,30.35849686198967,394046600
2008-10-07,28.1113224029541,30.306846057783893,27.7841453113761,30.255185479824448,329365700
2008-10-08,27.88746452331543,29.376976773040457,27.413920698048226,27.508630119984883,452066500
2008-10-09,27.13840675354004,28.99814512902651,26.664861241004605,28.54182145381871,352433900
2008-10-10,26.966196060180664,27.96494394076458,25.295875649325165,26.277404984677087,472339100
2008-10-13,30.24656105041504,30.349878867348767,27.896060187584112,28.292114556175218,276998700
2008-10-14,28.9378604888916,31.12477482392286,28.576243155151854,31.12477482392286,341595900
2008-10-15,26.346288681030273,28.714009031293735,26.294629751921796,28.610691173076784,312088500
2008-10-16,27.77552604675293,27.784137782954016,25.183948516365298,26.527091977420014,494783500
2008-10-17,27.809967041015625,28.972305122877167,27.04368672283381,27.267544245021124,326571300
2008-10-20,28.58485984802246,28.636517130077113,27.29337524601315,28.206022262740678,232783400
2008-10-21,27.10396385192871,28.636524946976056,27.10396385192871,28.119932278924345,239932400
2008-10-22,26.35490608215332,27.207286038668222,25.580013719677776,27.00925872035034,289993600
2008-10-23,26.2515869140625,26.768181282080285,24.882612577809073,26.2515869140625,377966900
2008-10-24,25.407808303833008,26.04494053641934,24.18520276503014,24.30574080729555,322129500
2008-10-27,24.70179557800293,26.001890254972302,24.675965295154477,25.11507025033281,239302300
2008-10-28,27.431135177612305,27.44835372529849,24.839555718060293,25.554177176579387,327239500
2008-10-29,27.362255096435547,28.481542766996537,26.905929933567492,27.47418304238783,341316000
2008-10-30,28.27490234375,28.46432113187374,27.53445066408277,28.12853238445026,255292100
2008-10-31,28.317951202392578,28.782886436777638,27.629160087237924,27.870236156438278,224261000
2008-11-03,28.25768280029297,28.662349026187965,27.990774800428053,28.249074348097732,128455500
2008-11-04,29.058414459228516,29.28227042917861,28.39545172039911,28.808726554133724,182487600
2008-11-05,27.543066024780273,28.929258612898266,27.482796996019648,28.86898958413764,183893900
2008-11-06,26.31184959411621,27.43974749020526,26.174091348247106,27.11257042461027,220677200
2008-11-07,26.854272842407227,27.103959035299557,26.33767862395114,26.621805197770826,176946200
2008-11-10,26.492656707763672,27.52584348897659,26.174089757176525,27.52584348897659,142584500
2008-11-11,25.915796279907227,26.484049481685656,25.588619198757282,26.24297171884927,162869800
2008-11-12,24.71901512145996,25.65749408744453,24.667356195886835,25.528345952407896,184946400
2008-11-13,26.225751876831055,26.28602255000063,23.487805341808073,24.632921856703174,317943900
2008-11-14,24.951486587524414,26.191312487424824,24.856778816441718,25.640279484005923,259407000
2008-11-17,24.426279067993164,25.16672911015923,24.33156967332931,24.529596914710492,202835200
2008-11-18,24.40045166015625,24.753457355413353,23.582510673268185,24.589868829594188,252661800
2008-11-19,23.126188278198242,24.77928888317055,23.065919250456766,24.452111815134202,244180600
2008-11-20,22.006898880004883,23.63417072253812,21.92940966644579,22.842060038984503,342472400
2008-11-21,22.962594985961914,22.97120507988481,21.56779097239537,22.394341924710822,282746800
2008-11-24,24.366010665893555,24.65874732906325,23.22950439345014,23.43614174823915,225058200
2008-11-25,24.25408172607422,24.65874632410138,23.69443870771948,24.632917682185216,202968700
2008-11-26,25.270051956176758,25.278662051581634,23.944126823565668,24.00439584919203,164912000
2008-11-28,25.07202911376953,25.13229815003354,24.82234122958083,24.98592978673177,41238200
2008-12-01,23.18645477294922,24.546818544101228,23.15201439388346,24.538208449334785,149161500
2008-12-02,23.96133804321289,24.012996954093197,23.108958623755573,23.505013010849872,181743000
2008-12-03,24.64152717590332,24.71901474196959,23.306992088459097,23.358651013239147,230944900
2008-12-04,23.94412612915039,24.779287294917008,23.522241319793363,24.254082985905647,188868700
2008-12-05,24.917049407958984,25.02897737796723,23.20367961861067,23.67722343033416,212283700
2008-12-08,25.898578643798828,26.22575411503064,25.347545579741855,25.4766937488542,185782500
2008-12-09,25.838308334350586,26.544319823432502,25.45947230037688,25.554181719422303,178148300
2008-12-10,25.752206802368164,26.225750572551547,25.50252059477208,25.91579533699116,162335100
2008-12-11,25.04619789123535,26.062166299627453,24.917049726587273,25.66611006687093,167161400
2008-12-12,25.554180145263672,25.709158587897388,24.512381526563633,24.701800352986123,158600100
2008-12-15,25.106464385986328,25.623058634538246,24.744848576220768,25.597228347337904,107887000
2008-12-16,26.31184959411621,26.397948908336357,25.054805190008683,25.33032168174689,169300100
2008-12-17,25.99327278137207,26.34627833571386,25.674705952177064,26.044931690195792,159813500
2008-12-18,25.53696060180664,26.17409293820614,25.278664285663684,25.993285845347657,142656400
2008-12-19,25.746484756469727,26.186227316761244,25.57403611316602,25.80684128824838,118308900
2008-12-22,25.186023712158203,25.798214823974174,24.78077159911939,25.746480896575832,95379600
2008-12-23,25.05669403076172,25.53954961662655,24.91011316444423,25.28949922631166,68764800
2008-12-24,25.125669479370117,25.18602600760103,24.98771123067316,25.177405056075514,27194700
2008-12-26,25.117046356201172,25.203270670975467,24.979088110399104,25.177404527757588,20937000
2008-12-29,24.910110473632812,25.211894771051263,24.539347049198042,25.186026981698102,52688300
2008-12-30,25.42745018005371,25.513674484480397,24.953218972594655,24.97908511270839,77089500
2008-12-31,25.64301300048828,25.936174681728318,25.39296429860237,25.40158524988119,89189700
2009-01-02,26.75530242919922,26.84152509624285,25.599900929221427,25.651634858366,107891500
2009-01-05,26.746681213378906,27.013975113105573,26.375917805433378,26.58285517727906,91751900
2009-01-06,27.013965606689453,27.272636819320216,26.824273493732992,26.94498650701515,136791700
2009-01-07,26.246583938598633,26.64321351712909,26.031023956025436,26.496632663195626,133879800
2009-01-08,26.522489547729492,26.556978275572327,25.936166373078034,26.194837587969452,131926600
2009-01-09,25.92754554748535,26.54835913689282,25.798209931222658,26.53111394950004,117137900
2009-01-12,25.45332145690918,25.99653185351871,25.177404960561987,25.962043113771333,102726200
2009-01-13,25.46194076538086,25.84994767154813,25.160156519745097,25.444695575437827,186266700
2009-01-14,24.68592643737793,25.24638366135224,24.547968191517427,25.168781942481708,136294000
2009-01-15,25.0911808013916,25.29811817494755,24.20307313419594,24.634193073585514,192567200
2009-01-16,25.367094039916992,25.522297461289075,24.746281999020496,25.436073155572156,175478100
2009-01-20,24.10822105407715,25.37571445675594,24.10822105407715,25.263622375568115,135105800
2009-01-21,25.134288787841797,25.168779167800608,24.228937693616842,24.5134767499097,149179600
2009-01-22,24.798015594482422,25.203267687987495,24.366895716229095,24.591078250271842,200602700
2009-01-23,24.918737411499023,25.30674609643591,24.26343476837917,24.3927720930864,170164100
2009-01-26,25.099803924560547,25.51367868036273,24.789397035412865,24.953223076306596,140398700
2009-01-27,25.28087043762207,25.496430385616243,25.108423465981865,25.108423465981865,110591300
2009-01-28,26.168983459472656,26.427654793041572,25.703373085537933,25.703373085537933,139722800
2009-01-29,25.505054473876953,26.212090881550946,25.41883016071359,25.849950081938413,130731800
2009-01-30,25.05669403076172,25.8068435571141,24.953226151356603,25.694751435734222,140334200
2009-02-02,25.358476638793945,25.530925285548612,24.780775810135655,24.81526619732346,126796100
2009-02-03,25.755104064941406,26.237957902116854,25.03082248688227,25.41020682236701,120541100
2009-02-04,25.789594650268555,26.617345789326784,25.686126785756308,25.81546243869264,175780900
2009-02-05,26.358671188354492,26.531119811199382,25.401584456290074,25.418829647492952,217578900
2009-02-06,27.048465728759766,27.169178785554365,26.36729543492268,26.45351975174399,164513200
2009-02-09,27.160558700561523,27.30713955933237,26.893264773835465,27.06571177882974,98856900
2009-02-10,26.160356521606445,27.315758023070057,25.953419160170093,26.988105967351864,232795200
2009-02-11,26.03963851928711,26.32417754271797,25.634384824533832,26.19484027740169,169117200
2009-02-12,26.358671188354492,26.393161570760252,25.55678788793208,25.73785910637841,201151400
2009-02-13,26.237957000732422,26.53974125532149,26.117243956733546,26.281068332277197,145066700
2009-02-17,25.194656372070312,25.58266509403655,25.056698080836217,25.427461605250052,157783300
2009-02-18,25.21189308166504,25.582656481255878,24.892865257313854,25.35847392232672,161271900
2009-02-19,24.82388687133789,25.530923308001206,24.763528698434392,25.36709727073296,155322400
2009-02-20,24.89285659790039,25.134282619999855,24.478980362917227,24.54795946131585,210752400
2009-02-23,24.022005081176758,25.04806941825991,23.909912968814698,25.030825869474498,169473500
2009-02-24,24.815261840820312,24.98770881270845,24.1082238289257,24.15133680534165,181337300
2009-02-25,24.65143394470215,25.151532920947798,24.263425409428905,24.668679133956907,220224700
2009-02-26,23.961645126342773,24.96184317508664,23.884043411820237,24.815262341498734,211218500
2009-02-27,23.737462997436523,24.125469932309485,23.616748303496355,23.71159521060821,204492600
2009-03-02,22.970073699951172,23.720223244022698,22.823492830171325,23.3839501611246,188180400
2009-03-03,22.95282745361328,23.41843615643424,22.7803788113287,23.1597648375995,158758800
2009-03-04,23.56501579284668,23.892666222767325,23.2114975745407,23.289099295104652,164911000
2009-03-05,22.857973098754883,23.487407642492162,22.78037139943477,23.30633810713963,199626900
2009-03-06,22.676910400390625,23.11665297947918,22.168188689950462,22.978694716775973,218421600
2009-03-09,22.19405746459961,23.116654004040104,22.09921053806533,22.49584179436044,181098800
2009-03-10,23.56501579284668,23.616749725025297,22.55619507010736,22.633796790671312,175068200
2009-03-11,23.92716407775879,24.134101515674786,23.50466660310623,23.806450983455935,173094900
2009-03-12,24.720413208007812,24.798014915536093,23.65985873124365,23.909907398596733,184395100
2009-03-13,24.7807674407959,24.866991735052245,24.418626720592552,24.711788334309148,156783500
2009-03-16,24.366899490356445,24.9877116191442,24.3065429611872,24.94460028247819,190269800
2009-03-17,25.289491653442383,25.289491653442383,24.401384124096364,24.487608427509187,169773800
2009-03-18,25.608522415161133,26.039642310065584,25.073933021859187,25.186023470913913,208033900
2009-03-19,25.591283798217773,25.979290816542825,25.401589943194928,25.962047266207183,146753400
2009-03-20,25.20176887512207,25.935885151116967,25.029035052307332,25.642238640719007,149410800
2009-03-23,26.687267303466797,26.721814718943833,25.219036739232966,25.823601684278152,179499000
2009-03-24,26.19498634338379,26.670001923334773,26.17771263025162,26.4627223076846,118757600
2009-03-25,26.315887451171875,26.8168133802134,25.61631885052846,26.419528037009638,190555200
2009-03-26,27.127737045288086,27.170919667447677,26.272708277498975,26.600900488921603,182459500
2009-03-27,26.61817741394043,26.929097602465742,26.523173656932887,26.773637508203088,156108100
2009-03-30,25.961788177490234,26.186341437245844,25.581776489268233,26.169067729423542,162919700
2009-03-31,26.186344146728516,26.73045446824967,26.14316152001613,26.16043522962573,150243800
2009-04-01,26.575000762939453,26.67000289400012,25.728608556401817,25.858158114984185,137950000
2009-04-02,27.43001937866211,27.8704890279233,26.972276022219372,27.050006057224955,212272400
2009-04-03,27.93958282470703,27.982768743469688,27.4904779327958,27.715031202407175,134577300
2009-04-06,27.87049102783203,27.92231215309522,27.335017597959627,27.62866405187167,160413700
2009-04-07,27.136375427246094,27.56820826240449,26.95500477987757,27.56820826240449,147531200
2009-04-08,27.594120025634766,27.76685382613506,27.196832943408737,27.404112515622124,126126000
2009-04-09,28.449153900146484,28.509610250299538,28.00868573551365,28.11232472225832,131871500
2009-04-13,28.405963897705078,28.56142398482227,28.095043723470692,28.362781272310997,119310500
2009-04-14,28.060501098632812,28.397330207168967,27.870493583202855,28.23323160943462,124069000
2009-04-15,27.982770919799805,28.00867983737401,27.507753780762425,27.861854950332503,124808200
2009-04-16,28.708242416381836,28.872337673870184,28.07776370767592,28.371410106870393,171168000
2009-04-17,28.768695831298828,28.93279107221161,28.440502054851205,28.64777990709661,129835400
2009-04-20,27.844585418701172,28.345509843898334,27.689125319075718,28.25050608361351,123080500
2009-04-21,28.23323631286621,28.276422242384402,27.70640289575717,27.740947026898322,145490200
2009-04-22,28.319595336914062,28.958706025142508,27.974127784893515,28.069131526430304,165040500
2009-04-23,28.595970153808594,28.621879068988616,28.06049837414251,28.500966405317854,181666600
2009-04-24,29.096895217895508,29.304176428199007,28.561423425327483,28.79461355143527,141170000
2009-04-27,29.131444931030273,29.416456205829462,28.803251028279995,28.863707366336186,120749100
2009-04-28,28.915529251098633,29.286905791489744,28.811890282387264,28.95007667221023,108968000
2009-04-29,29.312803268432617,29.710091866896658,29.105525411916027,29.14870802413847,141413600
2009-04-30,29.606462478637695,30.1419376451193,29.39918453226457,29.70146624348519,144120400
2009-05-01,29.684179306030273,29.83100413936321,29.37325923038132,29.597814082626492,100112000
2009-05-04,30.27149200439453,30.30603943437776,29.813750088301706,29.951936513610345,119317400
2009-05-05,30.245569229125977,30.2801166432892,29.908740177591408,30.219660315814934,113569500
2009-05-06,30.254199981689453,30.521937460107175,29.7619109335121,30.47875484607135,178840500
2009-05-07,29.545997619628906,30.461484286983854,29.260989701864766,30.461484286983854,216484700
2009-05-08,29.56328010559082,30.00375151106739,29.260998391733246,29.77056134839572,183507300
2009-05-11,29.666921615600586,29.986480362849903,29.08826705828899,29.183270832086148,142775900
2009-05-12,29.30417823791504,29.779193726526188,28.9500754233551,29.72737259709427,147842200
2009-05-13,28.51824378967285,29.062354140950582,28.466422658010025,29.045080430396304,175548300
2009-05-14,28.837797164916992,29.105534717694056,28.570062906763113,28.58733332147618,140021700
2009-05-15,28.820514678955078,29.209164784108225,28.699602045045694,28.79460577015226,121326400
2009-05-18,29.571903228759766,29.606447339075096,28.837785699642684,29.019154633630176,114333400
2009-05-19,29.710107803344727,30.003754336439812,29.321457495627133,29.502826541020713,129086400
2009-05-20,29.606462478637695,30.26285032960755,29.52009721675282,29.82237892797344,131873700
2009-05-21,29.06235122680664,29.589184520079986,28.768704766075345,29.381906603459704,139253200
2009-05-22,28.967350006103516,29.33872654166561,28.777342487083825,29.17462794083102,83510600
2009-05-26,30.046924591064453,30.081472002987265,28.65642256008548,28.71687888363913,144857200
2009-05-27,29.839649200439453,30.392394719898675,29.736010239196645,29.96056187099326,121348800
2009-05-28,30.185110092163086,30.288749030383784,29.545996168120155,30.021011537472667,118931300
2009-05-29,30.55649185180664,30.66013080810014,30.021016772607023,30.20238906439942,111535700
2009-06-01,31.42879867553711,31.523802442915816,30.755140389940664,30.884688286219557,119126200
2009-06-02,31.47197151184082,31.77425643165135,31.186963593038307,31.256055123957278,126858600
2009-06-03,31.376970291137695,31.411514408429873,31.031502761235622,31.376970291137695,93329800
2009-06-04,31.73108673095703,31.774269367189184,31.385619051851894,31.4460754015017,89280600
2009-06-05,31.765615463256836,32.02471774428536,31.454695361720496,31.92107551402501,121958800
2009-06-08,31.670616149902344,31.912444759615102,31.195600726137336,31.56697719980992,89194100
2009-06-09,31.91244888305664,32.1024531003396,31.67062024209695,31.817445127103536,109187800
2009-06-10,31.8001651763916,32.102446799987064,31.342423490769164,32.09381159415116,133404700
2009-06-11,31.8001651763916,32.154267918870254,31.73970885167251,31.756982557966907,147909800
2009-06-12,31.653343200683594,31.713799524611698,31.264693050701084,31.67061361212943,109452500
2009-06-15,31.005586624145508,31.37696297912772,30.729213982478065,31.351050778918932,112152900
2009-06-16,30.703330993652344,31.25607680287381,30.67742206341537,31.126528857064038,110550300
2009-06-17,30.996959686279297,31.273332431020798,30.61694798591548,30.832864398658717,153421800
2009-06-18,30.936500549316406,31.143781736390167,30.720584156149975,30.945139050031774,126266700
2009-06-19,31.2685604095459,31.441506647497143,31.05237843677562,31.173439813738955,122044700
2009-06-22,30.33466148376465,31.03508909095096,30.28277661340148,30.983207519263512,137714900
2009-06-23,30.26546859741211,30.49029634129048,30.066581628184316,30.421119842664172,114903100
2009-06-24,30.775671005249023,31.017793800319744,30.507604125938094,30.524899082539672,103314600
2009-06-25,31.380985260009766,31.4415159664321,30.50760798389993,30.576787819054655,112538200
2009-06-26,31.450159072875977,31.56257464592906,31.173446353572857,31.233977054753176,87677300
2009-06-29,31.519332885742188,31.778750598237664,31.233971092924538,31.536627839731914,93817600
2009-06-30,31.458810806274414,31.761464337241744,31.225333811524155,31.605813007408237,97843000
2009-07-01,31.476102828979492,31.856581989373357,31.467453701086576,31.61445918718415,85976000
2009-07-02,30.78431510925293,31.216679104038366,30.69784362976604,31.208033275559877,113309800
2009-07-06,30.620025634765625,30.73244122514655,30.300077122255946,30.594084844168613,107632500
2009-07-07,29.859060287475586,30.689201771860827,29.841765329605483,30.62866776997751,149773000
2009-07-08,30.014705657958984,30.153061994808937,29.66016733861378,30.040649738957597,152776400
2009-07-09,30.06658172607422,30.274114521303122,29.962815328459772,30.127112399572177,97851500
2009-07-10,30.1962890625,30.38653020805545,29.884989867965157,29.980107142068558,108482000
2009-07-13,30.775671005249023,30.78431683421197,29.815822355253406,30.222245588701274,127140300
2009-07-14,30.888072967529297,30.948603639633028,30.611360381148174,30.74106755051007,115631700
2009-07-15,31.92576026916504,31.934409397532065,31.251273398279455,31.406924722126277,160869700
2009-07-16,32.306236267089844,32.37541278676648,31.752810914975505,31.778751697519834,120142500
2009-07-17,32.47919845581055,32.48784428801046,32.1419516238295,32.29760299284324,104906500
2009-07-20,32.79047775268555,32.85965756249686,32.52241423635395,32.65212143173782,97168800
2009-07-21,33.015323638916016,33.015323638916016,32.54836960934705,32.92020300711385,130587600
2009-07-22,33.29203796386719,33.45633514551597,32.97208943173997,33.04126597713231,113808600
2009-07-23,34.027034759521484,34.1480994122647,33.19689693275783,33.257427609792195,160239300
2009-07-24,33.76762008666992,34.04433272005762,33.53414318374753,33.66385367381823,109312300
2009-07-27,34.027034759521484,34.07891961069715,33.61196584613966,34.00974310780409,94718600
2009-07-28,33.793582916259766,34.234592889606034,33.66387235421148,33.880054425174215,111564300
2009-07-29,34.01838302612305,34.09620864003431,33.724375517866484,34.001088078734554,126538200
2009-07-30,34.217281341552734,34.74476586679645,34.165396482148836,34.372932621089404,108969900
2009-07-31,34.1135139465332,34.45940310331606,34.07892404125244,34.21728036370057,78208300
2009-08-03,34.62370681762695,34.641001771922504,34.2778143290665,34.47670135545243,111722800
2009-08-04,34.62370681762695,34.75341402683069,34.39022988264993,34.459406401156876,100690800
2009-08-05,34.35565185546875,34.710190294451394,34.122174839747046,34.70154446365121,118093000
2009-08-06,34.052978515625,34.52857810158838,33.93191716268972,34.43345752466081,116937500
2009-08-07,34.4853515625,34.649648685442905,34.23457966536976,34.51993817349958,107442100
2009-08-10,34.24324035644531,34.45942243773266,34.01841244332425,34.36430509285472,87163200
2009-08-11,33.94922637939453,34.15676259085777,33.76763425603681,34.130821801428425,91922700
2009-08-12,34.47669982910156,34.77935656786157,33.897333729889,33.92327451084625,147240000
2009-08-13,34.66694641113281,34.72747710856436,34.27781814287602,34.68424136735263,110107000
2009-08-14,34.2691764831543,34.55453504880778,33.96651966050096,34.476709385688466,124480200
2009-08-17,33.27472686767578,33.7330315670287,33.257431915045025,33.689795834789265,131797200
2009-08-18,33.75033187866211,33.819511700169784,33.38714771177319,33.48226831700851,84496200
2009-08-19,33.98381423950195,34.070289030155976,33.32662232391123,33.352563111769456,88036300
2009-08-20,34.381591796875,34.45077163627241,33.897346115798356,33.966522656519466,81473500
2009-08-21,34.839881896972656,34.90041257567909,34.36428229341867,34.58046423127726,114660200
2009-08-24,34.8053092956543,35.08202204976291,34.67559874899503,34.900429923380926,109904900
2009-08-25,34.9090690612793,35.24631245952821,34.80530262305092,34.8831282763911,92900400
2009-08-26,34.848533630371094,35.107951340041325,34.65829573590634,34.831238676569725,96407500
2009-08-27,34.934993743896484,34.99552440747065,34.30373974032516,34.83987318723029,121957800
2009-08-28,34.96957778930664,35.523006142417195,34.72745515265882,35.36735493352259,114300900
2009-08-31,34.61505889892578,34.7620643662296,34.40752603748849,34.7101795015326,96415300
2009-09-01,33.96651840209961,35.09931339027353,33.862751954676895,34.494003066068565,162958900
2009-09-02,33.94057083129883,34.130812029114026,33.75897875993444,33.78491954193643,92757200
2009-09-03,34.165401458740234,34.21728632570177,33.741686590585275,34.104870763289526,76783100
2009-09-04,34.90042495727539,34.917719914280745,34.17405325642922,34.22593812744529,74866600
2009-09-08,35.22902297973633,35.26360959550003,34.986896877335624,35.17713810807708,71024400
2009-09-09,35.53166580200195,35.70461202352838,35.09930189752331,35.254953167029605,99280800
2009-09-10,35.86891555786133,35.91215129633466,35.45384653090158,35.54896713474816,99289100
2009-09-11,35.90351104736328,35.98998253774726,35.64409327753545,35.894861919119336,93868400
2009-09-14,36.0418701171875,36.06781090651513,35.635446824781766,35.67003674300271,90435600
2009-09-15,36.15428924560547,36.275350672568045,35.94675301461499,36.01593285783731,91594600
2009-09-16,36.6817512512207,36.733636106119256,36.18021084856695,36.31856716295503,96888500
2009-09-17,36.6731071472168,36.88928910476905,36.50016092144002,36.586635683665854,102169600
2009-09-18,36.734554290771484,36.89035615686,36.53547486229535,36.82111271741308,87444200
2009-09-21,36.847084045410156,36.95960836575723,36.49220269834649,36.5268260741251,71351400
2009-09-22,36.91633605957031,37.072137970917545,36.73456496175366,37.05482628056038,75638400
2009-09-23,36.74321365356445,37.3664178477557,36.68262440276622,37.07212908780234,143924100
2009-09-24,36.4143180847168,36.95096744249214,36.15464925365571,36.89037815864017,111016400
2009-09-25,36.09403991699219,36.43160954001444,35.990173102646835,36.145971673231614,109216000
2009-09-28,36.70859146118164,36.92498259295042,36.25849751087858,36.293120884409575,84478500
2009-09-29,36.544166564941406,36.890390690009625,36.379707051304756,36.7086227767086,106686400
2009-09-30,36.570091247558594,36.87303742827137,36.00747313838833,36.6912697198437,173102700
2009-10-01,35.48814392089844,36.466232714460446,35.48814392089844,36.44026353461498,140119100
2009-10-02,35.38427734375,35.70453528114309,35.24578715715841,35.24578715715841,145286400
2009-10-05,35.66991424560547,35.834373622989204,35.34100209457144,35.56604742432455,97054200
2009-10-06,36.30176544189453,36.47487896173629,35.85167161105227,35.86898329322302,124628000
2009-10-07,36.405643463134766,36.42295514907556,36.15462896979299,36.25849578357127,93787600
2009-10-08,36.56145477294922,36.8903669851324,36.47489632090049,36.622044038449665,107850400
2009-10-09,36.769187927246094,36.82977719187833,36.405652339452715,36.48355329424662,62828000
2009-10-12,36.847084045410156,37.106752760016064,36.59606952381548,36.91633079696739,53221900
2009-10-13,36.85575866699219,37.002903129628386,36.673987510619654,36.81247777622306,70939300
2009-10-14,37.35777282714844,37.40105040236258,37.08944657783302,37.3144952519343,91004900
2009-10-15,37.271209716796875,37.32314147521596,37.10675034349207,37.15868540377779,85772800
2009-10-16,37.02885437011719,37.21062545456211,36.76918563759639,37.13272450461917,111859300
2009-10-19,37.40106964111328,37.45300473920557,36.864420168302466,37.05484555943848,83512000
2009-10-20,37.40971374511719,37.617447459357734,37.167353342679405,37.617447459357734,89847900
2009-10-21,37.3404655456543,37.92904988329208,37.271222077509236,37.401054818481626,110397400
2009-10-22,37.48759841918945,37.64340028808347,37.03750449814745,37.271207301488474,85871800
2009-10-23,37.33180618286133,37.851143678599534,37.23659353820696,37.851143678599534,117020400
2009-10-26,37.21063232421875,37.87711431671372,37.03751870328975,37.39240014035374,107068600
2009-10-27,36.64801025390625,37.314495482294014,36.509520031245636,37.1586935690674,121438200
2009-10-28,35.82572555541992,36.630701061363446,35.74782459349418,36.51817671594457,143553600
2009-10-29,36.43162536621094,36.51818053212126,35.955565349968346,36.033466320034805,85207600
2009-10-30,35.45352554321289,36.48354953969476,35.41890216645266,36.4056485929177,162796500
2009-11-02,35.600669860839844,35.98151706341463,35.176541790493715,35.48814554799428,142456600
2009-11-03,35.713199615478516,35.765134688399414,35.349664010634555,35.41025327810855,95107000
2009-11-04,35.7737922668457,36.24119471673573,35.730511388378666,35.946902573244074,107970600
2009-11-05,36.65667724609375,36.69995813855295,36.163305449249144,36.18927464509837,135204800
2009-11-06,36.8730583190918,36.91633919959977,36.422967538990775,36.45758762078251,96312300
2009-11-09,37.66071319580078,37.669370690593986,37.1154098910343,37.15868745939987,101620800
2009-11-10,37.75593566894531,37.885771709752454,37.56551365812723,37.61744543295594,72846500
2009-11-11,37.998287200927734,38.20602085555524,37.747272674874836,38.041564770486225,84676200
2009-11-12,37.78190612792969,38.22334273814711,37.69534766386014,38.02426322358884,92426100
2009-11-13,38.093502044677734,38.206026383303644,37.76458982695182,37.89442255441182,87959500
2009-11-16,38.48301315307617,38.64747259082517,38.188720966537254,38.25796774071956,87776100
2009-11-17,38.604190826416016,38.604190826416016,38.30124445094103,38.37914541918715,81884000
2009-11-18,38.38778305053711,38.50896485030513,38.12811436905278,38.482995670850194,100240800
2009-11-19,37.79056167602539,38.154100634393906,37.522235380607384,38.12813144330964,114558000
2009-11-20,37.600128173828125,37.69534081607428,37.46163795834296,37.591473979927194,70912100
2009-11-23,38.20602035522461,38.43106899696865,37.96366332737736,37.98962920839904,91621500
2009-11-24,38.07619857788086,38.21468881952766,37.85114987153742,38.18871962918477,60670000
2009-11-25,38.24065017700195,38.2752735587782,38.0935024553866,38.2060267952257,37630100
2009-11-27,37.66071319580078,37.937696897447445,37.13272157875389,37.19331083483905,61230000
2009-11-30,37.70399475097656,37.75592651321193,37.3144900248769,37.57415874165439,84819400
2009-12-01,38.093502044677734,38.34451660704808,37.980981007919205,37.98963520233625,81817800
2009-12-02,38.145442962646484,38.5089819193558,38.06754199348505,38.22334393180792,81653600
2009-12-03,37.98963928222656,38.517634348789706,37.9809850868801,38.28393145202236,72460400
2009-12-04,38.18870544433594,38.716700326329146,37.79054656022737,38.47434331893551,125062600
2009-12-07,38.00695037841797,38.335865928174066,37.9290494140512,38.16275230715151,67471900
2009-12-08,37.77325439453125,38.084858308994676,37.53089726189005,37.790566089986804,86621400
2009-12-09,38.15408706665039,38.188707139338526,37.49625615757477,37.738613175725405,78820500
2009-12-10,38.34450912475586,38.5522460707698,38.29257736465243,38.318543244704145,76722400
2009-12-11,38.19737243652344,38.595531419636565,38.04157052106745,38.552253843535986,66643700
2009-12-14,38.56089401245117,38.60417157281062,38.249290294877234,38.45702720721526,47965500
2009-12-15,38.34450912475586,38.664767085571725,38.2319848080872,38.439721754101136,61171100
2009-12-16,38.396453857421875,38.69074601230771,38.33586458746311,38.49166651074782,61629700
2009-12-17,37.92905044555664,38.26662019970383,37.877115367277156,38.22334261873815,90440900
2009-12-18,38.54722595214844,38.56456653200535,38.14840253757168,38.287123869049566,96442600
2009-12-21,38.980735778808594,39.12812907376383,38.72930229807064,38.746642880264076,82357400
2009-12-22,39.21482849121094,39.2668502375443,39.04142597747759,39.11078830592207,51569100
2009-12-23,39.500938415527344,39.509607051858275,39.19748322590541,39.292854762432945,73932200
2009-12-24,39.865074157714844,39.865074157714844,39.53560980557823,39.54428174786907,31770400
2009-12-28,40.073150634765625,40.14250962384626,39.830385904542595,39.96043855671123,49381400
2009-12-29,39.90841293334961,40.09915592258493,39.87373509588719,40.08181535016572,32410200
2009-12-30,40.02980041503906,40.10783135045806,39.84772933485358,39.865069910210764,57612700
2009-12-31,39.6656494140625,40.12516298279411,39.6656494140625,40.10782241130177,50079200
2010-01-04,40.246551513671875,40.307245179402756,40.11650216321664,40.16852388782462,62822800
2010-01-05,40.246551513671875,40.31591381314919,40.02113065512357,40.22054230505612,62935600
2010-01-06,40.00381088256836,40.35928458379765,39.943120492654444,40.229235165715636,96033000
2010-01-07,40.02980041503906,40.116503291824934,39.813048184139234,40.06448156575341,77094100
2010-01-08,40.3592643737793,40.3592643737793,39.821719771985265,39.94310049103135,88886600
2010-01-11,40.19451904296875,40.437280391508146,39.986435524666895,40.41127119198616,104673400
2010-01-12,39.691680908203125,40.003804755600314,39.474928603885935,39.95178631928591,90673900
2010-01-13,40.18586730957031,40.307251352244926,39.54428247803226,39.81305316122645,100661000
2010-01-14,40.22053909301758,40.333251166978705,40.07314917946366,40.10782701905645,75209000
2010-01-15,39.752349853515625,40.35925663982235,39.57895074946448,40.289897659677074,126849300
2010-01-19,40.39395523071289,40.437305025449504,39.83906992037861,39.847738556375006,84388200
2010-01-20,39.813053131103516,40.40261953699764,39.38822055788324,40.10783633405058,145680000
2010-01-21,39.44025421142578,40.18587942554119,39.275520328960326,39.92577729900066,204939600
2010-01-22,38.28711700439453,39.43156861073804,38.18307685128426,39.310187880879916,171098700
2010-01-25,38.417171478271484,38.668601584466565,38.252437645128474,38.52121163626176,154218700
2010-01-26,38.451847076416016,38.92003272104683,38.19174504296894,38.37381613564421,140816500
2010-01-27,38.755313873291016,38.88536327548117,38.15707537813181,38.38249963373254,161632700
2010-01-28,37.75823974609375,38.52120856099186,37.55882808112498,38.495199350414936,221439800
2010-01-29,37.09931564331055,38.1657363089384,36.96059433657953,38.07036479042767,212099600
2010-02-01,37.50680923461914,37.52414981212845,37.177348184073225,37.19468876158253,136827100
2010-02-02,37.84495162963867,37.95766044053464,37.30740356241286,37.56750895956358,110727700
2010-02-03,38.05303192138672,38.12239424249013,37.64553655334794,37.66287713362379,93581600
2010-02-04,36.95193099975586,37.85362135717863,36.95193099975586,37.77559039725978,151652500
2010-02-05,37.26405715942383,37.29873832318641,36.518428675417276,37.04730484697438,213618600
2010-02-08,36.99527359008789,37.43745004593567,36.96926437764166,37.20335721178866,94354400
2010-02-09,37.376766204833984,37.72356789171948,37.07331100800943,37.437456582723385,118956000
2010-02-10,37.298728942871094,37.55016235584975,37.06463610741272,37.376759888023884,94102900
2010-02-11,37.86228561401367,37.966329086788214,37.07330746938147,37.30740032205835,93050800
2010-02-12,37.9403190612793,38.04436254089963,37.42011489268742,37.524155064930305,93938500
2010-02-16,38.42582702636719,38.45183623016234,38.01833186090516,38.21774678125422,83861400
2010-02-17,38.642578125,38.642578125,38.37380423295875,38.59922835076774,82691700
2010-02-18,38.885353088378906,38.95471539727783,38.53855146601505,38.61658240983788,65752600
2010-02-19,38.868019104003906,39.05875885484513,38.68594468144212,38.781316210551346,80416500
2010-02-22,38.78997802734375,39.04140808427659,38.63391616724677,39.024067510112886,72055000
2010-02-23,38.28711700439453,38.789983807951714,38.10504590960735,38.76397128914152,95814400
2010-02-24,38.67728042602539,38.833342344536966,38.42584696760368,38.48653734620512,86591000
2010-02-25,38.66859817504883,38.755301055210275,38.00100418837755,38.269774848436285,97961300
2010-02-26,38.80731201171875,38.89401487520373,38.49519162530099,38.65992210485837,66222400
2010-03-01,39.370872497558594,39.44023479442292,38.97204921271776,38.98071784613762,77290100
2010-03-02,39.49225616455078,39.752358182500444,39.405556594359766,39.5095967400643,76368500
2010-03-03,39.53559875488281,39.72634174344321,39.38820885090505,39.58762047195638,65735500
2010-03-04,39.6656494140625,39.71767112853952,39.36219768138613,39.56160929248429,54470900
2010-03-05,40.2639045715332,40.35060747276028,39.8737530918326,39.96045268568218,68136300
2010-03-08,40.3419303894043,40.43730191491505,40.26389944192979,40.28124001996602,58712400
2010-03-09,40.567352294921875,40.79277318184957,40.229219310841884,40.255228522732075,98002800
2010-03-10,40.89680862426758,40.992180133377836,40.57601625420476,40.59335682925904,102578900
2010-03-11,41.05287170410156,41.05287170410156,40.73207932457019,40.8014416268346,67510300
2010-03-12,41.06154251098633,41.208932438160694,40.83611834223238,41.18292322921852,64068300
2010-03-15,40.9575309753418,41.078911778354524,40.67141624762995,40.974868255161766,60150500
2010-03-16,41.217620849609375,41.27831123297684,40.948846789426426,41.08756813817747,74950600
2010-03-17,41.330322265625,41.52973726938797,41.20894152064041,41.27830383627575,75643500
2010-03-18,41.46906280517578,41.51241261538901,41.26964772491359,41.36501929180981,77829400
2010-03-19,41.21821975708008,41.61746891862405,41.07066913856543,41.591428626587295,86337100
2010-03-22,41.59143829345703,41.756348041355885,41.009923507037925,41.053319589308046,71902800
2010-03-23,41.877830505371094,41.92122655873937,41.46122243340366,41.65216904131206,59182600
2010-03-24,41.67821502685547,41.80840321512221,41.582741702248775,41.80840321512221,62995700
2010-03-25,41.61746597290039,42.1816214931746,41.57406990378819,42.02539299564443,76294800
2010-03-26,41.66085433959961,41.94727430241983,41.43519283539263,41.79104583377375,78067900
2010-03-29,41.86048126220703,42.00803185143265,41.74764884820008,41.86916246146541,57993300
2010-03-30,41.99934387207031,42.13821323961937,41.71292725002213,41.99066598512026,49437300
2010-03-31,41.79972839355469,42.05143021127337,41.721614150500876,41.86916474778368,59947400
2010-04-01,41.79972839355469,42.26841385187756,41.478593532514616,41.97331596821956,83728600
2010-04-05,42.19029998779297,42.285773320261605,41.78236968030247,41.89520210148429,56220300
2010-04-06,42.31180953979492,42.44200104735732,41.99935257037122,42.094825901129305,54097100
2010-04-07,42.20766067504883,42.41596312568074,41.98199582413854,42.2510567430215,77211500
2010-04-08,42.303131103515625,42.37256414531801,41.86916383180126,42.08614746765844,68314300
2010-04-09,42.55482864379883,42.57218773158428,42.207656820812076,42.31180803661736,54227300
2010-04-12,42.58955764770508,42.7023900915443,42.476725203865854,42.5721985555061,44280600
2010-04-13,42.80652618408203,42.832563157711554,42.40727713752944,42.54614651506543,59376000
2010-04-14,43.31861114501953,43.32728903329691,42.96275812931403,43.03219447916262,69004800
2010-04-15,43.509552001953125,43.56162594649739,43.2838872059048,43.2838872059048,72254200
2010-04-16,42.98880386352539,43.5008854598135,42.702387139314375,43.3533381526853,127388000
2010-04-19,42.96276092529297,43.10163032312024,42.44200151116761,42.83256941630783,98251700
2010-04-20,43.179744720458984,43.29257714125502,42.902005923813064,43.19710380911281,69543700
2010-04-21,43.42277145385742,43.56164087173362,43.15371381910808,43.47484872715153,74748700
2010-04-22,43.6657829284668,43.70917898834514,42.75444911648592,43.0061508990503,110477200
2010-04-23,43.84804916381836,43.8914452244858,43.474837082445404,43.65710252379298,77205200
2010-04-26,43.7525634765625,43.96086914415593,43.6570901835366,43.89143281798937,67361000
2010-04-27,42.823883056640625,43.76993167686334,42.71105065856628,43.5789850510309,112608000
2010-04-28,42.849918365478516,43.07558315286684,42.511424495302855,43.04954287068706,130082100
2010-04-29,43.59634780883789,43.68314324194036,43.05822936723153,43.09294754047252,84180200
2010-04-30,42.73710632324219,43.648437101145134,42.702388140430536,43.57900073552183,110897000
2010-05-03,43.335975646972656,43.54427810072938,42.90200833892038,42.91936742855141,74169700
2010-05-04,42.03407669067383,42.806538023802034,41.73030087795197,42.806538023802034,141136500
2010-05-05,41.81708908081055,42.09482788652946,41.34840360456948,41.591424231846595,128560200
2010-05-06,40.419700622558594,41.93858566771652,37.00871851341713,41.530655481812545,274356800
2010-05-07,39.412899017333984,40.61932724376993,38.43213226690989,40.11592703840191,288200400
2010-05-10,41.461238861083984,41.487275841239935,41.06198971445558,41.166140945987344,136041600
2010-05-11,41.41781997680664,41.9993342860336,40.96649380755732,41.04460801590636,113016100
2010-05-12,42.1989631652832,42.233681330606096,41.574052744003545,41.64348576374285,85462400
2010-05-13,41.53066635131836,42.34652693665529,41.42651513373126,42.01671088490403,102844300
2010-05-14,40.73217010498047,41.24425163962567,40.254806748153705,41.21821466171568,147386100
2010-05-17,40.86235809326172,41.02726445731987,39.98574238891853,40.810280831024066,120969600
2010-05-18,40.298187255859375,41.29631296186386,40.115921859046644,41.209517550829425,153072100
2010-05-19,39.9770622253418,40.471784600266155,39.53441379878388,40.15064646777286,159000300
2010-05-20,38.492889404296875,39.30006866302859,38.40609728845976,39.195917461842654,189289800
2010-05-21,38.918182373046875,39.61252929767381,37.746472144670626,37.89401941763191,190631100
2010-05-24,38.761959075927734,39.34347697918516,38.74459998663118,38.900828479392416,113038000
2010-05-25,38.79668045043945,38.84875441171102,37.520815424757856,37.911386688834675,155643000
2010-05-26,38.362709045410156,39.55177849132034,38.293272689869994,39.06573393526217,140203200
2010-05-27,39.81216812133789,39.82952721454767,39.135180040698984,39.23065339789852,110671600
2010-05-28,39.57783126831055,39.91632867033249,39.23065928474476,39.881610478703216,128535300
2010-06-01,39.213279724121094,40.14196934462691,39.169883662686736,39.43026334220016,104242700
2010-06-02,40.1419563293457,40.16799329558287,39.16987096258609,39.43892844278661,97249300
2010-06-03,40.523860931396484,40.593297281177456,39.994423663399836,40.254803353263696,98928400
2010-06-04,39.135162353515625,40.176684299025816,39.00497086873673,39.66460286895288,112849900
2010-06-07,38.4234619140625,39.456302809439556,38.38006584988669,39.334792505384314,88436600
2010-06-08,38.35402297973633,38.60572477027582,37.8332636228818,38.49289236229135,133030100
2010-06-09,38.03289794921875,38.97894689620002,37.92006551217288,38.62309380481669,101949200
2010-06-10,39.11782455444336,39.161220636015,38.39744032980947,38.50159158776317,76892300
2010-06-11,39.49101638793945,39.525734559601496,38.718555278447965,38.718555278447965,74346800
2010-06-14,39.48234176635742,40.13329263978386,39.412905417289736,39.855550554420475,68085000
2010-06-15,40.541221618652344,40.59329888304311,39.44762555370641,39.690646165714945,76332600
2010-06-16,40.70614242553711,40.914444918214784,40.35896718986309,40.428403561361264,78399700
2010-06-17,40.836326599121094,40.94915903614283,40.48047350781387,40.93179994499271,77111900
2010-06-18,40.870235443115234,41.16589259815698,40.748494847012594,40.9137137535544,75921400
2010-06-21,40.52240753173828,41.461555080365905,40.28762396176426,41.391987120978875,95488100
2010-06-22,40.2093505859375,40.99197001028532,40.131088311784524,40.69631289872762,94493400
2010-06-23,40.04414367675781,40.40936886798802,39.73109446061284,40.25284425991554,92397600
2010-06-24,39.4354362487793,39.99197001753768,39.30500129010687,39.87022607872034,114145900
2010-06-25,39.44326400756836,39.78306627691107,39.16445171868692,39.65237156237711,88740300
2010-06-28,39.30387496948242,39.68724120262198,39.04248875035517,39.44328117459737,71350000
2010-06-29,37.78783416748047,38.73754009376396,37.52644791662492,38.70268770732815,136384200
2010-06-30,37.21277618408203,38.04921336116435,37.151786180984736,37.66584715259476,101313200
2010-07-01,37.108219146728516,37.43059532421724,36.39376203785859,37.326041517084114,158695000
2010-07-02,37.003658294677734,37.30860822563564,36.67256742413417,37.16920206809703,78565300
2010-07-06,37.116920471191406,37.78781358802936,36.81197056522174,37.55256509326503,88591900
2010-07-07,38.3018798828125,38.34544368654337,37.20405673975069,37.238909112217456,72448400
2010-07-08,38.5109977722168,38.66783015303058,38.05792681916651,38.606840152014755,78264600
2010-07-09,38.87693786621094,38.88565262277906,38.40644404641159,38.49357166985812,47851200
2010-07-12,38.99021530151367,39.23417536160185,38.737540482875744,38.84209764323343,60927500
2010-07-13,39.49552536010742,39.6436428699583,39.0337400072183,39.32997835062326,93310500
2010-07-14,39.69595718383789,39.913779593777,39.417144765012324,39.573973842358775,87687100
2010-07-15,39.730812072753906,39.852795432130534,39.19932810643586,39.61754679603565,95992500
2010-07-16,38.632965087890625,39.75692900673166,38.59811272055338,39.59138192373209,98831900
2010-07-19,38.964073181152344,39.042489380526824,38.423871219369886,38.74625077441282,81800800
2010-07-20,39.43455505371094,39.43455505371094,38.21475194138083,38.336731920243324,89061200
2010-07-21,38.894371032714844,39.87021454993209,38.82466958619538,39.85279168108201,83577000
2010-07-22,39.878902435302734,40.06187234829009,39.41712027670491,39.44325788607335,82890300
2010-07-23,40.131595611572266,40.16644466559506,39.539118485010896,39.608819916762165,81056100
2010-07-26,40.46268081665039,40.48010700447575,40.000898472247606,40.183868458855635,64850900
2010-07-27,40.44526290893555,40.7066524561231,40.26229288486918,40.636947690551445,67655600
2010-07-28,40.12289047241211,40.58467627873645,39.97477281712203,40.401702913657594,51988200
2010-07-29,39.826637268066406,40.43654050655563,39.425844945864014,40.35812432841123,85669500
2010-07-30,39.913753509521484,40.15771338563575,39.268998135028596,39.4955351545953,98958100
2010-08-02,40.6630744934082,40.76763161393806,40.26228216915956,40.41911452624908,68706800
2010-08-03,40.48882293701172,40.68921911726944,40.29713818906713,40.636940552273934,60856600
2010-08-04,40.8983268737793,40.941894006614994,40.514960700246455,40.671793072079346,43820600
2010-08-05,40.8024787902832,40.88089163513495,40.53237791554274,40.69792168307118,39150200
2010-08-06,40.741485595703125,40.81990176447749,40.122870999652456,40.35811950597557,71339200
2010-08-09,41.02031326293945,41.11615232071711,40.76763849788402,40.950608504149336,26927600
2010-08-10,40.6630744934082,40.907037784272596,40.323272160949344,40.6892154353933,86694500
2010-08-11,39.55653381347656,40.009601304732605,39.39098672657073,39.99217844435756,92219700
2010-08-12,39.24287414550781,39.417132684795114,38.728813282648126,38.79851470413993,66000200
2010-08-13,38.964073181152344,39.260311787266346,38.955358423607315,39.094764630972364,46387300
2010-08-16,39.03376007080078,39.30386095099566,38.59811541973447,38.77237394490198,55472900
2010-08-17,39.53040313720703,39.887631694314265,39.234164578359156,39.312580765221995,56927100
2010-08-18,39.687225341796875,39.92247384210721,39.30385926186788,39.45197684148655,61835400
2010-08-19,39.086029052734375,39.60880117649761,38.82464299085276,39.451968874627816,82969500
2010-08-20,39.138301849365234,39.234144174989595,38.807214409195126,39.02503666790362,65806700
2010-08-23,38.75493621826172,39.50424532673401,38.73751003856423,39.38226539255553,69612200
2010-08-24,38.03178405761719,38.44128781999982,37.874951697996494,38.310596402786125,79095800
2010-08-25,38.39772033691406,38.56326411234609,37.700689540746325,37.76167952767943,87247900
2010-08-26,37.93592834472656,38.61553278152454,37.901075982915344,38.528405200700654,91199000
2010-08-27,38.39772033691406,38.4761365092145,37.43930340764655,38.21475037611472,109568800
2010-08-30,37.996925354003906,38.55454995145249,37.98821060008484,38.21474767011381,49373200
2010-08-31,37.86624526977539,38.20604768244425,37.62228524502976,37.796543830007806,72066900
2010-09-01,38.998924255371094,39.12961903565055,38.397735578239526,38.423873204812885,83523100
2010-09-02,39.43455505371094,39.45198123979203,38.972772755530016,39.06861511712345,41816800
2010-09-03,40.088035583496094,40.096750341325816,39.68724313969187,39.870213169640806,64041100
2010-09-07,39.817935943603516,40.105459787311894,39.75694593664398,39.92248976643328,51195200
2010-09-08,40.297122955322266,40.471381449059116,39.92246835708455,39.931183109808764,66879800
2010-09-09,40.4539680480957,40.689216590407796,40.35812568007536,40.654364215908515,61476400
2010-09-10,40.60207748413086,40.66306746537939,40.297127577888176,40.4975237053769,66995700
2010-09-13,41.168418884277344,41.27297266826672,40.89831800829119,40.9157441929069,64523400
2010-09-14,41.342681884765625,41.560504230498104,41.02030574371902,41.116144783928924,91405800
2010-09-15,41.60408401489258,41.64764783603074,41.116160576508186,41.23814392888416,67108200
2010-09-16,41.769615173339844,41.80446754914337,41.4211013864211,41.52565519012617,66885800
2010-09-17,41.911094665527344,42.042092124436934,41.70149406718811,42.042092124436934,76372600
2010-09-20,42.64469528198242,42.73202692846303,42.01589676655797,42.06829442185084,84475000
2010-09-21,42.635955810546875,42.94161987383379,42.45255737257473,42.67088979820493,82272000
2010-09-22,42.52242660522461,42.81062703727217,42.286627160319,42.46129378597006,88315900
2010-09-23,42.50496292114258,42.9328960207542,42.19929880105502,42.242964627997665,85040000
2010-09-24,43.36956787109375,43.39576670514054,42.92417103485049,42.985303868619376,79495900
2010-09-27,43.133750915527344,43.44815012282105,43.09881692994177,43.343351497552554,43859800
2010-09-28,43.11627960205078,43.2647473601674,42.43508360883591,43.238545207859815,104922900
2010-09-29,43.04642868041992,43.256025976713616,42.88922904245517,43.05516051297843,81679200
2010-09-30,42.85429763793945,43.5267620561904,42.57483233834025,43.26476375425229,122458600
2010-10-01,42.80189895629883,43.25603092554338,42.60103346958305,43.212365094777226,77675400
2010-10-04,42.339027404785156,42.836825113691,42.094496132056314,42.67962548651139,71359900
2010-10-05,43.36956787109375,43.456899538909425,42.7931702016374,42.81936903568419,99301300
2010-10-06,42.994014739990234,43.41321253779626,42.71454954145288,43.317145751145055,81831200
2010-10-07,43.151214599609375,43.26474837831293,42.79314960353321,43.238546225388745,75693300
2010-10-08,43.44815444946289,43.55295308516741,42.863025124333376,43.168689199925126,83223900
2010-10-11,43.46562576293945,43.68395821905338,43.33462495667553,43.4743575953289,46880000
2010-10-12,43.762550354003906,43.84988198852286,43.02021813463954,43.39575015975001,88571700
2010-10-13,44.120601654052734,44.32146701612072,43.91100113235856,44.04200187485333,71122900
2010-10-14,44.03328323364258,44.225416839647636,43.81495080190538,44.1468170309627,68464000
2010-10-15,44.96773910522461,44.97647093469711,44.21667517405376,44.5747401492064,104654000
2010-10-18,44.80179977416992,45.16859987272266,44.80179977416992,44.9764663291242,72399400
2010-10-19,44.382625579833984,44.80182353515661,44.03329228465387,44.382625579833984,105739800
2010-10-20,44.70573806762695,45.03760422649249,44.426272880631075,44.504872672691654,80861400
2010-10-21,44.793087005615234,45.15988392875725,44.356422098166824,44.98521729948011,85885400
2010-10-22,45.09873580932617,45.14240161896043,44.72320384979366,44.801803639730416,47406900
2010-10-25,45.317073822021484,45.614006028526724,45.2821398373766,45.2821398373766,51413900
2010-10-26,45.43935012817383,45.54415210676725,44.90661839720186,45.090020193995876,60498300
2010-10-27,45.579078674316406,45.61401266404317,45.11621497064692,45.20354661347521,57483400
2010-10-28,45.67513656616211,45.8061373363265,45.27340575717369,45.7712033534176,61220000
2010-10-29,45.570350646972656,45.841084092723776,45.56161548306741,45.67514929341323,46668700
2010-11-01,45.60527801513672,46.06814169021328,45.395677421212596,45.73627547128693,60555600
2010-11-02,46.09435272216797,46.22535354449913,45.91968940104549,45.98082222973621,48137500
2010-11-03,46.30392074584961,46.32138773195248,45.727523530402806,46.137989375102805,126225800
2010-11-04,46.87160110473633,47.03753587176363,46.72313666212059,46.810468295248874,84201000
2010-11-05,46.87160110473633,46.99387005519949,46.73186849283812,46.89780325986542,77937100
2010-11-08,46.93272399902344,47.01132377924954,46.67945767035188,46.79299142656453,39623500
2010-11-09,46.67949295043945,47.194757825469736,46.469892267592456,47.11615798583834,66828700
2010-11-10,46.91526412963867,46.95892994050377,46.37379741415045,46.74059755469047,83553700
2010-11-11,46.618343353271484,46.705674996360656,45.989544862265795,46.20787730147737,85163600
2010-11-12,45.85855484008789,46.60961914046787,45.50922485417146,46.37381965094233,99164300
2010-11-15,45.68387222290039,46.18166982454101,45.666405231256576,46.094334866321944,56723400
2010-11-16,44.93281555175781,45.63147867376657,44.40881571163482,45.36074525646194,101097000
2010-11-17,45.06380844116211,45.29960784557082,44.84547602946755,44.95900981636542,77836200
2010-11-18,45.78866958618164,46.103068764176385,45.526671381682,45.55287020268558,71488300
2010-11-19,45.8236198425293,45.92841849525026,45.535419383185264,45.727553022747955,54506100
2010-11-22,46.2078857421875,46.2078857421875,45.56162013821409,45.64021996394749,69918900
2010-11-23,45.474273681640625,45.806139874689705,45.212275458281106,45.736271905000144,76818300
2010-11-24,46.39128112792969,46.50481494229588,45.902218539562746,45.919685536502854,53444200
2010-11-26,46.08562088012695,46.40002018847177,45.998285888092674,46.094352713585735,23640300
2010-11-29,46.050682067871094,46.199149873059696,45.50048333580102,46.02448323874503,89269100
2010-11-30,45.49174118041992,46.059406780257554,45.308342755175715,45.570340981451466,118862100
2010-12-01,46.4524040222168,46.68820343327231,46.14673996982352,46.16420696303004,81758800
2010-12-02,46.92399597167969,46.99386393427265,46.46986420928886,46.522265181233585,56844600
2010-12-03,47.0462646484375,47.10739745395647,46.72313362905322,46.72313362905322,38014200
2010-12-06,47.02881622314453,47.11615121657062,46.88035173155421,47.055018386917034,39312000
2010-12-07,47.05500411987305,47.6139345823753,47.002603139705336,47.59646758898606,59067300
2010-12-08,47.229671478271484,47.290804290368186,46.88907009896192,47.177270497265,48066900
2010-12-09,47.273338317871094,47.5440683968651,47.1161387029443,47.51786957154012,51679800
2010-12-10,47.58773422241211,47.64013186940065,47.23840102887677,47.413067625644445,44696200
2010-12-13,47.42180252075195,47.806069724770154,47.395603695564695,47.77113573686151,53110200
2010-12-14,47.50914764404297,47.70127795562516,47.36067982944533,47.544078307928444,69884800
2010-12-15,47.29951858520508,47.77111724495349,47.18598483419443,47.48291695350041,76951900
2010-12-16,47.666343688964844,47.736208342944366,47.21221177788676,47.343209253406705,65519400
2010-12-17,47.70833969116211,47.84834935746401,47.61208241968697,47.725841316711566,36844200
2010-12-20,47.74333572387695,47.91834527672407,47.39330994199623,47.79583725449379,48159600
2010-12-21,48.03211975097656,48.03211975097656,47.79585277221305,47.927113317557556,35775400
2010-12-22,48.023345947265625,48.09334908756912,47.944590328116305,48.014593468419804,35766500
2010-12-23,47.900856018066406,48.0146115812338,47.78709711680513,47.935855932375055,21664800
2010-12-27,47.92710876464844,48.00586441675476,47.43707322508754,47.76084831602132,29263700
2010-12-28,47.83959197998047,48.05835726982072,47.734585575523305,48.02335736039727,24160500
2010-12-29,47.94459915161133,48.040856408074404,47.89209428315149,47.97084991679463,24132700
2010-12-30,47.83086013793945,47.95336821046716,47.73460284149779,47.94461906447002,27553300
2010-12-31,47.65583419799805,47.79584386248867,47.4370688886006,47.76959309355096,38540100
2011-01-03,48.399635314941406,48.732156161614,48.084612754435994,48.10211437869668,90994300
2011-01-04,48.364620208740234,48.609636212131676,48.05834686640825,48.57463297219213,43851500
2011-01-05,48.77590560913086,48.793403893044314,48.189612955237635,48.215863719200904,43787400
2011-01-06,48.93341827392578,48.96842152133158,48.72340546567778,48.828411869801776,46139600
2011-01-07,48.889686584472656,49.04719792639845,48.40840341218601,49.020947148775754,72261700
2011-01-10,49.07343292236328,49.16093770574228,48.63590232928127,48.78466112864427,55551800
2011-01-11,49.1434326171875,49.31844550970185,48.95967058218941,49.27469312109658,56663800
2011-01-12,49.493438720703125,49.493438720703125,49.17841630706746,49.37967988509203,51979300
2011-01-13,49.510963439941406,49.64222061480974,49.36220130271175,49.52846172611571,47364500
2011-01-14,49.87848663330078,49.8959882572521,49.405952800895506,49.52846083046129,43867400
2011-01-18,50.01850509643555,50.07975912200694,49.43221561222536,49.50221878226665,65805600
2011-01-19,49.44971466064453,50.10601066306984,49.28345420841065,50.10601066306984,67767200
2011-01-20,49.09967803955078,49.30969083073029,48.723401505753266,49.2396876797015,92357800
2011-01-21,48.723411560058594,49.43221238726337,48.69716079026747,49.34470425780325,59673300
2011-01-24,49.39719772338867,49.405946865266486,48.7234003036334,48.819657554754585,64103300
2011-01-25,49.46720886230469,49.48471048698011,49.047179884375346,49.152186294334285,55305100
2011-01-26,49.729736328125,49.860993523031674,49.397212092458865,49.53722176988239,60547700
2011-01-27,50.0359992980957,50.184758098666315,49.80848151851371,49.88723715943155,53656100
2011-01-28,48.76716995239258,50.07101286787782,48.53965546400761,50.02725712872043,123359900
2011-01-31,49.0034294128418,49.14343907764046,48.46964152264263,48.83716897904768,70571300
2011-02-01,49.9222412109375,50.03600010255747,49.3184501795889,49.370951715649205,76952900
2011-02-02,49.84347915649414,50.027241185251775,49.7384727597888,49.8172283918411,48661000
2011-02-03,49.930999755859375,50.00100292513868,49.353459422405635,49.74723434305146,45341900
2011-02-04,50.21099853515625,50.24599843640765,49.7909696773057,49.92222681770689,47647800
2011-02-07,50.44729995727539,50.72731938769618,50.22853456862822,50.307290242065,45627100
2011-02-08,50.7797966003418,50.81479984688728,50.36852013675896,50.46477405761906,38099900
2011-02-09,50.69229507446289,50.858555499081156,50.53478379299568,50.70104421761395,62540800
2011-02-10,50.77103805541992,50.84104119745363,50.307256807906896,50.359758329909006,70194700
2011-02-11,51.138580322265625,51.173583574827724,50.55229086327304,50.62229403030334,47853500
2011-02-14,51.2610969543457,51.33110012854293,51.086084011711286,51.13858555783565,48506100
2011-02-15,51.19107437133789,51.25232838131597,50.954807473668225,51.13856950360246,39723800
2011-02-16,51.52360153198242,51.66361118269052,51.304836244120175,51.322337867720364,53061700
2011-02-17,51.5060920715332,51.602349317641625,51.23482195414518,51.26982519601968,38361900
2011-02-18,51.392337799072266,51.60235393100225,51.199823289644215,51.50609667628822,44334300
2011-02-22,49.904754638671875,50.86732425993208,49.82599897273327,50.69231129805799,92598100
2011-02-23,49.493438720703125,50.079727838675765,49.11716231975963,49.90471501575684,97842900
2011-02-24,49.755977630615234,49.90473642415188,49.12593253306386,49.59846635622739,98716100
2011-02-25,50.44729995727539,50.508553999049006,49.983515063438844,50.03601995842834,54094600
2011-02-28,50.55229568481445,50.79731179993031,50.25477468584767,50.64855296949403,51402800
2011-03-01,49.738487243652344,50.7710599032043,49.6159791888062,50.7710599032043,91993900
2011-03-02,50.000999450683594,50.32477117955195,49.694729347442404,49.71223097306959,61552900
2011-03-03,50.989830017089844,51.077334825007235,50.464791155302144,50.464791155302144,64146600
2011-03-04,50.727298736572266,50.98106394714282,50.39477454653286,50.97231480392048,62328400
2011-03-07,50.04474639892578,50.981061570463446,49.58971419642534,50.937309180204316,98470000
2011-03-08,50.24601745605469,50.47353525982071,49.67722962282741,49.98349973778872,62399100
2011-03-09,49.904754638671875,50.11477086053971,49.63348771895691,50.0622659705491,84764200
2011-03-10,49.125938415527344,49.45846262772934,48.9246747270638,49.344703729695595,102894400
2011-03-11,49.432212829589844,49.58097164386243,48.84592004028919,48.84592004028919,81679400
2011-03-14,49.25718688964844,49.51970453481278,48.88091037427878,49.160929640866485,73565800
2011-03-15,48.557132720947266,48.845901093505,47.664570167245316,47.81332892381603,101276500
2011-03-16,47.38456726074219,48.42588892978285,47.05204305642329,48.15461874493142,176507700
2011-03-17,47.82210159301758,48.33838789583851,47.367069314421684,48.13712085842031,94434500
2011-03-18,47.714317321777344,48.389065635181524,47.67926467990608,48.389065635181524,94887200
2011-03-21,48.63442611694336,48.87978791774603,47.75813015087231,48.4416399347105,57423000
2011-03-22,48.54680633544922,48.730827718187875,48.44164839433764,48.704539904312185,36162100
2011-03-23,48.818443298339844,48.95865050722505,48.03854048999069,48.37153386464437,60365100
2011-03-24,49.68597412109375,49.79112868447927,48.914832856392266,49.18648576650842,69502400
2011-03-25,49.808658599853516,50.14165197456359,49.71226551695295,49.84371123778163,74131100
2011-03-28,49.537010192871094,50.036498629137995,49.51072238342668,50.027737140257805,37824000
2011-03-29,50.018985748291016,50.018985748291016,49.27413201657146,49.42310410003718,47994800
2011-03-30,50.255584716796875,50.32569001592573,50.01898768924861,50.26434955059031,44935900
2011-03-31,50.325679779052734,50.3694939106936,50.0803179676207,50.16794623090243,50004300
2011-04-01,50.35196304321289,50.73753538956884,50.20299434052349,50.57980185566026,68031800
2011-04-04,50.18546676635742,50.544747952878225,49.96639279060563,50.4921689952885,48659100
2011-04-05,50.05400466918945,50.378236454051965,49.948850131213696,50.089057296115534,55349400
2011-04-06,50.17671203613281,50.58857226315247,49.887536068186016,50.43960353419896,49532100
2011-04-07,50.14165115356445,50.47464118001874,49.78236997769278,50.159177472241545,60697000
2011-04-08,49.90505599975586,50.44835856342559,49.64216787816108,50.36949179266677,42782200
2011-04-11,49.738555908203125,50.202995027872184,49.56329939506401,50.09783710862426,42451700
2011-04-12,49.39681625366211,49.633416630693745,49.20403336122521,49.51073569655988,50422800
2011-04-13,49.81741714477539,49.94886285783841,49.42308669119303,49.76484153379286,49979800
2011-04-14,49.729793548583984,49.799898826854616,49.27411926823585,49.475666929058434,53544100
2011-04-15,49.642173767089844,49.83495662963333,49.31794181394974,49.53701583173424,68530000
2011-04-18,49.29164123535156,49.309167553371644,48.47668583283615,49.14267254638589,69065000
2011-04-19,49.59834289550781,49.59834289550781,49.16019497825844,49.42308640285072,38608400
2011-04-20,50.720001220703125,50.77257682866714,50.41329568876603,50.47463612659281,67397500
2011-04-21,51.12309646606445,51.237015854624,50.965362956613745,51.21072470784678,43666800
2011-04-25,51.254554748535156,51.280842558959804,51.070530047150704,51.16692314244638,25376800
2011-04-26,51.54373550415039,51.72775687991257,51.27208251411746,51.3860019412673,49400000
2011-04-27,51.89424133300781,51.955581775114645,51.40351445334979,51.640114734106156,56465500
2011-04-28,51.81537628173828,51.90300453255152,51.596302311901674,51.73650951888496,48100000
2011-04-29,51.771549224853516,51.95557051127866,51.68391765312536,51.718970281816624,44831200
2011-05-02,51.6751708984375,51.99939944925313,51.543725174775254,51.85042740624901,48149400
2011-05-03,51.429805755615234,51.701458691130476,51.114342035963375,51.648879733120026,38100000
2011-05-04,51.35094451904297,51.58754484135973,50.92156134887121,51.4561024463864,53097200
2011-05-05,51.07052230834961,51.67516859892523,50.8952658083369,51.09681345759429,72200000
2011-05-06,51.23701858520508,51.87671414415626,51.09681138519938,51.57877342629374,72507000
2011-05-09,51.429805755615234,51.63135341378321,51.123103524229975,51.32465118239795,40022000
2011-05-10,51.86795425415039,51.946821020590704,51.508673060989764,51.57877833907166,38053600
2011-05-11,51.49114227294922,51.973107660927106,51.14062594136927,51.78908299333403,61900000
2011-05-12,51.79784393310547,51.867945857034634,51.03546754280911,51.33340824081505,66100000
2011-05-13,51.18444061279297,51.76279574175321,51.16691429460588,51.675167493621174,63506600
2011-05-16,50.299381256103516,51.10557180356951,50.1854618638561,50.94783828901256,73115300
2011-05-17,50.43959045410156,50.44835194178974,49.93133725529948,50.03649182157449,63136000
2011-05-18,50.86021041870117,50.94783866396516,50.30814311368886,50.36948355393431,42351100
2011-05-19,51.00918197631836,51.12310137581848,50.69371492712016,51.01794680702024,35015800
2011-05-20,50.62360382080078,51.00917273171844,50.5534985591051,50.95659712824954,44703300
2011-05-23,49.87876892089844,50.08031995147772,49.642171932104525,49.9313478866327,43700000
2011-05-24,49.57204818725586,50.01019604349309,49.563286700964376,50.001434557201605,39314800
2011-05-25,49.76483917236328,50.00143943896761,49.484424784418124,49.51071258866199,41369000
2011-05-26,50.0715446472168,50.21175185038129,49.60710891351006,49.61587040123135,40564100
2011-05-27,50.325679779052734,50.378258742704155,50.11536726725101,50.159184741695846,30127200
2011-05-31,51.140628814697266,51.140628814697266,50.53598250955427,50.79887395151395,47590100
2011-06-01,50.027740478515625,51.14063683757645,49.983926345583356,51.01795592824447,51795000
2011-06-02,50.13289260864258,50.308152474584645,49.852478160256844,50.124131119607235,50198100
2011-06-03,49.37928009033203,49.94011235904292,49.30917814599572,49.55453996537893,57773700
2011-06-06,48.97618103027344,49.53700991395548,48.94989322097704,49.26536030374914,50175600
2011-06-07,48.8885383605957,49.300395070325614,48.853485729996564,49.107612287636044,46311100
2011-06-08,48.53803634643555,48.87102977230853,48.3978291159844,48.78339816402403,46426400
2011-06-09,48.62565612792969,48.86225305574231,48.397817344609265,48.55555085835317,45307500
2011-06-10,47.880802154541016,48.49420988537421,47.83698803293933,48.397816812168585,53740600
2011-06-13,47.880802154541016,48.134928739755274,47.71430715533333,47.907089958941384,37736800
2011-06-14,48.49422073364258,48.608140149533554,48.22256777045761,48.24885892354258,40565300
2011-06-15,47.57410430908203,48.32771930360744,47.4777112270655,48.029778569557934,59022400
2011-06-16,47.390098571777344,47.7581413593583,46.98699979224942,47.600407781022284,66316200
2011-06-17,47.24165344238281,47.953042609532204,47.10113183588299,47.777393114131954,70337000
2011-06-20,47.4875602722168,47.62808186349499,47.10990786747559,47.10990786747559,37402900
2011-06-21,48.506351470947266,48.55904833362545,47.45243766948086,47.65443728429781,55892800
2011-06-22,48.155059814453125,48.585405895992224,48.14627532690314,48.30436259979924,36833300
2011-06-23,48.60295486450195,48.62930161752212,47.47878206498536,47.63686928370478,80743300
2011-06-24,47.759830474853516,48.41852617460668,47.66322123617512,48.374613798016384,56298300
2011-06-27,48.523921966552734,48.769833983156026,47.70713893963473,47.812529325279,49968900
2011-06-28,49.24409866333008,49.25288315032951,48.55905609058118,48.629315235075865,47028800
2011-06-29,49.44610595703125,49.542715227164265,49.09480347963019,49.35828117525615,65407300
2011-06-30,50.10477066040039,50.139901891347044,49.59538121286824,49.621727960928936,50347200
2011-07-01,50.860076904296875,50.930339368303905,49.99059733885262,50.13112226686669,53203900
2011-07-05,51.114803314208984,51.16749684284559,50.78984760318088,50.91280363706716,43128800
2011-07-06,51.281646728515625,51.3694748172437,50.88642870498685,51.053300398420674,49282700
2011-07-07,51.984256744384766,52.13356282598252,51.58904205551239,51.668085663346695,54799800
2011-07-08,51.843746185302734,51.85253067154306,51.26409405453609,51.53635617288855,69519500
2011-07-11,50.904014587402344,51.5627104387413,50.72836169031855,51.29923276826578,52080800
2011-07-12,50.51755142211914,51.00059409456721,50.464854578647234,50.8952037579218,84000700
2011-07-13,50.72834014892578,51.23773299912905,50.54390619294139,50.886427354140665,82378100
2011-07-14,50.13992691040039,51.097231654436285,49.94670839407931,50.86010075266957,98774200
2011-07-15,50.80738067626953,50.80738067626953,50.33312243962966,50.70199032927164,68281500
2011-07-18,50.53512954711914,50.75469475716019,50.043302270519476,50.526345062549936,59512200
2011-07-19,51.68566131591797,51.72957704854204,51.01818439381228,51.01818439381228,73904600
2011-07-20,51.46611022949219,51.984284524358685,51.378285440654174,51.97550338559526,57085500
2011-07-21,51.808624267578125,52.09844869124395,51.237753206899626,51.51879649361205,70148800
2011-07-22,52.3443489074707,52.432177008669846,51.747131220514504,51.78226246099416,43620400
2011-07-25,52.23897171020508,52.52879949180317,51.83497239370502,51.93158165423772,48916100
2011-07-26,52.370697021484375,52.54634986690363,52.09843494356956,52.20382531070136,40918900
2011-07-27,51.0181884765625,52.0721024881798,50.886447968747724,52.02819010234164,83969500
2011-07-28,51.10600662231445,51.7559212394784,50.84252899114523,51.04452862005163,61031900
2011-07-29,50.939151763916016,51.47489165472256,50.44732426491477,50.693239689565765,82860500
2011-08-01,50.701995849609375,51.65930026067475,50.08721261630425,51.55390990220215,85421100
2011-08-02,49.41975021362305,50.69322941979113,49.36705334395193,50.46487966818303,90853300
2011-08-03,49.894004821777344,49.95548281907809,48.61174131306282,49.4812211110727,103612300
2011-08-04,47.575401306152344,49.261664329376345,47.575401306152344,49.18262069781428,132830000
2011-08-05,47.27678680419922,48.330697225116324,45.95061094240928,48.05843848484253,214111800
2011-08-08,44.43122100830078,46.65322011038855,44.43122100830078,45.82765603438865,204804500
2011-08-09,46.57417678833008,46.618092515769874,43.851569202043734,45.09869813438275,193707100
2011-08-10,44.668357849121094,46.58296721943569,44.61566097964728,45.52027214563081,205917900
2011-08-11,46.63566207885742,47.15383625085806,45.08992404983694,45.3094893201711,143825300
2011-08-12,47.048439025878906,47.33826674876958,46.44244017387977,46.92548302839789,90483300
2011-08-15,47.74228286743164,47.74228286743164,47.01332440985662,47.24167421476239,73554300
2011-08-16,47.3382682800293,47.73348304177388,46.705919300758325,47.276790279300144,89219200
2011-08-17,47.05723190307617,47.794968019519224,46.56540447514721,47.399753200081946,84416600
2011-08-18,44.747406005859375,45.79253556225567,44.33462219563125,45.78375442493822,130019400
2011-08-19,43.93937301635742,45.37971974205394,43.90424514156577,44.281894085236715,96674600
2011-08-22,44.097469329833984,45.00208013697404,43.96573223385735,44.993295653729696,77107700
2011-08-23,45.91547775268555,45.91547775268555,44.21165285091123,44.39608683171321,75688400
2011-08-24,46.27557373046875,46.363401846051275,45.414878299560264,45.78374968440678,80197700
2011-08-25,45.520267486572266,46.46000645238812,45.362180244631304,46.24922234636694,93623700
2011-08-26,46.661991119384766,46.82007831066546,44.92303536559571,45.370946840691936,91573300
2011-08-29,47.96183395385742,48.01452746989384,47.109919708070294,47.12748533018238,45985800
2011-08-30,48.27802658081055,48.56785107874631,47.52272129785507,47.786199027878794,61617900
2011-08-31,48.3570442199707,48.9542618735636,47.95304167762305,48.56782495047449,60900400
2011-09-01,47.91791915893555,48.86643925308935,47.83009105280114,48.480005636997014,57158400
2011-09-02,46.79374313354492,47.96183182490016,46.53904999997473,47.05722410323086,58185700
2011-09-06,46.80253219604492,46.87279133794516,45.59053100799051,45.704705882665934,52992200
2011-09-07,47.988182067871094,47.99696655432528,47.33827078285861,47.470007926971974,48952200
2011-09-08,47.76860809326172,48.45365049847539,47.61052086893559,47.74226133930714,61422800
2011-09-09,46.7059211730957,47.63687905764248,46.416093429211365,47.434876075377694,63663500
2011-09-12,47.303131103515625,47.33826234246862,46.17017377452671,46.18773939400321,65973000
2011-09-13,47.93549346923828,48.032099378047974,47.250447518413104,47.478797285454924,59020000
2011-09-14,48.62052917480469,49.165050053123004,47.707136936767654,48.18139867770609,90757300
2011-09-15,49.34070587158203,49.428530636131946,48.6468788406177,49.147487369212215,83536100
2011-09-16,49.792964935302734,49.84575953272796,49.353020026299,49.44980844332195,91902100
2011-09-19,49.81055450439453,50.07452073276,48.7722844305127,49.17703287110726,73042900
2011-09-20,49.59058380126953,50.46167272062138,49.47619720097132,50.06572504265026,66570100
2011-09-21,48.72829055786133,50.092118866478586,48.71948978156957,49.84575083451262,79938000
2011-09-22,47.144493103027344,47.91879364477165,46.41418301974216,47.487649558927444,151885500
2011-09-23,47.64604187011719,47.84841615471,46.71335731995944,46.748553723327,85940600
2011-09-26,48.200355529785156,48.288346511571355,46.818929002612954,47.883594708380336,96261400
2011-09-27,48.70191192626953,49.449820467342285,48.376353554269016,49.018672874816666,81148600
2011-09-28,47.98039627075195,49.2474399039118,47.86601299782455,48.91308079443754,76757100
2011-09-29,47.40847396850586,48.77230279227465,46.60777420565988,48.71071076101835,116900200
2011-09-30,46.18541717529297,47.17089281352677,46.159018198808866,46.77494173139745,104870100
2011-10-03,44.99755859375,46.50216917093339,44.97116297690872,45.771862467384636,99149500
2011-10-04,45.92144775390625,46.00943874838949,44.08247792562187,44.540021027395035,137013700
2011-10-05,47.100486755371094,47.23247153108675,45.45509422908056,45.807051393314126,108825700
2011-10-06,47.89241027832031,47.90120770096,46.81894346453436,47.038915952178115,71939200
2011-10-07,47.57564163208008,48.09477675286465,47.267681542001625,47.86600687973683,72525200
2011-10-10,49.221038818359375,49.221038818359375,48.29715511304357,48.38514611520107,48230200
2011-10-11,49.55539321899414,49.6785772538315,49.00986248335158,49.08905269953463,66449100
2011-10-12,49.8017578125,50.356089287088935,49.76656477394095,50.03053102395517,85627600
2011-10-13,50.25932312011719,50.320915160493016,49.65220014076352,49.70499475673471,63443700
2011-10-14,51.19200134277344,51.20079876605753,50.60247328731827,50.87524040032159,65643600
2011-10-17,50.40008544921875,51.11279737830153,50.127321765993585,50.954416949616466,65161300
2011-10-18,51.02482223510742,51.28878856203661,49.85456693181896,50.32090755461098,91434600
2011-10-19,50.03935241699219,50.90164437028007,49.87217449507904,50.74326387309305,67639400
2011-10-20,49.792964935302734,50.08332682985829,49.08905375219942,50.03053558894634,80378300
2011-10-21,50.417686462402344,50.73444733745728,49.9601433491578,50.32089804430074,60455800
2011-10-24,51.464759826660156,51.605542071198855,50.42648951449475,50.60246480278301,61449500
2011-10-25,50.45287322998047,51.3151646938506,50.34728741062218,51.2975664978721,65299200
2011-10-26,50.39128875732422,50.8400310740819,49.45860437007577,50.73444523893536,98193800
2011-10-27,51.7815055847168,52.08946898221937,51.059996325958224,51.59672956012288,104455500
2011-10-28,51.86071014404297,51.92230216928956,51.47355979156245,51.49115799256342,42950000
2011-10-31,50.9896240234375,51.59674688951828,50.95442761935674,51.41197080286506,60520200
2011-11-01,49.66096496582031,50.95440367767925,49.37940057849911,49.73135774090674,99933000
2011-11-02,50.08332824707031,50.294503286233585,49.60819028285136,50.180116666832085,65003800
2011-11-03,51.121612548828125,51.192005366690175,49.89856586884643,50.4792931901512,78994200
2011-11-04,50.85762405395508,51.077596479237336,50.34728977268692,50.8752222507592,61527800
2011-11-07,51.21839141845703,51.25358782080713,50.30330509643642,50.82244028330256,65559000
2011-11-08,51.80792236328125,51.89591001765848,51.007222624998555,51.58794987082431,62906900
2011-11-09,49.986534118652344,50.88402199843641,49.82815370713088,50.80483179267568,69539000
2011-11-10,49.960140228271484,50.52326914585263,49.47620152450726,50.47927532851281,66052400
2011-11-11,50.90163040161133,51.05121343302292,50.32970396895529,50.39129599467958,54471000
2011-11-14,50.58485794067383,51.04239760933231,50.40007856145146,50.76083318715201,44617600
2011-11-15,51.14799118041992,51.350365416470936,50.38248469510305,50.435279287491,52203900
2011-11-16,50.30330276489258,51.1743952218575,50.206517697686266,50.778444105055264,68342800
2011-11-17,49.12424087524414,50.188906548448486,48.8162774831807,50.171308352629495,101706900
2011-11-18,48.74589920043945,49.1858441269542,48.65790820122846,49.1330495274276,60417000
2011-11-21,47.8132209777832,48.15637752813469,47.320481387539566,48.0859880761078,52283700
2011-11-22,47.971595764160156,48.11237800806948,47.399666010239734,47.69003127634152,51940100
2011-11-23,46.88932418823242,47.663624728509696,46.86292521408887,47.61083349324843,48437300
2011-11-25,46.528568267822266,47.22367857975298,46.51976749117659,46.68694868231606,25448100
2011-11-28,48.14757537841797,48.20916740158737,47.63723763614175,47.6636332584962,46710700
2011-11-29,47.84840393066406,48.481922246863554,47.70762170967386,48.121167595794084,52056700
2011-11-30,49.61698532104492,49.66097913977428,48.98346359049993,49.150644800789976,66918600
2011-12-01,49.960140228271484,50.092125036804056,49.58178735742545,49.608186333039825,45362200
2011-12-02,49.819366455078125,50.45288827314571,49.775372630270915,50.45288827314571,36938900
2011-12-05,50.364898681640625,50.699254422494796,50.083330829400644,50.567272953161904,40492200
2011-12-06,50.22412109375,50.54967944279386,50.05693985129769,50.40889718186836,38670000
2011-12-07,50.22412109375,50.45289100906123,49.58179846198145,50.083335476310644,44576200
2011-12-08,49.37941360473633,50.2857023622347,49.28262519171594,49.89854871015313,51692600
2011-12-09,50.17130661010742,50.32088623460479,49.48499377956649,49.50258861826174,55757900
2011-12-12,49.608184814453125,50.162512937689556,49.18583813919598,49.6433778533398,55411700
2011-12-13,49.06263732910156,50.136103599442244,48.860263145703456,49.93372941604413,68557700
2011-12-14,48.29713821411133,48.913061587651136,48.024374594145556,48.87786519910318,63682800
2011-12-15,48.165157318115234,48.76347914740644,48.094764540250154,48.71068792052002,58732900
2011-12-16,48.41315460205078,49.075018720672155,48.33373077315962,48.42197797574314,60978900
2011-12-19,47.936614990234375,48.713203219804164,47.80424081066143,48.598479155268635,46733900
2011-12-20,49.35740661621094,49.419180322300654,48.686715855216164,48.71319270526497,81758800
2011-12-21,48.65141677856445,49.10148281187767,48.08662671071479,49.06618259103348,78552300
2011-12-22,49.06620788574219,49.0926847482319,48.68673873207831,48.75733921016279,40334100
2011-12-23,49.489768981933594,49.489768981933594,49.04852640556006,49.16324705159932,26594600
2011-12-27,49.67438507080078,49.83336826270289,49.40057413321628,49.45357077675614,21443500
2011-12-28,49.100276947021484,49.69205776297604,48.967786994819406,49.61256446552668,38180100
2011-12-29,49.453556060791016,49.488883776613,49.0207586907338,49.1797452046848,28077900
2011-12-30,49.31224060058594,49.568382573371096,49.303406143624805,49.34756832035617,21832400
2012-01-03,50.25734329223633,50.5134853565479,50.12485334534192,50.26617438299494,39514100
2012-01-04,50.46930694580078,50.539969126599765,49.95701961244107,50.17783387340055,29403400
2012-01-05,50.88443374633789,50.92859592024208,50.1689943994016,50.363312007809505,41260600
2012-01-06,51.06108474731445,51.17590572320116,50.69894953787355,50.89326377287449,46325200
2012-01-09,50.89327621459961,51.21124932879049,50.725458568491604,51.1935837814067,39195500
2012-01-10,51.264259338378906,51.582232535483044,50.91095503729442,51.432077028246304,35949900
2012-01-11,51.370243072509766,51.48506746188883,51.06110437344204,51.255418683130706,37144100
2012-01-12,51.57337188720703,51.64403405928734,51.105246789927286,51.485047541464446,26188300
2012-01-13,51.387916564941406,51.40558211752699,50.9462878583808,51.29959217137314,35980400
2012-01-17,51.85601806640625,52.07683231813105,51.661703816051926,51.838352521945296,41790800
2012-01-18,52.54496383666992,52.54496383666992,51.8295244070786,51.953179856039455,48692700
2012-01-19,52.87177276611328,52.96893159029204,52.686289575967606,52.783445030787774,47774500
2012-01-20,52.79228210449219,52.81877874172327,52.606798905157106,52.64212663167896,41041700
2012-01-23,52.809940338134766,53.18090668542525,52.50079834603441,52.801105880708825,40958300
2012-01-24,52.71278762817383,52.85410863913307,52.47430779042538,52.5714666172146,38440200
2012-01-25,53.37520980834961,53.50769967885973,52.84525706502387,53.225054397147645,61591800
2012-01-26,53.18973922729492,53.70202655072649,52.933593880900055,53.60486773868994,37852700
2012-01-27,53.3487434387207,53.44589891359148,53.048435815354736,53.07493245674138,45532300
2012-01-30,53.39289093017578,53.47238420180813,52.69511703133159,52.89826575453464,42797800
2012-01-31,53.46355056762695,53.75502702455423,53.11908084170083,53.657868205578474,51449600
2012-02-01,53.89634323120117,54.090660851872215,53.57837016805149,53.77268778872254,46146700
2012-02-02,54.06418228149414,54.24083442764226,53.852202401603954,54.07301674194924,46373600
2012-02-03,54.80609893798828,54.867926661555344,54.4792947749398,54.56761913164753,36453800
2012-02-06,54.761932373046875,54.77959791684501,54.46162486719456,54.60294584822165,28541300
2012-02-07,54.87677001953125,54.98275993864312,54.47046915244467,54.717783456184065,37935700
2012-02-08,55.168251037597656,55.168251037597656,54.68246018864796,54.885608966595676,41171100
2012-02-09,55.565704345703125,55.627532073509926,55.04458251893257,55.3802211622827,46856400
2012-02-10,55.177085876464844,55.32723800362102,54.98276818780694,55.16825141642079,58090500
2012-02-13,55.68937683105469,55.76003903836143,55.336075902599475,55.59221798068767,36810200
2012-02-14,55.830684661865234,55.83951912036732,55.37139053115925,55.56570818590066,51648200
2012-02-15,55.442039489746094,56.40478970581898,55.35371177259938,56.09564774984232,105709100
2012-02-16,56.20164108276367,56.26346880016701,55.31838412630691,55.45970510456568,83642300
2012-02-17,56.02499771118164,56.25464307297774,55.77768680319224,56.21048089217369,76112300
2012-02-21,56.183990478515625,56.43130141388844,55.83068625424692,56.08683164837379,38141300
2012-02-22,55.92784118652344,56.245814292332525,55.84834791007116,56.077996650648195,43174700
2012-02-23,56.298805236816406,56.36063296009487,55.72468681282125,55.998497708310325,54250000
2012-02-24,56.49312973022461,56.59028856136823,56.35180871293174,56.45779863356169,41364900
2012-02-27,56.57261657714844,56.75809974844233,55.93667042487423,56.183981319932755,42678500
2012-02-28,57.1467399597168,57.1467399597168,56.554959234211765,56.62562142974851,43717500
2012-02-29,56.89058303833008,57.37637031464825,56.70509314988754,57.19088716492142,59784400
2012-03-01,57.341064453125,57.394064475444836,56.934766888505806,57.10258793820107,67558900
2012-03-02,57.2968864440918,57.48236961330635,57.11140327487724,57.26155535394859,33358200
2012-03-05,56.70509338378906,57.33221174713438,56.519613602655,57.26154957398058,45788800
2012-03-06,56.14866638183594,56.281156324792896,55.84835876457815,56.14866638183594,54638600
2012-03-07,56.581451416015625,56.7139413375315,56.32530940076821,56.41363376887302,42741800
2012-03-08,57.190914154052734,57.35873520911876,56.79345103688664,56.91710652839248,43711100
2012-03-09,57.42936706542969,57.53536033116533,57.25271836125306,57.28804944983161,43117200
2012-03-12,57.455875396728516,57.5088686648138,57.164398944826054,57.41170984751298,32687300
2012-03-13,58.52462387084961,58.52462387084961,57.6501943922876,57.76502214089425,61559100
2012-03-14,58.727779388427734,58.948593726205104,58.36564737860663,58.586461716384,59926900
2012-03-15,58.89559555053711,59.019251030325954,58.604119031584176,58.904430010155814,65531200
2012-03-16,58.8539924621582,58.98670727152236,58.71243494895054,58.98670727152236,53023100
2012-03-19,59.26984786987305,59.41141217819159,58.79207845453459,58.951334926314075,60966200
2012-03-20,59.37599563598633,59.43792830677462,58.80090269286367,58.96015909634141,47290600
2012-03-21,59.38483428955078,59.712189739834066,59.305202727215914,59.38483428955078,39648100
2012-03-22,59.260986328125,59.40254384129415,58.9955567094689,59.030947775300085,56953900
2012-03-23,59.22560119628906,59.34946656403087,58.889389412284494,59.33176765426417,45541700
2012-03-26,60.26076889038086,60.26076889038086,59.57065986449951,59.62374309721138,40855300
2012-03-27,60.349246978759766,60.596977747156515,60.2784648306015,60.30501319877873,37278200
2012-03-28,60.1103515625,60.614662437024194,59.756447654903674,60.38462388456324,44421900
2012-03-29,59.880313873291016,60.101502974957995,59.45562782802191,59.80953174072022,53975300
2012-03-30,59.765323638916016,60.18115365851279,59.52643552642913,60.14576932718597,39480900
2012-04-02,60.384620666503906,60.464245497637975,59.59718805789818,59.703361249565496,40031600
2012-04-03,60.366939544677734,60.65006135738985,60.030727751349524,60.43771493523841,45539900
2012-04-04,59.54413986206055,59.95112721094959,59.19908522386855,59.91573612624283,54088100
2012-04-05,59.91569519042969,59.96877840614253,59.39368548535315,59.437925998550256,42979900
2012-04-09,59.4644889831543,59.70337704004861,59.06635122187314,59.17251769146437,36908200
2012-04-10,58.50893783569336,59.667973300562984,58.32313980319264,59.43793474835255,69254200
2012-04-11,58.79207229614258,59.18136735308268,58.64166529692737,59.022110897985094,62950000
2012-04-12,59.4644889831543,59.52642167380152,58.81862045928424,58.90709476732927,57407400
2012-04-13,58.562042236328125,59.45564155323622,58.53550061802592,59.26100076896763,55227500
2012-04-16,57.907310485839844,58.88939074527714,57.7215124300215,58.85399967509892,57588000
2012-04-17,59.08405303955078,59.269851141857515,58.06658145535455,58.1550625280171,47362400
2012-04-18,58.933624267578125,59.278678723118155,58.75667568786988,58.91592535951392,42536100
2012-04-19,58.27006912231445,59.4290980865098,58.05772943234396,58.72129686988915,81110900
2012-04-20,58.11079025268555,58.845139553685215,58.022315978504075,58.58855943345083,59906900
2012-04-23,57.5799674987793,57.668441818506075,57.05795753712285,57.56226858473919,70514400
2012-04-24,57.270294189453125,57.712672462428436,57.022556686455275,57.47378441493399,49661500
2012-04-25,58.79207229614258,58.827463369515044,58.367392915987054,58.4558672243397,57526900
2012-04-26,59.13711929321289,59.26983411392027,58.70359051238123,58.78322210486813,41799500
2012-04-27,59.49102783203125,59.67682589532648,59.075191178398576,59.384861367380665,46003800
2012-04-30,59.06637191772461,59.42911873285666,59.02213137312245,59.314102767114186,37787700
2012-05-01,59.163673400878906,59.83608352413408,58.91593589476944,59.00441695060124,37643800
2012-05-02,59.331764221191406,59.37600474289202,58.73012957690476,58.87169384622204,38299300
2012-05-03,58.7036018371582,59.411409850706534,58.55319482808037,59.3671693185507,51297600
2012-05-04,57.243743896484375,58.70359349820505,57.23490119143532,58.16389148332555,107554000
2012-05-07,57.29682540893555,57.571097728361636,56.88098882776985,56.898680985409534,50267800
2012-05-08,57.08449172973633,57.2791392579009,56.164347449045884,56.93408473075717,72659700
2012-05-09,56.90755081176758,57.226063764551334,56.19089666800412,56.420935300605265,85715300
2012-05-10,56.79251480102539,57.181803022292556,56.580171782515016,57.16411086457132,49448900
2012-05-11,56.78367614746094,57.38531087674844,56.54479147185457,56.59787808034879,47099900
2012-05-14,56.25282287597656,56.695201149458306,56.164345196233185,56.297060028309055,46360000
2012-05-15,56.0670051574707,56.863283793498006,55.969681425549304,56.403213492723516,66908600
2012-05-16,55.68657302856445,56.42976862535052,55.57155711334484,56.26166610497539,52825900
2012-05-17,54.509857177734375,55.79275498186385,54.501007721282605,55.704277292739796,62253900
2012-05-18,53.80204391479492,54.81951186351436,53.757803389786,54.677950958689124,79496500
2012-05-21,55.30611801147461,55.35920460755823,53.83742260393725,53.90820473204875,61473000
2012-05-22,55.24419021606445,55.695417884933484,54.84605252304558,55.4653793233318,62954800
2012-05-23,55.35035705566406,55.48306847972392,54.29749486603712,54.77526409283871,56951100
2012-05-24,54.987606048583984,55.48306742242321,54.58061558068786,55.429984203841855,83131200
2012-05-25,54.91682815551758,55.13801725019103,54.75757173734648,55.040693508522274,32078900
2012-05-29,55.615779876708984,55.872360005970975,55.102619618185,55.42998186934437,44216700
2012-05-30,55.14687728881836,55.341521434437794,54.571784182253914,55.11148621685905,56431800
2012-05-31,54.907989501953125,55.217652926340534,54.49215286770872,55.076092021609405,55260100
2012-06-01,53.44813537597656,54.253263585866534,53.43043984250802,53.91705520012013,71430800
2012-06-04,53.85513687133789,53.93476510562596,53.120790599640266,53.59856000536863,74119500
2012-06-05,54.07630920410156,54.182482400157134,53.642780466313454,53.66932207778847,47916900
2012-06-06,55.314979553222656,55.35921670542084,54.43022300894541,54.48330961663026,58781800
2012-06-07,55.09379959106445,55.8989280454191,55.04956243150014,55.8989280454191,38414800
2012-06-08,55.62464141845703,55.69542356003235,54.81951312096826,55.005311179986066,39730800
2012-06-11,54.686790466308594,56.07585764694971,54.651399402770295,56.04931266175719,51008900
2012-06-12,55.35035705566406,55.37689866546052,54.57177054255156,54.94336658001222,48802600
2012-06-13,54.96991729736328,55.606939624452366,54.784115884179315,55.19110640227372,50840100
2012-06-14,55.17341232299805,55.394601433738046,54.67794749991238,54.96106929165334,65170600
2012-06-15,55.858909606933594,55.938720850846224,55.30023089954517,55.32683351990413,41536100
2012-06-18,56.38211441040039,56.52400068662931,55.53966316530059,55.628340819380284,32191200
2012-06-19,56.9673957824707,57.20683290519382,56.62154817468996,56.66589038724513,36476500
2012-06-20,57.011741638183594,57.2600418067472,56.58608275657336,57.09154950707668,51389700
2012-06-21,55.592857360839844,57.02945604512523,55.5307823387484,56.96738102303379,42492700
2012-06-22,56.178131103515625,56.2490759095419,55.62832238815014,55.779078409538705,29504200
2012-06-25,55.09626007080078,55.73474652902746,54.93663761053532,55.717013707073676,33136400
2012-06-26,55.44211196899414,55.60173444181787,55.03418937526037,55.28248949617042,30611100
2012-06-27,55.77909851074219,56.0273986556454,55.59287001922902,55.654945055454824,35705800
2012-06-28,55.15834426879883,55.397777999014075,54.57306294477346,55.36230558353721,49793400
2012-06-29,56.89644241333008,56.89644241333008,56.05398796104287,56.222480204634294,44761300
2012-07-02,57.0649299621582,57.09153257723386,56.63927120677222,56.97625232334928,33425600
2012-07-03,57.54381561279297,57.54381561279297,57.01174284522427,57.100420512207,15895100
2012-07-05,57.57928466796875,57.8630572451341,57.18023180702969,57.49060700616806,37016200
2012-07-06,56.8609733581543,57.36644335305825,56.44418100406905,57.31323135603078,40684100
2012-07-09,56.754573822021484,56.985141172561725,56.470801223538274,56.79891603908891,35628300
2012-07-10,56.19587326049805,57.2068165565021,55.97417579242288,57.064926929412486,47365700
2012-07-11,55.885501861572266,56.27568821341963,55.42437069147894,56.12493554889967,43432000
2012-07-12,55.3623046875,55.59286861869649,54.856834615060734,55.44211592961334,57680400
2012-07-13,56.204734802246094,56.328884824888256,55.47756748434109,55.51303650307141,32357200
2012-07-16,56.045127868652344,56.32890039393481,55.823430371848204,56.080600280021486,27621400
2012-07-17,56.33777618408203,56.52400468335439,55.53966709242468,56.399851222894185,42467800
2012-07-18,57.10041809082031,57.26891038691308,56.21362792725339,56.231364136465054,44489700
2012-07-19,57.73003387451172,57.916258982720315,57.39305607380161,57.499466555251374,53017800
2012-07-20,56.9673957824707,57.73003583185175,56.940793161206294,57.71230300623273,40573100
2012-07-23,56.27568817138672,56.47078303858225,55.43323706093845,55.85889920442599,48657800
2012-07-24,55.83230209350586,56.45305582016464,55.46871829947989,56.37324457841086,57269700
2012-07-25,55.4598503112793,55.82343409497377,55.11400273445231,55.397775278660895,46264400
2012-07-26,56.19587326049805,56.51511815577986,55.841159341278725,56.2579482809323,41928200
2012-07-27,57.526065826416016,57.63247628915551,56.43531122364389,56.60380347720852,42621000
2012-07-30,57.48172378540039,57.916248962710526,57.28662891560023,57.66794886139045,37821300
2012-07-31,57.46398162841797,57.80095931608595,57.41076963987201,57.570392074171416,34588300
2012-08-01,57.29550552368164,57.88965323188508,57.06493821688959,57.87192040782621,30920200
2012-08-02,57.09153366088867,57.659078678842555,56.67474469117356,56.860973148743234,40534900
2012-08-03,58.17341995239258,58.4217200583845,57.809839587381674,58.01379748915913,42117400
2012-08-06,58.61680603027344,58.87397589118839,58.35077314239791,58.47492317654038,23523600
2012-08-07,59.10454559326172,59.34397587885518,58.77643090902576,58.86510854199854,28223300
2012-08-08,59.077945709228516,59.202095754259844,58.856248233719704,58.95379566419719,20723500
2012-08-09,59.25529861450195,59.33511322064277,58.96265633476856,59.06907355439973,20726200
2012-08-10,59.2907829284668,59.30851575246508,58.89173011462986,59.04248279846416,20312000
2012-08-13,59.43266677856445,59.441536573542585,58.97153892476987,59.273044297314165,19890300
2012-08-14,59.45927429199219,59.77851924444438,59.29078202106713,59.654362415672075,24218700
2012-08-15,59.61003494262695,59.698712604458535,59.4060702313096,59.41494002719433,29100400
2012-08-16,60.31944274902344,60.45246257994166,59.76076757797047,59.83171238988281,35699900
2012-08-17,60.58549499511719,60.594364789866,60.310592248943685,60.45247513656931,22584800
2012-08-20,60.6741828918457,60.68305268809238,60.30173263755156,60.54116301083431,26924000
2012-08-21,60.43473434448242,61.08208719670029,60.19529727753157,60.83378710184028,41391000
2012-08-22,60.68303680419922,60.79831706254244,60.13322459724682,60.30171685346958,44555700
2012-08-23,60.18644332885742,60.60322897057666,60.0268208487009,60.408140842093076,28800400
2012-08-24,60.55890655517578,60.700789476020404,59.94701912199721,60.04456659005967,38384800
2012-08-27,60.656436920166016,60.89586724156182,60.52341706798136,60.81605938965346,20671400
2012-08-28,60.656436920166016,60.82492241830723,60.399267010121214,60.60322491988972,27337900
2012-08-29,60.656436920166016,60.80718959532895,60.399267010121214,60.656436920166016,26672400
2012-08-30,60.04456329345703,60.4170135516074,59.94701583075018,60.390410928264124,24425400
2012-08-31,60.4436149597168,60.70077812852776,59.831727640925344,60.47908060904348,42128000
2012-09-04,60.38154220581055,60.61210955500667,59.7873943883363,60.328336958177744,32017200
2012-09-05,60.31944274902344,60.6120850239096,60.1598203050555,60.35491515497961,26129300
2012-09-06,61.658512115478516,61.676251705548246,60.67417460241747,60.69191419248721,43100000
2012-09-07,61.56984329223633,61.67626055090287,61.39248796013101,61.51663804573918,32958600
2012-09-10,60.78059768676758,61.54323775694463,60.73625547300327,61.41021788132362,25490000
2012-09-11,60.68303680419922,61.0288843448993,60.58548936803556,60.78945403428787,29810100
2012-09-12,60.86040496826172,61.0200274643396,60.487954732637284,60.904747181600186,42203400
2012-09-13,61.685096740722656,61.951136388792,60.851518923732684,60.913593939526294,45417800
2012-09-14,62.234901428222656,62.45659885326396,61.889053986411696,61.906786803520866,38880300
2012-09-17,62.26150131225586,62.28810391958977,62.03980389691568,62.27037110325656,31798400
2012-09-18,62.31473922729492,62.3413486142606,62.09304169561643,62.10191149127166,27169800
2012-09-19,62.430030822753906,62.58965332782016,62.128518639552205,62.30588073722151,36484600
2012-09-20,62.367942810058594,62.43001783991578,61.960020218758416,62.12850571941601,42520200
2012-09-21,62.38572692871094,62.73256078324757,62.32347487238295,62.67920381638509,23678500
2012-09-24,62.021095275878906,62.12781598145836,61.736513512631454,61.869912698364665,32341600
2012-09-25,61.149574279785156,62.3234750488402,61.122895796278385,62.18118075685036,41299600
2012-09-26,60.651546478271484,61.10510101864889,60.34028621917515,61.06952744832862,32770400
2012-09-27,61.4875373840332,61.62983173234651,60.69604373020236,60.80276449143734,25339500
2012-09-28,60.98060989379883,61.46973810859994,60.927252919444605,61.28298191339394,30112600
2012-10-01,60.891658782958984,61.656473486990706,60.696007563095435,61.274066134974845,37715300
2012-10-02,61.069541931152344,61.34523547027474,60.58930879538722,61.15847248556076,33254300
2012-10-03,61.46083450317383,61.576443526580384,60.99838483961706,61.238504760877575,38236000
2012-10-04,61.674278259277344,61.84325105955223,61.363017931112786,61.558669218806585,26128600
2012-10-05,61.345218658447266,62.07445986069194,61.18514099039528,61.98552254569065,25207900
2012-10-08,60.784976959228516,61.11402756534309,60.64268938967104,60.9895233976172,30911500
2012-10-09,59.815608978271484,60.77606852054834,59.6733146549909,60.624885890787795,67974000
2012-10-10,59.5131950378418,59.96674939279821,59.40648115547229,59.79777669909715,45134300
2012-10-11,59.326473236083984,60.00235761643527,59.29089965975329,59.957888949780425,30469400
2012-10-12,59.299800872802734,59.637739705387716,59.18419182651575,59.317584270321255,24891200
2012-10-15,59.73556137084961,59.81560361676213,59.16639769867721,59.522126690026504,22220100
2012-10-16,60.5804443359375,60.65158473648768,59.806733959596244,59.82451736349152,33960600
2012-10-17,60.54483413696289,60.740485386362884,60.18910520941425,60.269140656006094,33439400
2012-10-18,59.84230422973633,60.54486738155,59.61997437605993,60.34921602471978,61707600
2012-10-19,58.410457611083984,59.82447121133698,58.339310480451886,59.77111425584481,75362600
2012-10-22,58.71284484863281,58.86403425440118,58.250401895307185,58.383801119236274,38621500
2012-10-23,58.15258026123047,58.650596827619545,57.97471914036776,58.232622515095485,52591200
2012-10-24,57.94804763793945,58.57946351359325,57.85911028181745,58.48163784983317,39872400
2012-10-25,57.94804763793945,58.4460642643779,57.77907480326884,58.348238600617826,52688700
2012-10-26,58.11697769165039,58.35709754850818,57.49445729417364,57.94801174660011,54213100
2012-10-31,57.76127624511719,58.15257884343517,57.56563173092487,58.045858102539356,38524500
2012-11-01,58.5794563293457,58.69506537917117,57.95692883767743,58.125901651625036,26945000
2012-11-02,57.9569091796875,58.88180161948401,57.90355221862995,58.84622805045747,44083000
2012-11-05,58.339324951171875,58.45494076336781,57.8413084831448,57.965812600151565,28094700
2012-11-06,58.44605255126953,58.84624343374609,58.214827684633626,58.43715746044645,29608400
2012-11-07,57.06761169433594,57.894678825484306,56.827498494632835,57.82353166076965,70737800
2012-11-08,56.16938018798828,57.3610676199786,56.16938018798828,57.227668431311315,58585800
2012-11-09,56.40949249267578,57.01422955597831,56.1693760064396,56.20494957310023,51542100
2012-11-12,56.400611877441406,56.80080612386018,56.2494292690626,56.73855406247091,32663700
2012-11-13,56.00929641723633,56.54288972129646,55.83143198254962,55.96483115668513,43288300
2012-11-14,55.35121154785156,56.347247796892496,55.26227761959993,56.28499574335759,82655300
2012-11-15,55.16445541381836,55.573544724165984,54.959912454885895,55.38678515950357,55124200
2012-11-16,55.404579162597656,55.56465687173943,54.524155154800994,55.20893126780014,70873100
2012-11-19,56.720767974853516,56.765236641380206,55.9915266245907,56.009313412704785,55306400
2012-11-20,56.738563537597656,56.8186024002476,56.196078289912876,56.70298995586802,52012700
2012-11-21,56.854156494140625,56.93419193687343,56.56067963419108,56.80079613983644,19611700
2012-11-23,57.7168083190918,57.734591714896936,57.13874957341811,57.174323149994365,16462900
2012-11-26,57.965816497802734,58.00139007433459,57.39665284322508,57.57451394091836,26430900
2012-11-27,57.770179748535156,58.161482403831975,57.672354084710946,57.956935983572,25828600
2012-11-28,58.2681770324707,58.31264569579895,57.13874490456678,57.49447385629646,37295800
2012-11-29,58.61501693725586,58.81955650205865,58.321540046922806,58.57944336403682,41136100
2012-11-30,58.51716232299805,58.66834484557271,58.348189630142855,58.62387620483335,33497400
2012-12-03,58.401573181152344,59.02410051034184,58.37489469853774,58.97073676014756,28240000
2012-12-04,58.36600112915039,58.49050524123727,57.98359370346491,58.42825318519383,49584500
2012-12-05,57.7168083190918,58.285971974379926,57.40554800525703,58.27707688399437,54076200
2012-12-06,58.09031295776367,58.23260724511436,57.38775018014107,57.538932771727374,47512300
2012-12-07,57.74348831176758,58.4371561106869,57.54783702797676,58.37490404629583,30089400
2012-12-10,57.91245651245117,58.21482171979166,57.58340603537569,57.58340603537569,33219600
2012-12-11,58.66838455200195,58.997428290305045,58.268186869382134,58.312655540217634,40750800
2012-12-12,58.54386901855469,58.97963341105031,58.383791333663304,58.97963341105031,45917700
2012-12-13,58.08142852783203,58.83735519442348,57.83242026423469,58.42826243569493,45467700
2012-12-14,57.5300407409668,57.87687456271149,57.3343895010155,57.6901184113847,39630300
2012-12-17,58.29487991333008,58.31266331305479,57.503386318714576,57.583421794927006,42302900
2012-12-18,59.1841926574707,59.27312321624518,58.42826594547086,58.58834366525161,55596000
2012-12-19,58.926273345947266,59.37093280449056,58.890699775068015,59.35314262656849,34832500
2012-12-20,58.926273345947266,59.05967254050323,58.63279647491712,59.03298727362013,40754300
2012-12-21,58.30653762817383,58.37808103294448,57.769975737903195,58.02037083184585,51152900
2012-12-24,58.190277099609375,58.25287586490541,58.056134938902524,58.15450540190397,11418300
2012-12-26,57.68054962158203,58.288654913758506,57.49275330200975,58.23500077181059,21751300
2012-12-27,57.59113311767578,57.80575654303012,56.875712602820414,57.73421312699345,52933200
2012-12-28,57.03667449951172,57.617952739795655,57.00984742765712,57.15293082984399,33082100
2012-12-31,58.24394989013672,58.35126501762563,56.857831979540144,56.974084917252874,57544000
2013-01-02,60.095069885253906,60.12190377378376,59.451199838355684,59.67476781683171,70695900
2013-01-03,59.78211975097656,60.22031139851912,59.60326796664521,60.095113784935535,47366500
2013-01-04,59.58536148071289,59.80892955791875,59.4422814591344,59.80892955791875,33972500
2013-01-07,59.60322952270508,59.701599987466075,59.24551936200635,59.433315661253566,26766200
2013-01-08,59.48697280883789,59.755257148631905,59.17397896091432,59.59428790930633,28734900
2013-01-09,59.71055603027344,59.871525310609336,59.51382186342371,59.576420648956784,25600300
2013-01-10,60.068260192871094,60.157686045575275,59.513815812452066,60.12192116269778,37528000
2013-01-11,60.14876174926758,60.175588828830286,59.91624902179618,60.04144660825999,21158600
2013-01-14,59.880455017089844,60.05036888807737,59.621115306597275,59.84468331673698,36768500
2013-01-15,59.58536148071289,59.67479416980025,59.317083881719626,59.5853614807129,31675300
2013-01-16,59.82682418823242,60.03250301695713,59.55853974243155,59.665854885303276,33822300
2013-01-17,60.11297607421875,60.345488747688535,59.969889252774216,60.06825973682854,32024200
2013-01-18,59.97883224487305,60.04143102185467,59.71054787337751,59.93411590870546,31992000
2013-01-22,60.077213287353516,60.121929631381896,59.674793482122865,60.041441576682054,32123100
2013-01-23,60.44386291503906,60.62272147293304,60.32760996947525,60.417035837044054,31975700
2013-01-24,59.6121826171875,60.166626963378775,59.52274994724909,59.6121826171875,42596300
2013-01-25,59.9162483215332,60.086162253786846,59.683735596779265,59.79999537053457,39240100
2013-01-28,60.050384521484375,60.256063323616594,59.853643529701564,59.92518694903277,32926100
2013-01-29,60.059322357177734,60.19345772479753,59.58535237481863,59.97883431385063,35554700
2013-01-30,59.934112548828125,60.345483714794675,59.799977193354906,60.16662520290605,34445000
2013-01-31,59.79999542236328,60.22924233623539,59.746334441061755,59.90730373945296,34870500
2013-02-01,60.5064582824707,60.613766576281385,59.978834154465765,60.220284638295006,53120800
2013-02-04,59.45122528076172,60.327608310697784,59.43333601408603,60.15769439105957,48483700
2013-02-05,60.32759094238281,60.51538725187398,59.56746107365547,59.710541052087414,35120300
2013-02-06,60.13086700439453,60.40809605439187,59.95201527509494,60.13086700439453,43593200
2013-02-07,60.184547424316406,60.247146232069746,59.52278080205733,60.20242987392093,46017900
2013-02-08,60.80156707763672,60.92676464416103,60.479628528643985,60.48857316132592,39837200
2013-02-11,60.81944274902344,60.864152256928556,60.613757179846644,60.83732518763466,17650400
2013-02-12,60.56904602050781,60.85521278976388,60.506447252944106,60.73895306232132,22057900
2013-02-13,60.783687591552734,61.01620029330263,60.60482904299282,60.747915881840754,23494700
2013-02-14,60.76578140258789,60.855214063339645,60.47067681947103,60.50644851922092,24478800
2013-02-15,60.586936950683594,60.90887546406481,60.41702306230047,60.756850839066715,25333600
2013-02-19,61.025115966796875,61.04300522654154,60.68529508193709,60.70317751892823,23436500
2013-02-20,60.086158752441406,61.03408521871006,60.077214118960676,61.00725814102416,38200300
2013-02-21,59.4422721862793,59.92517997644222,59.22764877601418,59.86258119750009,45855600
2013-02-22,60.04142379760742,60.05036842831571,59.54957144996412,59.78208408910042,21968000
2013-02-25,59.2991828918457,60.640591089895636,59.24552874720528,60.42596768857902,40927600
2013-02-26,59.52276611328125,59.63008125270062,58.98620406169769,59.37968608347874,42088800
2013-02-27,60.13086700439453,60.49752191904166,59.442280341559375,59.52276157291735,36339500
2013-02-28,60.005638122558594,60.5779715450208,59.996693493933456,60.1397802609253,28557300
2013-03-01,60.25606155395508,60.36337667980014,59.50487614130701,59.79998762031409,31617200
2013-03-04,60.52433395385742,60.53327858492621,59.97882744548716,60.05931547959732,19380500
2013-03-05,61.418601989746094,61.499083195815956,60.882040147685046,60.882040147685046,35581900
2013-03-06,61.26659393310547,61.624304198679745,61.186105882542236,61.60641493288532,29071100
2013-03-07,61.42753601074219,61.52590646078458,61.21290585278452,61.33810336688342,21775900
2013-03-08,61.49908447265625,61.72265248005289,61.257634026679696,61.63322664164507,26159900
2013-03-11,61.67794418334961,61.69582662228067,61.23080815977625,61.418604470946555,23187900
2013-03-12,61.454383850097656,61.642180184732524,61.159272400204955,61.49909336438875,27575400
2013-03-13,61.373905181884766,61.60641788907858,61.1592817413438,61.534874467979535,34297300
2013-03-14,61.57959747314453,61.71373969652685,61.44545524976221,61.58854210743853,31530800
2013-03-15,61.40836715698242,61.65934171991381,61.25598388216497,61.62348723398876,30752600
2013-03-18,61.273929595947266,61.52490422052897,60.709236690638434,60.843682497703185,36163000
2013-03-19,61.157413482666016,61.57868844944999,60.61064435300924,61.462166459302885,33125100
2013-03-20,61.58761978149414,61.722072365769634,61.30079079302626,61.58761978149414,28035400
2013-03-21,60.88849639892578,61.17532549032028,60.74507843395605,61.02294903144867,30050800
2013-03-22,61.4800910949707,61.52491092790891,61.06777461841537,61.13948361569796,28837200
2013-03-25,61.25598907470703,61.81172339583781,60.960201508203994,61.67727077185759,24909800
2013-03-26,61.58761978149414,61.60555043995354,61.354569091319455,61.48902167559495,19725200
2013-03-27,61.66831588745117,61.71312887237075,61.076727042735335,61.166359851119424,22539500
2013-03-28,61.82067108154297,61.90133852977856,61.52487676092732,61.668294675847356,23662800
2013-04-01,61.399436950683594,61.928275533887245,61.229129754747845,61.86553185726057,28112800
2013-04-02,61.88343811035156,62.08959289282649,61.641421997043416,61.6952071547481,29431900
2013-04-03,61.31871795654297,62.008897819957085,61.16633472249336,61.91926504839633,35131200
2013-04-04,61.336631774902344,61.48900814556586,61.00498305180438,61.29181197715848,32287400
2013-04-05,60.825740814208984,60.91537360545565,60.22519359045837,60.3686046887443,55610800
2013-04-08,61.148433685302734,61.166357510875805,60.67337366435258,60.852639274261996,17891600
2013-04-09,61.56075668334961,61.81173129964749,61.031911451683015,61.30978206705173,30931400
2013-04-10,62.7618522644043,62.89630490733483,61.74002311980506,61.7758776138229,55271300
2013-04-11,62.734981536865234,62.87839955507693,62.53778518109791,62.609494190203755,37233600
2013-04-12,62.69016647338867,62.734979473695425,62.2151062711439,62.58260296326735,32783700
2013-04-15,61.45319366455078,62.555697124197025,61.381491515459224,62.4570989758325,48795800
2013-04-16,62.268863677978516,62.34057266062423,61.67727482896886,61.80276212932637,27682600
2013-04-17,61.049842834472656,61.748988370523605,60.69130473331831,61.73106454281135,60204800
2013-04-18,60.207279205322266,61.247039012790964,59.94733925345509,61.21118451889079,56798200
2013-04-19,61.03190231323242,61.15739644113623,60.234158757214146,60.3237983969375,43062800
2013-04-22,61.65934371948242,61.88342913487295,61.022941960398626,61.24702737578915,34412100
2013-04-23,62.25092315673828,62.47500856311753,61.68623039453837,62.008913926808,53078300
2013-04-24,62.224063873291016,62.44814938724428,61.955165359675405,62.098576532560955,44500700
2013-04-25,62.55567932128906,62.788730045512004,62.37640690321622,62.38537223375574,26437100
2013-04-26,62.35849380493164,62.5377594152906,62.089588550848504,62.403313626793725,24079800
2013-04-29,62.932151794433594,63.17416789016397,62.52880075294252,62.555689910569306,31664000
2013-04-30,63.389312744140625,63.39827807969887,62.779799858579764,63.01285071326262,30135800
2013-05-01,63.09347915649414,63.505795435792905,62.967991890557265,63.40719732133634,28537200
2013-05-02,63.891239166259766,64.02569179714304,63.14727386877787,63.20105902425811,31744200
2013-05-03,64.64420318603516,64.84139272949857,64.45597214099162,64.50975048570452,34061700
2013-05-06,64.89514923095703,64.99374737838538,64.70691826910621,64.76069659005061,19244300
2013-05-07,64.85928344726562,65.04751437635063,64.61726736805333,65.0026945576686,25838100
2013-05-08,65.1729736328125,65.22675192126663,64.7158376653287,64.82340108077821,24252100
2013-05-09,65.08338165283203,65.52258724033672,64.9578943421164,65.04752715854964,29337200
2013-05-10,65.47776794433594,65.5046571028213,65.10129920990637,65.21782801473607,20663700
2013-05-13,65.55844116210938,65.71978296569843,65.30746654286985,65.37021019767973,29730100
2013-05-14,65.89904022216797,66.09623649466546,65.54946749857498,65.57636349454296,36009800
2013-05-15,66.03349304199219,66.09623668901273,65.6122113383351,65.77355312189431,27214400
2013-05-16,65.96180725097656,66.41894360485213,65.9259595874013,66.08730142767814,27253400
2013-05-17,66.59822082519531,66.62510999405184,66.08730610127863,66.30242629067841,31114500
2013-05-20,66.4996109008789,66.71473105228098,66.23070558271657,66.47272173677193,25132400
2013-05-21,66.5712890625,66.81330512931754,66.23068170901084,66.4637324448423,25900000
2013-05-22,65.98871612548828,67.18084607044365,65.64810170817385,66.65200744773728,59843200
2013-05-23,65.83629608154297,66.06038150978314,65.28056859617588,65.4060558889068,48222100
2013-05-24,65.80045318603516,65.81837701263004,65.21782966279834,65.39709528292732,26430300
2013-05-28,66.23069763183594,66.81332119221383,66.02454283940016,66.5713050672121,27057100
2013-05-29,65.91696166992188,66.15001239924791,65.5404998415408,65.97073997724955,32090300
2013-05-30,66.26657104492188,66.58028940898546,65.92596351230249,65.94388734515721,32390500
2013-05-31,65.65703582763672,66.51752312161241,65.58532684350247,66.01557390976288,38347600
2013-06-03,65.77356719970703,65.7914978675762,64.92204511666671,65.66601054667647,47613100
2013-06-04,65.43294525146484,66.16794518485732,65.16404000131496,65.90800526665765,35251900
2013-06-05,64.58141326904297,65.4687895142548,64.52762812428767,65.2178149672085,48654200
2013-06-06,64.89514923095703,64.90411456396289,64.06155106359172,64.67106377562814,62524100
2013-06-07,65.78250885009766,65.85421781866485,65.00268920365255,65.16403096365694,31969800
2013-06-10,65.80941009521484,66.11416984834888,65.66599897027434,65.90800823547484,25390000
2013-06-11,65.15508270263672,65.73769935773707,64.93099726958437,65.15508270263672,40278900
2013-06-12,64.40215301513672,65.5584346868946,64.3035548760961,65.53154552870986,42081900
2013-06-13,65.21781158447266,65.3612226731134,64.1332391546812,64.31250472511793,28221500
2013-06-14,64.78759002685547,65.28953929158904,64.6889918729191,65.21783713844556,27690700
2013-06-17,65.4150390625,65.79150104337117,65.07442474200533,65.29851023136385,32441900
2013-06-18,65.95281982421875,66.07830710732843,65.48671833963078,65.50464900210018,24853100
2013-06-19,65.21781158447266,66.04244415015064,65.1461026208807,65.97073518655868,43145100
2013-06-20,63.66712188720703,64.67999193991119,63.45200188850392,64.46486510266662,60908400
2013-06-21,63.32905197143555,63.81460849416555,62.79853384356882,63.64376262685931,51558900
2013-06-24,62.69963073730469,63.18518040045101,62.17810630186275,62.80752761348041,41492300
2013-06-25,63.158226013183594,63.40999461688637,62.77157941173148,63.30209770683086,28897400
2013-06-26,63.7247200012207,63.841610621425836,63.472944506640694,63.69773891023726,23742300
2013-06-27,63.99444580078125,64.39907969560468,63.958477886118395,64.05738793639668,23545000
2013-06-28,64.0843734741211,64.46203321468354,63.65277214230613,63.79663696618463,28301100
2013-07-01,64.47998809814453,65.01050614687007,64.41704597644932,64.51595600485277,24942800
2013-07-02,64.50701141357422,64.90265182833548,64.15633263146563,64.45306294253658,23067900
2013-07-03,64.76775360107422,65.07347751541145,64.21925478256375,64.27321009696433,18847500
2013-07-05,65.26232147216797,65.28929570651427,64.61491240713022,65.13643713843082,28795900
2013-07-08,65.32525634765625,65.63097344970005,65.08247454527474,65.60399921836454,20558500
2013-07-09,65.72091674804688,65.86478852098088,65.32528309284577,65.63100032005497,26108600
2013-07-10,66.09854125976562,66.19745133554616,65.62197827292123,65.65793933667776,25598900
2013-07-11,67.41133880615234,67.46528726132175,66.76392990339967,66.80889152282748,47768900
2013-07-12,67.70809173583984,67.75304651016327,67.27648336920497,67.45631618686318,31412600
2013-07-15,67.86090850830078,67.90586325492795,67.59115258782568,67.77997898808704,19783600
2013-07-16,67.77101135253906,67.96882464205412,67.600165430497,67.91487618674819,31747100
2013-07-17,67.94184112548828,68.10369332945783,67.75301469755364,67.97780904416807,24631500
2013-07-18,67.77101135253906,68.10370264049891,67.66310758174723,67.93286357863683,36278800
2013-07-19,67.06963348388672,67.20451145488363,66.87182023462697,67.18653092683405,37732400
2013-07-22,67.26746368408203,67.42032906623837,67.06065670968519,67.32141899668176,21135900
2013-07-23,66.77290344238281,67.40232476328706,66.7189481433211,67.39333107008045,24739500
2013-07-24,66.98871612548828,67.4562853537914,66.83585761432948,67.42931112949033,24426900
2013-07-25,67.41133880615234,67.49226148890645,66.95275635667254,67.30343503563358,23162200
2013-07-26,67.77101135253906,67.7799981883034,67.03368606924484,67.14158297985668,20885600
2013-07-29,67.6451416015625,67.92388449417837,67.46530194488982,67.63614790368351,20958400
2013-07-30,68.00476837158203,68.29250479781223,67.7529998561528,67.88787780661204,24104600
2013-07-31,68.13065338134766,68.52629354434796,68.00476912224349,68.13964707419156,25007600
2013-08-01,68.82308959960938,68.92199973511607,68.52635919308929,68.59829508440038,16880000
2013-08-02,69.2096939086914,69.2276744403775,68.6791756115222,68.83204100166381,18105300
2013-08-05,69.25465393066406,69.30860925018234,69.03885323313244,69.17373124165739,15462800
2013-08-06,68.8410415649414,69.22768824500287,68.56229867705338,69.16474608128036,23675400
2013-08-07,68.71514892578125,68.850026934638,68.22060537354719,68.64321307303358,20281200
2013-08-08,69.05687713623047,69.21872945999445,68.60728811023986,69.09283822134769,19994000
2013-08-09,68.778076171875,69.1827101107269,68.58025604979349,68.93992837537995,18558500
2013-08-12,68.93995666503906,69.06584100162438,68.50835518536992,68.51734202356756,20515900
2013-08-13,69.32659912109375,69.47945768326022,68.5353252167778,69.02986883440724,23917000
2013-08-14,69.06581115722656,69.39850925168486,68.9669010983384,69.29959919279668,29921000
2013-08-15,67.89688873291016,68.3284900517155,67.69906860338301,68.29252213178519,39406600
2013-08-16,67.86994934082031,68.22062816489536,67.75305182600677,67.90591041902762,23825000
2013-08-19,67.7530288696289,68.45438628014202,67.7350483366175,67.87891318125021,29586900
2013-08-20,68.04974365234375,68.36445435988352,67.82494930978979,67.87889775674549,18842800
2013-08-21,67.81596374511719,68.41841100894116,67.56419514890297,67.83395113637805,30705100
2013-08-22,68.48137664794922,68.52633141665856,68.07674256847669,68.11271049955302,17269500
2013-08-23,68.93995666503906,69.02987306828831,68.6971816902479,68.96693089999566,20697300
2013-08-26,68.97590637207031,69.48843728135907,68.83204153692296,68.99389376407625,27525500
2013-08-27,67.5641860961914,68.49933137124685,67.40233389742836,68.15764644504881,40068900
2013-08-28,67.82493591308594,68.11267234031449,67.48325104955752,67.48325104955752,20490400
2013-08-29,68.30152130126953,68.6432062777252,67.70806772530126,67.80697779799262,27287900
2013-08-30,67.86090850830078,68.37343926906105,67.61812680783758,68.37343926906105,26228500
2013-09-03,68.24758911132812,68.7331458947504,67.92388458904661,68.41842821017899,27241500
2013-09-04,68.97590637207031,69.0927969793888,68.2745490077994,68.48136285478749,27142900
2013-09-05,69.09275817871094,69.29057821860553,68.9938550189398,69.02082923162067,17809700
2013-09-06,69.17371368408203,69.5423728296185,68.38244008718569,69.32657218686109,27715100
2013-09-09,69.98295593261719,70.09984648694429,69.44345104007972,69.47042525568006,25161900
2013-09-10,70.32466888427734,70.4235789544806,70.06390659557599,70.38761103257218,27619400
2013-09-11,70.18981170654297,70.23477333730652,69.76719707401963,69.85712033554674,28132900
2013-09-12,70.14483642578125,70.360637097947,70.00096473755096,70.20777857433708,18332700
2013-09-13,70.18981170654297,70.26174757169197,69.81215870478319,70.21678594092842,16932500
2013-09-16,70.0009765625,70.78326356399614,69.83912431598979,70.78326356399614,25704300
2013-09-17,70.46854400634766,70.55846038541117,70.11786532587398,70.1538263893554,27174300
2013-09-18,71.3137435913086,71.45761524033882,70.43255375162077,70.5764185404732,31714700
2013-09-19,71.484619140625,71.6554650797409,71.35873482554402,71.53856760132238,26435700
2013-09-20,71.23928833007812,71.73532361361077,71.20321241120503,71.6541510759518,26328900
2013-09-23,71.094970703125,71.61806105234211,70.76127371191217,71.5368885384683,30319400
2013-09-24,71.094970703125,71.47375741913355,70.86048073954906,71.24828815282713,21871300
2013-09-25,70.85148620605469,71.24831446314155,70.70718940033669,71.14910739886983,22746400
2013-09-26,71.40160369873047,71.57296253840266,71.11300332078432,71.14005853109556,22421700
2013-09-27,71.31145477294922,71.43771707447556,70.87855053858794,70.98677831737311,25151600
2013-09-30,71.14009094238281,71.32948438162452,70.34644126163958,70.57191062465766,28031900
2013-10-01,71.86161804199219,71.89769397700658,71.11305787220098,71.14913380721536,33129700
2013-10-02,71.83452606201172,71.93373311235395,71.30241489374181,71.37456672685934,25503800
2013-10-03,70.99579620361328,71.89767368205192,70.61700931405605,71.74435616210432,42998200
2013-10-04,71.60904693603516,71.70825397278931,70.93263907495316,70.99577020008975,22852700
2013-10-07,71.01380157470703,71.56394716118396,70.95067045236262,70.97772566468504,20227100
2013-10-08,69.64300537109375,71.0769877817292,69.61595013780352,71.01385661045812,43660700
2013-10-09,69.42654418945312,69.84140708075712,68.85835686899604,69.8053311492376,64526700
2013-10-10,70.89656829833984,71.05890647198866,70.1570292585568,70.17506377528353,48062700
2013-10-11,71.45577239990234,71.50988285944771,70.7072122658814,70.7162329693992,25214100
2013-10-14,71.96078491210938,71.96078491210938,70.95970063767274,71.01381106955239,31471900
2013-10-15,71.68122100830078,72.24940131088674,71.59102776087363,71.90669036531122,38684000
2013-10-16,72.492919921875,72.52899585202194,71.96081543396292,72.01492588879327,46735900
2013-10-17,72.90776062011719,72.93482272008066,72.10509034065151,72.16822147901023,32193500
2013-10-18,74.08922576904297,74.11628098865148,73.3677211358515,73.57515595414694,39628200
2013-10-21,74.25157165527344,74.4409650929204,74.01708159309105,74.26058547555746,31176900
2013-10-22,74.35979461669922,74.76564360648932,73.8908213600469,74.54017423908783,43944800
2013-10-23,73.90884399414062,74.13431332527685,73.54809856894502,73.99903723121746,38021300
2013-10-24,74.23350524902344,74.38682959233229,73.84569780329213,73.95392553725547,23155100
2013-10-25,74.76566314697266,75.10837419791218,74.40491068868951,74.92800140916103,35824500
2013-10-28,74.78369140625,74.90093990181494,74.45000108694737,74.77467758411443,28618400
2013-10-29,74.9099349975586,75.0903146068815,74.58525858155589,75.03619728369536,36878100
2013-10-30,74.83777618408203,75.2977286209785,74.47702391298061,75.1714663582096,33535500
2013-10-31,74.6664047241211,75.12636396428108,74.38682502950233,74.64836332917892,31309900
2013-11-01,74.68446350097656,75.00913990765206,74.31469735384957,74.91895354597072,30867800
2013-11-04,74.79267883300781,74.91894109453273,74.5311336110556,74.90992039563031,16834000
2013-11-05,74.87385559082031,75.05423519174776,74.28764080994618,74.50408945028092,27975600
2013-11-06,74.8558349609375,75.21658734895334,74.61233105547501,75.18953212398856,25576800
2013-11-07,73.44890594482422,74.97307424386125,73.3857747949325,74.86485334734932,52173200
2013-11-08,74.44096374511719,74.45899826613754,73.51203109504824,73.71945905028645,31470500
2013-11-11,74.32371520996094,74.53114314581214,74.08020447388405,74.33272902923929,24822900
2013-11-12,74.44096374511719,74.54919151357542,74.06217687668148,74.09825279950088,20108500
2013-11-13,75.34286499023438,75.35188569398548,73.95397248614238,73.95397248614238,31345900
2013-11-14,75.57733154296875,75.63144198703172,74.98208913516113,75.14442734812879,31101200
2013-11-15,75.7216567993164,75.7216567993164,75.40600095574003,75.59539446188586,20511300
2013-11-18,74.98211669921875,75.8569392306488,74.83781983507984,75.70362166225708,31679600
2013-11-19,74.76566314697266,75.29776769033515,74.63940081869067,74.937015232052,25545300
2013-11-20,74.58525848388672,75.24363201569075,74.3688098337612,74.96405222257953,32177400
2013-11-21,75.34286499023438,75.40599615493034,74.83781567266671,74.90094683736267,28125000
2013-11-22,75.74868774414062,75.7757429676608,75.41499747968614,75.46910792672651,25361300
2013-11-25,75.92908477783203,76.10043685967365,75.7396912889877,76.01927117050353,21695100
2013-11-26,76.32588195800781,76.51527538649574,75.78475689364534,75.94709510103193,26621000
2013-11-27,76.85794830322266,76.87598281316188,76.4160305615794,76.47916166752844,21638100
2013-11-29,77.31794738769531,77.41714756478201,77.08345735267154,77.16462301050012,16708900
2013-12-02,77.09249114990234,77.52538849342233,76.97524267208213,77.40814689638134,26354600
2013-12-03,77.02935791015625,77.23678587473638,76.7317366940762,77.03837173068301,37147000
2013-12-04,77.10148620605469,77.35401074177958,76.46115416738728,76.70466488453452,37193200
2013-12-05,77.0022964477539,77.25482792096689,76.81290300342847,77.16463466871556,39829300
2013-12-06,77.56147003173828,77.72380826750101,77.19169692997549,77.6516564114332,36842900
2013-12-09,77.87710571289062,78.0394439067787,77.74182273785424,77.87710571289062,22590000
2013-12-10,77.822998046875,77.96729484614916,77.66968054740302,77.75084620684883,26965900
2013-12-11,76.82192993164062,77.92222164281213,76.71370214863404,77.81399385980555,36830600
2013-12-12,76.62349700927734,77.03835975472437,76.56938657141232,76.84896634141886,33662600
2013-12-13,76.5243148803711,77.02035032497652,76.3980525637043,76.98427439438883,34072000
2013-12-16,76.94817352294922,77.39009148804621,76.84896646618365,76.90307690413653,24902500
2013-12-17,76.79486083984375,77.13757176964786,76.65055715522408,76.94817834416834,24454900
2013-12-18,77.68772888183594,77.7598807346925,75.80280817121901,76.88505844094995,68387200
2013-12-19,77.47123718261719,77.57044420500834,77.1285195122566,77.56142350821581,44964100
2013-12-20,78.26018524169922,78.42303908246939,77.56353691890311,77.61781923161521,40475400
2013-12-23,79.08353424072266,79.08353424072266,78.66734667427771,78.90258162430386,28181800
2013-12-24,79.11974334716797,79.17403260089935,78.95688939125132,79.10165153101667,13852500
2013-12-26,79.38206481933594,79.44539648616019,79.1106463483608,79.26445083884344,15241100
2013-12-27,79.18303680419922,79.52684326872908,79.08352150948498,79.48160339624818,15827400
2013-12-30,79.0654525756836,79.17402416894484,78.83926693336784,79.0654525756836,18983700
2013-12-31,79.58113098144531,79.58113098144531,79.18304216509506,79.21019023200284,24890500
2014-01-02,78.95685577392578,79.23733057464419,78.73067020382413,79.21018941065371,29177500
2014-01-03,78.3868637084961,79.0292298426118,78.36877190164341,78.95684880993068,35723700
2014-01-06,78.09735107421875,78.49543987474591,77.80783382909962,78.40496702989036,32073100
2014-01-07,78.82115936279297,78.93877338833643,78.31449893149326,78.45926102690365,25860600
2014-01-08,78.9930648803711,79.21020804865982,78.66735703057543,78.83926031314465,27197400
2014-01-09,78.73067474365234,79.29161747479884,78.4592561854611,79.28256811873494,23674700
2014-01-10,78.98401641845703,79.07448928037799,78.33260076840706,78.92068472484867,38008900
2014-01-13,77.81687927246094,79.1468514231492,77.51831268707474,78.87542599959171,48842300
2014-01-14,79.30067443847656,79.36400613172712,78.07927355285183,78.07927355285183,37178900
2014-01-15,79.95210266113281,80.10590723998631,79.56306308350236,79.64448660078787,39835600
2014-01-16,79.96114349365234,80.07876444197211,79.76210593233776,79.8887693361915,31630100
2014-01-17,79.50875091552734,79.95207961285165,79.31875586066091,79.71684468188732,36895800
2014-01-21,80.11493682861328,80.1511204478304,79.44542252828047,80.0154146191756,26412700
2014-01-22,80.3230209350586,80.52206534707989,80.08778600243016,80.3230209350586,29376900
2014-01-23,80.05158996582031,80.08777357817817,79.49064733738427,80.07873112640618,35011900
2014-01-24,78.47734832763672,79.78017950091356,78.45020716196616,79.66256548212905,63974600
2014-01-27,77.71736145019531,78.6130543541159,77.12927760115498,78.4773416347011,63519300
2014-01-28,77.672119140625,77.75354953077473,77.1835575076329,77.35546074034366,44378800
2014-01-29,76.83975219726562,77.57259114062002,76.68594768615283,77.00260606274826,51939300
2014-01-30,78.26018524169922,78.53161061052745,77.69924270068336,77.78067307238537,65833600
2014-01-31,78.05211639404297,78.4230640560598,77.31022797264538,77.39165837027866,45187000
2014-02-03,76.26073455810547,78.26021435077419,76.06169013394756,77.9073653816348,65596900
2014-02-04,76.82167053222656,77.12927959505896,76.41453236345707,76.64976728968149,37675500
2014-02-05,76.62259674072266,76.8940151798437,75.7630877602564,76.56830753079191,41721800
2014-02-06,77.59974670410156,77.69926891273707,76.83071710316591,76.84881581526483,32308600
2014-02-07,78.98401641845703,79.03829875508222,77.80784850557383,78.03403411169468,38359400
2014-02-10,79.43638610839844,79.47256973036389,78.90258449881168,78.95686683439662,30205400
2014-02-11,80.34109497070312,80.49489945906694,79.51777641069583,79.60824923310784,38635500
2014-02-12,80.49491119384766,80.67585686505046,80.25062694482547,80.50396054819826,32507200
2014-02-13,81.092041015625,81.15537269360908,79.88873913392763,79.9068309407937,40454500
2014-02-14,81.25492095947266,81.43587359937003,80.82064842899379,81.06492586455848,33212400
2014-02-18,81.65299224853516,81.80679678228759,81.19157174464193,81.39061615426787,29546600
2014-02-19,81.092041015625,81.68917418173358,80.9291871432895,81.49917914778136,41749900
2014-02-20,81.4720687866211,81.62587336235167,80.80255433466836,81.14636091881647,41814800
2014-02-21,81.36347961425781,81.85204131038917,81.2639574037883,81.73442038748719,31192200
2014-02-24,81.79773712158203,82.16867779569414,81.46298005739374,81.55345288747222,31500400
2014-02-25,81.70728302001953,82.07823071313048,81.44490689864179,81.915376806849,26771700
2014-02-26,81.63489532470703,82.18678174049542,81.30918756620652,81.92441256530354,42953700
2014-02-27,82.16455078125,82.24631226372598,81.5195181158806,81.64670726503577,28742400
2014-02-28,82.07369232177734,82.63696348321625,81.34689820161492,82.14637381318013,48609800
2014-03-03,81.46503448486328,81.68307905022984,80.73824006084904,81.30150452648408,38885700
2014-03-04,82.50068664550781,82.65513654611159,82.27356218547169,82.35533059535469,33189000
2014-03-05,82.72779846191406,82.87316142113922,82.46433329678402,82.63695007804205,27203300
2014-03-06,82.65514373779297,82.98219661191591,82.35533776095046,82.91860203482408,24063900
2014-03-07,82.2463150024414,83.00036993417679,81.82840679397444,82.91860151768923,31167800
2014-03-10,82.31901550292969,82.36444318160885,81.79208492793018,82.20091324217074,18131700
2014-03-11,81.96468353271484,82.72781845925313,81.71938521254964,82.51886781896772,27484300
2014-03-12,82.2735824584961,82.31901013421253,81.29240981714864,81.59220891049056,27977200
2014-03-13,81.1106948852539,82.60971787086804,80.73821433453273,82.5824640417042,48542000
2014-03-14,80.55647277832031,81.20150518050869,80.52013204606219,80.84719170509938,38732300
2014-03-17,81.26515197753906,81.68306720155786,81.02894746292546,81.07436820898634,28467200
2014-03-18,82.2463150024414,82.34625032743232,81.33781708891608,81.36507091731559,31250200
2014-03-19,81.8011474609375,82.3644186246831,81.26513012375744,82.27356329441326,40869400
2014-03-20,82.02828979492188,82.27358121873998,81.38325701095125,81.54678693726001,31634500
2014-03-21,81.04119873046875,82.54364930984323,80.886402602454,82.49811776765632,62754000
2014-03-24,80.33096313476562,81.39633468857187,79.59339928169038,81.33259468827079,77735300
2014-03-25,80.59503173828125,81.26885559860577,79.92120093081766,80.74982789115569,41723300
2014-03-26,79.55697631835938,81.17779944162258,79.54786861903231,80.99568019077672,40930400
2014-03-27,79.11078643798828,79.8028256713272,78.67371414640282,79.44770182923696,64784500
2014-03-28,79.26559448242188,80.13974606732259,79.04705137584226,79.36575833615272,39895100
2014-03-31,79.8301773071289,80.36742063214322,79.78465268621909,79.88481657821936,33924300
2014-04-01,81.23243713378906,81.28706943909862,79.86657392393401,80.22169780272516,38683800
2014-04-02,81.44186401367188,81.66040015914542,81.07763247312342,81.5784447626311,34631600
2014-04-03,80.79535675048828,81.66040058505615,80.33096136018841,81.52381288824574,30319100
2014-04-04,78.64640045166016,81.41455052428984,78.43696505118089,81.33259512509743,131213200
2014-04-07,77.89974975585938,78.88316617954092,77.35339880730854,78.15470982670796,83995800
2014-04-08,78.61909484863281,78.72836642282546,77.71762693975032,77.99080240166165,51495700
2014-04-09,79.96673583984375,80.0122673912557,78.70103651855223,78.91047192905212,45685200
2014-04-10,77.4899673461914,80.02136591837443,77.27143118919827,80.02136591837443,73659600
2014-04-11,76.5885238647461,77.79959123175014,76.40641150079209,76.79795238857905,93657400
2014-04-14,77.18948364257812,77.5992467941662,76.47923584972662,77.26233135136799,46500700
2014-04-15,77.44441986083984,77.89059974245124,75.83269794298728,77.47173600400055,84631500
2014-04-16,78.47338104248047,78.47338104248047,77.4808503351274,78.118257224868,46970900
2014-04-17,78.4916000366211,78.88314775314535,77.97257231445073,78.17290002250583,53719500
2014-04-21,79.07435607910156,79.07435607910156,78.30947615822895,78.67370766932278,25947900
2014-04-22,79.70269012451172,79.90301789059484,79.21097841152803,79.34756615632482,38593400
2014-04-23,79.00155639648438,79.7300128501567,78.95602482875529,79.702696688376,34376700
2014-04-24,79.75730895996094,80.3218683010118,78.9013726684104,80.30365984678312,48926300
2014-04-25,78.48252868652344,79.37488906035614,78.29130860641642,79.28383287180164,44334000
2014-04-28,78.73746490478516,79.3202326712954,77.49908166416593,78.85583721927826,58623800
2014-04-29,79.36578369140625,79.511472195197,78.59178876582638,78.97423585095274,36742700
2014-04-30,79.57520294189453,79.65715836027552,78.80121505368203,79.00154280179034,38689400
2014-05-01,79.81193542480469,80.26722312609034,79.50233617541815,79.70266387552608,37127200
2014-05-02,79.666259765625,80.23081915607686,79.47503971736083,80.08512372093804,40074200
2014-05-05,80.08509826660156,80.10331366377467,79.00151833751084,79.19273832499745,27924400
2014-05-06,79.04705047607422,80.00315745184403,79.01062662539222,79.95762590170673,33698500
2014-05-07,78.81940460205078,79.29290770165692,77.88151304919965,79.21095230293551,67489100
2014-05-08,78.74657440185547,79.70267453413082,78.35502664850272,78.53713897451519,46556900
2014-05-09,79.0379638671875,79.09259617941709,78.17291288975677,78.70104839844412,35081500
2014-05-12,80.34005737304688,80.36737351900781,79.43858287350882,79.51143056082988,38951100
2014-05-13,80.39470672607422,80.68609059005719,80.23991056802,80.41291517819971,30311900
2014-05-14,79.97586059570312,80.44935687452715,79.78464054384298,80.148865244258,26483600
2014-05-15,79.34754180908203,80.09421337810006,78.83762179525678,79.95762567521426,59680300
2014-05-16,79.86656951904297,79.91210106904941,78.89225409430183,79.43859795868337,66804100
2014-05-19,80.42203521728516,80.54951524314124,79.49325117931367,79.6298319590592,32017000
2014-05-20,80.13063049316406,80.67697431164429,79.80282281264822,80.3855904786456,33716000
2014-05-21,80.89551544189453,80.9410469908855,80.230799288316,80.27633083730697,36837700
2014-05-22,81.25064849853516,81.47829235553895,80.85910078660307,80.98658079075406,30617100
2014-05-23,81.84252166748047,81.86073706748444,81.1504893044007,81.33260162160283,22687300
2014-05-27,82.86231994628906,82.88052838843873,82.13385721186309,82.2067048747328,29725200
2014-05-28,82.60738372802734,82.95339980503695,82.54364374154828,82.8350275293294,30468100
2014-05-29,83.13555145263672,83.14465220630079,82.73489598293122,82.89879986170709,33036100
2014-05-30,83.14466094970703,83.27214098581169,82.70758852510278,83.15376865146906,29906400
2014-06-02,83.06270599365234,83.26303373393921,82.5345704869216,83.24481833183656,30409900
2014-06-03,83.02625274658203,83.16284042544046,82.68023664766021,82.7895012330366,21774500
2014-06-04,83.33586120605469,83.4724489114727,82.68935347735797,82.81683348317765,20118300
2014-06-05,84.03703308105469,84.19182928438826,83.12645737136353,83.40873361828255,35583100
2014-06-06,84.51960754394531,84.51960754394531,84.18269214818886,84.34659599651107,22680600
2014-06-09,84.45588684082031,84.66532228541539,84.22824294097983,84.53783531013545,23399500
2014-06-10,84.60157775878906,84.64710236804463,84.28287075829947,84.38303462465788,20626000
2014-06-11,84.58334350585938,84.70171580010977,84.22821967596961,84.31016812264944,22878200
2014-06-12,83.8184814453125,84.49230540139712,83.52709754966995,84.4012492365976,35275900
2014-06-13,84.0643081665039,84.27374353414376,83.70007667116475,84.18268044995551,39447100
2014-06-16,84.13716888427734,84.38302118709905,83.73651348264595,83.91863273208705,25212300
2014-06-17,84.18270111083984,84.410344982905,83.93684878575091,84.07343649841793,19977900
2014-06-18,84.65620422363281,84.77457653609237,83.75473643578933,84.26465648594085,34514000
2014-06-19,84.60157775878906,84.83832240005431,84.21913074762958,84.78369009009157,38422200
2014-06-20,84.70108032226562,84.79238812988778,84.48195690874942,84.63716903641475,25897500
2014-06-23,84.71932983398438,84.74671938515145,84.46368473534967,84.6919402828173,20837900
2014-06-24,84.63715362548828,85.43148543283638,84.39064070089417,84.71019707196301,31945800
2014-06-25,85.17587280273438,85.32195278555913,84.43632678125049,84.44545199118328,32818600
2014-06-26,85.22151947021484,85.23978382163871,84.56414910094661,85.23065164592677,22563900
2014-06-27,85.59584045410156,85.61409783510989,85.08455019618074,85.11193975059689,22877800
2014-06-30,85.74193572998047,85.95192697819486,85.52280534165936,85.57759142164365,19751900
2014-07-01,86.68234252929688,86.91059811256062,86.00670098745474,86.04322271667384,31862500
2014-07-02,86.82840728759766,86.95622983459505,86.65493781141913,86.73710646342901,18777300
2014-07-03,87.3762435913086,87.3762435913086,86.87408543528996,87.11147321704527,15291700
2014-07-07,87.1114730834961,87.38537563204771,86.9471287680418,87.27581043314207,23266400
2014-07-08,86.06149291992188,87.01103704680416,85.70541474306704,86.947125757774,40612400
2014-07-09,86.70060729980469,86.80104032226444,86.04323004945287,86.2897500012389,29919000
2014-07-10,86.42670440673828,86.78278258827173,85.48628547606955,85.58671849812342,44245300
2014-07-11,86.98362731933594,86.98362731933594,86.38103625221338,86.64581354251816,19566300
2014-07-14,87.5040512084961,87.7049172228735,87.23014870636909,87.3762286476754,19579000
2014-07-15,87.20275115966797,87.76882045832839,86.58189579295819,87.64099790922401,39467500
2014-07-16,87.5497055053711,87.9240479821912,87.4584046709148,87.83274018192775,22052600
2014-07-17,86.39019775390625,87.62277682557624,86.11628819761987,87.31234553073104,43111500
2014-07-18,87.75968933105469,87.80533625790865,86.73710204140272,86.83753503260988,36682200
2014-07-21,87.650146484375,87.79623340543671,87.23928920905261,87.57710302384416,29750700
2014-07-22,88.20709228515625,88.3440470346907,87.96970451701704,88.06100536143738,25770400
2014-07-23,88.77318572998047,88.87361180208136,88.35318922646027,88.51753356433058,28947500
2014-07-24,88.67272186279297,89.02879997674434,88.54489930731334,88.92836697375222,24707200
2014-07-25,88.32576751708984,88.4444648636781,87.86013120077301,88.21620930892435,29898900
2014-07-28,88.35317993164062,88.58143554545843,87.6684130901872,88.41709122487727,25603400
2014-07-29,88.19796752929688,88.74577960770324,88.12492406129375,88.54492051940743,27022200
2014-07-30,88.54491424560547,88.85533851391101,88.19796128007808,88.69099420545278,35348500
2014-07-31,86.75537872314453,87.96056791999415,86.62755615422165,87.8144879694284,50047900
2014-08-01,86.43582916259766,87.04755250040593,85.86062755678202,86.57278391611798,60708000
2014-08-04,87.02930450439453,87.36712533740801,86.29888371737415,86.61844716532612,33230500
2014-08-05,86.36278533935547,86.92886173417425,85.96106022072391,86.68234875150962,50331100
2014-08-06,86.29885864257812,86.83754538379308,85.75104669438825,85.82409014502872,34431900
2014-08-07,86.02497100830078,86.864949938314,85.72367194672819,86.70060562889331,33274700
2014-08-08,86.64581298828125,86.74624599312709,85.79670201646181,86.16191230991876,40236900
2014-08-11,87.15711975097656,87.4310292644742,86.91973197033248,86.98364326137417,28277500
2014-08-12,87.12055969238281,87.34881519794814,86.67318085190023,87.0657806001048,28152300
2014-08-13,88.04273223876953,88.07925396316996,87.43100902812725,87.47665595927279,27996500
2014-08-14,88.49928283691406,88.5175402243581,88.04277152690538,88.16146195981612,25006600
2014-08-15,88.92838287353516,89.13837412402232,88.08840393997033,89.0105515456889,55205500
2014-08-18,89.6131591796875,89.69532786055964,89.2662061738482,89.39403573155292,38938300
2014-08-19,90.1153335571289,90.17011965335905,89.76838745478494,89.82316658520503,21363400
2014-08-20,90.1153335571289,90.29794226821262,89.96012137706529,90.04229703850548,23435600
2014-08-21,90.29789733886719,90.3435442695681,90.02398789143523,90.1609426151512,19339500
2014-08-22,90.43489074707031,90.61749247959705,90.13359161917256,90.33445770443772,24692000
2014-08-25,90.75440979003906,91.01005489634626,90.53528640831956,90.86396799799545,24124700
2014-08-26,90.845703125,90.94613611788007,90.63570496739455,90.89135701842045,20100400
2014-08-27,90.86396026611328,90.97352543055317,90.67222645269807,90.8730924379348,15589100
2014-08-28,90.76353454589844,90.87309274490228,90.46223556702556,90.55353638813082,23563900
2014-08-29,91.10137176513672,91.22006913239748,90.63572840191605,90.96441701527088,17906300
2014-09-02,91.36615753173828,91.39354709108031,90.99182194438293,91.32050362229585,18326800
2014-09-03,90.82746887207031,91.61266170552662,90.66312456604273,91.61266170552662,25950700
2014-09-04,90.74530792236328,91.50311828756817,90.51705229181789,91.03747485082903,24663500
2014-09-05,91.20179748535156,91.2565765945909,90.41659774581997,90.88224107177648,30798200
2014-09-08,91.37528228759766,91.60353788465952,90.9552928249008,91.22919536189022,25571300
2014-09-09,90.61749267578125,91.72224918132183,90.44401615343857,91.38442831302545,36449200
2014-09-10,91.36615753173828,91.40267926613052,90.48052462870027,90.73616980363731,31080100
2014-09-11,91.29308319091797,91.3387370849219,90.60831657569636,90.97352683030914,28691900
2014-09-12,90.82746887207031,91.2383261542353,90.54442719925132,91.21093659753203,30444400
2014-09-15,89.95096588134766,90.93703176814374,89.67706333444313,90.92789959350445,32972200
2014-09-16,90.7361831665039,90.90965968896303,89.52186840671885,89.61316927324117,38166900
2014-09-17,90.87310791015625,91.30222950335117,90.32529592629761,90.7178957917943,37196500
2014-09-18,91.55786895751953,91.56700113032998,91.0557109058546,91.1561369435421,30196700
2014-09-19,91.50113677978516,92.03194421122846,91.13505763292913,91.9404261701092,46918000
2014-09-22,90.6500244140625,91.29065781631253,90.25649047200022,91.28150391560027,48658000
2014-09-23,90.40290069580078,90.80558846162303,90.21986461081562,90.28392793879833,33989600
2014-09-24,91.37300109863281,91.41876360935787,90.18325262594846,90.4944153552666,35959000
2014-09-25,89.45110321044922,91.19912795411472,89.41449459471816,91.08014820739392,68642500
2014-09-26,90.40290069580078,90.56763596523905,89.58837824757238,89.74395961804768,56106200
2014-09-29,90.283935546875,90.53103498066554,89.46025913027378,89.50602164656594,33342700
2014-09-30,90.41205596923828,90.87880707013895,89.981913482367,90.53102872804939,41834300
2014-10-01,88.96605682373047,90.2473305247663,88.68234876208237,90.15581247091659,58164900
2014-10-02,88.96605682373047,89.24061796765955,87.83121759475813,88.92944820571459,54501300
2014-10-03,89.84461975097656,90.21069885521116,89.17653184444819,89.4876945445018,41627800
2014-10-06,89.65242767333984,90.34797725670836,89.37787358843663,90.1283325923102,36038700
2014-10-07,88.38035583496094,89.48774063338298,88.37120193248654,89.23148722315399,45154000
2014-10-08,90.10089874267578,90.38461379517418,87.91358437317935,88.4260980583228,64931600
2014-10-09,88.6457290649414,90.21071063203073,88.50844851013447,89.98191203481218,62497100
2014-10-10,86.43095397949219,88.61826784986063,86.41264618292539,88.12406207823558,77579400
2014-10-13,85.07649230957031,86.93433629877207,85.003275063104,86.27539504533715,80835900
2014-10-14,85.08563232421875,86.18386291244835,84.84767980322975,85.60729290098479,71814500
2014-10-15,84.5364990234375,84.89342423770438,82.58713071834174,83.80434079898434,108847800
2014-10-16,84.00567626953125,84.72868052381268,82.72440299589805,82.75185770465671,93165800
2014-10-17,85.11307525634766,85.92759767601703,84.61886946536083,85.11307525634766,69546700
2014-10-20,86.38520812988281,86.45842536551285,84.93005222923031,85.10393443587677,41479300
2014-10-21,88.6548843383789,88.6548843383789,87.23633022067943,87.45597492234842,53609800
2014-10-22,88.19729614257812,89.04842730363006,88.14237972476904,88.9294475503603,39178000
2014-10-23,89.5243148803711,90.01852068846942,88.9294371308613,89.08501850126845,48123800
2014-10-24,90.25647735595703,90.32054068687238,89.35958374076289,89.71650901048827,43157600
2014-10-27,90.32054901123047,90.48528430339259,89.70736337895033,90.08259648202295,29545700
2014-10-28,91.6842041015625,91.7025049230704,90.67749134147564,90.74155469032532,34495100
2014-10-29,91.34557342529297,91.62928850749184,90.69578607844413,91.38218204823414,40552800
2014-10-30,91.53773498535156,91.75738665467406,90.73236647830517,90.93371035066144,35935800
2014-10-31,92.80070495605469,93.12102156989312,92.49868915627339,93.05695824712542,54254100
2014-11-03,93.07528686523438,93.32239331428305,92.82818739856629,92.96546798332882,33481000
2014-11-04,92.76410675048828,93.00205925419195,92.1326203678198,92.78240756659812,22773300
2014-11-05,92.7732925415039,93.37731743407845,92.45296879924317,93.37731743407845,25818600
2014-11-06,93.06610107421875,93.09355578322769,92.36139762522708,92.76408531036518,24671900
2014-11-07,92.98373413085938,93.26744909554445,92.49868229696222,93.23084048776644,20931700
2014-11-10,93.31321716308594,93.43218991757513,92.7824027525115,93.02950914263843,20360000
2014-11-11,93.6060791015625,93.6060791015625,93.07526469087885,93.33152497982812,15454000
2014-11-12,93.77079010009766,93.87146201339384,93.23082891276097,93.23082891276097,22050300
2014-11-13,94.17350769042969,94.52127905813079,93.73421129436258,93.94470908427334,28027800
2014-11-14,94.46639251708984,94.46639251708984,93.83490597672193,94.14607578733113,19251300
2014-11-17,94.18265533447266,94.4572094541978,93.73420506887753,94.24671866064641,23361600
2014-11-18,94.88733673095703,95.01546336279151,94.25585048664585,94.26500438388481,26336800
2014-11-19,94.45719146728516,94.78666193411934,94.0179021664246,94.78666193411934,23760200
2014-11-20,94.87820434570312,94.96057547477452,93.98131771950833,94.05452796688591,22874000
2014-11-21,95.06124114990234,95.8117002494627,94.7592253338603,95.7201752271138,34049100
2014-11-24,95.80255889892578,95.84832141609418,95.23513580498465,95.31750693941181,17928300
2014-11-25,95.948974609375,96.23268961271397,95.70187520118061,95.948974609375,17526000
2014-11-26,96.57131958007812,96.62623599753482,95.93984012955487,96.04051208211565,18973800
2014-11-28,97.01976013183594,97.23940483239119,96.7635068174583,96.82757014605271,17360400
2014-12-01,95.92152404785156,96.9373904033435,95.56459878590891,96.75435431397058,35969500
2014-12-02,96.30590057373047,96.47978274508289,95.82084172292211,96.02218558884663,26031300
2014-12-03,96.47980499267578,96.61708556767833,95.8757802379967,96.4523502741513,32974300
2014-12-04,96.43403625488281,96.80926232731892,96.03134848530141,96.38827374201978,31008800
2014-12-05,96.44317626953125,96.73603817671,96.23268548313516,96.58961071430994,25622200
2014-12-08,95.75678253173828,96.61706745694028,95.25342982758849,96.19607889292492,32685800
2014-12-09,96.058837890625,96.13205514469577,94.30166568721653,94.64029025050758,46035100
2014-12-10,94.54873657226562,96.12287214639532,94.37485437445795,95.88491963388329,39330100
2014-12-11,94.99720001220703,96.13203933413351,94.80500300628594,94.82331080798343,47576000
2014-12-12,93.9629898071289,95.17104591000412,93.95384289215178,94.09111644058704,46889400
2014-12-15,92.99291229248047,94.79584654730284,92.72750505362227,94.44806817385702,52968400
2014-12-16,91.50113677978516,93.77996882083598,91.48282898213392,92.4071772569101,65348600
2014-12-17,93.16678619384766,93.43218640678332,91.44621637351742,91.56519610591477,79715300
2014-12-18,95.40902709960938,95.41818099972129,94.24673315107474,94.50298649516867,49840900
2014-12-19,95.82884979248047,96.21466211574271,95.26850031938129,95.50733952309525,51419900
2014-12-22,96.06765747070312,96.09521448355045,95.62672423995814,95.67265726696763,33869200
2014-12-23,95.72777557373047,96.42591696680017,95.61754050901538,96.41672895930819,30156900
2014-12-24,95.81044006347656,96.17787621039456,95.78287604490197,95.84717807145215,14291300
2014-12-26,96.490234375,96.69232852164326,96.05848906324347,96.08604608171348,13924300
2014-12-29,96.47183990478516,96.68312201997199,96.34323583759179,96.39835687238612,17073800
2014-12-30,95.82884979248047,96.41675628747005,95.70024568472638,96.19629310394852,18604000
2014-12-31,94.84590148925781,96.37078811209784,94.70810943166218,95.99415695522946,24367100
2015-01-02,94.56112670898438,95.71856305430947,94.10182456955219,95.31438193731738,31314600
2015-01-05,93.17406463623047,94.25801834198245,92.90766846185787,94.14778326722234,36521300
2015-01-06,91.92472839355469,93.46798383699765,91.511359278223,93.31182279417406,66205500
2015-01-07,93.10975646972656,93.33021959634728,92.31056799918137,92.53103813419852,37577400
2015-01-08,94.89183807373047,95.0755561518251,93.79869658639976,93.89974363187044,40212600
2015-01-09,94.26718139648438,95.21334276042343,93.71601317698256,95.18578575112736,41410100
2015-01-12,93.28428649902344,94.55195814143683,93.0454473750687,94.45091108931737,34129800
2015-01-13,93.2567367553711,95.18581203961072,92.50348125686503,94.1937173805841,56162300
2015-01-14,92.7423095703125,93.2199878354847,91.92475212517918,92.31975234090396,51354200
2015-01-15,91.53895568847656,93.32104396156602,91.4287206063525,93.17407086046464,51005400
2015-01-16,92.61370086669922,92.73311692281891,91.27253920349455,91.4195122719191,35362200
2015-01-20,93.34857177734375,93.58740385003729,92.12682637255548,93.17403471711839,30964100
2015-01-21,93.82626342773438,94.26719667311299,92.74230983325793,93.07300801519287,40128800
2015-01-22,95.56242370605469,95.66347076034374,93.36695954176741,94.1937049821341,40887200
2015-01-23,95.77371215820312,96.06766533329287,95.27766486116485,95.55324202058844,34783000
2015-01-26,95.66349029541016,95.83802742635024,95.1766309389957,95.66349029541016,19960900
2015-01-27,93.18324279785156,94.21207535330792,92.87091362323363,94.15696132595023,45253200
2015-01-28,92.70556640625,94.78161458223036,92.68719739955827,94.6805675244351,43591700
2015-01-29,93.5966567993164,93.77119398064787,91.82374898433741,92.63211880871559,46539700
2015-01-30,92.87091827392578,94.23045608679824,92.74231419805363,93.51394566168301,42927600
2015-02-02,93.67930603027344,93.76197708539542,91.63081456090622,93.08221160138004,43624700
2015-02-03,94.57954406738281,94.64384611944381,93.4037311106113,94.0191946101092,30750400
2015-02-04,94.4968490600586,95.12150041111657,93.98242576551915,94.1937078878401,34073200
2015-02-05,95.31439971923828,95.37870175041924,94.49684231919647,94.73567443021388,23605500
2015-02-06,94.73567199707031,95.69102144179054,94.39579284458415,95.46137033512882,34169300
2015-02-09,94.43253326416016,94.88264744894755,94.20288216868154,94.36823123776195,22604700
2015-02-10,95.90230560302734,96.03090966484791,94.80916406915676,94.95614414460641,23686500
2015-02-11,96.25138854980469,96.4718516907278,95.82883127620335,96.01254939223979,20303600
2015-02-12,97.37210083007812,97.40884586007836,96.72908032606883,96.87605343767187,22520300
2015-02-13,98.2080078125,98.22637681831068,97.4639334218421,97.64765852192872,29030200
2015-02-17,98.29986572265625,98.36416775484467,97.95997954771977,98.20800667787219,17675300
2015-02-18,98.43766021728516,98.49277424383317,98.05184100626094,98.18044507380367,15149600
2015-02-19,98.9245376586914,98.98883970428291,98.34581223997063,98.37336925831022,19828100
2015-02-20,99.5859146118164,99.64102863769226,98.54788706851477,98.86021623473518,28336700
2015-02-23,99.68694305419922,99.71450707232502,99.31031890722176,99.5307819934621,17868000
2015-02-24,99.76045989990234,99.8798829853612,99.2552315661204,99.55836576303075,19745000
2015-02-25,99.51242065429688,99.99927988609036,99.29195054268061,99.61346770335541,19472300
2015-02-26,100.01765441894531,100.07277545409364,99.33788905821524,99.61347320876865,22255500
2015-02-27,99.57675170898438,100.04524207222804,99.42059059070239,99.98093301463197,27757600
2015-03-02,100.47696685791016,100.51371188227155,99.75126839566522,99.76964441204431,22988600
2015-03-03,100.00846862792969,100.27486475846068,99.37462931706646,100.17381770865941,20788900
2015-03-04,99.62266540527344,99.82475953727528,99.08069205890196,99.6777864466174,21007400
2015-03-05,99.79722595214844,100.10036722132563,99.38385659119663,99.8799040293779,15381000
2015-03-06,98.66729736328125,99.86147882251223,98.41927026215512,99.6685727485225,30990400
2015-03-09,98.95206451416016,99.20008461201157,98.46520531617371,98.86938647594621,26237100
2015-03-10,97.1148910522461,98.27233494907473,97.1148910522461,98.24477092072354,34234500
2015-03-11,96.55448150634766,97.38122663223058,96.51773649982026,97.2618036089182,25459700
2015-03-12,97.18836212158203,97.29859017985851,96.4167306716648,96.4810327084582,21473200
2015-03-13,96.76580047607422,97.48231791614882,96.15952511403766,97.09649867660201,42021100
2015-03-16,98.01509857177734,98.05184359324417,97.02301102575785,97.12405808269259,25674100
2015-03-17,98.17125701904297,98.32741808863581,97.51904872098264,97.7486998262882,19603800
2015-03-18,99.13581848144531,99.58593983475721,97.39965614266438,97.90489153581132,40622200
2015-03-19,99.28276824951172,99.55834537284454,99.08986216066008,99.23683522475845,31314000
2015-03-20,99.9254379272461,100.42262606483112,99.90702667378659,100.10037644542828,31761400
2015-03-23,99.7320785522461,100.14639844808067,99.6952490243586,99.87018752569568,17268500
2015-03-24,99.37300109863281,100.18322965217155,99.3545898466381,99.7228710826466,22445300
2015-03-25,97.0988540649414,99.62161771961681,97.0620245267945,99.52954738650763,41581400
2015-03-26,96.76737976074219,97.31980869550985,95.97556237858636,96.29781200515791,47846300
2015-03-27,97.15406036376953,97.38423962707164,96.60163153674719,96.7489496370271,33878400
2015-03-30,98.26811981201172,98.35098096291885,97.7433114493953,97.7433114493953,30570200
2015-03-31,97.22774505615234,98.1945010267929,97.20012466119384,97.99194209774322,30488100
2015-04-01,96.72132110595703,97.24612950111936,96.09523328150784,97.22771122787826,32970500
2015-04-02,96.78580474853516,97.09884525761532,96.47275721493948,96.813425143511,19164200
2015-04-06,97.57762908935547,97.8446309426897,96.06764615352604,96.21496430317418,24451100
2015-04-07,97.41187286376953,98.24051264159276,97.41187286376953,97.5223544210718,19379400
2015-04-08,98.18525695800781,98.32336590818419,97.43947846137358,97.44868057340915,25866900
2015-04-09,98.80215454101562,98.83898406974203,97.80778536346007,98.13923707296902,23114700
2015-04-10,99.2072525024414,99.21646163891083,98.54433516690209,98.76530527057754,17164300
2015-04-13,98.95867156982422,99.7873112947531,98.84818299506068,99.28092113224251,17783500
2015-04-14,98.67325592041016,99.1428236368236,98.11161789330168,98.85740356631467,23755700
2015-04-15,99.2901382446289,99.50190628878862,98.81136839735412,98.93105910304415,21128600
2015-04-16,99.15203857421875,99.32697006741597,98.88502974042686,99.02313872680402,16195300
2015-04-17,97.60523223876953,98.47070162921194,97.18170317014564,98.20369982305876,46514000
2015-04-20,99.06916046142578,99.2440989616365,98.05637303684011,98.0932025644905,28945900
2015-04-21,99.4926986694336,99.81495530996943,99.37300796191572,99.64001679362309,22759800
2015-04-22,100.03589630126953,100.20162563039865,99.10597023090546,99.7504692750116,21429200
2015-04-23,100.4134292602539,100.86458580735112,99.67685961464353,99.69527087036461,29473200
2015-04-24,101.77607727050781,101.9141862515292,101.30650954484096,101.47223891716371,32508100
2015-04-27,101.51828002929688,102.34692691085672,101.29730284453775,102.15357011806381,31121300
2015-04-28,101.31575012207031,101.78531799344569,100.45948260345251,101.59196114530772,36849200
2015-04-29,100.68042755126953,101.34334507984163,100.12799861896444,100.75408661544753,34043900
2015-04-30,99.09680938720703,100.51471499973636,98.57200075996377,100.1096041279538,44080500
2015-05-01,100.40420532226562,100.4686552400551,99.46506992074576,99.48348819697944,32874300
2015-05-04,100.5699462890625,101.19603428747263,100.51469847850144,100.72646653253628,23507300
2015-05-05,98.93104553222656,100.35815978856672,98.88501389382077,100.17401918591612,47843300
2015-05-06,98.24972534179688,99.39141263057034,97.59601701417196,99.10599256450556,42687200
2015-05-07,98.83897399902344,99.11519192407042,98.14843621091963,98.2220952608673,29335800
2015-05-08,100.07275390625,100.28451492680857,99.71367476311615,99.86098586117672,33023300
2015-05-11,99.68603515625,100.33975046459227,99.6123831284839,100.13719158307931,19679300
2015-05-12,99.23489379882812,99.7412910436637,98.33259492104854,99.0967848207353,33665000
2015-05-13,99.4374771118164,100.18325594230987,99.29015895914226,99.66765645698266,20738400
2015-05-14,100.89219665527344,100.97505783495032,99.87940909808182,100.24769037377692,23904200
2015-05-15,100.89219665527344,101.28810534870921,100.64359906721269,101.14999635806602,23937400
2015-05-18,101.33414459228516,101.53670352381103,100.65281575175631,100.7264748222231,17631100
2015-05-19,101.22367095947266,101.60116143235432,101.05794155016663,101.44464116370865,14212900
2015-05-20,101.28811645507812,101.89578624621883,100.75409871244345,101.29731857081899,21131900
2015-05-21,101.81291961669922,101.95102861510586,100.96586139576117,101.11317250941691,16771800
2015-05-22,101.71163940429688,102.07992772249904,101.62877119605658,101.69322112490329,13543800
2015-05-26,100.54231262207031,101.62875916870671,100.13720184205502,101.49065721217568,25488400
2015-05-27,102.16278076171875,102.27326935572577,100.62518470715726,100.84615487065646,30572700
2015-05-28,101.93260955810547,102.20882755281195,101.61956905365251,101.96943909236737,17302400
2015-05-29,101.3249282836914,102.00625702878257,101.08553985046467,101.86814804713197,30383000
2015-06-01,101.66559600830078,101.94181399025186,100.83694908696265,101.86815492512956,24570200
2015-06-02,101.34332275390625,101.84051079080479,100.79089394330124,101.28808198019978,19449600
2015-06-03,101.64716339111328,102.02465372762659,101.39856585470199,101.80368360321603,20507200
2015-06-04,100.8737564086914,101.72082142205711,100.55150685037954,101.07631528091986,31374600
2015-06-05,100.6343994140625,100.99347858380906,100.01751351070217,100.75409012913961,22641700
2015-06-08,99.61241149902344,100.662028707155,99.40985255981983,100.58836963389626,24549200
2015-06-09,99.44666290283203,99.80574203501982,98.70087722292975,99.37300384378979,27554600
2015-06-10,100.809326171875,101.10395540047881,99.67684792813829,99.7873294985429,30297900
2015-06-11,100.95662689208984,101.41698542144319,100.7816884030912,101.1499766314766,17593500
2015-06-12,100.12800598144531,100.63440330426113,99.98989698208504,100.42263523530664,27201800
2015-06-15,99.63081359863281,99.78733384653594,98.8021666619174,99.38222302987579,31238800
2015-06-16,100.17403411865234,100.3397634955483,99.48349621900496,99.5295278642726,16456900
2015-06-17,100.45023345947266,100.77248303717786,99.833354692935,100.3397519039817,23296700
2015-06-18,101.91419219970703,102.0891236963303,100.76329566488158,100.81853645070842,43032400
2015-06-19,101.41031646728516,102.0470747376906,101.33648799289914,101.96401594383862,27877600
2015-06-22,102.15782928466797,102.4623665172776,101.92712054008591,102.15782928466797,19120900
2015-06-23,102.24088287353516,102.3331649585217,101.81637965005959,102.26856679496395,18127900
2015-06-24,101.71485137939453,102.55462737466138,101.68716746228375,102.1209009388079,15815900
2015-06-25,101.51183319091797,102.21318964617042,101.34572263679689,102.1116772497258,18326700
2015-06-26,100.838134765625,101.72406218726721,100.45977623656492,101.49335353470127,32311700
2015-06-29,98.45724487304688,100.27523051508012,98.41110031780589,99.72152401487075,50874900
2015-06-30,98.80793762207031,99.40778174653423,98.50340039940329,99.19552661055275,34809900
2015-07-01,99.59234619140625,99.98916550184059,99.13092871604873,99.78614068617577,21293000
2015-07-02,99.62001037597656,99.96146177473219,99.315480253487,99.87841002514517,20499400
2015-07-06,99.38931274414062,99.96147289853582,98.78024539071339,98.99249346816859,24311000
2015-07-07,99.63848114013672,99.73076321816866,97.66361509943408,99.5000545027532,44230800
2015-07-08,97.9035415649414,99.04786179805829,97.71897741930107,98.9278887667883,39691500
2015-07-09,97.84815216064453,99.29700221062983,97.8389218431959,99.20472015815146,28381000
2015-07-10,99.34317016601562,99.71230550357994,98.78947068000464,99.14937569794533,26415800
2015-07-13,101.08733367919922,101.17038543894196,100.19218271839118,100.2014130385864,25780700
2015-07-14,101.75177001953125,102.02861624329157,101.17037957235969,101.22575444964855,21977200
2015-07-15,101.8625259399414,102.25934527614405,101.57644933965777,101.94558475204876,28631500
2015-07-16,103.3021240234375,103.3205776205167,102.49925525741982,102.70228002864295,29838900
2015-07-17,104.82479858398438,104.82479858398438,103.95733868420578,104.13267250358443,35926800
2015-07-20,105.18472290039062,105.56308154068932,104.7233054596006,105.04629626001935,26539000
2015-07-21,105.12012481689453,105.3877407369569,104.8155876159901,105.2216301765246,35468900
2015-07-22,103.92963409423828,104.43718889450183,103.51435430420173,103.51435430420173,35575000
2015-07-23,103.54207611083984,104.37262895421837,103.27446017749675,104.03118453687013,25698300
2015-07-24,102.5269775390625,104.28036562586205,102.37009726283821,104.09580142332442,30844700
2015-07-27,101.67792510986328,102.38850471407186,101.45644675851733,101.94554801137997,35994800
2015-07-28,102.55464172363281,102.75766653174578,101.31804631519437,102.13013850697462,33553500
2015-07-29,102.94222259521484,103.16370097117756,102.3792928157787,102.77611205307515,26714100
2015-07-30,103.43131256103516,103.60664636247265,102.08397477393784,102.70227231939971,25438100
2015-07-31,103.31135559082031,103.80968723998691,103.09910752436308,103.7543194036365,22081700
2015-08-03,102.98836517333984,103.61589313664592,102.30546937348855,103.32981659360098,25001800
2015-08-04,102.7945785522461,103.1267996782216,102.37007534475994,102.94223551520032,22132300
2015-08-05,103.58821105957031,104.28033719137144,103.24675963324016,103.36673266878185,28989900
2015-08-06,101.92707061767578,103.8188842129345,101.46565335450718,103.6804576258502,42125400
2015-08-07,101.79789733886719,102.03783634129366,100.95812139137996,101.6779313579891,30006800
2015-08-10,102.96068572998047,103.18216412645829,102.43467013792608,102.4439004579751,21500800
2015-08-11,101.64102935791016,102.81303355490678,101.07809953869214,102.41621428956738,36123300
2015-08-12,101.99170684814453,102.19473164627816,99.86919086918239,100.93967565842605,41889000
2015-08-13,101.82559967041016,102.58233104882176,101.60412126539812,102.09322263677416,22510500
2015-08-14,101.98247528076172,102.13012518697788,101.3826312552075,101.58565603684161,17924900
2015-08-17,102.83146667480469,102.85915058815928,101.47489859507154,101.73329117394077,21224900
2015-08-18,102.30548858642578,102.77613640746058,102.16706192839527,102.69307759637336,13984400
2015-08-19,101.6318130493164,102.53619442081859,101.04119922980678,101.99171812555909,42511400
2015-08-20,98.81718444824219,101.01352945716715,98.80795412583034,100.69053857948306,57747300
2015-08-21,94.498291015625,98.25422861195213,94.498291015625,97.42367583031455,97763400
2015-08-24,90.86231994628906,94.61825756452063,78.20102447431297,86.95873241083373,150829900
2015-08-25,90.52088165283203,94.81206580538947,90.44706020383893,94.19376804595439,75088300
2015-08-26,95.07965850830078,95.26422967366138,91.29603762678408,93.16939095100636,104103800
2015-08-27,97.48826599121094,97.55286414444603,95.31037533832706,96.45468849877889,69377700
2015-08-28,97.4698257446289,97.82050047584391,96.7592389210377,96.9714940482676,49919600
2015-08-31,96.26090240478516,97.46059054417839,96.02097040944352,96.92534463333087,39549400
2015-09-01,93.25244903564453,95.31959678747715,92.86485311163155,93.86151627508781,73155500
2015-09-02,95.88255310058594,95.90100670176486,93.85231197797879,94.94125750500598,43963600
2015-09-03,95.41187286376953,96.91609079228786,95.14424997329641,96.2608790427859,45131800
2015-09-04,94.27682495117188,94.9135762998151,93.75080225344377,94.10148405192918,49379600
2015-09-08,96.9345703125,97.0545363044273,95.68874471395782,96.08556396808157,37343500
2015-09-09,95.84564208984375,98.106584986459,95.59647270115764,98.07890106342103,47146700
2015-09-10,96.88839721679688,97.52515530788928,95.62411839214762,95.73485403187232,47686700
2015-09-11,97.42367553710938,97.42367553710938,96.1686195687834,96.44547284205312,29106100
2015-09-14,97.12836456298828,97.80203707780493,96.75922922777386,97.7835764386752,19718800
2015-09-15,98.27267456054688,98.57721173021712,96.999165088295,97.35907009220685,30020200
2015-09-16,98.82638549804688,98.91867462005794,97.9496951643137,98.29114661000877,31329100
2015-09-17,98.86328887939453,100.33983018132771,98.41110180202962,98.72486929292518,56139800
2015-09-18,97.45716094970703,98.61351076415016,97.29064629411526,97.34615588451196,48384000
2015-09-21,97.76243591308594,98.5672578993778,96.88361290492963,97.99370586868486,35772600
2015-09-22,96.30083465576172,96.59685999824838,95.40350585134257,96.26383060572579,47359700
2015-09-23,96.37483978271484,96.81888131164678,95.87529570934166,96.5598529693861,21775100
2015-09-24,96.02332305908203,96.38410375546007,94.60794449121259,95.44051804354712,38284300
2015-09-25,95.20923614501953,97.14265710115517,94.61718548328437,97.05015050859666,44700000
2015-09-28,92.4987564086914,94.8669662431524,92.22123661581462,94.8022109190344,44077500
2015-09-29,92.01770782470703,93.6736018553655,91.35164910200639,92.73001631227285,49315500
2015-09-30,94.13614654541016,94.23790591410864,92.97054372255515,93.33132437237684,41411400
2015-10-01,94.5616683959961,94.57092117116908,93.05378364377842,94.30264715354876,39339100
2015-10-02,96.21754455566406,96.21754455566406,92.95201424268924,93.24803947355329,59370900
2015-10-05,97.59595489501953,97.85497620530312,96.71713158401431,96.9298960641181,32853500
2015-10-06,97.13339233398438,97.68843887861863,96.3748270761643,97.36466231573196,33051500
2015-10-07,97.71620178222656,97.92897329620087,96.47659792020404,97.74396011189323,37389300
2015-10-08,98.10472869873047,98.27124336725284,96.40257796963527,97.34616344386188,50188900
2015-10-09,98.54876708984375,98.73378731667448,97.88270838885309,98.15098242440766,23916200
2015-10-12,98.78927612304688,98.9742892663588,98.38223873840185,98.7337735916131,16162000
2015-10-13,98.1509780883789,99.2240741831909,98.05847150795022,98.22498617584174,26999600
2015-10-14,97.99372863769531,98.6412818407128,97.5866911627697,98.1509905501709,30902600
2015-10-15,99.60338592529297,99.61263870370834,98.22501836908637,98.35452903569359,38393800
2015-10-16,100.01964569091797,100.07514822884272,99.33508145344672,99.81612697479407,27091100
2015-10-19,100.59319305419922,100.65794836920307,99.66811309254405,99.89013736495728,23776300
2015-10-20,100.07514953613281,100.63019609603052,99.73286741292593,100.4174316593397,23404700
2015-10-21,99.464599609375,100.68570494074923,99.4276026198246,100.58395263278506,30195200
2015-10-22,101.49050903320312,101.57376988937855,100.06588522377143,100.35266477526554,42778700
2015-10-23,104.33052825927734,104.75606424084562,103.67372226221758,104.21952316883392,53170900
2015-10-26,104.39527893066406,104.59879766447828,103.85873082475395,104.2565155159907,25918000
2015-10-27,104.6080322265625,104.75604133405581,104.08998270583785,104.11774103017962,31390500
2015-10-28,105.47761535644531,105.47761535644531,103.92348072037122,104.76530688306973,42221900
2015-10-29,105.31107330322266,105.48684071079823,104.88553747343809,104.99654958208555,24913300
2015-10-30,104.83931732177734,105.53312731666774,104.81156605122978,105.3573598594661,27199200
2015-11-02,106.02342224121094,106.15293288010075,104.89482348134219,105.11684071118178,22176900
2015-11-03,106.3934555053711,106.77273464504415,105.65338866326691,105.8106505734289,20418400
2015-11-04,106.40271759033203,106.81900789972254,105.95868306301071,106.74499979256846,28633000
2015-11-05,106.11592864990234,106.75423612462043,105.5608820473564,106.4952148472857,25004100
2015-11-06,106.18992614746094,106.31018399770684,105.23709494759015,105.91239934498606,29924900
2015-11-09,105.06134033203125,105.93091783203035,104.4137871242451,105.79215441384741,33479800
2015-11-10,104.79302215576172,104.89478148240312,104.19171896864378,104.50624972129835,35452100
2015-11-11,104.66355895996094,105.58863903353867,104.4877914874849,105.07984216995058,22748800
2015-11-12,103.64595031738281,104.74679763005419,103.57194223331429,104.23800087433229,31196900
2015-11-13,101.61080169677734,103.32220564424186,101.55529914550443,103.2111934838945,52836000
2015-11-16,103.07242584228516,103.09093139715542,101.27777519893927,101.50904523020868,33980600
2015-11-17,103.13715362548828,103.8772203510328,102.87813238888751,103.24816575165977,30579500
2015-11-18,105.11683654785156,105.21859591120612,103.45169680330447,103.55345616665905,32966500
2015-11-19,105.19085693359375,105.67190253617669,104.98733818310104,105.17235843709487,26188100
2015-11-20,105.9031982421875,105.98645208332329,105.58866726302371,105.69042666294705,22727600
2015-11-23,105.5978775024414,106.32869150848205,105.14459030399085,105.94015256629596,20696200
2015-11-24,105.50537872314453,105.75514722221043,104.38602569212208,104.91332807710643,26374400
2015-11-25,105.5978775024414,105.7921434446345,105.37586029104928,105.66263281650578,14159900
2015-11-27,105.7458724975586,105.95864396266026,105.38509193056794,105.8291333518328,8828000
2015-11-30,105.47761535644531,106.06042025609815,105.13534028362072,106.06042025609815,25041600
2015-12-01,106.53224182128906,106.53224182128906,105.77366926327478,105.90318698761531,28639400
2015-12-02,105.87539672851562,107.07800347839071,105.71813483196576,106.61546350656181,22395500
2015-12-03,104.08073425292969,106.34717702645061,103.46092539930888,106.16216388249752,42754300
2015-12-04,106.51371002197266,106.68947747945651,104.18251154082995,104.3952759872365,40037300
2015-12-07,106.03266143798828,106.65246328155409,105.52386466622555,106.58770797040243,25892100
2015-12-08,106.04192352294922,106.38420568203881,104.88557346118793,104.92257751010037,30792600
2015-12-09,104.43226623535156,106.16216813762583,103.79395886487082,105.57936330099581,48509200
2015-12-10,104.9040756225586,105.60713841356069,104.35827474099894,104.67280561768426,30154600
2015-12-11,102.48961639404297,103.96974301637917,102.42486107487203,103.69221618690344,56022200
2015-12-14,103.26667785644531,103.31293467956421,101.18524785650068,102.6283774557665,53098500
2015-12-15,103.8957290649414,104.79305776416301,103.76621843389913,104.21951270034718,48428000
2015-12-16,105.44062805175781,105.61638846336577,103.5072070616644,104.59880181174853,44944100
2015-12-17,103.90498352050781,105.90315967369074,103.8864850262599,105.90315967369074,45668800
2015-12-18,101.91181182861328,103.81401290528059,101.91181182861328,103.58203664622212,53746100
2015-12-21,103.04386138916016,103.0624163757406,102.11595631435225,102.87683819252058,26432800
2015-12-22,103.72124481201172,103.86971304595072,103.04387796289143,103.59133864699263,26540300
2015-12-23,104.49141693115234,104.5656510545755,104.07386237576947,104.2594406049717,25656900
2015-12-24,104.47284698486328,104.760502421604,104.42645597073776,104.49140905399759,11468600
2015-12-28,104.41719818115234,104.43576025441888,103.47073774590378,104.22233888799401,19183600
2015-12-29,106.0595932006836,106.29156955757104,104.97393847013933,105.03889156689355,27725700
2015-12-30,105.10384368896484,106.00391307803838,105.08528869550281,105.96679601175781,19520100
2015-12-31,103.79549407958984,104.92753975087214,103.77693200796051,104.73268047490068,29886800
2016-01-04,101.60562896728516,101.6984180801513,100.32512221927914,101.55923087117432,50807600
2016-01-05,101.4293212890625,102.2366014105183,100.95609470553988,102.10669524099971,38795200
2016-01-06,100.45502471923828,101.03960248033528,99.66630666968844,99.66630666968844,41891100
2016-01-07,97.30945587158203,99.55498556418011,97.25377672559476,98.3115884677065,61386300
2016-01-08,96.51140594482422,98.6270283198167,96.4093358232804,98.01460759055378,69344000
2016-01-11,96.80835723876953,97.48572411247874,95.32371024226103,97.19807574797389,50024100
2016-01-12,97.9311294555664,98.43219918368739,96.57638852221224,97.73627018563421,46734200
2016-01-13,94.5535888671875,98.57142210366432,94.40512056240055,98.33016464806474,69870700
2016-01-14,96.56709289550781,97.41149001698237,93.4122138318275,94.92470382318199,78445700
2016-01-15,93.56995391845703,94.59065526865436,92.3358454230128,93.3658207277722,91443900
2016-01-19,93.77410125732422,94.98966193527504,92.67917279131994,94.84119369883473,56563800
2016-01-20,93.48648071289062,94.48862036895792,90.23881140772818,92.2987627854141,86675000
2016-01-21,93.5792465209961,94.97110444767235,92.6235052107086,93.88545696391019,61660100
2016-01-22,96.28873443603516,96.32585149931944,95.13813379164617,95.46289924618871,42229800
2016-01-25,94.8597412109375,96.49284908503408,94.77622607091722,95.94538847572257,38881500
2016-01-26,95.71344757080078,96.12172115051898,94.42365957529422,95.25877588733073,36143900
2016-01-27,93.3287124633789,95.56496045185013,92.9297129196294,95.15668695266491,54524700
2016-01-28,94.64633178710938,94.91542514857571,93.03177869766631,94.87830809050915,47641500
2016-01-29,96.62275695800781,96.65987401208484,94.59064957260826,94.61848559332748,54245100
2016-02-01,96.8825912475586,97.24447373131353,95.78766276150752,96.15881920069342,32750300
2016-02-02,94.78553771972656,96.47432525909775,94.49788223269331,96.43720819369487,44928100
2016-02-03,94.33084869384766,95.41649610945949,92.67917144454876,95.41649610945949,61572900
2016-02-04,94.32157135009766,95.07317234733772,93.19880683198218,94.08031399962535,49321600
2016-02-05,91.04606628417969,94.02464130696967,90.67490276583978,93.98752424720016,70749900
2016-02-08,89.6541976928711,90.05319718854838,88.00252058747957,89.34798729585853,91673100
2016-02-09,89.37583923339844,90.7305801373454,88.31802774566785,88.45721495812835,73778400
2016-02-10,89.71916198730469,91.57497251004563,89.65420890218297,90.40580989849934,59421700
2016-02-11,89.58927154541016,90.30375560718436,88.32731960204882,88.57785095168595,76839200
2016-02-12,90.95329284667969,91.04608905899374,89.75630099662756,90.60069130970032,49186500
2016-02-16,93.00395202636719,93.00395202636719,91.72343817204566,92.29874201089704,40565900
2016-02-17,95.11029052734375,95.24019669927657,93.44005820341408,93.68131555672734,41766500
2016-02-18,94.02464294433594,95.42577480841972,93.90401072814547,95.40721981788947,38991500
2016-02-19,94.30302429199219,94.59067978312248,93.36584492480762,93.56997816839637,28257900
2016-02-22,95.83406829833984,95.92685742219653,95.09174822812999,95.18453735198668,23979100
2016-02-23,94.25662231445312,95.5371290831647,94.19166922646099,95.27731673119618,29869700
2016-02-24,95.15666961669922,95.27729472958517,92.57708752511564,93.15239122830693,40739100
2016-02-25,96.09385681152344,96.09385681152344,94.49785879187905,95.35153692567218,29389300
2016-02-26,95.97322845458984,96.84546154741369,95.74125217069877,96.82689948026396,30925000
2016-02-29,95.11029052734375,96.59493754897267,95.11029052734375,95.88045360334218,27553900
2016-03-01,98.16307830810547,98.16307830810547,95.72269052000519,96.01961985954345,37699800
2016-03-02,98.2001953125,98.21875029899475,97.43931343784524,98.04245314955601,29209800
2016-03-03,98.01464080810547,98.125992000078,97.30943783034768,98.0981559719239,25474600
2016-03-04,98.0517349243164,98.68271070577661,97.40220415488137,98.12596903492452,31655400
2016-03-07,97.44860076904297,98.11669364423118,96.75267187061439,97.55067090716088,25861200
2016-03-08,96.64134216308594,97.62491955388069,96.47431891942684,96.78052937936117,28898500
2016-03-09,97.26300811767578,97.28156310396234,96.4650091996319,97.00319583354127,31047400
2016-03-10,97.11455535888672,98.22803869524124,95.8618777562949,97.67129702706399,44236100
2016-03-11,98.81262969970703,98.81262969970703,97.85688840933709,98.1630988458698,31454000
2016-03-14,98.97964477539062,99.2116210725558,98.41362204395922,98.44145806692228,25374900
2016-03-15,98.9425277709961,99.05387894226237,98.31155195919672,98.6270434047738,26524600
2016-03-16,99.82406616210938,100.08387854539725,98.67345835132518,98.7013014604116,31693100
2016-03-17,99.76837921142578,100.00035554682,99.16524640288559,99.53640287603157,29623700
2016-03-18,99.92471313476562,100.175987572836,99.39423856519106,100.00846891400431,37682300
2016-03-21,100.31556701660156,100.40863134118686,99.69202823149193,99.74786540617254,17288600
2016-03-22,100.62271118164062,100.85537560225086,99.72928065853989,99.74789068803267,18840300
2016-03-23,99.79443359375,100.50172837104844,99.57107062163509,100.42728114736528,20912900
2016-03-24,99.82235717773438,99.85027577555489,99.14297386256142,99.31049254983999,19017300
2016-03-28,99.68277740478516,100.12018779407049,99.50595011540845,100.10157065815876,13892300
2016-03-29,101.28349304199219,101.34863880588435,99.32911302487133,99.49663171778774,29963900
2016-03-30,101.77674865722656,102.40959631414366,101.56269421576442,101.88843016151415,23807200
2016-03-31,101.62783813476562,102.08386561037102,101.46962799850556,101.70229246960196,21447200
2016-04-01,102.70738220214844,102.74460936141611,100.87398543525428,101.01358550741942,26389000
2016-04-04,102.31654357910156,102.78187258268073,102.07457050914041,102.70741823802236,17163000
2016-04-05,101.33002471923828,101.9070351455972,101.19973318753723,101.52546201678986,20107900
2016-04-06,102.9958724975586,103.03309965273709,101.43236748183068,101.43236748183068,25056000
2016-04-07,101.51617431640625,102.58643241510038,101.07876392908594,102.400296558604,28567200
2016-04-08,101.44171905517578,102.3909870634617,101.0880715815706,102.14902110274298,22898000
2016-04-11,101.06944274902344,102.39097521363149,101.06013418227099,101.87911764794269,25772100
2016-04-12,101.91635131835938,102.11178863049662,100.52966589834921,101.1439035368004,28564100
2016-04-13,103.21928405761719,103.37749421639691,102.56781918560402,102.69811073993522,25356700
2016-04-14,103.22856903076172,103.61014216487283,102.37236549615207,103.23787759754288,17199700
2016-04-15,102.96798706054688,103.35886166524666,102.70740399074701,103.14481432949226,21353300
2016-04-18,103.51704406738281,103.5542641216673,102.60499652963045,102.67014227515892,17126100
2016-04-19,102.88421630859375,103.71250113167274,102.2606702246363,103.71250113167274,42481400
2016-04-20,102.96798706054688,103.44262456645727,102.53057672180162,102.8842312596924,18078300
2016-04-21,102.9772720336914,103.34953651969495,102.51194320127559,102.91212628116737,20216000
2016-04-22,101.42308044433594,102.11176516220954,100.62271424504168,101.6371277416153,39074000
2016-04-25,101.42308044433594,101.4323819091882,100.9298258933275,101.11596169569526,14351900
2016-04-26,100.9298324584961,101.80465303564179,100.62272079023363,101.63713435279166,19118300
2016-04-27,100.12018585205078,100.35285034393581,99.29190082896864,99.89682282758426,33059800
2016-04-28,98.9103012084961,100.8181523719946,98.71486393960947,100.23183346497984,29818200
2016-04-29,98.38917541503906,99.11508759659066,97.60741891927427,98.91034167864373,67502800
2016-05-02,99.3198013305664,99.45940142032619,98.23093341107999,98.64041801392504,24813800
2016-05-03,98.39845275878906,99.05921894770533,98.13786260932348,98.61250007754848,38569400
2016-05-04,97.7656021118164,98.16578523911306,97.5236291021973,97.80282217450673,27474500
2016-05-05,97.7376708984375,98.33329837319843,97.5422336287438,98.1192439728549,20788100
2016-05-06,98.25886535644531,98.27747539077536,97.16068872170379,97.25375309406701,30758500
2016-05-09,98.53805541992188,98.99408290097574,98.22163514362124,98.26816377818274,19289600
2016-05-10,99.88751220703125,99.93404084093055,98.71488128728416,98.8917085570275,21178900
2016-05-11,98.98474884033203,100.03638943527348,98.95683024671435,99.7385792694274,20966300
2016-05-12,98.54735565185547,99.33841337605577,97.84936228926304,99.21743041600111,29196300
2016-05-13,98.18441009521484,99.06853227488702,97.98897278498278,98.46361031003575,21059300
2016-05-16,99.4128646850586,99.77582065455064,98.24023388343134,98.3333053425671,18311900
2016-05-17,98.16580963134766,99.61763384910081,97.90521942527661,99.32913213925426,29932700
2016-05-18,98.51942443847656,99.0498990421079,97.75628541043929,97.94241410982214,27524400
2016-05-19,98.0075912475586,98.37985586588152,97.29098771508147,98.13788279891807,27334600
2016-05-20,99.08714294433594,99.48732610594537,98.34261382029553,98.39845811982993,29549600
2016-05-23,98.95684051513672,99.55246090863443,98.86377615996929,99.19880641850098,15729800
2016-05-24,100.93914031982422,101.06012327312231,99.47800791307841,99.50592650996603,29931300
2016-05-25,101.6650619506836,101.97218074649182,101.14389582472245,101.32072308904038,37951700
2016-05-26,101.9628677368164,102.09315926262923,101.52545742857808,101.76743044809716,21885900
2016-05-27,102.49334716796875,102.50265573463231,102.0094082068032,102.02801823977435,19870000
2016-05-31,102.68878936767578,102.84700660708499,102.1676232153338,102.63295216574093,24366100
2016-06-01,102.69808959960938,102.93075405592946,102.28860498472794,102.37236078083242,19571500
2016-06-02,102.91216278076172,102.92146424845373,101.93496904596789,102.49336242283994,15696600
2016-06-03,102.42821502685547,102.76325246775,101.75814014506642,102.71672382895497,20269900
2016-06-06,102.80047607421875,103.07036773115578,102.43752004256196,102.6143473247792,12502400
2016-06-07,102.53986358642578,102.95865670277408,102.49332786222946,102.8562837898259,12184300
2016-06-08,102.71668243408203,102.93072970706316,102.3351094078097,102.71668243408203,14568700
2016-06-09,102.54917907714844,102.66085346219428,102.10246023589974,102.29789751008508,17571600
2016-06-10,101.3858642578125,101.81396599906358,101.0322097452118,101.61852871068955,32965000
2016-06-13,100.53894805908203,101.37654139135905,100.40865655187834,100.80883963839099,25154700
2016-06-14,100.53894805908203,100.90190398634297,99.80372763965858,100.26905647977307,24588500
2016-06-15,100.25045013427734,100.92052482472252,100.08293146166604,100.78092474748729,24605700
2016-06-16,100.54827117919922,100.64133554062306,99.11505729213414,99.75721345656318,32079900
2016-06-17,99.36971282958984,100.48014764263515,99.13642868360668,100.34017573119182,29208800
2016-06-20,99.99493408203125,101.00271632646364,99.92028143599384,100.52682172632852,20562800
2016-06-21,100.31217956542969,100.51747074641374,99.93892351993749,100.12555510231705,22804100
2016-06-22,100.06956481933594,100.95604884166173,99.98558594440637,100.36816824008628,22724200
2016-06-23,101.49725341796875,101.515920134656,100.4241521442451,100.84406071924423,18714200
2016-06-24,97.31680297851562,99.37903371586626,97.10217845867088,97.88601679281447,68012700
2016-06-27,95.38521575927734,96.67294158780945,94.94664045788308,96.67294158780945,48222600
2016-06-28,97.47547149658203,97.52213118535362,96.39303648591726,96.43968905541988,28260600
2016-06-29,99.2017593383789,99.40705054947419,98.1939771227798,98.24062968576729,31356700
2016-06-30,100.34947967529297,100.41479893225073,99.03375406037432,99.36968370166143,36300800
2016-07-01,100.8533935546875,101.2266495745662,100.26551300961698,100.30283932353149,19902800
2016-07-05,100.2375259399414,100.46148383657929,99.69630503530017,100.32151193099733,21167900
2016-07-06,101.0587158203125,101.10536838761217,99.44438606324883,99.7616562695223,24579300
2016-07-07,101.3572998046875,101.58125059473973,100.88139814646766,101.1520086141116,19161700
2016-07-08,102.92497253417969,102.98095845348635,101.73055167458718,101.8985165517746,29457900
2016-07-11,103.51283264160156,103.8954149061051,103.26088891807646,103.27021515724168,20218500
2016-07-12,104.03539276123047,104.31533657607679,103.89542085380731,104.14737171102239,21906100
2016-07-13,103.78346252441406,104.34334310767431,103.77412916423383,104.2780238249484,21107800
2016-07-14,104.49263000488281,104.68858781857587,104.23134580069213,104.47396328780731,20871000
2016-07-15,104.32466125488281,104.79122949462868,104.09137713500988,104.73523646475805,17999300
2016-07-18,105.01519012451172,105.20181459024049,104.37132361499353,104.38999033312662,20713900
2016-07-19,104.6325912475586,104.95919471193336,104.4459667987156,104.65125796400271,18936700
2016-07-20,105.85501098632812,106.05096880469519,105.07117259359309,105.20181113917113,24997900
2016-07-21,105.61241149902344,106.13496577042457,105.32314140153609,105.92967455829755,18885400
2016-07-22,106.05096435546875,106.17226953719722,105.36044534077367,105.68704169101684,20003400
2016-07-25,106.06031036376953,106.0883033229482,105.70571389612682,105.96699100748418,12968100
2016-07-26,106.1816177368164,106.56420005221385,105.64973014371535,106.02298621870692,21223800
2016-07-27,106.91878509521484,107.19872178207667,106.4708764292625,107.07741659636322,27646100
2016-07-28,107.29206085205078,107.41336606006179,106.75083985766065,107.08676963905673,16939700
2016-07-29,107.52532196044922,107.8145919971036,107.1893922511173,107.5346481995715,22385300
2016-08-01,108.09453582763672,108.36514628468544,107.46933604028295,107.59997458930414,13990100
2016-08-02,107.27339172363281,108.029230155176,106.58287257482462,107.93591791116428,21278400
2016-08-03,107.62796783447266,107.63730119350394,107.12408035505507,107.18939962974008,15011300
2016-08-04,107.93592834472656,108.038573958842,107.33872138220144,107.59067229658243,12835300
2016-08-05,108.97169494628906,109.21431246445016,108.36515471052006,108.48646702923438,23196600
2016-08-08,108.85039520263672,109.05568641142668,108.50513206792017,109.02768633082705,12358200
2016-08-09,109.10234069824219,109.44760383841557,108.86905652443345,108.93437580832918,13276500
2016-08-10,108.82239532470703,109.19564427776426,108.53311813104003,109.16765131821171,14688400
2016-08-11,109.28897857666016,109.52226276384792,108.97170838006522,109.19565920637032,12969800
2016-08-12,109.36360931396484,109.37294267358513,108.98102700074257,109.10233219873648,19379000
2016-08-15,109.83016967773438,110.0821205343783,109.46624699081929,109.50357330733199,11777800
2016-08-16,109.22362518310547,109.63420038324817,109.20495846716896,109.6248741445461,14161400
2016-08-17,109.41959381103516,109.45692012733511,108.64508876616138,109.25162894731875,15980300
2016-08-18,109.44758605957031,109.60621756336757,109.13031593270897,109.316947513,10036300
2016-08-19,109.41959381103516,109.66220418808459,108.95302553618593,109.25162894731875,18743000
2016-08-22,109.50357818603516,109.69020977691359,109.0556766064614,109.26096067752681,14500600
2016-08-23,109.69952392578125,110.11943961952363,109.65287137265418,109.93280804921598,11997900
2016-08-24,108.99034118652344,109.7741723943151,108.62641853729642,109.62487426299268,17728700
2016-08-25,108.81305694580078,109.14898668347055,108.57977280126717,108.71041135266462,24266300
2016-08-26,108.97169494628906,109.68088078130825,108.31850215039476,108.85038974684227,23896000
2016-08-29,109.1209945678711,109.41026463116111,108.9810226562166,108.99968225544586,11184900
2016-08-30,108.76640319824219,109.26096447253015,108.3931542420556,108.94370143591806,19843300
2016-08-31,108.6544418334961,108.76641368343928,108.19719971533416,108.59844878925632,16169800
2016-09-01,108.9343490600586,109.06498759577242,108.15985120383127,108.6917387047422,20944700
2016-09-02,109.28897857666016,109.6995539050081,108.8783961290438,109.475603078703,18088200
2016-09-06,109.97015380859375,109.97015380859375,109.23297499387743,109.47559251854466,18525200
2016-09-07,110.03546905517578,110.22210065164094,109.61556042184723,110.07279537446883,17546900
2016-09-08,109.3916244506836,109.736880492217,109.1023472167751,109.70888752877033,20125300
2016-09-09,106.63886260986328,108.71976061598626,106.62020300804848,108.47714307678504,50813300
2016-09-12,108.5517578125,108.70105593268266,106.03228529130195,106.04161864858388,39646000
2016-09-13,107.58133697509766,108.3278421050166,107.05878267222757,108.01057902663645,45863900
2016-09-14,108.09453582763672,108.68241641749898,107.66529386381472,107.69329394083381,28221800
2016-09-15,109.77420806884766,109.94217297071215,108.11322577222565,108.12255913323715,38521400
2016-09-16,109.7218246459961,109.83408417549336,109.17924762575059,109.65634170473234,27596500
2016-09-19,109.24468231201172,110.33918547700684,109.02952723022746,110.00241417437724,16222900
2016-09-20,109.45052337646484,109.89955430500196,109.263431319552,109.6376154333777,18078600
2016-09-21,110.52631378173828,110.68534273409132,109.27277423841045,109.91825392833096,31546800
2016-09-22,111.4056625366211,111.52727879783609,111.05954151526647,111.1717938953363,22614400
2016-09-23,110.69471740722656,111.32148371185866,110.53568842911487,111.32148371185866,22213400
2016-09-26,109.76856231689453,110.19888682016038,109.60953338231116,110.06792097555017,16403900
2016-09-27,110.85372924804688,110.9098554346789,109.59084008909754,109.69374285599233,20238400
2016-09-28,111.04080200195312,111.1062849206811,110.4701620799938,110.9940325669205,14794300
2016-09-29,110.23629760742188,111.05951963027009,109.75921081192917,110.85371412455804,27207500
2016-09-30,111.05953979492188,111.38695446022795,110.41406007110102,110.52631958653643,25543200
2016-10-03,110.90050506591797,111.04082053153344,110.47018051435039,110.91921141563202,19216400
2016-10-04,110.73210906982422,111.47113471410606,110.3111413008239,111.22790936782387,21239700
2016-10-05,111.1250228881836,111.48050064858488,111.01276337258635,111.05953995502797,14481300
2016-10-06,111.06889343261719,111.30276206373883,110.52631649550996,110.98469701411919,11987100
2016-10-07,110.82566833496094,111.33082543589926,110.2830913964971,111.17178934213969,19984200
2016-10-10,111.52728271484375,111.77050810871167,111.34954025735126,111.3963168420929,19687300
2016-10-11,109.93698120117188,111.4524527514116,109.45053750812879,111.43374639814685,27774400
2016-10-12,109.8434066772461,110.21759787945867,109.50663530896514,110.0398554525594,14267800
2016-10-13,109.45052337646484,109.7498749497881,108.45892262803869,109.09504561348865,22821000
2016-10-14,109.58148956298828,110.43277483976225,109.51600662916755,109.99310065392115,21313300
2016-10-17,109.2821273803711,109.73115826662736,109.14180478234702,109.48793290585922,14182700
2016-10-18,110.25504302978516,110.76955694310635,110.198916834552,110.58245773048719,19276700
2016-10-19,110.24565124511719,110.40468017246985,110.04920248713395,110.17081158385608,13702900
2016-10-20,110.1147232055664,110.35794861960561,109.4786001406907,110.13343669585693,18132200
2016-10-21,110.52631378173828,110.59179671136036,109.8340646490043,110.19889913362789,15707800
2016-10-24,111.85469055175781,111.9295302279227,111.21856757856499,111.23728106615837,19143000
2016-10-25,111.49922180175781,111.93889601335988,111.33083608533798,111.92018252425494,20341800
2016-10-26,110.7414779663086,111.34953786938574,110.4140632914531,110.77889780587846,20463700
2016-10-27,110.23629760742188,111.31209457276016,110.07726867559097,111.21854856210099,19099800
2016-10-28,109.5440673828125,110.48889866812175,109.20729597690236,109.91825862683535,35369300
2016-10-31,109.441162109375,109.94631920668733,109.38503592204168,109.94631920668733,18749400
2016-11-01,108.617919921875,109.64694020908718,107.67308889459635,109.62823386369165,23498700
2016-11-02,107.74795532226562,108.79568935230375,107.47666685545832,108.5431072355399,26960100
2016-11-03,106.69085693359375,107.9256828417436,106.56924069526255,107.57019800613323,36205200
2016-11-04,106.31668090820312,107.14925266224927,106.12958172144296,106.42893328315502,26997500
2016-11-07,108.84246063232422,108.95472014579153,107.8602166536265,108.03795196190268,26591200
2016-11-08,109.55342864990234,110.0492290354341,108.4776314553328,108.7302135887463,20777900
2016-11-09,110.0585708618164,110.2363061547188,108.14084537764633,108.27181123014438,70234400
2016-11-10,108.28118133544922,110.74147688196399,106.8311928990096,110.59180466225472,72825400
2016-11-11,108.32794952392578,108.56181814799548,107.42988772684662,107.81343569613084,41115200
2016-11-14,107.23345184326172,108.45892843408818,106.67216850537194,108.35602565614614,35906000
2016-11-15,108.72084045410156,109.09503165716214,107.88826877427113,108.04729771601322,31796600
2016-11-16,109.3663558959961,109.44118845141767,108.20636207313794,108.20636207313794,16538100
2016-11-17,110.16148376464844,110.18019011511164,109.08568661685395,109.31019850793402,20598600
2016-11-18,109.7498779296875,110.47954696340565,109.6469751544601,110.29245490141294,16428700
2016-11-21,110.89116668701172,110.99406947024066,109.98375512786852,110.0211749705977,20268500
2016-11-22,111.22792053222656,111.49920899625175,110.95663206820137,111.33082329917075,18850600
2016-11-23,110.77890014648438,110.98470569991468,110.29245649600755,110.86309657157167,22926000
2016-11-25,111.13435363769531,111.18112307209311,110.77886882333773,110.90983465901597,7162800
2016-11-28,110.88177490234375,111.39628865589711,110.76952254673427,110.9940343950562,13479000
2016-11-29,111.26533508300781,111.79855524224796,110.66663199674183,110.98468988883774,18553000
2016-11-30,109.91825103759766,111.4430718656129,109.88083120206856,111.4056520300838,30405300
2016-12-01,108.01925659179688,109.89020585047636,107.85087087303152,109.88084910579356,39796600
2016-12-02,108.234375,108.6646994639971,107.78535132719816,108.08470282143358,32876800
2016-12-05,109.0763168334961,109.50663421375056,108.29987134566365,108.79567878747109,21419700
2016-12-06,109.33824920654297,109.52534837548527,108.8798687325655,109.38502578305443,27293300
2016-12-07,110.72276306152344,110.86308566479407,108.78633112028025,109.11374576984232,26622400
2016-12-08,110.91922760009766,111.19987284648624,110.55439306205555,110.76955536923415,18578400
2016-12-09,111.7891845703125,111.8266044006796,111.32144739637813,111.33080413824563,21863100
2016-12-12,111.2840347290039,111.51790333102444,110.82565426743257,111.29339147147365,23259300
2016-12-13,112.6872329711914,113.29529269172139,111.62079284347529,111.62079284347529,54477900
2016-12-14,112.45338439941406,113.19241008202187,112.12596976461408,112.82757561222992,28746000
2016-12-15,112.63111877441406,113.29530473952617,112.33176725299589,112.6030556844535,22762300
2016-12-16,112.2136001586914,113.13307930795675,111.98842436715658,112.90789635821258,26283900
2016-12-19,112.67334747314453,113.36765090062329,112.16670368084715,112.32620291761522,21138700
2016-12-20,113.10494995117188,113.31135694830694,112.89853579582639,113.02988895682617,11461800
2016-12-21,113.02047729492188,113.22689140050306,112.76715544784139,113.15183042425379,7079300
2016-12-22,112.70148468017578,113.05801359838556,112.2605103697898,113.02986752039651,16645000
2016-12-23,112.77655792236328,112.82347283256323,112.41064452907666,112.5138516049483,9007500
2016-12-27,113.35826110839844,114.01502685110948,112.97358607572761,113.02049382408713,16110600
2016-12-28,112.4762954711914,113.7053956878146,112.40124165347326,113.60218863546741,17975200
2016-12-29,112.31680297851562,112.71086238836894,111.96027405886868,112.44815611513339,13267500
2016-12-30,111.16278076171875,112.5419888194657,110.84377514555945,112.53261156473287,41749000
2017-01-03,112.15734100341797,112.57954663155881,111.54748286193896,111.9040118999643,22307600
2017-01-04,112.7671890258789,112.97360319292287,112.26992243702438,112.27929969319123,19749100
2017-01-05,113.40518188476562,113.48023571766754,112.6827323721801,112.6827323721801,20644300
2017-01-06,114.39971160888672,114.6999484063213,113.236294913604,113.5271472978722,24074300
2017-01-09,114.77499389648438,114.98140800901169,114.41845782640671,114.49351880518189,18909200
2017-01-10,115.02835083007812,115.37550259412087,114.5592303069879,114.82193665460464,16176600
2017-01-11,115.33795928955078,115.33795928955078,114.48415659636642,115.07525297109723,20686000
2017-01-12,115.15969848632812,115.23475948439689,114.09010431758597,114.92513823602133,19622500
2017-01-13,115.55376434326172,115.75079409316355,115.21599701251266,115.21599701251266,16930800
2017-01-17,115.20658874511719,115.4317645329244,114.86882148430175,115.25349649021369,14538500
2017-01-18,115.44116973876953,115.55376123205801,115.08464074733847,115.37549315723722,12499700
2017-01-19,115.38488006591797,116.01349981106274,115.14093540429064,115.61005589915284,12710700
2017-01-20,115.6382064819336,116.18238799511333,115.32858522530951,115.89152840940088,22091000
2017-01-23,115.73200225830078,115.90088589010293,115.00017557322792,115.56311862649864,17434200
2017-01-24,116.51078796386719,116.68905607555102,115.76019216982034,115.95722195515994,17640900
2017-01-25,117.68354034423828,117.71168642209103,117.13935897838812,117.2425660359876,15036200
2017-01-26,117.8055419921875,118.04948666543794,117.59912781929953,117.84307249254996,16052200
2017-01-27,118.03070068359375,118.14328500328111,117.6460185027698,118.05884676351559,15053000
2017-01-30,117.11127471923828,117.63668753839322,116.46388595405611,117.63668753839322,25006700
2017-01-31,116.8766860961914,116.90483218208479,116.20115140190586,116.69841800791853,19091100
2017-02-01,117.68354034423828,117.91810053729,117.14874339040871,117.70230201007044,22861900
2017-02-02,117.58032989501953,117.93685880121878,117.1487400112387,117.47712284039707,15101400
2017-02-03,117.9181137084961,118.04008244555139,117.58973083318581,117.7023151571723,16957200
2017-02-06,118.05884552001953,118.0776071870333,117.608486771385,117.721078248096,11630100
2017-02-07,118.4904556274414,118.73440028943142,118.19021879661166,118.30280313429114,17541100
2017-02-08,118.68748474121094,118.85636840503675,118.10577275287525,118.33095574345009,12569100
2017-02-09,119.11907196044922,119.38177828512168,118.74377414311262,118.80945072428074,17542700
2017-02-10,119.51312255859375,119.68200620592387,119.17535526393353,119.38176940602699,13915700
2017-02-13,120.18866729736328,120.33877496373266,119.83213116734298,119.87903891830715,19120200
2017-02-14,120.59208679199219,120.60146404591929,119.8508757138328,120.2355507129077,16333500
2017-02-15,121.30513763427734,121.36144410384559,120.44195788099042,120.50764160394466,17891400
2017-02-16,121.26762390136719,121.62415998809516,120.95800271811689,121.38020821657875,15098300
2017-02-17,121.79303741455078,121.80242898517096,121.07058798130997,121.08935680613169,15563700
2017-02-21,122.39354705810547,122.46860806311118,121.96196417485122,122.02763360646692,18479600
2017-02-22,122.4404525756836,122.52489083117388,122.07453915213726,122.28095332095025,12110900
2017-02-23,121.98069763183594,122.62808616138456,121.49282265815266,122.62808616138456,17489000
2017-02-24,122.21522521972656,122.21522521972656,121.38958316056461,121.42710648835612,18624500
2017-02-27,122.36537170410156,122.3747489588259,121.78366694996485,121.99008108525584,12008700
2017-02-28,121.99008178710938,122.3935184888687,121.65231450163715,122.3372263273599,16598600
2017-03-01,123.3223876953125,123.54755635155836,122.53426876561171,122.76882899348125,25813800
2017-03-02,122.70314025878906,123.31299109983605,122.55301828312778,123.29423659019307,19951400
2017-03-03,122.92832946777344,122.96585280538537,122.29031819700805,122.6187082458988,13722700
2017-03-06,122.65620422363281,122.86261832550619,122.16832936140219,122.5248510966604,12026200
2017-03-07,122.44981384277344,122.98461802388883,122.23402244589067,122.41229050626248,15500900
2017-03-08,122.66561126708984,123.05027912690826,122.40290498000554,122.52486655273967,15776000
2017-03-09,122.7594223022461,122.92831309004929,122.1026566083857,122.63746073394098,20855300
2017-03-10,123.27545928955078,123.47249615861334,122.74066947309859,123.32237419327221,21922600
2017-03-13,123.48189544677734,123.51004153074885,123.16289695081963,123.22856637461274,10731600
2017-03-14,123.18165588378906,123.24733962636085,122.68438929388307,123.2004247125841,14019700
2017-03-15,123.94163513183594,124.23248753549804,123.04091752126291,123.43497700200713,22709100
2017-03-16,123.85714721679688,124.17615992899871,123.57568646546682,124.17615992899871,18457300
2017-03-17,123.81394958496094,124.14300834417429,123.74812922539905,124.01138197124922,21234500
2017-03-20,123.92676544189453,124.20882604818895,123.59770668971635,123.77633120571106,10105200
2017-03-21,122.04634094238281,124.50963978957145,121.9711238486878,124.39682132212579,35841900
2017-03-22,122.87373352050781,122.99596310983107,121.92413011951196,122.08397543456356,29177900
2017-03-23,122.56348419189453,123.05238826622009,122.35664071222594,122.71391842187128,20311700
2017-03-24,122.81732177734375,123.43783777726753,122.3472256386828,122.95834488046378,22967600
2017-03-27,123.01476287841797,123.23101744685678,121.66088360730832,121.94294417982228,18472400
2017-03-28,123.76689910888672,124.13357348852016,122.74209306660278,123.01474248891716,23721900
2017-03-29,124.34043884277344,124.38745132972274,123.7199084459151,123.85153480165503,13710000
2017-03-30,124.54729461669922,124.67892098544705,124.18062013617323,124.29343863904332,16092400
2017-03-31,124.46267700195312,124.80114684659739,124.22762889723343,124.36865202158613,19841400
2017-04-03,124.3874740600586,124.86696708369072,123.6917264261811,124.56611293539197,23700300
2017-04-04,124.58488464355469,124.60369250771768,123.98316210611105,124.03017459342009,13400000
2017-04-05,124.0771713256836,125.49685644648764,123.84212326518123,124.76350764541587,32011200
2017-04-06,124.14299011230469,124.47206316938845,123.82332816017545,124.19941370344212,18832200
2017-04-07,124.0771713256836,124.45324248400934,123.63527982424354,124.10537594524827,16743100
2017-04-10,124.12421417236328,124.64132290121128,123.78574430858991,124.19943129166832,15619300
2017-04-11,123.58831024169922,124.19944401885336,122.6951301709971,124.01139402822126,33778400
2017-04-12,123.09003448486328,123.67294940559658,122.95840807223952,123.569527628092,15955200
2017-04-13,122.60110473632812,123.64471905731598,122.58231121429232,122.92078111153704,23683000
2017-04-17,123.6164779663086,123.63528582899687,122.90193699230761,122.94894947593042,13325500
2017-04-18,123.42845153808594,123.7857292246992,123.11818633858445,123.20280020766754,12841100
2017-04-19,123.62589263916016,124.37803501405217,123.4566505624721,123.96436244634005,17764800
2017-04-20,124.66011047363281,124.93277431137912,123.93617263398458,124.12420825017635,21977900
2017-04-21,124.63191223144531,124.8199478572672,124.31225023292825,124.77294971046072,22454900
2017-04-24,126.13621520996094,126.25843046594868,125.797745373769,126.01398560777574,22469900
2017-04-25,127.0481948852539,127.2738318642052,126.4370612594689,126.54989409514108,19384400
2017-04-26,126.86954498291016,127.40544710738459,126.79432788108659,127.09518194218559,25398500
2017-04-27,127.63111114501953,127.63111114501953,127.10460572592694,127.17982283525399,16136500
2017-04-28,127.85676574707031,128.18582446933112,127.64992227767341,128.13881198152328,22771900
2017-05-01,128.99444580078125,129.16368796022823,128.2234951856654,128.27990445674664,24815500
2017-05-02,129.21066284179688,129.26708644891536,128.82519477679128,129.15425358087901,18345100
2017-05-03,128.7969207763672,128.96614846797482,128.44903994440776,128.91913599379728,23827600
2017-05-04,128.8439178466797,129.21059218834577,128.39262965990437,128.77811186032568,14630100
2017-05-05,129.31407165527344,129.31407165527344,128.69355550110248,129.17304851709804,19330700
2017-05-08,129.59617614746094,129.59617614746094,129.116682969152,129.37993581365936,13279900
2017-05-09,130.04739379882812,130.3388510894905,129.68070506338165,129.79353788436313,28426100
2017-05-10,130.12265014648438,130.16966264574074,129.66196495389354,130.12265014648438,20499400
2017-05-11,130.0192108154297,130.0568265482315,129.16364656786988,129.76536917691126,27232100
2017-05-12,130.31063842773438,130.33884304469024,129.9627575749559,130.0755903889731,19738600
2017-05-15,130.72434997558594,130.79956709200192,130.24485699790685,130.3670866053576,20481300
2017-05-16,131.26963806152344,131.28844592355944,130.6773266962447,131.0627946177133,21786000
2017-05-17,127.93193817138672,130.4704538181333,127.9131303135938,130.22599470540146,55642200
2017-05-18,129.05081176757812,129.4833066110785,127.74394482331611,127.88498229989595,41319900
2017-05-19,129.59617614746094,130.14148970999875,129.4269483243651,129.511562235913,36730100
2017-05-22,130.686767578125,130.7525879443764,129.84060000135102,129.8875981530161,19509700
2017-05-23,130.81834411621094,131.081596788504,130.47987434523492,131.0722000309916,19687500
2017-05-24,131.42010498046875,131.4859253408821,130.8465869882621,131.21326148516806,15891900
2017-05-25,132.5388641357422,132.87733382128522,131.6362735255638,131.91833398788148,23928600
2017-05-26,132.77395629882812,132.83036554081866,132.388474016965,132.56711284739893,13851600
2017-05-30,132.88677978515625,133.04661075887802,132.62352708182672,132.7081409479977,20306400
2017-05-31,132.83975219726562,133.35686078651503,132.16282699866022,133.35686078651503,33229400
2017-06-01,133.3568878173828,133.4132970665176,132.54832177198946,133.11244295573277,20120700
2017-06-02,134.87997436523438,134.90817898250182,133.61070920342328,133.82694938453838,37222900
2017-06-05,134.851806640625,135.0868547712929,134.66377100533055,134.87061450801426,15727500
2017-06-06,134.31590270996094,135.13386560383643,134.11845597030174,134.69197397592228,22393000
2017-06-07,134.8423309326172,134.95514937850112,134.07138097542543,134.691896773978,18842400
2017-06-08,134.98341369628906,135.19965390562942,134.25005051302963,135.14324466373156,25417400
2017-06-09,131.60816955566406,135.29372320206235,129.85001380510877,135.1433032738313,109783700
2017-06-12,130.9030303955078,131.13807857911127,129.2482963475723,130.4987544058871,104454000
2017-06-13,131.96534729003906,132.15338281737561,130.94993822699223,131.63627435755672,51193000
2017-06-14,131.3919219970703,132.50134243079742,130.32949971858153,132.50134243079742,60093800
2017-06-15,130.8090057373047,130.95002889390065,129.26709039165087,130.06624552269645,55145200
2017-06-16,130.24143981933594,130.8353793535801,129.76064053012254,130.7410982136015,48087400
2017-06-19,132.41917419433594,132.54172237776356,131.30671748944005,131.5047020707893,39626500
2017-06-20,131.3821258544922,132.4568642487866,131.334985303327,132.28717552692373,40935100
2017-06-21,132.68313598632812,132.74912125258436,131.59896080387028,131.68380516846136,35743400
2017-06-22,132.6454620361328,133.13569805942652,132.30607007928054,132.89058724042064,24099100
2017-06-23,133.15457153320312,133.3242603373,132.12695880679942,132.49463226762606,21654300
2017-06-26,132.53231811523438,134.1444189015973,132.24006676713816,133.91816721805444,34411100
2017-06-27,130.1283416748047,132.19297536664178,130.1189193129129,132.03270890276983,65957800
2017-06-28,132.00437927246094,132.11750511503155,129.8549019519389,130.6090934161164,57427200
2017-06-29,129.7135009765625,131.45760138285735,128.45021424853095,131.45760138285735,88769400
2017-06-30,129.76060485839844,130.73163991505092,129.33636861568357,130.08113762975825,68898300
2017-07-03,128.39361572265625,130.5053745905554,128.3087713507021,130.3545449466186,32797000
2017-07-05,129.65696716308594,130.0057815685646,128.36539867985036,128.79905749985858,42116600
2017-07-06,128.4878692626953,129.21379349165883,128.02592925039966,128.66699473084137,48430500
2017-07-07,129.873779296875,130.22260804123698,128.91218062288343,128.9216029837048,36970400
2017-07-10,130.7222442626953,131.03335474031644,129.62864641141155,129.9586159927531,24853500
2017-07-11,131.0899200439453,131.25018646527263,130.04346274034097,130.53369874899494,31517700
2017-07-12,132.6454620361328,132.79630610257425,131.94783340308453,132.2118033267161,36045800
2017-07-13,132.9376983642578,133.25824556545328,132.55118026755088,132.80571341739392,31073600
2017-07-14,133.9841766357422,134.15387981425283,133.10742243349867,133.53165880185142,34544800
2017-07-17,134.05014038085938,134.5215171938533,133.7955928739646,134.12556239717185,25343200
2017-07-18,134.94573974609375,134.97402120117937,133.5316094507028,133.95584566226464,25748500
2017-07-19,135.73768615722656,135.93567078192234,135.28516836756918,135.3417312931162,33752300
2017-07-20,135.9168243408203,136.1713719147777,135.30404007659675,136.08652751855274,36139400
2017-07-21,135.86029052734375,135.86029052734375,135.1438026079724,135.41719496060662,39697100
2017-07-24,136.48240661621094,136.5766733201214,135.6810605139621,135.841326857357,26712700
2017-07-25,136.13360595703125,136.45415309470215,135.76593265039702,136.0299024918125,28120900
2017-07-26,136.5767059326172,136.65212794491993,136.25617316928899,136.47300246386067,18610600
2017-07-27,135.71885681152344,137.6043645981586,134.1538818961484,137.47237962850545,80665900
2017-07-28,135.60568237304688,135.83194842909808,134.6912101762655,134.90805387446093,38013200
2017-07-31,135.0305938720703,136.161895313104,134.73834255820842,135.99220657032419,33848600
2017-08-01,135.34173583984375,135.5302837264284,134.92692185818856,135.4925799032241,20149400
2017-08-02,135.7093963623047,136.24677289257048,134.44610981837917,136.21849143153338,41769700
2017-08-03,135.18145751953125,135.91680428218993,134.93634672707182,135.8413822571377,27112800
2017-08-04,135.42652893066406,135.72821694314365,134.87030784109055,135.48310622196115,29472900
2017-08-07,136.28453063964844,136.28453063964844,135.48319828437772,135.6717462276599,17933900
2017-08-08,136.048828125,137.1424262229877,135.66229553058088,136.02054665568002,30810400
2017-08-09,135.86964416503906,135.93564382194174,134.61578015139327,134.92689056548087,36169500
2017-08-10,132.9566192626953,135.190942039252,132.82463425448705,135.09667525355297,63331700
2017-08-11,133.96533203125,134.2575834322502,132.83401586762236,133.1357040139984,45862500
2017-08-14,135.6905517578125,135.89795875109877,134.99292313065123,135.03062695430245,34161000
2017-08-15,135.7848358154297,136.03938338271638,135.41716238947433,136.02994663763923,25509200
2017-08-16,136.02049255371094,136.66157250230572,135.567974839295,136.1241960283978,31913000
2017-08-17,133.2393798828125,135.69996757340567,133.2393798828125,135.4925606121082,70191000
2017-08-18,133.14511108398438,134.05958339290717,132.59831217043296,133.3148142431532,60751900
2017-08-21,132.9754180908203,133.42793585877735,132.15521255387762,133.13568450061175,37111500
2017-08-22,135.0023193359375,135.14374101411573,133.644751782989,133.69189234238175,36294200
2017-08-23,134.52154541015625,134.82321915340444,134.229294026444,134.32356077764828,25702300
2017-08-24,134.1256103515625,134.97408316419748,133.37140430406257,134.82323907764075,38160800
2017-08-25,133.8427734375,134.98349761014808,133.66364789337766,134.6441200132211,26380400
2017-08-28,134.25755310058594,134.56866353676875,133.82388008446705,134.24811635734204,15362100
2017-08-29,134.78546142578125,135.01172743168902,132.98479889011452,133.10736144147407,24498300
2017-08-30,136.36936950683594,136.5956356607383,134.81383105645256,134.89867546968392,33642700
2017-08-31,137.83058166503906,137.84001840818013,136.68042105360556,136.75584307233814,38480700
2017-09-01,137.64205932617188,138.19828063399493,137.2743859074927,138.00973274485108,22293600
2017-09-05,136.4070281982422,137.52890734567404,135.37943017011415,137.23665601522288,44794300
2017-09-06,136.8218231201172,137.1329335083125,135.83192904590976,136.75582346870738,30722700
2017-09-07,137.14242553710938,137.49123991383436,136.64276706790923,137.07642585216982,22721100
2017-09-08,135.95449829101562,137.0292367824938,135.8130766247319,136.96323712783916,27890100
2017-09-11,137.5194549560547,137.75514334221933,136.9820929159436,137.01979672820787,27126300
2017-09-12,137.84945678710938,138.02858230425764,137.19895438705768,137.90601971141285,30256700
2017-09-13,138.0380096435547,138.0568687474299,137.3875072200332,137.61377331069153,28450900
2017-09-14,137.2272186279297,137.91542476272392,137.14237425212198,137.50062524145991,35296400
2017-09-15,137.6986083984375,138.19826672776736,136.97268399373397,137.19895006910764,46422400
2017-09-18,137.5181427001953,138.29288528695218,137.10242083652608,137.85827745985506,24858200
2017-09-19,137.7543487548828,137.95275229077376,137.2913831431937,137.76379173671748,20871200
2017-09-20,137.32920837402344,137.85830378636416,136.27100313257327,137.70712954947575,34236200
2017-09-21,136.4883270263672,137.2441694078513,136.00646092888636,137.23472642395203,28841800
2017-09-22,136.3560791015625,136.5544827185673,135.91201368876042,136.05373055804958,21702400
2017-09-25,134.91993713378906,135.89309797118938,134.25856779042533,135.81751084383774,54947700
2017-09-26,135.26947021484375,135.86470963525812,134.79706163782043,135.60960496697115,29628800
2017-09-27,136.4883270263672,136.9985220755459,135.6474401227122,135.98756054431846,33249400
2017-09-28,136.44100952148438,136.5827262872167,135.84577027188553,136.15756157325816,24149400
2017-09-29,137.42369079589844,137.52762128872405,136.35605691516602,136.71507773120652,43102400
2017-10-02,137.54649353027344,138.10393223374822,136.93235368313844,137.63152362061365,27351300
2017-10-03,137.83937072753906,137.99998790987019,137.42364888302777,137.72599728513245,19715200
2017-10-04,137.9716796875,138.26457076615327,137.44258426583357,137.57485812125017,26381100
2017-10-05,139.32275390625,139.39832659725897,138.3306929397486,138.47240975634875,31562400
2017-10-06,139.51173400878906,139.51173400878906,138.85036474407198,138.85036474407198,23561100
2017-10-09,139.35108947753906,139.84238402545935,139.1715719087057,139.69122423512707,13704800
2017-10-10,139.45506286621094,139.9652579512448,138.84092286713332,139.8235410989494,19223100
2017-10-11,139.87074279785156,139.89910057947702,139.2093735898861,139.3888911784983,12439100
2017-10-12,139.61566162109375,140.1636574053724,139.47393037079138,139.66290537119454,14513500
2017-10-13,140.1541748046875,140.31479199273548,139.62507949893754,140.182518166298,18409900
2017-10-16,140.6360626220703,140.67384897116273,140.20144031528312,140.50378877509473,21809400
2017-10-17,140.8155517578125,140.8344521388578,140.37150092899705,140.5888048523351,13138200
2017-10-18,140.64553833007812,140.97623023284535,140.43767731978525,140.95732984551745,17218200
2017-10-19,140.1258544921875,140.144754875292,139.14325082227697,139.82352044635664,27680300
2017-10-20,140.50379943847656,140.8155764882632,140.33372481273287,140.69276003181574,30173300
2017-10-23,139.58724975585938,140.80605717646108,139.38883186951145,140.79661419778216,29297100
2017-10-24,139.82354736328125,140.11643848232737,139.3038948536328,139.86133371999614,20289500
2017-10-25,139.29437255859375,140.0029853552361,138.25508244024354,139.54947720207898,36179100
2017-10-26,138.85037231445312,139.55898536887818,138.8125715448262,139.2093931252919,28230200
2017-10-27,142.89419555664062,143.1587432878709,140.96675989565435,141.18406387128562,60165100
2017-10-30,143.2153778076172,143.79171681552765,142.65793917840875,142.7902129957932,31733400
2017-10-31,143.7539520263672,143.96181299380316,143.26265739130804,143.67837932617996,26319300
2017-11-01,143.70672607421875,144.39643870961083,143.139829892097,144.33029457443016,29481600
2017-11-02,143.43270874023438,143.60278334708093,142.45010511398695,143.54608220028703,31017400
2017-11-03,144.81211853027344,144.83100449188672,143.4610226031662,143.95233152363835,26199200
2017-11-06,145.303466796875,145.36016795298823,144.65155487765702,144.6987842159298,28693900
2017-11-07,145.3884735107422,145.57743406499927,144.87826415580528,145.19005555787425,21333100
2017-11-08,145.97421264648438,146.01199897952245,145.1427691520273,145.3128436926035,17373500
2017-11-09,145.20896911621094,145.28455622812663,143.71615609360302,144.77434682688764,40594500
2017-11-10,145.199462890625,145.31285072875343,144.61368099121825,144.8687856060539,20150800
2017-11-13,145.3790283203125,145.56800330720492,144.65152940449283,144.65152940449283,12522400
2017-11-14,144.84991455078125,145.0294321154568,144.15075908848556,144.86881493042225,25173800
2017-11-15,144.16966247558594,144.55704101283402,143.40436280043605,144.22634920459447,24808000
2017-11-16,146.01210021972656,146.34279213433933,144.86887903893637,144.89722241255782,34790600
2017-11-17,145.45458984375,146.15375968866067,145.3128730452785,146.04982923085996,28725800
2017-11-20,145.34124755859375,145.690825347598,145.13338659843774,145.55855150175034,21143900
2017-11-21,146.9190216064453,146.98516570663506,145.96476176868185,146.0308914521104,20147800
2017-11-22,147.09860229492188,147.2403191179653,146.76791048546406,147.0513585483183,17299000
2017-11-24,147.63711547851562,147.68435921706782,147.1647069265236,147.2497514226235,8280600
2017-11-27,147.57098388671875,147.92056159734798,147.23084915697297,147.58988426525036,22653400
2017-11-28,147.94891357421875,148.0434010556157,147.1080268901417,147.90166983352026,25227300
2017-11-29,145.3695831298828,147.81665635524033,144.67041317259472,147.77887000849617,71986300
2017-11-30,146.58839416503906,146.87184223034245,145.6435768918728,145.98371168688337,56595500
2017-12-01,145.96484375,146.6734567923974,143.85789059053124,145.6908386335489,59015800
2017-12-04,144.28302001953125,147.04188411320084,144.141288810037,146.88126694251878,51319100
2017-12-05,144.3775177001953,146.02150486007602,143.70670554451013,144.25468684770362,40604200
2017-12-06,145.0294189453125,145.25618023011555,143.66888007002274,143.83895463781607,28647800
2017-12-07,145.52078247070312,145.93650444048822,144.86885614688282,145.02003039349006,32666200
2017-12-08,146.1632843017578,146.94748466372687,145.93653729756534,146.5884493513916,28081700
2017-12-11,147.2969970703125,147.34424081410103,146.21990602906013,146.22936342787773,20821500
2017-12-12,147.09860229492188,147.5332101634333,146.78681086745897,147.23087613535154,20310300
2017-12-13,147.38206481933594,147.8544734981913,147.16474644698897,147.69385627739274,24418500
2017-12-14,147.27818298339844,148.0151396125086,147.11756570954353,147.63720389452035,24594700
2017-12-15,148.95040893554688,149.11104052809992,147.60877039358147,147.85443206447573,49816200
2017-12-18,150.19927978515625,150.32236753000066,149.6596151479892,149.93417883235168,26844500
2017-12-19,149.30931091308594,150.06674849519018,148.89271952058257,149.91525808938528,31415000
2017-12-20,149.1483154296875,149.85841025250906,148.5613083325015,149.8300076153495,38972600
2017-12-21,149.1672821044922,149.83003450200516,148.9968518040353,149.3566378685075,18638700
2017-12-22,148.99684143066406,149.05364671122192,148.59919001984136,148.9400361501062,23330400
2017-12-26,148.1920928955078,148.38144866808454,147.65241377439878,148.16369025196727,21918700
2017-12-27,148.2110137939453,148.60867968510067,148.06900058061765,148.2015510620298,22388200
2017-12-28,148.39083862304688,148.71275917015498,148.21094567090444,148.684342093632,25393800
2017-12-29,147.47251892089844,148.5518627029269,147.41571363451575,148.52346005973558,33186000
2018-01-02,150.05726623535156,150.09513160841522,147.86069897778228,148.22994776455593,32573300
2018-01-03,151.51531982421875,151.64787029887714,150.1708751678498,150.19927780906815,29383600
2018-01-04,151.78041076660156,152.23486744305097,151.56265238264498,152.03604896763068,24776100
2018-01-05,153.30477905273438,153.40892690016713,152.21597246796293,152.50001336522683,26992300
2018-01-08,153.90122985839844,153.97697504424332,153.24794027153877,153.30474554919317,23159100
2018-01-09,153.91070556640625,154.36516227287717,153.44678612850072,154.20420915697952,24782400
2018-01-10,153.5508575439453,153.57927462061681,152.54725943402343,153.22895144206706,34004000
2018-01-11,154.60182189941406,154.6112990753957,153.57929817742095,153.81599642632787,20473500
2018-01-12,155.73797607421875,155.89892914056762,154.27044412620833,154.46926255355714,37762700
2018-01-16,155.29299926757812,157.5652967965419,154.82906547469375,156.7699941060961,41231800
2018-01-17,156.96885681152344,157.20555513948074,155.27410313999366,156.03154067884094,33849900
2018-01-18,156.99725341796875,157.35702500561777,156.3534265375295,156.72267530308872,26432200
2018-01-19,157.4895782470703,157.7452164575486,156.73214079371257,157.46117560667471,38937600
2018-01-22,159.17483520507812,159.17483520507812,157.2528465627643,157.4327395450257,26081400
2018-01-23,160.4908905029297,160.6329181337102,159.59143996231683,159.66718514268325,37989700
2018-01-24,159.4494171142578,161.18205008697086,158.5310267224878,160.83172684314468,54287400
2018-01-25,159.39263916015625,160.6045332864235,158.88136274777995,160.5477280065856,28925000
2018-01-26,161.83534240722656,161.85428231492003,159.9701732365444,160.28260225544508,32038200
2018-01-29,161.04949951171875,161.81639955132164,160.70865344446023,161.49449338972056,37277800
2018-01-30,159.72396850585938,160.40566058872912,158.89080052995166,159.58195534147566,44987700
2018-01-31,160.38677978515625,160.94539881370935,159.3831811952598,160.62347811095896,42449200
2018-02-01,159.02342224121094,160.69923611970734,158.51214572644355,159.15597273635055,38037900
2018-02-02,155.85162353515625,158.77721094899687,155.71907306987626,158.39849946160183,68478100
2018-02-05,149.70697021484375,156.93100859711006,149.5933596280144,154.39360917844812,105372200
2018-02-06,153.67398071289062,153.86333643730134,146.84761077589522,147.51982576459056,118537900
2018-02-07,151.685791015625,154.84807779716834,151.6763138347182,153.1817120128459,91028300
2018-02-08,145.28536987304688,152.24430357493935,145.28536987304688,152.07387333789637,94184800
2018-02-09,147.79437255859375,148.8737158508582,142.14201797762883,147.33990157991516,113836600
2018-02-12,150.41697692871094,151.4395149503486,148.13521711753137,149.30923101699824,63050600
2018-02-13,151.19338989257812,151.49635616705604,149.3282063613805,149.55544190242588,31785600
2018-02-14,154.0242919921875,154.26099026322066,149.59330729296613,150.30340210606565,52107400
2018-02-15,156.88363647460938,156.88363647460938,153.79709572301584,155.40664133646132,51633900
2018-02-16,156.18299865722656,157.88721470724101,155.91788329377826,156.37235439090412,62256300
2018-02-20,156.4954071044922,157.81144878392686,155.5675540185743,155.63383646245427,36785600
2018-02-21,156.05044555664062,158.79613976576488,155.9557604679469,157.26233956795636,41161800
2018-02-22,156.03150939941406,157.56530963408434,155.63385802179278,156.7321270636874,37074400
2018-02-23,159.22219848632812,159.22219848632812,156.6469200242878,157.29074686325617,50096900
2018-02-26,161.33352661132812,161.33352661132812,159.83760633648933,159.9701567828769,39266700
2018-02-27,159.33578491210938,161.6459621044509,159.26005418667816,161.38086122469835,42209900
2018-02-28,158.31329345703125,160.76548431780174,158.2091456297015,160.24474518115306,42936300
2018-03-01,155.72853088378906,159.12752921993194,154.32728108836878,158.39849446045145,76809900
2018-03-02,157.15821838378906,157.43278207246712,153.34264270282299,153.853904706434,57445100
2018-03-05,158.9003143310547,159.30742849774862,155.83269897217284,156.41972061643384,38540200
2018-03-06,159.57244873046875,160.11212754940323,158.56885069551475,159.6765965141099,29480900
2018-03-07,159.94174194335938,160.07430683852078,158.07657293836675,158.3511365644067,34609400
2018-03-08,160.82228088378906,160.93589143584174,159.96069567227863,160.6045225100492,25828400
2018-03-09,163.94668579101562,163.94668579101562,161.7311935511975,161.96789181050067,38310500
2018-03-12,164.8177490234375,165.19646049487721,164.06031163364145,164.429560374716,37635000
2018-03-13,162.57386779785156,165.88764401964545,162.15727647560493,165.19647457731904,55638900
2018-03-14,162.54541015625,163.54902283986516,161.8353154287449,163.42593513075172,40536400
2018-03-15,162.4033966064453,163.35018957421886,161.80691241373543,162.65903475288013,28810400
2018-03-16,161.9205780029297,163.03778705057613,161.84483281288146,162.67801545649425,31176700
2018-03-19,158.46580505371094,160.47625819963685,157.08123814260344,160.36246333337064,71395100
2018-03-20,158.9873809814453,159.35722878223228,158.0011250027983,158.53218702748168,34075700
2018-03-21,158.29510498046875,160.0400271986878,157.60282873080612,158.57012854605242,43863500
2018-03-22,154.38796997070312,157.2045083655402,154.18881450616752,156.1044432107827,66607300
2018-03-23,150.31959533691406,154.86209846659503,150.24372729523145,154.20774926863834,80110400
2018-03-26,155.9053192138672,156.09499663565293,150.9360833227626,153.36380382992144,57481500
2018-03-27,150.86019897460938,157.06226508651713,149.53252951710505,157.06226508651713,78889100
2018-03-28,149.124755859375,151.52402740333153,147.9772712438351,149.99721692350883,89369700
2018-03-29,151.8560028076172,153.35436510810092,148.53684965942597,149.93089513929505,68692600
2018-04-02,147.47470092773438,151.48614473948467,145.9289338335969,150.77489768397186,85549400
2018-04-03,149.1342010498047,149.7601016111477,146.4599210146088,148.7643533490749,64090000
2018-04-04,151.48609924316406,151.95077125217992,146.0806116684279,146.2513184350684,65768700
2018-04-05,152.34902954101562,153.230982928381,151.23948648234338,152.99390070720273,43054900
2018-04-06,148.53675842285156,152.16885980192058,147.8255117565408,150.67049842178386,59870900
2018-04-09,149.57992553710938,152.56717049780107,149.32388713189292,149.81700778143323,41810400
2018-04-10,152.8801727294922,153.37329354654352,150.85074860750734,151.93184343005336,48296800
2018-04-11,151.99815368652344,153.62928053876055,151.82746143169308,151.9222856387042,41622100
2018-04-12,153.8284912109375,154.35955326601922,152.83274262248142,152.91808878054334,30467900
2018-04-13,153.03189086914062,154.82423262467816,152.36806326900754,154.5966428591219,44604900
2018-04-16,154.1983642578125,154.75787512377713,153.13622550354077,154.10352553088103,28180800
2018-04-17,157.51748657226562,157.85888566451925,155.44064330025242,155.75359367401452,35536100
2018-04-18,157.83987426757812,158.37093616941692,156.76825791328454,157.51744589436908,29573900
2018-04-19,156.3889617919922,157.41315899859802,155.84840723696925,157.04331121318657,34705700
2018-04-20,153.91380310058594,156.10444082523745,153.3732486125018,155.99064597315763,49197100
2018-04-23,153.52499389648438,155.26991592755007,152.69995222893388,154.6629858962945,33040600
2018-04-24,150.27224731445312,154.4923092456779,149.25752815226338,154.25522695212194,70256800
2018-04-25,150.45236206054688,151.07826255694246,148.38501217107898,150.5377226521277,52089300
2018-04-26,153.61981201171875,154.1319032784038,151.90332445497944,152.39645956129382,43005500
2018-04-27,153.71466064453125,155.91479110657227,152.84219960727992,155.87684983910054,51043400
2018-04-30,152.6240997314453,155.03284946885802,152.24475937925305,154.07504221148793,35615300
2018-05-01,154.36903381347656,154.38800445013396,151.86544517786814,152.22581492257925,36513500
2018-05-02,153.45864868164062,155.11822489618623,153.27846380594724,154.63456770977638,38646800
2018-05-03,153.43963623046875,154.00862495247145,150.9929456559059,152.6809701307795,60337100
2018-05-04,156.35101318359375,156.7113828700259,152.66201358471108,152.77582291589437,41543200
2018-05-07,157.65025329589844,158.16234470304425,156.95796255299328,157.08124998097605,32500200
2018-05-08,157.489013671875,157.83039824135489,156.341529144273,157.318306916782,26040200
2018-05-09,159.2055206298828,159.31931551044775,157.21402339785976,157.77353418777884,29122700
2018-05-10,160.85560607910156,160.9694154312959,159.59432641409032,159.71761384965237,27067600
2018-05-11,160.70382690429688,161.083152688297,160.00205828651048,160.6658856436862,24688800
2018-05-14,160.9788818359375,161.9936010265649,160.7133508173417,161.0737205441597,21821700
2018-05-15,159.196044921875,159.7934970487736,158.3520323708768,159.70815087931882,49361600
2018-05-16,160.2486572265625,160.61850501973626,159.328776784759,159.40464485391703,22941200
2018-05-17,159.6322784423828,160.84613883161816,158.85464144315165,159.6891758871349,27480200
2018-05-18,158.8072052001953,159.56585694092237,158.57012291362952,159.01582429964716,26217900
2018-05-21,159.6986083984375,160.74177615573097,159.01581031554596,160.04000743988325,22954600
2018-05-22,159.489990234375,160.69437231211054,159.20550306435084,160.4288413065183,19477700
2018-05-23,160.8365936279297,160.8555497880315,158.25713775966346,158.2760939197653,26557800
2018-05-24,160.78921508789062,161.0737167354747,159.1675658259098,160.78921508789062,27696500
2018-05-25,160.95040893554688,161.52889023993566,160.46676632513123,160.77022409920974,27460500
2018-05-29,160.2392120361328,161.1401220279853,159.28140459832127,160.2202413973606,41220500
2018-05-30,161.3866729736328,161.67117465707906,160.47628495103288,160.81768407709703,22665800
2018-05-31,161.2823028564453,162.35390467286058,160.8650358254798,161.38660514383605,35670900
2018-06-01,163.81439208984375,163.90921632813567,162.04100663655672,162.08842599088032,45543300
2018-06-04,165.2937774658203,165.33170426571945,164.12733663672074,164.23163895403206,20459600
2018-06-05,165.80587768554688,166.08090126329938,165.07567460333357,165.6826047265406,24779300
2018-06-06,166.77317810058594,166.80162681970975,165.14205067582768,165.97658502440788,25036600
2018-06-07,165.4170379638672,166.83953161383826,164.58251819572465,166.80160481679465,39600300
2018-06-08,165.42654418945312,165.84381134319102,164.2316401636846,164.63942923496663,31780300
2018-06-11,165.87222290039062,166.2799974099636,165.27477102135413,165.30321973270333,22319700
2018-06-12,166.7447509765625,166.9059652292615,165.91970907440952,166.09987949540903,22511800
2018-06-13,166.73526000976562,167.98704712768102,166.36539770112105,167.00079104903122,37858600
2018-06-14,168.42324829101562,168.69825735382278,167.38008052791284,167.50336793728496,35916000
2018-06-15,167.8352508544922,168.16717176986268,167.01020931160426,167.7878315136748,49615700
2018-06-18,167.7383270263672,167.88087504484002,166.25576962895227,166.77846986555994,31633200
2018-06-19,167.2631072998047,167.30111526179164,165.08679256835998,165.6189910441026,38236000
2018-06-20,168.45108032226562,169.1448381159728,167.8808592992069,168.03292017219897,33038000
2018-06-21,166.987548828125,169.04982565555568,166.66441581956997,168.8787535332237,43469400
2018-06-22,166.61688232421875,167.61474728676927,166.01815174563092,167.54822972321614,30073200
2018-06-25,162.8629913330078,165.35294137859935,161.38043384859503,165.1058387969804,77799700
2018-06-26,163.52828979492188,164.46913597990505,162.86302685438105,163.46175770033645,39008100
2018-06-27,161.30445861816406,164.96334724030908,161.19042015765635,164.22206824434846,52843500
2018-06-28,162.6919403076172,163.24315020264922,160.7722112940679,161.1048427052974,46407700
2018-06-29,163.1290740966797,164.33603377295162,162.89148440851014,163.47120382769677,36408500
2018-07-02,164.22203063964844,164.26955148775508,161.2474024643612,161.59903063796187,31770000
2018-07-03,162.3212890625,164.83973413041227,162.15972980355136,164.83973413041227,25512700
2018-07-05,164.33604431152344,164.46909396537768,162.53986673382903,163.37618713024114,31626200
2018-07-06,166.89248657226562,167.0160378397544,164.41204986420365,164.7161715991537,37005600
2018-07-09,168.3941192626953,168.4321272434051,167.09213202879778,167.7573804511787,27362100
2018-07-10,168.5176239013672,168.89776160848643,167.93790447214974,168.7076927549268,23902500
2018-07-11,167.6623077392578,168.2800496968358,167.07308988859677,167.19662667905212,30280600
2018-07-12,170.5513458251953,170.5513458251953,168.2894879145278,168.40352629613452,27930100
2018-07-13,170.69398498535156,170.96958272189627,170.0667445488083,170.54192406109962,28049800
2018-07-16,170.28530883789062,171.01708928605575,170.000212755396,170.73197870223444,21405300
2018-07-17,171.32122802734375,171.6823546012742,168.47964928014878,168.47964928014878,31034100
2018-07-18,170.9980926513672,171.48278503565797,170.47540678793445,171.340222480908,23220800
2018-07-19,170.1427459716797,170.95055680523234,169.94317873132223,170.38033568727454,31094100
2018-07-20,170.10470581054688,171.22612209532394,169.91462247297824,170.65591558658605,35897300
2018-07-23,170.64639282226562,170.72242325261914,168.91674766101875,169.6010070328787,22184700
2018-07-24,171.34970092773438,173.01282888973145,170.64643016904148,172.40459981511123,36900300
2018-07-25,173.7445831298828,173.84910866479174,171.34016229655228,171.42570559988576,35026600
2018-07-26,171.11212158203125,171.93892917850303,170.8840302272378,171.38771928041322,40873500
2018-07-27,168.80271911621094,172.3095452775554,167.83336361733888,172.19550686623492,59456100
2018-07-30,166.41732788085938,168.90726326401,165.61902997957318,168.8122360860422,60193000
2018-07-31,167.69082641601562,168.33707801414397,166.14175125688033,167.07309892634723,47285100
2018-08-01,168.3275604248047,168.83124947181568,167.3582048067792,168.08047233613019,37101900
2018-08-02,170.61795043945312,170.81753221042274,167.06360255210978,167.13963301241594,47178200
2018-08-03,171.14065551757812,171.15015388738092,170.19029648949385,170.94107374109615,28934400
2018-08-06,172.14797973632812,172.1955005730829,170.81748331513433,171.02656339579667,24808800
2018-08-07,172.7752685546875,173.09838713334858,172.26206657556463,172.63270600434117,29895700
2018-08-08,172.98434448242188,173.29796468395503,172.07199348693206,172.53767460460136,22680700
2018-08-09,172.8798065185547,173.56406614816518,172.62320553211893,172.8798065185547,18852900
2018-08-10,171.55874633789062,172.22399448789358,170.91249491980057,171.7107926998041,33818500
2018-08-13,171.36874389648438,172.974838444637,171.29271343541296,171.87243301242074,26089200
2018-08-14,172.442626953125,172.64220871132906,171.10261736592713,172.02446669885106,20913000
2018-08-15,170.33279418945312,171.61578429862098,169.27789540007527,171.07407285211607,58528000
2018-08-16,170.89356994628906,172.0054882856159,170.56093848095423,171.64434720911845,27711800
2018-08-17,170.93154907226562,171.35920766883967,169.42048193041867,170.4468712629918,36092600
2018-08-20,170.77947998046875,171.37821068775344,170.11423169533302,171.31167860857735,24939000
2018-08-21,171.40675354003906,172.43314302247376,171.18817502566702,171.29271509798892,26258700
2018-08-22,172.07200622558594,172.27158800545575,170.82703819787514,171.045616717673,18042400
2018-08-23,171.8248748779297,173.01282338441243,171.5397643361089,171.76785566983042,25776200
2018-08-24,173.4215087890625,173.56407134193836,172.35711133396256,172.39511931393284,23136100
2018-08-27,175.18917846679688,175.18917846679688,174.02024093123205,174.29583866676296,29343600
2018-08-28,175.44580078125,175.8354515075606,175.07516129804299,175.6548809514006,20277000
2018-08-29,177.47003173828125,177.5650589304477,175.6833523101655,175.74986989454936,29175600
2018-08-30,177.15640258789062,178.21130152645128,176.56717022043534,177.12789298155053,29315500
2018-08-31,177.38450622558594,177.88819534875773,176.74776741895988,176.93783632370486,28653200
2018-09-04,176.6242218017578,177.1469076384183,175.67386282408106,176.84280030625186,29063500
2018-09-05,174.34335327148438,176.33911294479086,173.7446369705543,176.31060333528595,42623300
2018-09-06,172.78472900390625,174.6284273736687,171.61579175451047,174.41934728010858,46091400
2018-09-07,172.11953735351562,173.6020952307885,171.4827984960371,171.5398177218816,46629500
2018-09-10,172.69923400878906,173.2029231051753,171.75837340354244,173.10788140719305,26132000
2018-09-11,174.02972412109375,174.31483470281634,171.55879958259334,172.0054694436492,30116500
2018-09-12,173.51654052734375,173.89667831052904,172.0244700006214,173.7731415067236,36204000
2018-09-13,175.36976623535156,175.70239772595212,174.5239472035153,174.5999776728334,31133200
2018-09-14,174.8565216064453,175.7688579377419,174.16274923842084,175.49326026510477,31224100
2018-09-17,172.3380584716797,174.68544582910246,172.176499218501,174.56189454671465,33071200
2018-09-18,173.76356506347656,174.6093836477421,172.39504634257017,172.480589638618,31877300
2018-09-19,173.6305694580078,174.20079060290038,172.49964003814404,173.79212873208462,31843400
2018-09-20,175.55029296875,175.7878826880666,174.4098652162955,174.82802544250478,33295800
2018-09-21,174.59039306640625,176.2725174272284,174.37180013708823,176.0254293999861,38605400
2018-09-24,175.07601928710938,175.14267110986125,172.61016333892775,173.32421529880133,34945600
2018-09-25,175.31405639648438,175.44734552960946,174.40006339260813,174.999871755384,25277500
2018-09-26,175.43777465820312,177.07533464937444,175.0950292059249,175.46633556860786,36210600
2018-09-27,176.92300415039062,177.55137324849142,176.05661777519907,176.15183049700406,33113300
2018-09-28,176.88490295410156,177.35142201991485,176.10421388494765,176.42791387636706,28076800
2018-10-01,177.24673461914062,178.54154941011515,176.79926089912135,177.91318020403395,27371300
2018-10-02,176.84681701660156,178.20826871549235,176.43743431914604,177.09434972710352,25618600
2018-10-03,177.0372314453125,178.00834591383887,176.7611378214499,177.58943322045806,29128700
2018-10-04,173.6383819580078,176.43746767580012,172.38164366535705,176.323209495381,80557300
2018-10-05,171.51528930664062,174.20013187365257,169.8777288460714,173.61936898324808,83325600
2018-10-08,170.4679412841797,171.98172736488277,168.44954531582354,170.91541483418655,66864500
2018-10-09,171.02020263671875,172.34357830236922,170.18237705475053,170.5917598557608,49097900
2018-10-10,163.49880981445312,170.05856482438804,163.2798380060877,169.95383665040103,114471100
2018-10-11,161.470947265625,165.0887987187315,159.7667352080754,162.8228838293248,143084500
2018-10-12,165.96469116210938,166.47880207994544,162.7371629925142,165.82187208179496,102078400
2018-10-15,163.95582580566406,165.69809947137276,163.33697217533367,165.38392945307362,64885300
2018-10-16,168.72572326660156,169.1351060942779,165.3744352478589,165.6791043983922,71979700
2018-10-17,168.79232788085938,169.71583608938815,167.05956963684065,169.5444706209627,66987600
2018-10-18,164.87928771972656,168.2115289220889,164.17476602020366,168.15440711157825,82486200
2018-10-19,164.72702026367188,167.63083428577764,164.12721200720088,166.2122459202444,82923700
2018-10-22,165.5743865966797,166.85015605798742,164.31764806290744,165.71719119032397,52909300
2018-10-23,164.96505737304688,165.78383758040704,160.72835174728652,162.46111037883819,77567000
2018-10-24,157.41506958007812,165.05066628108426,157.12944600252476,164.77457269014778,102997400
2018-10-25,162.86094665527344,163.83206125702893,159.14788277712347,159.86193464041557,83481100
2018-10-26,158.67184448242188,161.81367551274892,156.35830894532376,157.2818171623955,130970900
2018-10-29,155.40623474121094,161.7184575073842,152.41673835569682,161.09961840488236,111871900
2018-10-30,157.9673309326172,158.08157459580573,154.24473661453348,154.94927310151905,92584000
2018-10-31,161.68040466308594,163.04185669767546,160.46174267553195,160.53790995771806,73828600
2018-11-01,163.81301879882812,163.9843988034086,160.6902330885115,161.91841045116647,52706800
2018-11-02,161.26148986816406,164.27954756604376,160.15708608134338,163.30843288953432,75966800
2018-11-05,160.86160278320312,161.5280482529188,159.0717082124624,161.47092643086057,39573500
2018-11-06,162.0802459716797,162.98470869533497,160.63309689737844,160.87111416820463,34410400
2018-11-07,167.164306640625,167.164306640625,163.6321236272519,164.02247547360042,51169600
2018-11-08,166.09799194335938,166.89772655068538,165.3077727977554,166.38360106924546,40296500
2018-11-09,163.29888916015625,164.9459645654844,162.0040746580836,164.54609730376765,50602700
2018-11-12,158.35765075683594,162.4610661397075,158.21483167934176,162.15641159041132,62578400
2018-11-13,158.49095153808594,161.35667443118766,158.04347787828496,159.1002752090499,64128100
2018-11-14,157.28179931640625,160.61404088890393,156.37733665221236,160.06183911359958,75270700
2018-11-15,160.0333251953125,160.46175347494776,155.62525421372465,156.99622180307256,73254300
2018-11-16,159.47157287597656,160.24274651594462,157.83401287589223,158.47189742410555,65390700
2018-11-19,154.29237365722656,158.9003863359595,153.7972934726123,158.70997535031617,67280500
2018-11-20,151.53131103515625,153.64490545418477,149.598612057091,150.7791683624586,102652800
2018-11-21,152.6833038330078,154.20662007342565,151.5979457331217,153.6163419307884,42965800
2018-11-23,151.5789337158203,153.13079653070835,151.46467554071668,151.46467554071668,23503700
2018-11-26,155.08253479003906,155.1587020611686,153.05462296255143,153.70203750344191,42012600
2018-11-27,155.60618591308594,155.99653775546375,153.45450031285287,154.2352039976085,36608100
2018-11-28,160.61402893066406,160.61402893066406,155.63471239073593,156.72958587207154,70141000
2018-11-29,160.09042358398438,161.14722093361175,158.8241843842013,159.93810355909136,44885700
2018-11-30,161.25193786621094,161.34715058661743,159.50964968020662,160.3093987603254,36722800
2018-12-03,164.070068359375,165.00309200180993,161.38522654690811,164.81268108890382,50771700
2018-12-04,157.77688598632812,163.6701957996208,157.58647507956982,163.21319219049573,70594700
2018-12-06,158.89085388183594,158.90989933659193,154.01626343893363,154.59702632587513,71715500
2018-12-07,153.6448974609375,159.10976413774634,153.1498175210185,158.19578604742492,80432200
2018-12-10,155.2539520263672,155.9299131127408,151.76937480522503,153.3593288369929,73960800
2018-12-11,155.76805114746094,157.8245242216189,154.45419092884492,157.78643331612122,59058300
2018-12-12,157.13906860351562,159.5668486524726,157.05338583797564,158.04353169265684,53780000
2018-12-13,157.18658447265625,158.82414417693397,156.16786375529165,158.16721429787364,46378500
2018-12-14,153.3592529296875,155.95839683655026,152.99746211595954,155.3871642399153,56547400
2018-12-17,149.8842315673828,153.92100978468972,148.68462973023378,152.70236249784642,74834100
2018-12-18,150.82679748535156,152.2834621659795,149.51293737050176,151.0457693286856,63642100
2018-12-19,147.1232452392578,153.0165556282606,145.99028062134968,150.59829184118794,81856500
2018-12-20,144.9906005859375,148.39900979512382,143.18167506025776,146.76144973870086,99002100
2018-12-21,140.49685668945312,146.7043373197013,139.68759207073956,145.71419175876238,141129400
2018-12-24,137.01275634765625,141.29022368602455,136.97457104892138,139.47612333201027,56163300
2018-12-26,145.56771850585938,145.64408911010355,137.57609276372003,138.52134289229065,98982100
2018-12-27,146.13104248046875,146.25515563885767,140.4309282393995,143.5721901738651,85824300
2018-12-28,146.0547332763672,148.55628707758672,144.86124164311516,147.18138238504204,77856600
2018-12-31,147.2863311767578,147.97378315404575,145.80641400105085,147.4868440738759,53015300
2019-01-02,147.8783416748047,148.7090069068481,144.05916974782303,144.16419755857441,58576700
2019-01-03,143.04708862304688,146.33156417582867,142.73200519716977,145.7014118930589,74820200
2019-01-04,149.16729736328125,149.90249200849834,144.88028637457657,145.45315339882367,74709300
2019-01-07,150.9431915283203,151.67838606983503,149.05270584769315,149.5396449349659,52059300
2019-01-08,152.30857849121094,152.8719028463536,150.09345181006177,152.32766386092172,49388700
2019-01-09,153.5498046875,154.218156819009,152.26082841538826,152.90053792476,46491700
2019-01-10,153.98899841308594,154.07492627790188,151.52563097214423,152.38495332725424,38943400
2019-01-11,153.42567443847656,153.5879874842633,152.5663520814495,153.08194840946246,30176600
2019-01-14,152.06991577148438,152.72872540501254,151.42064882504073,152.1272010319672,30710200
2019-01-15,155.039306640625,155.2493622859769,152.6809665424357,152.76689442399248,40874200
2019-01-16,155.01063537597656,156.37598224953632,154.9533355632049,155.2970615949166,33812200
2019-01-17,156.23281860351562,156.92981357191172,154.2659469095011,154.51418790083702,39329000
2019-01-18,157.779541015625,158.51473569452943,156.41419403807296,157.33078714646118,57183200
2019-01-22,154.6191864013672,156.71972816433137,153.49252304432275,156.64334297326178,56711700
2019-01-23,154.81968688964844,156.11820601755403,153.07242843269594,155.4116684862577,38106100
2019-01-24,155.82223510742188,156.05139070228836,154.73377152753312,155.32573860303793,32417800
2019-01-25,157.68408203125,158.16147860363523,156.53833317132285,157.07301500135637,36515900
2019-01-28,155.73629760742188,155.7458402932487,154.4377784546573,155.6503697280223,33491200
2019-01-29,154.26588439941406,155.8603866758222,153.71210281022724,155.82218680402596,30784200
2019-01-30,158.1901092529297,158.76299092400328,155.5262429911055,156.0131822132278,41346500
2019-01-31,160.55796813964844,161.35044794842688,158.94436590229088,159.16396417709035,37258400
2019-02-01,159.8800811767578,160.97810184232978,159.44088456571674,159.76551068152705,32143700
2019-02-04,161.8660430908203,161.8660430908203,159.76550157375559,159.9087146846299,26718800
2019-02-05,163.29823303222656,163.48918870370457,162.01881400744153,162.0856419364161,28156400
2019-02-06,162.811279296875,163.62284447018712,162.07608473012428,163.33641827312553,27970000
2019-02-07,160.62481689453125,161.78966548077221,159.40268306125952,161.38865418257222,42036200
2019-02-08,160.93991088867188,160.9685535140678,159.03988208214375,159.22128051998942,29020700
2019-02-11,160.7871551513672,161.913818605834,160.38614379031566,161.52234993112174,21434100
2019-02-12,163.16456604003906,163.40326427665735,161.67509137457841,161.9615321723172,29722100
2019-02-13,163.2791748046875,164.37719569190165,163.09777634028393,163.89024185090696,26094100
2019-02-14,163.47962951660156,164.06205372565546,162.1524680656732,162.69669240289727,30326800
2019-02-15,164.1670684814453,164.75903532695102,163.40323136432042,164.72085002713632,32521700
2019-02-19,164.4917449951172,164.98824145894403,163.63243708028884,163.66107970618407,19487700
2019-02-20,164.46310424804688,165.25558423450155,163.57515369717936,164.6063173791591,32593000
2019-02-21,163.86155700683594,164.47262389563062,162.99270651814774,164.0238700556894,25207400
2019-02-22,165.07418823242188,165.1887587491175,164.12893776272074,164.21488021922983,27735400
2019-02-25,165.6757049560547,166.76416852151723,165.56111987564668,166.33451453470062,32608800
2019-02-26,165.84750366210938,166.37264260709023,164.99773866713372,165.2746367331153,21939700
2019-02-27,165.74253845214844,165.9430514228417,163.9952652494882,165.08372885142555,25162000
2019-02-28,165.36056518554688,165.95253205167757,164.89271147487415,165.22689477806634,25085500
2019-03-01,166.50634765625,166.75458858689657,165.35104173692716,166.5540902191779,31431200
2019-03-04,166.53500366210938,167.84306549133208,164.67316011019014,167.60436722649663,38063500
2019-03-05,166.65911865234375,167.1747004545302,165.83799610146548,166.65911865234375,22319900
2019-03-06,165.71388244628906,166.85008852752858,165.44654155293694,166.82144590102558,27194600
2019-03-07,163.68017578125,165.35106372300547,163.06910877388177,165.29377846746885,39407400
2019-03-08,163.4319305419922,163.51785842304912,161.68465744890344,161.84697052500638,39303200
2019-03-11,166.83094787597656,166.94553292301305,164.08115441980308,164.1097970393166,30518400
2019-03-12,167.7476043701172,168.17725835721112,166.86919645435123,167.27020781357135,33953500
2019-03-13,169.00794982910156,169.88635788065355,168.37779734948077,168.61649566465212,42426100
2019-03-14,168.72149658203125,169.32300633336354,168.6737540128178,169.12250793924832,23751500
2019-03-15,170.28732299804688,170.79336207979668,169.26568758120388,169.38025806945404,38192000
2019-03-18,170.69290161132812,171.20943636618364,169.87028462013257,170.2146362582028,32935100
2019-03-19,171.26681518554688,172.17551638067835,170.53984255304218,171.39115424466002,36893300
2019-03-20,171.9459228515625,172.99811227296433,170.4920069544405,171.27635439953295,50105000
2019-03-21,174.6338348388672,174.88252759202663,171.41031612388772,171.4294508265928,42428500
2019-03-22,170.798095703125,174.3468305286079,170.61635256012073,173.8781252964126,70794500
2019-03-25,170.472900390625,171.06594474665152,169.2389676295698,170.17637821261172,46336500
2019-03-26,171.26681518554688,172.83552486208418,170.39636879425802,171.79290996025438,33248100
2019-03-27,170.16680908203125,171.90770199655512,168.9233308236576,171.52509554713254,37096700
2019-03-28,170.5589599609375,171.19983367769865,169.53547986254216,170.60678940751626,30368200
2019-03-29,171.85031127929688,172.01291974893215,170.82681641126857,171.87900603302663,35205500
2019-04-01,174.12686157226562,174.3372995173104,172.91207795691824,173.6199014125218,30969500
2019-04-02,174.78680419921875,174.95898726904687,173.87810319519832,174.3181136220957,22645200
2019-04-03,175.79119873046875,176.88164306929457,175.24598385880543,175.772064031051,31633500
2019-04-04,175.7242431640625,176.4798959169721,174.71030846659704,175.83902216564402,28530800
2019-04-05,176.63296508789062,176.73818405021353,176.02078601496646,176.2312239396123,25674700
2019-04-08,177.08251953125,177.22599328700653,175.64772359168842,176.34598686220198,22697500
2019-04-09,176.4607696533203,177.06338863142693,176.0877232848494,176.47990435299815,25631900
2019-04-10,177.4077911376953,177.46518065769163,176.49908968157874,176.69039294673428,24563000
2019-04-11,176.98683166503906,177.7042295174117,176.661614808216,177.7042295174117,20654100
2019-04-12,177.75209045410156,177.86686946025878,177.01555777509446,177.7712251536275,24989100
2019-04-15,177.78082275390625,177.98170065260715,176.59471925627292,177.76168805033893,21073000
2019-04-16,178.3929443359375,178.7851253572362,177.84771492649818,178.43119913522384,27195700
2019-04-17,179.01470947265625,179.76080222936824,178.48862927932072,179.5886337142038,29651600
2019-04-18,179.24429321289062,179.62689966733504,178.19210356991752,179.31125736994377,28580900
2019-04-22,179.75123596191406,179.8182001124958,178.32600005516667,178.45992835633018,17936000
2019-04-23,182.03738403320312,182.25738204233102,179.95215378255074,180.21040660372165,33665600
2019-04-24,181.46343994140625,182.41997061200553,181.40603584095052,182.19039799668178,24977100
2019-04-25,182.199951171875,182.90778909578103,181.21472578598505,182.82170484159627,29517500
2019-04-26,182.36256408691406,182.40083348670908,180.39211326695803,181.91299351006978,26359500
2019-04-29,182.7164764404297,183.00343853504035,182.06602805294563,182.36255019902723,21716200
2019-04-30,181.3008270263672,181.59736381106268,180.0286540073373,181.2434375182005,31495300
2019-05-01,180.7173309326172,183.00345322605676,180.59299187151976,182.4869184951919,34797100
2019-05-02,179.93295288085938,181.5973212047022,178.74684980686246,180.65991080624622,44110100
2019-05-03,182.8025665283203,182.9364802306823,181.09994320021843,181.4251601065977,30386200
2019-05-06,181.6833953857422,181.93208804751134,178.6416209755067,178.91902297853414,38371800
2019-05-07,178.14425659179688,180.46861884470957,176.4894482156965,179.7033914782843,58818100
2019-05-08,177.69468688964844,179.03382384051133,176.91989946839934,177.56077319456213,37165300
2019-05-09,176.73817443847656,177.35035347810796,174.1746646756141,175.71467962467898,55351700
2019-05-10,176.95819091796875,177.8095027120784,173.16076262630523,176.1068791238591,58526400
2019-05-13,170.8172607421875,173.380756111166,170.31986067227348,172.45292012875942,67185800
2019-05-14,172.69203186035156,173.73466132962173,171.08506742321788,171.7163811358771,43360600
2019-05-15,175.1311798095703,175.57119029693308,171.51549539677862,171.55376479333103,40944500
2019-05-16,176.8911895751953,177.98164842601463,174.99726315184745,175.20770104283034,39281200
2019-05-17,175.0833740234375,177.51297019042434,174.9303402030409,175.14077812602403,44702300
2019-05-20,172.12770080566406,173.3042295090404,171.54421648040417,172.64423556992722,38608300
2019-05-21,173.92596435546875,174.40422966538463,173.05551798850212,173.6103074994644,31613800
2019-05-22,173.15118408203125,174.15554419367925,172.89291671720758,172.95988086921724,24332600
2019-05-23,170.50160217285156,171.23813491974934,169.43985248153157,171.16161071009108,45351300
2019-05-24,170.41551208496094,172.0320512944195,170.2050741644693,171.41987223358018,25903300
2019-05-28,169.77462768554688,171.85029741234283,169.7554929861043,170.89376677720188,24763800
2019-05-29,168.3781280517578,169.30596416425297,167.47898669775194,168.72247974913233,42178800
2019-05-30,169.08590698242188,169.56417225055472,168.12937644615621,168.8276396508908,30354800
2019-05-31,166.3885498046875,167.6702977283253,166.3120255799997,167.09638793642202,45446200
2019-06-03,162.72500610351562,166.3885206181118,161.91196372539434,165.93894999912084,75842300
2019-06-04,167.3068084716797,167.36419798533956,163.92068121072842,164.5519950519908,47797800
2019-06-05,168.55026245117188,168.93286885070958,166.79980971206464,168.90417410051919,34412700
2019-06-06,169.88943481445312,170.30073604981033,168.09115225214333,168.83724510342046,29913200
2019-06-07,173.17030334472656,173.86858123157793,170.57811344337264,170.79811140726443,45888300
2019-06-10,175.1885986328125,176.8147125620153,174.2894720003072,174.32772680776458,41385300
2019-06-11,175.427734375,177.3407958822323,174.83468997831832,177.01557892892305,41260300
2019-06-12,174.41383361816406,175.31297496240478,174.08861662848204,174.94948856481744,27758100
2019-06-13,175.44680786132812,175.877243631171,174.7963741816537,175.14072571662717,23715800
2019-06-14,174.70079040527344,175.15036106352287,174.0312217426154,174.54774196937956,22844100
2019-06-17,175.7529296875,176.24075501688523,174.8920434294403,175.0833466216209,20379500
2019-06-18,178.30691528320312,179.55996833353606,177.3695045623034,177.82864986884692,48177300
2019-06-19,178.97645568847656,179.37819682165104,177.50340486683677,178.54601980261103,31672900
2019-06-20,180.64080810546875,181.511239851456,179.02426906999472,181.4729850498021,40922000
2019-06-21,180.37295532226562,181.5207889518205,179.99033438208303,180.4303448144189,39980400
2019-06-24,180.37875366210938,180.91559283997395,180.28288325416048,180.73344784153338,19375200
2019-06-25,177.2823028564453,180.35956130535862,177.01388329035703,180.25410971669757,33921100
2019-06-26,178.1067657470703,179.58308821367626,177.81918375934194,178.46147457822113,22595700
2019-06-27,178.78738403320312,179.20919038959585,178.2984800988948,178.74904464978982,19709200
2019-06-28,179.01748657226562,179.41052015546782,178.37519576855777,179.21879395892046,21179200
2019-07-01,181.43328857421875,182.68912678847778,180.58969026484652,182.44946535204085,31025600
2019-07-02,182.15220642089844,182.1713834245927,180.85804391300937,181.3757059906114,18035800
2019-07-03,183.5230712890625,183.5230712890625,182.42062034101198,182.61236111651115,15792100
2019-07-05,183.1492462158203,183.48476340174122,181.55789099690168,182.2672940123617,21415600
2019-07-08,181.86465454101562,182.018026712597,181.11689755111894,181.96051031978268,17598800
2019-07-09,182.77537536621094,183.00544095065231,180.84848832988772,181.00187513802936,19193500
2019-07-10,184.59678649902344,185.1048674750675,183.55186635038723,183.88739814714253,28374500
2019-07-11,184.4625701904297,185.34452231821808,183.8777958349888,184.87479537267646,23736100
2019-07-12,185.5266876220703,185.53626881237355,184.49134858623512,184.66391240609337,20211900
2019-07-15,186.1210174560547,186.1593714674989,185.44038734449927,185.95804947684044,15606100
2019-07-16,185.1624298095703,186.0635591990488,184.5968323000973,185.89100997694814,20190900
2019-07-17,184.25167846679688,185.48833946269883,184.2325014593257,185.16238884677202,16765100
2019-07-18,184.4625701904297,184.81726435384192,182.80411752772812,183.37929606614497,28877000
2019-07-19,183.1108856201172,185.81427315712082,182.91915943108452,185.72799856622171,29387900
2019-07-22,184.56800842285156,184.9610565703683,183.52308838676257,183.52308838676257,18954900
2019-07-23,185.77589416503906,185.79507116969515,184.3379259989733,185.5745868133403,23786700
2019-07-24,187.07965087890625,187.0892466950327,185.04732723661704,185.0665042411014,20422900
2019-07-25,185.3061981201172,186.47574692684879,184.9514892998651,186.44698872895958,23434700
2019-07-26,187.21385192871094,187.46310909208447,186.38941630753163,186.4852866977165,20431200
2019-07-29,186.57159423828125,187.10843341152997,185.39246429505494,187.0413358287591,20451700
2019-07-30,185.76634216308594,186.49490754903036,185.00901857952337,185.143228377665,18705000
2019-07-31,183.19717407226562,186.38945094434067,181.4907861298046,186.26483696726467,41627500
2019-08-01,182.2864227294922,186.9166819134034,181.40447068890458,183.51348771011567,63251600
2019-08-02,179.60226440429688,181.1744426503962,178.5094089725909,180.9156042348478,55214000
2019-08-05,173.25599670410156,175.92103001749456,171.7892702628374,175.84433662234596,75040000
2019-08-06,175.68141174316406,176.1990886304768,173.5819898754674,174.85697582776896,41897200
2019-08-07,176.63043212890625,176.87967469115088,172.4507371932824,173.7736726548356,49990600
2019-08-08,180.47457885742188,180.5321098691038,176.9371895968058,177.42609348784185,38418100
2019-08-09,178.77781677246094,180.22536631033915,177.37818781064036,179.61183373354245,33608900
2019-08-12,176.726318359375,178.2122073047734,175.9114637660263,177.6753681209171,24642900
2019-08-13,180.5991973876953,181.8358434563077,176.4099218778002,176.57288983240696,40241900
2019-08-14,175.2020263671875,178.26010750446693,174.87609044496008,177.69451023452507,51000500
2019-08-15,175.00074768066406,175.99773261418122,173.66823095430072,175.43213525163043,36685000
2019-08-16,177.80955505371094,178.26011958817796,176.4866342715324,176.59208585678573,32781400
2019-08-19,180.63760375976562,181.0210708196773,179.74607027254467,180.37877995056948,22494100
2019-08-20,179.23793029785156,180.83886634881532,179.18999510264842,180.1869945029096,19902900
2019-08-21,180.82933044433594,181.40450904750693,180.18703962552067,180.8101534358988,20418500
2019-08-22,180.2445526123047,181.6250046382273,178.82574657023355,181.16484421107228,24243700
2019-08-23,174.5406036376953,180.65675234634185,174.05168504170277,179.01747663492193,55372400
2019-08-26,177.1769256591797,177.22484624746943,175.5088766834642,176.5250389018133,27598900
2019-08-27,176.80303955078125,178.7107499768868,176.11282802578228,178.41357211651,28012800
2019-08-28,177.4356689453125,177.73284667111506,175.3458290491736,176.22778103882771,21792400
2019-08-29,180.14866638183594,180.66634315998814,178.9599406577178,179.6405854207639,25358900
2019-08-30,179.71726989746094,181.15523812219482,178.70110802575874,181.11688411131783,26319800
2019-09-03,177.97254943847656,179.439276033367,177.37819384853353,178.51898445073076,27964200
2019-09-04,180.5417022705078,180.6950890556503,179.17083164842148,179.6885083913351,21592100
2019-09-05,183.84901428222656,184.37627217961688,182.46856256097482,182.53567476053723,33932600
2019-09-06,183.66688537597656,184.2229015138667,183.26425602669806,184.1558039362049,19487800
2019-09-09,183.28346252441406,184.31880157248523,182.35357508201045,184.24210816583866,24407600
2019-09-10,182.75616455078125,182.85203494507783,181.09771204938323,182.29601883924823,23744700
2019-09-11,184.47210693359375,184.56797731411612,182.67944491440255,183.10125118427493,25063600
2019-09-12,185.2390594482422,186.65786527105584,184.98981689287876,185.60334940650097,28689900
2019-09-13,184.57757568359375,185.40201129842833,184.33791433774377,184.97062380145195,27669800
2019-09-16,183.75320434570312,184.1366714098606,183.2067838924663,183.38892891946952,20319000
2019-09-17,184.63510131835938,184.63510131835938,183.3792636153438,183.7723117217586,20953400
2019-09-18,184.55844116210938,184.63513455968834,182.24810192876714,184.2516675717936,29781300
2019-09-19,184.86520385742188,186.01557558879432,184.510509685756,184.8843808641463,26039400
2019-09-20,182.9095916748047,185.31578697359,182.29605904817802,185.12406077047635,29086100
2019-09-23,182.990234375,183.537771245626,182.2409841942349,182.85575394915156,22485900
2019-09-24,180.56002807617188,184.22943207737146,179.77234629438712,183.82599067350793,40820700
2019-09-25,182.58680725097656,183.06709661727524,178.86937224615068,180.377473234549,34704900
2019-09-26,181.9144287109375,182.50998291221936,180.56960951616958,182.3466862653282,26826000
2019-09-27,179.6570587158203,182.34668239093853,178.42751897701254,182.2506186443283,40773500
2019-09-30,181.36688232421875,181.65505889796285,180.0124626877101,180.3870878363966,26307700
2019-10-01,179.88758850097656,183.076702362605,179.58981143052011,182.02967503188114,32367600
2019-10-02,176.79457092285156,178.69651327153443,175.80517570841278,178.6676970736205,48544300
2019-10-03,178.73486328125,178.8693436960579,174.6524043193298,176.7752747714594,39392500
2019-10-04,181.36688232421875,181.62624270631537,179.51297226097438,179.70508509104732,31887600
2019-10-07,180.8194122314453,182.2602808589009,180.50241937453225,180.84822843141254,21216000
2019-10-08,178.11048889160156,180.454303108122,177.9664079591379,179.68583726802677,32379300
2019-10-09,179.84918212890625,180.66568005130287,179.08071608263955,179.61865257511573,20147400
2019-10-10,181.2419891357422,181.96242318878663,179.74348865057271,179.89718476629992,25177700
2019-10-11,183.57618713378906,185.03627079175718,183.2015620450574,183.30722628327746,40976700
2019-10-14,183.55694580078125,184.1428992840539,183.13428890697605,183.31680117087058,14975000
2019-10-15,185.8911895751953,186.32344704815495,184.00844892010952,184.12371367096077,23234200
2019-10-16,185.43011474609375,185.90080360842163,184.84416112452988,185.25721760723974,20457100
2019-10-17,185.92007446289062,186.83262161128553,185.20924070302127,186.5444449704048,19045200
2019-10-18,184.13331604003906,186.0352575832258,183.19195310656008,185.58378446408184,27700800
2019-10-21,185.7663116455078,185.89119156511174,184.56558828706244,185.11312517400196,15801200
2019-10-22,184.2870330810547,186.75571276681055,184.2293860458164,186.49635240867647,22392300
2019-10-23,184.64247131347656,184.6808880190255,183.61464488848125,183.91243664988434,14828400
2019-10-24,186.438720703125,186.55400011674928,185.14194822231366,185.9584313419501,18998500
2019-10-25,187.92762756347656,188.0236913021506,185.43973209886622,185.47814879997466,21507100
2019-10-28,189.78158569335938,190.03133093782816,188.8017910835228,188.8017910835228,18818700
2019-10-29,188.31182861328125,189.7526965616271,188.28301242689565,189.46453469777128,18569700
2019-10-30,189.22442626953125,189.54141903773228,187.5914305562647,188.67688930883773,21764300
2019-10-31,189.3108367919922,189.85835898535908,188.2157777479918,189.77191042702745,26801800
2019-11-01,191.03028869628906,191.03990386430874,189.83918044331378,190.12734233853791,22131900
2019-11-04,192.21180725097656,192.624849064048,191.03028487511827,192.29825581781458,19015900
2019-11-05,192.31747436523438,192.64406761633995,191.68348888442827,192.45195480141126,15048900
2019-11-06,191.88519287109375,192.11573703214864,190.95343037390643,192.0965213544105,19725500
2019-11-07,192.52879333496094,193.76794814023677,191.97167055399365,192.84578608381594,17832400
2019-11-08,193.29722595214844,193.31644162802175,191.67384578660645,192.18296592501972,15258800
2019-11-11,193.0379180908203,193.1147514948287,192.05812363111994,192.31748400577246,10147600
2019-11-12,193.5950164794922,194.23861707939673,192.90341332972,193.20119036883776,14778300
2019-11-13,193.64308166503906,193.8255939868118,192.7977822666327,192.92264754684328,15774600
2019-11-14,193.48936462402344,193.61424454800726,192.32707258035344,192.91302618611647,16945400
2019-11-15,194.91102600097656,194.91102600097656,194.0368958731109,194.66126616029058,18427900
2019-11-18,195.0647430419922,195.372120634779,193.81598767636072,194.60365466690814,18365900
2019-11-19,195.35287475585938,195.80434789254411,194.6036245837585,195.80434789254411,16923300
2019-11-20,194.18096923828125,195.42972442118923,192.71128506876605,194.84377085536985,36629000
2019-11-21,193.7487030029297,194.10412705611637,193.143548444642,193.9696319795342,17883600
2019-11-22,193.8736114501953,194.34430031571728,192.8265841273138,194.2290208984305,17189600
2019-11-25,196.16941833496094,196.2078350406268,194.68051815249478,194.70933434606178,17752800
2019-11-26,196.5440216064453,196.79376680861864,196.00609984344504,196.29427640427195,14780600
2019-11-27,197.91761779785156,197.92723296496362,196.81295821771764,197.05310287924823,16963100
2019-11-29,197.01467895507812,197.71589723698838,196.91861523108324,197.41812021277715,9854600
2019-12-02,194.99746704101562,197.09152147424373,193.8255599088774,197.02428859014643,28007000
2019-12-03,193.4701690673828,193.54701712606126,191.37609977588366,192.31747750174318,31104100
2019-12-04,194.44998168945312,194.91107011942572,194.1714202547901,194.45959685920525,15300100
2019-12-05,194.8341827392578,195.1415603066207,193.88320453373248,195.1415603066207,14962300
2019-12-06,196.91864013671875,197.06272108366758,196.10214235129337,196.25583846621763,16555300
2019-12-09,196.0253448486328,197.48541423598664,195.9388816073615,196.56326669210748,13984100
2019-12-10,195.8619842529297,196.80336189941136,195.42012627437214,196.12134459694136,21799800
2019-12-11,196.8994140625,197.10114203484613,195.9964677565774,196.30385997019678,18780800
2019-12-12,198.36907958984375,199.14716056081042,196.42872138887336,196.69768222182503,32612000
2019-12-13,199.02232360839844,199.713941515907,197.84081579026684,198.26345814950494,32519400
2019-12-16,201.0203094482422,201.27005463461376,200.2614440641703,200.32869160892483,21296600
2019-12-17,201.1355743408203,201.44296656173643,200.7993659313518,201.27965528358234,15996100
2019-12-18,201.28929138183594,201.84642884722805,201.07796287229863,201.30850706195827,15443300
2019-12-19,202.54763793945312,202.6148708308799,201.35651500032137,201.37573067955844,17865900
2019-12-20,203.3641357421875,204.14220219267574,202.94147874259667,203.5082166932895,27672600
2019-12-23,203.9012908935547,204.22859221546608,203.72801890750017,204.08419889375398,23774700
2019-12-24,204.00721740722656,204.17086809479974,203.5451440135465,204.0842320876813,7089000
2019-12-26,205.8073272705078,205.82658460704587,204.30557817950617,204.3344568397913,17067500
2019-12-27,205.6340789794922,206.54860426822833,205.08535499282314,206.52934692947355,18134100
2019-12-30,204.28634643554688,205.65332362183074,203.27554920448603,205.52817296121955,21815500
2019-12-31,204.67144775390625,204.81584109316393,203.31409160869308,203.63177164410772,18170900
2020-01-02,208.0888214111328,208.0888214111328,205.99021263020052,206.3945285188479,30969400
2020-01-03,206.18280029296875,207.42464165672527,205.31641095610559,205.33566829598263,27518900
2020-01-06,207.51124572753906,207.5401243883885,204.31521818483327,204.5655048085431,21655300
2020-01-07,207.4823760986328,208.06960004320752,206.82777350549108,207.58826942270514,22139300
2020-01-08,209.04190063476562,209.99494063359947,207.12621400096043,207.4535153257553,26397300
2020-01-09,210.81320190429688,211.21751788479062,209.58099662401713,210.76506590182353,23547000
2020-01-10,210.27413940429688,211.6603742816483,209.89870201576824,211.64113162822005,21898500
2020-01-13,212.69998168945312,212.72886034930957,210.80353801731354,211.1404753010303,22756900
2020-01-14,211.86253356933594,212.95034570776983,211.5352322018764,212.59415098290106,24418100
2020-01-15,211.94912719726562,212.94066711688131,211.25600991708154,211.97800585985289,25742100
2020-01-16,213.9803924560547,214.01890714109604,212.55565757954184,213.0081096499629,18805000
2020-01-17,215.0392608642578,215.21253282734727,213.82629836645552,214.94298886984544,24325200
2020-01-21,214.94302368164062,215.48211168395406,214.34617834894308,214.44243566990113,21146300
2020-01-22,215.510986328125,216.7431916501498,215.24144233199746,216.03083166997536,20736400
2020-01-23,216.20411682128906,216.30038883535866,214.38468739213076,215.38586345788542,26496100
2020-01-24,214.3846893310547,217.44596019978124,213.39314927116754,217.2149161773528,37436500
2020-01-27,209.95645141601562,211.0923847858952,209.07079002611857,209.54249938714563,42264400
2020-01-28,213.1813507080078,213.67231739217365,210.8805906940185,211.43893603364953,26731900
2020-01-29,213.5278778076172,214.60605364802205,212.58447394726292,214.36538834871425,28924500
2020-01-30,214.28842163085938,214.38467895209246,211.48707358685505,212.15131226626292,39568100
2020-01-31,210.89019775390625,215.21253717410386,210.13930849822043,215.18365851300567,52015800
2020-02-03,214.0766143798828,214.56756633140068,211.7758545702248,211.92024788271684,25408600
2020-02-04,218.9765625,219.3519998115752,216.26185064011347,217.00310393852186,30691200
2020-02-05,219.6985321044922,221.65273309301173,218.37969100981817,221.6142331096167,38534800
2020-02-06,221.59503173828125,221.6527890724825,219.46754356456756,220.24729695437952,22467100
2020-02-07,220.64198303222656,221.83568841889965,220.00662300275312,220.60348304061307,25884900
2020-02-10,223.30856323242188,223.3181845582399,219.85261237668485,219.91036970968705,21478900
2020-02-11,223.3470458984375,225.2820045381875,222.75982191005775,224.54075121438615,30198000
2020-02-12,225.5226593017578,225.62855262876883,224.1075460630854,224.66589136104858,24471300
2020-02-13,225.23387145996094,226.15801810640116,223.68398613863585,223.9535301346014,22773200
2020-02-14,225.8788299560547,226.09061660134358,224.8295327428789,225.59002864983847,23438500
2020-02-18,225.96548461914062,226.3890579447303,224.54074999683095,224.78141532373002,24394500
2020-02-19,228.13145446777344,228.6031637591401,227.0436572650157,227.31320123464104,22230500
2020-02-20,226.0136260986328,228.10259942404699,223.22191411457885,227.630904772885,42604000
2020-02-21,221.67202758789062,225.27237154511687,220.75750226626002,224.88731289044486,66017200
2020-02-24,213.12362670898438,215.87683915827503,212.03581452465892,213.4027920779363,84522600
2020-02-25,207.32835388183594,215.6265040523048,206.72188726776398,214.9141294214852,97743000
2020-02-26,208.39691162109375,212.0550274551949,206.8759050225816,208.61833429356105,79537700
2020-02-27,197.96170043945312,208.33918971886743,197.82692842370935,203.02529438988105,121822600
2020-02-28,198.11569213867188,199.4345333769781,190.77058195419983,191.22303392584632,148173700
2020-03-02,208.3391571044922,208.48356511314225,198.25047077787218,201.0806973544826,112933900
2020-03-03,201.65829467773438,211.41005881468837,199.86774398634094,209.00340544932334,131953500
2020-03-04,210.0719451904297,210.17783851853628,203.47770956270426,205.35491080541635,73086200
2020-03-05,203.6894989013672,208.2813973693051,202.2551429797237,204.74843219637864,78705500
2020-03-06,200.2528533935547,201.34065092200498,195.33365244148945,197.02793142770298,89828400
2020-03-09,186.3423309326172,193.64892573479455,184.9368391521494,186.25568026308363,116424000
2020-03-10,196.4888458251953,196.67175386646838,186.4482784111388,193.60086123006081,100599200
2020-03-11,187.9307403564453,193.25425617585452,185.53370842889754,191.9065362300721,89168800
2020-03-12,170.69911193847656,183.65652505137072,170.33329593718474,175.29099584868476,137820700
2020-03-13,185.1582489013672,187.21834325086076,171.47884168071033,180.08503502968375,134882000
2020-03-16,162.9785919189453,177.78431553068688,162.8438198989623,167.64749129546604,92054400
2020-03-17,175.33914184570312,177.5051299343978,163.44064669091188,168.918192252125,121257100
2020-03-18,170.00599670410156,172.52816468747216,160.57191273504014,165.20231138074408,114156300
2020-03-19,171.0263671875,176.63868292153603,165.2215221795622,169.1299237270316,120896500
2020-03-20,164.32630920410156,176.04189747520053,163.74872113829707,174.9541000078637,118983900
2020-03-23,164.44496154785156,168.06263479386743,159.11008585833804,164.88872122263345,124639800
2020-03-24,177.17918395996094,177.3431833950466,171.67066653757124,173.5615103968468,94881800
2020-03-25,175.8671112060547,182.8226808593636,173.62897089197364,177.91229722245237,88754900
2020-03-26,185.12835693359375,185.91942839495096,177.1308953136619,177.38171531049974,79887600
2020-03-27,178.76126098632812,183.7874057618229,178.14384546533603,180.33373263115413,58845000
2020-03-30,185.263427734375,185.69756024276714,179.76456807167224,180.45916242068188,49356900
2020-03-31,183.6812744140625,188.36013644435263,182.5236222301767,184.9547021205792,62659300
2020-04-01,175.8767547607422,181.03797314721095,174.47792441087148,178.24995427430997,53715400
2020-04-02,179.4462127685547,183.39189909121444,174.584067000671,174.84454356405624,56465300
2020-04-03,176.89935302734375,180.46880159060956,174.89274895902759,179.00243424831183,47487600
2020-04-06,189.54676818847656,190.67548040616995,182.51401830274105,183.75849134675707,64763500
2020-04-07,189.46958923339844,195.50870082071944,189.08370999909098,195.2289258635497,69904500
2020-04-08,193.49244689941406,194.0712657278729,189.2477018889726,191.1578290474795,45940400
2020-04-09,193.77220153808594,196.04892419321612,192.0067754575091,195.20962881995843,68252600
2020-04-13,195.8656463623047,196.24188378038906,191.73667659243273,192.94256764018388,42853900
2020-04-14,204.3840789794922,205.00149465693906,199.13603836101842,199.91745346774871,63959600
2020-04-15,202.0397491455078,204.35506817638338,199.8112654345451,201.12327513593752,47036000
2020-04-16,205.7250213623047,206.80549507582907,202.29064586973047,204.22007162693848,64657400
2020-04-17,207.69300842285156,208.86995919487663,204.5962886350872,208.5419603817808,62863200
2020-04-20,205.23301696777344,208.26221472736088,205.06901754974783,205.83113422414328,38249100
2020-04-21,197.66001892089844,203.70877272450335,196.44448600663557,203.16853587371983,72932800
2020-04-22,203.52545166015625,204.856759976232,200.97861056876033,201.72144351385245,40089100
2020-04-23,203.0913543701172,206.8730269955325,202.68617673743162,204.3165290973986,43278500
2020-04-24,206.2941436767578,206.73791796009087,202.10729442770193,203.52542316050253,34231900
2020-04-27,207.9534454345703,208.98569498101517,206.93085243513457,208.56121908230313,36451700
2020-04-28,204.0366973876953,209.65133130356193,203.75693723465918,209.65133130356193,46862800
2020-04-29,211.27212524414062,212.20789793540712,207.54833285878604,208.56128434854725,48716400
2020-04-30,211.18528747558594,212.27540295501447,209.68033782796115,212.188582333886,43359500
2020-05-01,205.23301696777344,209.02433140175634,204.21040898188159,206.93090628411198,48795000
2020-05-04,207.62550354003906,207.84738337681773,203.67017491383618,203.99818847470257,32841000
2020-05-05,209.9793701171875,212.3718534949346,209.19795518431812,209.76713214525415,37783100
2020-05-06,211.27212524414062,213.24013308452902,210.41353135136887,211.65800451626365,36455200
2020-05-07,213.9925994873047,214.87047694425198,212.64199274061437,213.9925994873047,38624800
2020-05-08,216.92535400390625,217.06041322776724,214.62933247791787,215.66158239770303,31852300
2020-05-11,218.8643798828125,219.8869730565774,215.37212439044205,215.60366075294203,35714100
2020-05-12,214.281982421875,220.0509750259804,214.25304221820454,219.4624996841017,41054100
2020-05-13,211.60011291503906,216.6841537545293,209.06292813022924,214.80296664173116,65521200
2020-05-14,214.0022430419922,214.0408250771921,208.3683238004577,210.27845103036063,51549300
2020-05-15,215.39144897460938,215.44932939218967,210.62576498915945,211.0598828413621,55747200
2020-05-18,219.4046173095703,220.6105082670921,217.51378853157144,218.29520351678974,42398100
2020-05-19,218.85476684570312,221.73926368654432,218.7100658003225,219.6651221405356,36237300
2020-05-20,223.2248992919922,223.58183832561753,221.38229426910294,221.40159264724065,37417000
2020-05-21,220.7938232421875,223.94843835442734,220.282526614009,223.27314230969628,43642900
2020-05-22,221.55599975585938,221.75858125036493,219.47221606168574,220.3886905033673,28762400
2020-05-26,220.95777893066406,225.32794077890404,220.71660076810772,225.12534464540408,33055300
2020-05-27,222.16368103027344,222.2794565640182,216.03776422232875,220.6201495437032,55665600
2020-05-28,221.87428283691406,225.2314789666659,220.96745052868073,221.0253309363811,42784300
2020-05-29,225.12538146972656,225.3569178429785,220.68769666466795,222.25054142350731,50691800
2020-06-01,225.80067443847656,226.17691183970598,223.81336843606732,224.25714279871312,25776000
2020-06-02,227.3152618408203,227.37314224848882,223.82299180122646,226.2251317619041,33383400
2020-06-03,228.3378448486328,229.09031955568474,227.04513340014336,227.9230107448058,37228700
2020-06-04,226.73643493652344,229.39903680936783,225.43406684460547,227.9905644471948,38716100
2020-06-05,231.2319793701172,231.820454680359,227.31524833357355,227.88442526895665,47365600
2020-06-08,233.0264129638672,233.15181563588544,229.51485846068348,231.08733053874474,32937300
2020-06-09,234.71466064453125,235.5635980197167,231.98452126488604,232.1678190782725,35046300
2020-06-10,237.53160095214844,239.0751474122941,235.88193548886338,236.4028886753113,58084400
2020-06-11,225.76211547851562,234.9944102155441,225.7042350601566,233.61487784348546,72919400
2020-06-12,227.55648803710938,231.91697983220018,223.56257714138843,230.6532082636059,72034800
2020-06-15,230.3251495361328,231.00044545981333,223.30204248916144,224.23781495495695,45307400
2020-06-16,234.280517578125,235.76616886523365,230.66284445134943,235.1776934477975,48890100
2020-06-17,235.02337646484375,236.83704161624664,234.1647824832364,235.7758514275849,34749300
2020-06-18,235.6600341796875,235.90121237208692,233.93320479906112,234.7049632384603,30578600
2020-06-19,235.6214599609375,238.28406199401456,233.8946158026866,238.0235854158861,49422100
2020-06-22,238.44717407226562,238.5727947977947,235.20010171844086,235.49000704346753,24068700
2020-06-23,240.4766082763672,242.70896797011602,239.490900584289,240.04173550092696,32767400
2020-06-24,235.51901245117188,240.95012181687974,234.02110437194023,239.72280187178637,46032400
2020-06-25,237.76101684570312,238.06059549512244,233.03536861977014,235.60597049212052,36940800
2020-06-26,232.14633178710938,237.6934186778951,231.62447264881834,237.51946071648175,52824600
2020-06-29,234.67822265625,234.68789599689202,229.3727492168145,231.90468714607596,34377800
2020-06-30,239.27828979492188,239.8194661067416,234.42700543519746,234.61062198655384,38909200
2020-07-01,242.07113647460938,243.06651740639933,238.77574167335084,239.3169179377088,34689200
2020-07-02,243.7139892578125,245.72408299270458,243.2501260100518,244.51609503274156,31956500
2020-07-06,249.7056884765625,250.22751818141214,246.84515098406868,246.86448292549113,34589000
2020-07-07,247.98544311523438,252.11194927639178,247.68586443037847,249.45437549713066,36578200
2020-07-08,251.25189208984375,251.28088262925618,247.87919820662415,249.30946696540784,30426300
2020-07-09,253.3682403564453,254.03505212433237,248.97117561865883,253.16530662027412,40312900
2020-07-10,255.0980987548828,255.3493697196209,250.54640780596472,253.22329884544615,32885300
2020-07-13,249.8505859375,260.7224780969237,249.02914818707566,257.93926898540803,64108100
2020-07-14,251.61907958984375,252.02497655986264,244.26484759243948,247.32830358402757,72230500
2020-07-15,252.1312255859375,253.86107249585933,248.83583109496908,253.02996149477661,54523900
2020-07-16,250.4110565185547,251.0488776726504,247.0286903780391,249.34802126172846,47594100
2020-07-17,250.7010040283203,251.56107612618052,248.5266256848358,250.86527387658973,35137900
2020-07-20,257.8136291503906,258.44177701059385,250.09217930922563,251.3388016882477,40610100
2020-07-21,255.12709045410156,259.3888760723057,254.28633544289957,259.3792027299571,43243800
2020-07-22,256.02587890625,256.95363520456925,253.72586434100995,255.62001133115083,29865500
2020-07-23,249.33836364746094,256.32534644289126,247.9274126154365,255.61990041876967,51363500
2020-07-24,246.97073364257812,248.29468380070477,242.87324769475924,245.50181607372636,54054500
2020-07-27,251.3774871826172,251.76403747661257,247.83085063304088,248.61362456324807,36445700
2020-07-28,248.17869567871094,251.11653050875375,247.88879037951583,250.59467147831046,31302400
2020-07-29,251.03921508789062,251.89931667086722,249.24174316088272,249.71526500343768,27556900
2020-07-30,252.35357666015625,252.91407021964505,247.92749129204472,249.07749844062172,41774500
2020-07-31,256.8568420410156,257.0114680015226,252.0828724184515,256.97280413842424,53686300
2020-08-03,260.3262023925781,261.0703122454991,258.86694372179494,258.9925791691987,32081600
2020-08-04,261.2926330566406,261.3892779920553,259.079590850786,259.8237008188815,24911300
2020-08-05,261.9400634765625,262.39426807028883,260.8867016510886,261.7757936507683,21612100
2020-08-06,265.4094543457031,265.7380235188245,261.1090055811203,261.7468267378474,28048200
2020-08-07,262.3459777832031,265.6413722686258,260.20059012229626,264.86824232800205,44969400
2020-08-10,261.2249755859375,262.83886046192526,257.70733001490817,262.635897252369,35088400
2020-08-11,256.277099609375,261.3506497453629,255.73592328755478,260.0653338621166,43104300
2020-08-12,262.7228698730469,263.6699430456665,258.38378658150805,258.43212379478376,38773400
2020-08-13,263.3220520019531,265.59304572073495,262.38465218698923,263.4959951861173,31895700
2020-08-14,263.0128173828125,264.21113205316004,261.6212128338113,263.94054391818173,30799500
2020-08-17,266.06658935546875,266.5691017036072,263.05145628285396,264.72329265771594,24803000
2020-08-18,268.6275939941406,269.1011159467353,265.67044114245454,267.12970037354484,23529500
2020-08-19,266.8203430175781,269.642185916782,266.3081573856884,268.5888241263631,31999400
2020-08-20,270.5216064453125,271.0048015539528,265.6220009656464,266.0278978333354,27723400
2020-08-21,272.396484375,272.8506890877729,270.06747974073045,270.71497434945246,34748900
2020-08-24,274.097412109375,276.38775345954826,271.8167146121699,275.6629603997767,36418500
2020-08-25,276.2523193359375,276.4456091943272,272.879626597847,273.32415788187325,34866600
2020-08-26,282.1473083496094,282.39857926912845,276.2233309949189,277.49897328985776,42216700
2020-08-27,281.2679748535156,283.9738862529021,279.0066243682811,283.1234577985778,49482700
2020-08-28,282.69818115234375,283.3263290108986,281.1519506215127,282.50489127652946,28021000
2020-08-31,284.9692077636719,286.7763531049731,282.78515600775756,283.2200434874042,36321000
2020-09-01,289.8398742675781,289.95583641788903,285.84867647361267,287.61715824965336,36216200
2020-09-02,292.5843811035156,293.2995005967237,286.9116738996399,293.086893518757,50836800
2020-09-03,277.7502746582031,288.58350302844633,274.8511033929113,288.0809906262113,110083300
2020-09-04,274.0489501953125,279.21914423449357,262.66487356215526,275.9624136196439,123959000
2020-09-08,260.8771667480469,268.8692067753301,260.596905202906,263.0708628979168,99568600
2020-09-09,268.54058837890625,270.6376391822243,263.82459816912103,266.3758831646691,64837900
2020-09-10,263.1867980957031,272.7154242272549,261.46662410129585,271.49776270032766,69667500
2020-09-11,261.3603210449219,265.9699930867914,257.9296170941688,264.935948179579,71809000
2020-09-14,265.9119567871094,267.90271843303157,263.7858863439443,265.1388268569169,38525200
2020-09-15,269.6808166503906,271.0241130340578,265.88291066778123,269.6518261273129,41849900
2020-09-16,265.3804626464844,270.93720763616034,265.03257624671886,270.47335910313967,42321000
2020-09-17,261.2347106933594,265.177571313958,257.7170347987162,258.55778989114464,81570800
2020-09-18,257.90057373046875,262.94513225830894,253.80308831036103,262.65522696609054,86251100
2020-09-21,258.5190734863281,258.65435278987366,251.36776181400703,253.64845821276162,57168600
2020-09-22,263.3220520019531,263.9018626158336,257.5816909893936,260.91571998677773,41128900
2020-09-23,255.28163146972656,263.1866960015809,254.40221287385216,263.00307950948144,48837300
2020-09-24,256.4703369140625,259.6690864606942,252.44047637027398,252.60477569837306,70631700
2020-09-25,262.4330749511719,263.2448396583534,255.41706852865963,256.9729730030202,55242400
2020-09-28,267.8834533691406,267.8834533691406,262.53931518411497,267.28426649719216,58438300
2020-09-29,266.675537109375,268.37636476116774,266.1150139634269,267.32300239118837,27050000
2020-09-30,268.50189208984375,271.64266073652465,266.598101915103,266.8686900342182,49380800
2020-10-01,272.7637023925781,273.37253309004967,270.43469788715163,272.3191710467639,50020200
2020-10-02,265.0905456542969,272.75401437277986,264.2497907332789,266.74306496429404,75497400
2020-10-05,270.74395751953125,271.06285339808517,266.94605005181484,267.05233884736725,28184600
2020-10-06,265.9119567871094,271.7392890791808,265.03253808070434,270.0577794053356,49704200
2020-10-07,270.51202392578125,271.3044416697659,267.96073901764834,268.5502525196212,27539700
2020-10-08,271.9519958496094,272.97636757735154,270.88896023820655,272.90871315392087,25443300
2020-10-09,276.1073913574219,276.18471910444345,273.20822017389503,273.59477043331975,30201100
2020-10-12,284.6310729980469,287.4625908829499,279.74113804935166,280.78482710704185,79370700
2020-10-13,284.6213073730469,287.0662740546878,283.25869328680324,286.4284823046044,64240000
2020-10-14,282.2439270019531,286.389749328572,280.50443639218156,285.42335910272357,36949100
2020-10-15,280.349853515625,280.939337487908,276.90950614206577,277.5473273282057,42514200
2020-10-16,278.81329345703125,283.4132915368663,278.4653775900794,281.992696521591,40570700
2020-10-19,274.26165771484375,281.68356040299943,273.28562320201286,280.7268135943955,36756800
2020-10-20,274.85107421875,277.95317888560766,273.44015261046803,274.9960268682495,32195400
2020-10-21,274.63848876953125,277.6632954251915,274.15529357193424,275.1023667763063,29306100
2020-10-22,274.6287841796875,276.36830438824296,271.38172697740964,275.4695390091383,32196200
2020-10-23,275.1700134277344,275.33431278433005,272.3095058897191,275.1990039622046,24658500
2020-10-26,271.04351806640625,275.71117074606025,267.4582179216346,272.88932727895894,38421100
2020-10-27,273.15997314453125,273.9814110607586,270.7826605035529,272.03895649879405,30559100
2020-10-28,262.51031494140625,269.27504806427874,262.25904398800714,268.66621736451685,53413500
2020-10-29,267.1005859375,270.09637178905854,263.3606313086981,263.8245091946911,43246300
2020-10-30,260.3262023925781,265.98923493024563,258.09384334192606,265.1194896299209,65838300
2020-11-02,260.9061279296875,264.3271291982488,257.9972829744233,262.71327351609733,39987400
2020-11-03,265.419189453125,267.51627016636445,261.73724338979656,262.8195962126676,43604100
2020-11-04,277.26708984375,279.0645619395194,272.39647367770004,274.05866644513554,75728200
2020-11-05,284.4956970214844,285.4620874656753,282.186009703758,283.66458590369433,52054200
2020-11-06,284.7082824707031,285.4330753238653,280.0889371995587,283.83853694528784,40959800
2020-11-09,278.8905944824219,289.0860306228483,278.4363898269844,287.6460889111584,86537100
2020-11-10,273.8943786621094,277.0254741037576,271.18846786161714,275.58556185295663,69024900
2020-11-11,280.0212707519531,280.4947925750533,273.85569574340076,276.41662421306324,36102900
2020-11-12,278.70697021484375,282.2536357652556,277.5956272140191,280.98766676986247,34414600
2020-11-13,281.1519470214844,281.77045102265487,278.1947948091362,280.41751038496193,24806900
2020-11-16,283.34564208984375,283.6452207175008,280.24350805472454,280.8523386502506,30168400
2020-11-17,282.4469299316406,283.8675250915629,281.80910868719633,283.53895587325457,21843500
2020-11-18,280.35955810546875,283.5100008460127,280.2725864919562,281.89614508655745,28069600
2020-11-19,282.5533447265625,282.8625968583259,279.1419864075462,279.80879841395193,22718400
2020-11-20,280.6204833984375,283.22007625179197,280.5335117908258,282.4759366779504,25907300
2020-11-23,280.6300964355469,282.91076341232724,278.38806383702627,281.6158039352227,26875600
2020-11-24,284.5730285644531,285.06589718604346,279.8957018065329,281.6931740868517,24516800
2020-11-25,286.3221130371094,286.9599341655216,284.6889110928169,285.6359841911062,23326800
2020-11-27,288.9604187011719,290.0814351653389,287.8877099628817,288.28393358751885,17163100
2020-11-30,289.54986572265625,289.88810823626227,284.87254006825106,289.2792776101499,27836200
2020-12-01,293.2607727050781,294.88433071509655,290.71916166616165,291.8208606911067,27521300
2020-12-02,293.6377868652344,293.9760294703395,290.25541979798413,292.0915560218256,23620000
2020-12-03,294.05328369140625,295.59951430318665,293.3284908569994,293.94699489846994,22828700
2020-12-04,295.2515563964844,295.39653853625344,293.4250940494465,294.1015495701713,19332100
2020-12-07,296.92340087890625,297.290633888362,295.2515351486592,295.43515165338704,20851000
2020-12-08,297.92852783203125,298.2281065199663,294.7007871841629,296.44995158477576,18341500
2020-12-09,291.18310546875,297.9961463758119,290.1200700704839,297.7159143781888,48839300
2020-12-10,292.3524475097656,293.4734640443875,288.07134461326757,289.15369726962035,27519500
2020-12-11,291.7049865722656,291.83062205952194,288.438581871194,290.6999321661132,26760400
2020-12-14,293.82135009765625,295.7637747777363,292.8259691496675,292.8935940648919,28804800
2020-12-15,296.962158203125,296.962158203125,293.88901386267713,296.0730659271686,25709000
2020-12-16,298.5953369140625,299.37811083246515,296.3146400776585,297.35835829679314,25461900
2020-12-17,300.5474548339844,300.7793791237799,298.991580236775,300.1898950565834,23730500
2020-12-18,299.63897705078125,301.49445942174196,297.2713089953816,301.1852074445999,41173400
2020-12-21,299.0785217285156,299.6109881565229,293.92799778395926,296.6968704821686,37095500
2020-12-22,299.89166259765625,300.8113797312623,297.074365952245,299.9787918285022,26176300
2020-12-23,298.3814697265625,300.2983725782686,298.2265634125752,299.9401646532673,21201300
2020-12-24,299.6980895996094,300.1434267278117,298.5653797992365,298.64281817335035,16785000
2020-12-28,302.71875,303.1931598534604,300.4726526044862,302.30245587063234,22497700
2020-12-29,302.9897766113281,304.66467326455717,302.0894114503533,304.0450480707538,25871900
2020-12-30,302.9993591308594,304.4709241218559,302.37973415864303,304.1514503079814,18138100
2020-12-31,303.744873046875,304.22894406507703,301.82797072381925,302.90259420245957,21611400
2021-01-04,299.45611572265625,305.2456177629367,295.45768298564667,305.071329680919,45305900
2021-01-05,301.9247741699219,302.19588231521544,298.4685294069981,298.4685294069981,29323400
2021-01-06,297.7424621582031,301.9441957847156,296.2321626812209,297.21965709452303,52809600
2021-01-07,304.9453430175781,305.77793086085467,300.36602124352004,300.39506431839374,30394800
2021-01-08,308.8663635253906,309.21491003430316,305.042190529325,307.2302010628528,33955800
2021-01-11,304.4032897949219,307.08503310784016,303.75462150760245,305.9135892944069,32746400
2021-01-12,303.9191589355469,305.52624870479366,301.28581143319,304.44193435888496,29266800
2021-01-13,305.97161865234375,306.7654726708281,303.5803066312761,304.1805499689339,22898400
2021-01-14,304.3355407714844,307.4142262235042,303.86113094918653,306.417040826956,23500100
2021-01-15,301.9247741699219,305.08092679773813,300.68555349227927,304.12247559532705,35118700
2021-01-19,306.3298645019531,306.83328778900795,303.14466852170074,304.2386738901535,24537000
2021-01-20,313.4553527832031,314.3944517891422,306.42666132440587,309.9410218264804,30728100
2021-01-21,315.9628601074219,316.7083484771748,313.4166710531678,314.791416370408,25130600
2021-01-22,315.0528259277344,316.0596724734222,314.365423740635,314.9269627231851,21609400
2021-01-25,317.6571350097656,319.79675062490884,311.17059975297013,318.43166652611484,39080600
2021-01-26,318.1217956542969,319.25453486339853,316.7954457605857,318.3735220441752,25498100
2021-01-27,309.253662109375,315.87575134585563,307.24960062396013,315.8660900145018,55264000
2021-01-28,311.0833435058594,316.02087280505765,309.8344322580126,310.45405721814706,42836300
2021-01-29,304.5386962890625,310.5024535975397,302.7960527868326,309.3987577128749,55259000
2021-02-01,312.1484069824219,313.2327214700414,305.9522735468466,307.9756871077355,35646000
2021-02-02,317.2408752441406,318.39296699369066,314.9463826229667,315.11097982091366,33930800
2021-02-03,315.98223876953125,319.6805488631782,315.92415260432034,319.3126501199401,24824500
2021-02-04,319.71929931640625,319.80642857676935,316.05972265436736,317.3764115279112,22350900
2021-02-05,320.8035888671875,321.8104650393647,319.0319016209477,320.66806432122735,22732000
2021-02-08,322.95281982421875,323.10772610139503,320.8519680704715,322.4881305380413,20462800
2021-02-09,322.88507080078125,324.14364367200585,322.0137193026321,322.0234101778319,17597500
2021-02-10,322.1492919921875,324.7729488774115,319.00283008692946,324.31792089699087,28068700
2021-02-11,323.9208984375,324.3275310285924,321.53927767637487,323.67886296658315,22046100
2021-02-12,325.7314147949219,325.89598240320623,322.033104956612,323.07868540357345,20346800
2021-02-16,324.8503723144531,327.41594268454725,323.6885901057488,326.5252390518274,27080800
2021-02-17,323.2916564941406,324.96655281909017,319.6514626027675,321.87817742268214,31360300
2021-02-18,321.8782653808594,323.2336586653351,317.899185241931,319.7096361256982,32236200
2021-02-19,320.4744567871094,323.3498406293298,319.45791917985673,323.2239774017853,39157700
2021-02-22,312.1677551269531,317.35698283456264,311.96445354950856,316.0984098661009,47256900
2021-02-23,311.2383117675781,312.90351724809113,301.0921726135977,306.90102481836163,97241900
2021-02-24,313.8039245605469,314.1137371441251,305.8941900752673,308.5856241112255,58206300
2021-02-25,302.86383056640625,313.70703212959273,301.3244884248278,311.151152767555,110182600
2021-02-26,304.1322021484375,308.9438404755262,300.9760491503722,305.78771702281585,104739800
2021-03-01,313.28106689453125,313.6199225043149,307.8110704920777,309.0986863548367,49164500
2021-03-02,308.2565002441406,313.99757695189965,308.0048033387535,313.9201385684016,48370000
2021-03-03,299.3107604980469,308.10147616004815,299.2526743462873,307.1623773128053,86301100
2021-03-04,294.4119873046875,302.0990371273131,290.5490806444042,298.9428847614246,139131600
2021-03-05,298.8460998535156,299.7464649262253,287.9738828516121,297.02598795684276,121523700
2021-03-08,290.38458251953125,300.1821771494048,289.96828845196154,298.30397886158335,88409800
2021-03-09,301.83770751953125,303.7352876579728,297.14224110528033,297.67470754029097,80391100
2021-03-10,300.97601318359375,306.38792384064425,300.2886405826303,306.08780216084256,76798100
2021-03-11,307.9079895019531,309.66998605715617,304.81961315982704,305.7102875423941,53484800
2021-03-12,305.41009521484375,308.0918677112033,301.46977936589934,303.86106196290876,69315600
2021-03-15,308.6726989746094,308.8372961135576,304.0934062516041,305.729568585238,42955700
2021-03-16,310.36700439453125,313.8717038740802,308.93417288948405,310.8607663565972,54925900
2021-03-17,311.6449890136719,313.53287824746974,305.62314294705027,307.33677366413497,78258700
2021-03-18,302.09912109375,307.75306838433755,301.6440930467072,306.77523524071523,82718100
2021-03-19,303.1639709472656,304.70331303399223,299.79482647449737,301.9344118163235,78446200
2021-03-22,308.8492736816406,310.9140252313107,305.55343960948335,305.55343960948335,56194800
2021-03-23,307.50189208984375,311.2533289990368,306.6876292367578,309.93500711765904,53455400
2021-03-24,302.3157958984375,308.9074942979724,302.17039709475154,308.8687114227675,64803700
2021-03-25,301.79229736328125,303.3045335029563,297.97302768248255,300.4739755782604,78729000
2021-03-26,306.3192443847656,306.63912171854264,300.1831788664678,301.57903681470293,63519600
2021-03-29,306.2320861816406,307.2789873156319,302.8974683731191,305.78618658592865,54608000
2021-03-30,304.6907958984375,305.2627176647272,301.9959625409575,304.27397607290493,44635700
2021-03-31,309.3533630371094,310.9140260124671,306.135065116699,306.4743486799786,55032500
2021-04-01,314.62677001953125,314.76246572139036,312.9206783435734,313.17272268188594,55685600
2021-04-05,320.908203125,321.67400959517823,316.8659685015175,317.10830969994527,42172500
2021-04-06,320.685302734375,322.633706063615,319.90979306618453,320.598063443454,33537200
2021-04-07,321.4607849121094,322.2944541130064,319.2797138768823,320.2102959020985,32046400
2021-04-08,324.81475830078125,324.99893998740856,323.5158129621822,324.31069923260867,29940800
2021-04-09,326.7825622558594,326.9861501688162,322.72095085143667,323.45764800289913,36664900
2021-04-12,326.3560485839844,326.7728683332673,324.47547857249293,325.74534404855524,25833000
2021-04-13,330.1656494140625,330.6309255747527,327.6646717196911,327.87793315422925,30374000
2021-04-14,326.20098876953125,330.53405101338524,325.3867258114292,330.40802884439285,42564300
2021-04-15,331.14471435546875,331.5324839641165,325.91985316308563,329.07028894600836,36342800
2021-04-16,331.5325622558594,331.74582375791044,329.6616651585897,331.6682579847966,40860100
2021-04-19,328.49835205078125,331.115619292203,326.5789990742722,329.9621023825836,34533100
2021-04-20,326.1040344238281,329.11874492322863,324.13622495146456,327.8392057974429,38081800
2021-04-21,328.8957824707031,329.07996414438594,323.7387547729154,324.8244385866254,36598100
2021-04-22,324.9311218261719,329.4871190436578,323.7775752444874,328.50808062439205,45936100
2021-04-23,329.0218200683594,330.33043890861984,325.5611805627224,325.5611805627224,36381900
2021-04-26,331.16412353515625,331.4452476291295,328.5177468041697,329.264176683064,30812000
2021-04-27,329.7294616699219,331.6681914514092,328.77950300990113,331.45492999213883,33187200
2021-04-28,328.61468505859375,330.4080159525857,327.9651975909243,329.3998682226513,33615700
2021-04-29,329.7973327636719,332.29828122950687,326.5790341440886,331.88146141564596,37708900
2021-04-30,327.6356506347656,329.8361280085452,326.7244452133422,327.35455609823015,38263400
2021-05-03,325.8907165527344,329.58399364431205,325.44481707977286,328.8375934849349,29729700
2021-05-04,320.026123046875,323.6612412033449,316.21649673606737,323.3413342392819,65147000
2021-05-05,318.9501037597656,322.93420853069864,318.17462374116377,322.0714596460376,46219300
2021-05-06,321.35418701171875,321.5092889550731,316.4492026859882,318.68843337457514,46814300
2021-05-07,323.9617614746094,326.33668773045906,321.52864610869307,324.126536941346,53324500
2021-05-10,315.7803649902344,322.75977553069424,315.57677703224937,322.58529692328426,60700500
2021-05-11,315.3441162109375,316.13900258664955,309.2468022628767,309.90599292569743,71963600
2021-05-12,307.1819763183594,312.73641679705025,306.319227585293,310.4196506802592,91164900
2021-05-13,309.55694580078125,312.5231996658119,307.1916933671056,310.119193940392,69877800
2021-05-14,316.3910217285156,317.30219751217567,312.2130318222759,312.7171204997074,44370000
2021-05-17,314.4716796875,316.37162666229653,311.6023677851809,314.68494115486175,39395000
2021-05-18,312.3487548828125,316.64303422977486,312.07733389792406,315.4216545891111,36528500
2021-05-19,312.7073974609375,313.00789819210576,306.610084387319,306.9590711096651,66319100
2021-05-20,318.7561950683594,319.60924077447305,313.967560459338,314.1904954170739,46466100
2021-05-21,316.991943359375,320.7239735921718,316.6332831724443,320.3071538929097,50330400
2021-05-24,322.32354736328125,323.4480142495234,316.8853946382542,319.2797272359701,32475800
2021-05-25,322.7694091796875,324.5530369200139,321.59648601653095,323.8357164110421,31280300
2021-05-26,323.8937683105469,324.35904434223227,322.7499252891107,323.4381658077501,25444900
2021-05-27,322.6821594238281,324.2913085420802,322.4786010989326,323.44796589913267,27931700
2021-05-28,323.699951171875,325.2897234992017,323.38007383329324,323.8841328337644,29927400
2021-06-01,322.6239929199219,325.5030074975126,321.2765616771264,325.02799863948223,31145400
2021-06-02,323.25408935546875,324.09743201993837,321.5383242650881,323.04082791067566,22047900
2021-06-03,319.8904724121094,321.6934772387485,318.2231633119878,320.42361136639323,37057800
2021-06-04,325.31884765625,325.76474720147104,321.61586685126764,321.68372949020727,38736500
2021-06-07,326.2882385253906,326.3463980540727,324.09746433613174,324.7857051473166,32611900
2021-06-08,326.4433288574219,328.8958208385621,324.76631695292076,328.0330718893326,27282800
2021-06-09,326.5208435058594,328.5855953125596,326.3366618228329,327.81011528704465,21485300
2021-06-10,329.9233093261719,330.0299252524659,326.4142135500906,326.8601130664696,33702100
2021-06-11,330.7861022949219,330.7958054113523,329.28359838179995,329.933056363857,21222800
2021-06-14,333.955810546875,333.96548407674544,330.0298661351335,331.21249214012323,27827700
2021-06-15,331.77484130859375,333.91712946198913,331.05749116385306,333.60692559305636,35963800
2021-06-16,330.5631103515625,333.3063998058053,327.1121739212168,332.2400925756048,55399500
2021-06-17,334.76043701171875,335.76858468846024,329.5064963536992,329.5549527607095,59722700
2021-06-18,332.13348388671875,334.2466921636833,331.3870540179676,333.10284873846405,55414900
2021-06-21,334.19769287109375,334.51797093685457,330.11194106733024,332.32465556437614,32992600
2021-06-22,337.3129577636719,337.75937452860774,333.69302217724,333.9938714771948,28941600
2021-06-23,337.47796630859375,338.62316628177916,336.643359660952,337.2547727068681,27188500
2021-06-24,339.56451416015625,341.0881598467166,338.8657606820142,339.4092323186821,32581600
2021-06-25,339.1471862792969,340.37001228841126,338.54548764528295,340.12738996069703,28682800
2021-06-28,343.2717590332031,343.40764175017654,340.3700055288033,340.42823251693966,39130300
2021-06-29,344.5139465332031,344.54306002409317,342.2624341314209,343.0970406149218,29426000
2021-06-30,343.9704895019531,344.7468986534807,343.3881900425526,344.3586792692265,32724000
2021-07-01,344.1062927246094,344.6109363437989,342.2720542937363,343.6210482233592,29290000
2021-07-02,348.0562438964844,348.37649228536435,345.76587409557305,345.9987820147585,32727200
2021-07-06,349.5605163574219,349.8419665254549,345.9696943777668,348.65796848615605,38842400
2021-07-07,350.298095703125,352.0546788214517,348.3474028940629,351.7538295326983,35265200
2021-07-08,348.18243408203125,349.0364694012732,343.9608293377966,345.24185269967666,50890000
2021-07-09,350.35638427734375,350.83191460116575,347.0178984052795,347.60019796286946,35184500
2021-07-12,351.7247619628906,352.1808931403898,350.18165783912826,351.753875458604,25717700
2021-07-13,351.7247619628906,354.68474262269365,350.8707265993189,351.3462569016323,39723000
2021-07-14,352.3554992675781,354.70406640153493,351.53057757494906,354.06354001491627,35336400
2021-07-15,349.88079833984375,352.4720178509438,347.88159271368477,352.2682233868746,53391600
2021-07-16,347.0470275878906,351.7150793969607,346.69763599075077,350.7348755909981,47262000
2021-07-19,344.20343017578125,344.69835954632407,341.65103874777697,343.6017019715255,64404600
2021-07-20,348.2018737792969,349.6478933984783,343.3591119000733,345.13512395324045,42183700
2021-07-21,350.8901062011719,350.8901062011719,347.5516206658584,347.7748438652309,30259900
2021-07-22,353.2095947265625,353.2192794800728,351.09390553080846,351.09390553080846,30252200
2021-07-23,357.334228515625,357.61564913282234,353.18053484060164,354.52949977971826,31960800
2021-07-26,357.6156311035156,358.00385055881424,355.78142153027045,356.64514169924155,28438100
2021-07-27,353.6753845214844,357.3535470119616,349.53140615344574,357.3535470119616,57933100
2021-07-28,355.0341796875,356.6063976396173,352.5206153024903,354.81098604547014,42066200
2021-07-29,355.6649475097656,356.8295169591154,354.47123494762224,354.47123494762224,25672500
2021-07-30,353.8113098144531,354.3936093484703,351.71504926218205,351.74416275803367,36484600
2021-08-02,353.8404235839844,356.0531381213734,353.13195569506735,355.47083858690587,27334100
2021-08-03,355.98516845703125,356.1016224312695,351.31711741542796,354.50032105152934,35558500
2021-08-04,356.4996032714844,357.4506936273146,354.84007454765805,355.9464171578794,29602200
2021-08-05,358.76080322265625,358.9937111841423,356.6063157279587,357.31475398314,21443900
2021-08-06,357.1885986328125,358.46965170158194,356.0822561585007,357.49916233742056,33332100
2021-08-09,357.8485412597656,358.3725841736592,356.5480891117972,357.64471717626753,25960200
2021-08-10,356.0143737792969,358.65410647184547,354.830375374176,358.3629714611559,35130800
2021-08-11,355.4029235839844,357.77092014732835,354.0733578121451,357.27599068075955,34249800
2021-08-12,356.6839904785156,357.04306684042984,353.5492988568263,354.89829342400446,25969200
2021-08-13,357.9358825683594,358.26584538723085,356.53837556079554,357.0333345975948,19336200
2021-08-16,358.0912170410156,358.1300152957724,352.9670337992206,356.81987819850315,34856900
2021-08-17,354.93707275390625,356.3151510147856,352.5108494327965,355.34466168634174,44793900
2021-08-18,351.5209655761719,355.8008274852032,351.19100272642396,354.40332034686696,38541900
2021-08-19,353.21923828125,354.88848087736807,349.337281510462,349.5896181779967,48499400
2021-08-20,356.8780822753906,357.27598648850346,353.9762987928336,354.28686251287087,39486000
2021-08-23,362.2156677246094,362.90470671239143,357.9066936290837,357.91637838081397,34034700
2021-08-24,363.3220520019531,363.923750591973,362.341848392222,362.80769388948636,21732900
2021-08-25,363.7393798828125,364.31199463604713,362.82711756621313,363.5744132863753,20441900
2021-08-26,361.4296875,363.56474648140744,360.9929554085598,362.88542164881795,29133300
2021-08-27,364.94281005859375,365.4474538399385,361.5752109531415,362.0604556103134,27104700
2021-08-30,369.038330078125,369.5235748062067,365.70952873457384,365.7289574785693,27295700
2021-08-31,368.73748779296875,369.34887128381575,367.1943834651041,369.28095952949167,29628200
2021-09-01,369.3487854003906,371.4159322397432,369.14499095082925,369.79523177921465,28138300
2021-09-02,369.1741943359375,371.0278328071563,367.9610824791442,370.69786993614713,25453400
2021-09-03,370.3095397949219,370.7074438872657,368.0094853244032,368.02888444464776,24605400
2021-09-07,370.83367919921875,371.48392010902126,369.26149115749905,370.41637587791985,23970200
2021-09-08,369.5428771972656,370.65893385630363,367.28165038780526,370.65893385630363,32949200
2021-09-09,368.2716064453125,370.8725108772747,368.0289841001596,369.76616838421006,29399000
2021-09-10,365.47662353515625,370.697861587929,365.14666067157793,369.9797088623168,40249400
2021-09-13,365.2242736816406,368.232796834094,363.1765552031788,367.80577911609487,48741800
2021-09-14,364.18585205078125,367.4369677608617,363.2347618019217,366.7091007301896,41826600
2021-09-15,366.8935546875,367.2429463188661,362.35167079867114,364.64204148854424,34097900
2021-09-16,367.1457824707031,367.718367568976,363.642330526106,365.56388026882286,35193100
2021-09-17,362.79803466796875,366.718820085904,361.7596335323379,366.6703074633272,60912300
2021-09-20,355.30145263671875,358.7504976943666,350.6670670420057,357.01138745369525,76203200
2021-09-21,355.7385559082031,358.3229226356182,354.6115368327264,357.1278868870957,41927500
2021-09-22,359.0613708496094,360.51871870143844,355.55400493496865,356.65187839398413,46972900
2021-09-23,362.3744201660156,363.40427696626887,359.5763074823771,360.2175441098625,44652000
2021-09-24,362.71453857421875,363.132334277124,359.74155048747497,360.11075012501493,36056800
2021-09-27,359.8192138671875,360.69361670499325,357.2737175316514,359.6734850025232,43338100
2021-09-28,349.6371765136719,359.77059480277074,349.1319732652067,355.2722726687899,97701600
2021-09-29,349.0639343261719,353.03763232754807,348.44214803307705,350.90020673587804,58076600
2021-09-30,347.781494140625,352.36728337983305,346.945962244198,350.7059150777573,61384600
2021-10-01,349.9383544921875,350.9779363955298,344.3032880653489,348.40329448757456,56375500
2021-10-04,342.5933532714844,348.6559112896858,340.3587649288273,348.3255826438038,76766000
2021-10-05,347.218017578125,349.4623310874055,343.42891877348393,343.6523598204089,47232900
2021-10-06,349.44287109375,349.71490816575323,343.10824696739064,344.0117954940638,56806500
2021-10-07,352.6490478515625,355.29170657655396,351.94951966995245,352.48386870945467,39411200
2021-10-08,350.89056396484375,353.9607141915723,350.3561852041232,353.72751833333194,41822300
2021-10-11,348.19927978515625,352.8725062066949,348.11181282191984,349.35541514023294,34847200
2021-10-12,346.9848327636719,350.0840986793097,346.3435961311823,349.64691210021607,43905100
2021-10-13,349.7635498046875,350.433932313799,347.26661956929087,349.2874922387302,40120800
2021-10-14,356.2049560546875,356.41870158590115,352.687894754568,353.3485519783858,43433900
2021-10-15,358.44927978515625,358.56586286925926,356.3895662331551,357.4194230091557,40419900
2021-10-18,362.05377197265625,362.2675175062636,356.5547092896847,357.1570749799005,34513500
2021-10-19,364.7936096191406,364.8421760222479,362.10238452095024,363.1225161847525,29091000
2021-10-20,364.3175964355469,365.8623818299415,362.84079808380676,365.2502908972937,31390300
2021-10-21,366.54241943359375,366.7367443478896,363.21968280779555,363.52086567008075,25469300
2021-10-22,363.4625244140625,366.2509116189009,361.80115632839295,365.2890716192735,36275800
2021-10-25,367.18365478515625,368.0969285094743,362.9379193060493,364.8810498429271,32597800
2021-10-26,368.33984375,371.8277597322551,367.1642580007848,369.4182966859178,47191300
2021-10-27,369.1948547363281,372.2552798390462,368.5244722333737,368.78678421938156,45760500
2021-10-28,373.2947692871094,373.5473857182244,370.3217822509706,371.0893270341014,38007000
2021-10-29,375.13104248046875,375.29622161802354,369.8749005973432,370.2246498535982,37310100
2021-11-01,376.4136047363281,376.53991299200754,373.4892128194457,375.56834751733527,30765300
2021-11-02,377.9874267578125,378.46351386461185,375.7528386721774,375.80140507193687,25135300
2021-11-03,382.0000305175781,382.41779647294356,377.4336914813911,378.47324379942285,33748900
2021-11-04,386.8966979980469,387.84884257503916,382.7189794670043,383.26305361105216,40265300
2021-11-05,387.2659606933594,389.5879864994472,385.8669041947823,388.6650171919364,43383800
2021-11-08,386.7412109375,388.256850159151,386.0999743975993,387.2367186387448,29256300
2021-11-09,384.0792236328125,388.20837639562905,382.71903806443726,387.81003104170816,50490700
2021-11-10,378.4344177246094,384.1180511334133,376.51070771481966,381.3102427732296,54937400
2021-11-11,379.4837341308594,381.58231899764763,379.14368030363386,381.4074443378712,32243000
2021-11-12,383.4768981933594,384.0112473354142,379.0368369336371,380.63018886710097,34730600
2021-11-15,383.38934326171875,384.97299933919516,380.9507346830435,384.6523958574728,33716900
2021-11-16,386.1194763183594,386.6149544360584,382.4663814751148,382.66067673603766,27872900
2021-11-17,386.3235168457031,388.35408477451546,385.3616766820078,386.44009993829405,28703300
2021-11-18,390.32635498046875,390.83155825697514,386.1486360963617,388.36380376999676,45721500
2021-11-19,392.502685546875,393.7754338135081,391.1327748129784,391.9586113099856,45191700
2021-11-22,387.946044921875,397.08847871856335,387.83918696183883,394.0377788389632,61715400
2021-11-23,386.1777648925781,388.8495693207287,381.74742974006676,386.78982609208884,70098700
2021-11-24,387.4213562011719,387.70308876680224,381.37821935323643,383.70024480865015,46954400
2021-11-26,380.076416015625,386.2361374125211,378.6870548878355,384.8467762847315,51533300
2021-11-29,388.3249206542969,389.33535682537865,383.90431058676927,384.63298453085525,54447100
2021-11-30,382.621826171875,389.7822571763225,380.6106790288867,387.44078141295927,81332700
2021-12-01,376.11236572265625,389.0924939464996,375.64603334024446,386.9550383610428,77766500
2021-12-02,378.8230285644531,380.6009800122921,373.41140274344633,374.829879775316,84416600
2021-12-03,372.23583984375,381.1839484767018,368.1261077111133,380.18323734532777,105349100
2021-12-06,375.2185363769531,376.57872188749616,368.5147119860262,372.7216064023511,67588800
2021-12-07,386.517822265625,387.1299131676193,381.8154496254589,381.8543205406165,56005300
2021-12-08,388.24713134765625,388.45118137491477,384.9535409410944,386.8481048239432,39204000
2021-12-09,382.5343017578125,388.820328553519,382.33997689604223,387.02292735648246,49973700
2021-12-10,386.69268798828125,386.95499992733414,382.17488593364493,385.3421980821005,52545800
2021-12-13,381.106201171875,387.0035798094843,380.73700162639506,386.6829763172521,50166400
2021-12-14,377.1615905761719,378.99783323084364,372.72153087203185,376.28715825033214,75199200
2021-12-15,385.75994873046875,386.1194527583862,372.9644517190141,376.9090040378662,73858000
2021-12-16,375.8402404785156,387.1492724970688,374.2565846183747,386.7217814802278,82591400
2021-12-17,373.9651794433594,378.1234774774166,370.91445036309227,372.43008976290076,80492500
2021-12-20,370.33758544921875,371.1255560766206,367.20514837555993,369.24804728232675,65336800
2021-12-21,378.6258544921875,378.937159569745,369.86089170437486,373.60617144539583,48899500
2021-12-22,383.237060546875,383.44134156093884,377.67260722482564,378.3341083954941,37042200
2021-12-23,386.12628173828125,387.59519903351975,383.42188146726215,383.58724190976255,29595500
2021-12-27,392.5078125,392.5078125,387.39084295846783,387.42002595370644,32820700
2021-12-28,390.6886901855469,393.5779258347806,389.8131705286223,393.40282784093364,33113700
2021-12-29,390.6303405761719,392.08954996149595,388.25669093436284,390.82491370262477,32248500
2021-12-30,389.4629821777344,392.59541944240806,388.8792924991095,390.4163132880544,23850100
2021-12-31,387.03094482421875,390.15364435086724,386.53480417213575,388.7917216357938,34752900
2022-01-03,390.7567138671875,391.00965293172044,386.0872568596611,388.1982292919003,40575900
2022-01-04,385.68841552734375,391.34041629837895,382.59489941582365,391.3014957438579,58027200
2022-01-05,373.83966064453125,385.1242172262459,373.5867215610678,384.00546647257966,75739800
2022-01-06,373.5770568847656,376.8165184216376,369.7928558939074,372.0205905872242,70814300
2022-01-07,369.5301818847656,375.26976272752074,367.75969700528685,373.58679716364645,72652300
2022-01-10,369.77337646484375,370.288992287326,359.267080640251,364.6272526796805,91770500
2022-01-11,375.32806396484375,375.49342437997234,366.9619254037455,369.0437150608484,68295700
2022-01-12,376.81646728515625,379.5889707439038,374.54010446184316,377.89626785911645,54576400
2022-01-13,367.38995361328125,378.87879122687906,366.4560680740918,378.19781508490973,77994000
2022-01-14,369.6760559082031,370.0068064199914,364.6660807383496,364.8703913946755,80121200
2022-01-18,360.4732971191406,365.9891209009165,359.71450953046275,363.86841067713556,75450900
2022-01-19,356.5140380859375,364.5007689267913,356.25136140354783,362.029832788458,81791500
2022-01-20,351.88348388671875,363.70307408651166,351.3484523152494,359.734037581992,88610700
2022-01-21,342.1261901855469,352.33091698772046,341.84406809533505,349.6946206883517,143388900
2022-01-24,343.6923828125,344.35391352228993,325.0631519590181,336.503361180351,198685800
2022-01-25,335.72509765625,341.48412280913794,332.38837987086396,337.2427024792045,124398400
2022-01-26,335.1998596191406,347.1751022863586,331.51291558684187,343.31306025257425,146559500
2022-01-27,331.8240966796875,341.7175160054741,330.80263267745994,339.8983737320851,95255700
2022-01-28,342.2332458496094,342.447264423983,328.7599022902496,333.7017452516599,108167900
2022-01-31,353.17724609375,353.76093569684656,341.9607928414267,343.5951296676344,94326400
2022-02-01,355.580078125,356.2318712803387,349.37360008983933,354.51972302915703,74433000
2022-02-02,358.4693298339844,360.0355631779779,354.3835618038252,359.70481264846654,78777100
2022-02-03,343.9356384277344,352.0877595673493,342.87528317586026,348.78022424897017,95384800
2022-02-04,348.2742919921875,351.57208895549786,342.3985353311194,344.4511417789402,86318300
2022-02-07,345.47265625,351.2316520904139,344.2177279914136,348.86774024734893,58198100
2022-02-08,349.3541564941406,350.44369468405654,343.2060142079704,344.33447295829444,64720900
2022-02-09,356.7572021484375,356.8350135761256,352.2725504590075,353.8679667596408,55766400
2022-02-10,348.682861328125,356.5236756250756,346.84427335256765,349.74321634779176,112468500
2022-02-11,337.6220703125,350.27828670953545,336.39632517138085,348.68287051394003,101569100
2022-02-14,338.0403747558594,341.4354881578317,334.53829662301456,337.06756867725016,80254400
2022-02-15,346.4455261230469,346.678990144254,342.25273317860683,343.31308852518026,55128800
2022-02-16,346.35791015625,347.379344739258,341.1728367486853,344.1982793145098,58947100
2022-02-17,336.055908203125,343.84806555084964,335.63757898128034,343.14764391072606,61801400
2022-02-18,332.22308349609375,337.37894492539755,329.9175373534109,336.9898283493977,80001500
2022-02-22,328.88629150390625,334.6842375572723,325.25774354936186,329.2851455895957,85967100
2022-02-23,320.4617919921875,332.8747773875307,320.15048692148855,332.03817840867356,86215400
2022-02-24,331.2308044433594,331.76586571589667,309.60533959972105,310.1695541857817,130614100
2022-02-25,336.3670959472656,336.5714065678288,328.21500718621655,332.02838980919495,78842100
2022-02-28,337.3691711425781,339.06187408237105,332.0382122795594,333.1958540080665,77515500
2022-03-01,332.20355224609375,338.61434101103964,329.68398795912555,336.34771581519976,67407000
2022-03-02,337.77777099609375,339.11051074418504,330.98757301152676,333.750339065548,70609000
2022-03-03,332.95263671875,340.5210672491219,331.0945734414268,340.41404313685024,71089400
2022-03-04,328.1274719238281,332.0284337216448,325.81221844037054,330.5984076269794,76936300
2022-03-07,316.0257873535156,329.2754318745046,315.82150637733827,328.1177901966875,89933800
2022-03-08,314.5568542480469,324.14870801818853,311.2395819280208,315.23780069650655,116153900
2022-03-09,325.8804016113281,327.23261673740257,320.1408498738404,322.7285184220538,64723400
2022-03-10,322.261474609375,323.46777439300604,317.8254810506982,321.82372966537287,69362700
2022-03-11,315.5782470703125,325.5398002751999,315.09184409095394,325.2284952433668,66228400
2022-03-14,309.51776123046875,317.70877279649835,308.81733958006123,314.3428716623377,79802600
2022-03-15,319.22637939453125,320.00464224223913,310.54896387835566,312.15408832569585,76471000
2022-03-16,331.0654296875,331.1821616873152,319.4695661402415,323.1370646980165,105243000
2022-03-17,335.0733642578125,335.13173025381406,327.8746044366326,329.16842359825154,67810000
2022-03-18,341.9316101074219,342.2234697530368,332.26191499890564,333.4195566448327,85446300
2022-03-21,340.98095703125,343.31860172102,336.5979178245118,341.0978630452481,73799100
2022-03-22,347.6822509765625,348.54913327087644,341.09797022303843,341.47781828362815,63345900
2022-03-23,342.6855163574219,348.3640045280012,342.6270782050995,344.80887821456724,70615500
2022-03-24,350.30230712890625,350.351025410237,342.4517974996988,344.604348920767,53555300
2022-03-25,350.01007080078125,351.29576956009686,345.71468839424256,350.2438234026969,57584200
2022-03-28,355.4256286621094,355.5230355072366,348.7634106520698,350.00039138443765,56833900
2022-03-29,361.5423583984375,362.16570862470064,356.5456880901624,359.3118697413128,68073000
2022-03-30,357.5489196777344,361.33782852557766,356.06843686648347,359.68200152367945,68757700
2022-03-31,353.1171875,358.04567005236385,352.27952440693844,357.69501139905674,67011400
2022-04-01,352.44512939453125,354.1593648604611,349.269850841836,353.3801696236196,54527800
2022-04-04,359.7015380859375,359.71128768845637,353.0198501255595,353.28282187398673,45950200
2022-04-05,351.714599609375,358.96122778866624,350.57499618285163,358.25019063157123,62738700
2022-04-06,344.0783386230469,347.5068387031979,341.44850312291874,346.4062040659175,90077100
2022-04-07,344.8965759277344,347.0880960702405,339.6271839292701,343.0849038199109,63777400
2022-04-08,340.0751647949219,343.9127618247843,339.4420650231139,343.1627857534905,61956100
2022-04-11,332.0299072265625,336.76357619913693,331.68899816767185,335.8480054578386,66107400
2022-04-12,330.6272888183594,338.6531115701923,329.2539328859317,336.77328177821795,72790200
2022-04-13,337.3479309082031,338.39984726201305,330.2473989157264,330.96815586695936,61367800
2022-04-14,329.63372802734375,337.95176991184314,329.41944494333706,337.4355465355157,73519400
2022-04-18,329.8870849609375,332.1760118780032,327.062465025245,328.58191656925595,58560600
2022-04-19,337.2603454589844,337.8350071673093,328.2215436745014,329.2442411729046,56515700
2022-04-20,332.341552734375,338.526514901853,331.1240416669341,338.06872955151954,65500000
2022-04-21,325.46502685546875,338.82842846347995,324.5397363520494,336.2180920752476,75801000
2022-04-22,316.9424743652344,326.83840786440084,316.51390809257975,325.6208967999029,82562100
2022-04-25,321.01385498046875,321.3255449766904,314.04969696933296,315.3159264323357,101755900
2022-04-26,308.89715576171875,319.14371732718405,308.62440477055,318.95865328282736,105819600
2022-04-27,308.527099609375,314.4880299191274,306.8128342616935,308.99460490463673,111204200
2022-04-28,319.4846496582031,321.3157910363892,309.26727669681173,313.48475162677266,99450000
2022-04-29,305.1083068847656,318.72496285370096,304.47520700530265,315.28671241202,91977900
2022-05-02,310.202392578125,310.4361452229706,301.60187658563825,304.69921802742374,115511800
2022-05-03,310.5335998535156,312.8225272678492,307.7674174743805,310.2219097961596,78185500
2022-05-04,321.0333251953125,321.7053936845587,305.73165437547124,311.01076573447637,116083400
2022-05-05,304.8647766113281,316.79638528062134,301.57262187157147,316.71847764967674,154607400
2022-05-06,301.2122497558594,306.9004581164156,297.1798386765447,302.86807676149334,139572800
2022-05-09,289.4267272949219,301.3096472968291,288.03390175661394,295.5922200348363,113387300
2022-05-10,292.94293212890625,297.81297672621145,288.86183237841306,296.59546557688515,124124600
2022-05-11,284.2547302246094,296.18633825965026,283.38787783221585,290.68319437612166,140326100
2022-05-12,283.58270263671875,288.0631497956638,277.53411532056,279.978887320911,120910900
2022-05-13,294.09222412109375,295.12467108754123,286.4364993748133,288.03388809989207,83684900
2022-05-16,290.6831970214844,294.40391787849285,289.40724783468886,292.34874379462224,59190400
2022-05-17,298.2123107910156,298.5921587961595,292.7383559367014,296.5370143344921,62715300
2022-05-18,283.5729064941406,294.39412885704473,282.3164269513766,293.70259100455945,79477100
2022-05-19,282.0534973144531,286.73850768800816,280.1054794237619,281.77105612186665,79920700
2022-05-20,281.1767883300781,286.1637074787609,272.9269345098866,285.51113837908883,91764200
2022-05-23,285.8521423339844,286.23199034784994,279.8230248721788,282.21907844050895,63648400
2022-05-24,279.7742614746094,281.35215088037694,274.91396736497427,280.6411435224921,73491100
2022-05-25,283.6898193359375,285.76446288510164,278.07951900291783,278.28405253294534,67144500
2022-05-26,291.550048828125,293.0987490190363,282.60865493867686,282.8911258210658,59462200
2022-05-27,301.06610107421875,301.2121964372333,294.5597299632836,294.6766062536952,66985600
2022-05-31,300.26739501953125,303.23810960712194,296.4200488394447,301.03687020042577,60968300
2022-06-01,298.04669189453125,304.5238444499757,295.83570262602854,302.40051240627986,65341700
2022-06-02,306.2089538574219,306.3842683433846,295.5143243477627,296.92664928605205,59291300
2022-06-03,298.24151611328125,302.40052312325975,296.9947859978607,300.99794802786283,60914700
2022-06-06,299.2349853515625,304.23165526192764,297.6765653234213,302.67323523378644,51785000
2022-06-07,301.81610107421875,302.59532594620396,294.8227250478429,295.9136101442326,44900300
2022-06-08,299.6440734863281,303.61801620532157,298.7966608845032,301.01739970013836,38342100
2022-06-09,291.6182556152344,301.01743545544304,291.4526907496542,297.9590629986376,55900500
2022-06-10,281.33270263671875,287.20597460384334,280.8846669045221,286.01768266023385,85963500
2022-06-13,268.2518310546875,275.00170651220577,267.3946983506731,272.47902668639784,94442000
2022-06-14,268.7388000488281,271.417324532628,266.23559003375,270.44331562942807,64697500
2022-06-15,275.44964599609375,279.37489983286076,269.4205298192977,272.1575215881491,86051400
2022-06-16,264.3363037109375,268.8849088704275,262.28112936584387,268.4271234740811,81910300
2022-06-17,267.55047607421875,269.9854980416754,263.47912647848466,265.1057045070877,82703400
2022-06-21,274.3006286621094,276.61349173532,271.9195063318225,272.02683895071556,51633700
2022-06-22,273.90057373046875,278.30177743750676,271.20713224352835,271.8024054461043,67472900
2022-06-23,277.9797058105469,278.82871750635326,273.5491977794671,276.37924669266306,57457800
2022-06-24,287.5043029785156,287.92395446562955,280.5658029808013,280.800004903636,58422300
2022-06-27,285.3963928222656,289.4267560880805,284.26436735805646,288.8607582467373,54151500
2022-06-28,276.70135498046875,288.5192616412146,276.5159351758475,285.9331824998259,61609800
2022-06-29,276.955078125,278.45794354155225,274.06647805469794,276.56473159358586,57302700
2022-06-30,273.5199890136719,277.09171787698773,269.1285234937554,273.9786543814577,79313600
2022-07-01,275.32537841796875,275.71572495682835,270.34837814829655,272.2220832289671,56675100
2022-07-05,280.038818359375,280.1559193205776,270.075081156703,271.5974532153894,61829300
2022-07-06,281.83441162109375,283.93257952732887,278.7018420529149,280.419402086532,63194700
2022-07-07,287.865478515625,288.5681142475734,282.64450756949054,282.64450756949054,56620100
2022-07-08,288.2264709472656,289.5926984461402,284.0984834291946,285.0353208882049,59895500
2022-07-11,282.06866455078125,286.0404777553998,281.19037756980873,285.81604417604984,55273900
2022-07-12,279.3362731933594,285.2306049937938,277.7455817987747,283.3178858517059,55797100
2022-07-13,278.7604064941406,281.1025149781684,273.2661916044825,273.83221927188373,73939400
2022-07-14,279.7558288574219,280.62434749047134,273.0515011436686,276.16456402172145,63741800
2022-07-15,284.8304443359375,284.93780675556116,281.1318462068161,282.74207403045335,63818100
2022-07-18,282.4199523925781,289.01691741139587,281.24891307414424,287.6116464040557,59519600
2022-07-19,291.1053161621094,291.3980983569474,284.4400614458328,286.04049094114333,55172600
2022-07-20,295.7212829589844,296.90209088858387,290.74428281343535,291.52500565321566,67769400
2022-07-21,299.96636962890625,300.0249201186976,293.5255477180764,296.17994578756554,55049400
2022-07-22,294.70635986328125,301.10813827886636,292.88146674837793,299.0392748591571,57127700
2022-07-25,293.0278625488281,295.20408853441734,291.02731782839834,294.7356547965479,40582400
2022-07-26,287.27008056640625,291.58348762062855,286.46011245335563,291.32974903463776,50074100
2022-07-27,299.41015625,301.09844171609467,291.261540976586,291.8275688403443,69304400
2022-07-28,302.3377380371094,302.9135043443742,295.44801947013815,299.19539952894036,55139900
2022-07-29,307.8514709472656,308.75906308524213,302.454849173802,303.8796571496862,57501000
2022-08-01,307.66607666015625,311.12070468792047,304.99217151576033,306.0851537709431,46358800
2022-08-02,306.7486877441406,310.86690710604597,304.3187533773326,305.3727216247262,48676500
2022-08-03,315.1021728515625,315.9219091681063,308.36857135581107,308.4271218225985,53735700
2022-08-04,316.57586669921875,316.8881558420076,313.0334130508828,315.1803636806415,38973700
2022-08-05,313.98980712890625,316.01962712162236,310.71086026801095,311.4915533925478,53894000
2022-08-08,312.9747619628906,318.5958456002332,311.51094058079286,314.9070169086077,43878500
2022-08-09,309.432373046875,311.3353531473063,307.81243659216807,311.0816145255079,39764200
2022-08-10,318.0689697265625,318.3617519714591,314.29231404150215,316.7612924209817,51459600
2022-08-11,316.2635803222656,322.3921133408172,315.56094463561175,320.39156870404844,45897700
2022-08-12,322.42138671875,322.6165450793937,317.25896710802823,318.3129056437859,40928400
2022-08-15,325.02691650390625,325.5246253333156,321.455188546756,321.47472522651265,38266600
2022-08-16,324.2658386230469,326.35423890952364,321.2210937184744,324.05114354482527,41186900
2022-08-17,320.567138671875,323.436231181079,318.48850738647985,321.1331663269014,47842200
2022-08-18,321.33819580078125,322.51900384424147,318.9082608747552,320.51845907611624,41937200
2022-08-19,315.0729675292969,318.9569851504218,314.31178143869266,318.3031614705781,51770600
2022-08-22,306.7779846191406,311.052348829549,305.9680163669286,310.8181468831801,51098900
2022-08-23,306.5243225097656,309.354372325522,305.77287484803617,306.5438294144277,39497100
2022-08-24,307.412353515625,309.22747829484655,305.4410543854446,306.04609597851845,38057100
2022-08-25,312.8480529785156,312.8675896671283,308.1443271611861,309.1884976481489,38098300
2022-08-26,300.0248718261719,313.7555253212276,299.9370461056214,312.55518091065204,69047700
2022-08-29,297.0680236816406,299.81024769280765,295.96527307144606,297.2729504113789,48321900
2022-08-30,293.7597351074219,299.33203795561866,291.24197482667506,298.7172280617715,51184500
2022-08-31,292.0519714355469,297.5559559895286,291.94463879300986,296.65813213421137,50044000
2022-09-01,292.1788330078125,292.5496726386103,285.8844169711918,289.5634784705977,57990700
2022-09-02,288.0508728027344,296.42392056621236,286.440644964557,295.04792447226936,64666800
2022-09-06,285.98193359375,289.44632923624584,283.85452002401945,288.52899865452224,57005400
2022-09-07,291.7591247558594,292.75451258967024,286.196591505597,286.46009841860774,49260400
2022-09-08,293.27178955078125,294.58923504644343,288.32409480360485,289.69032244366866,55649800
2022-09-09,299.6833190917969,300.1810279756889,293.27177320994116,295.52605613582205,56125200
2022-09-12,303.24530029296875,303.57709631157707,300.74704692101136,301.0593360378884,45905700
2022-09-13,286.61627197265625,295.7114605874526,285.7282166567736,294.520884533157,79562200
2022-09-14,288.8901062011719,289.7683933119644,285.9917378884854,287.75808045201677,54907200
2022-09-15,284.0789489746094,289.37797535706585,282.47848993007943,286.97731657179395,65299400
2022-09-16,282.3419494628906,282.73229597764134,278.731177193004,280.7805336223577,79920400
2022-09-19,284.5406494140625,284.6970745912991,279.6427184448839,279.70137415696615,52613800
2022-09-20,282.2725830078125,284.56024547929866,279.97513463846064,282.0379303044172,51271100
2022-09-21,277.2181396484375,287.3757802061988,277.08128628170294,283.11327668494283,82931000
2022-09-22,273.8061828613281,276.6999734866087,272.58413937353527,275.6930108460692,62757100
2022-09-23,269.3482360839844,271.6358984690643,265.93626954877664,271.34259005966226,74815200
2022-09-26,268.23370361328125,273.2391899171992,267.4418216694611,268.8789462776998,71176700
2022-09-27,268.3412170410156,273.94304548411566,266.0241974483463,271.5967278751962,69780100
2022-09-28,273.6790771484375,274.95977629745494,266.84541972207256,268.32162792209664,79652100
2022-09-29,265.78955078125,270.0715956965803,262.8273187259255,269.6903038288932,81216000
2022-09-30,261.2826843261719,269.0353210743035,261.12625917908525,264.9683567551903,78482400
2022-10-03,267.4124450683594,269.00599456249716,261.54663628113104,263.052202223666,61267400
2022-10-04,275.82012939453125,276.52402769113763,272.7503415958443,272.7503415958443,66696900
2022-10-05,275.67352294921875,277.46258183875364,269.26023985446955,272.05626158200477,55766300
2022-10-06,273.5031433105469,277.82427276832533,273.1805070928327,274.6762872643789,53489400
2022-10-07,263.0815124511719,268.996190648069,261.75191370090846,268.8690933592522,71354700
2022-10-10,260.45172119140625,263.66814841441,257.74368321845105,263.2770705805112,60393000
2022-10-11,256.8735656738281,261.6444286795512,255.19203248058224,258.77996563092654,66522500
2022-10-12,256.7856140136719,259.42521062634756,256.0915015138821,257.50905437021186,50580200
2022-10-13,262.8078308105469,264.12764394193346,248.5734536032913,249.45333399672413,112894100
2022-10-14,254.9084930419922,265.73091764377233,254.32193601889864,265.13457472527824,77244300
2022-10-17,263.3259582519531,264.1960377721946,260.7743157265391,260.8720851805675,64576500
2022-10-18,265.4083251953125,271.0101539048648,262.7295853642135,270.34536935380896,69781000
2022-10-19,264.4404296875,267.5590871120454,262.07457015959795,263.89295658178486,53115400
2022-10-20,263.09130859375,268.6931672043855,261.9279505332129,263.5507981813768,60605500
2022-10-21,269.26019287109375,269.7978800833209,260.85252752642265,261.9865874878013,77897700
2022-10-24,272.2224426269531,273.1511778563182,265.88735790217254,269.5241608272236,63963600
2022-10-25,277.8536071777344,278.23489911038496,271.68473333216065,273.16097158157777,59014500
2022-10-26,271.71405029296875,277.6287591147078,271.2252328615051,272.2321955769183,63492400
2022-10-27,266.7672119140625,272.05621993697093,266.2490666463493,270.5995535840702,57760300
2022-10-28,274.9304504394531,275.3997258683495,265.9753123912375,266.14152342908994,62651300
2022-10-31,271.733642578125,273.503159426672,269.81745662103884,272.68194966008537,47742000
2022-11-01,268.95709228515625,275.7614518928756,268.595372187097,275.2041929031402,45895900
2022-11-02,259.7380676269531,271.98783336025116,259.66962601443583,268.9278309425427,79803100
2022-11-03,254.66409301757812,258.5844183208103,254.282830939572,257.1277519387326,70038900
2022-11-04,258.7603454589844,260.6471732712029,253.2855851672492,259.59134092171047,78313200
2022-11-07,261.6053161621094,262.1430332516671,257.6752346520297,259.8064715479662,47333800
2022-11-08,263.51171875,266.7476878754442,259.5816073657685,263.1206707578258,63213800
2022-11-09,257.43084716796875,262.55364485772475,257.1473246731768,261.77154881663506,64862100
2022-11-10,276.4262390136719,276.71951751892516,267.7252952822844,269.8369900252469,99256700
2022-11-11,281.519775390625,282.18458988685967,274.9011969662566,276.24055218615365,66961800
2022-11-14,279.0561218261719,282.7417948379583,278.0784868785844,279.4667117965301,55290700
2022-11-15,282.9177551269531,286.70119711003974,279.5742309122213,285.67466264711777,73985400
2022-11-16,279.0561218261719,283.0057753682395,278.2349120504045,280.9625219079878,48859800
2022-11-17,278.4402160644531,279.9164544303959,274.44169257936795,274.5981177562604,55462100
2022-11-18,278.4499206542969,281.54900592608294,276.00583391974624,281.45126632473546,53588600
2022-11-21,275.58544921875,278.21525901154644,274.7544537889609,277.0616572706846,40083500
2022-11-22,279.5547180175781,279.71111335033106,274.18748200532116,276.3187488109687,41873400
2022-11-23,282.3604736328125,282.9861443541074,279.3982415549333,279.5742086482621,46390000
2022-11-25,280.5029296875,281.47077838437787,280.0141123925047,280.76688028618304,15498800
2022-11-28,276.3871154785156,280.5420632210341,275.4583803547445,278.52813799616996,38714200
2022-11-29,274.29510498046875,277.0129295415653,272.9264217185959,276.61209554432804,35618900
2022-11-30,286.79888916015625,286.9064444868369,273.7083765941686,274.5589139736449,74718100
2022-12-01,287.1509094238281,289.13550697653733,284.3744300291789,287.121581571721,51547300
2022-12-02,286.0071105957031,286.88700597383513,281.9108175119256,282.0868144885837,53583200
2022-12-05,281.2069091796875,285.15653258522,279.75021293114065,283.88561918438853,41482100
2022-12-06,275.3801574707031,281.1873104465043,273.9919327917334,281.05045709162715,53937600
2022-12-07,274.25592041015625,276.2503039825609,272.54505931577694,274.1972647022958,45614300
2022-12-08,277.5017395019531,278.4695887400075,273.53254323400387,275.6051249500692,42594900
2022-12-09,275.7320861816406,279.2515769032235,275.29213865330206,276.4848541246429,47860500
2022-12-12,279.1929931640625,279.25167871293957,274.871863125392,275.9081538496914,35732500
2022-12-13,282.1943359375,290.2402827040122,279.51562559274254,290.01541591406703,80667700
2022-12-14,280.1022033691406,284.8926087306265,276.8564481249309,281.6077397340024,64984400
2022-12-15,270.69732666015625,276.68044714031987,269.5046109553816,276.01563277082005,60554100
2022-12-16,268.1163635253906,271.55762753266515,266.5130280152086,270.0227634589525,68300400
2022-12-19,264.34832763671875,268.4740151270423,263.113549233201,268.38582094200126,44167900
2022-12-20,264.142578125,265.8869331436149,261.6044454235954,263.1821914650864,51064200
2022-12-21,267.97430419921875,269.27765841529884,264.33857367332774,265.1813681287866,46394700
2022-12-22,261.41827392578125,265.0931820504398,257.2043613322855,264.96578045041497,60278400
2022-12-23,262.0062561035156,262.67266222528946,258.25296279970826,260.1541178129993,39373600
2022-12-27,258.30194091796875,261.50648008934456,257.76296633096587,261.39866722805584,38009000
2022-12-28,254.89163208007812,260.15409570007984,254.52904593217914,257.90016402550407,47139000
2022-12-29,261.10467529296875,262.04544340160635,256.99857554474977,257.69434977774887,45893600
2022-12-30,260.9479064941406,261.075308109581,257.0378133464567,258.3411677601905,37858300
2023-01-03,259.1838684082031,264.740311403582,256.8809205581157,263.27034850860764,42335300
2023-01-04,260.4186706542969,262.09445023311,257.27295778358507,261.300672498505,47754900
2023-01-05,256.3420104980469,258.91935117351017,256.0284410273781,258.75277206510526,45396700
2023-01-06,263.4173889160156,264.5345752837796,255.126804985391,258.07654065905234,54659700
2023-01-09,265.1225891113281,269.77747289377504,264.51500906581396,265.40676048327515,45568700
2023-01-10,267.3666687011719,267.4744815439094,263.5839781045529,264.0935545337913,35247800
2023-01-11,271.9921875,272.1000003561461,267.65090322153156,268.4349015637978,44077000
2023-01-12,273.4620666503906,274.491058550709,268.2584007489289,272.5506968950995,60600000
2023-01-13,275.3437194824219,275.5887133592469,270.6300396848258,270.96322776853043,44802900
2023-01-17,275.90228271484375,277.18604809737275,273.98150939661457,275.14768251608376,36269700
2023-01-18,272.3155822753906,278.9892126837552,272.1097958051242,277.4408347282873,47754500
2023-01-19,269.6402282714844,271.82558420366604,268.40547959041226,270.6888091384825,44150400
2023-01-20,277.0193786621094,277.3525666368872,270.18895041299066,271.24734036249134,60613600
2023-01-23,283.1737365722656,284.3987060531024,277.0685078199232,277.8622856509869,52799900
2023-01-24,282.59552001953125,283.7518838905232,281.03736261916526,281.55674841928726,44875100
2023-01-25,281.9682922363281,282.5856515284954,275.54943634148947,278.08756867530457,50872000
2023-01-26,287.4659423828125,287.6423307540248,282.7424543994262,285.3883995934982,51596300
2023-01-27,290.32745361328125,292.2874039544897,286.0351575809997,286.15274981643717,56441900
2023-01-30,284.4574279785156,288.48514213201554,284.08506247493875,287.06416594239596,49405800
2023-01-31,288.7203369140625,288.81834043174297,284.38886255344715,284.4966454883634,46705100
2023-02-01,294.89422607421875,297.35394412149606,286.4468125594158,288.5145763137995,67562200
2023-02-02,305.4779357910156,307.3986792194791,300.58786806855676,301.41104382361254,83070600
2023-02-03,300.048828125,306.13449622905244,298.44168419535396,298.8336683313794,76170800
2023-02-06,297.51080322265625,299.7843539023122,296.16824137067766,297.4324183297124,40802300
2023-02-07,303.6748352050781,304.8018011322079,296.26622226916135,297.38337887049175,67584000
2023-02-08,298.2751159667969,303.30239469294725,297.58915111170046,302.36162665672765,56720900
2023-02-09,295.6389465332031,302.80256370985006,294.1886022038024,302.6555733935558,49137800
2023-02-10,293.6986389160156,295.5311881263179,291.2976872269125,293.4830431320697,50050100
2023-02-13,298.4024963378906,298.99048753364445,293.92400177687483,295.09998416838243,39636700
2023-02-14,300.6075134277344,301.5580909500732,294.88445954815694,296.8248219904053,64079100
2023-02-15,302.91033935546875,303.0769183913256,298.1084668717564,298.7944315657326,43100600
2023-02-16,297.2265930175781,302.2538727236449,297.07960265615446,298.28498343279347,59498600
2023-02-17,295.12939453125,295.8839648215853,292.1306722050672,295.041200334183,58230700
2023-02-21,288.1421813964844,292.7480779905276,288.0050003843626,291.3075128776228,46526700
2023-02-22,288.3578186035156,290.4255527522393,286.7016574567407,288.7204047883453,51389200
2023-02-23,290.8763122558594,292.16007766757474,286.6917980591671,292.0032780111049,69294400
2023-02-24,286.0057678222656,287.10333526015967,284.24179452010475,285.91757364312804,74332000
2023-02-27,288.05401611328125,290.5529418079931,287.4660248008548,289.16139327194696,48995000
2023-02-28,287.6815490722656,290.19028346864906,287.0935579060723,287.42674592207146,48243100
2023-03-01,285.3688049316406,288.0441182255839,284.3888296810601,287.38755155531885,58287000
2023-03-02,287.7305908203125,288.5341779040145,282.59552879500677,282.8797300624582,53565900
2023-03-03,293.6790466308594,293.914261084036,288.96536693308644,289.4749733262371,60511500
2023-03-06,294.0121765136719,297.9124889444724,293.8161993990393,294.9137669416939,56736300
2023-03-07,290.4058532714844,294.9823507103388,289.79827341977347,294.06117161049633,65955800
2023-03-08,291.85626220703125,292.45403280782995,288.975132322113,290.8272701587182,50876300
2023-03-09,286.79962158203125,294.9530245830803,285.98622520297346,292.3560656900784,71456700
2023-03-10,282.7718505859375,288.4557250634592,281.6252962741897,286.96614352139824,98593600
2023-03-13,284.8690185546875,288.57332394308236,279.47915447648757,280.98832479219584,97123600
2023-03-14,291.41534423828125,291.9641281908985,287.57385656996024,288.41662124487874,73602500
2023-03-15,292.94403076171875,293.2772187994073,287.36796850276227,288.8085334957989,83631500
2023-03-16,300.6662902832031,301.02887644464795,291.2389304597185,292.0327082473355,98198100
2023-03-17,299.2452697753906,302.95938486538984,297.29512832561835,300.5780518528827,89923700
2023-03-20,300.3072509765625,300.6311303110754,296.42054919854286,298.62890724672246,56359500
2023-03-21,304.596435546875,305.047913794127,300.72935198091506,302.2408590990121,49757000
2023-03-22,300.4544372558594,309.41546731911467,300.2876003277634,304.52762457022,75791900
2023-03-23,304.017333984375,308.33589544993333,301.3280538352292,304.18420090621953,74576000
2023-03-24,305.13623046875,305.23435576063616,301.2691474607354,303.5952799906133,57195200
2023-03-27,303.0456237792969,306.9127064965641,302.1917301252153,305.8330587920121,50287400
2023-03-28,301.43603515625,302.49606405257526,299.1295213059667,302.4666204694985,48585900
2023-03-29,306.9322814941406,307.55062645218385,304.3116838035691,305.1263392079897,53274300
2023-03-30,309.837646484375,310.46581626702914,307.02076688109804,309.4057872469963,58354800
2023-03-31,314.9903564453125,315.225934994957,309.75901500461777,310.0632752598357,62138100
2023-04-03,314.2248229980469,314.48984514713516,311.54536759921757,312.8703585335609,47126800
2023-04-04,313.1648254394531,315.6774438935838,311.94775434717684,314.6665077964357,45875400
2023-04-05,310.0731201171875,313.1549909553474,308.2573530230773,312.212766553252,62795700
2023-04-06,312.1636962890625,312.6544425683742,307.0305093772387,308.4242120369294,46916500
2023-04-10,311.9870300292969,312.03612262814016,307.452539270489,309.2388628884362,45134700
2023-04-11,309.9847717285156,312.0066738913755,309.47440639730115,311.9477567831826,40113600
2023-04-12,307.2464294433594,312.5268640380153,306.78512675695106,311.937962530485,62813300
2023-04-13,313.262939453125,313.73403663078875,307.82546322301357,309.0032361199437,54613800
2023-04-14,312.674072265625,314.43092227098646,309.768832905649,311.71219883461987,56278300
2023-04-17,312.9390869140625,313.2924398141298,310.19091970365525,312.261854645645,43007000
2023-04-18,312.9586486816406,315.4712967532463,311.7612567220938,315.0492322620022,46746900
2023-04-19,312.81146240234375,313.8714910627291,310.42644284563727,310.55404166149606,38960100
2023-04-20,310.4264831542969,313.3611364890163,309.14073022453687,309.84740610563057,62462100
2023-04-21,310.7503356933594,311.52572317920414,308.2868098097779,310.0633088936985,59002300
2023-04-24,310.10260009765625,311.85945029215236,307.93347987763684,310.52463472855015,44043100
2023-04-25,304.2528381347656,309.1406813692748,304.15471285096964,308.4732736850432,57121600
2023-04-26,306.09808349609375,309.11127287941105,305.5778936312846,307.63903402208973,55400500
2023-04-27,314.4211730957031,314.92171397402467,309.21924413400245,309.85723831198396,65430400
2023-04-28,316.5902404785156,316.6785712153417,313.0568612415905,314.1855717047368,59712600
2023-05-01,316.2271423339844,317.64049424915646,315.14749434978614,316.1289870712789,41013400
2023-05-02,313.4691467285156,316.4823365389618,311.73188546083753,316.1584271708813,56519400
2023-05-03,311.41778564453125,316.5019099639338,311.3098058864839,313.83224897780207,59882100
2023-05-04,310.3184814453125,312.3403534983685,309.28789639998797,311.1919941513549,50224500
2023-05-05,316.9140625,317.76795600687495,310.3576711848126,312.57585336332846,51806100
2023-05-08,317.6993713378906,318.04289977007153,315.3732384541892,316.4528864041379,36465800
2023-05-09,315.6872863769531,316.9043275857456,315.37320156411107,316.0406093268182,31768800
2023-05-10,319.12249755859375,319.9763912725399,315.6480055940912,318.1213560020154,60446600
2023-05-11,320.16290283203125,320.702711788897,318.1213814203093,319.67215652477967,44278500
2023-05-12,319.0144348144531,321.114842672589,316.9631195420152,320.69277822776286,48432800
2023-05-15,320.741943359375,320.9774919751465,317.9643028030483,319.4856341539702,33375600
2023-05-16,321.1050720214844,322.81285929154046,319.98615625643214,320.0254243410232,40019200
2023-05-17,324.9917907714844,325.5708677503054,320.9873145634712,322.1650875880521,47486100
2023-05-18,331.02801513671875,331.2439447177348,325.36481333171304,325.3844324017041,64213500
2023-05-19,330.28204345703125,331.95056269847424,329.22201480691604,331.2438869159886,61554900
2023-05-22,331.39111328125,332.40204927029424,330.01699993843374,330.02682444746773,43015900
2023-05-23,327.1903381347656,330.8218725069687,326.8370151983698,329.67354301090694,48216700
2023-05-24,325.51202392578125,326.7487142213428,323.460707928602,325.2372071881873,62891200
2023-05-25,333.43267822265625,334.6988121050236,330.43913767543575,332.8634256751795,66862800
2023-05-26,341.9519958496094,342.7862705013703,334.3552531548107,334.4534083996253,63007000
2023-05-30,343.5027770996094,347.37965474183784,342.0796009058038,346.18223261994183,72652200
2023-05-31,341.54962158203125,344.1113330031778,340.0970316132511,341.92259358572744,65105400
2023-06-01,345.4952087402344,346.8201997459397,340.2442175064159,341.2944217437348,50488600
2023-06-02,348.0863037109375,349.2444576542266,345.49517912675213,347.25202910838146,53372100
2023-06-05,348.33172607421875,350.88361288576164,347.30117080070033,347.870423343083,47266200
2023-06-06,348.2727966308594,349.2346700680704,346.3981423533168,347.7231632246743,41390400
2023-06-07,342.36419677734375,350.5105719689488,341.73602724452684,348.5574116172454,69225900
2023-06-08,346.6141052246094,347.0754079440885,342.43296712222565,342.6586912501391,47153900
2023-06-09,347.9391174316406,351.04063755935596,346.49632214996257,348.06671625868603,53196900
2023-06-12,353.8182373046875,353.9163925495602,348.62616331728384,349.59783135014015,44606500
2023-06-13,356.5369873046875,357.3712319959438,353.3667556384782,356.5664308825815,57097800
2023-06-14,359.12811279296875,359.4127540150757,353.74955286754476,356.5467826318429,69525600
2023-06-15,363.40740966796875,364.8894429222012,357.2436381860123,357.86195327861964,71138800
2023-06-16,361.1205749511719,365.9495318537329,360.67892124082596,365.82193301981806,80932000
2023-06-20,360.6036071777344,361.9992516934067,357.6452823141966,359.66992816528324,49204700
2023-06-21,355.6893615722656,359.89591050570834,354.7654906855593,359.4634590270858,53378300
2023-06-22,359.8861389160156,360.043366747909,354.03823537075647,354.4412029254088,47603000
2023-06-23,356.31842041015625,358.6182598188581,354.6279363156579,355.99406677913646,48922900
2023-06-26,351.5418395996094,358.5789703043157,351.45338769056457,355.78771119695153,52685500
2023-06-27,357.58624267578125,358.31356381466287,352.35756283184793,353.08485397686843,49428100
2023-06-28,358.2840270996094,360.23002852412765,355.689318541776,355.76796243411707,46498000
2023-06-29,357.5666198730469,358.62810268773603,355.9252956971378,357.98923340395874,46151000
2023-06-30,363.08038330078125,364.1319981969894,360.9279635699781,361.24244924314036,58712500
2023-07-03,363.9353942871094,364.5643955337729,362.63803984892405,363.7191685474118,19432900
2023-07-05,363.92559814453125,365.62592029282894,362.33340387544496,362.372725830964,34460900
2023-07-06,361.1539306640625,361.5962201137862,358.26438224364455,360.220251816887,49374700
2023-07-07,359.95489501953125,364.12215218790664,359.7288612774692,360.92792588819304,47133700
2023-07-10,360.0728454589844,360.7510067003448,357.1734886966623,359.67971589726346,48498800
2023-07-11,361.8518371582031,362.3039346865907,358.3627408147586,360.4955145791754,38214100
2023-07-12,366.4220275878906,367.76851216158144,363.9452542171989,365.95025409017205,61975400
2023-07-13,372.64337158203125,373.46895267792223,369.01669355737863,369.59656492256886,46960000
2023-07-14,372.56475830078125,376.28969622897483,371.6900172609404,373.0758237437194,55148500
2023-07-17,376.0439758300781,376.918716845104,372.80061946885183,373.28220093014846,40868900
2023-07-18,379.1202392578125,380.4863996234186,373.4787539929025,375.40510969416385,55262000
2023-07-19,379.03179931640625,381.32183065046223,377.70496086028794,380.1817339767386,54093000
2023-07-20,370.2943420410156,377.5083749640253,369.2721813289526,376.0439248109553,71941700
2023-07-21,369.1838073730469,373.40019495574614,368.751355826418,372.67287372158023,60499600
2023-07-24,369.7735290527344,371.1003377122522,367.9159489392237,370.156820667256,40380100
2023-07-25,372.27972412109375,373.94072429184797,370.4614661242125,370.48114209864303,38894400
2023-07-26,371.0412902832031,372.7317742066789,368.74145110717086,371.2378700393192,47075700
2023-07-27,370.15679931640625,378.10796279614465,368.86928269570615,376.49612252032574,63940200
2023-07-28,376.8990783691406,377.92120924637163,373.6950139044031,374.2060793430186,56902900
2023-07-31,377.0955505371094,378.27496899129,375.77855025979346,377.2036783924403,44019900
2023-08-01,376.2209167480469,376.97769191496076,374.1569490273522,375.7491432709596,41060600
2023-08-02,367.9650573730469,372.75147785059374,366.72667080407234,372.75147785059374,72687100
2023-08-03,367.3753967285156,369.4983325592285,365.3900427604383,365.5571385870663,47666400
2023-08-04,365.6553649902344,371.6113658724889,365.1541075912585,369.30168863408903,61702800
2023-08-07,368.7513427734375,368.84963266580394,365.13450268771936,367.4638261668701,37230400
2023-08-08,365.6160583496094,366.2647356007834,362.490637952567,366.24508962124304,44726500
2023-08-09,361.59619140625,366.05828752338437,360.8394164015015,365.9010297313866,51150900
2023-08-10,362.2646484375,367.9356190614827,360.7412598798043,364.6038102181177,72035300
2023-08-11,359.95489501953125,361.6847010137196,358.4315067818279,359.70918530416867,48707200
2023-08-14,363.994384765625,364.1123206320641,358.44135109912753,359.15880428458615,42130800
2023-08-15,360.13189697265625,363.81754340068306,359.46354362503484,363.02141617787123,45539900
2023-08-16,356.31842041015625,361.12448699666004,356.2201305221544,359.59126072419207,53190500
2023-08-17,352.4263610839844,358.0580388030528,352.0135855407682,357.71403918779725,62604300
2023-08-18,351.9841003417969,353.2421329350638,348.6227781037681,349.1633574955248,61191400
2023-08-21,357.655029296875,358.3331904607531,352.98654504940504,353.4484804799617,50696500
2023-08-22,357.1440124511719,360.269433026143,356.4560132078878,360.2595950388818,44530200
2023-08-23,362.7756652832031,363.8666320990124,358.107180337032,358.3234061027145,51770600
2023-08-24,355.0210266113281,366.3433186005974,354.814638865053,366.24505871732504,66842500
2023-08-25,357.7730407714844,359.46352504551834,352.42639423006847,355.85652272428956,69960500
2023-08-28,360.4659729003906,361.3996517770629,357.99903788003854,360.6920066314646,40910000
2023-08-29,368.3384704589844,368.69230800859503,359.9450490630402,360.2693726558129,58492400
2023-08-30,370.39263916015625,370.97254048337203,367.44412257396607,368.44663740934226,41731500
2023-08-31,371.5032043457031,373.2035261573354,370.40242976003566,370.4712356701043,35730700
2023-09-01,371.110107421875,374.2944956090259,369.6260112017312,373.87188211383943,39801200
2023-09-05,371.5818786621094,372.800589196893,369.380299316676,370.30417020396686,32344200
2023-09-06,368.3089904785156,371.14940891629277,366.30402098652354,370.80540934857504,42998700
2023-09-07,365.675048828125,366.4514999788388,362.8149839509158,363.8567908141635,52060700
2023-09-08,366.18609619140625,368.41715964189956,365.2229332864503,365.62590082593965,35800100
2023-09-11,370.5007629394531,371.0118283442909,367.24756874146516,369.21324644388017,39936600
2023-09-12,366.39251708984375,370.4811304591035,366.10748541432696,368.8299383335772,41391000
2023-09-13,367.7881164550781,369.39014857434654,365.49811513938084,366.62837381440505,46300700
2023-09-14,370.7956237792969,371.77846268664996,367.4736534672886,369.5375911776395,48039400
2023-09-15,364.44647216796875,369.86192383840483,363.51276326138964,369.4589563099792,69811200
2023-09-18,364.82635498046875,365.9385752320026,363.2220040008067,363.5074482335583,36903500
2023-09-19,364.048828125,364.84607760693416,361.0271378460605,363.5074962674378,37621700
2023-09-20,358.802734375,365.46617463630355,358.7239766256181,365.11185487592627,45514200
2023-09-21,352.22784423828125,355.9090030735523,352.0605365859801,355.1215757656396,69734800
2023-09-22,352.2771301269531,356.1058927539744,351.9621591548039,353.9700615556488,51589700
2023-09-25,353.9502868652344,354.0388968388634,350.32821151607146,351.31247308077525,39168000
2023-09-26,348.63531494140625,351.9129230972597,347.65105327925147,351.37156116070526,53657700
2023-09-27,349.4522399902344,351.36170985960024,345.8301345452568,349.78688532316824,56066000
2023-09-28,352.37548828125,354.50149684068487,347.68054144851845,348.5368441938577,56453300
2023-09-29,352.63134765625,357.23771418524734,351.40102081312307,355.849901901727,64829600
2023-10-02,355.5743408203125,356.9719754148044,352.2869108139904,352.8971481752992,51625100
2023-10-03,349.3341369628906,355.3282864453552,347.7199335363626,353.13337228482897,60478500
2023-10-04,354.088134765625,354.9345853814986,349.7081583317905,350.1707625168533,54786700
2023-10-05,353.0447998046875,354.48181334692805,349.55068309904425,354.07826248177054,45897400
2023-10-06,358.960205078125,360.1511531623578,349.2652226471083,350.0526198848716,75049100
2023-10-09,360.79095458984375,361.3322864922869,355.10192335075635,356.5979902725734,45304800
2023-10-10,362.78900146484375,365.43666773183907,360.6236438363475,361.1255968573327,46968800
2023-10-11,365.37762451171875,365.5646366351608,362.39531280272575,364.1177707543256,38215100
2023-10-12,364.1078796386719,367.8579138612387,361.71613120455214,365.87956850775583,49587900
2023-10-13,359.53106689453125,365.3185297611744,358.13340224170594,364.7378190364302,52469900
2023-10-16,363.59613037109375,364.64929763429143,360.7023984732574,360.8500317257421,44201100
2023-10-17,362.4051513671875,364.09808260584856,357.93659506794,360.0527516069459,50999100
2023-10-18,357.651123046875,362.1196789996307,356.32236391560224,359.9149426875973,54280500
2023-10-19,354.3046875,360.2594588062133,353.5074379211459,359.0685105524273,72274200
2023-10-20,349.0191650390625,354.373550479642,348.79277406044923,353.802661937845,72559700
2023-10-23,350.07232666015625,353.60582210048005,345.59391848351896,347.70025266627835,60665200
2023-10-24,353.47784423828125,354.2455670218574,350.1904143682358,351.88334538295214,47082100
2023-10-25,344.826171875,351.2632505247359,344.24546119183015,351.08609066287613,71190500
2023-10-26,338.2513122558594,344.5604321044559,336.9619320878897,343.6253716602287,78621400
2023-10-27,339.8753662109375,343.34980841162735,338.664713645482,340.9777343824353,63476700
2023-10-30,343.7041931152344,345.0231001713401,340.997473475985,342.355729372727,55298500
2023-10-31,345.3478698730469,345.72189409468723,341.1647579872037,343.7336964353076,47671900
2023-11-01,351.3419494628906,351.9029856834564,346.0859970637678,346.1844292136122,58992700
2023-11-02,357.7200622558594,357.95627544374383,354.6294662070536,355.84997109811536,58162400
2023-11-03,361.9228515625,363.21223195183893,358.7830544209634,359.0094454192966,53280500
2023-11-06,363.3991394042969,363.9601756055624,361.1353502221265,362.6904700019809,38848700
2023-11-07,366.8343200683594,367.7004450680254,363.241741103211,364.4425414885638,50777400
2023-11-08,367.0705261230469,367.90715449646547,364.7870319858255,367.20830712864307,35663400
2023-11-09,364.24566650390625,368.90120425160836,363.7535357458132,367.759487325637,53859400
2023-11-10,372.4347839355469,372.5824171770866,365.43666791374335,365.96817762056844,58309800
2023-11-13,371.2732849121094,372.3264519626699,369.33428848820785,370.85991188861345,40733500
2023-11-14,379.2655334472656,380.1809196223346,377.14937687893797,377.67103435891903,67792600
2023-11-15,379.5509338378906,381.6474157438796,378.19264809388204,381.155284969226,54141400
2023-11-16,379.875732421875,380.1119455665151,377.52333305315267,378.7831865533611,45343500
2023-11-17,379.9643249511719,380.978113113573,378.2418672940734,379.1473710700725,46571900
2023-11-20,384.59039306640625,385.2498615978395,379.9742034582197,379.9742034582197,44429600
2023-11-21,382.3560791015625,383.104127478915,380.6139470007728,382.8875887400645,43337000
2023-11-22,383.9210510253906,386.8836878506186,382.91711507550013,384.42303401897493,44121000
2023-11-24,383.3797302246094,384.1080741677964,382.3856164361023,383.51751122375975,15718800
2023-11-27,383.0450744628906,384.9938930766563,382.1690672796005,382.8875890129527,34139700
2023-11-28,384.04901123046875,384.62972193238,381.9426771250106,382.2970268974436,35491100
2023-11-29,383.67498779296875,387.93685707414187,383.3304902471519,386.50966582887696,38811700
2023-11-30,382.71044921875,384.4033804806494,379.74784203838783,383.94077629753497,52834400
2023-12-01,383.8029479980469,384.39351093056035,379.9938606373886,381.64741281860364,40490100
2023-12-04,380.23992919921875,380.5155212317235,376.6375283217996,380.01353822930184,51186900
2023-12-05,381.1946716308594,382.38561971941857,378.1631291761713,378.3403190869991,42933000
2023-12-06,378.9898681640625,384.2261464093733,378.6454006783333,384.12771425461796,41994100
2023-12-07,384.2852478027344,385.1120239390845,380.86985886236414,381.96240485355264,49593500
2023-12-08,385.9978942871094,386.44079399552544,382.36596649169275,382.5529786032287,46687500
2023-12-11,389.295166015625,389.56093589114397,385.36797155305123,385.5746580939018,41198000
2023-12-12,392.3955993652344,392.5137059555065,388.20263518688597,389.3345300600356,39221200
2023-12-13,397.3857421875,397.9959795327111,392.5628666775999,393.3305894727491,55408100
2023-12-14,397.04132080078125,399.90549576506845,394.039304750529,398.60629321740066,55447800
2023-12-15,398.9606018066406,400.1417277666197,397.2184695510884,397.8188547219358,62896600
2023-12-18,401.4734802246094,402.3709508674687,399.0276552700058,399.35309710444824,46610000
2023-12-19,403.52484130859375,403.6431837912106,401.7397719688163,401.9271575987177,35711900
2023-12-20,397.5285949707031,404.8168311468239,397.3510812317631,402.7260335176809,54042400
2023-12-21,402.1539306640625,402.51886007887157,398.8993923266634,401.453717646699,45568900
2023-12-22,402.7555847167969,404.3236828046268,400.8817585167201,403.36704094129067,34314000
2023-12-26,405.22119140625,405.8918189348546,403.5150068640605,403.61363564115584,22722500
2023-12-27,406.04608154296875,406.3322463869044,404.644888619348,405.5033831511548,31980500
2023-12-28,405.84869384765625,407.4472479623729,405.493479675344,407.20056141612145,27029200
2023-12-29,404.09228515625,406.1842123547382,402.17799515628036,405.8289680708048,42662100
2024-01-02,397.2542419433594,400.70785445099557,394.93538180846707,400.4611678433073,58026900
2024-01-03,393.0506286621094,395.6852544540013,392.61648800716534,394.6294287174648,47002800
2024-01-04,391.02783203125,394.29395995431605,390.8107466354673,391.1857150566472,39432800
2024-01-05,391.4915771484375,394.2643317193187,390.10026131361894,391.19556531681906,44922800
2024-01-08,399.5829162597656,399.86905099818864,392.5671345830091,392.7151405016946,42473800
2024-01-09,400.372314453125,401.2998583916522,396.38585093731285,396.5832122441471,39132900
2024-01-10,403.0859069824219,404.0923774761502,399.8000546991392,400.68812044220664,33962800
2024-01-11,403.9245300292969,405.7500163729441,398.88224169997187,404.35870073091354,54536200
2024-01-12,404.1318359375,405.79943969142045,402.7405199592706,404.96069926457324,39595000
2024-01-16,404.09228515625,405.67108506829044,401.4379355206149,402.8983307090454,43903000
2024-01-17,401.8128967285156,402.18786508866873,397.57977736936346,400.78670240011076,54386000
2024-01-18,407.51629638671875,408.09847302098166,403.73707175646854,405.07903211074836,59562500
2024-01-19,415.59783935546875,415.7557223922179,409.1346625144501,409.71683927383793,70325100
2024-01-22,416.1405334472656,419.10077238644385,415.53860253748337,417.79826002605955,44880600
2024-01-23,417.8673400878906,418.08442548159593,414.99590469924146,416.8312383898438,33003800
2024-01-24,420.1861877441406,424.1529273697124,419.69281456588413,421.77486503694314,46948000
2024-01-25,420.69927978515625,423.3536296702719,418.36069593474804,422.68261931824196,44367200
2024-01-26,418.1929016113281,420.5610864517094,417.54164551043004,418.8145565309628,37137000
2024-01-29,422.47540283203125,422.67276412816915,417.99556640503255,418.6468225465606,38694700
2024-01-30,419.6632080078125,422.0116691243493,418.7554182347818,421.43936949466547,36739000
2024-01-31,411.4436340332031,417.2654315784379,411.26602691421135,415.272214756942,64010600
2024-02-01,416.28851318359375,416.7818863090862,412.2724487149399,413.2394708816232,51008600
2024-02-02,423.3240051269531,424.53768370415844,417.1864424391243,418.1830356435856,59602400
2024-02-05,422.771484375,423.9160836378695,419.3671974329479,423.3832622919812,39889200
2024-02-06,421.9228210449219,424.5179684735846,419.5842372747902,423.9160376085168,35846100
2024-02-07,426.2644958496094,427.0933590723248,423.4029377945693,424.7054500501672,37712700
2024-02-08,427.053955078125,427.8137389159285,425.70211741625366,426.382944683857,29889900
2024-02-09,431.2574462890625,432.0468613748132,427.39929486367424,428.1886798363185,36943900
2024-02-12,429.5701599121094,433.31981417558666,428.88930250964694,431.1489601223572,33203300
2024-02-13,422.8701171875,425.55406834305234,419.69279287918516,421.6169602202019,64491700
2024-02-14,427.47821044921875,427.90250410840184,423.19573534961575,425.54419623622834,45092700
2024-02-15,428.7511291503906,429.2149010993665,425.6132531423956,428.1689524677369,38796100
2024-02-16,424.8633728027344,429.2247747002088,424.15291424350715,429.12612415809764,53716500
2024-02-20,421.65643310546875,424.37983239693597,417.8870550394781,422.87011177333653,53999500
2024-02-21,419.9691162109375,420.0579498854934,416.0418848547064,418.92316744753936,49779000
2024-02-22,432.2639465332031,433.3000180733952,427.96171712915435,428.73137801666724,53887800
2024-02-23,430.99102783203125,434.7505286525933,430.0141586762791,433.82298476432334,39853900
2024-02-26,430.76409912109375,432.7869471692382,430.5766149089948,431.8002008373945,33043200
2024-02-27,431.8001708984375,432.184986282359,429.26422577428366,431.8692503640229,33713200
2024-02-28,429.50103759765625,430.8825064645186,428.5438925123563,429.6589206142435,32938800
2024-02-29,433.1816101074219,434.2571599221341,429.2543491340669,432.4218263244893,42495200
2024-03-01,439.7040100097656,440.66115513774344,434.01049462540504,434.0696969951267,43853000
2024-03-04,438.1350402832031,440.12828689505744,437.8883537312889,439.70396313980547,34325700
2024-03-05,430.2707214355469,435.1058025012789,427.9025362866196,435.0959254018696,57917100
2024-03-06,432.9743957519531,436.13196568615194,431.0995838983498,434.48411631091494,46234500
2024-03-07,439.546142578125,440.7992995133113,435.0169506522898,436.55630255352224,44526700
2024-03-08,433.2012939453125,442.6938174227293,432.5303137749481,439.90130889034566,72096000
2024-03-11,431.593017578125,432.846174651549,429.6688500741566,431.71142232671815,45860000
2024-03-12,437.7798767089844,438.13509093051266,430.67529114733907,433.9019708917608,55300900
2024-03-13,434.4150695800781,436.8030089363392,433.30004141473387,436.78325473745014,37928700
2024-03-14,433.3198547363281,436.1715363458412,430.6063019723449,435.6485619267617,52195200
2024-03-15,428.16900634765625,433.0533829051464,427.00462272271886,430.29050506130005,73069800
2024-03-18,432.25262451171875,435.77008416544805,432.01547173361786,433.4876884393745,47323800
2024-03-19,433.32952880859375,433.7346333318046,428.15212113029696,430.2468145521752,43004100
2024-03-20,438.4674377441406,438.80337150894667,432.82567425217115,434.52512339661354,43653500
2024-03-21,440.5423583984375,443.97089707149223,440.3447662615523,443.51640198843563,39345700
2024-03-22,441.04620361328125,442.142925733488,439.17877277778564,440.02851230460703,28253900
2024-03-25,439.445556640625,440.9276330874447,437.2520822932149,438.2499932634195,27789200
2024-03-26,438.0228271484375,441.88611062299844,437.79556453713616,440.9672001706422,34142000
2024-03-27,439.5147399902344,441.20432901385453,436.6493979452697,441.105517877216,41359200
2024-03-28,438.70458984375,440.3151180026423,438.34887575907896,439.4653783552645,36839600
2024-04-01,439.63330078125,442.18245907233614,437.726339451207,439.6530509460299,38729000
2024-04-02,435.8391418457031,436.15532538768457,432.7959581746677,434.8214505691996,44259700
2024-04-03,436.8173828125,438.694673809478,433.70502798159896,433.71488798828096,39949800
2024-04-04,430.1381530761719,441.60944178188765,429.9108904729682,440.996824784503,57267700
2024-04-05,435.2068176269531,437.8745673418474,430.75069804531415,431.56090708796177,54744600
2024-04-08,435.33526611328125,437.2125569373429,433.9520007772844,436.1355849917124,28144900
2024-04-09,436.9458312988281,437.94374236584986,432.21305827665964,437.66708927505294,39443600
2024-04-10,433.1319580078125,433.9915576445621,431.0669348170311,431.77833281863883,61502200
2024-04-11,440.0483093261719,440.99682993017785,432.7268471276374,434.9993827274123,45474600
2024-04-12,433.03314208984375,436.95570613893716,431.6597667487768,435.82934357135736,53665000
2024-04-15,425.90924072265625,436.8667221559595,425.0693913833337,436.77780118867906,63453600
2024-04-16,425.9488220214844,428.5770414842701,424.56555655499864,425.75119974644684,47619000
2024-04-17,420.7516784667969,427.9446892970782,419.82290801689595,427.9249391300538,56880500
2024-04-18,418.3507080078125,423.12298141821606,417.77762150042236,421.3938920422411,46549400
2024-04-19,409.69537353515625,417.69859329896826,408.13426609892537,417.17492743365193,75231000
2024-04-22,413.8155822753906,416.147368473136,408.993887927526,412.3236154173701,47807700
2024-04-23,419.9908752441406,421.18640859511777,413.86494655360076,415.7422375545966,44384700
2024-04-24,421.4136657714844,424.59519137964264,419.1312702431236,423.0834744692618,48440300
2024-04-25,419.37823486328125,420.23783435931756,413.1436358245047,414.23046773958583,57392200
2024-04-26,425.8500671386719,427.38153443727947,421.8188315105415,422.5104492586841,41874900
2024-04-29,427.5791015625,428.57704279451684,424.84221094712433,427.9545657944638,30022200
2024-04-30,419.5166320800781,427.39140091265017,419.43760125575835,425.9982451797064,43665900
2024-05-01,416.4832763671875,425.00030192305,415.6335669199923,418.0938044365129,52251700
2024-05-02,421.7989807128906,422.6981107728826,415.6039115799332,420.2180930266731,36559000
2024-05-03,430.2764587402344,431.26450973657217,427.45061721118805,429.2488772612245,48515300
2024-05-06,434.98944091796875,435.0783618871992,431.3039999331629,432.074678486083,30227200
2024-05-07,435.05865478515625,436.6889330215927,434.32747648868434,435.4341190165748,30996100
2024-05-08,434.8017272949219,436.20477300365775,432.32170959807235,432.44030104834115,24896700
2024-05-09,435.7502746582031,436.3233611678897,433.22086631601803,435.068517003567,24580100
2024-05-10,436.7778625488281,439.0009775019168,435.23650526025403,437.2521379272072,27116600
2024-05-13,437.78564453125,438.78358573741383,436.3727387710848,438.6847746021528,22994200
2024-05-14,440.60162353515625,441.1351795765155,437.17308498286746,437.3608171056989,34478300
2024-05-15,447.4883117675781,447.7353245285619,441.5600055039681,443.0717223950717,41464700
2024-05-16,446.5793151855469,449.2569250327754,446.41133324323863,447.30057313923777,34780400
2024-05-17,446.3619689941406,447.31048959544074,444.1684943734974,446.70776275246817,35803700
2024-05-20,449.474365234375,450.1363426383365,446.39165038189213,446.5793825180434,24474200
2024-05-21,450.3536682128906,450.5414003294952,447.4290454718327,447.6266677481299,23167700
2024-05-22,450.26470947265625,451.3614617541518,447.6661305372019,450.6105333507106,25120000
2024-05-23,448.2392578125,455.0765544193966,446.4508877649814,455.04691409303155,40899200
2024-05-24,452.47802734375,453.74273158486886,448.1503585670211,449.8498077178615,29669500
2024-05-28,454.18731689453125,454.24659754757704,451.23305379035156,453.6932913505319,26216800
2024-05-29,450.9860534667969,452.76453341311486,449.8991912094127,450.0375328389557,29739200
2024-05-30,446.1544189453125,450.19557408760653,444.8304342178574,450.05723247359657,30536800
2024-05-31,445.3244934082031,447.07336311604297,437.76590868384545,446.3817152995183,55941300
2024-06-03,447.715576171875,450.13628314754243,442.5480583361609,449.13837209312464,32997500
2024-06-04,448.94073486328125,450.13626814861834,445.7394592236012,447.458658340774,23767400
2024-06-05,457.9913635253906,458.0703943527203,448.9803415633485,452.50769152240275,33817400
2024-06-06,457.8332214355469,458.9892544596683,456.6673284046728,458.67307087921665,21966800
2024-06-07,457.4281005859375,460.17488126832046,456.32148824669326,457.46763107031757,25829700
2024-06-10,459.2757568359375,459.6314708938704,456.01520042833266,456.3017436759834,20660800
2024-06-11,462.42767333984375,462.5462648024494,456.5092567926191,458.0012236295698,22053300
2024-06-12,468.4844055175781,470.80633154634563,465.6585939506412,466.35021160302534,34532600
2024-06-13,471.023681640625,472.6737401049363,468.7511763645749,472.01173265680745,25859000
2024-06-14,473.46417236328125,473.5333431716281,470.361677676087,470.8260628632491,23372600
2024-06-17,479.2640380859375,481.0425179080329,472.42674173146634,473.7309461963046,37054500
2024-06-18,479.4122619628906,480.0940196286849,477.6535322250408,479.2146698362232,24438600
2024-06-20,475.7169494628906,481.0227788796813,473.8890489544044,480.6078143162827,33918700
2024-06-21,474.4423828125,476.77419915118367,472.9504461150781,475.4403240994677,37456800
2024-06-24,469.0409851074219,474.9490265120443,468.90245380557906,473.2171889334799,37751000
2024-06-25,474.4047546386719,474.7016290052878,470.1889574276186,471.129109923321,29014700
2024-06-26,475.3844909667969,475.92880093044886,473.1677483971883,473.58337252856364,22737100
2024-06-27,476.61163330078125,478.0861899873957,474.3256098735084,475.1371068150206,26222100
2024-06-28,474.1375427246094,482.1436072423702,473.49429478929665,477.4033117975724,34881600
2024-07-01,476.91839599609375,477.48245728594264,471.3171348061598,475.0579027852008,24898300
2024-07-02,481.92584228515625,481.9852171533398,475.2953667967383,475.42402241141883,26723600
2024-07-03,485.9437561035156,486.0724117323164,481.17377316359585,481.17377316359585,18064900
2024-07-05,491.0106201171875,491.4460560048313,486.4880424937544,486.7849470721582,28495900
2024-07-08,492.1783447265625,492.73253034096933,490.35744482196145,491.376753741408,22109400
2024-07-09,492.6039123535156,494.8107793015075,491.08979257688713,493.6925021081496,25614500
2024-07-10,497.739990234375,498.29417582384775,493.2174432132333,494.5237205593621,28046900
2024-07-11,486.82452392578125,498.05673460649984,485.6369961812132,497.8489225363497,49966600
2024-07-12,489.68450927734375,494.43468031357077,486.9333627636992,487.3984860685638,37109400
2024-07-15,491.0007019042969,495.8102781057871,488.9620840273778,491.4559193387255,31151400
2024-07-16,491.188720703125,493.2669318468274,488.03182577264374,492.4554349867678,25950600
2024-07-17,476.76995849609375,483.7269967148813,476.70070794093556,483.21240438634226,56268800
2024-07-18,474.51361083984375,480.6690578747681,471.32702835165105,480.49093325016867,49347400
2024-07-19,470.3077087402344,476.690779451391,469.0212128794801,474.1771324025522,42042900
2024-07-22,477.3143005371094,478.33360958385947,472.75212922630016,476.1663358493662,40300000
2024-07-23,475.63189697265625,479.40235260218805,475.1568979647483,476.41370644097475,23282500
2024-07-24,458.57086181640625,469.2686688957843,457.70989585658754,468.9025137359399,58818600
2024-07-25,453.5138854980469,463.0835397795086,450.9013001454339,458.9073353666325,59256800
2024-07-26,458.1650695800781,461.0943407799324,454.9982686823399,457.848383450134,39992100
2024-07-29,459.08538818359375,463.05377989321454,456.8290524680878,460.87660060595,28218500
2024-07-30,452.7815246582031,461.7178056143378,449.4365991488919,461.01518280406907,41317200
2024-07-31,466.1810607910156,467.8832111745304,461.56942044729703,463.01425954698885,44552100
2024-08-01,454.8894348144531,470.61450517713496,451.2476348425809,466.86386133368035,56653900
2024-08-02,444.0926208496094,448.86260343484975,439.85704229778526,446.2104252259462,66323200
2024-08-05,430.8515319824219,437.69972643798087,419.05525994795903,420.3021625718776,87483500
2024-08-06,434.9682922363281,442.43004604002886,430.0498726759213,432.69217509927154,63164400
2024-08-07,430.2577209472656,444.3400455113918,429.8618783945526,441.85608592677744,54929200
2024-08-08,443.41973876953125,444.3301736904715,432.6130580671069,436.48248198323597,47890100
2024-08-09,445.7354431152344,447.36831262214395,440.985241585035,442.10351876153544,33574000
2024-08-12,446.69537353515625,449.65433226208825,443.8947276771572,446.7052794147843,27795000
2024-08-13,457.7790832519531,458.0463003756158,450.9507011946519,451.08926269593627,40084500
2024-08-14,457.92755126953125,460.28282498699116,453.6424734145616,458.6994548040249,34733700
2024-08-15,469.49627685546875,469.89211944188804,463.51895413772047,463.8950151651175,38280600
2024-08-16,470.0999450683594,471.46562770160637,466.75501924509746,467.7149534002889,38383600
2024-08-19,476.2751159667969,476.314709281999,468.4571123615935,470.23844913548015,23737700
2024-08-20,475.275634765625,477.92781315701507,473.5833602435094,475.36469707718084,29209300
2024-08-21,477.49237060546875,479.34295796614543,474.3453815043976,476.0574073595781,25658800
2024-08-22,469.9217529296875,480.50080867680515,468.89253816247736,479.8080615794647,37739600
2024-08-23,475.018310546875,477.72986373864114,470.3472959517967,474.2661885575702,36061500
2024-08-26,470.40667724609375,475.3943780311616,468.32846606891127,474.47403729011756,27452600
2024-08-27,471.81195068359375,472.8807286031664,466.8143440444415,468.77380546465093,27510000
2024-08-28,466.4580993652344,472.06923634933787,463.0340174366107,471.3468319839668,37372400
2024-08-29,465.7752990722656,472.9698371268016,464.4986787706856,468.36810279423213,41081500
2024-08-30,471.3270263671875,471.9504927515124,465.626826998042,470.1098112366977,33466500
2024-09-03,457.0171203613281,468.41754961460447,454.6420347086688,468.28892418329235,44985200
2024-09-04,455.82958984375,459.6297633575337,452.9795050096939,453.9097517280565,32505100
2024-09-05,456.2550964355469,460.5302382843721,453.18726380172785,454.2065727199707,34452400
2024-09-06,444.03326416015625,456.4332200932518,443.53845342028677,455.5524424798757,50624400
2024-09-09,449.7433776855469,450.73299918390046,445.15154963762876,448.35791362802206,32981200
2024-09-10,453.8997802734375,454.40449687986967,447.53652156460316,451.50488306344096,29680300
2024-09-11,463.75640869140625,464.49862479430976,446.5963760163785,455.1368141392579,57843000
2024-09-12,468.3087158203125,469.12021274769836,462.004831315396,463.7861380430132,40067800
2024-09-13,470.40667724609375,471.5843292398022,467.34875045430647,467.57637427019046,29111800
2024-09-16,468.3284606933594,468.94202118034616,465.0132528878114,468.2789916995769,22585600
2024-09-17,468.5758972167969,472.64325748454945,466.082061787513,471.3468556724097,30084400
2024-09-18,466.54718017578125,473.8604676353551,465.9434953333067,469.7733560531388,39909200
2024-09-19,478.3433837890625,481.18362256616484,475.5031752128084,477.6011677415739,52782500
2024-09-20,477.4329833984375,478.670010233335,473.33593602484865,477.4824523914932,34577700
2024-09-23,478.6985168457031,479.78863625808964,477.2714569319046,478.60932938150205,24843000
2024-09-24,481.0075378417969,481.9589009890899,475.85429307094455,480.10571320215763,25952600
2024-09-25,481.4535217285156,483.40581684032236,480.2048367630411,480.3832116885974,26549900
2024-09-26,485.07073974609375,489.2627322137733,481.4337116875212,488.93568125355074,32020200
2024-09-27,482.3751525878906,486.23020427686686,481.1958457378582,486.0914480623736,22851100
2024-09-30,483.6833190917969,484.0202596018101,478.5796124436247,481.41389274489046,30281100
2024-10-01,476.94439697265625,483.6139194959118,473.1091848680393,483.31662795419345,42735400
2024-10-02,477.61834716796875,479.53099347672526,473.42635462803594,476.0426111384499,23744000
2024-10-03,477.26153564453125,480.19492312784206,474.6848980169124,475.42815712622803,25337200
2024-10-04,482.9400939941406,483.49505843130527,478.05441088971554,483.0689304247848,30686600
2024-10-07,477.7669982910156,482.19682413323716,476.548042370329,481.0274369696279,24975100
2024-10-08,484.90228271484375,485.5860835880583,479.5012840884385,480.3040015929436,28272000
2024-10-09,488.7176513671875,489.29245536882917,483.5644061682119,484.6049568617026,24995000
2024-10-10,488.1626892089844,490.0257969581118,485.13019433844016,486.4383376827158,25750400
2024-10-11,488.9257507324219,489.9465223032904,485.7644497271091,486.32930368033,20644500
2024-10-14,493.028564453125,494.3465973585844,490.808706825702,491.3141024770898,26060100
2024-10-15,486.4383239746094,494.0195609373264,484.2878142839425,493.35556948418406,34784500
2024-10-16,486.497802734375,487.27079104064836,483.18782561554843,486.7653651407915,22996800
2024-10-17,486.834716796875,492.02761076485535,486.7752584875692,491.97807225486406,27210700
2024-10-18,490.02581787109375,491.11593737118017,488.86632025661703,489.61949922818457,25335000
2024-10-21,490.9672546386719,491.7699720639436,486.894178959246,488.81674495745733,30336500
2024-10-22,491.5023498535156,492.9789784395571,487.54822127484874,488.30140014441923,26685800
2024-10-23,483.9706726074219,489.80774860991164,480.69042485410046,489.1536769704334,39346600
2024-10-24,487.8951110839844,488.56899209054706,485.0409912405532,487.68697675640317,22024900
2024-10-25,490.8681640625,495.7835760452956,489.98614869868027,490.68978912710674,38762100
2024-10-28,490.9474182128906,494.0393713144082,490.65012666208736,493.9799130042475,20477800
2024-10-29,495.66461181640625,496.8439186259501,489.41132793216394,491.2645157062217,28014100
2024-10-30,491.9186706542969,495.8529905378008,491.43308432455694,494.90162723594295,29756000
2024-10-31,479.50128173828125,488.00415351011384,479.40217446492693,487.9546149950835,41245200
2024-11-01,483.049072265625,486.33924004761803,480.8391344021652,481.1364259666195,33655800
2024-11-04,481.6418151855469,484.98152122615164,479.89762415814664,482.4445325917277,23291600
2024-11-05,487.78607177734375,488.450063211135,483.13822247067543,483.2274099331328,24353600
2024-11-06,501.0359191894531,501.8584762261197,495.10968577343385,496.0610489877298,43082200
2024-11-07,508.9243469238281,509.70728521710686,503.7711019992823,503.83056030755586,32853100
2024-11-08,509.51898193359375,510.29193992816494,507.8044898484447,508.4288323181187,22924500
2024-11-11,509.2217102050781,510.94606166969805,506.3279414175583,510.7379273428509,24167500
2024-11-12,508.3000183105469,510.0342895835151,505.24771417717085,509.1523347344934,25835300
2024-11-13,507.64599609375,510.3514400261562,505.36668014613633,507.7946721174008,24567400
2024-11-14,504.1180114746094,508.18113740505333,503.2062669199819,507.30907205086606,28679500
2024-11-15,492.10693359375,498.8061554755535,490.0456112891242,498.4196764454938,51461100
2024-11-18,495.52587890625,497.62685004551037,492.2654707437731,493.652881689858,27080800
2024-11-19,498.9349365234375,499.4205530111832,492.61227457362634,492.94924529707794,24523000
2024-11-20,498.6476135253906,498.9548248827178,492.0970072679585,498.63769372570533,29565500
2024-11-21,500.44134521484375,502.4035299899302,493.088021478257,501.6900000053646,34526700
2024-11-22,501.2440185546875,501.9773578308753,498.2610624556709,499.8863368165391,23826600
2024-11-25,502.0368957519531,506.8532310485175,499.727850499698,505.31714390386213,26375200
2024-11-26,504.732421875,505.5549789384047,502.6711298031389,503.51346597969416,26557100
2024-11-27,500.7584533691406,503.6720316612962,497.41874708868886,503.6026837920866,24957400
2024-11-29,505.15850830078125,505.7531216213566,500.7683318681806,501.38275454356886,15334000
2024-12-02,510.6586608886719,511.6199741872277,506.03065079539806,506.4171600748149,25147200
2024-12-03,512.2244262695312,512.5019386948712,508.7558838722561,509.3306878343324,18597900
2024-12-04,518.5570678710938,518.8147407281132,514.9299292457346,515.6434895026028,26086200
2024-12-05,517.1199951171875,519.3299326318131,516.7334859011141,518.6065131914003,18169600
2024-12-06,521.7481079101562,521.9859411713386,517.6552224953138,517.7840589262187,23762600
2024-12-09,517.6848754882812,521.6191642626006,516.5352676467476,520.8263667260869,20674400
2024-12-10,515.9209594726562,520.6580271192222,514.4938993957188,518.9138358600111,24350000
2024-12-11,525.1571044921875,525.8409052468438,519.875053656175,520.2813419948772,32168600
2024-12-12,521.7678833007812,524.2057949010591,521.2922168369533,522.9372703487448,23577500
2024-12-13,525.7616577148438,528.3778835858818,522.560647627192,525.6922796121901,28780400
2024-12-16,533.3330078125,534.3042408794819,528.2094917796982,528.2887896903175,31979900
2024-12-17,530.9843139648438,532.6492071689107,529.3293405604305,531.5392783661994,28579100
2024-12-18,511.8280334472656,532.0546259876975,510.38119437057514,530.3401942657196,54703200
2024-12-19,509.5487060546875,517.0705149732767,509.21179579232137,516.5056307829288,46441800
2024-12-20,513.9984741210938,520.1031444886504,504.71272284638377,505.85238107845794,60530000
2024-12-23,519.006103515625,519.3833002478667,512.3159202923702,515.7106302984251,29672800
2024-12-24,526.043701171875,526.1330021589947,520.316321172994,520.9516062143355,17558200
2024-12-26,525.6863403320312,527.3142356084127,522.4206745678785,524.4158307733787,19090500
2024-12-27,518.6983642578125,522.559632331355,514.0330843757536,522.1228814363513,33839600
2024-12-30,511.7997741699219,515.5220627362082,508.04770850678767,511.7005373751371,34584000
2024-12-31,507.4521179199219,513.8345638741997,506.48928482473434,513.0802310210817,29117000
2025-01-02,506.45947265625,512.8221071633047,501.97285552495356,510.4993728244697,36389800
2025-01-03,514.7477416992188,515.8098417331423,508.7424629551306,509.55634989003045,29059500
2025-01-06,520.6637573242188,524.018784806924,518.1723564940825,520.1476411928097,36109700
2025-01-07,511.3728942871094,522.1030076792526,509.4869713360559,521.7059999662438,36690300
2025-01-08,511.4623107910156,513.1000813782965,506.7970304272541,511.2737124172426,30777800
2025-01-10,503.44195556640625,507.7994984696709,500.19613120906627,507.7002616861164,40532500
2025-01-13,501.8240051269531,502.28059733248006,496.00732395497107,497.4962392396563,31694200
2025-01-14,501.3475341796875,506.39001083545065,497.88333436019064,504.9804910575475,33737200
2025-01-15,512.8817749023438,514.0232404431067,507.6804761210501,509.23891191733566,34957600
2025-01-16,509.2884216308594,515.224210811633,509.15937746744135,515.144785037811,28229000
2025-01-17,517.8843994140625,520.1971979799845,509.3181691473964,518.9861821179226,51837900
2025-01-21,520.9216918945312,522.0830285775014,516.2167304046536,520.604049439066,23628000
2025-01-22,527.582275390625,529.875202608773,525.3489023631776,525.6566091124832,33593000
2025-01-23,528.703857421875,528.8229657869698,524.5448186856646,525.1304247166951,23096600
2025-01-24,525.7161254882812,529.8453571094432,524.2470818339253,529.0810884811151,19878300
2025-01-27,510.4101257324219,514.1621608800974,506.3801003492405,507.223825099109,60771700
2025-01-28,517.9539184570312,519.135127001106,507.9980395084438,511.4125906777684,33194200
2025-01-29,516.9812622070312,518.7282661051813,513.0803108268819,518.5992219137866,26649000
2025-01-30,519.1847534179688,522.2122024136221,514.3805539731445,519.8399100776113,27431300
2025-01-31,518.4302978515625,527.5921301044531,517.338450995146,523.0260873773669,38755200
2025-02-03,514.2813110351562,517.0010535797855,507.27348469906485,509.6755846757201,40580800
2025-02-04,520.5941772460938,521.2294622346358,514.4003000680867,514.7973683319532,26046800
2025-02-05,522.9566650390625,523.11551659981,516.7727228160936,517.9638671852232,21134100
2025-02-06,525.6863403320312,525.8948102853632,521.8548794809367,523.4629031663001,19434500
2025-02-07,519.0557250976562,528.1678797493125,518.3311390158517,526.2224024701397,29605500
2025-02-10,525.3389282226562,526.4407109622551,522.8574028177311,523.3239005134812,20852800
2025-02-11,524.0882568359375,526.0039872775455,521.9442454321847,522.0732896066455,19325500
2025-02-12,524.3959350585938,525.2793726405877,518.0928847804781,518.4402741025981,25009400
2025-02-13,531.9398193359375,532.2574012792994,525.2793832223591,526.0635234537466,28714800
2025-02-14,534.1732177734375,534.8581212532781,531.7115032138299,532.0490173479468,17862600
2025-02-18,535.3841552734375,536.0095045421328,532.078746365208,535.7414804029439,20565000
2025-02-19,535.5330810546875,536.8135264180986,532.4956962288245,534.590089236306,19666900
2025-02-20,533.260009765625,535.1161861718319,528.5252998523972,534.7489252091573,26550800
2025-02-21,522.1923217773438,534.4212850908257,521.8250608987436,534.4014135025412,47093800
2025-02-24,516.0283203125,525.160347339716,515.6908667320525,523.9791386398983,39268400
2025-02-25,509.52667236328125,515.4823335308943,505.67533996149535,515.402907751773,48940000
2025-02-26,510.7574462890625,515.8197335223668,507.5910176736259,511.7203095816127,34457600
2025-02-27,496.5730895996094,515.2341793751592,496.35471414579564,514.3011233717788,52448000
2025-02-28,504.41473388671875,505.0202115627976,493.2577747457523,496.43413947250224,47654000
2025-03-03,493.3768615722656,509.2486881332856,489.93250314963643,507.73993161461107,44587200
2025-03-04,491.88800048828125,500.01748091232383,484.1357168084358,490.5281292836156,67875400
2025-03-05,498.30023193359375,499.9082555325708,487.6296728031353,492.5331693757525,46323700
2025-03-06,484.59228515625,494.8955530213461,482.60706486522406,490.04170516165766,57574300
2025-03-07,488.15576171875,489.6347411717219,476.9789615630039,483.5599718062666,54714700
2025-03-10,469.23663330078125,480.39356231594445,465.1967024947357,479.8774159142813,76668000
2025-03-11,468.1149597167969,475.27167052229146,463.5588826960084,468.8594173402994,68760800
2025-03-12,473.3956604003906,477.50505079394827,468.3035653299785,475.6190975102553,46971100
2025-03-13,464.8790588378906,472.760386273074,462.98316971511383,472.7306091786664,46563300
2025-03-14,476.1153869628906,477.0087300371878,469.6237081167645,470.2292160585815,43563000
2025-03-17,479.202392578125,482.2497130174167,474.2691189068619,476.06574086012523,41744400
2025-03-18,471.0332336425781,476.0657441300447,468.9189691557921,475.86724027334935,39072300
2025-03-19,477.3363342285156,481.74349565345614,471.3608014299573,473.28646764378425,40430300
2025-03-20,475.7184143066406,480.96930089764913,472.66115766898713,473.3559969844707,36780500
2025-03-21,477.28668212890625,478.0509810732746,469.4152905592447,470.57662752286865,42234900
2025-03-24,487.7604064941406,488.60538941404207,481.5373907904982,484.8576491349716,34567200
2025-03-25,490.54388427734375,490.7029423960745,487.52187103316214,488.4861400211188,26035200
2025-03-26,481.5175476074219,490.2456607367531,479.96676889831855,489.3907271556028,34627100
2025-03-27,478.7738037109375,483.70448349873095,477.4119047450076,479.5591436051509,33469800
2025-03-28,466.16876220703125,477.6803158784236,465.2840071747282,476.9745201773356,46363800
2025-03-31,466.14892578125,467.08334293131804,454.62739030879317,459.1902923533091,53000300
2025-04-01,469.9065856933594,470.8310825660288,461.6755176682955,464.538472789733,41156200
2025-04-02,473.336181640625,476.72603385839966,463.10698198476695,463.36545522057037,49894500
2025-04-03,447.99676513671875,457.35115906183495,447.47984907108474,453.7426062022167,70456300
2025-04-04,420.1722106933594,437.7675929050692,420.1722106933594,435.55079068681124,117088400
2025-04-07,421.1861877441406,440.52125924890055,400.01207316550386,406.24500940343484,161557000
2025-04-08,413.60125732421875,440.52124286102435,407.3683213181599,435.5706616527368,101248100
2025-04-09,463.2461853027344,465.0653576176641,412.9750201017136,413.11420733728266,142876900
2025-04-10,443.5433044433594,452.8976999510687,430.0733899256375,450.8796973929854,108384100
2025-04-11,451.7146911621094,453.09649143953806,438.7219217931667,442.0223093443537,52483800
2025-04-14,454.7765197753906,462.30176158755654,449.955174921676,461.7152518499013,43941200
2025-04-15,455.2834777832031,459.64754944257936,453.4543549864483,455.83024573579985,35404200
2025-04-16,441.5550842285156,449.94520996662885,435.17304059444126,446.37642892854547,48980600
2025-04-17,441.4755554199219,445.103979334769,438.75172707786896,444.5274202476084,44837000
2025-04-21,430.5505065917969,436.48522787937225,425.40112526573694,435.64027525418857,44149300
2025-04-22,441.85333251953125,444.9349886334612,435.03385628214005,436.22677695266526,52304400
2025-04-23,451.873779296875,460.6416648662758,450.20371452286577,455.46246180935236,55801100
2025-04-24,464.588134765625,464.89630034955155,453.13619442842605,453.7823774307529,45956100
2025-04-25,469.7673645019531,470.29423120888106,462.63975320893314,464.2104027176438,38697100
2025-04-28,469.6182556152344,472.0040665388327,463.27595392675005,470.23458681729716,33550800
2025-04-29,472.7198181152344,473.6045731544733,466.8149185696458,467.3915080044207,30613100
2025-04-30,472.6601867675781,474.37997416490805,459.697238824554,464.36947606745446,46810600
2025-05-01,478.83349609375,484.30099374480625,477.89904861368166,480.5532835490319,43316500
2025-05-02,485.9411926269531,488.00891762969025,481.9648310617846,483.66474747370063,39218100
2025-05-05,483.0583801269531,486.140066685344,481.2392078951981,481.73625313567294,28309500
2025-05-06,478.5650634765625,482.1835367600156,475.36409117258444,476.7259901676863,32786300
2025-05-07,480.4438781738281,482.9291041737698,473.9624196873836,479.2310866723673,38006300
2025-05-08,485.4044189453125,489.78836133137906,481.30877127503675,485.642990937839,39577600
2025-05-09,485.0863037109375,488.63521379310254,483.326774588034,487.31305654497106,27767400
2025-05-12,504.84881591796875,504.88858802841014,498.51646492128515,503.99388239825186,45090600
2025-05-13,512.5430908203125,514.3324413872226,505.4154493764172,506.1510665570221,53269600
2025-05-14,515.61474609375,516.1614836202223,512.7020688150568,513.7160603301389,47014500
2025-05-15,516.181396484375,518.845551249811,512.1254910070218,513.46754933804,50153300
2025-05-16,518.4281616210938,518.6170412486316,514.0441884093638,517.5831482665423,48394600
2025-05-19,518.9251098632812,519.4420562576735,511.20100847927887,511.20100847927887,52536200
2025-05-20,517.1954345703125,517.8515075410328,513.6067220946634,516.4001137065187,42517600
2025-05-21,510.0081481933594,519.909311026266,508.2187974987168,513.2191016405527,71292800
2025-05-22,510.9625244140625,514.6506220653856,509.2725584046473,510.6245069423915,55607200
2025-05-23,506.2306213378906,508.8152626278632,502.59224657648224,503.1887069260503,58368100
2025-05-27,518.1398315429688,518.626986864166,511.54906721801433,513.0998460017336,47226300
2025-05-28,515.8433837890625,520.5852140545883,515.3264980787542,519.0940785672615,46637200
2025-05-29,516.8574829101562,523.3687637584553,514.2629211840699,523.21968658337,58513300
2025-05-30,516.0422973632812,517.6030267064441,508.9047349583655,516.3703642123456,67662800
2025-06-02,520.1180419921875,520.3566139720011,512.9207767791972,514.1832909592489,44762800
2025-06-03,524.1838989257812,525.6153916465726,519.6011563664897,520.4660102317107,44070300
2025-06-04,525.645263671875,526.7089478092026,522.8617616763219,524.889745168766,41359300
2025-06-05,521.6887817382812,529.8999797645338,519.5713639160355,527.0469446095782,61031200
2025-06-06,526.788330078125,528.6572247503295,525.088474447436,526.8678742932818,42467000
2025-06-09,527.5637817382812,529.2039944759547,525.8837665533798,527.0070935472497,33688700
2025-06-10,531.0530395507812,531.7389643345455,525.7644714899908,528.0309659877803,40664800
2025-06-11,529.2636108398438,533.6078414430042,526.9772151943893,532.4546626717411,53701000
2025-06-12,530.5062866210938,531.4805365276557,527.703004925698,527.9515275399644,34104900
2025-06-13,523.845947265625,528.7269048823287,522.6231747023902,524.5616632957901,55814400
2025-06-16,531.132568359375,532.2062030416474,527.3152949826874,527.3649873706377,37622100
2025-06-17,525.9533081054688,530.178191841852,524.7901787794913,528.5677704245282,42180900
2025-06-18,525.8638916015625,529.4028511373086,524.2833217813045,526.9673174269449,43983500
2025-06-20,523.7167358398438,530.4069457539052,521.7782471531975,529.1146401876316,61643500
2025-06-23,529.1017456054688,529.6192118620138,521.1400908129034,524.2849177292203,50666100
2025-06-24,537.1928100585938,538.1083833993794,533.6996241180443,534.3166475371182,45442000
2025-06-25,538.566162109375,540.7058813321303,536.7947253384327,539.4618726543914,44804200
2025-06-26,543.6018676757812,544.0497229160504,538.9244439782782,540.7456288167091,43811400
2025-06-27,545.4629516601562,547.3538082383178,541.9299187322695,544.6369129629151,57577100
2025-06-30,548.9959106445312,550.150323841353,546.3785118204822,548.6177271894713,45548700
2025-07-01,544.3681640625,548.0703649871544,542.0493151839511,547.0950210069877,56166700
2025-07-02,548.1599731445312,548.3590266820488,543.5024119311546,543.5421983416136,36538300
2025-07-03,553.553955078125,554.5292991491806,550.528547956803,550.528547956803,26443500
2025-07-07,549.3840942382812,551.6830197478901,546.9458251844275,550.8669428006658,45349300
2025-07-08,549.6925659179688,551.3545443122363,548.4584584278795,550.7275591514004,36153300
2025-07-09,553.5838623046875,554.9572527460838,550.4489361357153,551.8223265771115,43045500
2025-07-10,552.7876586914062,554.6287670725607,550.1005880395711,554.2207589895446,34710900
2025-07-11,551.543701171875,553.126046198862,549.4039819426756,550.647990624161,39618600
2025-07-14,553.5440063476562,554.2804496744797,548.9859421113066,551.3346156245823,36453300
2025-07-15,554.051513671875,558.1119745200461,553.9918036921638,557.5646229155932,43277700
2025-07-16,554.6187744140625,557.524821997974,548.9162589009651,554.6088733698717,52314700
2025-07-17,559.107177734375,559.6147429299454,554.5392124594489,555.3453275516479,40423800
2025-07-18,558.56982421875,562.0231629422733,557.2959302535468,560.4208944407413,50484700
2025-07-21,561.4658203125,563.3467757995568,559.365948479278,559.3958338406302,39595200
2025-07-22,558.5599365234375,561.6450539693269,555.9325754286451,561.5953057671576,43270600
2025-07-23,561.1076049804688,561.1473913894928,556.897899192682,559.644679980569,40215300
2025-07-24,562.3018798828125,563.5259649748344,560.590092369004,562.4212998555654,42275500
2025-07-25,563.6553955078125,564.9790378534013,561.5654850611911,562.2222949681642,30630800
2025-07-28,565.4168701171875,566.3125198933016,564.1529379000713,565.0187630549528,31498700
2025-07-29,564.5410766601562,569.3678058353573,563.8145950597007,568.0243008153843,45463300
2025-07-30,565.2974243164062,567.88493787487,562.3416283337683,565.4566306884598,43433800
2025-07-31,562.3018798828125,571.8757657350329,561.1673293990499,571.7861703841629,64613600
2025-08-01,551.2251586914062,556.3405363278684,549.0356915374143,556.1514446022372,69400800
2025-08-04,561.3961791992188,561.6151562999452,556.2709001900665,556.3703965814645,47669800
2025-08-05,557.5845336914062,563.8443626007596,557.047083143738,562.6799876518158,48666600
2025-08-06,564.600830078125,565.0387235781728,557.9428929652461,558.4205728770752,41823700
2025-08-07,566.5115356445312,570.5719965866228,562.4013265086303,568.9298809926769,44463000
2025-08-08,571.796142578125,572.0151196938974,567.4172684314073,567.7158183687225,35255500
2025-08-11,570.1041870117188,574.0352659921666,568.8303539029688,571.9353942373868,33112900
2025-08-12,577.269775390625,577.5683253251331,569.7460133279651,572.4031988590039,42143300
2025-08-13,577.558349609375,580.5240464797514,576.165035771658,579.9667330931853,41209300
2025-08-14,577.1105346679688,579.0909866487473,575.139983732242,575.508266162602,45425000
2025-08-15,574.57275390625,577.060771050305,572.811218330625,577.0209239007323,49480200
2025-08-18,574.3438110351562,575.0006815724842,572.4827790837365,573.67703945311,29831000
2025-08-19,566.5514526367188,573.7965277870278,565.5263603018907,573.6273596101793,53752600
2025-08-20,563.1876220703125,565.7253875756548,556.1614636230435,565.6059676042936,76781100
2025-08-21,560.5801391601562,563.774714247948,558.2911148293009,561.6449570276834,46436900
2025-08-22,569.2284545898438,571.238791941298,560.5702032580724,561.9634564557491,51502100
2025-08-25,567.58642578125,570.542161218221,566.4319517221652,567.6660593438861,34044700
2025-08-26,569.8653564453125,570.1738681264644,566.0736209319145,567.0987131018536,34103000
2025-08-27,570.7412109375,571.6567843025553,567.6361701841732,568.8503542214644,36927100
2025-08-28,574.31396484375,575.2295381040836,569.716114225579,571.3581690220095,46787900
2025-08-29,567.666015625,572.273828233091,565.8148847062891,571.9055458127416,56030400
2025-09-02,562.908935546875,563.257233673264,556.8580604404501,558.6195961337324,65876800
2025-09-03,567.3375854492188,568.9597775003773,564.0135677896833,566.5015849549442,54230200
2025-09-04,572.4727783203125,572.840999970597,566.3025448600863,568.0043095836706,47526300
2025-09-05,573.298828125,578.3345721151251,568.7905728965633,577.707586970244,68342500
2025-09-08,576.095458984375,578.0560483188578,575.0007556046913,575.5978554949527,46371400
2025-09-09,577.7275390625,578.1554707195171,574.274139701763,576.8915385805233,44007600
2025-09-10,577.9166259765625,580.971918274203,575.7769069667078,580.9420329124574,49308000
2025-09-11,581.2803955078125,582.0765487866307,578.8321649514098,580.4443950823623,44745800
2025-09-12,583.8480834960938,585.0423439865303,581.3003561297145,582.2358530939185,50745900
2025-09-15,588.843994140625,588.9534523182087,585.4702282697297,585.6195335974215,44360300
2025-09-16,588.3463134765625,590.0182535112544,587.6596183960106,589.7694518261646,36942100
2025-09-17,587.1720581054688,588.9136701422223,581.5690385221046,588.2667613743852,69384800
2025-09-18,592.466552734375,595.2730433570825,590.1178791327126,592.058483907603,61069300
2025-09-19,596.4771118164062,597.1737686554727,592.9938883636707,594.4668355857931,58196100
2025-09-22,600.0083618164062,600.6759063866804,595.5446250028239,595.56457167487,57154800
2025-09-23,596.02294921875,600.3770403666388,594.8073576106723,600.1777560752951,64635500
2025-09-24,593.9305419921875,597.7167610032964,591.2005236200914,597.3979183069385,49850300
2025-09-25,591.3699340820312,592.9541133753095,586.358211090951,590.0447574609248,70920200
2025-09-26,593.801025390625,594.1298414316656,588.9089213733314,592.1869260081028,54337400
2025-09-29,596.5509643554688,599.858888854889,595.2357610619866,596.929586249639,48332900
2025-09-30,598.1849975585938,598.5237869140956,593.9305184146496,596.2520555976123,46533800
2025-10-01,601.0545043945312,601.592517201177,594.1696797218984,594.9966151966095,46899600
2025-10-02,603.5255126953125,604.950301116935,600.7357150581139,604.8506893778672,43765400
2025-10-03,600.9848022460938,605.1197232184186,599.2013385970163,604.3027001978111,46482100
2025-10-06,605.498291015625,607.1422494333636,603.7645725777412,606.2355880916678,41962100
2025-10-07,602.3099975585938,607.4910851983766,600.835403229105,606.8035939044607,58209500
2025-10-08,609.2147216796875,609.523591030116,603.0572205300643,603.2066381307736,50629800
2025-10-09,608.4774169921875,609.3840783602061,605.2691043090726,609.2545466200572,45551000
2025-10-10,587.3546142578125,610.9484275974415,586.9062397942465,609.174937229752,97614800
2025-10-13,599.8190307617188,600.7556121211176,595.056398092238,597.497493628088,65872600
2025-10-14,595.8236694335938,600.4966033203683,587.9823159734815,593.1434568492728,69203200
2025-10-15,600.0282592773438,604.4919961772353,593.7611729131481,601.8117836952674,62805500
2025-10-16,597.806396484375,606.0961241101174,593.3327470469682,602.9077579751356,70982000
2025-10-17,601.7320556640625,603.306322454893,594.1995718879336,595.7738386787643,72024900
2025-10-20,609.3143310546875,610.5697551235123,604.8606284241672,604.9303809627713,45761700
2025-10-21,609.1549682617188,610.4900574537519,607.1024677916307,609.41403175621,44538200
2025-10-22,603.286376953125,609.1848147458128,597.5573034367524,608.5969960402966,61478800
2025-10-23,608.35791015625,609.1450131867009,602.319966975814,602.7085014161719,42844300
2025-10-24,614.8541259765625,616.1693293175521,612.8913247080658,613.7481802624443,47632500
2025-10-27,625.80419921875,626.2624862060553,621.7589773359792,622.2471843336021,54098600
2025-10-28,630.6165161132812,632.3701204498367,626.9598898422056,628.0658354818435,61195700
2025-10-29,633.4561767578125,634.69165413006,627.9562469711387,633.276839153424,67422800
2025-10-30,623.7715454101562,631.1944440896802,623.6619603385896,629.869267455657,61628600
2025-10-31,626.780517578125,631.8918518941646,624.4091746831857,631.8619318884121,66305100
2025-11-03,629.7796020507812,633.5059808284601,627.5576766411583,632.7985429356352,37154300
2025-11-04,616.996337890625,624.6683271251044,616.2092348629542,621.0117005353788,63830800
2025-11-05,621.0116577148438,624.3195213581258,614.9637416360841,616.2390515684897,48688500
2025-11-06,609.4439086914062,619.7761638844125,608.078899450419,619.5270737190788,72115100
2025-11-07,607.5209350585938,607.7301926884926,596.4912153281726,606.0961466218313,81835400
2025-11-10,620.9617919921875,622.0378784586748,614.644899897251,616.6674802752618,55919900
2025-11-11,619.307861328125,620.4536395227035,615.2726130875191,618.3115007347396,44868800
2025-11-12,618.8197021484375,622.5859138594624,615.5615832963299,622.566027998916,47444400
2025-11-13,606.1858520507812,615.8704485105809,603.8742880136988,615.2925422980531,71333600
2025-11-14,606.64404296875,611.1176919097272,594.9965862233795,597.3679290922347,80087300
2025-11-17,601.4630126953125,610.2509204798646,597.6868279161546,604.0934192729386,63850400
2025-11-18,594.1397705078125,600.1179339423381,589.1878876531316,597.4377215700049,83327300
2025-11-19,597.686767578125,603.953853223184,592.4260157669842,594.8969703439581,73111500
2025-11-20,583.5385131835938,611.7953468701894,582.6218784315797,609.3940836964333,117743200
2025-11-21,587.9224853515625,594.807310091711,578.6264242609341,585.3319113971087,103344200
2025-11-24,602.9575805664062,604.4720682054578,592.9939741263881,593.1135933516537,60168100
2025-11-25,606.6740112304688,608.0390203669549,595.1461119637967,601.3135864178203,57560900
2025-11-26,612.034423828125,613.9474190856081,608.1685399702174,610.2808195033393,42393600
2025-11-28,616.996337890625,617.0660904342964,613.1802595402138,613.8677508272276,23034400
2025-12-01,614.923828125,617.1855860502521,610.2907880213397,611.3967336448243,40957600
2025-12-02,619.7362670898438,621.4798980663827,615.3423437866954,617.2055331651553,54541800
2025-12-03,621.2507934570312,621.9481972408511,615.7807833814271,617.3649627124794,47841600
2025-12-04,620.6729125976562,622.665633919662,617.285262025035,622.6556605829674,47067800
2025-12-05,623.20361328125,626.6310962033638,621.440096358939,622.1076409382764,53614200
2025-12-08,622.0079956054688,626.5513972974647,619.4273950138578,624.9273247300189,43462400
2025-12-09,622.775146484375,623.5921694288306,618.7398984397635,620.7425928652799,37156000
2025-12-10,625.3258666992188,626.920080160108,618.7299643381673,621.5795410824109,55031400
2025-12-11,623.3032836914062,623.5025679748155,615.4718431258982,621.5496792982444,58272800
2025-12-12,611.3867797851562,621.2706598008424,609.1349951238292,619.8160122611713,75158700
2025-12-15,608.3179931640625,616.1693197420918,607.102462393675,616.1195138735233,49538200
2025-12-16,609.5235595703125,611.2771638485672,604.7011478051123,606.0462710202155,55152800
2025-12-17,598.2247924804688,611.4166568355257,598.0953215609716,610.8287773715621,70654300
2025-12-18,606.8931884765625,610.6992932536183,604.7111563372118,607.5806797208244,78875800
2025-12-19,614.8043212890625,615.3722541519244,609.6431804668954,609.722906345813,60369800
2025-12-22,617.7513427734375,620.1855972768566,616.3147325600856,619.8862552767364,43703100
2025-12-23,620.6444702148438,620.9437513214359,616.3247143117193,616.7437078609482,41120400
2025-12-24,622.460205078125,622.809417120355,620.255389239048,620.5247726871431,18468700
2025-12-26,622.4203491210938,624.0465142854792,621.6721158574088,623.1884938656726,28959800
2025-12-29,619.4074096679688,621.312944373981,617.2724362589381,618.6392040742111,32458300
2025-12-30,617.9707641601562,620.7142858196408,617.7612369489017,618.3798323976478,31226800
2025-12-31,612.8628540039062,618.4995685313527,612.6034567489972,618.1903012408169,40746500
2026-01-02,611.6756591796875,621.3827185880021,608.7126848809434,618.5993129536024,61859200
2026-01-05,616.5341796875,619.3475438678657,615.2671519649484,617.8610636312775,46828400
2026-01-06,621.951416015625,622.550039153126,617.0829067758982,617.7712838046286,43137500
2026-01-07,622.550048828125,626.4607976434537,621.0934661514185,621.5723159557587,44880300
2026-01-08,619.0083618164062,621.9514248328863,616.3446684463296,621.5623898130801,50435900
2026-01-09,625.173828125,626.4108973206594,617.6016810573577,619.946120817708,49688700
2026-01-12,625.6925659179688,627.368601054656,620.7941591397378,620.8440291770474,37388700
2026-01-13,624.7647705078125,627.9871421828441,622.2307758506613,625.7923733874012,44481400
2026-01-14,618.0905151367188,621.9813522711377,613.1122798122711,620.7741807448011,72598700
2026-01-15,620.3153076171875,628.5159146085045,619.2877047511574,625.1238996016858,53934900
2026-01-16,619.7965087890625,624.6051616315584,617.4221104790464,624.0265108868263,61058100
2026-01-20,606.6276245117188,613.611135001854,605.6199939698072,609.0918377338978,81988900
2026-01-21,614.8282470703125,618.958448118544,606.4280383777512,608.0342310571399,79837900
2026-01-22,619.2976684570312,620.9936758988773,616.3247080096578,620.8838887514372,42254800
2026-01-23,621.2530517578125,623.9267921630139,617.1926928942361,618.2701049354484,43645800
2026-01-26,623.9866333007812,626.1315320367429,620.654474506515,621.7419335987944,35983000
2026-01-27,629.6432495117188,630.5510790290263,625.8621995501378,627.428447510711,38997200
2026-01-28,631.728271484375,635.1003139672691,630.3216198646463,633.9630457840011,50691700
2026-01-29,627.9472045898438,632.1772064107698,616.8135217006399,631.1596506954837,79944000
2026-01-30,620.405029296875,626.7799907137291,617.8410762491409,624.2360100363766,65650700
2026-02-02,624.6650390625,627.0094788951942,617.2026180242116,617.2425627681274,49020300
2026-02-03,615.0676879882812,628.4959413976924,609.5207880738473,626.8199062679399,81234000
2026-02-04,604.322998046875,613.6509473291842,599.0554072347201,613.5711796318161,81850700
2026-02-05,595.6235961914062,603.3852370585454,593.3589241811554,598.7960977080248,89354500
2026-02-06,608.2138671875,609.9696699932801,597.3594924154261,598.7761302609774,78019300
2026-02-09,612.8728637695312,615.0078372205985,603.6446538426547,606.1088060763491,56797600
2026-02-10,610.029541015625,615.566515685603,609.5706636004911,613.8605219833995,53938900
2026-02-11,611.6657104492188,616.0653561148772,606.2584951427149,614.9280269463444,58575100
2026-02-12,599.22509765625,614.3593449076634,598.1576109292407,613.2619605146361,81378900
2026-02-13,600.5020141601562,605.0512695366964,595.0149707463246,599.0155339597561,69237500
2026-02-17,599.8834838867188,602.527265543405,591.9422745141455,596.9703796848319,69013800
2026-02-18,604.3629760742188,608.333642172117,599.3049116850376,600.6916520079001,64250700
2026-02-19,602.04833984375,604.3928403408552,599.3347767407971,601.3899214380363,60960800
2026-02-20,607.3757934570312,608.9121436812641,597.8183444916572,598.70626248816,74127300
2026-02-23,599.9932250976562,606.5777139403463,597.6387991893799,605.1809875790976,63859100
2026-02-24,606.4380493164062,607.5554060860559,598.3172099190714,600.9809641013653,55023700
2026-02-25,615.227294921875,615.3769659271486,609.5606824638733,609.6305248735758,55710700
2026-02-26,607.8048095703125,614.1398874724765,602.5571907580546,614.1398874724765,96178900
2026-02-27,605.8594360351562,606.8870389785335,600.7714740333364,601.5595911757949,68125200
2026-03-02,606.6575317382812,608.4831769130049,596.5812880631398,597.449233707877,75264600
2026-03-03,600.162841796875,602.5372399706525,590.4756942596103,594.9252095120197,97015500
2026-03-04,609.3112182617188,611.436205359631,602.0084551337541,602.7367159421393,70943900
2026-03-05,607.4755859375,611.3165531665334,600.8412876368789,605.9691941386595,89602400
2026-03-06,598.337158203125,604.5724349663923,596.9205203720956,598.8958365654587,86302300
2026-03-09,606.3283081054688,607.8347607375977,589.9370196014203,592.83015152989,93068200
2026-03-10,606.3383178710938,611.8452732023572,603.9938171455258,606.3483040570791,64078900
2026-03-11,606.2584228515625,610.9872467457833,603.6047159994632,607.5154643204306,60114800
2026-03-12,595.85302734375,602.716824803038,595.6435001258386,601.3400708370464,71836600
2026-03-13,592.3213500976562,602.1780807449821,591.1740956767717,598.3172021392496,63145500
2026-03-16,598.9656982421875,602.4374809704295,597.6986704778886,598.6264723831473,49077200
2026-03-17,601.8887939453125,604.4727195335382,600.4521836848432,601.7192114600242,47106600
2026-03-18,593.4986572265625,601.7391485345295,593.1594313501803,600.0730994941966,56128000
2026-03-19,591.623046875,594.3964663870662,585.6970372512312,588.1213056121308,75597600
2026-03-20,580.6888427734375,589.777367794347,577.177115328303,589.6676415345306,91964700
2026-03-23,587.3545532226562,594.426798587646,585.316814476339,589.8718065319924,89936100
2026-03-24,583.3389282226562,587.2846043834495,581.291190762444,584.168034177979,57750900
2026-03-25,587.1747436523438,590.7208345412774,585.0470769253521,588.4933019738706,60475500
2026-03-26,573.1600952148438,583.9882223389391,572.8005050402526,581.9604215239336,81492100
2026-03-27,561.9624633789062,570.3932010852176,560.953562318283,570.1834096572744,82702200
2026-03-30,557.6671752929688,567.4264087803426,554.990063621082,566.7571613464482,70602600
2026-03-31,576.54638671875,578.0048059355398,563.5906539497258,563.6705222317372,95878000
2026-04-01,583.6685791015625,587.0948065489223,579.7828346644924,580.8416686249938,79435100
2026-04-02,584.3378295898438,585.4066623334502,571.2921684003409,573.3399058573888,50941700
2026-04-06,587.85400390625,589.9616731281693,584.04818857967,585.5864761740653,35108500
2026-04-07,587.9439086914062,588.33343423744,577.7650922119919,584.9971348275072,49948200
2026-04-08,605.4246826171875,609.2304976949432,601.4590090396181,608.0418015962135,63086000
2026-04-09,609.5202026367188,609.8298599139192,602.3680889271087,605.2648690435934,37837500
2026-04-10,610.3992309570312,612.9963525292593,608.9108762966896,611.1684052317679,34038500
2026-04-13,616.7122802734375,626.0519920071752,607.4424380458482,608.8109292631304,32972100
2026-04-14,627.909912109375,627.909912109375,619.4192432257902,619.5391066149297,49921100
2026-04-15,636.7003173828125,637.1298380333551,627.5104045058445,628.389443361703,50102400
2026-04-16,639.7669067382812,641.4750515662109,634.5626649382287,638.508341093032,42320600
2026-04-17,648.1376953125,649.2864572780229,643.3629742993419,644.8813252169399,53488900
2026-04-20,646.0799560546875,648.0478251654257,641.8146849601577,647.3285838511964,37138500
2026-04-21,643.6226806640625,649.4862317832127,641.5050128476822,647.6981578004061,39580500
2026-04-22,654.390869140625,654.6106593494021,647.8081371457112,649.4363527672372,37368400
2026-04-23,650.7048950195312,656.1988574654163,644.8114082493845,652.8325617169355,40099800
2026-04-24,663.1512451171875,663.7805584259092,655.8093378063087,657.7871447947734,45563100
2026-04-27,663.5008544921875,663.7006471456002,659.9647623025988,662.6718094811696,32717000
2026-04-28,656.8281860351562,658.9159186391063,653.0923012400261,656.6883250827437,34147900
2026-04-29,660.84375,660.9935487523345,655.8692364466933,657.906975030037,31724900
2026-04-30,667.0069580078125,668.165718724101,656.8381407338443,664.6195670718752,40622200
2026-05-01,673.4099731445312,675.2279215792395,668.0658095505829,668.425399726581,39172600
2026-05-04,672.141357421875,675.9871067346722,668.165745937857,673.9193717407993,34542000
2026-05-05,680.8617553710938,682.0205161358222,676.7662804889583,677.2157986999623,37101100
2026-05-06,695.0062255859375,695.1660231170968,685.7263848294704,687.0250065058129,38778500
2026-05-07,694.1771240234375,700.4701959320079,691.0106209986512,695.8153383268437,43779100
2026-05-08,710.44921875,710.44921875,698.7321150158692,699.1516368844667,44320400
2026-05-11,712.5069580078125,713.805579696499,708.1317613118729,709.5801817559162,36019100
2026-05-12,706.463623046875,709.4003981235137,695.8752835015275,707.4425277497028,45873000
2026-05-13,713.9254760742188,715.8633489513101,704.0563165931343,709.1806902070881,40012500
2026-05-14,718.9998168945312,721.2374091114184,713.4359241362712,713.8355094170396,33327500
2026-05-15,708.1517944335938,714.3450008365951,704.7754998097428,709.3604881552494,51792700
2026-05-18,705.1051025390625,711.2883097073819,698.0827906816122,710.7588622671137,49834500
2026-05-19,700.7599487304688,705.714465040699,694.4868131207006,699.0418050981273,46827500
2026-05-20,712.3671875,712.3671875,703.0174157954351,704.5157692199168,36779200
2026-05-21,713.7256469726562,716.3327671783537,705.9941534147096,708.2116871156971,36415400
2026-05-22,716.7523193359375,721.3273088449104,715.1640988544713,717.2817668085307,33118600
2026-05-26,729.4783935546875,730.3673702569255,723.3650554496121,725.1631283460116,34254700
2026-05-27,728.6492919921875,732.515039000156,724.6436840304248,732.155448805963,35148700
2026-05-28,734.79248046875,735.7913827320126,725.6125662306399,728.9289290608506,32840000
2026-05-29,737.49951171875,740.815874477768,734.4428732975097,737.0300569298091,37541700
2026-06-01,741.9246826171875,744.8315224447946,735.1820921097265,736.2309273283665,33890600
2026-06-02,745.3408813476562,745.6206032443648,738.4184960219842,741.5850600741305,30085200
2026-06-03,743.39306640625,747.828194840854,740.1965670083828,746.4896389980919,40270200
2026-06-04,739.7969970703125,742.6838392688934,731.815777671541,734.6726235372454,40782600
2026-06-05,704.2860107421875,730.8867822650427,703.5468328396532,729.2585667367451,99606600
2026-06-08,715.283935546875,722.2363170978037,712.2872288217055,717.0220156925686,47401500
2026-06-09,707.052978515625,724.863361278284,685.6165148330579,722.1863106332692,91932200
2026-06-10,692.9285278320312,710.4992458337158,692.1693523412803,700.8897497708573,65334300
2026-06-11,716.332763671875,717.5813914617661,694.2370511794155,698.5223198057862,71798900
2026-06-12,720.5481567382812,723.2152086039907,710.4992028084189,716.8222099862159,51168400
2026-06-15,743.1832885742188,743.9424640540115,736.5705604269921,737.2897407963812,46710200
2026-06-16,729.0587768554688,743.4029984406948,728.8390476265988,741.4351902855873,45348700
2026-06-17,721.7168579101562,734.8723831709506,720.058646070882,734.38293083454,51669300
2026-06-18,739.8070068359375,741.005701773832,731.7059239216511,736.390778085872,50154600
2026-06-22,737.9500122070312,745.4500122070312,734.3900146484375,742.02001953125,43518600
2026-06-23,713.6500244140625,723.6099853515625,712.1099853515625,715.739990234375,53354200
2026-06-24,710.6199951171875,719.9299926757812,704.4500122070312,715.3699951171875,52480400
2026-06-25,714.7100219726562,726.8300170898438,705.2999877929688,725.9099731445312,45001308
